Date,Company SEDOL,return,abs_return,severity,reason,review_status,suggested_action,reviewer,review_notes,approved_action,corrected_return
2024-07-17,R3Q0GG-R,168883.984375,168883.984375,critical,"abs_threshold,positive_threshold",needs_review,verify_vendor_or_corporate_action_before_cleaning,,,,
2025-04-21,P52239-R,59226.7265625,59226.7265625,critical,"abs_threshold,positive_threshold",needs_review,verify_vendor_or_corporate_action_before_cleaning,,,,
2025-07-24,PXN7MH-R,29916.138671875,29916.138671875,critical,"abs_threshold,positive_threshold",needs_review,verify_vendor_or_corporate_action_before_cleaning,,,,
2024-09-09,HWYM1P-R,18880.587890625,18880.587890625,critical,"abs_threshold,positive_threshold",needs_review,verify_vendor_or_corporate_action_before_cleaning,,,,
2025-08-19,XN4WDM-R,14988.71875,14988.71875,critical,"abs_threshold,positive_threshold",needs_review,verify_vendor_or_corporate_action_before_cleaning,,,,
2024-08-21,HWYM1P-R,10085.384765625,10085.384765625,critical,"abs_threshold,positive_threshold",needs_review,verify_vendor_or_corporate_action_before_cleaning,,,,
2024-08-13,T7HRLL-R,9976.6376953125,9976.6376953125,critical,"abs_threshold,positive_threshold",needs_review,verify_vendor_or_corporate_action_before_cleaning,,,,
2025-11-26,XNQCR0-R,9975.2725,9975.2725,critical,"abs_threshold,positive_threshold",needs_review,verify_vendor_or_corporate_action_before_cleaning,,,,
2025-09-22,VW1H7G-R,4993.0537109375,4993.0537109375,critical,"abs_threshold,positive_threshold",needs_review,verify_vendor_or_corporate_action_before_cleaning,,,,
2023-11-15,T7HRLL-R,4986.115234375,4986.115234375,critical,"abs_threshold,positive_threshold",needs_review,verify_vendor_or_corporate_action_before_cleaning,,,,
2025-09-26,VW1H7G-R,4892.50439453125,4892.50439453125,critical,"abs_threshold,positive_threshold",needs_review,verify_vendor_or_corporate_action_before_cleaning,,,,
2025-11-10,T4332F-R,3005.755,3005.755,critical,"abs_threshold,positive_threshold",needs_review,verify_vendor_or_corporate_action_before_cleaning,,,,
2025-11-25,J6L6Y9-R,2990.4378,2990.4378,critical,"abs_threshold,positive_threshold",needs_review,verify_vendor_or_corporate_action_before_cleaning,,,,
2024-04-12,R3Q0GG-R,2617.343505859375,2617.343505859375,critical,"abs_threshold,positive_threshold",needs_review,verify_vendor_or_corporate_action_before_cleaning,,,,
2025-10-10,J6L6Y9-R,1999.2591552734375,1999.2591552734375,critical,"abs_threshold,positive_threshold",needs_review,verify_vendor_or_corporate_action_before_cleaning,,,,
2025-10-20,VW1H7G-R,1801.085205078125,1801.085205078125,critical,"abs_threshold,positive_threshold",needs_review,verify_vendor_or_corporate_action_before_cleaning,,,,
2024-08-23,LG0DHY-R,1490.54638671875,1490.54638671875,critical,"abs_threshold,positive_threshold",needs_review,verify_vendor_or_corporate_action_before_cleaning,,,,
2025-01-28,JXR980-R,1006.1466674804688,1006.1466674804688,critical,"abs_threshold,positive_threshold",needs_review,verify_vendor_or_corporate_action_before_cleaning,,,,
2025-07-10,J6L6Y9-R,1001.9965209960938,1001.9965209960938,critical,"abs_threshold,positive_threshold",needs_review,verify_vendor_or_corporate_action_before_cleaning,,,,
2025-01-23,JXR980-R,1001.1159057617188,1001.1159057617188,critical,"abs_threshold,positive_threshold",needs_review,verify_vendor_or_corporate_action_before_cleaning,,,,
2019-04-10,BBD288-R,1000.9555053710938,1000.9555053710938,critical,"abs_threshold,positive_threshold",needs_review,verify_vendor_or_corporate_action_before_cleaning,,,,
2025-10-31,K80C6V-R,1000.9061279296875,1000.9061279296875,critical,"abs_threshold,positive_threshold",needs_review,verify_vendor_or_corporate_action_before_cleaning,,,,
2024-11-01,T7HRLL-R,999.6912841796875,999.6912841796875,critical,"abs_threshold,positive_threshold",needs_review,verify_vendor_or_corporate_action_before_cleaning,,,,
2017-11-08,QR9H6P-R,998.2230834960938,998.2230834960938,critical,"abs_threshold,positive_threshold",needs_review,verify_vendor_or_corporate_action_before_cleaning,,,,
2025-11-28,PXN7MH-R,998.0523,998.0523,critical,"abs_threshold,positive_threshold",needs_review,verify_vendor_or_corporate_action_before_cleaning,,,,
2024-08-21,R3Q0GG-R,997.6519775390625,997.6519775390625,critical,"abs_threshold,positive_threshold",needs_review,verify_vendor_or_corporate_action_before_cleaning,,,,
2025-08-07,PXN7MH-R,899.309814453125,899.309814453125,critical,"abs_threshold,positive_threshold",needs_review,verify_vendor_or_corporate_action_before_cleaning,,,,
2024-07-31,R3Q0GG-R,846.2454223632812,846.2454223632812,critical,"abs_threshold,positive_threshold",needs_review,verify_vendor_or_corporate_action_before_cleaning,,,,
2015-10-28,WDK2F1-R,822.8444213867188,822.8444213867188,critical,"abs_threshold,positive_threshold",needs_review,verify_vendor_or_corporate_action_before_cleaning,,,,
2025-09-16,XN4WDM-R,693.4481811523438,693.4481811523438,critical,"abs_threshold,positive_threshold",needs_review,verify_vendor_or_corporate_action_before_cleaning,,,,
2021-10-05,GKYKWV-R,651.2394409179688,651.2394409179688,critical,"abs_threshold,positive_threshold",needs_review,verify_vendor_or_corporate_action_before_cleaning,,,,
2025-11-07,XNQCR0-R,557.40313,557.40313,critical,"abs_threshold,positive_threshold",needs_review,verify_vendor_or_corporate_action_before_cleaning,,,,
2015-12-23,WDK2F1-R,503.5024108886719,503.5024108886719,critical,"abs_threshold,positive_threshold",needs_review,verify_vendor_or_corporate_action_before_cleaning,,,,
2015-12-29,WDK2F1-R,502.5059814453125,502.5059814453125,critical,"abs_threshold,positive_threshold",needs_review,verify_vendor_or_corporate_action_before_cleaning,,,,
2025-02-06,H6ZV58-R,501.5073547363281,501.5073547363281,critical,"abs_threshold,positive_threshold",needs_review,verify_vendor_or_corporate_action_before_cleaning,,,,
2025-03-19,X32NYV-R,501.2984313964844,501.2984313964844,critical,"abs_threshold,positive_threshold",needs_review,verify_vendor_or_corporate_action_before_cleaning,,,,
2015-12-10,WDK2F1-R,500.6669006347656,500.6669006347656,critical,"abs_threshold,positive_threshold",needs_review,verify_vendor_or_corporate_action_before_cleaning,,,,
2025-03-10,X32NYV-R,500.49945068359375,500.49945068359375,critical,"abs_threshold,positive_threshold",needs_review,verify_vendor_or_corporate_action_before_cleaning,,,,
2016-01-14,WDK2F1-R,499.4613037109375,499.4613037109375,critical,"abs_threshold,positive_threshold",needs_review,verify_vendor_or_corporate_action_before_cleaning,,,,
2025-03-14,X32NYV-R,498.33319091796875,498.33319091796875,critical,"abs_threshold,positive_threshold",needs_review,verify_vendor_or_corporate_action_before_cleaning,,,,
2025-06-23,X32NYV-R,498.32794189453125,498.32794189453125,critical,"abs_threshold,positive_threshold",needs_review,verify_vendor_or_corporate_action_before_cleaning,,,,
2023-12-12,R3Q0GG-R,496.5367126464844,496.5367126464844,critical,"abs_threshold,positive_threshold",needs_review,verify_vendor_or_corporate_action_before_cleaning,,,,
2023-10-30,R3Q0GG-R,462.2266540527344,462.2266540527344,critical,"abs_threshold,positive_threshold",needs_review,verify_vendor_or_corporate_action_before_cleaning,,,,
2016-02-01,WDK2F1-R,445.98443603515625,445.98443603515625,critical,"abs_threshold,positive_threshold",needs_review,verify_vendor_or_corporate_action_before_cleaning,,,,
2025-06-26,X32NYV-R,445.6561584472656,445.6561584472656,critical,"abs_threshold,positive_threshold",needs_review,verify_vendor_or_corporate_action_before_cleaning,,,,
2025-07-24,X32NYV-R,437.7846984863281,437.7846984863281,critical,"abs_threshold,positive_threshold",needs_review,verify_vendor_or_corporate_action_before_cleaning,,,,
2025-08-15,X32NYV-R,427.1275939941406,427.1275939941406,critical,"abs_threshold,positive_threshold",needs_review,verify_vendor_or_corporate_action_before_cleaning,,,,
2025-08-12,X32NYV-R,426.731689453125,426.731689453125,critical,"abs_threshold,positive_threshold",needs_review,verify_vendor_or_corporate_action_before_cleaning,,,,
2024-12-19,LG0DHY-R,402.5841369628906,402.5841369628906,critical,"abs_threshold,positive_threshold",needs_review,verify_vendor_or_corporate_action_before_cleaning,,,,
2024-10-01,X32NYV-R,402.033447265625,402.033447265625,critical,"abs_threshold,positive_threshold",needs_review,verify_vendor_or_corporate_action_before_cleaning,,,,
2023-08-29,HWYM1P-R,398.1319580078125,398.1319580078125,critical,"abs_threshold,positive_threshold",needs_review,verify_vendor_or_corporate_action_before_cleaning,,,,
2025-08-18,PRCZJK-R,389.08203125,389.08203125,critical,"abs_threshold,positive_threshold",needs_review,verify_vendor_or_corporate_action_before_cleaning,,,,
2025-08-05,X32NYV-R,378.95074462890625,378.95074462890625,critical,"abs_threshold,positive_threshold",needs_review,verify_vendor_or_corporate_action_before_cleaning,,,,
2021-11-08,GGKD94-R,355.0797119140625,355.0797119140625,critical,"abs_threshold,positive_threshold",needs_review,verify_vendor_or_corporate_action_before_cleaning,,,,
2024-01-12,HN45T9-R,347.2327575683594,347.2327575683594,critical,"abs_threshold,positive_threshold",needs_review,verify_vendor_or_corporate_action_before_cleaning,,,,
2023-12-14,R3Q0GG-R,325.2878723144531,325.2878723144531,critical,"abs_threshold,positive_threshold",needs_review,verify_vendor_or_corporate_action_before_cleaning,,,,
2021-10-12,GKYKWV-R,324.91180419921875,324.91180419921875,critical,"abs_threshold,positive_threshold",needs_review,verify_vendor_or_corporate_action_before_cleaning,,,,
2023-12-29,R3Q0GG-R,300.60235595703125,300.60235595703125,critical,"abs_threshold,positive_threshold",needs_review,verify_vendor_or_corporate_action_before_cleaning,,,,
2025-09-24,H6ZV58-R,300.3411865234375,300.3411865234375,critical,"abs_threshold,positive_threshold",needs_review,verify_vendor_or_corporate_action_before_cleaning,,,,
2025-07-03,X32NYV-R,299.38287353515625,299.38287353515625,critical,"abs_threshold,positive_threshold",needs_review,verify_vendor_or_corporate_action_before_cleaning,,,,
2016-01-04,WDK2F1-R,250.85629272460938,250.85629272460938,critical,"abs_threshold,positive_threshold",needs_review,verify_vendor_or_corporate_action_before_cleaning,,,,
2016-01-12,WDK2F1-R,250.1479034423828,250.1479034423828,critical,"abs_threshold,positive_threshold",needs_review,verify_vendor_or_corporate_action_before_cleaning,,,,
2025-03-26,X32NYV-R,249.428955078125,249.428955078125,critical,"abs_threshold,positive_threshold",needs_review,verify_vendor_or_corporate_action_before_cleaning,,,,
2015-12-18,WDK2F1-R,249.25746154785156,249.25746154785156,critical,"abs_threshold,positive_threshold",needs_review,verify_vendor_or_corporate_action_before_cleaning,,,,
2025-04-03,X32NYV-R,243.1089324951172,243.1089324951172,critical,"abs_threshold,positive_threshold",needs_review,verify_vendor_or_corporate_action_before_cleaning,,,,
2025-09-02,PRCZJK-R,233.30364990234375,233.30364990234375,critical,"abs_threshold,positive_threshold",needs_review,verify_vendor_or_corporate_action_before_cleaning,,,,
2024-02-05,R3Q0GG-R,224.47181701660156,224.47181701660156,critical,"abs_threshold,positive_threshold",needs_review,verify_vendor_or_corporate_action_before_cleaning,,,,
2025-09-25,K80C6V-R,200.14759826660156,200.14759826660156,critical,"abs_threshold,positive_threshold",needs_review,verify_vendor_or_corporate_action_before_cleaning,,,,
2025-11-20,P52239-R,199.3644,199.3644,critical,"abs_threshold,positive_threshold",needs_review,verify_vendor_or_corporate_action_before_cleaning,,,,
2024-10-28,LG0DHY-R,199.24032592773438,199.24032592773438,critical,"abs_threshold,positive_threshold",needs_review,verify_vendor_or_corporate_action_before_cleaning,,,,
2024-09-26,VW1H7G-R,199.09852600097656,199.09852600097656,critical,"abs_threshold,positive_threshold",needs_review,verify_vendor_or_corporate_action_before_cleaning,,,,
2025-10-01,P52239-R,199.08514404296875,199.08514404296875,critical,"abs_threshold,positive_threshold",needs_review,verify_vendor_or_corporate_action_before_cleaning,,,,
2024-07-05,R3Q0GG-R,198.70436096191406,198.70436096191406,critical,"abs_threshold,positive_threshold",needs_review,verify_vendor_or_corporate_action_before_cleaning,,,,
2023-11-15,R3Q0GG-R,198.48460388183594,198.48460388183594,critical,"abs_threshold,positive_threshold",needs_review,verify_vendor_or_corporate_action_before_cleaning,,,,
2025-02-25,H6ZV58-R,198.44749450683594,198.44749450683594,critical,"abs_threshold,positive_threshold",needs_review,verify_vendor_or_corporate_action_before_cleaning,,,,
2021-06-08,T7HRLL-R,179.00738525390625,179.00738525390625,critical,"abs_threshold,positive_threshold",needs_review,verify_vendor_or_corporate_action_before_cleaning,,,,
2025-11-21,X32NYV-R,149.31951999999998,149.31951999999998,critical,"abs_threshold,positive_threshold",needs_review,verify_vendor_or_corporate_action_before_cleaning,,,,
2025-11-05,X32NYV-R,149.1698760986328,149.1698760986328,critical,"abs_threshold,positive_threshold",needs_review,verify_vendor_or_corporate_action_before_cleaning,,,,
2019-03-01,BBD288-R,148.993408203125,148.993408203125,critical,"abs_threshold,positive_threshold",needs_review,verify_vendor_or_corporate_action_before_cleaning,,,,
2025-10-23,X32NYV-R,148.96771240234375,148.96771240234375,critical,"abs_threshold,positive_threshold",needs_review,verify_vendor_or_corporate_action_before_cleaning,,,,
2025-02-14,MBLWWK-R,147.929443359375,147.929443359375,critical,"abs_threshold,positive_threshold",needs_review,verify_vendor_or_corporate_action_before_cleaning,,,,
2018-07-03,BBD288-R,138.48326110839844,138.48326110839844,critical,"abs_threshold,positive_threshold",needs_review,verify_vendor_or_corporate_action_before_cleaning,,,,
2016-01-19,WDK2F1-R,124.73409271240234,124.73409271240234,critical,"abs_threshold,positive_threshold",needs_review,verify_vendor_or_corporate_action_before_cleaning,,,,
2024-07-15,T7HRLL-R,118.91757202148438,118.91757202148438,critical,"abs_threshold,positive_threshold",needs_review,verify_vendor_or_corporate_action_before_cleaning,,,,
2025-06-03,VDT2VP-R,111.92462921142578,111.92462921142578,critical,"abs_threshold,positive_threshold",needs_review,verify_vendor_or_corporate_action_before_cleaning,,,,
2014-04-04,VMM07R-R,103.2941665649414,103.2941665649414,critical,"abs_threshold,positive_threshold",needs_review,verify_vendor_or_corporate_action_before_cleaning,,,,
2025-10-30,P52239-R,99.86476135253906,99.86476135253906,critical,"abs_threshold,positive_threshold",needs_review,verify_vendor_or_corporate_action_before_cleaning,,,,
2025-09-18,P52239-R,99.62840270996094,99.62840270996094,critical,"abs_threshold,positive_threshold",needs_review,verify_vendor_or_corporate_action_before_cleaning,,,,
2024-11-20,VW1H7G-R,99.6273422241211,99.6273422241211,critical,"abs_threshold,positive_threshold",needs_review,verify_vendor_or_corporate_action_before_cleaning,,,,
2025-06-06,X32NYV-R,99.60145568847656,99.60145568847656,critical,"abs_threshold,positive_threshold",needs_review,verify_vendor_or_corporate_action_before_cleaning,,,,
2025-03-13,T7HRLL-R,99.58940887451172,99.58940887451172,critical,"abs_threshold,positive_threshold",needs_review,verify_vendor_or_corporate_action_before_cleaning,,,,
2025-03-13,H6ZV58-R,99.58940887451172,99.58940887451172,critical,"abs_threshold,positive_threshold",needs_review,verify_vendor_or_corporate_action_before_cleaning,,,,
2025-03-13,W0KPN1-R,99.58940887451172,99.58940887451172,critical,"abs_threshold,positive_threshold",needs_review,verify_vendor_or_corporate_action_before_cleaning,,,,
2025-09-25,X32NYV-R,99.57379913330078,99.57379913330078,critical,"abs_threshold,positive_threshold",needs_review,verify_vendor_or_corporate_action_before_cleaning,,,,
2024-08-29,XG29QM-R,99.53746795654297,99.53746795654297,critical,"abs_threshold,positive_threshold",needs_review,verify_vendor_or_corporate_action_before_cleaning,,,,
2025-08-14,XNQCR0-R,99.50167846679688,99.50167846679688,critical,"abs_threshold,positive_threshold",needs_review,verify_vendor_or_corporate_action_before_cleaning,,,,
2025-01-10,X32NYV-R,99.48783111572266,99.48783111572266,critical,"abs_threshold,positive_threshold",needs_review,verify_vendor_or_corporate_action_before_cleaning,,,,
2025-10-07,LG0DHY-R,99.45011138916016,99.45011138916016,critical,"abs_threshold,positive_threshold",needs_review,verify_vendor_or_corporate_action_before_cleaning,,,,
2025-10-07,PXN7MH-R,99.45011138916016,99.45011138916016,critical,"abs_threshold,positive_threshold",needs_review,verify_vendor_or_corporate_action_before_cleaning,,,,
2025-10-21,T4332F-R,99.42655181884766,99.42655181884766,critical,"abs_threshold,positive_threshold",needs_review,verify_vendor_or_corporate_action_before_cleaning,,,,
2025-02-19,W0KPN1-R,99.41251373291016,99.41251373291016,critical,"abs_threshold,positive_threshold",needs_review,verify_vendor_or_corporate_action_before_cleaning,,,,
2025-07-08,P52239-R,99.38912200927734,99.38912200927734,critical,"abs_threshold,positive_threshold",needs_review,verify_vendor_or_corporate_action_before_cleaning,,,,
2025-05-27,K80C6V-R,99.3791275024414,99.3791275024414,critical,"abs_threshold,positive_threshold",needs_review,verify_vendor_or_corporate_action_before_cleaning,,,,
2025-06-03,H6ZV58-R,99.37744140625,99.37744140625,critical,"abs_threshold,positive_threshold",needs_review,verify_vendor_or_corporate_action_before_cleaning,,,,
2017-09-14,QR9H6P-R,99.37059783935547,99.37059783935547,critical,"abs_threshold,positive_threshold",needs_review,verify_vendor_or_corporate_action_before_cleaning,,,,
2025-10-08,X32NYV-R,99.37001037597656,99.37001037597656,critical,"abs_threshold,positive_threshold",needs_review,verify_vendor_or_corporate_action_before_cleaning,,,,
2025-04-15,H6ZV58-R,99.34867858886719,99.34867858886719,critical,"abs_threshold,positive_threshold",needs_review,verify_vendor_or_corporate_action_before_cleaning,,,,
2025-07-07,K80C6V-R,99.34075927734375,99.34075927734375,critical,"abs_threshold,positive_threshold",needs_review,verify_vendor_or_corporate_action_before_cleaning,,,,
2025-07-25,P52239-R,99.30689239501953,99.30689239501953,critical,"abs_threshold,positive_threshold",needs_review,verify_vendor_or_corporate_action_before_cleaning,,,,
2025-11-04,K80C6V-R,99.28279876708984,99.28279876708984,critical,"abs_threshold,positive_threshold",needs_review,verify_vendor_or_corporate_action_before_cleaning,,,,
2025-05-05,T4332F-R,99.26014709472656,99.26014709472656,critical,"abs_threshold,positive_threshold",needs_review,verify_vendor_or_corporate_action_before_cleaning,,,,
2025-09-04,K80C6V-R,99.24494934082031,99.24494934082031,critical,"abs_threshold,positive_threshold",needs_review,verify_vendor_or_corporate_action_before_cleaning,,,,
2025-08-25,J6L6Y9-R,99.23951721191406,99.23951721191406,critical,"abs_threshold,positive_threshold",needs_review,verify_vendor_or_corporate_action_before_cleaning,,,,
2025-11-10,P52239-R,99.22518,99.22518,critical,"abs_threshold,positive_threshold",needs_review,verify_vendor_or_corporate_action_before_cleaning,,,,
2024-10-21,VW1H7G-R,99.20767211914062,99.20767211914062,critical,"abs_threshold,positive_threshold",needs_review,verify_vendor_or_corporate_action_before_cleaning,,,,
2025-03-31,W0KPN1-R,99.19439697265625,99.19439697265625,critical,"abs_threshold,positive_threshold",needs_review,verify_vendor_or_corporate_action_before_cleaning,,,,
2025-10-31,PXN7MH-R,99.19061279296875,99.19061279296875,critical,"abs_threshold,positive_threshold",needs_review,verify_vendor_or_corporate_action_before_cleaning,,,,
2024-11-13,K4MV84-R,99.18887329101562,99.18887329101562,critical,"abs_threshold,positive_threshold",needs_review,verify_vendor_or_corporate_action_before_cleaning,,,,
2025-11-20,H6ZV58-R,99.1822,99.1822,critical,"abs_threshold,positive_threshold",needs_review,verify_vendor_or_corporate_action_before_cleaning,,,,
2025-10-13,X32NYV-R,99.16435241699219,99.16435241699219,critical,"abs_threshold,positive_threshold",needs_review,verify_vendor_or_corporate_action_before_cleaning,,,,
2025-06-18,X32NYV-R,99.1607437133789,99.1607437133789,critical,"abs_threshold,positive_threshold",needs_review,verify_vendor_or_corporate_action_before_cleaning,,,,
2025-06-18,H6ZV58-R,99.1607437133789,99.1607437133789,critical,"abs_threshold,positive_threshold",needs_review,verify_vendor_or_corporate_action_before_cleaning,,,,
2025-09-19,H6ZV58-R,99.1530990600586,99.1530990600586,critical,"abs_threshold,positive_threshold",needs_review,verify_vendor_or_corporate_action_before_cleaning,,,,
2025-11-03,XNQCR0-R,99.15184783935547,99.15184783935547,critical,"abs_threshold,positive_threshold",needs_review,verify_vendor_or_corporate_action_before_cleaning,,,,
2025-11-03,P52239-R,99.15184783935547,99.15184783935547,critical,"abs_threshold,positive_threshold",needs_review,verify_vendor_or_corporate_action_before_cleaning,,,,
2025-11-17,H6ZV58-R,99.12934,99.12934,critical,"abs_threshold,positive_threshold",needs_review,verify_vendor_or_corporate_action_before_cleaning,,,,
2025-11-05,PXN7MH-R,99.11325073242188,99.11325073242188,critical,"abs_threshold,positive_threshold",needs_review,verify_vendor_or_corporate_action_before_cleaning,,,,
2024-05-20,T7HRLL-R,99.10124206542969,99.10124206542969,critical,"abs_threshold,positive_threshold",needs_review,verify_vendor_or_corporate_action_before_cleaning,,,,
2024-12-06,X32NYV-R,99.09467315673828,99.09467315673828,critical,"abs_threshold,positive_threshold",needs_review,verify_vendor_or_corporate_action_before_cleaning,,,,
2025-08-20,X32NYV-R,99.08145141601562,99.08145141601562,critical,"abs_threshold,positive_threshold",needs_review,verify_vendor_or_corporate_action_before_cleaning,,,,
2025-05-09,H6ZV58-R,99.07984924316406,99.07984924316406,critical,"abs_threshold,positive_threshold",needs_review,verify_vendor_or_corporate_action_before_cleaning,,,,
2025-07-17,J6L6Y9-R,99.07766723632812,99.07766723632812,critical,"abs_threshold,positive_threshold",needs_review,verify_vendor_or_corporate_action_before_cleaning,,,,
2025-07-17,H6ZV58-R,99.07766723632812,99.07766723632812,critical,"abs_threshold,positive_threshold",needs_review,verify_vendor_or_corporate_action_before_cleaning,,,,
2024-11-01,VW1H7G-R,99.06912994384766,99.06912994384766,critical,"abs_threshold,positive_threshold",needs_review,verify_vendor_or_corporate_action_before_cleaning,,,,
2024-11-26,T7HRLL-R,99.06201171875,99.06201171875,critical,"abs_threshold,positive_threshold",needs_review,verify_vendor_or_corporate_action_before_cleaning,,,,
2024-11-26,XLCZT6-R,99.06201171875,99.06201171875,critical,"abs_threshold,positive_threshold",needs_review,verify_vendor_or_corporate_action_before_cleaning,,,,
2023-11-29,T7HRLL-R,99.05467224121094,99.05467224121094,critical,"abs_threshold,positive_threshold",needs_review,verify_vendor_or_corporate_action_before_cleaning,,,,
2025-08-07,X32NYV-R,99.03440856933594,99.03440856933594,critical,"abs_threshold,positive_threshold",needs_review,verify_vendor_or_corporate_action_before_cleaning,,,,
2025-10-10,K80C6V-R,99.0129623413086,99.0129623413086,critical,"abs_threshold,positive_threshold",needs_review,verify_vendor_or_corporate_action_before_cleaning,,,,
2025-09-12,T4332F-R,99.00852966308594,99.00852966308594,critical,"abs_threshold,positive_threshold",needs_review,verify_vendor_or_corporate_action_before_cleaning,,,,
2025-08-05,VW1H7G-R,98.9870376586914,98.9870376586914,critical,"abs_threshold,positive_threshold",needs_review,verify_vendor_or_corporate_action_before_cleaning,,,,
2025-05-30,X32NYV-R,98.98238372802734,98.98238372802734,critical,"abs_threshold,positive_threshold",needs_review,verify_vendor_or_corporate_action_before_cleaning,,,,
2025-08-19,K80C6V-R,98.93145751953125,98.93145751953125,critical,"abs_threshold,positive_threshold",needs_review,verify_vendor_or_corporate_action_before_cleaning,,,,
2024-11-29,XG29QM-R,98.91951751708984,98.91951751708984,critical,"abs_threshold,positive_threshold",needs_review,verify_vendor_or_corporate_action_before_cleaning,,,,
2025-02-26,W0KPN1-R,98.91909790039062,98.91909790039062,critical,"abs_threshold,positive_threshold",needs_review,verify_vendor_or_corporate_action_before_cleaning,,,,
2025-08-04,T4332F-R,98.91352844238281,98.91352844238281,critical,"abs_threshold,positive_threshold",needs_review,verify_vendor_or_corporate_action_before_cleaning,,,,
2025-11-28,P52239-R,98.90522000000001,98.90522000000001,critical,"abs_threshold,positive_threshold",needs_review,verify_vendor_or_corporate_action_before_cleaning,,,,
2022-05-04,T7HRLL-R,98.90519714355469,98.90519714355469,critical,"abs_threshold,positive_threshold",needs_review,verify_vendor_or_corporate_action_before_cleaning,,,,
2025-01-15,X32NYV-R,98.89325714111328,98.89325714111328,critical,"abs_threshold,positive_threshold",needs_review,verify_vendor_or_corporate_action_before_cleaning,,,,
2025-06-10,X32NYV-R,98.84684753417969,98.84684753417969,critical,"abs_threshold,positive_threshold",needs_review,verify_vendor_or_corporate_action_before_cleaning,,,,
2025-06-10,K80C6V-R,98.84684753417969,98.84684753417969,critical,"abs_threshold,positive_threshold",needs_review,verify_vendor_or_corporate_action_before_cleaning,,,,
2025-06-30,H6ZV58-R,98.82534790039062,98.82534790039062,critical,"abs_threshold,positive_threshold",needs_review,verify_vendor_or_corporate_action_before_cleaning,,,,
2025-01-22,X32NYV-R,98.8176498413086,98.8176498413086,critical,"abs_threshold,positive_threshold",needs_review,verify_vendor_or_corporate_action_before_cleaning,,,,
2025-07-09,H6ZV58-R,98.80795288085938,98.80795288085938,critical,"abs_threshold,positive_threshold",needs_review,verify_vendor_or_corporate_action_before_cleaning,,,,
2025-10-28,J6L6Y9-R,98.8027114868164,98.8027114868164,critical,"abs_threshold,positive_threshold",needs_review,verify_vendor_or_corporate_action_before_cleaning,,,,
2025-10-28,X32NYV-R,98.8027114868164,98.8027114868164,critical,"abs_threshold,positive_threshold",needs_review,verify_vendor_or_corporate_action_before_cleaning,,,,
2025-09-23,K80C6V-R,98.79653930664062,98.79653930664062,critical,"abs_threshold,positive_threshold",needs_review,verify_vendor_or_corporate_action_before_cleaning,,,,
2024-10-24,VW1H7G-R,98.79161834716797,98.79161834716797,critical,"abs_threshold,positive_threshold",needs_review,verify_vendor_or_corporate_action_before_cleaning,,,,
2024-08-13,XG29QM-R,98.7763900756836,98.7763900756836,critical,"abs_threshold,positive_threshold",needs_review,verify_vendor_or_corporate_action_before_cleaning,,,,
2025-10-03,X32NYV-R,98.77002716064453,98.77002716064453,critical,"abs_threshold,positive_threshold",needs_review,verify_vendor_or_corporate_action_before_cleaning,,,,
2025-11-26,H6ZV58-R,98.76271000000001,98.76271000000001,critical,"abs_threshold,positive_threshold",needs_review,verify_vendor_or_corporate_action_before_cleaning,,,,
2025-11-24,PXN7MH-R,98.75715,98.75715,critical,"abs_threshold,positive_threshold",needs_review,verify_vendor_or_corporate_action_before_cleaning,,,,
2025-09-15,J6L6Y9-R,98.7363510131836,98.7363510131836,critical,"abs_threshold,positive_threshold",needs_review,verify_vendor_or_corporate_action_before_cleaning,,,,
2024-09-16,VW1H7G-R,98.68536376953125,98.68536376953125,critical,"abs_threshold,positive_threshold",needs_review,verify_vendor_or_corporate_action_before_cleaning,,,,
2025-11-13,P52239-R,98.61769,98.61769,critical,"abs_threshold,positive_threshold",needs_review,verify_vendor_or_corporate_action_before_cleaning,,,,
2024-12-05,JBLXCY-R,98.58386993408203,98.58386993408203,critical,"abs_threshold,positive_threshold",needs_review,verify_vendor_or_corporate_action_before_cleaning,,,,
2025-06-16,X32NYV-R,98.58161163330078,98.58161163330078,critical,"abs_threshold,positive_threshold",needs_review,verify_vendor_or_corporate_action_before_cleaning,,,,
2025-05-29,K80C6V-R,98.57270812988281,98.57270812988281,critical,"abs_threshold,positive_threshold",needs_review,verify_vendor_or_corporate_action_before_cleaning,,,,
2024-09-13,XG29QM-R,98.55812072753906,98.55812072753906,critical,"abs_threshold,positive_threshold",needs_review,verify_vendor_or_corporate_action_before_cleaning,,,,
2025-03-17,H6ZV58-R,98.55136108398438,98.55136108398438,critical,"abs_threshold,positive_threshold",needs_review,verify_vendor_or_corporate_action_before_cleaning,,,,
2025-05-13,LG0DHY-R,98.54759216308594,98.54759216308594,critical,"abs_threshold,positive_threshold",needs_review,verify_vendor_or_corporate_action_before_cleaning,,,,
2025-02-20,H6ZV58-R,98.51786804199219,98.51786804199219,critical,"abs_threshold,positive_threshold",needs_review,verify_vendor_or_corporate_action_before_cleaning,,,,
2025-06-11,H6ZV58-R,98.50794219970703,98.50794219970703,critical,"abs_threshold,positive_threshold",needs_review,verify_vendor_or_corporate_action_before_cleaning,,,,
2025-05-23,X32NYV-R,98.41822052001953,98.41822052001953,critical,"abs_threshold,positive_threshold",needs_review,verify_vendor_or_corporate_action_before_cleaning,,,,
2025-05-23,VW1H7G-R,98.41822052001953,98.41822052001953,critical,"abs_threshold,positive_threshold",needs_review,verify_vendor_or_corporate_action_before_cleaning,,,,
2017-10-10,QR9H6P-R,98.3314437866211,98.3314437866211,critical,"abs_threshold,positive_threshold",needs_review,verify_vendor_or_corporate_action_before_cleaning,,,,
2025-06-02,T4332F-R,98.2741928100586,98.2741928100586,critical,"abs_threshold,positive_threshold",needs_review,verify_vendor_or_corporate_action_before_cleaning,,,,
2025-06-26,VW1H7G-R,98.25691986083984,98.25691986083984,critical,"abs_threshold,positive_threshold",needs_review,verify_vendor_or_corporate_action_before_cleaning,,,,
2025-06-26,J6L6Y9-R,98.25691986083984,98.25691986083984,critical,"abs_threshold,positive_threshold",needs_review,verify_vendor_or_corporate_action_before_cleaning,,,,
2024-11-27,FXNJ4H-R,98.15338897705078,98.15338897705078,critical,"abs_threshold,positive_threshold",needs_review,verify_vendor_or_corporate_action_before_cleaning,,,,
2025-09-05,VW1H7G-R,98.13517761230469,98.13517761230469,critical,"abs_threshold,positive_threshold",needs_review,verify_vendor_or_corporate_action_before_cleaning,,,,
2025-08-22,T4332F-R,98.1338119506836,98.1338119506836,critical,"abs_threshold,positive_threshold",needs_review,verify_vendor_or_corporate_action_before_cleaning,,,,
2025-08-01,K80C6V-R,98.05664825439453,98.05664825439453,critical,"abs_threshold,positive_threshold",needs_review,verify_vendor_or_corporate_action_before_cleaning,,,,
2021-11-10,GGKD94-R,89.51569366455078,89.51569366455078,critical,"abs_threshold,positive_threshold",needs_review,verify_vendor_or_corporate_action_before_cleaning,,,,
2019-05-17,GKYKWV-R,89.15727233886719,89.15727233886719,critical,"abs_threshold,positive_threshold",needs_review,verify_vendor_or_corporate_action_before_cleaning,,,,
2024-12-27,NXZ3LW-R,87.9122085571289,87.9122085571289,critical,"abs_threshold,positive_threshold",needs_review,verify_vendor_or_corporate_action_before_cleaning,,,,
2017-07-24,V07BHX-R,87.0,87.0,critical,"abs_threshold,positive_threshold",needs_review,verify_vendor_or_corporate_action_before_cleaning,,,,
2024-11-12,C1ZH3L-R,85.27879333496094,85.27879333496094,critical,"abs_threshold,positive_threshold",needs_review,verify_vendor_or_corporate_action_before_cleaning,,,,
2024-03-12,K8YRNT-R,83.68901062011719,83.68901062011719,critical,"abs_threshold,positive_threshold",needs_review,verify_vendor_or_corporate_action_before_cleaning,,,,
2025-04-01,X32NYV-R,82.2677993774414,82.2677993774414,critical,"abs_threshold,positive_threshold",needs_review,verify_vendor_or_corporate_action_before_cleaning,,,,
2016-03-14,V07BHX-R,82.0,82.0,critical,"abs_threshold,positive_threshold",needs_review,verify_vendor_or_corporate_action_before_cleaning,,,,
2023-01-23,KM6JR1-R,78.5294189453125,78.5294189453125,critical,"abs_threshold,positive_threshold",needs_review,verify_vendor_or_corporate_action_before_cleaning,,,,
2025-04-25,X32NYV-R,77.37400817871094,77.37400817871094,critical,"abs_threshold,positive_threshold",needs_review,verify_vendor_or_corporate_action_before_cleaning,,,,
2025-07-28,T7HRLL-R,74.59935760498047,74.59935760498047,critical,"abs_threshold,positive_threshold",needs_review,verify_vendor_or_corporate_action_before_cleaning,,,,
2025-04-28,X32NYV-R,73.93079376220703,73.93079376220703,critical,"abs_threshold,positive_threshold",needs_review,verify_vendor_or_corporate_action_before_cleaning,,,,
2023-01-05,KM6JR1-R,73.38452911376953,73.38452911376953,critical,"abs_threshold,positive_threshold",needs_review,verify_vendor_or_corporate_action_before_cleaning,,,,
2024-05-24,T7HRLL-R,65.54680633544922,65.54680633544922,critical,"abs_threshold,positive_threshold",needs_review,verify_vendor_or_corporate_action_before_cleaning,,,,
2024-03-06,K8YRNT-R,52.668434143066406,52.668434143066406,critical,"abs_threshold,positive_threshold",needs_review,verify_vendor_or_corporate_action_before_cleaning,,,,
2017-03-07,WDK2F1-R,49.583526611328125,49.583526611328125,critical,"abs_threshold,positive_threshold",needs_review,verify_vendor_or_corporate_action_before_cleaning,,,,
2024-11-11,X32NYV-R,49.47426986694336,49.47426986694336,critical,"abs_threshold,positive_threshold",needs_review,verify_vendor_or_corporate_action_before_cleaning,,,,
2025-06-18,VDT2VP-R,49.08036422729492,49.08036422729492,critical,"abs_threshold,positive_threshold",needs_review,verify_vendor_or_corporate_action_before_cleaning,,,,
2018-10-04,BBD288-R,49.07377243041992,49.07377243041992,critical,"abs_threshold,positive_threshold",needs_review,verify_vendor_or_corporate_action_before_cleaning,,,,
2024-11-14,X32NYV-R,49.06382369995117,49.06382369995117,critical,"abs_threshold,positive_threshold",needs_review,verify_vendor_or_corporate_action_before_cleaning,,,,
2025-10-20,CB1HZ7-R,49.057918548583984,49.057918548583984,critical,"abs_threshold,positive_threshold",needs_review,verify_vendor_or_corporate_action_before_cleaning,,,,
2018-09-14,BBD288-R,49.03428649902344,49.03428649902344,critical,"abs_threshold,positive_threshold",needs_review,verify_vendor_or_corporate_action_before_cleaning,,,,
2025-08-08,L5W163-R,48.856300354003906,48.856300354003906,critical,"abs_threshold,positive_threshold",needs_review,verify_vendor_or_corporate_action_before_cleaning,,,,
2022-07-29,HN45T9-R,48.7989501953125,48.7989501953125,critical,"abs_threshold,positive_threshold",needs_review,verify_vendor_or_corporate_action_before_cleaning,,,,
2025-05-14,X32NYV-R,48.7725944519043,48.7725944519043,critical,"abs_threshold,positive_threshold",needs_review,verify_vendor_or_corporate_action_before_cleaning,,,,
2025-04-16,X32NYV-R,48.76060104370117,48.76060104370117,critical,"abs_threshold,positive_threshold",needs_review,verify_vendor_or_corporate_action_before_cleaning,,,,
2025-08-01,VDT2VP-R,48.5283203125,48.5283203125,critical,"abs_threshold,positive_threshold",needs_review,verify_vendor_or_corporate_action_before_cleaning,,,,
2025-01-24,J6L6Y9-R,48.42717361450195,48.42717361450195,critical,"abs_threshold,positive_threshold",needs_review,verify_vendor_or_corporate_action_before_cleaning,,,,
2016-11-16,WDK2F1-R,47.242820739746094,47.242820739746094,critical,"abs_threshold,positive_threshold",needs_review,verify_vendor_or_corporate_action_before_cleaning,,,,
2016-11-03,WDK2F1-R,47.1016731262207,47.1016731262207,critical,"abs_threshold,positive_threshold",needs_review,verify_vendor_or_corporate_action_before_cleaning,,,,
2016-10-31,WDK2F1-R,46.85550308227539,46.85550308227539,critical,"abs_threshold,positive_threshold",needs_review,verify_vendor_or_corporate_action_before_cleaning,,,,
2016-11-25,WDK2F1-R,46.814422607421875,46.814422607421875,critical,"abs_threshold,positive_threshold",needs_review,verify_vendor_or_corporate_action_before_cleaning,,,,
2021-11-22,GGKD94-R,46.02397537231445,46.02397537231445,critical,"abs_threshold,positive_threshold",needs_review,verify_vendor_or_corporate_action_before_cleaning,,,,
2025-09-02,J5RFMZ-R,44.64356994628906,44.64356994628906,critical,"abs_threshold,positive_threshold",needs_review,verify_vendor_or_corporate_action_before_cleaning,,,,
2022-05-12,T7HRLL-R,43.56623840332031,43.56623840332031,critical,"abs_threshold,positive_threshold",needs_review,verify_vendor_or_corporate_action_before_cleaning,,,,
2016-08-17,WDK2F1-R,39.94363784790039,39.94363784790039,critical,"abs_threshold,positive_threshold",needs_review,verify_vendor_or_corporate_action_before_cleaning,,,,
2024-08-21,VW1H7G-R,38.94607925415039,38.94607925415039,critical,"abs_threshold,positive_threshold",needs_review,verify_vendor_or_corporate_action_before_cleaning,,,,
2025-03-06,JXR980-R,38.80033493041992,38.80033493041992,critical,"abs_threshold,positive_threshold",needs_review,verify_vendor_or_corporate_action_before_cleaning,,,,
2025-08-06,VDT2VP-R,38.79185485839844,38.79185485839844,critical,"abs_threshold,positive_threshold",needs_review,verify_vendor_or_corporate_action_before_cleaning,,,,
2016-05-02,WDK2F1-R,38.62574768066406,38.62574768066406,critical,"abs_threshold,positive_threshold",needs_review,verify_vendor_or_corporate_action_before_cleaning,,,,
2024-07-18,XG29QM-R,38.058956146240234,38.058956146240234,critical,"abs_threshold,positive_threshold",needs_review,verify_vendor_or_corporate_action_before_cleaning,,,,
2025-09-30,VW1H7G-R,37.933616638183594,37.933616638183594,critical,"abs_threshold,positive_threshold",needs_review,verify_vendor_or_corporate_action_before_cleaning,,,,
2020-10-07,GM3PSR-R,34.3841438293457,34.3841438293457,critical,"abs_threshold,positive_threshold",needs_review,verify_vendor_or_corporate_action_before_cleaning,,,,
2023-07-12,FXNJ4H-R,33.58929443359375,33.58929443359375,critical,"abs_threshold,positive_threshold",needs_review,verify_vendor_or_corporate_action_before_cleaning,,,,
2016-03-18,WDK2F1-R,32.908241271972656,32.908241271972656,critical,"abs_threshold,positive_threshold",needs_review,verify_vendor_or_corporate_action_before_cleaning,,,,
2025-07-29,QBCTL6-R,32.666015625,32.666015625,critical,"abs_threshold,positive_threshold",needs_review,verify_vendor_or_corporate_action_before_cleaning,,,,
2025-10-03,PRCZJK-R,32.256675720214844,32.256675720214844,critical,"abs_threshold,positive_threshold",needs_review,verify_vendor_or_corporate_action_before_cleaning,,,,
2023-12-27,R3Q0GG-R,32.05568313598633,32.05568313598633,critical,"abs_threshold,positive_threshold",needs_review,verify_vendor_or_corporate_action_before_cleaning,,,,
2023-01-19,R3Q0GG-R,31.06707000732422,31.06707000732422,critical,"abs_threshold,positive_threshold",needs_review,verify_vendor_or_corporate_action_before_cleaning,,,,
2024-04-12,L93LBV-R,30.890077590942383,30.890077590942383,critical,"abs_threshold,positive_threshold",needs_review,verify_vendor_or_corporate_action_before_cleaning,,,,
2024-12-09,HWYM1P-R,29.996292114257812,29.996292114257812,critical,"abs_threshold,positive_threshold",needs_review,verify_vendor_or_corporate_action_before_cleaning,,,,
2018-11-23,BBD288-R,29.166610717773438,29.166610717773438,critical,"abs_threshold,positive_threshold",needs_review,verify_vendor_or_corporate_action_before_cleaning,,,,
2016-04-04,WDK2F1-R,29.069923400878906,29.069923400878906,critical,"abs_threshold,positive_threshold",needs_review,verify_vendor_or_corporate_action_before_cleaning,,,,
2024-10-22,X32NYV-R,29.069377899169922,29.069377899169922,critical,"abs_threshold,positive_threshold",needs_review,verify_vendor_or_corporate_action_before_cleaning,,,,
2024-09-06,X32NYV-R,28.888042449951172,28.888042449951172,critical,"abs_threshold,positive_threshold",needs_review,verify_vendor_or_corporate_action_before_cleaning,,,,
2016-03-24,WDK2F1-R,27.8630313873291,27.8630313873291,critical,"abs_threshold,positive_threshold",needs_review,verify_vendor_or_corporate_action_before_cleaning,,,,
2025-05-09,T7HRLL-R,27.772960662841797,27.772960662841797,critical,"abs_threshold,positive_threshold",needs_review,verify_vendor_or_corporate_action_before_cleaning,,,,
2009-10-19,WDFQ40-R,26.99924087524414,26.99924087524414,critical,"abs_threshold,positive_threshold",needs_review,verify_vendor_or_corporate_action_before_cleaning,,,,
2025-11-06,QBCTL6-R,26.853198000000003,26.853198000000003,critical,"abs_threshold,positive_threshold",needs_review,verify_vendor_or_corporate_action_before_cleaning,,,,
2024-04-11,J5RFMZ-R,26.39500617980957,26.39500617980957,critical,"abs_threshold,positive_threshold",needs_review,verify_vendor_or_corporate_action_before_cleaning,,,,
2016-02-22,WDK2F1-R,24.682680130004883,24.682680130004883,critical,"abs_threshold,positive_threshold",needs_review,verify_vendor_or_corporate_action_before_cleaning,,,,
2019-08-19,T7HRLL-R,24.52068519592285,24.52068519592285,critical,"abs_threshold,positive_threshold",needs_review,verify_vendor_or_corporate_action_before_cleaning,,,,
2016-02-16,WDK2F1-R,24.499998092651367,24.499998092651367,critical,"abs_threshold,positive_threshold",needs_review,verify_vendor_or_corporate_action_before_cleaning,,,,
2024-11-11,MBLWWK-R,24.23713493347168,24.23713493347168,critical,"abs_threshold,positive_threshold",needs_review,verify_vendor_or_corporate_action_before_cleaning,,,,
2025-07-07,VDT2VP-R,24.085189819335938,24.085189819335938,critical,"abs_threshold,positive_threshold",needs_review,verify_vendor_or_corporate_action_before_cleaning,,,,
2025-02-07,X32NYV-R,24.0604190826416,24.0604190826416,critical,"abs_threshold,positive_threshold",needs_review,verify_vendor_or_corporate_action_before_cleaning,,,,
2016-12-15,WDK2F1-R,24.059865951538086,24.059865951538086,critical,"abs_threshold,positive_threshold",needs_review,verify_vendor_or_corporate_action_before_cleaning,,,,
2025-02-21,X32NYV-R,24.046628952026367,24.046628952026367,critical,"abs_threshold,positive_threshold",needs_review,verify_vendor_or_corporate_action_before_cleaning,,,,
2025-01-30,X32NYV-R,23.972440719604492,23.972440719604492,critical,"abs_threshold,positive_threshold",needs_review,verify_vendor_or_corporate_action_before_cleaning,,,,
2023-08-10,HWYM1P-R,23.92058753967285,23.92058753967285,critical,"abs_threshold,positive_threshold",needs_review,verify_vendor_or_corporate_action_before_cleaning,,,,
2016-12-08,WDK2F1-R,23.85555648803711,23.85555648803711,critical,"abs_threshold,positive_threshold",needs_review,verify_vendor_or_corporate_action_before_cleaning,,,,
2017-01-19,WDK2F1-R,23.689321517944336,23.689321517944336,critical,"abs_threshold,positive_threshold",needs_review,verify_vendor_or_corporate_action_before_cleaning,,,,
2017-01-09,WDK2F1-R,23.551063537597656,23.551063537597656,critical,"abs_threshold,positive_threshold",needs_review,verify_vendor_or_corporate_action_before_cleaning,,,,
2016-12-23,WDK2F1-R,23.488290786743164,23.488290786743164,critical,"abs_threshold,positive_threshold",needs_review,verify_vendor_or_corporate_action_before_cleaning,,,,
2025-08-04,PRCZJK-R,23.47881317138672,23.47881317138672,critical,"abs_threshold,positive_threshold",needs_review,verify_vendor_or_corporate_action_before_cleaning,,,,
2016-12-19,WDK2F1-R,23.435447692871094,23.435447692871094,critical,"abs_threshold,positive_threshold",needs_review,verify_vendor_or_corporate_action_before_cleaning,,,,
2016-12-13,WDK2F1-R,23.4251708984375,23.4251708984375,critical,"abs_threshold,positive_threshold",needs_review,verify_vendor_or_corporate_action_before_cleaning,,,,
2016-09-26,WDK2F1-R,23.395626068115234,23.395626068115234,critical,"abs_threshold,positive_threshold",needs_review,verify_vendor_or_corporate_action_before_cleaning,,,,
2016-12-30,WDK2F1-R,23.365276336669922,23.365276336669922,critical,"abs_threshold,positive_threshold",needs_review,verify_vendor_or_corporate_action_before_cleaning,,,,
2017-01-04,WDK2F1-R,23.285999298095703,23.285999298095703,critical,"abs_threshold,positive_threshold",needs_review,verify_vendor_or_corporate_action_before_cleaning,,,,
2017-02-09,WDK2F1-R,23.09564781188965,23.09564781188965,critical,"abs_threshold,positive_threshold",needs_review,verify_vendor_or_corporate_action_before_cleaning,,,,
2024-07-05,MVN355-R,23.0,23.0,critical,"abs_threshold,positive_threshold",needs_review,verify_vendor_or_corporate_action_before_cleaning,,,,
2025-11-17,PRCZJK-R,22.36351,22.36351,critical,"abs_threshold,positive_threshold",needs_review,verify_vendor_or_corporate_action_before_cleaning,,,,
2025-11-05,PRCZJK-R,22.359758377075195,22.359758377075195,critical,"abs_threshold,positive_threshold",needs_review,verify_vendor_or_corporate_action_before_cleaning,,,,
2025-11-03,STMHH8-R,21.53416633605957,21.53416633605957,critical,"abs_threshold,positive_threshold",needs_review,verify_vendor_or_corporate_action_before_cleaning,,,,
2025-10-03,VW1H7G-R,20.94940757751465,20.94940757751465,critical,"abs_threshold,positive_threshold",needs_review,verify_vendor_or_corporate_action_before_cleaning,,,,
2015-08-12,XGN4BZ-R,19.285263061523438,19.285263061523438,critical,"abs_threshold,positive_threshold",needs_review,verify_vendor_or_corporate_action_before_cleaning,,,,
2024-12-02,HWYM1P-R,19.2573299407959,19.2573299407959,critical,"abs_threshold,positive_threshold",needs_review,verify_vendor_or_corporate_action_before_cleaning,,,,
2015-11-23,WDK2F1-R,19.097002029418945,19.097002029418945,critical,"abs_threshold,positive_threshold",needs_review,verify_vendor_or_corporate_action_before_cleaning,,,,
2025-10-07,VW1H7G-R,19.090024948120117,19.090024948120117,critical,"abs_threshold,positive_threshold",needs_review,verify_vendor_or_corporate_action_before_cleaning,,,,
2025-08-21,PRCZJK-R,19.080060958862305,19.080060958862305,critical,"abs_threshold,positive_threshold",needs_review,verify_vendor_or_corporate_action_before_cleaning,,,,
2015-11-25,WDK2F1-R,19.072629928588867,19.072629928588867,critical,"abs_threshold,positive_threshold",needs_review,verify_vendor_or_corporate_action_before_cleaning,,,,
2024-08-28,T7HRLL-R,19.06558609008789,19.06558609008789,critical,"abs_threshold,positive_threshold",needs_review,verify_vendor_or_corporate_action_before_cleaning,,,,
2019-03-19,BBD288-R,18.98413848876953,18.98413848876953,critical,"abs_threshold,positive_threshold",needs_review,verify_vendor_or_corporate_action_before_cleaning,,,,
2024-11-19,XLCZT6-R,18.97544288635254,18.97544288635254,critical,"abs_threshold,positive_threshold",needs_review,verify_vendor_or_corporate_action_before_cleaning,,,,
2024-06-24,KV0K62-R,18.9105281829834,18.9105281829834,critical,"abs_threshold,positive_threshold",needs_review,verify_vendor_or_corporate_action_before_cleaning,,,,
2025-04-10,X32NYV-R,18.745983123779297,18.745983123779297,critical,"abs_threshold,positive_threshold",needs_review,verify_vendor_or_corporate_action_before_cleaning,,,,
2024-10-21,T7HRLL-R,17.219573974609375,17.219573974609375,critical,"abs_threshold,positive_threshold",needs_review,verify_vendor_or_corporate_action_before_cleaning,,,,
2025-09-29,QH6KJ2-R,17.20529556274414,17.20529556274414,critical,"abs_threshold,positive_threshold",needs_review,verify_vendor_or_corporate_action_before_cleaning,,,,
2021-09-03,T7HRLL-R,16.97954559326172,16.97954559326172,critical,"abs_threshold,positive_threshold",needs_review,verify_vendor_or_corporate_action_before_cleaning,,,,
2025-10-03,HWYM1P-R,16.442312240600586,16.442312240600586,critical,"abs_threshold,positive_threshold",needs_review,verify_vendor_or_corporate_action_before_cleaning,,,,
2016-10-19,KXC4N6-R,16.251705169677734,16.251705169677734,critical,"abs_threshold,positive_threshold",needs_review,verify_vendor_or_corporate_action_before_cleaning,,,,
2019-11-04,GM3PSR-R,16.02133560180664,16.02133560180664,critical,"abs_threshold,positive_threshold",needs_review,verify_vendor_or_corporate_action_before_cleaning,,,,
2024-09-17,T7HRLL-R,15.66591739654541,15.66591739654541,critical,"abs_threshold,positive_threshold",needs_review,verify_vendor_or_corporate_action_before_cleaning,,,,
2024-02-06,HWYM1P-R,15.637968063354492,15.637968063354492,critical,"abs_threshold,positive_threshold",needs_review,verify_vendor_or_corporate_action_before_cleaning,,,,
2024-06-06,L93LBV-R,15.232074737548828,15.232074737548828,critical,"abs_threshold,positive_threshold",needs_review,verify_vendor_or_corporate_action_before_cleaning,,,,
2019-04-25,BBD288-R,14.078743934631348,14.078743934631348,critical,"abs_threshold,positive_threshold",needs_review,verify_vendor_or_corporate_action_before_cleaning,,,,
2024-03-14,FXNJ4H-R,14.076461791992188,14.076461791992188,critical,"abs_threshold,positive_threshold",needs_review,verify_vendor_or_corporate_action_before_cleaning,,,,
2025-10-02,T7HRLL-R,14.040337562561035,14.040337562561035,critical,"abs_threshold,positive_threshold",needs_review,verify_vendor_or_corporate_action_before_cleaning,,,,
2024-06-05,FXNJ4H-R,14.018635749816895,14.018635749816895,critical,"abs_threshold,positive_threshold",needs_review,verify_vendor_or_corporate_action_before_cleaning,,,,
2019-03-11,BBD288-R,14.014034271240234,14.014034271240234,critical,"abs_threshold,positive_threshold",needs_review,verify_vendor_or_corporate_action_before_cleaning,,,,
2025-11-12,T7HRLL-R,13.999999,13.999999,critical,"abs_threshold,positive_threshold",needs_review,verify_vendor_or_corporate_action_before_cleaning,,,,
2025-08-05,K80C6V-R,13.99805736541748,13.99805736541748,critical,"abs_threshold,positive_threshold",needs_review,verify_vendor_or_corporate_action_before_cleaning,,,,
2024-05-09,FXNJ4H-R,13.962420463562012,13.962420463562012,critical,"abs_threshold,positive_threshold",needs_review,verify_vendor_or_corporate_action_before_cleaning,,,,
2025-11-17,V9KKT0-R,13.602193999999999,13.602193999999999,critical,"abs_threshold,positive_threshold",needs_review,verify_vendor_or_corporate_action_before_cleaning,,,,
2025-10-09,PXN7MH-R,12.378807067871094,12.378807067871094,critical,"abs_threshold,positive_threshold",needs_review,verify_vendor_or_corporate_action_before_cleaning,,,,
2024-04-30,MBLWWK-R,12.292101860046387,12.292101860046387,critical,"abs_threshold,positive_threshold",needs_review,verify_vendor_or_corporate_action_before_cleaning,,,,
2016-07-12,WDK2F1-R,12.221871376037598,12.221871376037598,critical,"abs_threshold,positive_threshold",needs_review,verify_vendor_or_corporate_action_before_cleaning,,,,
2020-06-24,T7HRLL-R,12.066869735717773,12.066869735717773,critical,"abs_threshold,positive_threshold",needs_review,verify_vendor_or_corporate_action_before_cleaning,,,,
2020-10-26,GKYKWV-R,11.599806785583496,11.599806785583496,critical,"abs_threshold,positive_threshold",needs_review,verify_vendor_or_corporate_action_before_cleaning,,,,
2025-08-20,VDT2VP-R,11.510183334350586,11.510183334350586,critical,"abs_threshold,positive_threshold",needs_review,verify_vendor_or_corporate_action_before_cleaning,,,,
2012-02-13,GFHW8M-R,11.506853103637695,11.506853103637695,critical,"abs_threshold,positive_threshold",needs_review,verify_vendor_or_corporate_action_before_cleaning,,,,
2018-09-18,BBD288-R,11.4893159866333,11.4893159866333,critical,"abs_threshold,positive_threshold",needs_review,verify_vendor_or_corporate_action_before_cleaning,,,,
2020-01-14,T7HRLL-R,11.418705940246582,11.418705940246582,critical,"abs_threshold,positive_threshold",needs_review,verify_vendor_or_corporate_action_before_cleaning,,,,
2017-04-24,WDK2F1-R,11.299760818481445,11.299760818481445,critical,"abs_threshold,positive_threshold",needs_review,verify_vendor_or_corporate_action_before_cleaning,,,,
2025-07-01,VDT2VP-R,11.153706550598145,11.153706550598145,critical,"abs_threshold,positive_threshold",needs_review,verify_vendor_or_corporate_action_before_cleaning,,,,
2012-10-09,MVH8ZN-R,11.062018394470215,11.062018394470215,critical,"abs_threshold,positive_threshold",needs_review,verify_vendor_or_corporate_action_before_cleaning,,,,
2025-09-04,MBLWWK-R,11.02939510345459,11.02939510345459,critical,"abs_threshold,positive_threshold",needs_review,verify_vendor_or_corporate_action_before_cleaning,,,,
2026-05-21,LF5C6W-R,11.02742862701416,11.02742862701416,critical,"abs_threshold,positive_threshold",needs_review,verify_vendor_or_corporate_action_before_cleaning,,,,
2020-03-10,GM3PSR-R,10.575016021728516,10.575016021728516,critical,"abs_threshold,positive_threshold",needs_review,verify_vendor_or_corporate_action_before_cleaning,,,,
2020-01-08,GM3PSR-R,10.522753715515137,10.522753715515137,critical,"abs_threshold,positive_threshold",needs_review,verify_vendor_or_corporate_action_before_cleaning,,,,
2020-01-14,GM3PSR-R,10.512927055358887,10.512927055358887,critical,"abs_threshold,positive_threshold",needs_review,verify_vendor_or_corporate_action_before_cleaning,,,,
2020-05-27,GM3PSR-R,10.512051582336426,10.512051582336426,critical,"abs_threshold,positive_threshold",needs_review,verify_vendor_or_corporate_action_before_cleaning,,,,
2020-06-10,GM3PSR-R,10.502532958984375,10.502532958984375,critical,"abs_threshold,positive_threshold",needs_review,verify_vendor_or_corporate_action_before_cleaning,,,,
2024-06-17,T7HRLL-R,10.219555854797363,10.219555854797363,critical,"abs_threshold,positive_threshold",needs_review,verify_vendor_or_corporate_action_before_cleaning,,,,
2025-09-30,N78RJ4-R,10.197338104248047,10.197338104248047,critical,"abs_threshold,positive_threshold",needs_review,verify_vendor_or_corporate_action_before_cleaning,,,,
2025-10-13,PXN7MH-R,10.12937068939209,10.12937068939209,critical,"abs_threshold,positive_threshold",needs_review,verify_vendor_or_corporate_action_before_cleaning,,,,
2024-04-10,J5RFMZ-R,10.106383323669434,10.106383323669434,critical,"abs_threshold,positive_threshold",needs_review,verify_vendor_or_corporate_action_before_cleaning,,,,
2025-03-21,JXR980-R,10.038670539855957,10.038670539855957,critical,"abs_threshold,positive_threshold",needs_review,verify_vendor_or_corporate_action_before_cleaning,,,,
2011-05-17,TP1K7K-R,10.038545608520508,10.038545608520508,critical,"abs_threshold,positive_threshold",needs_review,verify_vendor_or_corporate_action_before_cleaning,,,,
2025-08-28,PRCZJK-R,9.926952362060547,9.926952362060547,high,"abs_threshold,positive_threshold",needs_review,verify_vendor_or_corporate_action_before_cleaning,,,,
2024-05-10,KXC4N6-R,9.806879997253418,9.806879997253418,high,"abs_threshold,positive_threshold",needs_review,verify_vendor_or_corporate_action_before_cleaning,,,,
2025-10-27,CB1HZ7-R,9.741223335266113,9.741223335266113,high,"abs_threshold,positive_threshold",needs_review,verify_vendor_or_corporate_action_before_cleaning,,,,
2016-09-01,WDK2F1-R,9.696697235107422,9.696697235107422,high,"abs_threshold,positive_threshold",needs_review,verify_vendor_or_corporate_action_before_cleaning,,,,
2023-08-01,HWYM1P-R,9.543991088867188,9.543991088867188,high,"abs_threshold,positive_threshold",needs_review,verify_vendor_or_corporate_action_before_cleaning,,,,
2019-12-20,GM3PSR-R,9.529837608337402,9.529837608337402,high,"abs_threshold,positive_threshold",needs_review,verify_vendor_or_corporate_action_before_cleaning,,,,
2019-11-07,GM3PSR-R,9.528045654296875,9.528045654296875,high,"abs_threshold,positive_threshold",needs_review,verify_vendor_or_corporate_action_before_cleaning,,,,
2016-03-07,GM3PSR-R,9.522465705871582,9.522465705871582,high,"abs_threshold,positive_threshold",needs_review,verify_vendor_or_corporate_action_before_cleaning,,,,
2016-05-20,WDK2F1-R,9.492508888244629,9.492508888244629,high,"abs_threshold,positive_threshold",needs_review,verify_vendor_or_corporate_action_before_cleaning,,,,
2019-12-13,GM3PSR-R,9.482086181640625,9.482086181640625,high,"abs_threshold,positive_threshold",needs_review,verify_vendor_or_corporate_action_before_cleaning,,,,
2016-08-22,WDK2F1-R,9.245476722717285,9.245476722717285,high,"abs_threshold,positive_threshold",needs_review,verify_vendor_or_corporate_action_before_cleaning,,,,
2024-11-08,T7HRLL-R,9.058608055114746,9.058608055114746,high,"abs_threshold,positive_threshold",needs_review,verify_vendor_or_corporate_action_before_cleaning,,,,
2019-02-11,BBD288-R,9.046116828918457,9.046116828918457,high,"abs_threshold,positive_threshold",needs_review,verify_vendor_or_corporate_action_before_cleaning,,,,
2023-09-01,T7HRLL-R,9.042561531066895,9.042561531066895,high,"abs_threshold,positive_threshold",needs_review,verify_vendor_or_corporate_action_before_cleaning,,,,
2024-08-06,T7HRLL-R,9.04161262512207,9.04161262512207,high,"abs_threshold,positive_threshold",needs_review,verify_vendor_or_corporate_action_before_cleaning,,,,
2025-09-02,XG29QM-R,9.041584968566895,9.041584968566895,high,"abs_threshold,positive_threshold",needs_review,verify_vendor_or_corporate_action_before_cleaning,,,,
2025-09-02,PXN7MH-R,9.041584968566895,9.041584968566895,high,"abs_threshold,positive_threshold",needs_review,verify_vendor_or_corporate_action_before_cleaning,,,,
2024-11-15,MBLWWK-R,9.03891658782959,9.03891658782959,high,"abs_threshold,positive_threshold",needs_review,verify_vendor_or_corporate_action_before_cleaning,,,,
2024-07-29,T7HRLL-R,9.036983489990234,9.036983489990234,high,"abs_threshold,positive_threshold",needs_review,verify_vendor_or_corporate_action_before_cleaning,,,,
2025-09-04,PXN7MH-R,9.024495124816895,9.024495124816895,high,"abs_threshold,positive_threshold",needs_review,verify_vendor_or_corporate_action_before_cleaning,,,,
2025-02-07,W0KPN1-R,9.02416706085205,9.02416706085205,high,"abs_threshold,positive_threshold",needs_review,verify_vendor_or_corporate_action_before_cleaning,,,,
2024-10-09,X32NYV-R,9.020552635192871,9.020552635192871,high,"abs_threshold,positive_threshold",needs_review,verify_vendor_or_corporate_action_before_cleaning,,,,
2024-10-29,T7HRLL-R,9.018519401550293,9.018519401550293,high,"abs_threshold,positive_threshold",needs_review,verify_vendor_or_corporate_action_before_cleaning,,,,
2024-11-14,T7HRLL-R,9.012763977050781,9.012763977050781,high,"abs_threshold,positive_threshold",needs_review,verify_vendor_or_corporate_action_before_cleaning,,,,
2025-02-28,XG29QM-R,9.01249885559082,9.01249885559082,high,"abs_threshold,positive_threshold",needs_review,verify_vendor_or_corporate_action_before_cleaning,,,,
2024-07-30,T7HRLL-R,9.01017951965332,9.01017951965332,high,"abs_threshold,positive_threshold",needs_review,verify_vendor_or_corporate_action_before_cleaning,,,,
2024-08-22,X32NYV-R,9.009895324707031,9.009895324707031,high,"abs_threshold,positive_threshold",needs_review,verify_vendor_or_corporate_action_before_cleaning,,,,
2024-11-26,VW1H7G-R,9.006200790405273,9.006200790405273,high,"abs_threshold,positive_threshold",needs_review,verify_vendor_or_corporate_action_before_cleaning,,,,
2024-09-18,VW1H7G-R,9.005846977233887,9.005846977233887,high,"abs_threshold,positive_threshold",needs_review,verify_vendor_or_corporate_action_before_cleaning,,,,
2019-05-15,BBD288-R,9.004908561706543,9.004908561706543,high,"abs_threshold,positive_threshold",needs_review,verify_vendor_or_corporate_action_before_cleaning,,,,
2024-08-30,X32NYV-R,9.001355171203613,9.001355171203613,high,"abs_threshold,positive_threshold",needs_review,verify_vendor_or_corporate_action_before_cleaning,,,,
2025-01-21,W0KPN1-R,9.000000953674316,9.000000953674316,high,"abs_threshold,positive_threshold",needs_review,verify_vendor_or_corporate_action_before_cleaning,,,,
2015-08-25,BT5LSL-R,8.999999046325684,8.999999046325684,high,"abs_threshold,positive_threshold",needs_review,verify_vendor_or_corporate_action_before_cleaning,,,,
2025-09-11,PXN7MH-R,8.999573707580566,8.999573707580566,high,"abs_threshold,positive_threshold",needs_review,verify_vendor_or_corporate_action_before_cleaning,,,,
2024-07-26,HWYM1P-R,8.999539375305176,8.999539375305176,high,"abs_threshold,positive_threshold",needs_review,verify_vendor_or_corporate_action_before_cleaning,,,,
2024-07-26,T7HRLL-R,8.999539375305176,8.999539375305176,high,"abs_threshold,positive_threshold",needs_review,verify_vendor_or_corporate_action_before_cleaning,,,,
2025-01-17,T7HRLL-R,8.999513626098633,8.999513626098633,high,"abs_threshold,positive_threshold",needs_review,verify_vendor_or_corporate_action_before_cleaning,,,,
2024-07-25,L93LBV-R,8.99862003326416,8.99862003326416,high,"abs_threshold,positive_threshold",needs_review,verify_vendor_or_corporate_action_before_cleaning,,,,
2024-04-09,L93LBV-R,8.995856285095215,8.995856285095215,high,"abs_threshold,positive_threshold",needs_review,verify_vendor_or_corporate_action_before_cleaning,,,,
2024-06-28,L93LBV-R,8.994868278503418,8.994868278503418,high,"abs_threshold,positive_threshold",needs_review,verify_vendor_or_corporate_action_before_cleaning,,,,
2024-10-07,X32NYV-R,8.99453353881836,8.99453353881836,high,"abs_threshold,positive_threshold",needs_review,verify_vendor_or_corporate_action_before_cleaning,,,,
2024-10-07,K4MV84-R,8.99453353881836,8.99453353881836,high,"abs_threshold,positive_threshold",needs_review,verify_vendor_or_corporate_action_before_cleaning,,,,
2024-11-29,T7HRLL-R,8.991951942443848,8.991951942443848,high,"abs_threshold,positive_threshold",needs_review,verify_vendor_or_corporate_action_before_cleaning,,,,
2025-01-15,VW1H7G-R,8.989325523376465,8.989325523376465,high,"abs_threshold,positive_threshold",needs_review,verify_vendor_or_corporate_action_before_cleaning,,,,
2024-12-04,T7HRLL-R,8.988603591918945,8.988603591918945,high,"abs_threshold,positive_threshold",needs_review,verify_vendor_or_corporate_action_before_cleaning,,,,
2024-12-04,XG29QM-R,8.988602638244629,8.988602638244629,high,"abs_threshold,positive_threshold",needs_review,verify_vendor_or_corporate_action_before_cleaning,,,,
2023-12-13,T7HRLL-R,8.987955093383789,8.987955093383789,high,"abs_threshold,positive_threshold",needs_review,verify_vendor_or_corporate_action_before_cleaning,,,,
2015-12-08,WDK2F1-R,8.982983589172363,8.982983589172363,high,"abs_threshold,positive_threshold",needs_review,verify_vendor_or_corporate_action_before_cleaning,,,,
2024-12-16,T7HRLL-R,8.982867240905762,8.982867240905762,high,"abs_threshold,positive_threshold",needs_review,verify_vendor_or_corporate_action_before_cleaning,,,,
2024-09-25,T7HRLL-R,8.981202125549316,8.981202125549316,high,"abs_threshold,positive_threshold",needs_review,verify_vendor_or_corporate_action_before_cleaning,,,,
2025-05-07,T7HRLL-R,8.978006362915039,8.978006362915039,high,"abs_threshold,positive_threshold",needs_review,verify_vendor_or_corporate_action_before_cleaning,,,,
2024-05-09,JBLXCY-R,8.974946022033691,8.974946022033691,high,"abs_threshold,positive_threshold",needs_review,verify_vendor_or_corporate_action_before_cleaning,,,,
2016-11-29,QR9H6P-R,8.967042922973633,8.967042922973633,high,"abs_threshold,positive_threshold",needs_review,verify_vendor_or_corporate_action_before_cleaning,,,,
2024-12-05,T7HRLL-R,8.958385467529297,8.958385467529297,high,"abs_threshold,positive_threshold",needs_review,verify_vendor_or_corporate_action_before_cleaning,,,,
2025-11-11,X32NYV-R,8.958172600000001,8.958172600000001,high,"abs_threshold,positive_threshold",needs_review,verify_vendor_or_corporate_action_before_cleaning,,,,
2025-03-17,JXR980-R,8.9551362991333,8.9551362991333,high,"abs_threshold,positive_threshold",needs_review,verify_vendor_or_corporate_action_before_cleaning,,,,
2025-10-16,X32NYV-R,8.954612731933594,8.954612731933594,high,"abs_threshold,positive_threshold",needs_review,verify_vendor_or_corporate_action_before_cleaning,,,,
2024-08-23,T7HRLL-R,8.94364070892334,8.94364070892334,high,"abs_threshold,positive_threshold",needs_review,verify_vendor_or_corporate_action_before_cleaning,,,,
2025-02-04,VW1H7G-R,8.936419486999512,8.936419486999512,high,"abs_threshold,positive_threshold",needs_review,verify_vendor_or_corporate_action_before_cleaning,,,,
2025-02-14,J6L6Y9-R,8.928629875183105,8.928629875183105,high,"abs_threshold,positive_threshold",needs_review,verify_vendor_or_corporate_action_before_cleaning,,,,
2017-07-26,H46TW9-R,8.921992301940918,8.921992301940918,high,"abs_threshold,positive_threshold",needs_review,verify_vendor_or_corporate_action_before_cleaning,,,,
2022-09-02,HN45T9-R,8.908750534057617,8.908750534057617,high,"abs_threshold,positive_threshold",needs_review,verify_vendor_or_corporate_action_before_cleaning,,,,
2025-01-14,T7HRLL-R,8.905288696289062,8.905288696289062,high,"abs_threshold,positive_threshold",needs_review,verify_vendor_or_corporate_action_before_cleaning,,,,
2018-01-25,QR9H6P-R,8.903223037719727,8.903223037719727,high,"abs_threshold,positive_threshold",needs_review,verify_vendor_or_corporate_action_before_cleaning,,,,
2024-08-02,T7HRLL-R,8.880979537963867,8.880979537963867,high,"abs_threshold,positive_threshold",needs_review,verify_vendor_or_corporate_action_before_cleaning,,,,
2017-07-28,H46TW9-R,8.874659538269043,8.874659538269043,high,"abs_threshold,positive_threshold",needs_review,verify_vendor_or_corporate_action_before_cleaning,,,,
2025-06-12,T7HRLL-R,8.764957427978516,8.764957427978516,high,"abs_threshold,positive_threshold",needs_review,verify_vendor_or_corporate_action_before_cleaning,,,,
2024-10-18,R3Q0GG-R,8.479053497314453,8.479053497314453,high,"abs_threshold,positive_threshold",needs_review,verify_vendor_or_corporate_action_before_cleaning,,,,
2025-08-13,L5W163-R,8.474237442016602,8.474237442016602,high,"abs_threshold,positive_threshold",needs_review,verify_vendor_or_corporate_action_before_cleaning,,,,
2020-02-27,T7HRLL-R,8.419347763061523,8.419347763061523,high,"abs_threshold,positive_threshold",needs_review,verify_vendor_or_corporate_action_before_cleaning,,,,
2025-07-30,PRCZJK-R,8.124564170837402,8.124564170837402,high,"abs_threshold,positive_threshold",needs_review,verify_vendor_or_corporate_action_before_cleaning,,,,
2022-07-20,HN45T9-R,8.122064590454102,8.122064590454102,high,"abs_threshold,positive_threshold",needs_review,verify_vendor_or_corporate_action_before_cleaning,,,,
2025-11-05,K80C6V-R,8.01019287109375,8.01019287109375,high,"abs_threshold,positive_threshold",needs_review,verify_vendor_or_corporate_action_before_cleaning,,,,
2025-06-27,VDT2VP-R,7.992319107055664,7.992319107055664,high,"abs_threshold,positive_threshold",needs_review,verify_vendor_or_corporate_action_before_cleaning,,,,
2024-04-25,L93LBV-R,7.9794158935546875,7.9794158935546875,high,"abs_threshold,positive_threshold",needs_review,verify_vendor_or_corporate_action_before_cleaning,,,,
2025-08-11,QBCTL6-R,7.945278167724609,7.945278167724609,high,"abs_threshold,positive_threshold",needs_review,verify_vendor_or_corporate_action_before_cleaning,,,,
2017-03-29,WDK2F1-R,7.92988395690918,7.92988395690918,high,"abs_threshold,positive_threshold",needs_review,verify_vendor_or_corporate_action_before_cleaning,,,,
2012-08-30,VK92Z4-R,7.876975059509277,7.876975059509277,high,"abs_threshold,positive_threshold",needs_review,verify_vendor_or_corporate_action_before_cleaning,,,,
2017-04-12,WDK2F1-R,7.840403079986572,7.840403079986572,high,"abs_threshold,positive_threshold",needs_review,verify_vendor_or_corporate_action_before_cleaning,,,,
2006-02-01,QR9Z00-R,7.7962965965271,7.7962965965271,high,"abs_threshold,positive_threshold",needs_review,verify_vendor_or_corporate_action_before_cleaning,,,,
2021-01-26,T7HRLL-R,7.710630893707275,7.710630893707275,high,"abs_threshold,positive_threshold",needs_review,verify_vendor_or_corporate_action_before_cleaning,,,,
2024-05-10,VW1H7G-R,7.676730155944824,7.676730155944824,high,"abs_threshold,positive_threshold",needs_review,verify_vendor_or_corporate_action_before_cleaning,,,,
2024-05-29,VW1H7G-R,7.648113250732422,7.648113250732422,high,"abs_threshold,positive_threshold",needs_review,verify_vendor_or_corporate_action_before_cleaning,,,,
2017-07-12,WDK2F1-R,7.499628067016602,7.499628067016602,high,"abs_threshold,positive_threshold",needs_review,verify_vendor_or_corporate_action_before_cleaning,,,,
2022-11-10,HN45T9-R,7.20810604095459,7.20810604095459,high,"abs_threshold,positive_threshold",needs_review,verify_vendor_or_corporate_action_before_cleaning,,,,
2025-11-20,PRCZJK-R,7.1466845999999995,7.1466845999999995,high,"abs_threshold,positive_threshold",needs_review,verify_vendor_or_corporate_action_before_cleaning,,,,
2014-10-09,TF1Z16-R,7.098163604736328,7.098163604736328,high,"abs_threshold,positive_threshold",needs_review,verify_vendor_or_corporate_action_before_cleaning,,,,
2024-08-13,KV0K62-R,7.046482086181641,7.046482086181641,high,"abs_threshold,positive_threshold",needs_review,verify_vendor_or_corporate_action_before_cleaning,,,,
2024-12-30,X32NYV-R,7.032369136810303,7.032369136810303,high,"abs_threshold,positive_threshold",needs_review,verify_vendor_or_corporate_action_before_cleaning,,,,
2018-02-05,GM3PSR-R,7.010950088500977,7.010950088500977,high,"abs_threshold,positive_threshold",needs_review,verify_vendor_or_corporate_action_before_cleaning,,,,
2022-07-25,T7HRLL-R,7.010179042816162,7.010179042816162,high,"abs_threshold,positive_threshold",needs_review,verify_vendor_or_corporate_action_before_cleaning,,,,
2024-02-08,T7HRLL-R,6.996654987335205,6.996654987335205,high,"abs_threshold,positive_threshold",needs_review,verify_vendor_or_corporate_action_before_cleaning,,,,
2017-02-28,WDK2F1-R,6.9898362159729,6.9898362159729,high,"abs_threshold,positive_threshold",needs_review,verify_vendor_or_corporate_action_before_cleaning,,,,
2017-03-09,GM3PSR-R,6.981098175048828,6.981098175048828,high,"abs_threshold,positive_threshold",needs_review,verify_vendor_or_corporate_action_before_cleaning,,,,
2025-05-23,P52239-R,6.953457832336426,6.953457832336426,high,"abs_threshold,positive_threshold",needs_review,verify_vendor_or_corporate_action_before_cleaning,,,,
2024-06-03,MBLWWK-R,6.92160177230835,6.92160177230835,high,"abs_threshold,positive_threshold",needs_review,verify_vendor_or_corporate_action_before_cleaning,,,,
2023-11-14,K01WHX-R,6.9031291007995605,6.9031291007995605,high,"abs_threshold,positive_threshold",needs_review,verify_vendor_or_corporate_action_before_cleaning,,,,
2016-06-24,WDK2F1-R,6.890639781951904,6.890639781951904,high,"abs_threshold,positive_threshold",needs_review,verify_vendor_or_corporate_action_before_cleaning,,,,
2026-03-10,LF5C6W-R,6.884068012237549,6.884068012237549,high,"abs_threshold,positive_threshold",needs_review,verify_vendor_or_corporate_action_before_cleaning,,,,
2024-05-13,MBLWWK-R,6.693987846374512,6.693987846374512,high,"abs_threshold,positive_threshold",needs_review,verify_vendor_or_corporate_action_before_cleaning,,,,
2019-01-02,BBD288-R,6.55086088180542,6.55086088180542,high,"abs_threshold,positive_threshold",needs_review,verify_vendor_or_corporate_action_before_cleaning,,,,
2024-06-21,L93LBV-R,6.528085231781006,6.528085231781006,high,"abs_threshold,positive_threshold",needs_review,verify_vendor_or_corporate_action_before_cleaning,,,,
2020-11-19,GKYKWV-R,6.355630397796631,6.355630397796631,high,"abs_threshold,positive_threshold",needs_review,verify_vendor_or_corporate_action_before_cleaning,,,,
2018-01-29,GKYKWV-R,6.318047523498535,6.318047523498535,high,"abs_threshold,positive_threshold",needs_review,verify_vendor_or_corporate_action_before_cleaning,,,,
2026-06-18,LF5C6W-R,6.287302017211914,6.287302017211914,high,"abs_threshold,positive_threshold",needs_review,verify_vendor_or_corporate_action_before_cleaning,,,,
2018-11-02,BBD288-R,6.284552097320557,6.284552097320557,high,"abs_threshold,positive_threshold",needs_review,verify_vendor_or_corporate_action_before_cleaning,,,,
2023-05-09,KM6JR1-R,6.281379222869873,6.281379222869873,high,"abs_threshold,positive_threshold",needs_review,verify_vendor_or_corporate_action_before_cleaning,,,,
2025-11-05,X0815Z-R,6.277970790863037,6.277970790863037,high,"abs_threshold,positive_threshold",needs_review,verify_vendor_or_corporate_action_before_cleaning,,,,
2023-12-20,T7HRLL-R,6.1513190269470215,6.1513190269470215,high,"abs_threshold,positive_threshold",needs_review,verify_vendor_or_corporate_action_before_cleaning,,,,
2024-06-10,L93LBV-R,6.050538063049316,6.050538063049316,high,"abs_threshold,positive_threshold",needs_review,verify_vendor_or_corporate_action_before_cleaning,,,,
2025-10-31,CB1HZ7-R,6.013341903686523,6.013341903686523,high,"abs_threshold,positive_threshold",needs_review,verify_vendor_or_corporate_action_before_cleaning,,,,
2021-10-27,GKYKWV-R,5.998793125152588,5.998793125152588,high,"abs_threshold,positive_threshold",needs_review,verify_vendor_or_corporate_action_before_cleaning,,,,
2020-04-14,GKYKWV-R,5.98053503036499,5.98053503036499,high,"abs_threshold,positive_threshold",needs_review,verify_vendor_or_corporate_action_before_cleaning,,,,
2025-11-04,MBLWWK-R,5.964084148406982,5.964084148406982,high,"abs_threshold,positive_threshold",needs_review,verify_vendor_or_corporate_action_before_cleaning,,,,
2023-02-03,HWYM1P-R,5.84468936920166,5.84468936920166,high,"abs_threshold,positive_threshold",needs_review,verify_vendor_or_corporate_action_before_cleaning,,,,
2011-11-09,MVH8ZN-R,5.803622245788574,5.803622245788574,high,"abs_threshold,positive_threshold",needs_review,verify_vendor_or_corporate_action_before_cleaning,,,,
2024-07-03,P0XLVH-R,5.750000476837158,5.750000476837158,high,"abs_threshold,positive_threshold",needs_review,verify_vendor_or_corporate_action_before_cleaning,,,,
2020-06-25,WCDPYV-R,5.723404884338379,5.723404884338379,high,"abs_threshold,positive_threshold",needs_review,verify_vendor_or_corporate_action_before_cleaning,,,,
2023-11-03,WNGGFB-R,5.722688674926758,5.722688674926758,high,"abs_threshold,positive_threshold",needs_review,verify_vendor_or_corporate_action_before_cleaning,,,,
2024-06-13,T7HRLL-R,5.7137041091918945,5.7137041091918945,high,"abs_threshold,positive_threshold",needs_review,verify_vendor_or_corporate_action_before_cleaning,,,,
2025-11-14,CB1HZ7-R,5.681879,5.681879,high,"abs_threshold,positive_threshold",needs_review,verify_vendor_or_corporate_action_before_cleaning,,,,
2019-01-30,T7HRLL-R,5.6605401039123535,5.6605401039123535,high,"abs_threshold,positive_threshold",needs_review,verify_vendor_or_corporate_action_before_cleaning,,,,
2024-12-26,T7HRLL-R,5.655459403991699,5.655459403991699,high,"abs_threshold,positive_threshold",needs_review,verify_vendor_or_corporate_action_before_cleaning,,,,
2024-05-14,L93LBV-R,5.653426170349121,5.653426170349121,high,"abs_threshold,positive_threshold",needs_review,verify_vendor_or_corporate_action_before_cleaning,,,,
2019-03-25,BBD288-R,5.643409252166748,5.643409252166748,high,"abs_threshold,positive_threshold",needs_review,verify_vendor_or_corporate_action_before_cleaning,,,,
2013-08-23,RT1M57-R,5.629370212554932,5.629370212554932,high,"abs_threshold,positive_threshold",needs_review,verify_vendor_or_corporate_action_before_cleaning,,,,
2016-07-20,WDK2F1-R,5.626203536987305,5.626203536987305,high,"abs_threshold,positive_threshold",needs_review,verify_vendor_or_corporate_action_before_cleaning,,,,
2008-12-17,MR6YQK-R,5.589888095855713,5.589888095855713,high,"abs_threshold,positive_threshold",needs_review,verify_vendor_or_corporate_action_before_cleaning,,,,
2019-12-30,GKYKWV-R,5.553147792816162,5.553147792816162,high,"abs_threshold,positive_threshold",needs_review,verify_vendor_or_corporate_action_before_cleaning,,,,
2024-03-06,FQDXKG-R,5.5227766036987305,5.5227766036987305,high,"abs_threshold,positive_threshold",needs_review,verify_vendor_or_corporate_action_before_cleaning,,,,
2018-03-14,T7HRLL-R,5.4862871170043945,5.4862871170043945,high,"abs_threshold,positive_threshold",needs_review,verify_vendor_or_corporate_action_before_cleaning,,,,
2016-12-15,T7HL8F-R,5.380824089050293,5.380824089050293,high,"abs_threshold,positive_threshold",needs_review,verify_vendor_or_corporate_action_before_cleaning,,,,
2020-04-24,GKYKWV-R,5.372758865356445,5.372758865356445,high,"abs_threshold,positive_threshold",needs_review,verify_vendor_or_corporate_action_before_cleaning,,,,
2025-05-21,GYM5PB-R,5.3590874671936035,5.3590874671936035,high,"abs_threshold,positive_threshold",needs_review,verify_vendor_or_corporate_action_before_cleaning,,,,
2024-08-20,KV0K62-R,5.337005615234375,5.337005615234375,high,"abs_threshold,positive_threshold",needs_review,verify_vendor_or_corporate_action_before_cleaning,,,,
2018-11-28,BBD288-R,5.2577595710754395,5.2577595710754395,high,"abs_threshold,positive_threshold",needs_review,verify_vendor_or_corporate_action_before_cleaning,,,,
2014-11-07,XC20DP-R,5.220367431640625,5.220367431640625,high,"abs_threshold,positive_threshold",needs_review,verify_vendor_or_corporate_action_before_cleaning,,,,
2025-07-08,B7X5WC-R,5.173972129821777,5.173972129821777,high,"abs_threshold,positive_threshold",needs_review,verify_vendor_or_corporate_action_before_cleaning,,,,
2016-02-26,L2BWXK-R,5.1333327293396,5.1333327293396,high,"abs_threshold,positive_threshold",needs_review,verify_vendor_or_corporate_action_before_cleaning,,,,
2025-07-23,WP2Z44-R,5.101123809814453,5.101123809814453,high,"abs_threshold,positive_threshold",needs_review,verify_vendor_or_corporate_action_before_cleaning,,,,
2020-06-24,GM3PSR-R,5.0308637619018555,5.0308637619018555,high,"abs_threshold,positive_threshold",needs_review,verify_vendor_or_corporate_action_before_cleaning,,,,
2020-07-02,GM3PSR-R,5.017366886138916,5.017366886138916,high,"abs_threshold,positive_threshold",needs_review,verify_vendor_or_corporate_action_before_cleaning,,,,
2020-09-23,GM3PSR-R,5.016448020935059,5.016448020935059,high,"abs_threshold,positive_threshold",needs_review,verify_vendor_or_corporate_action_before_cleaning,,,,
2022-03-10,GGKD94-R,5.0046772956848145,5.0046772956848145,high,"abs_threshold,positive_threshold",needs_review,verify_vendor_or_corporate_action_before_cleaning,,,,
2024-04-15,V05L58-R,5.0019755363464355,5.0019755363464355,high,"abs_threshold,positive_threshold",needs_review,verify_vendor_or_corporate_action_before_cleaning,,,,
2025-10-23,CB1HZ7-R,4.998708724975586,4.998708724975586,high,"abs_threshold,positive_threshold",needs_review,verify_vendor_or_corporate_action_before_cleaning,,,,
2019-05-20,GM3PSR-R,4.997044563293457,4.997044563293457,high,"abs_threshold,positive_threshold",needs_review,verify_vendor_or_corporate_action_before_cleaning,,,,
2025-06-10,VDT2VP-R,4.990810871124268,4.990810871124268,high,"abs_threshold,positive_threshold",needs_review,verify_vendor_or_corporate_action_before_cleaning,,,,
2025-09-23,MBLWWK-R,4.98779296875,4.98779296875,high,"abs_threshold,positive_threshold",needs_review,verify_vendor_or_corporate_action_before_cleaning,,,,
2025-11-25,V9KKT0-R,4.982876,4.982876,high,"abs_threshold,positive_threshold",needs_review,verify_vendor_or_corporate_action_before_cleaning,,,,
2025-11-13,CB1HZ7-R,4.9770612,4.9770612,high,"abs_threshold,positive_threshold",needs_review,verify_vendor_or_corporate_action_before_cleaning,,,,
2022-02-17,GGKD94-R,4.975452423095703,4.975452423095703,high,"abs_threshold,positive_threshold",needs_review,verify_vendor_or_corporate_action_before_cleaning,,,,
2024-09-04,T4332F-R,4.967794895172119,4.967794895172119,high,"abs_threshold,positive_threshold",needs_review,verify_vendor_or_corporate_action_before_cleaning,,,,
2014-12-31,CW13FK-R,4.9470438957214355,4.9470438957214355,high,"abs_threshold,positive_threshold",needs_review,verify_vendor_or_corporate_action_before_cleaning,,,,
2025-03-07,QBPHNX-R,4.941588878631592,4.941588878631592,high,"abs_threshold,positive_threshold",needs_review,verify_vendor_or_corporate_action_before_cleaning,,,,
2021-06-18,BT5LSL-R,4.882352828979492,4.882352828979492,high,"abs_threshold,positive_threshold",needs_review,verify_vendor_or_corporate_action_before_cleaning,,,,
2025-09-16,MBLWWK-R,4.853206157684326,4.853206157684326,high,"abs_threshold,positive_threshold",needs_review,verify_vendor_or_corporate_action_before_cleaning,,,,
2021-02-01,VXKLK4-R,4.746490478515625,4.746490478515625,high,"abs_threshold,positive_threshold",needs_review,verify_vendor_or_corporate_action_before_cleaning,,,,
2025-06-18,P52239-R,4.645423889160156,4.645423889160156,high,"abs_threshold,positive_threshold",needs_review,verify_vendor_or_corporate_action_before_cleaning,,,,
2025-08-19,VDT2VP-R,4.596161365509033,4.596161365509033,high,"abs_threshold,positive_threshold",needs_review,verify_vendor_or_corporate_action_before_cleaning,,,,
2016-02-10,GM3PSR-R,4.556501388549805,4.556501388549805,high,"abs_threshold,positive_threshold",needs_review,verify_vendor_or_corporate_action_before_cleaning,,,,
2023-12-28,T7HRLL-R,4.555305004119873,4.555305004119873,high,"abs_threshold,positive_threshold",needs_review,verify_vendor_or_corporate_action_before_cleaning,,,,
2022-08-03,RSXC6D-R,4.542494773864746,4.542494773864746,high,"abs_threshold,positive_threshold",needs_review,verify_vendor_or_corporate_action_before_cleaning,,,,
2021-11-10,GKYKWV-R,4.531514644622803,4.531514644622803,high,"abs_threshold,positive_threshold",needs_review,verify_vendor_or_corporate_action_before_cleaning,,,,
2021-12-03,GKYKWV-R,4.518284320831299,4.518284320831299,high,"abs_threshold,positive_threshold",needs_review,verify_vendor_or_corporate_action_before_cleaning,,,,
2016-03-21,GM3PSR-R,4.515631198883057,4.515631198883057,high,"abs_threshold,positive_threshold",needs_review,verify_vendor_or_corporate_action_before_cleaning,,,,
2018-02-16,GM3PSR-R,4.51369571685791,4.51369571685791,high,"abs_threshold,positive_threshold",needs_review,verify_vendor_or_corporate_action_before_cleaning,,,,
2021-11-15,GKYKWV-R,4.511558532714844,4.511558532714844,high,"abs_threshold,positive_threshold",needs_review,verify_vendor_or_corporate_action_before_cleaning,,,,
2021-02-12,GM3PSR-R,4.506126880645752,4.506126880645752,high,"abs_threshold,positive_threshold",needs_review,verify_vendor_or_corporate_action_before_cleaning,,,,
2021-11-30,GKYKWV-R,4.506108283996582,4.506108283996582,high,"abs_threshold,positive_threshold",needs_review,verify_vendor_or_corporate_action_before_cleaning,,,,
2016-02-17,GM3PSR-R,4.505434036254883,4.505434036254883,high,"abs_threshold,positive_threshold",needs_review,verify_vendor_or_corporate_action_before_cleaning,,,,
2021-11-23,GKYKWV-R,4.49169921875,4.49169921875,high,"abs_threshold,positive_threshold",needs_review,verify_vendor_or_corporate_action_before_cleaning,,,,
2023-11-27,SNC4KL-R,4.487381458282471,4.487381458282471,high,"abs_threshold,positive_threshold",needs_review,verify_vendor_or_corporate_action_before_cleaning,,,,
2023-08-15,JBLXCY-R,4.48240327835083,4.48240327835083,high,"abs_threshold,positive_threshold",needs_review,verify_vendor_or_corporate_action_before_cleaning,,,,
2021-11-18,GKYKWV-R,4.480371952056885,4.480371952056885,high,"abs_threshold,positive_threshold",needs_review,verify_vendor_or_corporate_action_before_cleaning,,,,
2025-10-16,JXR980-R,4.47503662109375,4.47503662109375,high,"abs_threshold,positive_threshold",needs_review,verify_vendor_or_corporate_action_before_cleaning,,,,
2025-02-04,T7HRLL-R,4.465030670166016,4.465030670166016,high,"abs_threshold,positive_threshold",needs_review,verify_vendor_or_corporate_action_before_cleaning,,,,
2020-10-05,GM3PSR-R,4.463620662689209,4.463620662689209,high,"abs_threshold,positive_threshold",needs_review,verify_vendor_or_corporate_action_before_cleaning,,,,
2025-08-28,J5RFMZ-R,4.463476181030273,4.463476181030273,high,"abs_threshold,positive_threshold",needs_review,verify_vendor_or_corporate_action_before_cleaning,,,,
2025-05-23,VDT2VP-R,4.455878257751465,4.455878257751465,high,"abs_threshold,positive_threshold",needs_review,verify_vendor_or_corporate_action_before_cleaning,,,,
2016-03-17,GM3PSR-R,4.382384300231934,4.382384300231934,high,"abs_threshold,positive_threshold",needs_review,verify_vendor_or_corporate_action_before_cleaning,,,,
2018-03-27,GKYKWV-R,4.269907474517822,4.269907474517822,high,"abs_threshold,positive_threshold",needs_review,verify_vendor_or_corporate_action_before_cleaning,,,,
2024-08-22,KV0K62-R,4.26836633682251,4.26836633682251,high,"abs_threshold,positive_threshold",needs_review,verify_vendor_or_corporate_action_before_cleaning,,,,
2025-04-07,MBLWWK-R,4.231420993804932,4.231420993804932,high,"abs_threshold,positive_threshold",needs_review,verify_vendor_or_corporate_action_before_cleaning,,,,
2020-02-07,TD2BMG-R,4.227272987365723,4.227272987365723,high,"abs_threshold,positive_threshold",needs_review,verify_vendor_or_corporate_action_before_cleaning,,,,
2014-10-22,F3Q31N-R,4.1999993324279785,4.1999993324279785,high,"abs_threshold,positive_threshold",needs_review,verify_vendor_or_corporate_action_before_cleaning,,,,
2025-08-20,GYM5PB-R,4.170875072479248,4.170875072479248,high,"abs_threshold,positive_threshold",needs_review,verify_vendor_or_corporate_action_before_cleaning,,,,
2023-01-05,R3Q0GG-R,4.131072998046875,4.131072998046875,high,"abs_threshold,positive_threshold",needs_review,verify_vendor_or_corporate_action_before_cleaning,,,,
2006-02-16,LRLWMW-R,4.12545108795166,4.12545108795166,high,"abs_threshold,positive_threshold",needs_review,verify_vendor_or_corporate_action_before_cleaning,,,,
2024-05-16,H3ZWHN-R,4.100041389465332,4.100041389465332,high,"abs_threshold,positive_threshold",needs_review,verify_vendor_or_corporate_action_before_cleaning,,,,
2008-03-03,TWT42C-R,4.097831726074219,4.097831726074219,high,"abs_threshold,positive_threshold",needs_review,verify_vendor_or_corporate_action_before_cleaning,,,,
2025-02-03,JXR980-R,4.039264678955078,4.039264678955078,high,"abs_threshold,positive_threshold",needs_review,verify_vendor_or_corporate_action_before_cleaning,,,,
2025-09-19,P52239-R,4.007655143737793,4.007655143737793,high,"abs_threshold,positive_threshold",needs_review,verify_vendor_or_corporate_action_before_cleaning,,,,
2023-08-18,T7HRLL-R,4.007356643676758,4.007356643676758,high,"abs_threshold,positive_threshold",needs_review,verify_vendor_or_corporate_action_before_cleaning,,,,
2025-11-17,L5W163-R,4.006466,4.006466,high,"abs_threshold,positive_threshold",needs_review,verify_vendor_or_corporate_action_before_cleaning,,,,
2019-05-07,BBD288-R,4.003128528594971,4.003128528594971,high,"abs_threshold,positive_threshold",needs_review,verify_vendor_or_corporate_action_before_cleaning,,,,
2025-01-29,WL4MZG-R,4.002159595489502,4.002159595489502,high,"abs_threshold,positive_threshold",needs_review,verify_vendor_or_corporate_action_before_cleaning,,,,
2025-09-12,QBCTL6-R,4.000426769256592,4.000426769256592,high,"abs_threshold,positive_threshold",needs_review,verify_vendor_or_corporate_action_before_cleaning,,,,
2020-01-06,BT5LSL-R,3.9999992847442627,3.9999992847442627,high,"abs_threshold,positive_threshold",needs_review,verify_vendor_or_corporate_action_before_cleaning,,,,
2021-10-22,HN0LVT-R,3.9997854232788086,3.9997854232788086,high,"abs_threshold,positive_threshold",needs_review,verify_vendor_or_corporate_action_before_cleaning,,,,
2024-06-28,VW1H7G-R,3.997434616088867,3.997434616088867,high,"abs_threshold,positive_threshold",needs_review,verify_vendor_or_corporate_action_before_cleaning,,,,
2024-05-06,VW1H7G-R,3.9939703941345215,3.9939703941345215,high,"abs_threshold,positive_threshold",needs_review,verify_vendor_or_corporate_action_before_cleaning,,,,
2024-09-20,X32NYV-R,3.993718385696411,3.993718385696411,high,"abs_threshold,positive_threshold",needs_review,verify_vendor_or_corporate_action_before_cleaning,,,,
2024-03-01,V05L58-R,3.9935388565063477,3.9935388565063477,high,"abs_threshold,positive_threshold",needs_review,verify_vendor_or_corporate_action_before_cleaning,,,,
2025-07-09,GYM5PB-R,3.9903969764709473,3.9903969764709473,high,"abs_threshold,positive_threshold",needs_review,verify_vendor_or_corporate_action_before_cleaning,,,,
2024-10-24,K4MV84-R,3.9895811080932617,3.9895811080932617,high,"abs_threshold,positive_threshold",needs_review,verify_vendor_or_corporate_action_before_cleaning,,,,
2018-12-18,BBD288-R,3.9881200790405273,3.9881200790405273,high,"abs_threshold,positive_threshold",needs_review,verify_vendor_or_corporate_action_before_cleaning,,,,
2025-02-11,T7HRLL-R,3.9876699447631836,3.9876699447631836,high,"abs_threshold,positive_threshold",needs_review,verify_vendor_or_corporate_action_before_cleaning,,,,
2024-05-09,L93LBV-R,3.9874725341796875,3.9874725341796875,high,"abs_threshold,positive_threshold",needs_review,verify_vendor_or_corporate_action_before_cleaning,,,,
2025-07-24,T7HRLL-R,3.9861900806427,3.9861900806427,high,"abs_threshold,positive_threshold",needs_review,verify_vendor_or_corporate_action_before_cleaning,,,,
2024-06-27,T7HRLL-R,3.9857630729675293,3.9857630729675293,high,"abs_threshold,positive_threshold",needs_review,verify_vendor_or_corporate_action_before_cleaning,,,,
2023-10-05,T7HRLL-R,3.9819564819335938,3.9819564819335938,high,"abs_threshold,positive_threshold",needs_review,verify_vendor_or_corporate_action_before_cleaning,,,,
2025-06-10,HD28K4-R,3.8866848945617676,3.8866848945617676,high,"abs_threshold,positive_threshold",needs_review,verify_vendor_or_corporate_action_before_cleaning,,,,
2020-05-07,XNX0MF-R,3.880000114440918,3.880000114440918,high,"abs_threshold,positive_threshold",needs_review,verify_vendor_or_corporate_action_before_cleaning,,,,
2016-07-05,GM3PSR-R,3.8696041107177734,3.8696041107177734,high,"abs_threshold,positive_threshold",needs_review,verify_vendor_or_corporate_action_before_cleaning,,,,
2009-03-06,L471Q0-R,3.856458902359009,3.856458902359009,high,"abs_threshold,positive_threshold",needs_review,verify_vendor_or_corporate_action_before_cleaning,,,,
2024-08-16,X32NYV-R,3.827841281890869,3.827841281890869,high,"abs_threshold,positive_threshold",needs_review,verify_vendor_or_corporate_action_before_cleaning,,,,
2018-09-28,T7HRLL-R,3.82562255859375,3.82562255859375,high,"abs_threshold,positive_threshold",needs_review,verify_vendor_or_corporate_action_before_cleaning,,,,
2023-11-01,MKFRGX-R,3.7923195362091064,3.7923195362091064,high,"abs_threshold,positive_threshold",needs_review,verify_vendor_or_corporate_action_before_cleaning,,,,
2025-10-29,BRPPS1-R,3.771212577819824,3.771212577819824,high,"abs_threshold,positive_threshold",needs_review,verify_vendor_or_corporate_action_before_cleaning,,,,
2020-12-28,VXKLK4-R,3.7673068046569824,3.7673068046569824,high,"abs_threshold,positive_threshold",needs_review,verify_vendor_or_corporate_action_before_cleaning,,,,
2025-11-04,WYJMZH-R,3.7634329795837402,3.7634329795837402,high,"abs_threshold,positive_threshold",needs_review,verify_vendor_or_corporate_action_before_cleaning,,,,
2025-07-11,T7HRLL-R,3.756610631942749,3.756610631942749,high,"abs_threshold,positive_threshold",needs_review,verify_vendor_or_corporate_action_before_cleaning,,,,
2025-07-17,QBCTL6-R,3.7536892890930176,3.7536892890930176,high,"abs_threshold,positive_threshold",needs_review,verify_vendor_or_corporate_action_before_cleaning,,,,
2022-07-20,GGKD94-R,3.7462105751037598,3.7462105751037598,high,"abs_threshold,positive_threshold",needs_review,verify_vendor_or_corporate_action_before_cleaning,,,,
2010-02-12,J4ZBF3-R,3.7437920570373535,3.7437920570373535,high,"abs_threshold,positive_threshold",needs_review,verify_vendor_or_corporate_action_before_cleaning,,,,
2015-10-12,GM3PSR-R,3.7424817085266113,3.7424817085266113,high,"abs_threshold,positive_threshold",needs_review,verify_vendor_or_corporate_action_before_cleaning,,,,
2020-11-11,GKYKWV-R,3.722501039505005,3.722501039505005,high,"abs_threshold,positive_threshold",needs_review,verify_vendor_or_corporate_action_before_cleaning,,,,
2014-01-24,STXG69-R,3.7176389694213867,3.7176389694213867,high,"abs_threshold,positive_threshold",needs_review,verify_vendor_or_corporate_action_before_cleaning,,,,
2014-06-20,KGSZF0-R,3.71175479888916,3.71175479888916,high,"abs_threshold,positive_threshold",needs_review,verify_vendor_or_corporate_action_before_cleaning,,,,
2010-02-26,TQ7GN6-R,3.706840991973877,3.706840991973877,high,"abs_threshold,positive_threshold",needs_review,verify_vendor_or_corporate_action_before_cleaning,,,,
2025-12-03,B3L98G-R,3.688474,3.688474,high,"abs_threshold,positive_threshold",needs_review,verify_vendor_or_corporate_action_before_cleaning,,,,
2018-03-16,GKYKWV-R,3.6820578575134277,3.6820578575134277,high,"abs_threshold,positive_threshold",needs_review,verify_vendor_or_corporate_action_before_cleaning,,,,
2024-05-14,L14CLL-R,3.666124105453491,3.666124105453491,high,"abs_threshold,positive_threshold",needs_review,verify_vendor_or_corporate_action_before_cleaning,,,,
2023-10-11,JBLXCY-R,3.655245304107666,3.655245304107666,high,"abs_threshold,positive_threshold",needs_review,verify_vendor_or_corporate_action_before_cleaning,,,,
2017-05-16,WDK2F1-R,3.6224567890167236,3.6224567890167236,high,"abs_threshold,positive_threshold",needs_review,verify_vendor_or_corporate_action_before_cleaning,,,,
2024-10-07,XHVG5N-R,3.617419958114624,3.617419958114624,high,"abs_threshold,positive_threshold",needs_review,verify_vendor_or_corporate_action_before_cleaning,,,,
2016-09-23,R075P4-R,3.5996155738830566,3.5996155738830566,high,"abs_threshold,positive_threshold",needs_review,verify_vendor_or_corporate_action_before_cleaning,,,,
2009-06-12,S20SQB-R,3.5636959075927734,3.5636959075927734,high,"abs_threshold,positive_threshold",needs_review,verify_vendor_or_corporate_action_before_cleaning,,,,
2007-12-27,CHMTHW-R,3.559727907180786,3.559727907180786,high,"abs_threshold,positive_threshold",needs_review,verify_vendor_or_corporate_action_before_cleaning,,,,
2017-01-11,GM3PSR-R,3.5530877113342285,3.5530877113342285,high,"abs_threshold,positive_threshold",needs_review,verify_vendor_or_corporate_action_before_cleaning,,,,
2022-08-17,GGKD94-R,3.553058385848999,3.553058385848999,high,"abs_threshold,positive_threshold",needs_review,verify_vendor_or_corporate_action_before_cleaning,,,,
2018-11-12,GM3PSR-R,3.540996789932251,3.540996789932251,high,"abs_threshold,positive_threshold",needs_review,verify_vendor_or_corporate_action_before_cleaning,,,,
2019-01-02,GM3PSR-R,3.5305166244506836,3.5305166244506836,high,"abs_threshold,positive_threshold",needs_review,verify_vendor_or_corporate_action_before_cleaning,,,,
2023-10-05,GGKD94-R,3.5290517807006836,3.5290517807006836,high,"abs_threshold,positive_threshold",needs_review,verify_vendor_or_corporate_action_before_cleaning,,,,
2017-04-03,GM3PSR-R,3.51816463470459,3.51816463470459,high,"abs_threshold,positive_threshold",needs_review,verify_vendor_or_corporate_action_before_cleaning,,,,
2017-02-10,GM3PSR-R,3.517366886138916,3.517366886138916,high,"abs_threshold,positive_threshold",needs_review,verify_vendor_or_corporate_action_before_cleaning,,,,
2017-07-03,GM3PSR-R,3.5148444175720215,3.5148444175720215,high,"abs_threshold,positive_threshold",needs_review,verify_vendor_or_corporate_action_before_cleaning,,,,
2017-09-13,GM3PSR-R,3.513972282409668,3.513972282409668,high,"abs_threshold,positive_threshold",needs_review,verify_vendor_or_corporate_action_before_cleaning,,,,
2009-04-28,D1QXJC-R,3.512357711791992,3.512357711791992,high,"abs_threshold,positive_threshold",needs_review,verify_vendor_or_corporate_action_before_cleaning,,,,
2025-08-25,MBLWWK-R,3.5107784271240234,3.5107784271240234,high,"abs_threshold,positive_threshold",needs_review,verify_vendor_or_corporate_action_before_cleaning,,,,
2017-01-06,GM3PSR-R,3.509784460067749,3.509784460067749,high,"abs_threshold,positive_threshold",needs_review,verify_vendor_or_corporate_action_before_cleaning,,,,
2018-12-10,GM3PSR-R,3.505735397338867,3.505735397338867,high,"abs_threshold,positive_threshold",needs_review,verify_vendor_or_corporate_action_before_cleaning,,,,
2017-08-24,GM3PSR-R,3.503812074661255,3.503812074661255,high,"abs_threshold,positive_threshold",needs_review,verify_vendor_or_corporate_action_before_cleaning,,,,
2017-01-18,GM3PSR-R,3.5,3.5,high,"abs_threshold,positive_threshold",needs_review,verify_vendor_or_corporate_action_before_cleaning,,,,
2005-01-07,SRMGTP-R,3.497736692428589,3.497736692428589,high,"abs_threshold,positive_threshold",needs_review,verify_vendor_or_corporate_action_before_cleaning,,,,
2017-06-22,GM3PSR-R,3.4941515922546387,3.4941515922546387,high,"abs_threshold,positive_threshold",needs_review,verify_vendor_or_corporate_action_before_cleaning,,,,
2018-11-06,GM3PSR-R,3.4934964179992676,3.4934964179992676,high,"abs_threshold,positive_threshold",needs_review,verify_vendor_or_corporate_action_before_cleaning,,,,
2017-02-08,GM3PSR-R,3.4918041229248047,3.4918041229248047,high,"abs_threshold,positive_threshold",needs_review,verify_vendor_or_corporate_action_before_cleaning,,,,
2018-12-18,GM3PSR-R,3.489307403564453,3.489307403564453,high,"abs_threshold,positive_threshold",needs_review,verify_vendor_or_corporate_action_before_cleaning,,,,
2024-09-12,X32NYV-R,3.4877724647521973,3.4877724647521973,high,"abs_threshold,positive_threshold",needs_review,verify_vendor_or_corporate_action_before_cleaning,,,,
2017-02-02,GM3PSR-R,3.480220317840576,3.480220317840576,high,"abs_threshold,positive_threshold",needs_review,verify_vendor_or_corporate_action_before_cleaning,,,,
2012-12-12,W169HX-R,3.479647159576416,3.479647159576416,high,"abs_threshold,positive_threshold",needs_review,verify_vendor_or_corporate_action_before_cleaning,,,,
2024-07-17,LG0DHY-R,3.478388786315918,3.478388786315918,high,"abs_threshold,positive_threshold",needs_review,verify_vendor_or_corporate_action_before_cleaning,,,,
2017-05-31,GM3PSR-R,3.4729883670806885,3.4729883670806885,high,"abs_threshold,positive_threshold",needs_review,verify_vendor_or_corporate_action_before_cleaning,,,,
2025-03-24,MBLWWK-R,3.470489501953125,3.470489501953125,high,"abs_threshold,positive_threshold",needs_review,verify_vendor_or_corporate_action_before_cleaning,,,,
2017-06-27,GM3PSR-R,3.4663095474243164,3.4663095474243164,high,"abs_threshold,positive_threshold",needs_review,verify_vendor_or_corporate_action_before_cleaning,,,,
2017-09-15,GM3PSR-R,3.465771198272705,3.465771198272705,high,"abs_threshold,positive_threshold",needs_review,verify_vendor_or_corporate_action_before_cleaning,,,,
2024-11-13,CVS9ZN-R,3.4084203243255615,3.4084203243255615,high,"abs_threshold,positive_threshold",needs_review,verify_vendor_or_corporate_action_before_cleaning,,,,
2025-11-19,CB1HZ7-R,3.3942322000000003,3.3942322000000003,high,"abs_threshold,positive_threshold",needs_review,verify_vendor_or_corporate_action_before_cleaning,,,,
2021-10-07,GKYKWV-R,3.3884267807006836,3.3884267807006836,high,"abs_threshold,positive_threshold",needs_review,verify_vendor_or_corporate_action_before_cleaning,,,,
2024-01-29,HWYM1P-R,3.359015464782715,3.359015464782715,high,"abs_threshold,positive_threshold",needs_review,verify_vendor_or_corporate_action_before_cleaning,,,,
2025-06-10,GYM5PB-R,3.3411669731140137,3.3411669731140137,high,"abs_threshold,positive_threshold",needs_review,verify_vendor_or_corporate_action_before_cleaning,,,,
2009-07-01,BW984B-R,3.3390707969665527,3.3390707969665527,high,"abs_threshold,positive_threshold",needs_review,verify_vendor_or_corporate_action_before_cleaning,,,,
2025-08-18,MBLWWK-R,3.3333640098571777,3.3333640098571777,high,"abs_threshold,positive_threshold",needs_review,verify_vendor_or_corporate_action_before_cleaning,,,,
2020-04-01,BT5LSL-R,3.3333334922790527,3.3333334922790527,high,"abs_threshold,positive_threshold",needs_review,verify_vendor_or_corporate_action_before_cleaning,,,,
2020-08-11,X5CBFW-R,3.3141472339630127,3.3141472339630127,high,"abs_threshold,positive_threshold",needs_review,verify_vendor_or_corporate_action_before_cleaning,,,,
2017-06-30,WDK2F1-R,3.2578248977661133,3.2578248977661133,high,"abs_threshold,positive_threshold",needs_review,verify_vendor_or_corporate_action_before_cleaning,,,,
2025-10-10,J5RFMZ-R,3.2505507469177246,3.2505507469177246,high,"abs_threshold,positive_threshold",needs_review,verify_vendor_or_corporate_action_before_cleaning,,,,
2025-11-14,MBLWWK-R,3.2296294999999997,3.2296294999999997,high,"abs_threshold,positive_threshold",needs_review,verify_vendor_or_corporate_action_before_cleaning,,,,
2019-06-04,GKYKWV-R,3.2263638973236084,3.2263638973236084,high,"abs_threshold,positive_threshold",needs_review,verify_vendor_or_corporate_action_before_cleaning,,,,
2017-07-18,WDK2F1-R,3.2094504833221436,3.2094504833221436,high,"abs_threshold,positive_threshold",needs_review,verify_vendor_or_corporate_action_before_cleaning,,,,
2024-08-26,KV0K62-R,3.200939416885376,3.200939416885376,high,"abs_threshold,positive_threshold",needs_review,verify_vendor_or_corporate_action_before_cleaning,,,,
2021-11-05,GGKD94-R,3.196728229522705,3.196728229522705,high,"abs_threshold,positive_threshold",needs_review,verify_vendor_or_corporate_action_before_cleaning,,,,
2018-02-16,D0GRVM-R,3.172430992126465,3.172430992126465,high,"abs_threshold,positive_threshold",needs_review,verify_vendor_or_corporate_action_before_cleaning,,,,
2016-09-20,R075P4-R,3.1713292598724365,3.1713292598724365,high,"abs_threshold,positive_threshold",needs_review,verify_vendor_or_corporate_action_before_cleaning,,,,
2013-05-03,W169HX-R,3.170361042022705,3.170361042022705,high,"abs_threshold,positive_threshold",needs_review,verify_vendor_or_corporate_action_before_cleaning,,,,
2024-02-07,T7HRLL-R,3.161437511444092,3.161437511444092,high,"abs_threshold,positive_threshold",needs_review,verify_vendor_or_corporate_action_before_cleaning,,,,
2022-07-25,GGKD94-R,3.1586720943450928,3.1586720943450928,high,"abs_threshold,positive_threshold",needs_review,verify_vendor_or_corporate_action_before_cleaning,,,,
2025-09-16,V9KKT0-R,3.133619785308838,3.133619785308838,high,"abs_threshold,positive_threshold",needs_review,verify_vendor_or_corporate_action_before_cleaning,,,,
2016-02-12,X43DTZ-R,3.1326355934143066,3.1326355934143066,high,"abs_threshold,positive_threshold",needs_review,verify_vendor_or_corporate_action_before_cleaning,,,,
2008-09-19,P0XT7P-R,3.127638101577759,3.127638101577759,high,"abs_threshold,positive_threshold",needs_review,verify_vendor_or_corporate_action_before_cleaning,,,,
2022-09-14,LN213S-R,3.1172690391540527,3.1172690391540527,high,"abs_threshold,positive_threshold",needs_review,verify_vendor_or_corporate_action_before_cleaning,,,,
2020-05-11,GKYKWV-R,3.09790301322937,3.09790301322937,high,"abs_threshold,positive_threshold",needs_review,verify_vendor_or_corporate_action_before_cleaning,,,,
2023-05-12,QR9Z00-R,3.08888840675354,3.08888840675354,high,"abs_threshold,positive_threshold",needs_review,verify_vendor_or_corporate_action_before_cleaning,,,,
2022-10-14,QR9Z00-R,3.08888840675354,3.08888840675354,high,"abs_threshold,positive_threshold",needs_review,verify_vendor_or_corporate_action_before_cleaning,,,,
2025-09-30,V9KKT0-R,3.0839462280273438,3.0839462280273438,high,"abs_threshold,positive_threshold",needs_review,verify_vendor_or_corporate_action_before_cleaning,,,,
2024-05-22,SC9W4P-R,3.0818445682525635,3.0818445682525635,high,"abs_threshold,positive_threshold",needs_review,verify_vendor_or_corporate_action_before_cleaning,,,,
2026-04-01,RFG66G-R,3.080185890197754,3.080185890197754,high,"abs_threshold,positive_threshold",needs_review,verify_vendor_or_corporate_action_before_cleaning,,,,
2025-06-02,KFVJCH-R,3.077692985534668,3.077692985534668,high,"abs_threshold,positive_threshold",needs_review,verify_vendor_or_corporate_action_before_cleaning,,,,
2025-11-13,JBPRTM-R,3.0437157999999997,3.0437157999999997,high,"abs_threshold,positive_threshold",needs_review,verify_vendor_or_corporate_action_before_cleaning,,,,
2021-01-27,JZPK1F-R,3.037149429321289,3.037149429321289,high,"abs_threshold,positive_threshold",needs_review,verify_vendor_or_corporate_action_before_cleaning,,,,
2007-02-21,LG8XHP-R,3.0271944999694824,3.0271944999694824,high,"abs_threshold,positive_threshold",needs_review,verify_vendor_or_corporate_action_before_cleaning,,,,
2017-09-21,GM3PSR-R,3.0246589183807373,3.0246589183807373,high,"abs_threshold,positive_threshold",needs_review,verify_vendor_or_corporate_action_before_cleaning,,,,
2017-10-20,GM3PSR-R,3.0225670337677,3.0225670337677,high,"abs_threshold,positive_threshold",needs_review,verify_vendor_or_corporate_action_before_cleaning,,,,
2018-06-08,GM3PSR-R,3.0200576782226562,3.0200576782226562,high,"abs_threshold,positive_threshold",needs_review,verify_vendor_or_corporate_action_before_cleaning,,,,
2017-11-28,GM3PSR-R,3.0171899795532227,3.0171899795532227,high,"abs_threshold,positive_threshold",needs_review,verify_vendor_or_corporate_action_before_cleaning,,,,
2025-07-08,VDT2VP-R,3.0155649185180664,3.0155649185180664,high,"abs_threshold,positive_threshold",needs_review,verify_vendor_or_corporate_action_before_cleaning,,,,
2019-03-26,GM3PSR-R,3.0148932933807373,3.0148932933807373,high,"abs_threshold,positive_threshold",needs_review,verify_vendor_or_corporate_action_before_cleaning,,,,
2018-08-30,GM3PSR-R,3.012181282043457,3.012181282043457,high,"abs_threshold,positive_threshold",needs_review,verify_vendor_or_corporate_action_before_cleaning,,,,
2018-10-02,GM3PSR-R,3.0100386142730713,3.0100386142730713,high,"abs_threshold,positive_threshold",needs_review,verify_vendor_or_corporate_action_before_cleaning,,,,
2017-12-22,GM3PSR-R,3.0087881088256836,3.0087881088256836,high,"abs_threshold,positive_threshold",needs_review,verify_vendor_or_corporate_action_before_cleaning,,,,
2025-11-20,V9KKT0-R,3.007288,3.007288,high,"abs_threshold,positive_threshold",needs_review,verify_vendor_or_corporate_action_before_cleaning,,,,
2020-12-04,GM3PSR-R,3.006094455718994,3.006094455718994,high,"abs_threshold,positive_threshold",needs_review,verify_vendor_or_corporate_action_before_cleaning,,,,
2017-12-04,GM3PSR-R,3.0055694580078125,3.0055694580078125,high,"abs_threshold,positive_threshold",needs_review,verify_vendor_or_corporate_action_before_cleaning,,,,
2018-05-07,GM3PSR-R,3.0053718090057373,3.0053718090057373,high,"abs_threshold,positive_threshold",needs_review,verify_vendor_or_corporate_action_before_cleaning,,,,
2008-11-21,LN794Q-R,3.004476547241211,3.004476547241211,high,"abs_threshold,positive_threshold",needs_review,verify_vendor_or_corporate_action_before_cleaning,,,,
2016-08-23,GM3PSR-R,3.002826452255249,3.002826452255249,high,"abs_threshold,positive_threshold",needs_review,verify_vendor_or_corporate_action_before_cleaning,,,,
2016-09-15,GM3PSR-R,3.001422643661499,3.001422643661499,high,"abs_threshold,positive_threshold",needs_review,verify_vendor_or_corporate_action_before_cleaning,,,,
2016-08-26,GM3PSR-R,3.0005316734313965,3.0005316734313965,high,"abs_threshold,positive_threshold",needs_review,verify_vendor_or_corporate_action_before_cleaning,,,,
2013-07-03,SD9913-R,3.000020980834961,3.000020980834961,high,"abs_threshold,positive_threshold",needs_review,verify_vendor_or_corporate_action_before_cleaning,,,,
2019-03-11,PPC683-R,3.0,3.0,high,"abs_threshold,positive_threshold",needs_review,verify_vendor_or_corporate_action_before_cleaning,,,,
2019-03-01,GM3PSR-R,2.999824285507202,2.999824285507202,high,"abs_threshold,positive_threshold",needs_review,verify_vendor_or_corporate_action_before_cleaning,,,,
2024-07-04,TP1K7K-R,2.999329090118408,2.999329090118408,high,"abs_threshold,positive_threshold",needs_review,verify_vendor_or_corporate_action_before_cleaning,,,,
2023-11-09,K8YRNT-R,2.996640205383301,2.996640205383301,high,"abs_threshold,positive_threshold",needs_review,verify_vendor_or_corporate_action_before_cleaning,,,,
2019-03-18,GM3PSR-R,2.9959425926208496,2.9959425926208496,high,"abs_threshold,positive_threshold",needs_review,verify_vendor_or_corporate_action_before_cleaning,,,,
2025-09-26,XNQCR0-R,2.994697332382202,2.994697332382202,high,"abs_threshold,positive_threshold",needs_review,verify_vendor_or_corporate_action_before_cleaning,,,,
2018-09-10,GM3PSR-R,2.992933750152588,2.992933750152588,high,"abs_threshold,positive_threshold",needs_review,verify_vendor_or_corporate_action_before_cleaning,,,,
2023-11-13,T7HRLL-R,2.9925167560577393,2.9925167560577393,high,"abs_threshold,positive_threshold",needs_review,verify_vendor_or_corporate_action_before_cleaning,,,,
2016-09-08,GM3PSR-R,2.988646984100342,2.988646984100342,high,"abs_threshold,positive_threshold",needs_review,verify_vendor_or_corporate_action_before_cleaning,,,,
2021-05-03,GM3PSR-R,2.987908363342285,2.987908363342285,high,"abs_threshold,positive_threshold",needs_review,verify_vendor_or_corporate_action_before_cleaning,,,,
2024-03-06,GGKD94-R,2.986798048019409,2.986798048019409,high,"abs_threshold,positive_threshold",needs_review,verify_vendor_or_corporate_action_before_cleaning,,,,
2017-11-09,GM3PSR-R,2.9864087104797363,2.9864087104797363,high,"abs_threshold,positive_threshold",needs_review,verify_vendor_or_corporate_action_before_cleaning,,,,
2024-01-30,T7HRLL-R,2.985973596572876,2.985973596572876,high,"abs_threshold,positive_threshold",needs_review,verify_vendor_or_corporate_action_before_cleaning,,,,
2017-12-18,GM3PSR-R,2.9840846061706543,2.9840846061706543,high,"abs_threshold,positive_threshold",needs_review,verify_vendor_or_corporate_action_before_cleaning,,,,
2024-01-10,T7HRLL-R,2.9819467067718506,2.9819467067718506,high,"abs_threshold,positive_threshold",needs_review,verify_vendor_or_corporate_action_before_cleaning,,,,
2016-08-18,GM3PSR-R,2.981461763381958,2.981461763381958,high,"abs_threshold,positive_threshold",needs_review,verify_vendor_or_corporate_action_before_cleaning,,,,
2009-01-27,F3Q31N-R,2.9800000190734863,2.9800000190734863,high,"abs_threshold,positive_threshold",needs_review,verify_vendor_or_corporate_action_before_cleaning,,,,
2025-11-06,GYM5PB-R,2.9790283,2.9790283,high,"abs_threshold,positive_threshold",needs_review,verify_vendor_or_corporate_action_before_cleaning,,,,
2009-03-13,JQ0KWV-R,2.97098708152771,2.97098708152771,high,"abs_threshold,positive_threshold",needs_review,verify_vendor_or_corporate_action_before_cleaning,,,,
2024-12-04,RFG66G-R,2.9396042823791504,2.9396042823791504,high,"abs_threshold,positive_threshold",needs_review,verify_vendor_or_corporate_action_before_cleaning,,,,
2009-02-23,GJSRL7-R,2.904188871383667,2.904188871383667,high,"abs_threshold,positive_threshold",needs_review,verify_vendor_or_corporate_action_before_cleaning,,,,
2025-09-30,GYM5PB-R,2.8684043884277344,2.8684043884277344,high,"abs_threshold,positive_threshold",needs_review,verify_vendor_or_corporate_action_before_cleaning,,,,
2018-03-29,GKYKWV-R,2.8496975898742676,2.8496975898742676,high,"abs_threshold,positive_threshold",needs_review,verify_vendor_or_corporate_action_before_cleaning,,,,
2019-01-04,T7HRLL-R,2.84409499168396,2.84409499168396,high,"abs_threshold,positive_threshold",needs_review,verify_vendor_or_corporate_action_before_cleaning,,,,
2025-11-06,V9KKT0-R,2.8259888,2.8259888,high,"abs_threshold,positive_threshold",needs_review,verify_vendor_or_corporate_action_before_cleaning,,,,
2025-03-20,T4332F-R,2.818223714828491,2.818223714828491,high,"abs_threshold,positive_threshold",needs_review,verify_vendor_or_corporate_action_before_cleaning,,,,
2020-02-04,C7PLXT-R,2.8095757961273193,2.8095757961273193,high,"abs_threshold,positive_threshold",needs_review,verify_vendor_or_corporate_action_before_cleaning,,,,
2024-05-20,L93LBV-R,2.803847312927246,2.803847312927246,high,"abs_threshold,positive_threshold",needs_review,verify_vendor_or_corporate_action_before_cleaning,,,,
2019-05-03,GN936X-R,2.799999713897705,2.799999713897705,high,"abs_threshold,positive_threshold",needs_review,verify_vendor_or_corporate_action_before_cleaning,,,,
2020-03-20,DG71WP-R,2.793905019760132,2.793905019760132,high,"abs_threshold,positive_threshold",needs_review,verify_vendor_or_corporate_action_before_cleaning,,,,
2025-07-08,J5RFMZ-R,2.783898115158081,2.783898115158081,high,"abs_threshold,positive_threshold",needs_review,verify_vendor_or_corporate_action_before_cleaning,,,,
2012-02-02,MVH8ZN-R,2.756701946258545,2.756701946258545,high,"abs_threshold,positive_threshold",needs_review,verify_vendor_or_corporate_action_before_cleaning,,,,
2012-04-26,MVH8ZN-R,2.7515716552734375,2.7515716552734375,high,"abs_threshold,positive_threshold",needs_review,verify_vendor_or_corporate_action_before_cleaning,,,,
2021-04-08,GM3PSR-R,2.750945806503296,2.750945806503296,high,"abs_threshold,positive_threshold",needs_review,verify_vendor_or_corporate_action_before_cleaning,,,,
2019-01-30,BT5LSL-R,2.749999761581421,2.749999761581421,high,"abs_threshold,positive_threshold",needs_review,verify_vendor_or_corporate_action_before_cleaning,,,,
2025-10-23,GYM5PB-R,2.749192953109741,2.749192953109741,high,"abs_threshold,positive_threshold",needs_review,verify_vendor_or_corporate_action_before_cleaning,,,,
2009-07-20,DNWS4P-R,2.741029739379883,2.741029739379883,high,"abs_threshold,positive_threshold",needs_review,verify_vendor_or_corporate_action_before_cleaning,,,,
2022-07-15,TTQMYQ-R,2.7354629039764404,2.7354629039764404,high,"abs_threshold,positive_threshold",needs_review,verify_vendor_or_corporate_action_before_cleaning,,,,
2020-06-26,NYK5TL-R,2.724822759628296,2.724822759628296,high,"abs_threshold,positive_threshold",needs_review,verify_vendor_or_corporate_action_before_cleaning,,,,
2024-05-30,PV3KZ1-R,2.7113471031188965,2.7113471031188965,high,"abs_threshold,positive_threshold",needs_review,verify_vendor_or_corporate_action_before_cleaning,,,,
2022-12-13,JBLXCY-R,2.7087581157684326,2.7087581157684326,high,"abs_threshold,positive_threshold",needs_review,verify_vendor_or_corporate_action_before_cleaning,,,,
2025-03-14,MBLWWK-R,2.7023727893829346,2.7023727893829346,high,"abs_threshold,positive_threshold",needs_review,verify_vendor_or_corporate_action_before_cleaning,,,,
2015-08-18,WDK2F1-R,2.695164442062378,2.695164442062378,high,"abs_threshold,positive_threshold",needs_review,verify_vendor_or_corporate_action_before_cleaning,,,,
2025-06-12,DKQ0T0-R,2.6925811767578125,2.6925811767578125,high,"abs_threshold,positive_threshold",needs_review,verify_vendor_or_corporate_action_before_cleaning,,,,
2024-12-24,L5W163-R,2.6833975315093994,2.6833975315093994,high,"abs_threshold,positive_threshold",needs_review,verify_vendor_or_corporate_action_before_cleaning,,,,
2025-09-04,PRCZJK-R,2.6756479740142822,2.6756479740142822,high,"abs_threshold,positive_threshold",needs_review,verify_vendor_or_corporate_action_before_cleaning,,,,
2018-04-19,GKYKWV-R,2.6703734397888184,2.6703734397888184,high,"abs_threshold,positive_threshold",needs_review,verify_vendor_or_corporate_action_before_cleaning,,,,
2022-03-22,GGKD94-R,2.6691315174102783,2.6691315174102783,high,"abs_threshold,positive_threshold",needs_review,verify_vendor_or_corporate_action_before_cleaning,,,,
2024-08-30,D7VQ10-R,2.667163372039795,2.667163372039795,high,"abs_threshold,positive_threshold",needs_review,verify_vendor_or_corporate_action_before_cleaning,,,,
2018-04-13,GKYKWV-R,2.6638405323028564,2.6638405323028564,high,"abs_threshold,positive_threshold",needs_review,verify_vendor_or_corporate_action_before_cleaning,,,,
2023-04-05,K0ZZ3B-R,2.61540150642395,2.61540150642395,high,"abs_threshold,positive_threshold",needs_review,verify_vendor_or_corporate_action_before_cleaning,,,,
2025-03-17,MBLWWK-R,2.602186918258667,2.602186918258667,high,"abs_threshold,positive_threshold",needs_review,verify_vendor_or_corporate_action_before_cleaning,,,,
2023-09-25,T7HRLL-R,2.5986087322235107,2.5986087322235107,high,"abs_threshold,positive_threshold",needs_review,verify_vendor_or_corporate_action_before_cleaning,,,,
2021-02-01,GM3PSR-R,2.5910849571228027,2.5910849571228027,high,"abs_threshold,positive_threshold",needs_review,verify_vendor_or_corporate_action_before_cleaning,,,,
2013-10-02,T7HRLL-R,2.582782030105591,2.582782030105591,high,"abs_threshold,positive_threshold",needs_review,verify_vendor_or_corporate_action_before_cleaning,,,,
2025-07-15,MJRTNC-R,2.5327088832855225,2.5327088832855225,high,"abs_threshold,positive_threshold",needs_review,verify_vendor_or_corporate_action_before_cleaning,,,,
2016-05-13,GM3PSR-R,2.5326812267303467,2.5326812267303467,high,"abs_threshold,positive_threshold",needs_review,verify_vendor_or_corporate_action_before_cleaning,,,,
2022-04-05,FSBLQT-R,2.5232560634613037,2.5232560634613037,high,"abs_threshold,positive_threshold",needs_review,verify_vendor_or_corporate_action_before_cleaning,,,,
2020-11-17,GKYKWV-R,2.5161921977996826,2.5161921977996826,high,"abs_threshold,positive_threshold",needs_review,verify_vendor_or_corporate_action_before_cleaning,,,,
2019-05-16,GM3PSR-R,2.5086100101470947,2.5086100101470947,high,"abs_threshold,positive_threshold",needs_review,verify_vendor_or_corporate_action_before_cleaning,,,,
2018-07-06,NYQ971-R,2.507077932357788,2.507077932357788,high,"abs_threshold,positive_threshold",needs_review,verify_vendor_or_corporate_action_before_cleaning,,,,
2019-08-21,T7HRLL-R,2.4985804557800293,2.4985804557800293,high,"abs_threshold,positive_threshold",needs_review,verify_vendor_or_corporate_action_before_cleaning,,,,
2024-05-28,L93LBV-R,2.4948501586914062,2.4948501586914062,high,"abs_threshold,positive_threshold",needs_review,verify_vendor_or_corporate_action_before_cleaning,,,,
2019-04-11,GM3PSR-R,2.4931695461273193,2.4931695461273193,high,"abs_threshold,positive_threshold",needs_review,verify_vendor_or_corporate_action_before_cleaning,,,,
2025-09-24,HZ7FMN-R,2.492851734161377,2.492851734161377,high,"abs_threshold,positive_threshold",needs_review,verify_vendor_or_corporate_action_before_cleaning,,,,
2019-08-07,GM3PSR-R,2.490950107574463,2.490950107574463,high,"abs_threshold,positive_threshold",needs_review,verify_vendor_or_corporate_action_before_cleaning,,,,
2022-09-01,FSBLQT-R,2.4877099990844727,2.4877099990844727,high,"abs_threshold,positive_threshold",needs_review,verify_vendor_or_corporate_action_before_cleaning,,,,
2023-08-30,T7HRLL-R,2.4681336879730225,2.4681336879730225,high,"abs_threshold,positive_threshold",needs_review,verify_vendor_or_corporate_action_before_cleaning,,,,
2013-05-28,NT47N2-R,2.459827184677124,2.459827184677124,high,"abs_threshold,positive_threshold",needs_review,verify_vendor_or_corporate_action_before_cleaning,,,,
2023-04-18,PRZ00L-R,2.4576988220214844,2.4576988220214844,high,"abs_threshold,positive_threshold",needs_review,verify_vendor_or_corporate_action_before_cleaning,,,,
2017-07-18,X43DTZ-R,2.44706654548645,2.44706654548645,high,"abs_threshold,positive_threshold",needs_review,verify_vendor_or_corporate_action_before_cleaning,,,,
2025-05-22,G93C5S-R,2.430159330368042,2.430159330368042,high,"abs_threshold,positive_threshold",needs_review,verify_vendor_or_corporate_action_before_cleaning,,,,
2017-10-19,XHLB0C-R,2.4273502826690674,2.4273502826690674,high,"abs_threshold,positive_threshold",needs_review,verify_vendor_or_corporate_action_before_cleaning,,,,
2020-01-16,L6HSMD-R,2.4214820861816406,2.4214820861816406,high,"abs_threshold,positive_threshold",needs_review,verify_vendor_or_corporate_action_before_cleaning,,,,
2022-08-23,T7HRLL-R,2.4022634029388428,2.4022634029388428,high,"abs_threshold,positive_threshold",needs_review,verify_vendor_or_corporate_action_before_cleaning,,,,
2022-06-06,T7HRLL-R,2.4004757404327393,2.4004757404327393,high,"abs_threshold,positive_threshold",needs_review,verify_vendor_or_corporate_action_before_cleaning,,,,
2025-03-14,P0XLVH-R,2.387096643447876,2.387096643447876,high,"abs_threshold,positive_threshold",needs_review,verify_vendor_or_corporate_action_before_cleaning,,,,
2009-10-02,MSCJKY-R,2.3667783737182617,2.3667783737182617,high,"abs_threshold,positive_threshold",needs_review,verify_vendor_or_corporate_action_before_cleaning,,,,
2025-08-21,FQDXKG-R,2.3598523139953613,2.3598523139953613,high,"abs_threshold,positive_threshold",needs_review,verify_vendor_or_corporate_action_before_cleaning,,,,
2024-12-27,CCTNJC-R,2.356508255004883,2.356508255004883,high,"abs_threshold,positive_threshold",needs_review,verify_vendor_or_corporate_action_before_cleaning,,,,
2023-09-27,T7HRLL-R,2.3563239574432373,2.3563239574432373,high,"abs_threshold,positive_threshold",needs_review,verify_vendor_or_corporate_action_before_cleaning,,,,
2019-07-01,T7HRLL-R,2.352024555206299,2.352024555206299,high,"abs_threshold,positive_threshold",needs_review,verify_vendor_or_corporate_action_before_cleaning,,,,
2024-07-23,KV0K62-R,2.3454737663269043,2.3454737663269043,high,"abs_threshold,positive_threshold",needs_review,verify_vendor_or_corporate_action_before_cleaning,,,,
2019-08-13,T7HRLL-R,2.342569589614868,2.342569589614868,high,"abs_threshold,positive_threshold",needs_review,verify_vendor_or_corporate_action_before_cleaning,,,,
2022-12-21,T7HRLL-R,2.341184377670288,2.341184377670288,high,"abs_threshold,positive_threshold",needs_review,verify_vendor_or_corporate_action_before_cleaning,,,,
2024-02-21,T7HRLL-R,2.338886022567749,2.338886022567749,high,"abs_threshold,positive_threshold",needs_review,verify_vendor_or_corporate_action_before_cleaning,,,,
2012-05-28,W169HX-R,2.337838888168335,2.337838888168335,high,"abs_threshold,positive_threshold",needs_review,verify_vendor_or_corporate_action_before_cleaning,,,,
2024-03-12,T7HRLL-R,2.336233615875244,2.336233615875244,high,"abs_threshold,positive_threshold",needs_review,verify_vendor_or_corporate_action_before_cleaning,,,,
2015-08-20,WDK2F1-R,2.3319027423858643,2.3319027423858643,high,"abs_threshold,positive_threshold",needs_review,verify_vendor_or_corporate_action_before_cleaning,,,,
2019-04-05,BBD288-R,2.3314027786254883,2.3314027786254883,high,"abs_threshold,positive_threshold",needs_review,verify_vendor_or_corporate_action_before_cleaning,,,,
2018-07-09,F1GD37-R,2.327786922454834,2.327786922454834,high,"abs_threshold,positive_threshold",needs_review,verify_vendor_or_corporate_action_before_cleaning,,,,
2025-11-24,PRCZJK-R,2.3252385,2.3252385,high,"abs_threshold,positive_threshold",needs_review,verify_vendor_or_corporate_action_before_cleaning,,,,
2020-03-27,T7HRLL-R,2.3230843544006348,2.3230843544006348,high,"abs_threshold,positive_threshold",needs_review,verify_vendor_or_corporate_action_before_cleaning,,,,
2025-03-21,MBLWWK-R,2.3056981563568115,2.3056981563568115,high,"abs_threshold,positive_threshold",needs_review,verify_vendor_or_corporate_action_before_cleaning,,,,
2020-11-09,WRV9CQ-R,2.2985222339630127,2.2985222339630127,high,"abs_threshold,positive_threshold",needs_review,verify_vendor_or_corporate_action_before_cleaning,,,,
2024-02-27,TSBDRD-R,2.295764923095703,2.295764923095703,high,"abs_threshold,positive_threshold",needs_review,verify_vendor_or_corporate_action_before_cleaning,,,,
2024-02-12,VQKMD4-R,2.2866923809051514,2.2866923809051514,high,"abs_threshold,positive_threshold",needs_review,verify_vendor_or_corporate_action_before_cleaning,,,,
2021-02-09,HZ8PJB-R,2.2865724563598633,2.2865724563598633,high,"abs_threshold,positive_threshold",needs_review,verify_vendor_or_corporate_action_before_cleaning,,,,
2024-07-22,M6PR23-R,2.286318778991699,2.286318778991699,high,"abs_threshold,positive_threshold",needs_review,verify_vendor_or_corporate_action_before_cleaning,,,,
2024-11-26,C03BLD-R,2.281754493713379,2.281754493713379,high,"abs_threshold,positive_threshold",needs_review,verify_vendor_or_corporate_action_before_cleaning,,,,
2009-03-30,C7RPXS-R,2.2775309085845947,2.2775309085845947,high,"abs_threshold,positive_threshold",needs_review,verify_vendor_or_corporate_action_before_cleaning,,,,
2018-03-01,T7HRLL-R,2.2714946269989014,2.2714946269989014,high,"abs_threshold,positive_threshold",needs_review,verify_vendor_or_corporate_action_before_cleaning,,,,
2018-01-25,GKYKWV-R,2.26806378364563,2.26806378364563,high,"abs_threshold,positive_threshold",needs_review,verify_vendor_or_corporate_action_before_cleaning,,,,
2026-02-18,KR2GVZ-R,2.2667858600616455,2.2667858600616455,high,"abs_threshold,positive_threshold",needs_review,verify_vendor_or_corporate_action_before_cleaning,,,,
2024-04-26,HWYM1P-R,2.260042190551758,2.260042190551758,high,"abs_threshold,positive_threshold",needs_review,verify_vendor_or_corporate_action_before_cleaning,,,,
2017-03-01,KFHMG4-R,2.2518794536590576,2.2518794536590576,high,"abs_threshold,positive_threshold",needs_review,verify_vendor_or_corporate_action_before_cleaning,,,,
2023-06-16,DD1BR4-R,2.25,2.25,high,"abs_threshold,positive_threshold",needs_review,verify_vendor_or_corporate_action_before_cleaning,,,,
2024-11-26,SZWBTV-R,2.2305736541748047,2.2305736541748047,high,"abs_threshold,positive_threshold",needs_review,verify_vendor_or_corporate_action_before_cleaning,,,,
2018-11-20,T7HRLL-R,2.211777687072754,2.211777687072754,high,"abs_threshold,positive_threshold",needs_review,verify_vendor_or_corporate_action_before_cleaning,,,,
2024-06-24,MBLWWK-R,2.20872163772583,2.20872163772583,high,"abs_threshold,positive_threshold",needs_review,verify_vendor_or_corporate_action_before_cleaning,,,,
2008-07-08,BGZP83-R,2.208552598953247,2.208552598953247,high,"abs_threshold,positive_threshold",needs_review,verify_vendor_or_corporate_action_before_cleaning,,,,
2025-08-04,DQ7Q41-R,2.1995880603790283,2.1995880603790283,high,"abs_threshold,positive_threshold",needs_review,verify_vendor_or_corporate_action_before_cleaning,,,,
2024-06-13,J5RFMZ-R,2.1970019340515137,2.1970019340515137,high,"abs_threshold,positive_threshold",needs_review,verify_vendor_or_corporate_action_before_cleaning,,,,
2021-08-19,GM3PSR-R,2.1897168159484863,2.1897168159484863,high,"abs_threshold,positive_threshold",needs_review,verify_vendor_or_corporate_action_before_cleaning,,,,
2008-01-24,C7RPXS-R,2.1875524520874023,2.1875524520874023,high,"abs_threshold,positive_threshold",needs_review,verify_vendor_or_corporate_action_before_cleaning,,,,
2020-10-07,DF203V-R,2.1839945316314697,2.1839945316314697,high,"abs_threshold,positive_threshold",needs_review,verify_vendor_or_corporate_action_before_cleaning,,,,
2023-11-02,SNC4KL-R,2.1755900382995605,2.1755900382995605,high,"abs_threshold,positive_threshold",needs_review,verify_vendor_or_corporate_action_before_cleaning,,,,
2015-05-28,T7HRLL-R,2.1692874431610107,2.1692874431610107,high,"abs_threshold,positive_threshold",needs_review,verify_vendor_or_corporate_action_before_cleaning,,,,
2025-05-06,P52239-R,2.1658291816711426,2.1658291816711426,high,"abs_threshold,positive_threshold",needs_review,verify_vendor_or_corporate_action_before_cleaning,,,,
2025-07-01,QBCTL6-R,2.1559126377105713,2.1559126377105713,high,"abs_threshold,positive_threshold",needs_review,verify_vendor_or_corporate_action_before_cleaning,,,,
2025-09-17,J5RFMZ-R,2.143387794494629,2.143387794494629,high,"abs_threshold,positive_threshold",needs_review,verify_vendor_or_corporate_action_before_cleaning,,,,
2022-09-08,LN213S-R,2.143277645111084,2.143277645111084,high,"abs_threshold,positive_threshold",needs_review,verify_vendor_or_corporate_action_before_cleaning,,,,
2015-11-13,D8GRVC-R,2.1373252868652344,2.1373252868652344,high,"abs_threshold,positive_threshold",needs_review,verify_vendor_or_corporate_action_before_cleaning,,,,
2025-01-01,X32NYV-R,2.132695436477661,2.132695436477661,high,"abs_threshold,positive_threshold",needs_review,verify_vendor_or_corporate_action_before_cleaning,,,,
2024-12-31,X32NYV-R,2.132695436477661,2.132695436477661,high,"abs_threshold,positive_threshold",needs_review,verify_vendor_or_corporate_action_before_cleaning,,,,
2018-06-05,T7HRLL-R,2.132364511489868,2.132364511489868,high,"abs_threshold,positive_threshold",needs_review,verify_vendor_or_corporate_action_before_cleaning,,,,
2007-09-05,HRCJ1B-R,2.131519079208374,2.131519079208374,high,"abs_threshold,positive_threshold",needs_review,verify_vendor_or_corporate_action_before_cleaning,,,,
2022-11-16,QVSQJ4-R,2.1290323734283447,2.1290323734283447,high,"abs_threshold,positive_threshold",needs_review,verify_vendor_or_corporate_action_before_cleaning,,,,
2021-02-02,GKYKWV-R,2.126878023147583,2.126878023147583,high,"abs_threshold,positive_threshold",needs_review,verify_vendor_or_corporate_action_before_cleaning,,,,
2019-04-30,GGKD94-R,2.124551773071289,2.124551773071289,high,"abs_threshold,positive_threshold",needs_review,verify_vendor_or_corporate_action_before_cleaning,,,,
2018-11-06,T7HRLL-R,2.120483636856079,2.120483636856079,high,"abs_threshold,positive_threshold",needs_review,verify_vendor_or_corporate_action_before_cleaning,,,,
2012-05-03,BYN3ZL-R,2.111673593521118,2.111673593521118,high,"abs_threshold,positive_threshold",needs_review,verify_vendor_or_corporate_action_before_cleaning,,,,
2016-10-03,T7HL8F-R,2.10538911819458,2.10538911819458,high,"abs_threshold,positive_threshold",needs_review,verify_vendor_or_corporate_action_before_cleaning,,,,
2025-08-28,MBLWWK-R,2.104247808456421,2.104247808456421,high,"abs_threshold,positive_threshold",needs_review,verify_vendor_or_corporate_action_before_cleaning,,,,
2009-06-10,C5GQP9-R,2.0975968837738037,2.0975968837738037,high,"abs_threshold,positive_threshold",needs_review,verify_vendor_or_corporate_action_before_cleaning,,,,
2024-12-30,VDT2VP-R,2.0887181758880615,2.0887181758880615,high,"abs_threshold,positive_threshold",needs_review,verify_vendor_or_corporate_action_before_cleaning,,,,
2025-11-13,QS8ZXV-R,2.0806236,2.0806236,high,"abs_threshold,positive_threshold",needs_review,verify_vendor_or_corporate_action_before_cleaning,,,,
2018-10-09,T7HRLL-R,2.077727794647217,2.077727794647217,high,"abs_threshold,positive_threshold",needs_review,verify_vendor_or_corporate_action_before_cleaning,,,,
2025-03-27,JG0YXR-R,2.07047438621521,2.07047438621521,high,"abs_threshold,positive_threshold",needs_review,verify_vendor_or_corporate_action_before_cleaning,,,,
2018-12-17,T7HRLL-R,2.069404363632202,2.069404363632202,high,"abs_threshold,positive_threshold",needs_review,verify_vendor_or_corporate_action_before_cleaning,,,,
2025-05-29,J5RFMZ-R,2.0637757778167725,2.0637757778167725,high,"abs_threshold,positive_threshold",needs_review,verify_vendor_or_corporate_action_before_cleaning,,,,
2016-06-30,HRF43V-R,2.0518858432769775,2.0518858432769775,high,"abs_threshold,positive_threshold",needs_review,verify_vendor_or_corporate_action_before_cleaning,,,,
2014-08-22,GM3PSR-R,2.042555809020996,2.042555809020996,high,"abs_threshold,positive_threshold",needs_review,verify_vendor_or_corporate_action_before_cleaning,,,,
2026-06-23,W4B5J2-R,2.0408401489257812,2.0408401489257812,high,"abs_threshold,positive_threshold",needs_review,verify_vendor_or_corporate_action_before_cleaning,,,,
2023-05-25,HN45T9-R,2.0399065017700195,2.0399065017700195,high,"abs_threshold,positive_threshold",needs_review,verify_vendor_or_corporate_action_before_cleaning,,,,
2019-10-22,J3VSJP-R,2.0340726375579834,2.0340726375579834,high,"abs_threshold,positive_threshold",needs_review,verify_vendor_or_corporate_action_before_cleaning,,,,
2014-10-10,S7Q0TQ-R,2.02790904045105,2.02790904045105,high,"abs_threshold,positive_threshold",needs_review,verify_vendor_or_corporate_action_before_cleaning,,,,
2015-10-19,GM3PSR-R,2.0177719593048096,2.0177719593048096,high,"abs_threshold,positive_threshold",needs_review,verify_vendor_or_corporate_action_before_cleaning,,,,
2025-10-07,QBCTL6-R,2.0135035514831543,2.0135035514831543,high,"abs_threshold,positive_threshold",needs_review,verify_vendor_or_corporate_action_before_cleaning,,,,
2023-10-26,T7HRLL-R,2.0123777389526367,2.0123777389526367,high,"abs_threshold,positive_threshold",needs_review,verify_vendor_or_corporate_action_before_cleaning,,,,
2025-08-21,X32NYV-R,2.0120086669921875,2.0120086669921875,high,"abs_threshold,positive_threshold",needs_review,verify_vendor_or_corporate_action_before_cleaning,,,,
2024-01-24,T7HRLL-R,2.011122941970825,2.011122941970825,high,"abs_threshold,positive_threshold",needs_review,verify_vendor_or_corporate_action_before_cleaning,,,,
2025-10-08,PXN7MH-R,2.0111007690429688,2.0111007690429688,high,"abs_threshold,positive_threshold",needs_review,verify_vendor_or_corporate_action_before_cleaning,,,,
2018-09-26,T7HRLL-R,2.009448289871216,2.009448289871216,high,"abs_threshold,positive_threshold",needs_review,verify_vendor_or_corporate_action_before_cleaning,,,,
2025-06-09,MBLWWK-R,2.008094549179077,2.008094549179077,high,"abs_threshold,positive_threshold",needs_review,verify_vendor_or_corporate_action_before_cleaning,,,,
2018-10-01,GKYKWV-R,2.0078985691070557,2.0078985691070557,high,"abs_threshold,positive_threshold",needs_review,verify_vendor_or_corporate_action_before_cleaning,,,,
2025-08-25,GYM5PB-R,2.007185459136963,2.007185459136963,high,"abs_threshold,positive_threshold",needs_review,verify_vendor_or_corporate_action_before_cleaning,,,,
2025-11-14,WYJMZH-R,2.0068454,2.0068454,high,"abs_threshold,positive_threshold",needs_review,verify_vendor_or_corporate_action_before_cleaning,,,,
2024-10-16,K4MV84-R,2.0064804553985596,2.0064804553985596,high,"abs_threshold,positive_threshold",needs_review,verify_vendor_or_corporate_action_before_cleaning,,,,
2025-10-06,VDT2VP-R,2.006145477294922,2.006145477294922,high,"abs_threshold,positive_threshold",needs_review,verify_vendor_or_corporate_action_before_cleaning,,,,
2025-10-31,QBCTL6-R,2.005718469619751,2.005718469619751,high,"abs_threshold,positive_threshold",needs_review,verify_vendor_or_corporate_action_before_cleaning,,,,
2025-05-16,WB3NL8-R,2.0051822662353516,2.0051822662353516,high,"abs_threshold,positive_threshold",needs_review,verify_vendor_or_corporate_action_before_cleaning,,,,
2012-10-03,FQTQ9T-R,2.0051145553588867,2.0051145553588867,high,"abs_threshold,positive_threshold",needs_review,verify_vendor_or_corporate_action_before_cleaning,,,,
2024-10-03,K4MV84-R,2.004901170730591,2.004901170730591,high,"abs_threshold,positive_threshold",needs_review,verify_vendor_or_corporate_action_before_cleaning,,,,
2017-05-15,H46TW9-R,2.002953290939331,2.002953290939331,high,"abs_threshold,positive_threshold",needs_review,verify_vendor_or_corporate_action_before_cleaning,,,,
2024-11-21,MBLWWK-R,2.002711534500122,2.002711534500122,high,"abs_threshold,positive_threshold",needs_review,verify_vendor_or_corporate_action_before_cleaning,,,,
2024-07-22,D7VQ10-R,2.001378059387207,2.001378059387207,high,"abs_threshold,positive_threshold",needs_review,verify_vendor_or_corporate_action_before_cleaning,,,,
2023-11-21,HWYM1P-R,2.0013718605041504,2.0013718605041504,high,"abs_threshold,positive_threshold",needs_review,verify_vendor_or_corporate_action_before_cleaning,,,,
2024-05-02,L93LBV-R,2.00112247467041,2.00112247467041,high,"abs_threshold,positive_threshold",needs_review,verify_vendor_or_corporate_action_before_cleaning,,,,
2020-04-21,GGKD94-R,2.0009102821350098,2.0009102821350098,high,"abs_threshold,positive_threshold",needs_review,verify_vendor_or_corporate_action_before_cleaning,,,,
2017-10-05,H46TW9-R,2.0006399154663086,2.0006399154663086,high,"abs_threshold,positive_threshold",needs_review,verify_vendor_or_corporate_action_before_cleaning,,,,
2014-08-12,F3Q31N-R,2.000000238418579,2.000000238418579,high,"abs_threshold,positive_threshold",needs_review,verify_vendor_or_corporate_action_before_cleaning,,,,
2019-10-14,BT5LSL-R,2.0,2.0,high,"abs_threshold,positive_threshold",needs_review,verify_vendor_or_corporate_action_before_cleaning,,,,
2025-09-03,GYM5PB-R,1.9998712539672852,1.9998712539672852,review,abs_threshold,needs_review,verify_vendor_or_corporate_action_before_cleaning,,,,
2025-05-02,X32NYV-R,1.9996044635772705,1.9996044635772705,review,abs_threshold,needs_review,verify_vendor_or_corporate_action_before_cleaning,,,,
2019-05-03,BBD288-R,1.998927354812622,1.998927354812622,review,abs_threshold,needs_review,verify_vendor_or_corporate_action_before_cleaning,,,,
2025-10-29,QBCTL6-R,1.9985857009887695,1.9985857009887695,review,abs_threshold,needs_review,verify_vendor_or_corporate_action_before_cleaning,,,,
2023-11-16,K8YRNT-R,1.9966901540756226,1.9966901540756226,review,abs_threshold,needs_review,verify_vendor_or_corporate_action_before_cleaning,,,,
2025-09-22,QBCTL6-R,1.9964323043823242,1.9964323043823242,review,abs_threshold,needs_review,verify_vendor_or_corporate_action_before_cleaning,,,,
2010-07-21,TG5CSM-R,1.9959293603897095,1.9959293603897095,review,abs_threshold,needs_review,verify_vendor_or_corporate_action_before_cleaning,,,,
2020-11-16,GM3PSR-R,1.9958182573318481,1.9958182573318481,review,abs_threshold,needs_review,verify_vendor_or_corporate_action_before_cleaning,,,,
2024-03-07,T7HRLL-R,1.9939615726470947,1.9939615726470947,review,abs_threshold,needs_review,verify_vendor_or_corporate_action_before_cleaning,,,,
2016-12-22,GM3PSR-R,1.993257999420166,1.993257999420166,review,abs_threshold,needs_review,verify_vendor_or_corporate_action_before_cleaning,,,,
2025-10-03,QBCTL6-R,1.9931012392044067,1.9931012392044067,review,abs_threshold,needs_review,verify_vendor_or_corporate_action_before_cleaning,,,,
2025-09-15,GYM5PB-R,1.9920904636383057,1.9920904636383057,review,abs_threshold,needs_review,verify_vendor_or_corporate_action_before_cleaning,,,,
2025-05-19,VDT2VP-R,1.9920082092285156,1.9920082092285156,review,abs_threshold,needs_review,verify_vendor_or_corporate_action_before_cleaning,,,,
2020-04-27,GGKD94-R,1.9916530847549438,1.9916530847549438,review,abs_threshold,needs_review,verify_vendor_or_corporate_action_before_cleaning,,,,
2016-09-29,R075P4-R,1.9897143840789795,1.9897143840789795,review,abs_threshold,needs_review,verify_vendor_or_corporate_action_before_cleaning,,,,
2018-06-11,T7HRLL-R,1.9897089004516602,1.9897089004516602,review,abs_threshold,needs_review,verify_vendor_or_corporate_action_before_cleaning,,,,
2017-12-12,F2FV5T-R,1.9888410568237305,1.9888410568237305,review,abs_threshold,needs_review,verify_vendor_or_corporate_action_before_cleaning,,,,
2018-01-29,BNYLYN-R,1.9887323379516602,1.9887323379516602,review,abs_threshold,needs_review,verify_vendor_or_corporate_action_before_cleaning,,,,
2024-12-05,LG0DHY-R,1.987516164779663,1.987516164779663,review,abs_threshold,needs_review,verify_vendor_or_corporate_action_before_cleaning,,,,
2025-02-03,MGTW1V-R,1.9866485595703125,1.9866485595703125,review,abs_threshold,needs_review,verify_vendor_or_corporate_action_before_cleaning,,,,
2025-04-16,T7HRLL-R,1.9856359958648682,1.9856359958648682,review,abs_threshold,needs_review,verify_vendor_or_corporate_action_before_cleaning,,,,
2012-01-20,H0RH0F-R,1.9836057424545288,1.9836057424545288,review,abs_threshold,needs_review,verify_vendor_or_corporate_action_before_cleaning,,,,
2025-06-25,Q1TGZN-R,1.9828439950942993,1.9828439950942993,review,abs_threshold,needs_review,verify_vendor_or_corporate_action_before_cleaning,,,,
2022-07-21,TTQMYQ-R,1.9809839725494385,1.9809839725494385,review,abs_threshold,needs_review,verify_vendor_or_corporate_action_before_cleaning,,,,
2016-01-08,GM3PSR-R,1.9800562858581543,1.9800562858581543,review,abs_threshold,needs_review,verify_vendor_or_corporate_action_before_cleaning,,,,
2022-03-01,MQ3K38-R,1.9796735048294067,1.9796735048294067,review,abs_threshold,needs_review,verify_vendor_or_corporate_action_before_cleaning,,,,
2023-11-08,K8T9P4-R,1.9755103588104248,1.9755103588104248,review,abs_threshold,needs_review,verify_vendor_or_corporate_action_before_cleaning,,,,
2025-05-19,LNS08N-R,1.9738750457763672,1.9738750457763672,review,abs_threshold,needs_review,verify_vendor_or_corporate_action_before_cleaning,,,,
2023-10-12,T7HRLL-R,1.9735790491104126,1.9735790491104126,review,abs_threshold,needs_review,verify_vendor_or_corporate_action_before_cleaning,,,,
2024-12-06,FYRBN7-R,1.9719767570495605,1.9719767570495605,review,abs_threshold,needs_review,verify_vendor_or_corporate_action_before_cleaning,,,,
2021-12-14,GKYKWV-R,1.9708240032196045,1.9708240032196045,review,abs_threshold,needs_review,verify_vendor_or_corporate_action_before_cleaning,,,,
2020-06-01,XKP8XB-R,1.9696311950683594,1.9696311950683594,review,abs_threshold,needs_review,verify_vendor_or_corporate_action_before_cleaning,,,,
2009-08-28,P0XT7P-R,1.969527244567871,1.969527244567871,review,abs_threshold,needs_review,verify_vendor_or_corporate_action_before_cleaning,,,,
2015-05-14,BGYTM9-R,1.9659647941589355,1.9659647941589355,review,abs_threshold,needs_review,verify_vendor_or_corporate_action_before_cleaning,,,,
2015-10-26,WDK2F1-R,1.945727825164795,1.945727825164795,review,abs_threshold,needs_review,verify_vendor_or_corporate_action_before_cleaning,,,,
2016-09-09,WDK2F1-R,1.9450279474258423,1.9450279474258423,review,abs_threshold,needs_review,verify_vendor_or_corporate_action_before_cleaning,,,,
2013-02-18,V9F2L4-R,1.9422078132629395,1.9422078132629395,review,abs_threshold,needs_review,verify_vendor_or_corporate_action_before_cleaning,,,,
2026-01-26,HXT8KC-R,1.9421632,1.9421632,review,abs_threshold,needs_review,verify_vendor_or_corporate_action_before_cleaning,,,,
2022-11-01,J8FJWQ-R,1.9409129619598389,1.9409129619598389,review,abs_threshold,needs_review,verify_vendor_or_corporate_action_before_cleaning,,,,
2015-10-15,CN8LQT-R,1.9366779327392578,1.9366779327392578,review,abs_threshold,needs_review,verify_vendor_or_corporate_action_before_cleaning,,,,
2025-03-05,JXR980-R,1.9340862035751343,1.9340862035751343,review,abs_threshold,needs_review,verify_vendor_or_corporate_action_before_cleaning,,,,
2005-04-01,K13MZN-R,1.9204065799713135,1.9204065799713135,review,abs_threshold,needs_review,verify_vendor_or_corporate_action_before_cleaning,,,,
2023-11-01,H6HJLJ-R,1.91777765750885,1.91777765750885,review,abs_threshold,needs_review,verify_vendor_or_corporate_action_before_cleaning,,,,
2025-03-28,MBLWWK-R,1.9099295139312744,1.9099295139312744,review,abs_threshold,needs_review,verify_vendor_or_corporate_action_before_cleaning,,,,
2013-04-30,SV82LD-R,1.9034886360168457,1.9034886360168457,review,abs_threshold,needs_review,verify_vendor_or_corporate_action_before_cleaning,,,,
2023-09-19,K8YRNT-R,1.896066427230835,1.896066427230835,review,abs_threshold,needs_review,verify_vendor_or_corporate_action_before_cleaning,,,,
2024-12-18,MBLWWK-R,1.894768476486206,1.894768476486206,review,abs_threshold,needs_review,verify_vendor_or_corporate_action_before_cleaning,,,,
2024-02-15,HWYM1P-R,1.8778830766677856,1.8778830766677856,review,abs_threshold,needs_review,verify_vendor_or_corporate_action_before_cleaning,,,,
2011-08-22,W169HX-R,1.8775240182876587,1.8775240182876587,review,abs_threshold,needs_review,verify_vendor_or_corporate_action_before_cleaning,,,,
2021-11-12,HN0LVT-R,1.8754955530166626,1.8754955530166626,review,abs_threshold,needs_review,verify_vendor_or_corporate_action_before_cleaning,,,,
2019-07-05,T7HRLL-R,1.872290849685669,1.872290849685669,review,abs_threshold,needs_review,verify_vendor_or_corporate_action_before_cleaning,,,,
2025-11-28,GYM5PB-R,1.8722751,1.8722751,review,abs_threshold,needs_review,verify_vendor_or_corporate_action_before_cleaning,,,,
2024-12-27,P52239-R,1.8713231086730957,1.8713231086730957,review,abs_threshold,needs_review,verify_vendor_or_corporate_action_before_cleaning,,,,
2025-09-03,X32NYV-R,1.8665436506271362,1.8665436506271362,review,abs_threshold,needs_review,verify_vendor_or_corporate_action_before_cleaning,,,,
2018-06-07,T57ZJ3-R,1.8583569526672363,1.8583569526672363,review,abs_threshold,needs_review,verify_vendor_or_corporate_action_before_cleaning,,,,
2025-08-07,GYM5PB-R,1.8581264019012451,1.8581264019012451,review,abs_threshold,needs_review,verify_vendor_or_corporate_action_before_cleaning,,,,
2025-09-17,XN4WDM-R,1.8576253652572632,1.8576253652572632,review,abs_threshold,needs_review,verify_vendor_or_corporate_action_before_cleaning,,,,
2025-10-10,MBLWWK-R,1.8575129508972168,1.8575129508972168,review,abs_threshold,needs_review,verify_vendor_or_corporate_action_before_cleaning,,,,
2024-01-18,T7HRLL-R,1.8566160202026367,1.8566160202026367,review,abs_threshold,needs_review,verify_vendor_or_corporate_action_before_cleaning,,,,
2024-07-08,L93LBV-R,1.8543741703033447,1.8543741703033447,review,abs_threshold,needs_review,verify_vendor_or_corporate_action_before_cleaning,,,,
2014-03-12,BYQW75-R,1.8500075340270996,1.8500075340270996,review,abs_threshold,needs_review,verify_vendor_or_corporate_action_before_cleaning,,,,
2025-08-28,X32NYV-R,1.847630262374878,1.847630262374878,review,abs_threshold,needs_review,verify_vendor_or_corporate_action_before_cleaning,,,,
2024-01-10,K8YRNT-R,1.8442476987838745,1.8442476987838745,review,abs_threshold,needs_review,verify_vendor_or_corporate_action_before_cleaning,,,,
2006-04-12,VKDT1M-R,1.8438057899475098,1.8438057899475098,review,abs_threshold,needs_review,verify_vendor_or_corporate_action_before_cleaning,,,,
2022-11-18,PW1CY3-R,1.8400001525878906,1.8400001525878906,review,abs_threshold,needs_review,verify_vendor_or_corporate_action_before_cleaning,,,,
2020-08-10,X5CBFW-R,1.8386857509613037,1.8386857509613037,review,abs_threshold,needs_review,verify_vendor_or_corporate_action_before_cleaning,,,,
2025-07-22,NM4FN2-R,1.827049732208252,1.827049732208252,review,abs_threshold,needs_review,verify_vendor_or_corporate_action_before_cleaning,,,,
2025-10-16,VGJCQY-R,1.824263334274292,1.824263334274292,review,abs_threshold,needs_review,verify_vendor_or_corporate_action_before_cleaning,,,,
2020-06-08,H8JXH0-R,1.8224732875823975,1.8224732875823975,review,abs_threshold,needs_review,verify_vendor_or_corporate_action_before_cleaning,,,,
2024-10-25,GSY2V1-R,1.821843147277832,1.821843147277832,review,abs_threshold,needs_review,verify_vendor_or_corporate_action_before_cleaning,,,,
2026-03-06,LF5C6W-R,1.8208527565002441,1.8208527565002441,review,abs_threshold,needs_review,verify_vendor_or_corporate_action_before_cleaning,,,,
2025-05-09,XNQCR0-R,1.8191510438919067,1.8191510438919067,review,abs_threshold,needs_review,verify_vendor_or_corporate_action_before_cleaning,,,,
2024-11-14,H0MW41-R,1.8136756420135498,1.8136756420135498,review,abs_threshold,needs_review,verify_vendor_or_corporate_action_before_cleaning,,,,
2017-06-12,NCDJQK-R,1.808219075202942,1.808219075202942,review,abs_threshold,needs_review,verify_vendor_or_corporate_action_before_cleaning,,,,
2025-11-20,MBLWWK-R,1.805102,1.805102,review,abs_threshold,needs_review,verify_vendor_or_corporate_action_before_cleaning,,,,
2025-08-20,T7HRLL-R,1.8022809028625488,1.8022809028625488,review,abs_threshold,needs_review,verify_vendor_or_corporate_action_before_cleaning,,,,
2024-11-26,GYM5PB-R,1.80173659324646,1.80173659324646,review,abs_threshold,needs_review,verify_vendor_or_corporate_action_before_cleaning,,,,
2013-01-09,F3Q31N-R,1.7999999523162842,1.7999999523162842,review,abs_threshold,needs_review,verify_vendor_or_corporate_action_before_cleaning,,,,
2006-03-06,TP5JV9-R,1.789721965789795,1.789721965789795,review,abs_threshold,needs_review,verify_vendor_or_corporate_action_before_cleaning,,,,
2025-05-16,NPWN51-R,1.7895450592041016,1.7895450592041016,review,abs_threshold,needs_review,verify_vendor_or_corporate_action_before_cleaning,,,,
2024-04-15,J5RFMZ-R,1.7786929607391357,1.7786929607391357,review,abs_threshold,needs_review,verify_vendor_or_corporate_action_before_cleaning,,,,
2021-02-08,BT5LSL-R,1.777777910232544,1.777777910232544,review,abs_threshold,needs_review,verify_vendor_or_corporate_action_before_cleaning,,,,
2025-08-22,T7HRLL-R,1.7757469415664673,1.7757469415664673,review,abs_threshold,needs_review,verify_vendor_or_corporate_action_before_cleaning,,,,
2018-11-09,GKYKWV-R,1.7676819562911987,1.7676819562911987,review,abs_threshold,needs_review,verify_vendor_or_corporate_action_before_cleaning,,,,
2015-12-21,TP1K7K-R,1.7657848596572876,1.7657848596572876,review,abs_threshold,needs_review,verify_vendor_or_corporate_action_before_cleaning,,,,
2018-11-23,GKYKWV-R,1.7652723789215088,1.7652723789215088,review,abs_threshold,needs_review,verify_vendor_or_corporate_action_before_cleaning,,,,
2024-04-22,K1PKDQ-R,1.7650995254516602,1.7650995254516602,review,abs_threshold,needs_review,verify_vendor_or_corporate_action_before_cleaning,,,,
2020-01-22,GKYKWV-R,1.7636675834655762,1.7636675834655762,review,abs_threshold,needs_review,verify_vendor_or_corporate_action_before_cleaning,,,,
2020-01-08,GKYKWV-R,1.763521432876587,1.763521432876587,review,abs_threshold,needs_review,verify_vendor_or_corporate_action_before_cleaning,,,,
2017-04-26,WDK2F1-R,1.7625150680541992,1.7625150680541992,review,abs_threshold,needs_review,verify_vendor_or_corporate_action_before_cleaning,,,,
2024-12-27,P85YX7-R,1.7612600326538086,1.7612600326538086,review,abs_threshold,needs_review,verify_vendor_or_corporate_action_before_cleaning,,,,
2020-01-28,GKYKWV-R,1.761073350906372,1.761073350906372,review,abs_threshold,needs_review,verify_vendor_or_corporate_action_before_cleaning,,,,
2021-05-07,GM3PSR-R,1.7587894201278687,1.7587894201278687,review,abs_threshold,needs_review,verify_vendor_or_corporate_action_before_cleaning,,,,
2024-03-27,KZQ82T-R,1.7559056282043457,1.7559056282043457,review,abs_threshold,needs_review,verify_vendor_or_corporate_action_before_cleaning,,,,
2025-08-21,C0NJ49-R,1.753674030303955,1.753674030303955,review,abs_threshold,needs_review,verify_vendor_or_corporate_action_before_cleaning,,,,
2025-12-19,R3D0TH-R,1.7512609958648682,1.7512609958648682,review,abs_threshold,needs_review,verify_vendor_or_corporate_action_before_cleaning,,,,
2006-06-02,SB0N9T-R,1.7506544589996338,1.7506544589996338,review,abs_threshold,needs_review,verify_vendor_or_corporate_action_before_cleaning,,,,
2025-10-13,V9KKT0-R,1.7403453588485718,1.7403453588485718,review,abs_threshold,needs_review,verify_vendor_or_corporate_action_before_cleaning,,,,
2023-10-05,HWYM1P-R,1.7400763034820557,1.7400763034820557,review,abs_threshold,needs_review,verify_vendor_or_corporate_action_before_cleaning,,,,
2018-11-07,GKYKWV-R,1.7370543479919434,1.7370543479919434,review,abs_threshold,needs_review,verify_vendor_or_corporate_action_before_cleaning,,,,
2018-10-23,BBD288-R,1.7298907041549683,1.7298907041549683,review,abs_threshold,needs_review,verify_vendor_or_corporate_action_before_cleaning,,,,
2022-09-28,NYQ971-R,1.7248964309692383,1.7248964309692383,review,abs_threshold,needs_review,verify_vendor_or_corporate_action_before_cleaning,,,,
2024-01-16,FL5CJW-R,1.723660945892334,1.723660945892334,review,abs_threshold,needs_review,verify_vendor_or_corporate_action_before_cleaning,,,,
2009-10-12,R3NW58-R,1.7205884456634521,1.7205884456634521,review,abs_threshold,needs_review,verify_vendor_or_corporate_action_before_cleaning,,,,
2020-05-14,GGKD94-R,1.7154796123504639,1.7154796123504639,review,abs_threshold,needs_review,verify_vendor_or_corporate_action_before_cleaning,,,,
2025-09-26,MBLWWK-R,1.71457839012146,1.71457839012146,review,abs_threshold,needs_review,verify_vendor_or_corporate_action_before_cleaning,,,,
2020-08-06,H46TW9-R,1.7112782001495361,1.7112782001495361,review,abs_threshold,needs_review,verify_vendor_or_corporate_action_before_cleaning,,,,
2016-10-04,R075P4-R,1.704851746559143,1.704851746559143,review,abs_threshold,needs_review,verify_vendor_or_corporate_action_before_cleaning,,,,
2020-03-11,GKYKWV-R,1.7034666538238525,1.7034666538238525,review,abs_threshold,needs_review,verify_vendor_or_corporate_action_before_cleaning,,,,
2020-03-31,GKYKWV-R,1.7014613151550293,1.7014613151550293,review,abs_threshold,needs_review,verify_vendor_or_corporate_action_before_cleaning,,,,
2011-09-16,V1F4QG-R,1.698136568069458,1.698136568069458,review,abs_threshold,needs_review,verify_vendor_or_corporate_action_before_cleaning,,,,
2015-10-19,WDK2F1-R,1.6977051496505737,1.6977051496505737,review,abs_threshold,needs_review,verify_vendor_or_corporate_action_before_cleaning,,,,
2025-10-28,V9KKT0-R,1.6973707675933838,1.6973707675933838,review,abs_threshold,needs_review,verify_vendor_or_corporate_action_before_cleaning,,,,
2020-03-04,GKYKWV-R,1.6964255571365356,1.6964255571365356,review,abs_threshold,needs_review,verify_vendor_or_corporate_action_before_cleaning,,,,
2023-12-12,GYM5PB-R,1.6934276819229126,1.6934276819229126,review,abs_threshold,needs_review,verify_vendor_or_corporate_action_before_cleaning,,,,
2025-07-28,XKRR89-R,1.693101167678833,1.693101167678833,review,abs_threshold,needs_review,verify_vendor_or_corporate_action_before_cleaning,,,,
2020-04-06,GKYKWV-R,1.6912386417388916,1.6912386417388916,review,abs_threshold,needs_review,verify_vendor_or_corporate_action_before_cleaning,,,,
2020-02-11,GKYKWV-R,1.6895934343338013,1.6895934343338013,review,abs_threshold,needs_review,verify_vendor_or_corporate_action_before_cleaning,,,,
2020-02-14,GKYKWV-R,1.6882436275482178,1.6882436275482178,review,abs_threshold,needs_review,verify_vendor_or_corporate_action_before_cleaning,,,,
2020-02-28,GKYKWV-R,1.6878670454025269,1.6878670454025269,review,abs_threshold,needs_review,verify_vendor_or_corporate_action_before_cleaning,,,,
2009-04-14,TQ3XWW-R,1.686856985092163,1.686856985092163,review,abs_threshold,needs_review,verify_vendor_or_corporate_action_before_cleaning,,,,
2019-06-18,G4J6T3-R,1.6855510473251343,1.6855510473251343,review,abs_threshold,needs_review,verify_vendor_or_corporate_action_before_cleaning,,,,
2019-03-04,BBD288-R,1.6822123527526855,1.6822123527526855,review,abs_threshold,needs_review,verify_vendor_or_corporate_action_before_cleaning,,,,
2025-09-25,XN4WDM-R,1.6819679737091064,1.6819679737091064,review,abs_threshold,needs_review,verify_vendor_or_corporate_action_before_cleaning,,,,
2018-11-30,BBD288-R,1.6817398071289062,1.6817398071289062,review,abs_threshold,needs_review,verify_vendor_or_corporate_action_before_cleaning,,,,
2025-04-23,H0LD9N-R,1.6813956499099731,1.6813956499099731,review,abs_threshold,needs_review,verify_vendor_or_corporate_action_before_cleaning,,,,
2020-03-24,GKYKWV-R,1.6782900094985962,1.6782900094985962,review,abs_threshold,needs_review,verify_vendor_or_corporate_action_before_cleaning,,,,
2023-11-02,DD1BR4-R,1.6666667461395264,1.6666667461395264,review,abs_threshold,needs_review,verify_vendor_or_corporate_action_before_cleaning,,,,
2023-05-05,FFYYD2-R,1.6666667461395264,1.6666667461395264,review,abs_threshold,needs_review,verify_vendor_or_corporate_action_before_cleaning,,,,
2019-04-17,BBD288-R,1.6660770177841187,1.6660770177841187,review,abs_threshold,needs_review,verify_vendor_or_corporate_action_before_cleaning,,,,
2018-10-29,BBD288-R,1.6622183322906494,1.6622183322906494,review,abs_threshold,needs_review,verify_vendor_or_corporate_action_before_cleaning,,,,
2020-05-22,GSZ4W1-R,1.661995768547058,1.661995768547058,review,abs_threshold,needs_review,verify_vendor_or_corporate_action_before_cleaning,,,,
2023-11-08,GYM5PB-R,1.6613116264343262,1.6613116264343262,review,abs_threshold,needs_review,verify_vendor_or_corporate_action_before_cleaning,,,,
2025-10-14,VDT2VP-R,1.6589617729187012,1.6589617729187012,review,abs_threshold,needs_review,verify_vendor_or_corporate_action_before_cleaning,,,,
2025-05-22,R20913-R,1.6586310863494873,1.6586310863494873,review,abs_threshold,needs_review,verify_vendor_or_corporate_action_before_cleaning,,,,
2018-10-25,GKYKWV-R,1.6569570302963257,1.6569570302963257,review,abs_threshold,needs_review,verify_vendor_or_corporate_action_before_cleaning,,,,
2010-05-06,F3Q31N-R,1.6562503576278687,1.6562503576278687,review,abs_threshold,needs_review,verify_vendor_or_corporate_action_before_cleaning,,,,
2018-10-23,GKYKWV-R,1.6556570529937744,1.6556570529937744,review,abs_threshold,needs_review,verify_vendor_or_corporate_action_before_cleaning,,,,
2019-01-07,BBD288-R,1.6545685529708862,1.6545685529708862,review,abs_threshold,needs_review,verify_vendor_or_corporate_action_before_cleaning,,,,
2018-04-05,GKYKWV-R,1.6535085439682007,1.6535085439682007,review,abs_threshold,needs_review,verify_vendor_or_corporate_action_before_cleaning,,,,
2008-09-03,WJZT39-R,1.653482437133789,1.653482437133789,review,abs_threshold,needs_review,verify_vendor_or_corporate_action_before_cleaning,,,,
2024-06-17,MBLWWK-R,1.652801752090454,1.652801752090454,review,abs_threshold,needs_review,verify_vendor_or_corporate_action_before_cleaning,,,,
2020-03-13,GGPTR9-R,1.6508777141571045,1.6508777141571045,review,abs_threshold,needs_review,verify_vendor_or_corporate_action_before_cleaning,,,,
2023-11-10,SNC4KL-R,1.6500177383422852,1.6500177383422852,review,abs_threshold,needs_review,verify_vendor_or_corporate_action_before_cleaning,,,,
2024-12-02,MBLWWK-R,1.648192048072815,1.648192048072815,review,abs_threshold,needs_review,verify_vendor_or_corporate_action_before_cleaning,,,,
2020-03-26,GKYKWV-R,1.640815258026123,1.640815258026123,review,abs_threshold,needs_review,verify_vendor_or_corporate_action_before_cleaning,,,,
2026-01-20,JCJY7P-R,1.6396709,1.6396709,review,abs_threshold,needs_review,verify_vendor_or_corporate_action_before_cleaning,,,,
2017-08-24,D4ZPQY-R,1.638596773147583,1.638596773147583,review,abs_threshold,needs_review,verify_vendor_or_corporate_action_before_cleaning,,,,
2014-05-22,DMWGF9-R,1.63077974319458,1.63077974319458,review,abs_threshold,needs_review,verify_vendor_or_corporate_action_before_cleaning,,,,
2024-04-11,SD6ZY7-R,1.6306610107421875,1.6306610107421875,review,abs_threshold,needs_review,verify_vendor_or_corporate_action_before_cleaning,,,,
2019-11-11,GGKD94-R,1.6283589601516724,1.6283589601516724,review,abs_threshold,needs_review,verify_vendor_or_corporate_action_before_cleaning,,,,
2020-06-05,RJ3WCJ-R,1.6282615661621094,1.6282615661621094,review,abs_threshold,needs_review,verify_vendor_or_corporate_action_before_cleaning,,,,
2023-09-15,WNGGFB-R,1.624434471130371,1.624434471130371,review,abs_threshold,needs_review,verify_vendor_or_corporate_action_before_cleaning,,,,
2025-01-08,TM9JL7-R,1.624276876449585,1.624276876449585,review,abs_threshold,needs_review,verify_vendor_or_corporate_action_before_cleaning,,,,
2020-06-08,TZ1NKH-R,1.6171773672103882,1.6171773672103882,review,abs_threshold,needs_review,verify_vendor_or_corporate_action_before_cleaning,,,,
2020-06-19,GM3PSR-R,1.6170928478240967,1.6170928478240967,review,abs_threshold,needs_review,verify_vendor_or_corporate_action_before_cleaning,,,,
2024-06-07,R3Q0GG-R,1.6159913539886475,1.6159913539886475,review,abs_threshold,needs_review,verify_vendor_or_corporate_action_before_cleaning,,,,
2025-03-12,LWYB11-R,1.6156035661697388,1.6156035661697388,review,abs_threshold,needs_review,verify_vendor_or_corporate_action_before_cleaning,,,,
2015-10-16,Q0MSX3-R,1.6152782440185547,1.6152782440185547,review,abs_threshold,needs_review,verify_vendor_or_corporate_action_before_cleaning,,,,
2023-11-16,BPGXPL-R,1.6151854991912842,1.6151854991912842,review,abs_threshold,needs_review,verify_vendor_or_corporate_action_before_cleaning,,,,
2024-11-18,KHDQ8Q-R,1.6150016784667969,1.6150016784667969,review,abs_threshold,needs_review,verify_vendor_or_corporate_action_before_cleaning,,,,
2024-10-02,WX9N7K-R,1.6139113903045654,1.6139113903045654,review,abs_threshold,needs_review,verify_vendor_or_corporate_action_before_cleaning,,,,
2023-04-03,HJN4MS-R,1.6122448444366455,1.6122448444366455,review,abs_threshold,needs_review,verify_vendor_or_corporate_action_before_cleaning,,,,
2009-03-18,HTN4RM-R,1.6110140085220337,1.6110140085220337,review,abs_threshold,needs_review,verify_vendor_or_corporate_action_before_cleaning,,,,
2025-08-18,GYM5PB-R,1.6105875968933105,1.6105875968933105,review,abs_threshold,needs_review,verify_vendor_or_corporate_action_before_cleaning,,,,
2024-09-18,G5HD02-R,1.6091753244400024,1.6091753244400024,review,abs_threshold,needs_review,verify_vendor_or_corporate_action_before_cleaning,,,,
2018-08-03,T7HRLL-R,1.6049355268478394,1.6049355268478394,review,abs_threshold,needs_review,verify_vendor_or_corporate_action_before_cleaning,,,,
2020-03-19,WRV9CQ-R,1.6048134565353394,1.6048134565353394,review,abs_threshold,needs_review,verify_vendor_or_corporate_action_before_cleaning,,,,
2018-02-05,GKYKWV-R,1.6035587787628174,1.6035587787628174,review,abs_threshold,needs_review,verify_vendor_or_corporate_action_before_cleaning,,,,
2018-02-26,GKYKWV-R,1.6021159887313843,1.6021159887313843,review,abs_threshold,needs_review,verify_vendor_or_corporate_action_before_cleaning,,,,
2013-03-26,LFC9YV-R,1.6006487607955933,1.6006487607955933,review,abs_threshold,needs_review,verify_vendor_or_corporate_action_before_cleaning,,,,
2014-12-05,GSSSN0-R,1.6000001430511475,1.6000001430511475,review,abs_threshold,needs_review,verify_vendor_or_corporate_action_before_cleaning,,,,
2025-07-11,QBCTL6-R,1.5971095561981201,1.5971095561981201,review,abs_threshold,needs_review,verify_vendor_or_corporate_action_before_cleaning,,,,
2018-02-12,GKYKWV-R,1.5941755771636963,1.5941755771636963,review,abs_threshold,needs_review,verify_vendor_or_corporate_action_before_cleaning,,,,
2025-09-15,PRCZJK-R,1.5931451320648193,1.5931451320648193,review,abs_threshold,needs_review,verify_vendor_or_corporate_action_before_cleaning,,,,
2018-10-16,BBD288-R,1.5875468254089355,1.5875468254089355,review,abs_threshold,needs_review,verify_vendor_or_corporate_action_before_cleaning,,,,
2005-07-01,K13MZN-R,1.5855803489685059,1.5855803489685059,review,abs_threshold,needs_review,verify_vendor_or_corporate_action_before_cleaning,,,,
2024-12-06,GYM5PB-R,1.58441162109375,1.58441162109375,review,abs_threshold,needs_review,verify_vendor_or_corporate_action_before_cleaning,,,,
2010-05-06,CGNCF9-R,1.581538438796997,1.581538438796997,review,abs_threshold,needs_review,verify_vendor_or_corporate_action_before_cleaning,,,,
2023-10-09,V05L58-R,1.578932285308838,1.578932285308838,review,abs_threshold,needs_review,verify_vendor_or_corporate_action_before_cleaning,,,,
2025-11-05,STMHH8-R,1.5743408203125,1.5743408203125,review,abs_threshold,needs_review,verify_vendor_or_corporate_action_before_cleaning,,,,
2015-09-03,WDK2F1-R,1.572359323501587,1.572359323501587,review,abs_threshold,needs_review,verify_vendor_or_corporate_action_before_cleaning,,,,
2020-03-10,MNWCSY-R,1.5595990419387817,1.5595990419387817,review,abs_threshold,needs_review,verify_vendor_or_corporate_action_before_cleaning,,,,
2008-06-19,LX4GRT-R,1.5593452453613281,1.5593452453613281,review,abs_threshold,needs_review,verify_vendor_or_corporate_action_before_cleaning,,,,
2020-03-13,RB6WXB-R,1.5583771467208862,1.5583771467208862,review,abs_threshold,needs_review,verify_vendor_or_corporate_action_before_cleaning,,,,
2018-11-09,T7HRLL-R,1.5563316345214844,1.5563316345214844,review,abs_threshold,needs_review,verify_vendor_or_corporate_action_before_cleaning,,,,
2013-10-16,XHFQ71-R,1.555363655090332,1.555363655090332,review,abs_threshold,needs_review,verify_vendor_or_corporate_action_before_cleaning,,,,
2007-02-08,NYK5TL-R,1.5507372617721558,1.5507372617721558,review,abs_threshold,needs_review,verify_vendor_or_corporate_action_before_cleaning,,,,
2020-04-06,XNX0MF-R,1.5499999523162842,1.5499999523162842,review,abs_threshold,needs_review,verify_vendor_or_corporate_action_before_cleaning,,,,
2008-01-29,N80V19-R,1.5455436706542969,1.5455436706542969,review,abs_threshold,needs_review,verify_vendor_or_corporate_action_before_cleaning,,,,
2022-10-10,FFYYD2-R,1.545454740524292,1.545454740524292,review,abs_threshold,needs_review,verify_vendor_or_corporate_action_before_cleaning,,,,
2022-11-14,QVSQJ4-R,1.545454740524292,1.545454740524292,review,abs_threshold,needs_review,verify_vendor_or_corporate_action_before_cleaning,,,,
2015-08-31,WDK2F1-R,1.5454094409942627,1.5454094409942627,review,abs_threshold,needs_review,verify_vendor_or_corporate_action_before_cleaning,,,,
2024-10-02,W12X0Q-R,1.5450761318206787,1.5450761318206787,review,abs_threshold,needs_review,verify_vendor_or_corporate_action_before_cleaning,,,,
2020-06-29,X42QXQ-R,1.544886827468872,1.544886827468872,review,abs_threshold,needs_review,verify_vendor_or_corporate_action_before_cleaning,,,,
2025-05-27,PXTLVJ-R,1.544263243675232,1.544263243675232,review,abs_threshold,needs_review,verify_vendor_or_corporate_action_before_cleaning,,,,
2025-06-24,LLZBW5-R,1.5438096523284912,1.5438096523284912,review,abs_threshold,needs_review,verify_vendor_or_corporate_action_before_cleaning,,,,
2024-08-28,H6ZV58-R,1.5389113426208496,1.5389113426208496,review,abs_threshold,needs_review,verify_vendor_or_corporate_action_before_cleaning,,,,
2025-10-15,GHXJST-R,1.5350134372711182,1.5350134372711182,review,abs_threshold,needs_review,verify_vendor_or_corporate_action_before_cleaning,,,,
2025-04-04,QBPHNX-R,1.529576301574707,1.529576301574707,review,abs_threshold,needs_review,verify_vendor_or_corporate_action_before_cleaning,,,,
2017-06-15,T7HRLL-R,1.5288114547729492,1.5288114547729492,review,abs_threshold,needs_review,verify_vendor_or_corporate_action_before_cleaning,,,,
2021-03-09,GGKD94-R,1.5278972387313843,1.5278972387313843,review,abs_threshold,needs_review,verify_vendor_or_corporate_action_before_cleaning,,,,
2016-03-31,FWDR63-R,1.5256826877593994,1.5256826877593994,review,abs_threshold,needs_review,verify_vendor_or_corporate_action_before_cleaning,,,,
2009-03-09,QR9H6P-R,1.5234019756317139,1.5234019756317139,review,abs_threshold,needs_review,verify_vendor_or_corporate_action_before_cleaning,,,,
2025-07-28,VDT2VP-R,1.5199787616729736,1.5199787616729736,review,abs_threshold,needs_review,verify_vendor_or_corporate_action_before_cleaning,,,,
2025-07-28,GYM5PB-R,1.5199782848358154,1.5199782848358154,review,abs_threshold,needs_review,verify_vendor_or_corporate_action_before_cleaning,,,,
2021-09-13,GKYKWV-R,1.5199229717254639,1.5199229717254639,review,abs_threshold,needs_review,verify_vendor_or_corporate_action_before_cleaning,,,,
2023-09-05,HN45T9-R,1.51797616481781,1.51797616481781,review,abs_threshold,needs_review,verify_vendor_or_corporate_action_before_cleaning,,,,
2025-01-28,T7HRLL-R,1.5178662538528442,1.5178662538528442,review,abs_threshold,needs_review,verify_vendor_or_corporate_action_before_cleaning,,,,
2019-02-26,T7HRLL-R,1.51755952835083,1.51755952835083,review,abs_threshold,needs_review,verify_vendor_or_corporate_action_before_cleaning,,,,
2008-10-31,LX4GRT-R,1.5172356367111206,1.5172356367111206,review,abs_threshold,needs_review,verify_vendor_or_corporate_action_before_cleaning,,,,
2019-01-02,T7HRLL-R,1.5169533491134644,1.5169533491134644,review,abs_threshold,needs_review,verify_vendor_or_corporate_action_before_cleaning,,,,
2023-12-15,SNC4KL-R,1.5168346166610718,1.5168346166610718,review,abs_threshold,needs_review,verify_vendor_or_corporate_action_before_cleaning,,,,
2012-02-03,W169HX-R,1.5157320499420166,1.5157320499420166,review,abs_threshold,needs_review,verify_vendor_or_corporate_action_before_cleaning,,,,
2009-03-30,MKJ19J-R,1.5154471397399902,1.5154471397399902,review,abs_threshold,needs_review,verify_vendor_or_corporate_action_before_cleaning,,,,
2023-11-30,SNC4KL-R,1.5146641731262207,1.5146641731262207,review,abs_threshold,needs_review,verify_vendor_or_corporate_action_before_cleaning,,,,
2013-09-26,DRB5ZG-R,1.5134012699127197,1.5134012699127197,review,abs_threshold,needs_review,verify_vendor_or_corporate_action_before_cleaning,,,,
2008-09-09,JBPPPK-R,1.5127358436584473,1.5127358436584473,review,abs_threshold,needs_review,verify_vendor_or_corporate_action_before_cleaning,,,,
2025-08-14,L5W163-R,1.5125420093536377,1.5125420093536377,review,abs_threshold,needs_review,verify_vendor_or_corporate_action_before_cleaning,,,,
2012-11-05,W169HX-R,1.5115059614181519,1.5115059614181519,review,abs_threshold,needs_review,verify_vendor_or_corporate_action_before_cleaning,,,,
2010-12-15,W169HX-R,1.5114936828613281,1.5114936828613281,review,abs_threshold,needs_review,verify_vendor_or_corporate_action_before_cleaning,,,,
2025-09-24,GYM5PB-R,1.5111761093139648,1.5111761093139648,review,abs_threshold,needs_review,verify_vendor_or_corporate_action_before_cleaning,,,,
2023-03-31,T7HRLL-R,1.5111600160598755,1.5111600160598755,review,abs_threshold,needs_review,verify_vendor_or_corporate_action_before_cleaning,,,,
2025-10-08,MBLWWK-R,1.509250283241272,1.509250283241272,review,abs_threshold,needs_review,verify_vendor_or_corporate_action_before_cleaning,,,,
2018-06-15,T7HRLL-R,1.50710129737854,1.50710129737854,review,abs_threshold,needs_review,verify_vendor_or_corporate_action_before_cleaning,,,,
2025-11-03,JB081P-R,1.5069456100463867,1.5069456100463867,review,abs_threshold,needs_review,verify_vendor_or_corporate_action_before_cleaning,,,,
2024-04-22,T7HRLL-R,1.5058716535568237,1.5058716535568237,review,abs_threshold,needs_review,verify_vendor_or_corporate_action_before_cleaning,,,,
2025-11-21,CB1HZ7-R,1.505325,1.505325,review,abs_threshold,needs_review,verify_vendor_or_corporate_action_before_cleaning,,,,
2008-11-27,JS8Z4X-R,1.5046823024749756,1.5046823024749756,review,abs_threshold,needs_review,verify_vendor_or_corporate_action_before_cleaning,,,,
2020-01-03,VXKLK4-R,1.504184365272522,1.504184365272522,review,abs_threshold,needs_review,verify_vendor_or_corporate_action_before_cleaning,,,,
2020-12-08,GM3PSR-R,1.5041279792785645,1.5041279792785645,review,abs_threshold,needs_review,verify_vendor_or_corporate_action_before_cleaning,,,,
2019-03-05,T7HRLL-R,1.503537893295288,1.503537893295288,review,abs_threshold,needs_review,verify_vendor_or_corporate_action_before_cleaning,,,,
2016-09-20,QR9H6P-R,1.5027974843978882,1.5027974843978882,review,abs_threshold,needs_review,verify_vendor_or_corporate_action_before_cleaning,,,,
2019-01-14,GKYKWV-R,1.5021802186965942,1.5021802186965942,review,abs_threshold,needs_review,verify_vendor_or_corporate_action_before_cleaning,,,,
2024-08-27,X32NYV-R,1.502126932144165,1.502126932144165,review,abs_threshold,needs_review,verify_vendor_or_corporate_action_before_cleaning,,,,
2024-03-26,T7HRLL-R,1.502077579498291,1.502077579498291,review,abs_threshold,needs_review,verify_vendor_or_corporate_action_before_cleaning,,,,
2009-07-10,TP1K7K-R,1.5020029544830322,1.5020029544830322,review,abs_threshold,needs_review,verify_vendor_or_corporate_action_before_cleaning,,,,
2019-02-22,T7HRLL-R,1.5017633438110352,1.5017633438110352,review,abs_threshold,needs_review,verify_vendor_or_corporate_action_before_cleaning,,,,
2016-04-05,T7HRLL-R,1.5013190507888794,1.5013190507888794,review,abs_threshold,needs_review,verify_vendor_or_corporate_action_before_cleaning,,,,
2024-05-02,T7HRLL-R,1.5009357929229736,1.5009357929229736,review,abs_threshold,needs_review,verify_vendor_or_corporate_action_before_cleaning,,,,
2025-08-07,NM4FN2-R,1.5008606910705566,1.5008606910705566,review,abs_threshold,needs_review,verify_vendor_or_corporate_action_before_cleaning,,,,
2024-05-07,T7HRLL-R,1.5005803108215332,1.5005803108215332,review,abs_threshold,needs_review,verify_vendor_or_corporate_action_before_cleaning,,,,
2025-09-17,GYM5PB-R,1.5004217624664307,1.5004217624664307,review,abs_threshold,needs_review,verify_vendor_or_corporate_action_before_cleaning,,,,
2012-04-30,L2BWXK-R,1.5,1.5,review,abs_threshold,needs_review,verify_vendor_or_corporate_action_before_cleaning,,,,
2024-07-16,P0XLVH-R,1.5,1.5,review,abs_threshold,needs_review,verify_vendor_or_corporate_action_before_cleaning,,,,
2020-07-24,BT5LSL-R,1.4999996423721313,1.4999996423721313,review,abs_threshold,needs_review,verify_vendor_or_corporate_action_before_cleaning,,,,
2019-01-03,DD1BR4-R,1.4999996423721313,1.4999996423721313,review,abs_threshold,needs_review,verify_vendor_or_corporate_action_before_cleaning,,,,
2023-10-30,DD1BR4-R,1.4999996423721313,1.4999996423721313,review,abs_threshold,needs_review,verify_vendor_or_corporate_action_before_cleaning,,,,
2014-12-02,GSSSN0-R,1.4999996423721313,1.4999996423721313,review,abs_threshold,needs_review,verify_vendor_or_corporate_action_before_cleaning,,,,
2024-11-05,XLCZT6-R,1.4993120431900024,1.4993120431900024,review,abs_threshold,needs_review,verify_vendor_or_corporate_action_before_cleaning,,,,
2021-07-12,T7HRLL-R,1.4992624521255493,1.4992624521255493,review,abs_threshold,needs_review,verify_vendor_or_corporate_action_before_cleaning,,,,
2024-04-16,L93LBV-R,1.4989421367645264,1.4989421367645264,review,abs_threshold,needs_review,verify_vendor_or_corporate_action_before_cleaning,,,,
2024-04-16,LG0DHY-R,1.4989421367645264,1.4989421367645264,review,abs_threshold,needs_review,verify_vendor_or_corporate_action_before_cleaning,,,,
2023-09-19,T7HRLL-R,1.4966089725494385,1.4966089725494385,review,abs_threshold,needs_review,verify_vendor_or_corporate_action_before_cleaning,,,,
2025-01-03,T7HRLL-R,1.4965980052947998,1.4965980052947998,review,abs_threshold,needs_review,verify_vendor_or_corporate_action_before_cleaning,,,,
2020-03-18,J8FJWQ-R,1.4960254430770874,1.4960254430770874,review,abs_threshold,needs_review,verify_vendor_or_corporate_action_before_cleaning,,,,
2025-06-30,GYM5PB-R,1.495633840560913,1.495633840560913,review,abs_threshold,needs_review,verify_vendor_or_corporate_action_before_cleaning,,,,
2025-10-28,J5RFMZ-R,1.4950684309005737,1.4950684309005737,review,abs_threshold,needs_review,verify_vendor_or_corporate_action_before_cleaning,,,,
2019-02-12,BBD288-R,1.4948005676269531,1.4948005676269531,review,abs_threshold,needs_review,verify_vendor_or_corporate_action_before_cleaning,,,,
2025-01-02,M6PR23-R,1.4945197105407715,1.4945197105407715,review,abs_threshold,needs_review,verify_vendor_or_corporate_action_before_cleaning,,,,
2025-11-07,GYM5PB-R,1.4928711000000001,1.4928711000000001,review,abs_threshold,needs_review,verify_vendor_or_corporate_action_before_cleaning,,,,
2025-08-08,X32NYV-R,1.4928150177001953,1.4928150177001953,review,abs_threshold,needs_review,verify_vendor_or_corporate_action_before_cleaning,,,,
2024-09-16,X32NYV-R,1.4921340942382812,1.4921340942382812,review,abs_threshold,needs_review,verify_vendor_or_corporate_action_before_cleaning,,,,
2012-02-09,V1F4QG-R,1.490199327468872,1.490199327468872,review,abs_threshold,needs_review,verify_vendor_or_corporate_action_before_cleaning,,,,
2024-12-12,JXR980-R,1.4881484508514404,1.4881484508514404,review,abs_threshold,needs_review,verify_vendor_or_corporate_action_before_cleaning,,,,
2025-02-20,T7HRLL-R,1.4879467487335205,1.4879467487335205,review,abs_threshold,needs_review,verify_vendor_or_corporate_action_before_cleaning,,,,
2025-11-06,MBLWWK-R,1.4868926999999998,1.4868926999999998,review,abs_threshold,needs_review,verify_vendor_or_corporate_action_before_cleaning,,,,
2024-10-30,LG0DHY-R,1.485041856765747,1.485041856765747,review,abs_threshold,needs_review,verify_vendor_or_corporate_action_before_cleaning,,,,
2021-04-06,GGKD94-R,1.4834232330322266,1.4834232330322266,review,abs_threshold,needs_review,verify_vendor_or_corporate_action_before_cleaning,,,,
2024-08-19,T7HRLL-R,1.4832806587219238,1.4832806587219238,review,abs_threshold,needs_review,verify_vendor_or_corporate_action_before_cleaning,,,,
2023-07-18,KWC8S7-R,1.4827585220336914,1.4827585220336914,review,abs_threshold,needs_review,verify_vendor_or_corporate_action_before_cleaning,,,,
2007-03-30,TQ3XWW-R,1.4811054468154907,1.4811054468154907,review,abs_threshold,needs_review,verify_vendor_or_corporate_action_before_cleaning,,,,
2015-01-30,NPNDZW-R,1.4801025390625,1.4801025390625,review,abs_threshold,needs_review,verify_vendor_or_corporate_action_before_cleaning,,,,
2014-10-30,FXQQBK-R,1.4786326885223389,1.4786326885223389,review,abs_threshold,needs_review,verify_vendor_or_corporate_action_before_cleaning,,,,
2008-09-30,CZGY1P-R,1.4783835411071777,1.4783835411071777,review,abs_threshold,needs_review,verify_vendor_or_corporate_action_before_cleaning,,,,
2025-12-08,KWT1NS-R,1.477522373199463,1.477522373199463,review,abs_threshold,needs_review,verify_vendor_or_corporate_action_before_cleaning,,,,
2025-10-21,PRDD9Y-R,1.473089337348938,1.473089337348938,review,abs_threshold,needs_review,verify_vendor_or_corporate_action_before_cleaning,,,,
2024-06-12,MBLWWK-R,1.4713068008422852,1.4713068008422852,review,abs_threshold,needs_review,verify_vendor_or_corporate_action_before_cleaning,,,,
2025-04-09,X32NYV-R,1.4711240530014038,1.4711240530014038,review,abs_threshold,needs_review,verify_vendor_or_corporate_action_before_cleaning,,,,
2009-09-10,SYBHFT-R,1.4697003364562988,1.4697003364562988,review,abs_threshold,needs_review,verify_vendor_or_corporate_action_before_cleaning,,,,
2024-04-25,SRMGTP-R,1.4696731567382812,1.4696731567382812,review,abs_threshold,needs_review,verify_vendor_or_corporate_action_before_cleaning,,,,
2012-07-24,FQTQ9T-R,1.4689480066299438,1.4689480066299438,review,abs_threshold,needs_review,verify_vendor_or_corporate_action_before_cleaning,,,,
2008-10-27,VJ2X17-R,1.4662082195281982,1.4662082195281982,review,abs_threshold,needs_review,verify_vendor_or_corporate_action_before_cleaning,,,,
2025-04-16,MR2D08-R,1.4655834436416626,1.4655834436416626,review,abs_threshold,needs_review,verify_vendor_or_corporate_action_before_cleaning,,,,
2024-05-15,L14CLL-R,1.464776873588562,1.464776873588562,review,abs_threshold,needs_review,verify_vendor_or_corporate_action_before_cleaning,,,,
2016-03-22,TBYTT2-R,1.4630544185638428,1.4630544185638428,review,abs_threshold,needs_review,verify_vendor_or_corporate_action_before_cleaning,,,,
2022-08-01,KWKLGT-R,1.4547014236450195,1.4547014236450195,review,abs_threshold,needs_review,verify_vendor_or_corporate_action_before_cleaning,,,,
2021-03-22,GGKD94-R,1.453112244606018,1.453112244606018,review,abs_threshold,needs_review,verify_vendor_or_corporate_action_before_cleaning,,,,
2022-02-03,HN0LVT-R,1.4530634880065918,1.4530634880065918,review,abs_threshold,needs_review,verify_vendor_or_corporate_action_before_cleaning,,,,
2021-03-11,GGKD94-R,1.4515995979309082,1.4515995979309082,review,abs_threshold,needs_review,verify_vendor_or_corporate_action_before_cleaning,,,,
2024-08-21,T4332F-R,1.451236367225647,1.451236367225647,review,abs_threshold,needs_review,verify_vendor_or_corporate_action_before_cleaning,,,,
2023-12-15,K8YRNT-R,1.4447510242462158,1.4447510242462158,review,abs_threshold,needs_review,verify_vendor_or_corporate_action_before_cleaning,,,,
2006-03-29,N80V19-R,1.4422550201416016,1.4422550201416016,review,abs_threshold,needs_review,verify_vendor_or_corporate_action_before_cleaning,,,,
2022-02-23,D3Y8XJ-R,1.4410430192947388,1.4410430192947388,review,abs_threshold,needs_review,verify_vendor_or_corporate_action_before_cleaning,,,,
2008-11-24,QG6G5W-R,1.4377386569976807,1.4377386569976807,review,abs_threshold,needs_review,verify_vendor_or_corporate_action_before_cleaning,,,,
2019-10-07,T7HRLL-R,1.435585856437683,1.435585856437683,review,abs_threshold,needs_review,verify_vendor_or_corporate_action_before_cleaning,,,,
2025-01-03,T3WDZT-R,1.4342621564865112,1.4342621564865112,review,abs_threshold,needs_review,verify_vendor_or_corporate_action_before_cleaning,,,,
2019-10-18,T7HRLL-R,1.433879017829895,1.433879017829895,review,abs_threshold,needs_review,verify_vendor_or_corporate_action_before_cleaning,,,,
2016-01-04,V07BHX-R,1.4285714626312256,1.4285714626312256,review,abs_threshold,needs_review,verify_vendor_or_corporate_action_before_cleaning,,,,
2025-06-25,RLBFMC-R,1.4281609058380127,1.4281609058380127,review,abs_threshold,needs_review,verify_vendor_or_corporate_action_before_cleaning,,,,
2023-03-29,K8YRNT-R,1.4255595207214355,1.4255595207214355,review,abs_threshold,needs_review,verify_vendor_or_corporate_action_before_cleaning,,,,
2017-11-30,NYNL9S-R,1.4242403507232666,1.4242403507232666,review,abs_threshold,needs_review,verify_vendor_or_corporate_action_before_cleaning,,,,
2009-10-05,SD9913-R,1.4240442514419556,1.4240442514419556,review,abs_threshold,needs_review,verify_vendor_or_corporate_action_before_cleaning,,,,
2020-10-16,GYKB0G-R,1.4229389429092407,1.4229389429092407,review,abs_threshold,needs_review,verify_vendor_or_corporate_action_before_cleaning,,,,
2019-02-28,T7HRLL-R,1.422119379043579,1.422119379043579,review,abs_threshold,needs_review,verify_vendor_or_corporate_action_before_cleaning,,,,
2019-11-22,T7HRLL-R,1.4210543632507324,1.4210543632507324,review,abs_threshold,needs_review,verify_vendor_or_corporate_action_before_cleaning,,,,
2020-04-03,TZ7KV1-R,1.420729398727417,1.420729398727417,review,abs_threshold,needs_review,verify_vendor_or_corporate_action_before_cleaning,,,,
2025-10-10,LNQY7N-R,1.418918251991272,1.418918251991272,review,abs_threshold,needs_review,verify_vendor_or_corporate_action_before_cleaning,,,,
2017-06-21,HVNZGH-R,1.4188880920410156,1.4188880920410156,review,abs_threshold,needs_review,verify_vendor_or_corporate_action_before_cleaning,,,,
2025-02-03,GYM5PB-R,1.4188474416732788,1.4188474416732788,review,abs_threshold,needs_review,verify_vendor_or_corporate_action_before_cleaning,,,,
2024-05-10,TD2BMG-R,1.4166666269302368,1.4166666269302368,review,abs_threshold,needs_review,verify_vendor_or_corporate_action_before_cleaning,,,,
2011-11-03,H8HXL2-R,1.4148674011230469,1.4148674011230469,review,abs_threshold,needs_review,verify_vendor_or_corporate_action_before_cleaning,,,,
2025-04-04,MBLWWK-R,1.4091203212738037,1.4091203212738037,review,abs_threshold,needs_review,verify_vendor_or_corporate_action_before_cleaning,,,,
2020-03-11,H46TW9-R,1.4012656211853027,1.4012656211853027,review,abs_threshold,needs_review,verify_vendor_or_corporate_action_before_cleaning,,,,
2022-11-03,PW1CY3-R,1.4000002145767212,1.4000002145767212,review,abs_threshold,needs_review,verify_vendor_or_corporate_action_before_cleaning,,,,
2026-04-02,LF5C6W-R,1.395896553993225,1.395896553993225,review,abs_threshold,needs_review,verify_vendor_or_corporate_action_before_cleaning,,,,
2020-07-15,GGKD94-R,1.3957964181900024,1.3957964181900024,review,abs_threshold,needs_review,verify_vendor_or_corporate_action_before_cleaning,,,,
2017-02-01,G38TL2-R,1.3952720165252686,1.3952720165252686,review,abs_threshold,needs_review,verify_vendor_or_corporate_action_before_cleaning,,,,
2020-11-23,FFYYD2-R,1.3939392566680908,1.3939392566680908,review,abs_threshold,needs_review,verify_vendor_or_corporate_action_before_cleaning,,,,
2010-09-23,JS8Z4X-R,1.3930420875549316,1.3930420875549316,review,abs_threshold,needs_review,verify_vendor_or_corporate_action_before_cleaning,,,,
2010-04-08,V07BHX-R,1.3896552324295044,1.3896552324295044,review,abs_threshold,needs_review,verify_vendor_or_corporate_action_before_cleaning,,,,
2020-08-27,TD2BMG-R,1.388888955116272,1.388888955116272,review,abs_threshold,needs_review,verify_vendor_or_corporate_action_before_cleaning,,,,
2025-10-27,GYM5PB-R,1.3869385719299316,1.3869385719299316,review,abs_threshold,needs_review,verify_vendor_or_corporate_action_before_cleaning,,,,
2025-10-03,MBLWWK-R,1.3864989280700684,1.3864989280700684,review,abs_threshold,needs_review,verify_vendor_or_corporate_action_before_cleaning,,,,
2025-01-08,MR2D08-R,1.384661316871643,1.384661316871643,review,abs_threshold,needs_review,verify_vendor_or_corporate_action_before_cleaning,,,,
2015-07-09,NPNDZW-R,1.3841629028320312,1.3841629028320312,review,abs_threshold,needs_review,verify_vendor_or_corporate_action_before_cleaning,,,,
2020-07-17,T7HRLL-R,1.3829326629638672,1.3829326629638672,review,abs_threshold,needs_review,verify_vendor_or_corporate_action_before_cleaning,,,,
2025-08-20,V9KKT0-R,1.3828917741775513,1.3828917741775513,review,abs_threshold,needs_review,verify_vendor_or_corporate_action_before_cleaning,,,,
2019-03-29,T7HRLL-R,1.3823306560516357,1.3823306560516357,review,abs_threshold,needs_review,verify_vendor_or_corporate_action_before_cleaning,,,,
2008-11-24,QR56YK-R,1.3782819509506226,1.3782819509506226,review,abs_threshold,needs_review,verify_vendor_or_corporate_action_before_cleaning,,,,
2017-06-12,T7HRLL-R,1.3771268129348755,1.3771268129348755,review,abs_threshold,needs_review,verify_vendor_or_corporate_action_before_cleaning,,,,
2025-04-30,S6KDT6-R,1.3712854385375977,1.3712854385375977,review,abs_threshold,needs_review,verify_vendor_or_corporate_action_before_cleaning,,,,
2025-08-25,SNZCGW-R,1.369297742843628,1.369297742843628,review,abs_threshold,needs_review,verify_vendor_or_corporate_action_before_cleaning,,,,
2009-02-12,Q6BCNT-R,1.368746280670166,1.368746280670166,review,abs_threshold,needs_review,verify_vendor_or_corporate_action_before_cleaning,,,,
2024-02-26,V05L58-R,1.368433952331543,1.368433952331543,review,abs_threshold,needs_review,verify_vendor_or_corporate_action_before_cleaning,,,,
2021-06-17,GGKD94-R,1.3679152727127075,1.3679152727127075,review,abs_threshold,needs_review,verify_vendor_or_corporate_action_before_cleaning,,,,
2025-11-18,F9V3Q7-R,1.3671153,1.3671153,review,abs_threshold,needs_review,verify_vendor_or_corporate_action_before_cleaning,,,,
2024-10-10,MBLWWK-R,1.3638889789581299,1.3638889789581299,review,abs_threshold,needs_review,verify_vendor_or_corporate_action_before_cleaning,,,,
2013-08-21,XQ6H9X-R,1.3630282878875732,1.3630282878875732,review,abs_threshold,needs_review,verify_vendor_or_corporate_action_before_cleaning,,,,
2021-01-27,Q53D75-R,1.3630218505859375,1.3630218505859375,review,abs_threshold,needs_review,verify_vendor_or_corporate_action_before_cleaning,,,,
2020-05-27,GYKB0G-R,1.3628337383270264,1.3628337383270264,review,abs_threshold,needs_review,verify_vendor_or_corporate_action_before_cleaning,,,,
2020-11-23,CWRF0J-R,1.362630844116211,1.362630844116211,review,abs_threshold,needs_review,verify_vendor_or_corporate_action_before_cleaning,,,,
2020-05-26,T7HRLL-R,1.3612276315689087,1.3612276315689087,review,abs_threshold,needs_review,verify_vendor_or_corporate_action_before_cleaning,,,,
2025-06-17,MG7G2Q-R,1.3600345849990845,1.3600345849990845,review,abs_threshold,needs_review,verify_vendor_or_corporate_action_before_cleaning,,,,
2022-03-07,PRZ00L-R,1.358386754989624,1.358386754989624,review,abs_threshold,needs_review,verify_vendor_or_corporate_action_before_cleaning,,,,
2020-06-08,RJ3WCJ-R,1.3574434518814087,1.3574434518814087,review,abs_threshold,needs_review,verify_vendor_or_corporate_action_before_cleaning,,,,
2020-03-17,H46TW9-R,1.3569397926330566,1.3569397926330566,review,abs_threshold,needs_review,verify_vendor_or_corporate_action_before_cleaning,,,,
2021-02-04,XNX0MF-R,1.3529410362243652,1.3529410362243652,review,abs_threshold,needs_review,verify_vendor_or_corporate_action_before_cleaning,,,,
2019-11-08,VXKLK4-R,1.3526407480239868,1.3526407480239868,review,abs_threshold,needs_review,verify_vendor_or_corporate_action_before_cleaning,,,,
2012-08-09,NDNDW1-R,1.3499997854232788,1.3499997854232788,review,abs_threshold,needs_review,verify_vendor_or_corporate_action_before_cleaning,,,,
2024-10-02,MTL6ZV-R,1.349460244178772,1.349460244178772,review,abs_threshold,needs_review,verify_vendor_or_corporate_action_before_cleaning,,,,
2025-04-15,C79CWM-R,1.3479647636413574,1.3479647636413574,review,abs_threshold,needs_review,verify_vendor_or_corporate_action_before_cleaning,,,,
2019-06-03,T7HRLL-R,1.347780466079712,1.347780466079712,review,abs_threshold,needs_review,verify_vendor_or_corporate_action_before_cleaning,,,,
2021-01-14,TZ1NKH-R,1.347780466079712,1.347780466079712,review,abs_threshold,needs_review,verify_vendor_or_corporate_action_before_cleaning,,,,
2025-05-29,DNX1NY-R,1.3472963571548462,1.3472963571548462,review,abs_threshold,needs_review,verify_vendor_or_corporate_action_before_cleaning,,,,
2023-01-18,JBLXCY-R,1.3464243412017822,1.3464243412017822,review,abs_threshold,needs_review,verify_vendor_or_corporate_action_before_cleaning,,,,
2021-02-05,XNX0MF-R,1.34375,1.34375,review,abs_threshold,needs_review,verify_vendor_or_corporate_action_before_cleaning,,,,
2025-02-19,K80C6V-R,1.342958688735962,1.342958688735962,review,abs_threshold,needs_review,verify_vendor_or_corporate_action_before_cleaning,,,,
2026-03-31,C10YFJ-R,1.3424649238586426,1.3424649238586426,review,abs_threshold,needs_review,verify_vendor_or_corporate_action_before_cleaning,,,,
2007-12-14,D57YGP-R,1.339418649673462,1.339418649673462,review,abs_threshold,needs_review,verify_vendor_or_corporate_action_before_cleaning,,,,
2008-12-17,F97L3L-R,1.3379461765289307,1.3379461765289307,review,abs_threshold,needs_review,verify_vendor_or_corporate_action_before_cleaning,,,,
2024-05-16,L14CLL-R,1.337518572807312,1.337518572807312,review,abs_threshold,needs_review,verify_vendor_or_corporate_action_before_cleaning,,,,
2018-04-30,GKYKWV-R,1.337099552154541,1.337099552154541,review,abs_threshold,needs_review,verify_vendor_or_corporate_action_before_cleaning,,,,
2023-06-29,T7HRLL-R,1.3359051942825317,1.3359051942825317,review,abs_threshold,needs_review,verify_vendor_or_corporate_action_before_cleaning,,,,
2020-08-26,BT5LSL-R,1.3333333730697632,1.3333333730697632,review,abs_threshold,needs_review,verify_vendor_or_corporate_action_before_cleaning,,,,
2008-12-18,C24ZQW-R,1.3333332538604736,1.3333332538604736,review,abs_threshold,needs_review,verify_vendor_or_corporate_action_before_cleaning,,,,
2024-07-05,L93LBV-R,1.3298840522766113,1.3298840522766113,review,abs_threshold,needs_review,verify_vendor_or_corporate_action_before_cleaning,,,,
2021-05-10,GGKD94-R,1.3298795223236084,1.3298795223236084,review,abs_threshold,needs_review,verify_vendor_or_corporate_action_before_cleaning,,,,
2009-11-20,STXG69-R,1.3291237354278564,1.3291237354278564,review,abs_threshold,needs_review,verify_vendor_or_corporate_action_before_cleaning,,,,
2024-03-04,KV0K62-R,1.3273192644119263,1.3273192644119263,review,abs_threshold,needs_review,verify_vendor_or_corporate_action_before_cleaning,,,,
2008-10-30,PN3T12-R,1.3271992206573486,1.3271992206573486,review,abs_threshold,needs_review,verify_vendor_or_corporate_action_before_cleaning,,,,
2014-11-14,N09L78-R,1.3259365558624268,1.3259365558624268,review,abs_threshold,needs_review,verify_vendor_or_corporate_action_before_cleaning,,,,
2021-08-10,GM3PSR-R,1.323127269744873,1.323127269744873,review,abs_threshold,needs_review,verify_vendor_or_corporate_action_before_cleaning,,,,
2021-06-21,GGKD94-R,1.3225576877593994,1.3225576877593994,review,abs_threshold,needs_review,verify_vendor_or_corporate_action_before_cleaning,,,,
2014-12-18,KXF4G2-R,1.3201048374176025,1.3201048374176025,review,abs_threshold,needs_review,verify_vendor_or_corporate_action_before_cleaning,,,,
2023-06-09,PRZ00L-R,1.3190679550170898,1.3190679550170898,review,abs_threshold,needs_review,verify_vendor_or_corporate_action_before_cleaning,,,,
2025-08-06,TP1K7K-R,1.316386342048645,1.316386342048645,review,abs_threshold,needs_review,verify_vendor_or_corporate_action_before_cleaning,,,,
2021-09-28,GKYKWV-R,1.314399242401123,1.314399242401123,review,abs_threshold,needs_review,verify_vendor_or_corporate_action_before_cleaning,,,,
2012-04-12,V9F2L4-R,1.3138699531555176,1.3138699531555176,review,abs_threshold,needs_review,verify_vendor_or_corporate_action_before_cleaning,,,,
2022-11-25,F2HRC4-R,1.3125,1.3125,review,abs_threshold,needs_review,verify_vendor_or_corporate_action_before_cleaning,,,,
2013-10-02,RT1M57-R,1.3109707832336426,1.3109707832336426,review,abs_threshold,needs_review,verify_vendor_or_corporate_action_before_cleaning,,,,
2024-01-10,GYM5PB-R,1.3077189922332764,1.3077189922332764,review,abs_threshold,needs_review,verify_vendor_or_corporate_action_before_cleaning,,,,
2018-02-23,XN2JJ0-R,1.3047208786010742,1.3047208786010742,review,abs_threshold,needs_review,verify_vendor_or_corporate_action_before_cleaning,,,,
2025-07-16,GYM5PB-R,1.304263949394226,1.304263949394226,review,abs_threshold,needs_review,verify_vendor_or_corporate_action_before_cleaning,,,,
2024-11-20,JYTSCP-R,1.3012279272079468,1.3012279272079468,review,abs_threshold,needs_review,verify_vendor_or_corporate_action_before_cleaning,,,,
2018-01-17,GKYKWV-R,1.2977454662322998,1.2977454662322998,review,abs_threshold,needs_review,verify_vendor_or_corporate_action_before_cleaning,,,,
2025-08-13,GYM5PB-R,1.2956806421279907,1.2956806421279907,review,abs_threshold,needs_review,verify_vendor_or_corporate_action_before_cleaning,,,,
2025-11-06,L5W163-R,1.2955933,1.2955933,review,abs_threshold,needs_review,verify_vendor_or_corporate_action_before_cleaning,,,,
2024-05-22,K80C6V-R,1.2937994003295898,1.2937994003295898,review,abs_threshold,needs_review,verify_vendor_or_corporate_action_before_cleaning,,,,
2013-02-05,NT47N2-R,1.2935361862182617,1.2935361862182617,review,abs_threshold,needs_review,verify_vendor_or_corporate_action_before_cleaning,,,,
2024-04-15,D7VQ10-R,1.2917027473449707,1.2917027473449707,review,abs_threshold,needs_review,verify_vendor_or_corporate_action_before_cleaning,,,,
2009-08-10,MFYB4M-R,1.290959358215332,1.290959358215332,review,abs_threshold,needs_review,verify_vendor_or_corporate_action_before_cleaning,,,,
2025-11-20,L5W163-R,1.2898787999999999,1.2898787999999999,review,abs_threshold,needs_review,verify_vendor_or_corporate_action_before_cleaning,,,,
2018-09-27,BBD288-R,1.286546230316162,1.286546230316162,review,abs_threshold,needs_review,verify_vendor_or_corporate_action_before_cleaning,,,,
2025-01-21,GYM5PB-R,1.2857143878936768,1.2857143878936768,review,abs_threshold,needs_review,verify_vendor_or_corporate_action_before_cleaning,,,,
2025-08-14,V9KKT0-R,1.2841291427612305,1.2841291427612305,review,abs_threshold,needs_review,verify_vendor_or_corporate_action_before_cleaning,,,,
2018-04-26,BBD288-R,1.2838910818099976,1.2838910818099976,review,abs_threshold,needs_review,verify_vendor_or_corporate_action_before_cleaning,,,,
2025-04-11,QBPHNX-R,1.2818036079406738,1.2818036079406738,review,abs_threshold,needs_review,verify_vendor_or_corporate_action_before_cleaning,,,,
2020-12-08,GKYKWV-R,1.2810325622558594,1.2810325622558594,review,abs_threshold,needs_review,verify_vendor_or_corporate_action_before_cleaning,,,,
2016-01-19,T7HRLL-R,1.280890703201294,1.280890703201294,review,abs_threshold,needs_review,verify_vendor_or_corporate_action_before_cleaning,,,,
2014-08-19,GM3PSR-R,1.280320644378662,1.280320644378662,review,abs_threshold,needs_review,verify_vendor_or_corporate_action_before_cleaning,,,,
2013-01-07,BT5LSL-R,1.2799999713897705,1.2799999713897705,review,abs_threshold,needs_review,verify_vendor_or_corporate_action_before_cleaning,,,,
2025-10-15,HR515R-R,1.2799135446548462,1.2799135446548462,review,abs_threshold,needs_review,verify_vendor_or_corporate_action_before_cleaning,,,,
2025-10-20,PRDD9Y-R,1.2795891761779785,1.2795891761779785,review,abs_threshold,needs_review,verify_vendor_or_corporate_action_before_cleaning,,,,
2021-02-09,MWLC2R-R,1.2769317626953125,1.2769317626953125,review,abs_threshold,needs_review,verify_vendor_or_corporate_action_before_cleaning,,,,
2009-02-12,F19FNL-R,1.2742681503295898,1.2742681503295898,review,abs_threshold,needs_review,verify_vendor_or_corporate_action_before_cleaning,,,,
2010-06-21,TN343Y-R,1.2741751670837402,1.2741751670837402,review,abs_threshold,needs_review,verify_vendor_or_corporate_action_before_cleaning,,,,
2024-09-23,RJ4GM6-R,1.2725205421447754,1.2725205421447754,review,abs_threshold,needs_review,verify_vendor_or_corporate_action_before_cleaning,,,,
2024-12-12,MBLWWK-R,1.2700212001800537,1.2700212001800537,review,abs_threshold,needs_review,verify_vendor_or_corporate_action_before_cleaning,,,,
2013-05-17,JS8Z4X-R,1.2694065570831299,1.2694065570831299,review,abs_threshold,needs_review,verify_vendor_or_corporate_action_before_cleaning,,,,
2018-03-23,GKYKWV-R,1.2650325298309326,1.2650325298309326,review,abs_threshold,needs_review,verify_vendor_or_corporate_action_before_cleaning,,,,
2025-06-23,XNQCR0-R,1.2642333507537842,1.2642333507537842,review,abs_threshold,needs_review,verify_vendor_or_corporate_action_before_cleaning,,,,
2024-08-20,J5RFMZ-R,1.263216257095337,1.263216257095337,review,abs_threshold,needs_review,verify_vendor_or_corporate_action_before_cleaning,,,,
2015-01-14,TQ3XWW-R,1.2632153034210205,1.2632153034210205,review,abs_threshold,needs_review,verify_vendor_or_corporate_action_before_cleaning,,,,
2018-10-17,GM3PSR-R,1.2599527835845947,1.2599527835845947,review,abs_threshold,needs_review,verify_vendor_or_corporate_action_before_cleaning,,,,
2014-08-19,TD2BMG-R,1.2580645084381104,1.2580645084381104,review,abs_threshold,needs_review,verify_vendor_or_corporate_action_before_cleaning,,,,
2018-07-18,GKYKWV-R,1.2578272819519043,1.2578272819519043,review,abs_threshold,needs_review,verify_vendor_or_corporate_action_before_cleaning,,,,
2018-07-10,GKYKWV-R,1.2574870586395264,1.2574870586395264,review,abs_threshold,needs_review,verify_vendor_or_corporate_action_before_cleaning,,,,
2018-08-30,GKYKWV-R,1.256852149963379,1.256852149963379,review,abs_threshold,needs_review,verify_vendor_or_corporate_action_before_cleaning,,,,
2018-07-25,GKYKWV-R,1.2561678886413574,1.2561678886413574,review,abs_threshold,needs_review,verify_vendor_or_corporate_action_before_cleaning,,,,
2023-01-13,T7HRLL-R,1.2560679912567139,1.2560679912567139,review,abs_threshold,needs_review,verify_vendor_or_corporate_action_before_cleaning,,,,
2008-11-10,BYQW75-R,1.2560670375823975,1.2560670375823975,review,abs_threshold,needs_review,verify_vendor_or_corporate_action_before_cleaning,,,,
2018-08-01,GKYKWV-R,1.2553975582122803,1.2553975582122803,review,abs_threshold,needs_review,verify_vendor_or_corporate_action_before_cleaning,,,,
2025-01-23,WL4MZG-R,1.2547607421875,1.2547607421875,review,abs_threshold,needs_review,verify_vendor_or_corporate_action_before_cleaning,,,,
2018-06-28,GKYKWV-R,1.2534010410308838,1.2534010410308838,review,abs_threshold,needs_review,verify_vendor_or_corporate_action_before_cleaning,,,,
2018-08-13,GKYKWV-R,1.2532525062561035,1.2532525062561035,review,abs_threshold,needs_review,verify_vendor_or_corporate_action_before_cleaning,,,,
2025-02-28,P52239-R,1.2528126239776611,1.2528126239776611,review,abs_threshold,needs_review,verify_vendor_or_corporate_action_before_cleaning,,,,
2015-01-05,T7HRLL-R,1.2528026103973389,1.2528026103973389,review,abs_threshold,needs_review,verify_vendor_or_corporate_action_before_cleaning,,,,
2018-07-27,GKYKWV-R,1.2513518333435059,1.2513518333435059,review,abs_threshold,needs_review,verify_vendor_or_corporate_action_before_cleaning,,,,
2023-11-07,K8T9P4-R,1.2511472702026367,1.2511472702026367,review,abs_threshold,needs_review,verify_vendor_or_corporate_action_before_cleaning,,,,
2022-10-06,H8SZJ7-R,1.2503008842468262,1.2503008842468262,review,abs_threshold,needs_review,verify_vendor_or_corporate_action_before_cleaning,,,,
2015-01-07,GSSSN0-R,1.249999761581421,1.249999761581421,review,abs_threshold,needs_review,verify_vendor_or_corporate_action_before_cleaning,,,,
2019-12-04,T7HRLL-R,1.24918794631958,1.24918794631958,review,abs_threshold,needs_review,verify_vendor_or_corporate_action_before_cleaning,,,,
2024-12-09,GR3LHF-R,1.2479891777038574,1.2479891777038574,review,abs_threshold,needs_review,verify_vendor_or_corporate_action_before_cleaning,,,,
2025-07-23,QBCTL6-R,1.2479865550994873,1.2479865550994873,review,abs_threshold,needs_review,verify_vendor_or_corporate_action_before_cleaning,,,,
2018-08-08,GKYKWV-R,1.2477703094482422,1.2477703094482422,review,abs_threshold,needs_review,verify_vendor_or_corporate_action_before_cleaning,,,,
2013-02-06,TTN57D-R,1.2472257614135742,1.2472257614135742,review,abs_threshold,needs_review,verify_vendor_or_corporate_action_before_cleaning,,,,
2011-05-11,W169HX-R,1.2467453479766846,1.2467453479766846,review,abs_threshold,needs_review,verify_vendor_or_corporate_action_before_cleaning,,,,
2018-09-17,GKYKWV-R,1.2455732822418213,1.2455732822418213,review,abs_threshold,needs_review,verify_vendor_or_corporate_action_before_cleaning,,,,
2018-08-20,GKYKWV-R,1.245375156402588,1.245375156402588,review,abs_threshold,needs_review,verify_vendor_or_corporate_action_before_cleaning,,,,
2020-03-19,HSF59Z-R,1.244793176651001,1.244793176651001,review,abs_threshold,needs_review,verify_vendor_or_corporate_action_before_cleaning,,,,
2020-04-24,TVVJHG-R,1.243727445602417,1.243727445602417,review,abs_threshold,needs_review,verify_vendor_or_corporate_action_before_cleaning,,,,
2024-08-22,L14CLL-R,1.2417705059051514,1.2417705059051514,review,abs_threshold,needs_review,verify_vendor_or_corporate_action_before_cleaning,,,,
2025-03-28,V9KKT0-R,1.241464376449585,1.241464376449585,review,abs_threshold,needs_review,verify_vendor_or_corporate_action_before_cleaning,,,,
2017-06-14,D54SFQ-R,1.2405064105987549,1.2405064105987549,review,abs_threshold,needs_review,verify_vendor_or_corporate_action_before_cleaning,,,,
2020-06-08,B1J3HW-R,1.2400398254394531,1.2400398254394531,review,abs_threshold,needs_review,verify_vendor_or_corporate_action_before_cleaning,,,,
2009-02-03,JS8Z4X-R,1.240004301071167,1.240004301071167,review,abs_threshold,needs_review,verify_vendor_or_corporate_action_before_cleaning,,,,
2024-06-10,FWDR63-R,1.239854335784912,1.239854335784912,review,abs_threshold,needs_review,verify_vendor_or_corporate_action_before_cleaning,,,,
2018-08-24,GKYKWV-R,1.2398412227630615,1.2398412227630615,review,abs_threshold,needs_review,verify_vendor_or_corporate_action_before_cleaning,,,,
2019-02-25,DMWGF9-R,1.239429235458374,1.239429235458374,review,abs_threshold,needs_review,verify_vendor_or_corporate_action_before_cleaning,,,,
2025-06-11,VDT2VP-R,1.2389287948608398,1.2389287948608398,review,abs_threshold,needs_review,verify_vendor_or_corporate_action_before_cleaning,,,,
2018-07-05,GKYKWV-R,1.238753080368042,1.238753080368042,review,abs_threshold,needs_review,verify_vendor_or_corporate_action_before_cleaning,,,,
2012-04-02,VMM07R-R,1.238558292388916,1.238558292388916,review,abs_threshold,needs_review,verify_vendor_or_corporate_action_before_cleaning,,,,
2011-12-16,L2BWXK-R,1.2375001907348633,1.2375001907348633,review,abs_threshold,needs_review,verify_vendor_or_corporate_action_before_cleaning,,,,
2025-03-17,P52239-R,1.2358660697937012,1.2358660697937012,review,abs_threshold,needs_review,verify_vendor_or_corporate_action_before_cleaning,,,,
2024-04-18,PH7QYB-R,1.234659194946289,1.234659194946289,review,abs_threshold,needs_review,verify_vendor_or_corporate_action_before_cleaning,,,,
2018-08-22,GKYKWV-R,1.2345781326293945,1.2345781326293945,review,abs_threshold,needs_review,verify_vendor_or_corporate_action_before_cleaning,,,,
2018-08-16,GKYKWV-R,1.2343964576721191,1.2343964576721191,review,abs_threshold,needs_review,verify_vendor_or_corporate_action_before_cleaning,,,,
2018-09-20,GKYKWV-R,1.234300136566162,1.234300136566162,review,abs_threshold,needs_review,verify_vendor_or_corporate_action_before_cleaning,,,,
2007-03-28,RJ5QX8-R,1.2333807945251465,1.2333807945251465,review,abs_threshold,needs_review,verify_vendor_or_corporate_action_before_cleaning,,,,
2009-07-21,VNN3BR-R,1.2328319549560547,1.2328319549560547,review,abs_threshold,needs_review,verify_vendor_or_corporate_action_before_cleaning,,,,
2021-02-16,GKYKWV-R,1.2273869514465332,1.2273869514465332,review,abs_threshold,needs_review,verify_vendor_or_corporate_action_before_cleaning,,,,
2024-05-20,MBLWWK-R,1.22725248336792,1.22725248336792,review,abs_threshold,needs_review,verify_vendor_or_corporate_action_before_cleaning,,,,
2021-11-12,GGKD94-R,1.2271449565887451,1.2271449565887451,review,abs_threshold,needs_review,verify_vendor_or_corporate_action_before_cleaning,,,,
2024-12-19,JBPRTM-R,1.2266666889190674,1.2266666889190674,review,abs_threshold,needs_review,verify_vendor_or_corporate_action_before_cleaning,,,,
2024-10-16,LC099Y-R,1.2257919311523438,1.2257919311523438,review,abs_threshold,needs_review,verify_vendor_or_corporate_action_before_cleaning,,,,
2020-10-13,DF203V-R,1.2254657745361328,1.2254657745361328,review,abs_threshold,needs_review,verify_vendor_or_corporate_action_before_cleaning,,,,
2022-10-06,HN0LVT-R,1.2253832817077637,1.2253832817077637,review,abs_threshold,needs_review,verify_vendor_or_corporate_action_before_cleaning,,,,
2023-06-12,KZQ82T-R,1.223738193511963,1.223738193511963,review,abs_threshold,needs_review,verify_vendor_or_corporate_action_before_cleaning,,,,
2025-08-18,HR515R-R,1.2233028411865234,1.2233028411865234,review,abs_threshold,needs_review,verify_vendor_or_corporate_action_before_cleaning,,,,
2025-09-25,PB29B4-R,1.223210334777832,1.223210334777832,review,abs_threshold,needs_review,verify_vendor_or_corporate_action_before_cleaning,,,,
2021-01-27,T7HRLL-R,1.222628116607666,1.222628116607666,review,abs_threshold,needs_review,verify_vendor_or_corporate_action_before_cleaning,,,,
2009-01-29,D1QXJC-R,1.2225618362426758,1.2225618362426758,review,abs_threshold,needs_review,verify_vendor_or_corporate_action_before_cleaning,,,,
2016-09-05,BT5LSL-R,1.2222223281860352,1.2222223281860352,review,abs_threshold,needs_review,verify_vendor_or_corporate_action_before_cleaning,,,,
2024-04-16,V05L58-R,1.2212817668914795,1.2212817668914795,review,abs_threshold,needs_review,verify_vendor_or_corporate_action_before_cleaning,,,,
2024-10-01,T7HRLL-R,1.2166838645935059,1.2166838645935059,review,abs_threshold,needs_review,verify_vendor_or_corporate_action_before_cleaning,,,,
2017-04-11,T7HRLL-R,1.2160542011260986,1.2160542011260986,review,abs_threshold,needs_review,verify_vendor_or_corporate_action_before_cleaning,,,,
2022-09-08,T7HRLL-R,1.2156095504760742,1.2156095504760742,review,abs_threshold,needs_review,verify_vendor_or_corporate_action_before_cleaning,,,,
2010-03-09,L471Q0-R,1.215440273284912,1.215440273284912,review,abs_threshold,needs_review,verify_vendor_or_corporate_action_before_cleaning,,,,
2022-11-15,QVSQJ4-R,1.2142856121063232,1.2142856121063232,review,abs_threshold,needs_review,verify_vendor_or_corporate_action_before_cleaning,,,,
2020-07-29,T7HRLL-R,1.2135405540466309,1.2135405540466309,review,abs_threshold,needs_review,verify_vendor_or_corporate_action_before_cleaning,,,,
2025-07-21,LHG2X1-R,1.2132482528686523,1.2132482528686523,review,abs_threshold,needs_review,verify_vendor_or_corporate_action_before_cleaning,,,,
2008-02-11,C7RPXS-R,1.212683916091919,1.212683916091919,review,abs_threshold,needs_review,verify_vendor_or_corporate_action_before_cleaning,,,,
2008-11-28,X574FY-R,1.2121210098266602,1.2121210098266602,review,abs_threshold,needs_review,verify_vendor_or_corporate_action_before_cleaning,,,,
2026-06-17,VLCYJX-R,1.2118103504180908,1.2118103504180908,review,abs_threshold,needs_review,verify_vendor_or_corporate_action_before_cleaning,,,,
2024-02-27,J0BMZW-R,1.2109525203704834,1.2109525203704834,review,abs_threshold,needs_review,verify_vendor_or_corporate_action_before_cleaning,,,,
2025-09-26,JL9K1F-R,1.2105607986450195,1.2105607986450195,review,abs_threshold,needs_review,verify_vendor_or_corporate_action_before_cleaning,,,,
2020-10-21,DF203V-R,1.2102532386779785,1.2102532386779785,review,abs_threshold,needs_review,verify_vendor_or_corporate_action_before_cleaning,,,,
2012-05-18,TLP7JW-R,1.2098405361175537,1.2098405361175537,review,abs_threshold,needs_review,verify_vendor_or_corporate_action_before_cleaning,,,,
2024-11-20,P85YX7-R,1.2096681594848633,1.2096681594848633,review,abs_threshold,needs_review,verify_vendor_or_corporate_action_before_cleaning,,,,
2023-06-08,FS2RSG-R,1.209223747253418,1.209223747253418,review,abs_threshold,needs_review,verify_vendor_or_corporate_action_before_cleaning,,,,
2025-04-09,G5HD02-R,1.2076058387756348,1.2076058387756348,review,abs_threshold,needs_review,verify_vendor_or_corporate_action_before_cleaning,,,,
2018-01-05,GKYKWV-R,1.2071285247802734,1.2071285247802734,review,abs_threshold,needs_review,verify_vendor_or_corporate_action_before_cleaning,,,,
2009-03-04,MR8S68-R,1.2066471576690674,1.2066471576690674,review,abs_threshold,needs_review,verify_vendor_or_corporate_action_before_cleaning,,,,
2023-07-20,V05L58-R,1.2063782215118408,1.2063782215118408,review,abs_threshold,needs_review,verify_vendor_or_corporate_action_before_cleaning,,,,
2025-04-21,VDT2VP-R,1.2058742046356201,1.2058742046356201,review,abs_threshold,needs_review,verify_vendor_or_corporate_action_before_cleaning,,,,
2025-07-01,D5J1KY-R,1.2052702903747559,1.2052702903747559,review,abs_threshold,needs_review,verify_vendor_or_corporate_action_before_cleaning,,,,
2025-07-10,LM58Q8-R,1.205263614654541,1.205263614654541,review,abs_threshold,needs_review,verify_vendor_or_corporate_action_before_cleaning,,,,
2018-08-23,T7HRLL-R,1.2044665813446045,1.2044665813446045,review,abs_threshold,needs_review,verify_vendor_or_corporate_action_before_cleaning,,,,
2024-12-09,FYRBN7-R,1.2037217617034912,1.2037217617034912,review,abs_threshold,needs_review,verify_vendor_or_corporate_action_before_cleaning,,,,
2023-12-05,K8YRNT-R,1.202035903930664,1.202035903930664,review,abs_threshold,needs_review,verify_vendor_or_corporate_action_before_cleaning,,,,
2024-03-27,K8YRNT-R,1.2016265392303467,1.2016265392303467,review,abs_threshold,needs_review,verify_vendor_or_corporate_action_before_cleaning,,,,
2014-08-27,GSSSN0-R,1.2000000476837158,1.2000000476837158,review,abs_threshold,needs_review,verify_vendor_or_corporate_action_before_cleaning,,,,
2009-11-30,F3Q31N-R,1.2000000476837158,1.2000000476837158,review,abs_threshold,needs_review,verify_vendor_or_corporate_action_before_cleaning,,,,
2025-01-17,M6PR23-R,1.1998929977416992,1.1998929977416992,review,abs_threshold,needs_review,verify_vendor_or_corporate_action_before_cleaning,,,,
2021-10-27,HN0LVT-R,1.1996204853057861,1.1996204853057861,review,abs_threshold,needs_review,verify_vendor_or_corporate_action_before_cleaning,,,,
2024-12-10,M0D4S9-R,1.1981797218322754,1.1981797218322754,review,abs_threshold,needs_review,verify_vendor_or_corporate_action_before_cleaning,,,,
2012-07-16,PB15SP-R,1.1980602741241455,1.1980602741241455,review,abs_threshold,needs_review,verify_vendor_or_corporate_action_before_cleaning,,,,
2025-03-05,T54YR8-R,1.197479009628296,1.197479009628296,review,abs_threshold,needs_review,verify_vendor_or_corporate_action_before_cleaning,,,,
2016-03-04,BGVPNC-R,1.196044921875,1.196044921875,review,abs_threshold,needs_review,verify_vendor_or_corporate_action_before_cleaning,,,,
2025-11-10,GH0BDR-R,1.1952152,1.1952152,review,abs_threshold,needs_review,verify_vendor_or_corporate_action_before_cleaning,,,,
2020-11-18,P1Y678-R,1.1951220035552979,1.1951220035552979,review,abs_threshold,needs_review,verify_vendor_or_corporate_action_before_cleaning,,,,
2018-09-05,LC099Y-R,1.1942551136016846,1.1942551136016846,review,abs_threshold,needs_review,verify_vendor_or_corporate_action_before_cleaning,,,,
2020-12-23,KGQ2S5-R,1.1930421590805054,1.1930421590805054,review,abs_threshold,needs_review,verify_vendor_or_corporate_action_before_cleaning,,,,
2015-10-01,KW71Q8-R,1.1929621696472168,1.1929621696472168,review,abs_threshold,needs_review,verify_vendor_or_corporate_action_before_cleaning,,,,
2025-01-30,XNQCR0-R,1.1920251846313477,1.1920251846313477,review,abs_threshold,needs_review,verify_vendor_or_corporate_action_before_cleaning,,,,
2018-04-09,GKYKWV-R,1.1911544799804688,1.1911544799804688,review,abs_threshold,needs_review,verify_vendor_or_corporate_action_before_cleaning,,,,
2009-10-20,L471Q0-R,1.1900930404663086,1.1900930404663086,review,abs_threshold,needs_review,verify_vendor_or_corporate_action_before_cleaning,,,,
2025-09-08,K35VR6-R,1.189918041229248,1.189918041229248,review,abs_threshold,needs_review,verify_vendor_or_corporate_action_before_cleaning,,,,
2024-07-19,P0XLVH-R,1.1875,1.1875,review,abs_threshold,needs_review,verify_vendor_or_corporate_action_before_cleaning,,,,
2007-06-29,L48ZCT-R,1.1858065128326416,1.1858065128326416,review,abs_threshold,needs_review,verify_vendor_or_corporate_action_before_cleaning,,,,
2020-10-12,K90XSV-R,1.1848013401031494,1.1848013401031494,review,abs_threshold,needs_review,verify_vendor_or_corporate_action_before_cleaning,,,,
2010-09-08,HVNZGH-R,1.1843247413635254,1.1843247413635254,review,abs_threshold,needs_review,verify_vendor_or_corporate_action_before_cleaning,,,,
2024-02-08,PH7QYB-R,1.1832971572875977,1.1832971572875977,review,abs_threshold,needs_review,verify_vendor_or_corporate_action_before_cleaning,,,,
2024-02-02,SC9W4P-R,1.1830027103424072,1.1830027103424072,review,abs_threshold,needs_review,verify_vendor_or_corporate_action_before_cleaning,,,,
2016-10-21,BBD288-R,1.182478427886963,1.182478427886963,review,abs_threshold,needs_review,verify_vendor_or_corporate_action_before_cleaning,,,,
2024-10-18,WB3NL8-R,1.1818091869354248,1.1818091869354248,review,abs_threshold,needs_review,verify_vendor_or_corporate_action_before_cleaning,,,,
2016-03-14,J4S4M9-R,1.1814191341400146,1.1814191341400146,review,abs_threshold,needs_review,verify_vendor_or_corporate_action_before_cleaning,,,,
2024-05-28,V3RVCP-R,1.1813311576843262,1.1813311576843262,review,abs_threshold,needs_review,verify_vendor_or_corporate_action_before_cleaning,,,,
2016-03-30,MWMLFX-R,1.181232213973999,1.181232213973999,review,abs_threshold,needs_review,verify_vendor_or_corporate_action_before_cleaning,,,,
2018-09-20,J4XPDP-R,1.180936336517334,1.180936336517334,review,abs_threshold,needs_review,verify_vendor_or_corporate_action_before_cleaning,,,,
2024-09-17,T8MZSN-R,1.1796343326568604,1.1796343326568604,review,abs_threshold,needs_review,verify_vendor_or_corporate_action_before_cleaning,,,,
2011-06-30,W169HX-R,1.17934250831604,1.17934250831604,review,abs_threshold,needs_review,verify_vendor_or_corporate_action_before_cleaning,,,,
2025-10-13,LNQY7N-R,1.179056167602539,1.179056167602539,review,abs_threshold,needs_review,verify_vendor_or_corporate_action_before_cleaning,,,,
2021-08-02,GM3PSR-R,1.1775031089782715,1.1775031089782715,review,abs_threshold,needs_review,verify_vendor_or_corporate_action_before_cleaning,,,,
2016-04-22,T7HRLL-R,1.1761116981506348,1.1761116981506348,review,abs_threshold,needs_review,verify_vendor_or_corporate_action_before_cleaning,,,,
2025-09-18,JSWLYN-R,1.1757490634918213,1.1757490634918213,review,abs_threshold,needs_review,verify_vendor_or_corporate_action_before_cleaning,,,,
2026-05-07,RPJNM7-R,1.1743056774139404,1.1743056774139404,review,abs_threshold,needs_review,verify_vendor_or_corporate_action_before_cleaning,,,,
2025-10-17,VNF6FJ-R,1.1714415550231934,1.1714415550231934,review,abs_threshold,needs_review,verify_vendor_or_corporate_action_before_cleaning,,,,
2008-03-28,S129BJ-R,1.1714286804199219,1.1714286804199219,review,abs_threshold,needs_review,verify_vendor_or_corporate_action_before_cleaning,,,,
2005-10-18,V1F4QG-R,1.171003818511963,1.171003818511963,review,abs_threshold,needs_review,verify_vendor_or_corporate_action_before_cleaning,,,,
2020-04-06,T7HRLL-R,1.1696805953979492,1.1696805953979492,review,abs_threshold,needs_review,verify_vendor_or_corporate_action_before_cleaning,,,,
2022-08-19,HWYM1P-R,1.169255256652832,1.169255256652832,review,abs_threshold,needs_review,verify_vendor_or_corporate_action_before_cleaning,,,,
2021-09-27,GM3PSR-R,1.1690738201141357,1.1690738201141357,review,abs_threshold,needs_review,verify_vendor_or_corporate_action_before_cleaning,,,,
2006-04-21,L0VNM1-R,1.167431354522705,1.167431354522705,review,abs_threshold,needs_review,verify_vendor_or_corporate_action_before_cleaning,,,,
2020-06-08,F4V3C1-R,1.1627018451690674,1.1627018451690674,review,abs_threshold,needs_review,verify_vendor_or_corporate_action_before_cleaning,,,,
2024-02-09,V05L58-R,1.161745309829712,1.161745309829712,review,abs_threshold,needs_review,verify_vendor_or_corporate_action_before_cleaning,,,,
2025-11-24,GYM5PB-R,1.1614046,1.1614046,review,abs_threshold,needs_review,verify_vendor_or_corporate_action_before_cleaning,,,,
2016-01-22,BBD288-R,1.160604476928711,1.160604476928711,review,abs_threshold,needs_review,verify_vendor_or_corporate_action_before_cleaning,,,,
2007-05-09,SSSGGG-R,1.1602396965026855,1.1602396965026855,review,abs_threshold,needs_review,verify_vendor_or_corporate_action_before_cleaning,,,,
2021-04-19,GGKD94-R,1.1594562530517578,1.1594562530517578,review,abs_threshold,needs_review,verify_vendor_or_corporate_action_before_cleaning,,,,
2008-09-17,Q8LD6J-R,1.1577012538909912,1.1577012538909912,review,abs_threshold,needs_review,verify_vendor_or_corporate_action_before_cleaning,,,,
2019-02-20,LDBSZD-R,1.1564593315124512,1.1564593315124512,review,abs_threshold,needs_review,verify_vendor_or_corporate_action_before_cleaning,,,,
2024-09-10,P52239-R,1.1560115814208984,1.1560115814208984,review,abs_threshold,needs_review,verify_vendor_or_corporate_action_before_cleaning,,,,
2018-07-02,GKYKWV-R,1.1555964946746826,1.1555964946746826,review,abs_threshold,needs_review,verify_vendor_or_corporate_action_before_cleaning,,,,
2020-06-08,GYKB0G-R,1.1541311740875244,1.1541311740875244,review,abs_threshold,needs_review,verify_vendor_or_corporate_action_before_cleaning,,,,
2020-06-29,D8H3HP-R,1.1534202098846436,1.1534202098846436,review,abs_threshold,needs_review,verify_vendor_or_corporate_action_before_cleaning,,,,
2025-11-26,NFLLJF-R,1.1511085,1.1511085,review,abs_threshold,needs_review,verify_vendor_or_corporate_action_before_cleaning,,,,
2025-09-10,X32NYV-R,1.150733470916748,1.150733470916748,review,abs_threshold,needs_review,verify_vendor_or_corporate_action_before_cleaning,,,,
2012-08-31,HLTPG5-R,1.1502315998077393,1.1502315998077393,review,abs_threshold,needs_review,verify_vendor_or_corporate_action_before_cleaning,,,,
2020-04-01,XNX0MF-R,1.1499998569488525,1.1499998569488525,review,abs_threshold,needs_review,verify_vendor_or_corporate_action_before_cleaning,,,,
2020-04-06,RS3S55-R,1.1498613357543945,1.1498613357543945,review,abs_threshold,needs_review,verify_vendor_or_corporate_action_before_cleaning,,,,
2021-01-26,L5CNMF-R,1.1487069129943848,1.1487069129943848,review,abs_threshold,needs_review,verify_vendor_or_corporate_action_before_cleaning,,,,
2014-12-09,F3Q31N-R,1.1481480598449707,1.1481480598449707,review,abs_threshold,needs_review,verify_vendor_or_corporate_action_before_cleaning,,,,
2023-11-06,KZQ82T-R,1.1478874683380127,1.1478874683380127,review,abs_threshold,needs_review,verify_vendor_or_corporate_action_before_cleaning,,,,
2024-04-25,LGD6SS-R,1.1465327739715576,1.1465327739715576,review,abs_threshold,needs_review,verify_vendor_or_corporate_action_before_cleaning,,,,
2021-01-27,HN0LVT-R,1.1461853981018066,1.1461853981018066,review,abs_threshold,needs_review,verify_vendor_or_corporate_action_before_cleaning,,,,
2005-10-10,MVH8ZN-R,1.1461067199707031,1.1461067199707031,review,abs_threshold,needs_review,verify_vendor_or_corporate_action_before_cleaning,,,,
2009-11-10,Q8KS0Y-R,1.145594596862793,1.145594596862793,review,abs_threshold,needs_review,verify_vendor_or_corporate_action_before_cleaning,,,,
2024-09-02,PRZ00L-R,1.1443909406661987,1.1443909406661987,review,abs_threshold,needs_review,verify_vendor_or_corporate_action_before_cleaning,,,,
2006-01-03,MTCMX4-R,1.1436831951141357,1.1436831951141357,review,abs_threshold,needs_review,verify_vendor_or_corporate_action_before_cleaning,,,,
2023-08-18,HN45T9-R,1.1431488990783691,1.1431488990783691,review,abs_threshold,needs_review,verify_vendor_or_corporate_action_before_cleaning,,,,
2015-10-02,BT5LSL-R,1.1428570747375488,1.1428570747375488,review,abs_threshold,needs_review,verify_vendor_or_corporate_action_before_cleaning,,,,
2024-11-05,K8YRNT-R,1.1422674655914307,1.1422674655914307,review,abs_threshold,needs_review,verify_vendor_or_corporate_action_before_cleaning,,,,
2009-03-17,NGY2NC-R,1.1404919624328613,1.1404919624328613,review,abs_threshold,needs_review,verify_vendor_or_corporate_action_before_cleaning,,,,
2023-10-03,RSXC6D-R,1.1400082111358643,1.1400082111358643,review,abs_threshold,needs_review,verify_vendor_or_corporate_action_before_cleaning,,,,
2021-03-01,G38TL2-R,1.1387476921081543,1.1387476921081543,review,abs_threshold,needs_review,verify_vendor_or_corporate_action_before_cleaning,,,,
2009-03-04,T7HRLL-R,1.1373844146728516,1.1373844146728516,review,abs_threshold,needs_review,verify_vendor_or_corporate_action_before_cleaning,,,,
2018-12-28,GGKD94-R,1.1368606090545654,1.1368606090545654,review,abs_threshold,needs_review,verify_vendor_or_corporate_action_before_cleaning,,,,
2019-03-13,BBD288-R,1.1362253427505493,1.1362253427505493,review,abs_threshold,needs_review,verify_vendor_or_corporate_action_before_cleaning,,,,
2009-10-02,BCDQMZ-R,1.1346404552459717,1.1346404552459717,review,abs_threshold,needs_review,verify_vendor_or_corporate_action_before_cleaning,,,,
2023-07-19,X42QXQ-R,1.1333332061767578,1.1333332061767578,review,abs_threshold,needs_review,verify_vendor_or_corporate_action_before_cleaning,,,,
2021-06-01,CF9Y11-R,1.1319091320037842,1.1319091320037842,review,abs_threshold,needs_review,verify_vendor_or_corporate_action_before_cleaning,,,,
2025-08-01,M2KF2F-R,1.1318106651306152,1.1318106651306152,review,abs_threshold,needs_review,verify_vendor_or_corporate_action_before_cleaning,,,,
2015-06-23,W169HX-R,1.1309330463409424,1.1309330463409424,review,abs_threshold,needs_review,verify_vendor_or_corporate_action_before_cleaning,,,,
2008-03-26,C24ZQW-R,1.1304349899291992,1.1304349899291992,review,abs_threshold,needs_review,verify_vendor_or_corporate_action_before_cleaning,,,,
2023-11-03,KZQ82T-R,1.130000114440918,1.130000114440918,review,abs_threshold,needs_review,verify_vendor_or_corporate_action_before_cleaning,,,,
2024-07-29,HHK128-R,1.127840280532837,1.127840280532837,review,abs_threshold,needs_review,verify_vendor_or_corporate_action_before_cleaning,,,,
2025-11-25,WYJMZH-R,1.1272445,1.1272445,review,abs_threshold,needs_review,verify_vendor_or_corporate_action_before_cleaning,,,,
2013-07-15,PZHMV3-R,1.1250369548797607,1.1250369548797607,review,abs_threshold,needs_review,verify_vendor_or_corporate_action_before_cleaning,,,,
2013-08-23,N71H4T-R,1.122530221939087,1.122530221939087,review,abs_threshold,needs_review,verify_vendor_or_corporate_action_before_cleaning,,,,
2019-12-16,CF9JN1-R,1.1221837997436523,1.1221837997436523,review,abs_threshold,needs_review,verify_vendor_or_corporate_action_before_cleaning,,,,
2016-10-17,FBDYGQ-R,1.1203877925872803,1.1203877925872803,review,abs_threshold,needs_review,verify_vendor_or_corporate_action_before_cleaning,,,,
2021-01-05,X42QXQ-R,1.1191837787628174,1.1191837787628174,review,abs_threshold,needs_review,verify_vendor_or_corporate_action_before_cleaning,,,,
2016-01-29,THC3QZ-R,1.1182804107666016,1.1182804107666016,review,abs_threshold,needs_review,verify_vendor_or_corporate_action_before_cleaning,,,,
2025-07-21,DS2W4P-R,1.1174037456512451,1.1174037456512451,review,abs_threshold,needs_review,verify_vendor_or_corporate_action_before_cleaning,,,,
2016-09-23,T7HRLL-R,1.1167244911193848,1.1167244911193848,review,abs_threshold,needs_review,verify_vendor_or_corporate_action_before_cleaning,,,,
2020-05-15,XNX0MF-R,1.116666555404663,1.116666555404663,review,abs_threshold,needs_review,verify_vendor_or_corporate_action_before_cleaning,,,,
2019-06-06,FGY94F-R,1.1153502464294434,1.1153502464294434,review,abs_threshold,needs_review,verify_vendor_or_corporate_action_before_cleaning,,,,
2017-10-13,T7HRLL-R,1.1145501136779785,1.1145501136779785,review,abs_threshold,needs_review,verify_vendor_or_corporate_action_before_cleaning,,,,
2020-02-18,H46TW9-R,1.1134352684020996,1.1134352684020996,review,abs_threshold,needs_review,verify_vendor_or_corporate_action_before_cleaning,,,,
2023-12-05,V05L58-R,1.1130646467208862,1.1130646467208862,review,abs_threshold,needs_review,verify_vendor_or_corporate_action_before_cleaning,,,,
2024-12-23,BRRF5S-R,1.1095905303955078,1.1095905303955078,review,abs_threshold,needs_review,verify_vendor_or_corporate_action_before_cleaning,,,,
2024-10-02,RJ4GM6-R,1.1079928874969482,1.1079928874969482,review,abs_threshold,needs_review,verify_vendor_or_corporate_action_before_cleaning,,,,
2016-03-02,GM3PSR-R,1.1061089038848877,1.1061089038848877,review,abs_threshold,needs_review,verify_vendor_or_corporate_action_before_cleaning,,,,
2024-07-09,T7HRLL-R,1.1035916805267334,1.1035916805267334,review,abs_threshold,needs_review,verify_vendor_or_corporate_action_before_cleaning,,,,
2025-11-05,HR515R-R,1.1023783683776855,1.1023783683776855,review,abs_threshold,needs_review,verify_vendor_or_corporate_action_before_cleaning,,,,
2009-01-19,BW984B-R,1.1018190383911133,1.1018190383911133,review,abs_threshold,needs_review,verify_vendor_or_corporate_action_before_cleaning,,,,
2009-08-31,F3Q31N-R,1.0999999046325684,1.0999999046325684,review,abs_threshold,needs_review,verify_vendor_or_corporate_action_before_cleaning,,,,
2008-11-28,LN794Q-R,1.099374771118164,1.099374771118164,review,abs_threshold,needs_review,verify_vendor_or_corporate_action_before_cleaning,,,,
2022-03-01,VXKLK4-R,1.0990407466888428,1.0990407466888428,review,abs_threshold,needs_review,verify_vendor_or_corporate_action_before_cleaning,,,,
2025-11-28,PRCZJK-R,1.09800934,1.09800934,review,abs_threshold,needs_review,verify_vendor_or_corporate_action_before_cleaning,,,,
2025-05-21,WL4MZG-R,1.0976154804229736,1.0976154804229736,review,abs_threshold,needs_review,verify_vendor_or_corporate_action_before_cleaning,,,,
2010-04-06,L471Q0-R,1.097388744354248,1.097388744354248,review,abs_threshold,needs_review,verify_vendor_or_corporate_action_before_cleaning,,,,
2025-03-31,S34XL5-R,1.0948572158813477,1.0948572158813477,review,abs_threshold,needs_review,verify_vendor_or_corporate_action_before_cleaning,,,,
2023-02-07,T7HRLL-R,1.0909321308135986,1.0909321308135986,review,abs_threshold,needs_review,verify_vendor_or_corporate_action_before_cleaning,,,,
2021-06-15,GKYKWV-R,1.0894989967346191,1.0894989967346191,review,abs_threshold,needs_review,verify_vendor_or_corporate_action_before_cleaning,,,,
2025-07-22,MBLWWK-R,1.0870277881622314,1.0870277881622314,review,abs_threshold,needs_review,verify_vendor_or_corporate_action_before_cleaning,,,,
2021-11-02,VS1X41-R,1.084998607635498,1.084998607635498,review,abs_threshold,needs_review,verify_vendor_or_corporate_action_before_cleaning,,,,
2008-02-15,NDJJGD-R,1.0835094451904297,1.0835094451904297,review,abs_threshold,needs_review,verify_vendor_or_corporate_action_before_cleaning,,,,
2025-11-12,MBLWWK-R,1.0833333,1.0833333,review,abs_threshold,needs_review,verify_vendor_or_corporate_action_before_cleaning,,,,
2013-04-11,K910ZY-R,1.0832587480545044,1.0832587480545044,review,abs_threshold,needs_review,verify_vendor_or_corporate_action_before_cleaning,,,,
2025-06-05,JBPRTM-R,1.0826644897460938,1.0826644897460938,review,abs_threshold,needs_review,verify_vendor_or_corporate_action_before_cleaning,,,,
2023-04-06,T7HRLL-R,1.0810446739196777,1.0810446739196777,review,abs_threshold,needs_review,verify_vendor_or_corporate_action_before_cleaning,,,,
2025-04-21,MBLWWK-R,1.0800213813781738,1.0800213813781738,review,abs_threshold,needs_review,verify_vendor_or_corporate_action_before_cleaning,,,,
2025-07-25,JBPRTM-R,1.079866886138916,1.079866886138916,review,abs_threshold,needs_review,verify_vendor_or_corporate_action_before_cleaning,,,,
2020-09-09,N13NK9-R,1.079642653465271,1.079642653465271,review,abs_threshold,needs_review,verify_vendor_or_corporate_action_before_cleaning,,,,
2009-08-06,VZY5X6-R,1.0770936012268066,1.0770936012268066,review,abs_threshold,needs_review,verify_vendor_or_corporate_action_before_cleaning,,,,
2024-09-10,D7VQ10-R,1.0761287212371826,1.0761287212371826,review,abs_threshold,needs_review,verify_vendor_or_corporate_action_before_cleaning,,,,
2014-10-09,S7Q0TQ-R,1.0734081268310547,1.0734081268310547,review,abs_threshold,needs_review,verify_vendor_or_corporate_action_before_cleaning,,,,
2006-02-06,SRMGTP-R,1.073171854019165,1.073171854019165,review,abs_threshold,needs_review,verify_vendor_or_corporate_action_before_cleaning,,,,
2026-01-27,QBPHNX-R,1.0730526999999999,1.0730526999999999,review,abs_threshold,needs_review,verify_vendor_or_corporate_action_before_cleaning,,,,
2025-05-30,LNQY7N-R,1.072805643081665,1.072805643081665,review,abs_threshold,needs_review,verify_vendor_or_corporate_action_before_cleaning,,,,
2012-05-02,F3Q31N-R,1.0727272033691406,1.0727272033691406,review,abs_threshold,needs_review,verify_vendor_or_corporate_action_before_cleaning,,,,
2024-04-22,L93LBV-R,1.0715203285217285,1.0715203285217285,review,abs_threshold,needs_review,verify_vendor_or_corporate_action_before_cleaning,,,,
2024-12-31,FQDXKG-R,1.0715091228485107,1.0715091228485107,review,abs_threshold,needs_review,verify_vendor_or_corporate_action_before_cleaning,,,,
2025-01-01,FQDXKG-R,1.0715091228485107,1.0715091228485107,review,abs_threshold,needs_review,verify_vendor_or_corporate_action_before_cleaning,,,,
2016-06-29,N362DR-R,1.0702505111694336,1.0702505111694336,review,abs_threshold,needs_review,verify_vendor_or_corporate_action_before_cleaning,,,,
2024-11-21,T3WDZT-R,1.069244384765625,1.069244384765625,review,abs_threshold,needs_review,verify_vendor_or_corporate_action_before_cleaning,,,,
2013-03-20,TTN57D-R,1.067589521408081,1.067589521408081,review,abs_threshold,needs_review,verify_vendor_or_corporate_action_before_cleaning,,,,
2025-10-28,JBPRTM-R,1.0665557384490967,1.0665557384490967,review,abs_threshold,needs_review,verify_vendor_or_corporate_action_before_cleaning,,,,
2025-06-27,D4Z84S-R,1.0638937950134277,1.0638937950134277,review,abs_threshold,needs_review,verify_vendor_or_corporate_action_before_cleaning,,,,
2012-04-20,CGL335-R,1.0633375644683838,1.0633375644683838,review,abs_threshold,needs_review,verify_vendor_or_corporate_action_before_cleaning,,,,
2015-10-19,H0LD9N-R,1.062218189239502,1.062218189239502,review,abs_threshold,needs_review,verify_vendor_or_corporate_action_before_cleaning,,,,
2025-01-08,DF8GV9-R,1.062074899673462,1.062074899673462,review,abs_threshold,needs_review,verify_vendor_or_corporate_action_before_cleaning,,,,
2024-02-07,BXD9Z5-R,1.0599119663238525,1.0599119663238525,review,abs_threshold,needs_review,verify_vendor_or_corporate_action_before_cleaning,,,,
2022-02-25,VXKLK4-R,1.0596370697021484,1.0596370697021484,review,abs_threshold,needs_review,verify_vendor_or_corporate_action_before_cleaning,,,,
2024-02-21,N726JH-R,1.0591681003570557,1.0591681003570557,review,abs_threshold,needs_review,verify_vendor_or_corporate_action_before_cleaning,,,,
2025-11-14,WQ0LR0-R,1.0587488999999999,1.0587488999999999,review,abs_threshold,needs_review,verify_vendor_or_corporate_action_before_cleaning,,,,
2020-06-08,FQTTHX-R,1.0581951141357422,1.0581951141357422,review,abs_threshold,needs_review,verify_vendor_or_corporate_action_before_cleaning,,,,
2023-09-26,SNC4KL-R,1.0575587749481201,1.0575587749481201,review,abs_threshold,needs_review,verify_vendor_or_corporate_action_before_cleaning,,,,
2009-02-26,G5GCDG-R,1.0569713115692139,1.0569713115692139,review,abs_threshold,needs_review,verify_vendor_or_corporate_action_before_cleaning,,,,
2018-01-23,GKYKWV-R,1.055537462234497,1.055537462234497,review,abs_threshold,needs_review,verify_vendor_or_corporate_action_before_cleaning,,,,
2025-09-02,HD28K4-R,1.0550220012664795,1.0550220012664795,review,abs_threshold,needs_review,verify_vendor_or_corporate_action_before_cleaning,,,,
2025-07-21,WMCZKX-R,1.0536892414093018,1.0536892414093018,review,abs_threshold,needs_review,verify_vendor_or_corporate_action_before_cleaning,,,,
2024-12-04,P54YCS-R,1.0514945983886719,1.0514945983886719,review,abs_threshold,needs_review,verify_vendor_or_corporate_action_before_cleaning,,,,
2009-02-25,JQ0KWV-R,1.0505112409591675,1.0505112409591675,review,abs_threshold,needs_review,verify_vendor_or_corporate_action_before_cleaning,,,,
2011-03-15,DKKLBV-R,1.0502643585205078,1.0502643585205078,review,abs_threshold,needs_review,verify_vendor_or_corporate_action_before_cleaning,,,,
2020-08-04,H46TW9-R,1.0464677810668945,1.0464677810668945,review,abs_threshold,needs_review,verify_vendor_or_corporate_action_before_cleaning,,,,
2021-01-07,MWQ213-R,1.0462868213653564,1.0462868213653564,review,abs_threshold,needs_review,verify_vendor_or_corporate_action_before_cleaning,,,,
2015-06-04,T7HRLL-R,1.0457842350006104,1.0457842350006104,review,abs_threshold,needs_review,verify_vendor_or_corporate_action_before_cleaning,,,,
2021-02-24,Q53D75-R,1.0455842018127441,1.0455842018127441,review,abs_threshold,needs_review,verify_vendor_or_corporate_action_before_cleaning,,,,
2022-11-23,H99H1R-R,1.045454502105713,1.045454502105713,review,abs_threshold,needs_review,verify_vendor_or_corporate_action_before_cleaning,,,,
2024-10-02,HQ4CDN-R,1.0436632633209229,1.0436632633209229,review,abs_threshold,needs_review,verify_vendor_or_corporate_action_before_cleaning,,,,
2024-09-11,J02L7Y-R,1.0414648056030273,1.0414648056030273,review,abs_threshold,needs_review,verify_vendor_or_corporate_action_before_cleaning,,,,
2008-03-25,WX8VQT-R,1.0404622554779053,1.0404622554779053,review,abs_threshold,needs_review,verify_vendor_or_corporate_action_before_cleaning,,,,
2023-11-03,GYM5PB-R,1.0404021739959717,1.0404021739959717,review,abs_threshold,needs_review,verify_vendor_or_corporate_action_before_cleaning,,,,
2016-09-27,T7HRLL-R,1.0397899150848389,1.0397899150848389,review,abs_threshold,needs_review,verify_vendor_or_corporate_action_before_cleaning,,,,
2011-12-30,KGSZF0-R,1.0393991470336914,1.0393991470336914,review,abs_threshold,needs_review,verify_vendor_or_corporate_action_before_cleaning,,,,
2024-08-23,T4332F-R,1.0384466648101807,1.0384466648101807,review,abs_threshold,needs_review,verify_vendor_or_corporate_action_before_cleaning,,,,
2016-10-10,L0VNM1-R,1.0376155376434326,1.0376155376434326,review,abs_threshold,needs_review,verify_vendor_or_corporate_action_before_cleaning,,,,
2006-03-30,N80V19-R,1.0373878479003906,1.0373878479003906,review,abs_threshold,needs_review,verify_vendor_or_corporate_action_before_cleaning,,,,
2025-01-14,TRGCYS-R,1.035386085510254,1.035386085510254,review,abs_threshold,needs_review,verify_vendor_or_corporate_action_before_cleaning,,,,
2010-04-23,F3Q31N-R,1.0348834991455078,1.0348834991455078,review,abs_threshold,needs_review,verify_vendor_or_corporate_action_before_cleaning,,,,
2008-12-05,P31DB7-R,1.033315658569336,1.033315658569336,review,abs_threshold,needs_review,verify_vendor_or_corporate_action_before_cleaning,,,,
2025-03-14,RYR8ZY-R,1.033155918121338,1.033155918121338,review,abs_threshold,needs_review,verify_vendor_or_corporate_action_before_cleaning,,,,
2025-08-05,C1K21J-R,1.033149242401123,1.033149242401123,review,abs_threshold,needs_review,verify_vendor_or_corporate_action_before_cleaning,,,,
2013-07-04,MVH8ZN-R,1.0328762531280518,1.0328762531280518,review,abs_threshold,needs_review,verify_vendor_or_corporate_action_before_cleaning,,,,
2020-05-22,SPHGYR-R,1.0322682857513428,1.0322682857513428,review,abs_threshold,needs_review,verify_vendor_or_corporate_action_before_cleaning,,,,
2025-03-27,NM4FN2-R,1.0318686962127686,1.0318686962127686,review,abs_threshold,needs_review,verify_vendor_or_corporate_action_before_cleaning,,,,
2020-06-05,WQQWRF-R,1.031489610671997,1.031489610671997,review,abs_threshold,needs_review,verify_vendor_or_corporate_action_before_cleaning,,,,
2014-12-18,MQ3K38-R,1.0313472747802734,1.0313472747802734,review,abs_threshold,needs_review,verify_vendor_or_corporate_action_before_cleaning,,,,
2024-08-14,GYM5PB-R,1.030811071395874,1.030811071395874,review,abs_threshold,needs_review,verify_vendor_or_corporate_action_before_cleaning,,,,
2025-12-08,V8KKDN-R,1.028890609741211,1.028890609741211,review,abs_threshold,needs_review,verify_vendor_or_corporate_action_before_cleaning,,,,
2008-09-30,CVZQ4M-R,1.0287861824035645,1.0287861824035645,review,abs_threshold,needs_review,verify_vendor_or_corporate_action_before_cleaning,,,,
2005-01-19,FQTQ9T-R,1.0278549194335938,1.0278549194335938,review,abs_threshold,needs_review,verify_vendor_or_corporate_action_before_cleaning,,,,
2008-10-27,FWL6M7-R,1.0277340412139893,1.0277340412139893,review,abs_threshold,needs_review,verify_vendor_or_corporate_action_before_cleaning,,,,
2024-10-07,VRKVT9-R,1.0266690254211426,1.0266690254211426,review,abs_threshold,needs_review,verify_vendor_or_corporate_action_before_cleaning,,,,
2009-01-21,C24ZQW-R,1.0256412029266357,1.0256412029266357,review,abs_threshold,needs_review,verify_vendor_or_corporate_action_before_cleaning,,,,
2025-07-18,MBLWWK-R,1.0255773067474365,1.0255773067474365,review,abs_threshold,needs_review,verify_vendor_or_corporate_action_before_cleaning,,,,
2020-03-13,J3VSJP-R,1.0253982543945312,1.0253982543945312,review,abs_threshold,needs_review,verify_vendor_or_corporate_action_before_cleaning,,,,
2025-02-28,T7HNZ1-R,1.025329828262329,1.025329828262329,review,abs_threshold,needs_review,verify_vendor_or_corporate_action_before_cleaning,,,,
2018-09-03,XHFQ71-R,1.023834228515625,1.023834228515625,review,abs_threshold,needs_review,verify_vendor_or_corporate_action_before_cleaning,,,,
2020-08-14,T7HRLL-R,1.0236754417419434,1.0236754417419434,review,abs_threshold,needs_review,verify_vendor_or_corporate_action_before_cleaning,,,,
2024-12-27,L5W163-R,1.0231454372406006,1.0231454372406006,review,abs_threshold,needs_review,verify_vendor_or_corporate_action_before_cleaning,,,,
2021-09-20,KFHMG4-R,1.0231330394744873,1.0231330394744873,review,abs_threshold,needs_review,verify_vendor_or_corporate_action_before_cleaning,,,,
2008-03-26,TKKRND-R,1.0224802494049072,1.0224802494049072,review,abs_threshold,needs_review,verify_vendor_or_corporate_action_before_cleaning,,,,
2010-04-12,TTN57D-R,1.021028757095337,1.021028757095337,review,abs_threshold,needs_review,verify_vendor_or_corporate_action_before_cleaning,,,,
2025-07-30,MVTTR6-R,1.0207867622375488,1.0207867622375488,review,abs_threshold,needs_review,verify_vendor_or_corporate_action_before_cleaning,,,,
2025-07-29,X32NYV-R,1.0199611186981201,1.0199611186981201,review,abs_threshold,needs_review,verify_vendor_or_corporate_action_before_cleaning,,,,
2024-05-30,KXC4N6-R,1.01991868019104,1.01991868019104,review,abs_threshold,needs_review,verify_vendor_or_corporate_action_before_cleaning,,,,
2020-04-28,J3VSJP-R,1.0196402072906494,1.0196402072906494,review,abs_threshold,needs_review,verify_vendor_or_corporate_action_before_cleaning,,,,
2016-02-26,T7HRLL-R,1.019493818283081,1.019493818283081,review,abs_threshold,needs_review,verify_vendor_or_corporate_action_before_cleaning,,,,
2024-11-22,XLCZT6-R,1.019404411315918,1.019404411315918,review,abs_threshold,needs_review,verify_vendor_or_corporate_action_before_cleaning,,,,
2024-04-10,V05L58-R,1.0193424224853516,1.0193424224853516,review,abs_threshold,needs_review,verify_vendor_or_corporate_action_before_cleaning,,,,
2012-06-04,F3Q31N-R,1.019230604171753,1.019230604171753,review,abs_threshold,needs_review,verify_vendor_or_corporate_action_before_cleaning,,,,
2012-05-16,F3Q31N-R,1.019230604171753,1.019230604171753,review,abs_threshold,needs_review,verify_vendor_or_corporate_action_before_cleaning,,,,
2025-04-23,MBLWWK-R,1.0188250541687012,1.0188250541687012,review,abs_threshold,needs_review,verify_vendor_or_corporate_action_before_cleaning,,,,
2017-06-01,TWT42C-R,1.0182535648345947,1.0182535648345947,review,abs_threshold,needs_review,verify_vendor_or_corporate_action_before_cleaning,,,,
2019-10-24,L0VNM1-R,1.0181078910827637,1.0181078910827637,review,abs_threshold,needs_review,verify_vendor_or_corporate_action_before_cleaning,,,,
2025-10-24,H9DFB5-R,1.0180134773254395,1.0180134773254395,review,abs_threshold,needs_review,verify_vendor_or_corporate_action_before_cleaning,,,,
2009-02-19,RJ5QX8-R,1.017844557762146,1.017844557762146,review,abs_threshold,needs_review,verify_vendor_or_corporate_action_before_cleaning,,,,
2025-04-14,MBLWWK-R,1.0173628330230713,1.0173628330230713,review,abs_threshold,needs_review,verify_vendor_or_corporate_action_before_cleaning,,,,
2025-05-06,BXMHNX-R,1.0157949924468994,1.0157949924468994,review,abs_threshold,needs_review,verify_vendor_or_corporate_action_before_cleaning,,,,
2019-12-06,J3VSJP-R,1.015350341796875,1.015350341796875,review,abs_threshold,needs_review,verify_vendor_or_corporate_action_before_cleaning,,,,
2016-03-29,NGVHQY-R,1.015108585357666,1.015108585357666,review,abs_threshold,needs_review,verify_vendor_or_corporate_action_before_cleaning,,,,
2011-04-15,FCPZV9-R,1.0150530338287354,1.0150530338287354,review,abs_threshold,needs_review,verify_vendor_or_corporate_action_before_cleaning,,,,
2025-02-18,KK55XL-R,1.0147452354431152,1.0147452354431152,review,abs_threshold,needs_review,verify_vendor_or_corporate_action_before_cleaning,,,,
2013-09-02,PKTSQK-R,1.0144784450531006,1.0144784450531006,review,abs_threshold,needs_review,verify_vendor_or_corporate_action_before_cleaning,,,,
2023-12-01,T7HRLL-R,1.0139355659484863,1.0139355659484863,review,abs_threshold,needs_review,verify_vendor_or_corporate_action_before_cleaning,,,,
2024-02-27,PH7QYB-R,1.013636827468872,1.013636827468872,review,abs_threshold,needs_review,verify_vendor_or_corporate_action_before_cleaning,,,,
2016-01-05,WDK2F1-R,1.0135653018951416,1.0135653018951416,review,abs_threshold,needs_review,verify_vendor_or_corporate_action_before_cleaning,,,,
2024-11-20,WL4MZG-R,1.0125467777252197,1.0125467777252197,review,abs_threshold,needs_review,verify_vendor_or_corporate_action_before_cleaning,,,,
2018-09-27,GKYKWV-R,1.0121607780456543,1.0121607780456543,review,abs_threshold,needs_review,verify_vendor_or_corporate_action_before_cleaning,,,,
2010-10-08,W7SXRY-R,1.0121506452560425,1.0121506452560425,review,abs_threshold,needs_review,verify_vendor_or_corporate_action_before_cleaning,,,,
2013-05-02,VMM07R-R,1.0119807720184326,1.0119807720184326,review,abs_threshold,needs_review,verify_vendor_or_corporate_action_before_cleaning,,,,
2020-04-15,T7HRLL-R,1.0117378234863281,1.0117378234863281,review,abs_threshold,needs_review,verify_vendor_or_corporate_action_before_cleaning,,,,
2024-11-08,K4MV84-R,1.0117218494415283,1.0117218494415283,review,abs_threshold,needs_review,verify_vendor_or_corporate_action_before_cleaning,,,,
2024-11-08,X32NYV-R,1.0117218494415283,1.0117218494415283,review,abs_threshold,needs_review,verify_vendor_or_corporate_action_before_cleaning,,,,
2025-09-25,QBCTL6-R,1.0114760398864746,1.0114760398864746,review,abs_threshold,needs_review,verify_vendor_or_corporate_action_before_cleaning,,,,
2023-11-21,K8YRNT-R,1.0109188556671143,1.0109188556671143,review,abs_threshold,needs_review,verify_vendor_or_corporate_action_before_cleaning,,,,
2023-12-29,T7HRLL-R,1.0106823444366455,1.0106823444366455,review,abs_threshold,needs_review,verify_vendor_or_corporate_action_before_cleaning,,,,
2019-10-10,J3VSJP-R,1.010366439819336,1.010366439819336,review,abs_threshold,needs_review,verify_vendor_or_corporate_action_before_cleaning,,,,
2025-11-26,PB2X29-R,1.0102904,1.0102904,review,abs_threshold,needs_review,verify_vendor_or_corporate_action_before_cleaning,,,,
2022-05-09,T7HRLL-R,1.0100665092468262,1.0100665092468262,review,abs_threshold,needs_review,verify_vendor_or_corporate_action_before_cleaning,,,,
2018-05-08,BBD288-R,1.010037899017334,1.010037899017334,review,abs_threshold,needs_review,verify_vendor_or_corporate_action_before_cleaning,,,,
2018-04-26,GM3PSR-R,1.009824275970459,1.009824275970459,review,abs_threshold,needs_review,verify_vendor_or_corporate_action_before_cleaning,,,,
2020-11-23,TN343Y-R,1.009817123413086,1.009817123413086,review,abs_threshold,needs_review,verify_vendor_or_corporate_action_before_cleaning,,,,
2007-06-26,JXT2CD-R,1.0093669891357422,1.0093669891357422,review,abs_threshold,needs_review,verify_vendor_or_corporate_action_before_cleaning,,,,
2012-07-24,W169HX-R,1.0093591213226318,1.0093591213226318,review,abs_threshold,needs_review,verify_vendor_or_corporate_action_before_cleaning,,,,
2024-04-05,V05L58-R,1.0092438459396362,1.0092438459396362,review,abs_threshold,needs_review,verify_vendor_or_corporate_action_before_cleaning,,,,
2017-03-22,H46TW9-R,1.0089547634124756,1.0089547634124756,review,abs_threshold,needs_review,verify_vendor_or_corporate_action_before_cleaning,,,,
2017-10-26,WQQWRF-R,1.0085482597351074,1.0085482597351074,review,abs_threshold,needs_review,verify_vendor_or_corporate_action_before_cleaning,,,,
2025-10-21,VDT2VP-R,1.008531093597412,1.008531093597412,review,abs_threshold,needs_review,verify_vendor_or_corporate_action_before_cleaning,,,,
2024-08-06,L93LBV-R,1.0083227157592773,1.0083227157592773,review,abs_threshold,needs_review,verify_vendor_or_corporate_action_before_cleaning,,,,
2025-02-19,X32NYV-R,1.00825035572052,1.00825035572052,review,abs_threshold,needs_review,verify_vendor_or_corporate_action_before_cleaning,,,,
2026-05-19,FMC6J5-R,1.008091926574707,1.008091926574707,review,abs_threshold,needs_review,verify_vendor_or_corporate_action_before_cleaning,,,,
2019-01-11,BBD288-R,1.007667064666748,1.007667064666748,review,abs_threshold,needs_review,verify_vendor_or_corporate_action_before_cleaning,,,,
2025-05-27,GYM5PB-R,1.007582664489746,1.007582664489746,review,abs_threshold,needs_review,verify_vendor_or_corporate_action_before_cleaning,,,,
2021-12-02,GGKD94-R,1.0069217681884766,1.0069217681884766,review,abs_threshold,needs_review,verify_vendor_or_corporate_action_before_cleaning,,,,
2016-03-30,NGVHQY-R,1.0067651271820068,1.0067651271820068,review,abs_threshold,needs_review,verify_vendor_or_corporate_action_before_cleaning,,,,
2018-10-08,BBD288-R,1.006624698638916,1.006624698638916,review,abs_threshold,needs_review,verify_vendor_or_corporate_action_before_cleaning,,,,
2024-08-28,X32NYV-R,1.006558895111084,1.006558895111084,review,abs_threshold,needs_review,verify_vendor_or_corporate_action_before_cleaning,,,,
2025-08-26,H6ZV58-R,1.0061781406402588,1.0061781406402588,review,abs_threshold,needs_review,verify_vendor_or_corporate_action_before_cleaning,,,,
2016-07-15,GM3PSR-R,1.0061426162719727,1.0061426162719727,review,abs_threshold,needs_review,verify_vendor_or_corporate_action_before_cleaning,,,,
2025-07-25,H6ZV58-R,1.0061378479003906,1.0061378479003906,review,abs_threshold,needs_review,verify_vendor_or_corporate_action_before_cleaning,,,,
2025-11-19,XN4WDM-R,1.0060622399999999,1.0060622399999999,review,abs_threshold,needs_review,verify_vendor_or_corporate_action_before_cleaning,,,,
2025-07-10,VDT2VP-R,1.0059928894042969,1.0059928894042969,review,abs_threshold,needs_review,verify_vendor_or_corporate_action_before_cleaning,,,,
2024-11-19,PK77G8-R,1.0059382915496826,1.0059382915496826,review,abs_threshold,needs_review,verify_vendor_or_corporate_action_before_cleaning,,,,
2014-10-01,GM3PSR-R,1.0058751106262207,1.0058751106262207,review,abs_threshold,needs_review,verify_vendor_or_corporate_action_before_cleaning,,,,
2009-03-20,VS1X41-R,1.005777359008789,1.005777359008789,review,abs_threshold,needs_review,verify_vendor_or_corporate_action_before_cleaning,,,,
2025-11-04,CB1HZ7-R,1.0056560039520264,1.0056560039520264,review,abs_threshold,needs_review,verify_vendor_or_corporate_action_before_cleaning,,,,
2017-05-23,H46TW9-R,1.0056519508361816,1.0056519508361816,review,abs_threshold,needs_review,verify_vendor_or_corporate_action_before_cleaning,,,,
2019-08-13,GM3PSR-R,1.0055418014526367,1.0055418014526367,review,abs_threshold,needs_review,verify_vendor_or_corporate_action_before_cleaning,,,,
2024-01-17,V05L58-R,1.0049773454666138,1.0049773454666138,review,abs_threshold,needs_review,verify_vendor_or_corporate_action_before_cleaning,,,,
2025-01-01,T7HRLL-R,1.004925012588501,1.004925012588501,review,abs_threshold,needs_review,verify_vendor_or_corporate_action_before_cleaning,,,,
2024-12-31,T7HRLL-R,1.004925012588501,1.004925012588501,review,abs_threshold,needs_review,verify_vendor_or_corporate_action_before_cleaning,,,,
2017-11-07,H46TW9-R,1.0048472881317139,1.0048472881317139,review,abs_threshold,needs_review,verify_vendor_or_corporate_action_before_cleaning,,,,
2024-04-22,K8YRNT-R,1.0046970844268799,1.0046970844268799,review,abs_threshold,needs_review,verify_vendor_or_corporate_action_before_cleaning,,,,
2017-02-08,H46TW9-R,1.0045969486236572,1.0045969486236572,review,abs_threshold,needs_review,verify_vendor_or_corporate_action_before_cleaning,,,,
2025-11-10,WYJMZH-R,1.0045035,1.0045035,review,abs_threshold,needs_review,verify_vendor_or_corporate_action_before_cleaning,,,,
2025-01-23,H6ZV58-R,1.0042316913604736,1.0042316913604736,review,abs_threshold,needs_review,verify_vendor_or_corporate_action_before_cleaning,,,,
2025-07-16,FQDXKG-R,1.0041210651397705,1.0041210651397705,review,abs_threshold,needs_review,verify_vendor_or_corporate_action_before_cleaning,,,,
2025-10-06,GYM5PB-R,1.0040967464447021,1.0040967464447021,review,abs_threshold,needs_review,verify_vendor_or_corporate_action_before_cleaning,,,,
2011-12-05,W169HX-R,1.0039432048797607,1.0039432048797607,review,abs_threshold,needs_review,verify_vendor_or_corporate_action_before_cleaning,,,,
2024-11-13,XLCZT6-R,1.0037771463394165,1.0037771463394165,review,abs_threshold,needs_review,verify_vendor_or_corporate_action_before_cleaning,,,,
2025-02-21,MBLWWK-R,1.003730297088623,1.003730297088623,review,abs_threshold,needs_review,verify_vendor_or_corporate_action_before_cleaning,,,,
2023-12-04,T7HRLL-R,1.0036983489990234,1.0036983489990234,review,abs_threshold,needs_review,verify_vendor_or_corporate_action_before_cleaning,,,,
2026-02-24,PLYP01-R,1.0036523342132568,1.0036523342132568,review,abs_threshold,needs_review,verify_vendor_or_corporate_action_before_cleaning,,,,
2024-06-26,L93LBV-R,1.0036511421203613,1.0036511421203613,review,abs_threshold,needs_review,verify_vendor_or_corporate_action_before_cleaning,,,,
2020-05-25,J3VSJP-R,1.0036351680755615,1.0036351680755615,review,abs_threshold,needs_review,verify_vendor_or_corporate_action_before_cleaning,,,,
2018-06-26,T7HRLL-R,1.0035145282745361,1.0035145282745361,review,abs_threshold,needs_review,verify_vendor_or_corporate_action_before_cleaning,,,,
2022-05-05,T7HRLL-R,1.0034186840057373,1.0034186840057373,review,abs_threshold,needs_review,verify_vendor_or_corporate_action_before_cleaning,,,,
2019-02-05,T7HRLL-R,1.0032427310943604,1.0032427310943604,review,abs_threshold,needs_review,verify_vendor_or_corporate_action_before_cleaning,,,,
2006-09-28,GQHZLK-R,1.0031516551971436,1.0031516551971436,review,abs_threshold,needs_review,verify_vendor_or_corporate_action_before_cleaning,,,,
2018-10-25,BBD288-R,1.0028998851776123,1.0028998851776123,review,abs_threshold,needs_review,verify_vendor_or_corporate_action_before_cleaning,,,,
2025-11-18,GYM5PB-R,1.0027630600000002,1.0027630600000002,review,abs_threshold,needs_review,verify_vendor_or_corporate_action_before_cleaning,,,,
2017-03-14,H46TW9-R,1.0027190446853638,1.0027190446853638,review,abs_threshold,needs_review,verify_vendor_or_corporate_action_before_cleaning,,,,
2024-10-28,VW1H7G-R,1.0024032592773438,1.0024032592773438,review,abs_threshold,needs_review,verify_vendor_or_corporate_action_before_cleaning,,,,
2023-10-25,K8YRNT-R,1.002361536026001,1.002361536026001,review,abs_threshold,needs_review,verify_vendor_or_corporate_action_before_cleaning,,,,
2025-10-20,QBCTL6-R,1.0023167133331299,1.0023167133331299,review,abs_threshold,needs_review,verify_vendor_or_corporate_action_before_cleaning,,,,
2025-09-09,H6ZV58-R,1.0023014545440674,1.0023014545440674,review,abs_threshold,needs_review,verify_vendor_or_corporate_action_before_cleaning,,,,
2020-01-02,MLM8LN-R,1.0022780895233154,1.0022780895233154,review,abs_threshold,needs_review,verify_vendor_or_corporate_action_before_cleaning,,,,
2024-06-11,VW1H7G-R,1.0021450519561768,1.0021450519561768,review,abs_threshold,needs_review,verify_vendor_or_corporate_action_before_cleaning,,,,
2024-08-22,J5RFMZ-R,1.001979112625122,1.001979112625122,review,abs_threshold,needs_review,verify_vendor_or_corporate_action_before_cleaning,,,,
2019-10-14,GM3PSR-R,1.0019044876098633,1.0019044876098633,review,abs_threshold,needs_review,verify_vendor_or_corporate_action_before_cleaning,,,,
2019-03-11,T7HRLL-R,1.001871109008789,1.001871109008789,review,abs_threshold,needs_review,verify_vendor_or_corporate_action_before_cleaning,,,,
2025-03-19,PTY2W8-R,1.0018281936645508,1.0018281936645508,review,abs_threshold,needs_review,verify_vendor_or_corporate_action_before_cleaning,,,,
2023-07-31,JBLXCY-R,1.0018138885498047,1.0018138885498047,review,abs_threshold,needs_review,verify_vendor_or_corporate_action_before_cleaning,,,,
2019-08-29,T7HRLL-R,1.0016264915466309,1.0016264915466309,review,abs_threshold,needs_review,verify_vendor_or_corporate_action_before_cleaning,,,,
2021-07-16,GM3PSR-R,1.0016088485717773,1.0016088485717773,review,abs_threshold,needs_review,verify_vendor_or_corporate_action_before_cleaning,,,,
2025-05-09,K80C6V-R,1.0015970468521118,1.0015970468521118,review,abs_threshold,needs_review,verify_vendor_or_corporate_action_before_cleaning,,,,
2024-05-30,LG0DHY-R,1.001575231552124,1.001575231552124,review,abs_threshold,needs_review,verify_vendor_or_corporate_action_before_cleaning,,,,
2025-07-17,P52239-R,1.0015532970428467,1.0015532970428467,review,abs_threshold,needs_review,verify_vendor_or_corporate_action_before_cleaning,,,,
2024-12-17,X32NYV-R,1.0015239715576172,1.0015239715576172,review,abs_threshold,needs_review,verify_vendor_or_corporate_action_before_cleaning,,,,
2024-09-11,X32NYV-R,1.0014533996582031,1.0014533996582031,review,abs_threshold,needs_review,verify_vendor_or_corporate_action_before_cleaning,,,,
2024-11-01,J5RFMZ-R,1.00138258934021,1.00138258934021,review,abs_threshold,needs_review,verify_vendor_or_corporate_action_before_cleaning,,,,
2020-01-29,J3VSJP-R,1.0013225078582764,1.0013225078582764,review,abs_threshold,needs_review,verify_vendor_or_corporate_action_before_cleaning,,,,
2023-11-27,K8YRNT-R,1.0012803077697754,1.0012803077697754,review,abs_threshold,needs_review,verify_vendor_or_corporate_action_before_cleaning,,,,
2009-02-17,KNCH9S-R,1.0012202262878418,1.0012202262878418,review,abs_threshold,needs_review,verify_vendor_or_corporate_action_before_cleaning,,,,
2024-05-29,MBLWWK-R,1.0011332035064697,1.0011332035064697,review,abs_threshold,needs_review,verify_vendor_or_corporate_action_before_cleaning,,,,
2024-05-21,T7HRLL-R,1.0009210109710693,1.0009210109710693,review,abs_threshold,needs_review,verify_vendor_or_corporate_action_before_cleaning,,,,
2017-05-02,H46TW9-R,1.0009140968322754,1.0009140968322754,review,abs_threshold,needs_review,verify_vendor_or_corporate_action_before_cleaning,,,,
2024-10-08,K4MV84-R,1.0009114742279053,1.0009114742279053,review,abs_threshold,needs_review,verify_vendor_or_corporate_action_before_cleaning,,,,
2025-08-07,L5W163-R,1.0006883144378662,1.0006883144378662,review,abs_threshold,needs_review,verify_vendor_or_corporate_action_before_cleaning,,,,
2008-01-29,KB97SR-R,1.0006067752838135,1.0006067752838135,review,abs_threshold,needs_review,verify_vendor_or_corporate_action_before_cleaning,,,,
2018-12-31,BBD288-R,1.0005247592926025,1.0005247592926025,review,abs_threshold,needs_review,verify_vendor_or_corporate_action_before_cleaning,,,,
2024-03-18,T7HRLL-R,1.0004594326019287,1.0004594326019287,review,abs_threshold,needs_review,verify_vendor_or_corporate_action_before_cleaning,,,,
2021-10-11,GKYKWV-R,1.0002591609954834,1.0002591609954834,review,abs_threshold,needs_review,verify_vendor_or_corporate_action_before_cleaning,,,,
2009-12-22,JMKHTG-R,1.0002074241638184,1.0002074241638184,review,abs_threshold,needs_review,verify_vendor_or_corporate_action_before_cleaning,,,,
2020-08-11,T7HRLL-R,1.0001699924468994,1.0001699924468994,review,abs_threshold,needs_review,verify_vendor_or_corporate_action_before_cleaning,,,,
2023-12-18,T7HRLL-R,1.000091552734375,1.000091552734375,review,abs_threshold,needs_review,verify_vendor_or_corporate_action_before_cleaning,,,,
2007-11-07,JS8Z4X-R,1.00009024143219,1.00009024143219,review,abs_threshold,needs_review,verify_vendor_or_corporate_action_before_cleaning,,,,
2008-10-30,QG6G5W-R,1.000077724456787,1.000077724456787,review,abs_threshold,needs_review,verify_vendor_or_corporate_action_before_cleaning,,,,
2024-05-20,VHTJ1C-R,1.000040054321289,1.000040054321289,review,abs_threshold,needs_review,verify_vendor_or_corporate_action_before_cleaning,,,,
2016-08-11,TF1Z16-R,1.0,1.0,review,abs_threshold,needs_review,verify_vendor_or_corporate_action_before_cleaning,,,,
2024-07-04,FFYYD2-R,1.0,1.0,review,abs_threshold,needs_review,verify_vendor_or_corporate_action_before_cleaning,,,,
2024-03-13,QVSQJ4-R,1.0,1.0,review,abs_threshold,needs_review,verify_vendor_or_corporate_action_before_cleaning,,,,
2016-05-24,TF1Z16-R,1.0,1.0,review,abs_threshold,needs_review,verify_vendor_or_corporate_action_before_cleaning,,,,
2024-07-09,FFYYD2-R,1.0,1.0,review,abs_threshold,needs_review,verify_vendor_or_corporate_action_before_cleaning,,,,
2024-03-21,QVSQJ4-R,1.0,1.0,review,abs_threshold,needs_review,verify_vendor_or_corporate_action_before_cleaning,,,,
2024-05-14,QVSQJ4-R,1.0,1.0,review,abs_threshold,needs_review,verify_vendor_or_corporate_action_before_cleaning,,,,
2024-03-28,QVSQJ4-R,1.0,1.0,review,abs_threshold,needs_review,verify_vendor_or_corporate_action_before_cleaning,,,,
2016-05-04,V07BHX-R,1.0,1.0,review,abs_threshold,needs_review,verify_vendor_or_corporate_action_before_cleaning,,,,
2023-02-22,PW1CY3-R,1.0,1.0,review,abs_threshold,needs_review,verify_vendor_or_corporate_action_before_cleaning,,,,
2024-03-08,QVSQJ4-R,1.0,1.0,review,abs_threshold,needs_review,verify_vendor_or_corporate_action_before_cleaning,,,,
2024-04-03,QVSQJ4-R,1.0,1.0,review,abs_threshold,needs_review,verify_vendor_or_corporate_action_before_cleaning,,,,
2024-06-24,FFYYD2-R,1.0,1.0,review,abs_threshold,needs_review,verify_vendor_or_corporate_action_before_cleaning,,,,
2024-06-21,FFYYD2-R,1.0,1.0,review,abs_threshold,needs_review,verify_vendor_or_corporate_action_before_cleaning,,,,
2024-05-21,QVSQJ4-R,1.0,1.0,review,abs_threshold,needs_review,verify_vendor_or_corporate_action_before_cleaning,,,,
2024-05-03,QVSQJ4-R,1.0,1.0,review,abs_threshold,needs_review,verify_vendor_or_corporate_action_before_cleaning,,,,
2022-11-08,FFYYD2-R,1.0,1.0,review,abs_threshold,needs_review,verify_vendor_or_corporate_action_before_cleaning,,,,
2024-11-08,DD1BR4-R,1.0,1.0,review,abs_threshold,needs_review,verify_vendor_or_corporate_action_before_cleaning,,,,
2016-06-17,TF1Z16-R,1.0,1.0,review,abs_threshold,needs_review,verify_vendor_or_corporate_action_before_cleaning,,,,
2016-05-30,V07BHX-R,1.0,1.0,review,abs_threshold,needs_review,verify_vendor_or_corporate_action_before_cleaning,,,,
2023-04-14,FFYYD2-R,1.0,1.0,review,abs_threshold,needs_review,verify_vendor_or_corporate_action_before_cleaning,,,,
2016-08-24,TF1Z16-R,1.0,1.0,review,abs_threshold,needs_review,verify_vendor_or_corporate_action_before_cleaning,,,,
2016-09-13,TF1Z16-R,1.0,1.0,review,abs_threshold,needs_review,verify_vendor_or_corporate_action_before_cleaning,,,,
2018-02-05,BT5LSL-R,1.0,1.0,review,abs_threshold,needs_review,verify_vendor_or_corporate_action_before_cleaning,,,,
2018-04-18,BT5LSL-R,1.0,1.0,review,abs_threshold,needs_review,verify_vendor_or_corporate_action_before_cleaning,,,,
2016-07-18,TF1Z16-R,1.0,1.0,review,abs_threshold,needs_review,verify_vendor_or_corporate_action_before_cleaning,,,,
2016-09-20,TF1Z16-R,1.0,1.0,review,abs_threshold,needs_review,verify_vendor_or_corporate_action_before_cleaning,,,,
2016-07-13,TF1Z16-R,1.0,1.0,review,abs_threshold,needs_review,verify_vendor_or_corporate_action_before_cleaning,,,,
2016-07-06,TF1Z16-R,1.0,1.0,review,abs_threshold,needs_review,verify_vendor_or_corporate_action_before_cleaning,,,,
2024-09-02,QVSQJ4-R,1.0,1.0,review,abs_threshold,needs_review,verify_vendor_or_corporate_action_before_cleaning,,,,
2016-09-27,TF1Z16-R,1.0,1.0,review,abs_threshold,needs_review,verify_vendor_or_corporate_action_before_cleaning,,,,
2023-05-18,FFYYD2-R,1.0,1.0,review,abs_threshold,needs_review,verify_vendor_or_corporate_action_before_cleaning,,,,
2016-09-30,TF1Z16-R,1.0,1.0,review,abs_threshold,needs_review,verify_vendor_or_corporate_action_before_cleaning,,,,
2024-08-22,QVSQJ4-R,1.0,1.0,review,abs_threshold,needs_review,verify_vendor_or_corporate_action_before_cleaning,,,,
2016-07-01,TF1Z16-R,1.0,1.0,review,abs_threshold,needs_review,verify_vendor_or_corporate_action_before_cleaning,,,,
2023-12-11,DD1BR4-R,1.0,1.0,review,abs_threshold,needs_review,verify_vendor_or_corporate_action_before_cleaning,,,,
2024-07-26,QVSQJ4-R,1.0,1.0,review,abs_threshold,needs_review,verify_vendor_or_corporate_action_before_cleaning,,,,
2016-12-19,TF1Z16-R,1.0,1.0,review,abs_threshold,needs_review,verify_vendor_or_corporate_action_before_cleaning,,,,
2016-06-24,TF1Z16-R,1.0,1.0,review,abs_threshold,needs_review,verify_vendor_or_corporate_action_before_cleaning,,,,
2016-07-29,TF1Z16-R,1.0,1.0,review,abs_threshold,needs_review,verify_vendor_or_corporate_action_before_cleaning,,,,
2019-02-08,BT5LSL-R,1.0,1.0,review,abs_threshold,needs_review,verify_vendor_or_corporate_action_before_cleaning,,,,
2024-05-16,QVSQJ4-R,1.0,1.0,review,abs_threshold,needs_review,verify_vendor_or_corporate_action_before_cleaning,,,,
2020-08-24,BT5LSL-R,1.0,1.0,review,abs_threshold,needs_review,verify_vendor_or_corporate_action_before_cleaning,,,,
2016-03-02,TF1Z16-R,1.0,1.0,review,abs_threshold,needs_review,verify_vendor_or_corporate_action_before_cleaning,,,,
2021-03-15,FFYYD2-R,1.0,1.0,review,abs_threshold,needs_review,verify_vendor_or_corporate_action_before_cleaning,,,,
2021-02-02,FFYYD2-R,1.0,1.0,review,abs_threshold,needs_review,verify_vendor_or_corporate_action_before_cleaning,,,,
2012-12-19,F3Q31N-R,1.0,1.0,review,abs_threshold,needs_review,verify_vendor_or_corporate_action_before_cleaning,,,,
2016-01-07,TF1Z16-R,1.0,1.0,review,abs_threshold,needs_review,verify_vendor_or_corporate_action_before_cleaning,,,,
2015-12-21,TF1Z16-R,1.0,1.0,review,abs_threshold,needs_review,verify_vendor_or_corporate_action_before_cleaning,,,,
2015-12-07,TF1Z16-R,1.0,1.0,review,abs_threshold,needs_review,verify_vendor_or_corporate_action_before_cleaning,,,,
2016-02-26,TF1Z16-R,1.0,1.0,review,abs_threshold,needs_review,verify_vendor_or_corporate_action_before_cleaning,,,,
2016-02-18,TF1Z16-R,1.0,1.0,review,abs_threshold,needs_review,verify_vendor_or_corporate_action_before_cleaning,,,,
2020-02-27,BT5LSL-R,1.0,1.0,review,abs_threshold,needs_review,verify_vendor_or_corporate_action_before_cleaning,,,,
2013-08-12,DJCDDY-R,1.0,1.0,review,abs_threshold,needs_review,verify_vendor_or_corporate_action_before_cleaning,,,,
2020-06-17,DD1BR4-R,1.0,1.0,review,abs_threshold,needs_review,verify_vendor_or_corporate_action_before_cleaning,,,,
2020-01-09,DD1BR4-R,1.0,1.0,review,abs_threshold,needs_review,verify_vendor_or_corporate_action_before_cleaning,,,,
2018-07-03,TD2BMG-R,1.0,1.0,review,abs_threshold,needs_review,verify_vendor_or_corporate_action_before_cleaning,,,,
2016-03-15,TF1Z16-R,1.0,1.0,review,abs_threshold,needs_review,verify_vendor_or_corporate_action_before_cleaning,,,,
2014-08-18,GSSSN0-R,1.0,1.0,review,abs_threshold,needs_review,verify_vendor_or_corporate_action_before_cleaning,,,,
2019-02-01,BT5LSL-R,1.0,1.0,review,abs_threshold,needs_review,verify_vendor_or_corporate_action_before_cleaning,,,,
2025-04-17,P52239-R,-0.9999908804893494,0.9999908804893494,critical,negative_threshold,needs_review,verify_vendor_or_corporate_action_before_cleaning,,,,
2025-07-25,PXN7MH-R,-0.9999666213989258,0.9999666213989258,critical,negative_threshold,needs_review,verify_vendor_or_corporate_action_before_cleaning,,,,
2024-07-08,R3Q0GG-R,-0.9999499917030334,0.9999499917030334,critical,negative_threshold,needs_review,verify_vendor_or_corporate_action_before_cleaning,,,,
2025-10-27,X32NYV-R,-0.9999334216117859,0.9999334216117859,critical,negative_threshold,needs_review,verify_vendor_or_corporate_action_before_cleaning,,,,
2025-08-27,XN4WDM-R,-0.9999330043792725,0.9999330043792725,critical,negative_threshold,needs_review,verify_vendor_or_corporate_action_before_cleaning,,,,
2023-11-14,T7HRLL-R,-0.9999013543128967,0.9999013543128967,critical,negative_threshold,needs_review,verify_vendor_or_corporate_action_before_cleaning,,,,
2024-08-09,T7HRLL-R,-0.9999001026153564,0.9999001026153564,critical,negative_threshold,needs_review,verify_vendor_or_corporate_action_before_cleaning,,,,
2024-10-31,T7HRLL-R,-0.9998999238014221,0.9998999238014221,critical,negative_threshold,needs_review,verify_vendor_or_corporate_action_before_cleaning,,,,
2023-08-18,HWYM1P-R,-0.9998998045921326,0.9998998045921326,critical,negative_threshold,needs_review,verify_vendor_or_corporate_action_before_cleaning,,,,
2025-05-22,X32NYV-R,-0.9998994469642639,0.9998994469642639,critical,negative_threshold,needs_review,verify_vendor_or_corporate_action_before_cleaning,,,,
2025-11-26,J6L6Y9-R,-0.9996674,0.9996674,critical,negative_threshold,needs_review,verify_vendor_or_corporate_action_before_cleaning,,,,
2025-07-21,XN4WDM-R,-0.9995474219322205,0.9995474219322205,critical,negative_threshold,needs_review,verify_vendor_or_corporate_action_before_cleaning,,,,
2024-05-17,T7HRLL-R,-0.9995002746582031,0.9995002746582031,critical,negative_threshold,needs_review,verify_vendor_or_corporate_action_before_cleaning,,,,
2025-01-27,JXR980-R,-0.9994990825653076,0.9994990825653076,critical,negative_threshold,needs_review,verify_vendor_or_corporate_action_before_cleaning,,,,
2025-10-08,VW1H7G-R,-0.9994981288909912,0.9994981288909912,critical,negative_threshold,needs_review,verify_vendor_or_corporate_action_before_cleaning,,,,
2025-10-21,VW1H7G-R,-0.9994421005249023,0.9994421005249023,critical,negative_threshold,needs_review,verify_vendor_or_corporate_action_before_cleaning,,,,
2019-04-09,BBD288-R,-0.9994124174118042,0.9994124174118042,critical,negative_threshold,needs_review,verify_vendor_or_corporate_action_before_cleaning,,,,
2025-08-06,K80C6V-R,-0.9993367791175842,0.9993367791175842,critical,negative_threshold,needs_review,verify_vendor_or_corporate_action_before_cleaning,,,,
2023-10-27,JBLXCY-R,-0.9992882013320923,0.9992882013320923,critical,negative_threshold,needs_review,verify_vendor_or_corporate_action_before_cleaning,,,,
2024-08-20,R3Q0GG-R,-0.9991680979728699,0.9991680979728699,critical,negative_threshold,needs_review,verify_vendor_or_corporate_action_before_cleaning,,,,
2022-05-03,T7HRLL-R,-0.9991679191589355,0.9991679191589355,critical,negative_threshold,needs_review,verify_vendor_or_corporate_action_before_cleaning,,,,
2025-07-23,PXN7MH-R,-0.9991673827171326,0.9991673827171326,critical,negative_threshold,needs_review,verify_vendor_or_corporate_action_before_cleaning,,,,
2021-10-04,GKYKWV-R,-0.9990023970603943,0.9990023970603943,critical,negative_threshold,needs_review,verify_vendor_or_corporate_action_before_cleaning,,,,
2017-10-11,QR9H6P-R,-0.9990022778511047,0.9990022778511047,critical,negative_threshold,needs_review,verify_vendor_or_corporate_action_before_cleaning,,,,
2025-01-22,W0KPN1-R,-0.9990018606185913,0.9990018606185913,critical,negative_threshold,needs_review,verify_vendor_or_corporate_action_before_cleaning,,,,
2025-01-22,JXR980-R,-0.9990018606185913,0.9990018606185913,critical,negative_threshold,needs_review,verify_vendor_or_corporate_action_before_cleaning,,,,
2024-07-25,T7HRLL-R,-0.9990001916885376,0.9990001916885376,critical,negative_threshold,needs_review,verify_vendor_or_corporate_action_before_cleaning,,,,
2025-11-03,K80C6V-R,-0.9989985227584839,0.9989985227584839,critical,negative_threshold,needs_review,verify_vendor_or_corporate_action_before_cleaning,,,,
2024-08-29,X32NYV-R,-0.9989945888519287,0.9989945888519287,critical,negative_threshold,needs_review,verify_vendor_or_corporate_action_before_cleaning,,,,
2025-07-15,J6L6Y9-R,-0.9989944100379944,0.9989944100379944,critical,negative_threshold,needs_review,verify_vendor_or_corporate_action_before_cleaning,,,,
2025-10-30,CB1HZ7-R,-0.9989913105964661,0.9989913105964661,critical,negative_threshold,needs_review,verify_vendor_or_corporate_action_before_cleaning,,,,
2024-08-02,LG0DHY-R,-0.9989020824432373,0.9989020824432373,critical,negative_threshold,needs_review,verify_vendor_or_corporate_action_before_cleaning,,,,
2025-11-06,K80C6V-R,-0.9988947,0.9988947,critical,negative_threshold,needs_review,verify_vendor_or_corporate_action_before_cleaning,,,,
2024-12-13,NXZ3LW-R,-0.9988262057304382,0.9988262057304382,critical,negative_threshold,needs_review,verify_vendor_or_corporate_action_before_cleaning,,,,
2024-09-18,LG0DHY-R,-0.9988228678703308,0.9988228678703308,critical,negative_threshold,needs_review,verify_vendor_or_corporate_action_before_cleaning,,,,
2024-07-10,HWYM1P-R,-0.9987509250640869,0.9987509250640869,critical,negative_threshold,needs_review,verify_vendor_or_corporate_action_before_cleaning,,,,
2024-07-30,R3Q0GG-R,-0.9987487196922302,0.9987487196922302,critical,negative_threshold,needs_review,verify_vendor_or_corporate_action_before_cleaning,,,,
2024-04-11,R3Q0GG-R,-0.9987444281578064,0.9987444281578064,critical,negative_threshold,needs_review,verify_vendor_or_corporate_action_before_cleaning,,,,
2021-11-04,GGKD94-R,-0.9987441897392273,0.9987441897392273,critical,negative_threshold,needs_review,verify_vendor_or_corporate_action_before_cleaning,,,,
2025-08-11,PXN7MH-R,-0.9987437129020691,0.9987437129020691,critical,negative_threshold,needs_review,verify_vendor_or_corporate_action_before_cleaning,,,,
2023-10-26,R3Q0GG-R,-0.9987367987632751,0.9987367987632751,critical,negative_threshold,needs_review,verify_vendor_or_corporate_action_before_cleaning,,,,
2021-10-08,GKYKWV-R,-0.9984645247459412,0.9984645247459412,critical,negative_threshold,needs_review,verify_vendor_or_corporate_action_before_cleaning,,,,
2025-11-11,XNQCR0-R,-0.9982217400000001,0.9982217400000001,critical,negative_threshold,needs_review,verify_vendor_or_corporate_action_before_cleaning,,,,
2023-03-28,SNC4KL-R,-0.9981517791748047,0.9981517791748047,critical,negative_threshold,needs_review,verify_vendor_or_corporate_action_before_cleaning,,,,
2024-04-09,J5RFMZ-R,-0.9981104135513306,0.9981104135513306,critical,negative_threshold,needs_review,verify_vendor_or_corporate_action_before_cleaning,,,,
2016-01-15,WDK2F1-R,-0.9980205297470093,0.9980205297470093,critical,negative_threshold,needs_review,verify_vendor_or_corporate_action_before_cleaning,,,,
2025-03-11,X32NYV-R,-0.998016357421875,0.998016357421875,critical,negative_threshold,needs_review,verify_vendor_or_corporate_action_before_cleaning,,,,
2015-12-11,WDK2F1-R,-0.998012900352478,0.998012900352478,critical,negative_threshold,needs_review,verify_vendor_or_corporate_action_before_cleaning,,,,
2025-03-17,X32NYV-R,-0.9980089664459229,0.9980089664459229,critical,negative_threshold,needs_review,verify_vendor_or_corporate_action_before_cleaning,,,,
2015-12-30,WDK2F1-R,-0.9980034232139587,0.9980034232139587,critical,negative_threshold,needs_review,verify_vendor_or_corporate_action_before_cleaning,,,,
2023-10-31,R3Q0GG-R,-0.9978393316268921,0.9978393316268921,critical,negative_threshold,needs_review,verify_vendor_or_corporate_action_before_cleaning,,,,
2025-06-27,X32NYV-R,-0.9977797269821167,0.9977797269821167,critical,negative_threshold,needs_review,verify_vendor_or_corporate_action_before_cleaning,,,,
2025-08-20,PRCZJK-R,-0.9977759718894958,0.9977759718894958,critical,negative_threshold,needs_review,verify_vendor_or_corporate_action_before_cleaning,,,,
2025-08-18,X32NYV-R,-0.9976649284362793,0.9976649284362793,critical,negative_threshold,needs_review,verify_vendor_or_corporate_action_before_cleaning,,,,
2025-08-14,X32NYV-R,-0.9976071119308472,0.9976071119308472,critical,negative_threshold,needs_review,verify_vendor_or_corporate_action_before_cleaning,,,,
2025-08-06,X32NYV-R,-0.9973821043968201,0.9973821043968201,critical,negative_threshold,needs_review,verify_vendor_or_corporate_action_before_cleaning,,,,
2024-01-08,HN45T9-R,-0.9972285032272339,0.9972285032272339,critical,negative_threshold,needs_review,verify_vendor_or_corporate_action_before_cleaning,,,,
2023-12-13,R3Q0GG-R,-0.9969990849494934,0.9969990849494934,critical,negative_threshold,needs_review,verify_vendor_or_corporate_action_before_cleaning,,,,
2023-12-15,R3Q0GG-R,-0.9969692230224609,0.9969692230224609,critical,negative_threshold,needs_review,verify_vendor_or_corporate_action_before_cleaning,,,,
2025-02-13,MBLWWK-R,-0.9966859221458435,0.9966859221458435,critical,negative_threshold,needs_review,verify_vendor_or_corporate_action_before_cleaning,,,,
2025-10-16,PXN7MH-R,-0.996681809425354,0.996681809425354,critical,negative_threshold,needs_review,verify_vendor_or_corporate_action_before_cleaning,,,,
2024-12-17,LG0DHY-R,-0.9966641068458557,0.9966641068458557,critical,negative_threshold,needs_review,verify_vendor_or_corporate_action_before_cleaning,,,,
2025-07-10,X32NYV-R,-0.9966566562652588,0.9966566562652588,critical,negative_threshold,needs_review,verify_vendor_or_corporate_action_before_cleaning,,,,
2024-01-02,R3Q0GG-R,-0.9966353178024292,0.9966353178024292,critical,negative_threshold,needs_review,verify_vendor_or_corporate_action_before_cleaning,,,,
2023-03-28,K8YRNT-R,-0.9962459802627563,0.9962459802627563,critical,negative_threshold,needs_review,verify_vendor_or_corporate_action_before_cleaning,,,,
2015-12-22,WDK2F1-R,-0.9960258603096008,0.9960258603096008,critical,negative_threshold,needs_review,verify_vendor_or_corporate_action_before_cleaning,,,,
2025-04-02,X32NYV-R,-0.9960169196128845,0.9960169196128845,critical,negative_threshold,needs_review,verify_vendor_or_corporate_action_before_cleaning,,,,
2016-01-13,WDK2F1-R,-0.9960166215896606,0.9960166215896606,critical,negative_threshold,needs_review,verify_vendor_or_corporate_action_before_cleaning,,,,
2015-12-28,WDK2F1-R,-0.9960126876831055,0.9960126876831055,critical,negative_threshold,needs_review,verify_vendor_or_corporate_action_before_cleaning,,,,
2025-07-02,VDT2VP-R,-0.9959962368011475,0.9959962368011475,critical,negative_threshold,needs_review,verify_vendor_or_corporate_action_before_cleaning,,,,
2016-01-11,WDK2F1-R,-0.9959890842437744,0.9959890842437744,critical,negative_threshold,needs_review,verify_vendor_or_corporate_action_before_cleaning,,,,
2025-08-11,X32NYV-R,-0.9959796071052551,0.9959796071052551,critical,negative_threshold,needs_review,verify_vendor_or_corporate_action_before_cleaning,,,,
2025-05-05,X32NYV-R,-0.9955440163612366,0.9955440163612366,critical,negative_threshold,needs_review,verify_vendor_or_corporate_action_before_cleaning,,,,
2024-02-06,R3Q0GG-R,-0.9955409169197083,0.9955409169197083,critical,negative_threshold,needs_review,verify_vendor_or_corporate_action_before_cleaning,,,,
2024-07-11,T7HRLL-R,-0.9952621459960938,0.9952621459960938,critical,negative_threshold,needs_review,verify_vendor_or_corporate_action_before_cleaning,,,,
2024-11-25,XLCZT6-R,-0.9950374364852905,0.9950374364852905,critical,negative_threshold,needs_review,verify_vendor_or_corporate_action_before_cleaning,,,,
2025-03-07,H6ZV58-R,-0.9950239658355713,0.9950239658355713,critical,negative_threshold,needs_review,verify_vendor_or_corporate_action_before_cleaning,,,,
2025-07-21,P52239-R,-0.995021402835846,0.995021402835846,critical,negative_threshold,needs_review,verify_vendor_or_corporate_action_before_cleaning,,,,
2025-09-30,P52239-R,-0.9950085282325745,0.9950085282325745,critical,negative_threshold,needs_review,verify_vendor_or_corporate_action_before_cleaning,,,,
2025-09-26,K80C6V-R,-0.9950066208839417,0.9950066208839417,critical,negative_threshold,needs_review,verify_vendor_or_corporate_action_before_cleaning,,,,
2025-07-23,VDT2VP-R,-0.9950044751167297,0.9950044751167297,critical,negative_threshold,needs_review,verify_vendor_or_corporate_action_before_cleaning,,,,
2025-11-21,P52239-R,-0.9949893,0.9949893,critical,negative_threshold,needs_review,verify_vendor_or_corporate_action_before_cleaning,,,,
2025-10-02,X32NYV-R,-0.9949865937232971,0.9949865937232971,critical,negative_threshold,needs_review,verify_vendor_or_corporate_action_before_cleaning,,,,
2025-07-07,P52239-R,-0.9949830174446106,0.9949830174446106,critical,negative_threshold,needs_review,verify_vendor_or_corporate_action_before_cleaning,,,,
2025-07-30,X32NYV-R,-0.9949814677238464,0.9949814677238464,critical,negative_threshold,needs_review,verify_vendor_or_corporate_action_before_cleaning,,,,
2025-04-07,X32NYV-R,-0.9949697852134705,0.9949697852134705,critical,negative_threshold,needs_review,verify_vendor_or_corporate_action_before_cleaning,,,,
2025-09-18,H6ZV58-R,-0.994968593120575,0.994968593120575,critical,negative_threshold,needs_review,verify_vendor_or_corporate_action_before_cleaning,,,,
2020-04-24,K6FSZN-R,-0.9946854114532471,0.9946854114532471,critical,negative_threshold,needs_review,verify_vendor_or_corporate_action_before_cleaning,,,,
2021-11-15,GGKD94-R,-0.994638204574585,0.994638204574585,critical,negative_threshold,needs_review,verify_vendor_or_corporate_action_before_cleaning,,,,
2016-01-29,WDK2F1-R,-0.994239330291748,0.994239330291748,critical,negative_threshold,needs_review,verify_vendor_or_corporate_action_before_cleaning,,,,
2025-06-24,X32NYV-R,-0.9940446615219116,0.9940446615219116,critical,negative_threshold,needs_review,verify_vendor_or_corporate_action_before_cleaning,,,,
2025-11-07,X32NYV-R,-0.9933523599999999,0.9933523599999999,critical,negative_threshold,needs_review,verify_vendor_or_corporate_action_before_cleaning,,,,
2019-02-27,BBD288-R,-0.9933474063873291,0.9933474063873291,critical,negative_threshold,needs_review,verify_vendor_or_corporate_action_before_cleaning,,,,
2025-01-17,LSNCLC-R,-0.9923080205917358,0.9923080205917358,critical,negative_threshold,needs_review,verify_vendor_or_corporate_action_before_cleaning,,,,
2025-01-24,X32NYV-R,-0.992091715335846,0.992091715335846,critical,negative_threshold,needs_review,verify_vendor_or_corporate_action_before_cleaning,,,,
2025-01-16,X32NYV-R,-0.991996169090271,0.991996169090271,critical,negative_threshold,needs_review,verify_vendor_or_corporate_action_before_cleaning,,,,
2025-01-13,X32NYV-R,-0.9919588565826416,0.9919588565826416,critical,negative_threshold,needs_review,verify_vendor_or_corporate_action_before_cleaning,,,,
2025-07-25,XNQCR0-R,-0.991570770740509,0.991570770740509,critical,negative_threshold,needs_review,verify_vendor_or_corporate_action_before_cleaning,,,,
2025-09-03,PRCZJK-R,-0.9914289116859436,0.9914289116859436,critical,negative_threshold,needs_review,verify_vendor_or_corporate_action_before_cleaning,,,,
2024-08-23,HWYM1P-R,-0.9901548027992249,0.9901548027992249,critical,negative_threshold,needs_review,verify_vendor_or_corporate_action_before_cleaning,,,,
2025-04-09,J6L6Y9-R,-0.9901155233383179,0.9901155233383179,critical,negative_threshold,needs_review,verify_vendor_or_corporate_action_before_cleaning,,,,
2025-09-05,J6L6Y9-R,-0.9900864958763123,0.9900864958763123,critical,negative_threshold,needs_review,verify_vendor_or_corporate_action_before_cleaning,,,,
2025-09-05,K80C6V-R,-0.9900864958763123,0.9900864958763123,critical,negative_threshold,needs_review,verify_vendor_or_corporate_action_before_cleaning,,,,
2025-09-05,PXN7MH-R,-0.9900864958763123,0.9900864958763123,critical,negative_threshold,needs_review,verify_vendor_or_corporate_action_before_cleaning,,,,
2025-06-12,X32NYV-R,-0.9900863766670227,0.9900863766670227,critical,negative_threshold,needs_review,verify_vendor_or_corporate_action_before_cleaning,,,,
2018-06-29,BBD288-R,-0.9900835156440735,0.9900835156440735,critical,negative_threshold,needs_review,verify_vendor_or_corporate_action_before_cleaning,,,,
2025-06-02,H6ZV58-R,-0.9900725483894348,0.9900725483894348,critical,negative_threshold,needs_review,verify_vendor_or_corporate_action_before_cleaning,,,,
2025-08-13,T4332F-R,-0.9900519847869873,0.9900519847869873,critical,negative_threshold,needs_review,verify_vendor_or_corporate_action_before_cleaning,,,,
2025-08-13,XNQCR0-R,-0.9900519847869873,0.9900519847869873,critical,negative_threshold,needs_review,verify_vendor_or_corporate_action_before_cleaning,,,,
2025-08-06,L5W163-R,-0.9900519847869873,0.9900519847869873,critical,negative_threshold,needs_review,verify_vendor_or_corporate_action_before_cleaning,,,,
2024-11-04,VW1H7G-R,-0.9900458455085754,0.9900458455085754,critical,negative_threshold,needs_review,verify_vendor_or_corporate_action_before_cleaning,,,,
2024-09-04,XG29QM-R,-0.9900436997413635,0.9900436997413635,critical,negative_threshold,needs_review,verify_vendor_or_corporate_action_before_cleaning,,,,
2024-12-05,X32NYV-R,-0.9900416135787964,0.9900416135787964,critical,negative_threshold,needs_review,verify_vendor_or_corporate_action_before_cleaning,,,,
2025-06-20,X32NYV-R,-0.9900403618812561,0.9900403618812561,critical,negative_threshold,needs_review,verify_vendor_or_corporate_action_before_cleaning,,,,
2017-08-02,QR9H6P-R,-0.9900397062301636,0.9900397062301636,critical,negative_threshold,needs_review,verify_vendor_or_corporate_action_before_cleaning,,,,
2024-09-06,HWYM1P-R,-0.9900373220443726,0.9900373220443726,critical,negative_threshold,needs_review,verify_vendor_or_corporate_action_before_cleaning,,,,
2025-09-29,J6L6Y9-R,-0.9900323748588562,0.9900323748588562,critical,negative_threshold,needs_review,verify_vendor_or_corporate_action_before_cleaning,,,,
2025-09-29,H6ZV58-R,-0.9900323748588562,0.9900323748588562,critical,negative_threshold,needs_review,verify_vendor_or_corporate_action_before_cleaning,,,,
2024-09-16,XG29QM-R,-0.9900314211845398,0.9900314211845398,critical,negative_threshold,needs_review,verify_vendor_or_corporate_action_before_cleaning,,,,
2025-08-29,T4332F-R,-0.9900294542312622,0.9900294542312622,critical,negative_threshold,needs_review,verify_vendor_or_corporate_action_before_cleaning,,,,
2025-11-25,PXN7MH-R,-0.9900285,0.9900285,critical,negative_threshold,needs_review,verify_vendor_or_corporate_action_before_cleaning,,,,
2025-11-25,XNQCR0-R,-0.9900285,0.9900285,critical,negative_threshold,needs_review,verify_vendor_or_corporate_action_before_cleaning,,,,
2025-11-07,P52239-R,-0.9900285,0.9900285,critical,negative_threshold,needs_review,verify_vendor_or_corporate_action_before_cleaning,,,,
2025-11-25,H6ZV58-R,-0.9900285,0.9900285,critical,negative_threshold,needs_review,verify_vendor_or_corporate_action_before_cleaning,,,,
2024-09-12,VW1H7G-R,-0.9900271892547607,0.9900271892547607,critical,negative_threshold,needs_review,verify_vendor_or_corporate_action_before_cleaning,,,,
2025-11-26,T4332F-R,-0.9900237,0.9900237,critical,negative_threshold,needs_review,verify_vendor_or_corporate_action_before_cleaning,,,,
2025-07-22,K80C6V-R,-0.9900221824645996,0.9900221824645996,critical,negative_threshold,needs_review,verify_vendor_or_corporate_action_before_cleaning,,,,
2025-05-07,H6ZV58-R,-0.9900220036506653,0.9900220036506653,critical,negative_threshold,needs_review,verify_vendor_or_corporate_action_before_cleaning,,,,
2025-04-24,T4332F-R,-0.9900206923484802,0.9900206923484802,critical,negative_threshold,needs_review,verify_vendor_or_corporate_action_before_cleaning,,,,
2025-09-23,H6ZV58-R,-0.9900203943252563,0.9900203943252563,critical,negative_threshold,needs_review,verify_vendor_or_corporate_action_before_cleaning,,,,
2025-06-09,K80C6V-R,-0.9900171160697937,0.9900171160697937,critical,negative_threshold,needs_review,verify_vendor_or_corporate_action_before_cleaning,,,,
2025-06-09,X32NYV-R,-0.9900171160697937,0.9900171160697937,critical,negative_threshold,needs_review,verify_vendor_or_corporate_action_before_cleaning,,,,
2025-06-10,H6ZV58-R,-0.9900153279304504,0.9900153279304504,critical,negative_threshold,needs_review,verify_vendor_or_corporate_action_before_cleaning,,,,
2025-03-14,H6ZV58-R,-0.9900133609771729,0.9900133609771729,critical,negative_threshold,needs_review,verify_vendor_or_corporate_action_before_cleaning,,,,
2025-02-24,H6ZV58-R,-0.9900133609771729,0.9900133609771729,critical,negative_threshold,needs_review,verify_vendor_or_corporate_action_before_cleaning,,,,
2025-01-30,H6ZV58-R,-0.9900109767913818,0.9900109767913818,critical,negative_threshold,needs_review,verify_vendor_or_corporate_action_before_cleaning,,,,
2025-10-24,T4332F-R,-0.9900103211402893,0.9900103211402893,critical,negative_threshold,needs_review,verify_vendor_or_corporate_action_before_cleaning,,,,
2025-06-27,H6ZV58-R,-0.990008533000946,0.990008533000946,critical,negative_threshold,needs_review,verify_vendor_or_corporate_action_before_cleaning,,,,
2025-06-27,VW1H7G-R,-0.990008533000946,0.990008533000946,critical,negative_threshold,needs_review,verify_vendor_or_corporate_action_before_cleaning,,,,
2025-06-27,K80C6V-R,-0.990008533000946,0.990008533000946,critical,negative_threshold,needs_review,verify_vendor_or_corporate_action_before_cleaning,,,,
2024-08-12,XG29QM-R,-0.9900078177452087,0.9900078177452087,critical,negative_threshold,needs_review,verify_vendor_or_corporate_action_before_cleaning,,,,
2025-10-22,J6L6Y9-R,-0.9900060296058655,0.9900060296058655,critical,negative_threshold,needs_review,verify_vendor_or_corporate_action_before_cleaning,,,,
2025-03-18,W0KPN1-R,-0.9900050163269043,0.9900050163269043,critical,negative_threshold,needs_review,verify_vendor_or_corporate_action_before_cleaning,,,,
2024-09-17,VW1H7G-R,-0.9900004863739014,0.9900004863739014,critical,negative_threshold,needs_review,verify_vendor_or_corporate_action_before_cleaning,,,,
2025-09-03,LG0DHY-R,-0.9900004863739014,0.9900004863739014,critical,negative_threshold,needs_review,verify_vendor_or_corporate_action_before_cleaning,,,,
2025-11-12,P52239-R,-0.99,0.99,critical,negative_threshold,needs_review,verify_vendor_or_corporate_action_before_cleaning,,,,
2025-10-10,X32NYV-R,-0.9899986982345581,0.9899986982345581,review,negative_threshold,needs_review,verify_vendor_or_corporate_action_before_cleaning,,,,
2025-01-29,M6PR23-R,-0.9899956583976746,0.9899956583976746,review,negative_threshold,needs_review,verify_vendor_or_corporate_action_before_cleaning,,,,
2024-11-26,FXNJ4H-R,-0.9899938106536865,0.9899938106536865,review,negative_threshold,needs_review,verify_vendor_or_corporate_action_before_cleaning,,,,
2024-10-31,VW1H7G-R,-0.9899935126304626,0.9899935126304626,review,negative_threshold,needs_review,verify_vendor_or_corporate_action_before_cleaning,,,,
2025-05-09,T4332F-R,-0.9899920225143433,0.9899920225143433,review,negative_threshold,needs_review,verify_vendor_or_corporate_action_before_cleaning,,,,
2024-11-21,VW1H7G-R,-0.9899910092353821,0.9899910092353821,review,negative_threshold,needs_review,verify_vendor_or_corporate_action_before_cleaning,,,,
2025-07-02,J6L6Y9-R,-0.9899905920028687,0.9899905920028687,review,negative_threshold,needs_review,verify_vendor_or_corporate_action_before_cleaning,,,,
2024-08-22,XG29QM-R,-0.9899901151657104,0.9899901151657104,review,negative_threshold,needs_review,verify_vendor_or_corporate_action_before_cleaning,,,,
2025-04-08,H6ZV58-R,-0.9899895191192627,0.9899895191192627,review,negative_threshold,needs_review,verify_vendor_or_corporate_action_before_cleaning,,,,
2025-09-09,VW1H7G-R,-0.9899885058403015,0.9899885058403015,review,negative_threshold,needs_review,verify_vendor_or_corporate_action_before_cleaning,,,,
2025-02-28,W0KPN1-R,-0.9899874925613403,0.9899874925613403,review,negative_threshold,needs_review,verify_vendor_or_corporate_action_before_cleaning,,,,
2025-11-18,H6ZV58-R,-0.9899862,0.9899862,review,negative_threshold,needs_review,verify_vendor_or_corporate_action_before_cleaning,,,,
2025-10-13,K80C6V-R,-0.9899836182594299,0.9899836182594299,review,negative_threshold,needs_review,verify_vendor_or_corporate_action_before_cleaning,,,,
2024-09-30,X32NYV-R,-0.9899834394454956,0.9899834394454956,review,negative_threshold,needs_review,verify_vendor_or_corporate_action_before_cleaning,,,,
2024-09-30,VW1H7G-R,-0.9899834394454956,0.9899834394454956,review,negative_threshold,needs_review,verify_vendor_or_corporate_action_before_cleaning,,,,
2022-04-06,GM3PSR-R,-0.9899826049804688,0.9899826049804688,review,negative_threshold,needs_review,verify_vendor_or_corporate_action_before_cleaning,,,,
2025-02-21,W0KPN1-R,-0.9899814128875732,0.9899814128875732,review,negative_threshold,needs_review,verify_vendor_or_corporate_action_before_cleaning,,,,
2025-10-31,P52239-R,-0.9899808764457703,0.9899808764457703,review,negative_threshold,needs_review,verify_vendor_or_corporate_action_before_cleaning,,,,
2025-11-10,PXN7MH-R,-0.9899775,0.9899775,review,negative_threshold,needs_review,verify_vendor_or_corporate_action_before_cleaning,,,,
2025-11-14,J6L6Y9-R,-0.9899772,0.9899772,review,negative_threshold,needs_review,verify_vendor_or_corporate_action_before_cleaning,,,,
2025-11-14,P52239-R,-0.9899772,0.9899772,review,negative_threshold,needs_review,verify_vendor_or_corporate_action_before_cleaning,,,,
2024-08-01,T7HRLL-R,-0.9899736046791077,0.9899736046791077,review,negative_threshold,needs_review,verify_vendor_or_corporate_action_before_cleaning,,,,
2025-11-04,PXN7MH-R,-0.9899716973304749,0.9899716973304749,review,negative_threshold,needs_review,verify_vendor_or_corporate_action_before_cleaning,,,,
2025-07-10,H6ZV58-R,-0.9899700284004211,0.9899700284004211,review,negative_threshold,needs_review,verify_vendor_or_corporate_action_before_cleaning,,,,
2025-07-31,T4332F-R,-0.9899699091911316,0.9899699091911316,review,negative_threshold,needs_review,verify_vendor_or_corporate_action_before_cleaning,,,,
2023-11-01,R3Q0GG-R,-0.9899691939353943,0.9899691939353943,review,negative_threshold,needs_review,verify_vendor_or_corporate_action_before_cleaning,,,,
2024-10-23,VW1H7G-R,-0.9899675250053406,0.9899675250053406,review,negative_threshold,needs_review,verify_vendor_or_corporate_action_before_cleaning,,,,
2017-12-08,QR9H6P-R,-0.9899672865867615,0.9899672865867615,review,negative_threshold,needs_review,verify_vendor_or_corporate_action_before_cleaning,,,,
2025-10-09,X32NYV-R,-0.9899659156799316,0.9899659156799316,review,negative_threshold,needs_review,verify_vendor_or_corporate_action_before_cleaning,,,,
2024-11-12,K4MV84-R,-0.989963710308075,0.989963710308075,review,negative_threshold,needs_review,verify_vendor_or_corporate_action_before_cleaning,,,,
2025-06-03,X32NYV-R,-0.9899622201919556,0.9899622201919556,review,negative_threshold,needs_review,verify_vendor_or_corporate_action_before_cleaning,,,,
2025-05-27,VW1H7G-R,-0.989962100982666,0.989962100982666,review,negative_threshold,needs_review,verify_vendor_or_corporate_action_before_cleaning,,,,
2025-07-08,H6ZV58-R,-0.9899610877037048,0.9899610877037048,review,negative_threshold,needs_review,verify_vendor_or_corporate_action_before_cleaning,,,,
2025-08-21,K80C6V-R,-0.9899599552154541,0.9899599552154541,review,negative_threshold,needs_review,verify_vendor_or_corporate_action_before_cleaning,,,,
2025-08-21,P52239-R,-0.9899599552154541,0.9899599552154541,review,negative_threshold,needs_review,verify_vendor_or_corporate_action_before_cleaning,,,,
2024-12-30,JBLXCY-R,-0.9899595975875854,0.9899595975875854,review,negative_threshold,needs_review,verify_vendor_or_corporate_action_before_cleaning,,,,
2025-02-19,H6ZV58-R,-0.9899587035179138,0.9899587035179138,review,negative_threshold,needs_review,verify_vendor_or_corporate_action_before_cleaning,,,,
2025-10-21,P52239-R,-0.989957332611084,0.989957332611084,review,negative_threshold,needs_review,verify_vendor_or_corporate_action_before_cleaning,,,,
2024-10-04,X32NYV-R,-0.989955723285675,0.989955723285675,review,negative_threshold,needs_review,verify_vendor_or_corporate_action_before_cleaning,,,,
2025-09-24,K80C6V-R,-0.9899553060531616,0.9899553060531616,review,negative_threshold,needs_review,verify_vendor_or_corporate_action_before_cleaning,,,,
2025-10-07,X32NYV-R,-0.9899550080299377,0.9899550080299377,review,negative_threshold,needs_review,verify_vendor_or_corporate_action_before_cleaning,,,,
2025-08-11,J6L6Y9-R,-0.989949107170105,0.989949107170105,review,negative_threshold,needs_review,verify_vendor_or_corporate_action_before_cleaning,,,,
2016-10-04,QR9H6P-R,-0.989946186542511,0.989946186542511,review,negative_threshold,needs_review,verify_vendor_or_corporate_action_before_cleaning,,,,
2025-05-22,K80C6V-R,-0.989944577217102,0.989944577217102,review,negative_threshold,needs_review,verify_vendor_or_corporate_action_before_cleaning,,,,
2025-06-17,H6ZV58-R,-0.9899436235427856,0.9899436235427856,review,negative_threshold,needs_review,verify_vendor_or_corporate_action_before_cleaning,,,,
2025-06-17,X32NYV-R,-0.9899436235427856,0.9899436235427856,review,negative_threshold,needs_review,verify_vendor_or_corporate_action_before_cleaning,,,,
2025-09-25,VW1H7G-R,-0.9899426102638245,0.9899426102638245,review,negative_threshold,needs_review,verify_vendor_or_corporate_action_before_cleaning,,,,
2025-05-08,LG0DHY-R,-0.9899201989173889,0.9899201989173889,review,negative_threshold,needs_review,verify_vendor_or_corporate_action_before_cleaning,,,,
2025-10-30,XNQCR0-R,-0.9899135828018188,0.9899135828018188,review,negative_threshold,needs_review,verify_vendor_or_corporate_action_before_cleaning,,,,
2024-12-02,T7HRLL-R,-0.989911675453186,0.989911675453186,review,negative_threshold,needs_review,verify_vendor_or_corporate_action_before_cleaning,,,,
2024-12-02,XG29QM-R,-0.989911675453186,0.989911675453186,review,negative_threshold,needs_review,verify_vendor_or_corporate_action_before_cleaning,,,,
2024-11-22,T7HRLL-R,-0.9899029731750488,0.9899029731750488,review,negative_threshold,needs_review,verify_vendor_or_corporate_action_before_cleaning,,,,
2016-03-29,V07BHX-R,-0.9879518151283264,0.9879518151283264,review,negative_threshold,needs_review,verify_vendor_or_corporate_action_before_cleaning,,,,
2025-06-26,VDT2VP-R,-0.987592875957489,0.987592875957489,review,negative_threshold,needs_review,verify_vendor_or_corporate_action_before_cleaning,,,,
2025-06-16,VDT2VP-R,-0.987552285194397,0.987552285194397,review,negative_threshold,needs_review,verify_vendor_or_corporate_action_before_cleaning,,,,
2025-04-23,X32NYV-R,-0.9870911240577698,0.9870911240577698,review,negative_threshold,needs_review,verify_vendor_or_corporate_action_before_cleaning,,,,
2021-11-09,GGKD94-R,-0.986661434173584,0.986661434173584,review,negative_threshold,needs_review,verify_vendor_or_corporate_action_before_cleaning,,,,
2025-07-25,T7HRLL-R,-0.9866257309913635,0.9866257309913635,review,negative_threshold,needs_review,verify_vendor_or_corporate_action_before_cleaning,,,,
2023-01-24,KM6JR1-R,-0.9863420128822327,0.9863420128822327,review,negative_threshold,needs_review,verify_vendor_or_corporate_action_before_cleaning,,,,
2022-03-02,BK1WVH-R,-0.9856518507003784,0.9856518507003784,review,negative_threshold,needs_review,verify_vendor_or_corporate_action_before_cleaning,,,,
2024-10-16,WL4MZG-R,-0.9854230880737305,0.9854230880737305,review,negative_threshold,needs_review,verify_vendor_or_corporate_action_before_cleaning,,,,
2024-12-06,C1ZH3L-R,-0.98537677526474,0.98537677526474,review,negative_threshold,needs_review,verify_vendor_or_corporate_action_before_cleaning,,,,
2024-03-05,K8YRNT-R,-0.9837620258331299,0.9837620258331299,review,negative_threshold,needs_review,verify_vendor_or_corporate_action_before_cleaning,,,,
2021-06-07,T7HRLL-R,-0.9833654761314392,0.9833654761314392,review,negative_threshold,needs_review,verify_vendor_or_corporate_action_before_cleaning,,,,
2022-11-07,KM6JR1-R,-0.9833582043647766,0.9833582043647766,review,negative_threshold,needs_review,verify_vendor_or_corporate_action_before_cleaning,,,,
2025-10-31,STMHH8-R,-0.9833015203475952,0.9833015203475952,review,negative_threshold,needs_review,verify_vendor_or_corporate_action_before_cleaning,,,,
2024-10-04,K4MV84-R,-0.9832596778869629,0.9832596778869629,review,negative_threshold,needs_review,verify_vendor_or_corporate_action_before_cleaning,,,,
2015-11-19,WDK2F1-R,-0.9819697737693787,0.9819697737693787,review,negative_threshold,needs_review,verify_vendor_or_corporate_action_before_cleaning,,,,
2023-07-07,FXNJ4H-R,-0.9819543361663818,0.9819543361663818,review,negative_threshold,needs_review,verify_vendor_or_corporate_action_before_cleaning,,,,
2009-02-26,WQRDQX-R,-0.9818273186683655,0.9818273186683655,review,negative_threshold,needs_review,verify_vendor_or_corporate_action_before_cleaning,,,,
2025-01-15,J6L6Y9-R,-0.9810088872909546,0.9810088872909546,review,negative_threshold,needs_review,verify_vendor_or_corporate_action_before_cleaning,,,,
2025-04-11,X32NYV-R,-0.9802786707878113,0.9802786707878113,review,negative_threshold,needs_review,verify_vendor_or_corporate_action_before_cleaning,,,,
2018-09-13,BBD288-R,-0.9800848364830017,0.9800848364830017,review,negative_threshold,needs_review,verify_vendor_or_corporate_action_before_cleaning,,,,
2025-09-23,VW1H7G-R,-0.9800407290458679,0.9800407290458679,review,negative_threshold,needs_review,verify_vendor_or_corporate_action_before_cleaning,,,,
2025-02-24,X32NYV-R,-0.9800267815589905,0.9800267815589905,review,negative_threshold,needs_review,verify_vendor_or_corporate_action_before_cleaning,,,,
2019-03-18,BBD288-R,-0.98002028465271,0.98002028465271,review,negative_threshold,needs_review,verify_vendor_or_corporate_action_before_cleaning,,,,
2024-08-16,T7HRLL-R,-0.9800127148628235,0.9800127148628235,review,negative_threshold,needs_review,verify_vendor_or_corporate_action_before_cleaning,,,,
2016-02-26,V07BHX-R,-0.9800000190734863,0.9800000190734863,review,negative_threshold,needs_review,verify_vendor_or_corporate_action_before_cleaning,,,,
2025-11-12,T4332F-R,-0.98,0.98,review,negative_threshold,needs_review,verify_vendor_or_corporate_action_before_cleaning,,,,
2018-10-03,BBD288-R,-0.9799696207046509,0.9799696207046509,review,negative_threshold,needs_review,verify_vendor_or_corporate_action_before_cleaning,,,,
2025-01-27,J6L6Y9-R,-0.9799637794494629,0.9799637794494629,review,negative_threshold,needs_review,verify_vendor_or_corporate_action_before_cleaning,,,,
2025-02-10,X32NYV-R,-0.9799438118934631,0.9799438118934631,review,negative_threshold,needs_review,verify_vendor_or_corporate_action_before_cleaning,,,,
2024-11-12,X32NYV-R,-0.9799274206161499,0.9799274206161499,review,negative_threshold,needs_review,verify_vendor_or_corporate_action_before_cleaning,,,,
2024-11-15,X32NYV-R,-0.9799221754074097,0.9799221754074097,review,negative_threshold,needs_review,verify_vendor_or_corporate_action_before_cleaning,,,,
2025-09-29,VW1H7G-R,-0.9796580076217651,0.9796580076217651,review,negative_threshold,needs_review,verify_vendor_or_corporate_action_before_cleaning,,,,
2016-11-02,WDK2F1-R,-0.9793062806129456,0.9793062806129456,review,negative_threshold,needs_review,verify_vendor_or_corporate_action_before_cleaning,,,,
2016-12-05,WDK2F1-R,-0.9792919754981995,0.9792919754981995,review,negative_threshold,needs_review,verify_vendor_or_corporate_action_before_cleaning,,,,
2016-10-28,WDK2F1-R,-0.9791867136955261,0.9791867136955261,review,negative_threshold,needs_review,verify_vendor_or_corporate_action_before_cleaning,,,,
2016-11-15,WDK2F1-R,-0.9791772961616516,0.9791772961616516,review,negative_threshold,needs_review,verify_vendor_or_corporate_action_before_cleaning,,,,
2016-11-23,WDK2F1-R,-0.9790520071983337,0.9790520071983337,review,negative_threshold,needs_review,verify_vendor_or_corporate_action_before_cleaning,,,,
2023-01-10,R3Q0GG-R,-0.978313684463501,0.978313684463501,review,negative_threshold,needs_review,verify_vendor_or_corporate_action_before_cleaning,,,,
2024-03-11,K8YRNT-R,-0.9782689213752747,0.9782689213752747,review,negative_threshold,needs_review,verify_vendor_or_corporate_action_before_cleaning,,,,
2024-07-17,XG29QM-R,-0.9778844714164734,0.9778844714164734,review,negative_threshold,needs_review,verify_vendor_or_corporate_action_before_cleaning,,,,
2025-09-23,T4332F-R,-0.9778229594230652,0.9778229594230652,review,negative_threshold,needs_review,verify_vendor_or_corporate_action_before_cleaning,,,,
2025-02-03,T7HRLL-R,-0.9776033163070679,0.9776033163070679,review,negative_threshold,needs_review,verify_vendor_or_corporate_action_before_cleaning,,,,
2016-08-16,WDK2F1-R,-0.9768732786178589,0.9768732786178589,review,negative_threshold,needs_review,verify_vendor_or_corporate_action_before_cleaning,,,,
2025-09-12,X32NYV-R,-0.9767422080039978,0.9767422080039978,review,negative_threshold,needs_review,verify_vendor_or_corporate_action_before_cleaning,,,,
2025-10-13,BXRJR2-R,-0.9757117629051208,0.9757117629051208,review,negative_threshold,needs_review,verify_vendor_or_corporate_action_before_cleaning,,,,
2022-03-02,C2GDPQ-R,-0.974976658821106,0.974976658821106,review,negative_threshold,needs_review,verify_vendor_or_corporate_action_before_cleaning,,,,
2024-08-22,VW1H7G-R,-0.9749752879142761,0.9749752879142761,review,negative_threshold,needs_review,verify_vendor_or_corporate_action_before_cleaning,,,,
2019-05-16,GKYKWV-R,-0.9749385118484497,0.9749385118484497,review,negative_threshold,needs_review,verify_vendor_or_corporate_action_before_cleaning,,,,
2024-04-05,L93LBV-R,-0.9748843908309937,0.9748843908309937,review,negative_threshold,needs_review,verify_vendor_or_corporate_action_before_cleaning,,,,
2025-10-01,VW1H7G-R,-0.9743481278419495,0.9743481278419495,review,negative_threshold,needs_review,verify_vendor_or_corporate_action_before_cleaning,,,,
2024-07-19,XG29QM-R,-0.9743000864982605,0.9743000864982605,review,negative_threshold,needs_review,verify_vendor_or_corporate_action_before_cleaning,,,,
2024-11-27,HWYM1P-R,-0.9740583896636963,0.9740583896636963,review,negative_threshold,needs_review,verify_vendor_or_corporate_action_before_cleaning,,,,
2024-09-12,T7HRLL-R,-0.9734057784080505,0.9734057784080505,review,negative_threshold,needs_review,verify_vendor_or_corporate_action_before_cleaning,,,,
2012-02-29,L6G06Q-R,-0.9724903702735901,0.9724903702735901,review,negative_threshold,needs_review,verify_vendor_or_corporate_action_before_cleaning,,,,
2024-10-24,X32NYV-R,-0.9714881181716919,0.9714881181716919,review,negative_threshold,needs_review,verify_vendor_or_corporate_action_before_cleaning,,,,
2024-11-08,MBLWWK-R,-0.9712611436843872,0.9712611436843872,review,negative_threshold,needs_review,verify_vendor_or_corporate_action_before_cleaning,,,,
2017-03-28,WDK2F1-R,-0.9703971147537231,0.9703971147537231,review,negative_threshold,needs_review,verify_vendor_or_corporate_action_before_cleaning,,,,
2016-03-16,WDK2F1-R,-0.9703432321548462,0.9703432321548462,review,negative_threshold,needs_review,verify_vendor_or_corporate_action_before_cleaning,,,,
2025-10-14,PXN7MH-R,-0.9700866937637329,0.9700866937637329,review,negative_threshold,needs_review,verify_vendor_or_corporate_action_before_cleaning,,,,
2025-09-23,XN4WDM-R,-0.9700610041618347,0.9700610041618347,review,negative_threshold,needs_review,verify_vendor_or_corporate_action_before_cleaning,,,,
2023-12-28,R3Q0GG-R,-0.9700013995170593,0.9700013995170593,review,negative_threshold,needs_review,verify_vendor_or_corporate_action_before_cleaning,,,,
2025-10-06,PRCZJK-R,-0.9699385762214661,0.9699385762214661,review,negative_threshold,needs_review,verify_vendor_or_corporate_action_before_cleaning,,,,
2025-07-31,PRCZJK-R,-0.9699096083641052,0.9699096083641052,review,negative_threshold,needs_review,verify_vendor_or_corporate_action_before_cleaning,,,,
2024-01-29,T7HRLL-R,-0.9695174098014832,0.9695174098014832,review,negative_threshold,needs_review,verify_vendor_or_corporate_action_before_cleaning,,,,
2025-10-17,CB1HZ7-R,-0.9694408178329468,0.9694408178329468,review,negative_threshold,needs_review,verify_vendor_or_corporate_action_before_cleaning,,,,
2020-10-06,GM3PSR-R,-0.9690883159637451,0.9690883159637451,review,negative_threshold,needs_review,verify_vendor_or_corporate_action_before_cleaning,,,,
2025-06-23,P52239-R,-0.9677852988243103,0.9677852988243103,review,negative_threshold,needs_review,verify_vendor_or_corporate_action_before_cleaning,,,,
2025-04-03,T4332F-R,-0.9674522280693054,0.9674522280693054,review,negative_threshold,needs_review,verify_vendor_or_corporate_action_before_cleaning,,,,
2016-04-29,WDK2F1-R,-0.967251718044281,0.967251718044281,review,negative_threshold,needs_review,verify_vendor_or_corporate_action_before_cleaning,,,,
2018-11-21,BBD288-R,-0.9666154384613037,0.9666154384613037,review,negative_threshold,needs_review,verify_vendor_or_corporate_action_before_cleaning,,,,
2018-01-26,GKYKWV-R,-0.9664803147315979,0.9664803147315979,review,negative_threshold,needs_review,verify_vendor_or_corporate_action_before_cleaning,,,,
2015-10-27,WDK2F1-R,-0.9661062955856323,0.9661062955856323,review,negative_threshold,needs_review,verify_vendor_or_corporate_action_before_cleaning,,,,
2025-01-01,HWYM1P-R,-0.9653379917144775,0.9653379917144775,review,negative_threshold,needs_review,verify_vendor_or_corporate_action_before_cleaning,,,,
2024-12-31,HWYM1P-R,-0.9653379917144775,0.9653379917144775,review,negative_threshold,needs_review,verify_vendor_or_corporate_action_before_cleaning,,,,
2016-04-01,WDK2F1-R,-0.9651635885238647,0.9651635885238647,review,negative_threshold,needs_review,verify_vendor_or_corporate_action_before_cleaning,,,,
2025-01-10,HWYM1P-R,-0.9644941091537476,0.9644941091537476,review,negative_threshold,needs_review,verify_vendor_or_corporate_action_before_cleaning,,,,
2025-11-07,QBCTL6-R,-0.9643876,0.9643876,review,negative_threshold,needs_review,verify_vendor_or_corporate_action_before_cleaning,,,,
2025-01-15,W0KPN1-R,-0.9643238186836243,0.9643238186836243,review,negative_threshold,needs_review,verify_vendor_or_corporate_action_before_cleaning,,,,
2008-09-22,XQDZQ0-R,-0.9631908535957336,0.9631908535957336,review,negative_threshold,needs_review,verify_vendor_or_corporate_action_before_cleaning,,,,
2025-11-12,CB1HZ7-R,-0.96296295,0.96296295,review,negative_threshold,needs_review,verify_vendor_or_corporate_action_before_cleaning,,,,
2023-07-25,J82VHP-R,-0.9623624682426453,0.9623624682426453,review,negative_threshold,needs_review,verify_vendor_or_corporate_action_before_cleaning,,,,
2024-07-02,R3Q0GG-R,-0.9615867733955383,0.9615867733955383,review,negative_threshold,needs_review,verify_vendor_or_corporate_action_before_cleaning,,,,
2016-02-19,WDK2F1-R,-0.9608089923858643,0.9608089923858643,review,negative_threshold,needs_review,verify_vendor_or_corporate_action_before_cleaning,,,,
2025-03-11,MBLWWK-R,-0.9606850147247314,0.9606850147247314,review,negative_threshold,needs_review,verify_vendor_or_corporate_action_before_cleaning,,,,
2016-02-12,WDK2F1-R,-0.9604372978210449,0.9604372978210449,review,negative_threshold,needs_review,verify_vendor_or_corporate_action_before_cleaning,,,,
2025-02-05,JXR980-R,-0.9601573944091797,0.9601573944091797,review,negative_threshold,needs_review,verify_vendor_or_corporate_action_before_cleaning,,,,
2025-01-22,J6L6Y9-R,-0.9600728750228882,0.9600728750228882,review,negative_threshold,needs_review,verify_vendor_or_corporate_action_before_cleaning,,,,
2025-06-09,VDT2VP-R,-0.9600683450698853,0.9600683450698853,review,negative_threshold,needs_review,verify_vendor_or_corporate_action_before_cleaning,,,,
2025-03-25,X32NYV-R,-0.9600241184234619,0.9600241184234619,review,negative_threshold,needs_review,verify_vendor_or_corporate_action_before_cleaning,,,,
2023-07-25,HWYM1P-R,-0.9598714113235474,0.9598714113235474,review,negative_threshold,needs_review,verify_vendor_or_corporate_action_before_cleaning,,,,
2025-01-31,X32NYV-R,-0.9598614573478699,0.9598614573478699,review,negative_threshold,needs_review,verify_vendor_or_corporate_action_before_cleaning,,,,
2022-03-02,WQS43L-R,-0.9596953392028809,0.9596953392028809,review,negative_threshold,needs_review,verify_vendor_or_corporate_action_before_cleaning,,,,
2016-12-29,WDK2F1-R,-0.9595553278923035,0.9595553278923035,review,negative_threshold,needs_review,verify_vendor_or_corporate_action_before_cleaning,,,,
2016-12-12,WDK2F1-R,-0.9594588279724121,0.9594588279724121,review,negative_threshold,needs_review,verify_vendor_or_corporate_action_before_cleaning,,,,
2016-12-22,WDK2F1-R,-0.9592754244804382,0.9592754244804382,review,negative_threshold,needs_review,verify_vendor_or_corporate_action_before_cleaning,,,,
2016-12-14,WDK2F1-R,-0.9592296481132507,0.9592296481132507,review,negative_threshold,needs_review,verify_vendor_or_corporate_action_before_cleaning,,,,
2025-08-06,NM4FN2-R,-0.9591878652572632,0.9591878652572632,review,negative_threshold,needs_review,verify_vendor_or_corporate_action_before_cleaning,,,,
2017-01-18,WDK2F1-R,-0.9591836333274841,0.9591836333274841,review,negative_threshold,needs_review,verify_vendor_or_corporate_action_before_cleaning,,,,
2016-12-16,WDK2F1-R,-0.9591621160507202,0.9591621160507202,review,negative_threshold,needs_review,verify_vendor_or_corporate_action_before_cleaning,,,,
2016-09-23,WDK2F1-R,-0.9591054320335388,0.9591054320335388,review,negative_threshold,needs_review,verify_vendor_or_corporate_action_before_cleaning,,,,
2017-01-06,WDK2F1-R,-0.9590948820114136,0.9590948820114136,review,negative_threshold,needs_review,verify_vendor_or_corporate_action_before_cleaning,,,,
2017-01-03,WDK2F1-R,-0.958540678024292,0.958540678024292,review,negative_threshold,needs_review,verify_vendor_or_corporate_action_before_cleaning,,,,
2021-11-30,GGKD94-R,-0.9579533338546753,0.9579533338546753,review,negative_threshold,needs_review,verify_vendor_or_corporate_action_before_cleaning,,,,
2017-06-07,NCDJQK-R,-0.957547128200531,0.957547128200531,review,negative_threshold,needs_review,verify_vendor_or_corporate_action_before_cleaning,,,,
2014-12-17,RBHW3V-R,-0.9566556811332703,0.9566556811332703,review,negative_threshold,needs_review,verify_vendor_or_corporate_action_before_cleaning,,,,
2017-02-08,WDK2F1-R,-0.9566009640693665,0.9566009640693665,review,negative_threshold,needs_review,verify_vendor_or_corporate_action_before_cleaning,,,,
2024-07-01,L93LBV-R,-0.9556052684783936,0.9556052684783936,review,negative_threshold,needs_review,verify_vendor_or_corporate_action_before_cleaning,,,,
2025-01-22,M6PR23-R,-0.9546284079551697,0.9546284079551697,review,negative_threshold,needs_review,verify_vendor_or_corporate_action_before_cleaning,,,,
2025-10-06,VW1H7G-R,-0.954452395439148,0.954452395439148,review,negative_threshold,needs_review,verify_vendor_or_corporate_action_before_cleaning,,,,
2026-03-05,LF5C6W-R,-0.9543197751045227,0.9543197751045227,review,negative_threshold,needs_review,verify_vendor_or_corporate_action_before_cleaning,,,,
2025-08-22,PRCZJK-R,-0.950433075428009,0.950433075428009,review,negative_threshold,needs_review,verify_vendor_or_corporate_action_before_cleaning,,,,
2025-03-07,T7HRLL-R,-0.9502391815185547,0.9502391815185547,review,negative_threshold,needs_review,verify_vendor_or_corporate_action_before_cleaning,,,,
2025-08-15,PRCZJK-R,-0.9502177238464355,0.9502177238464355,review,negative_threshold,needs_review,verify_vendor_or_corporate_action_before_cleaning,,,,
2024-12-06,HWYM1P-R,-0.950151801109314,0.950151801109314,review,negative_threshold,needs_review,verify_vendor_or_corporate_action_before_cleaning,,,,
2025-10-14,J6L6Y9-R,-0.9501445293426514,0.9501445293426514,review,negative_threshold,needs_review,verify_vendor_or_corporate_action_before_cleaning,,,,
2015-11-24,WDK2F1-R,-0.9501034021377563,0.9501034021377563,review,negative_threshold,needs_review,verify_vendor_or_corporate_action_before_cleaning,,,,
2025-11-28,T7HRLL-R,-0.9500474,0.9500474,review,negative_threshold,needs_review,verify_vendor_or_corporate_action_before_cleaning,,,,
2024-03-05,T7HRLL-R,-0.9500368237495422,0.9500368237495422,review,negative_threshold,needs_review,verify_vendor_or_corporate_action_before_cleaning,,,,
2019-03-08,BBD288-R,-0.9500133395195007,0.9500133395195007,review,negative_threshold,needs_review,verify_vendor_or_corporate_action_before_cleaning,,,,
