market,version,result_type,source_file,benchmark,metric,side,status,message,start_date,run_dir,label,family,role,direction,coverage,non_null_rows,first_date,last_date,avg_names_per_month,note,days,avg_holdings,avg_turnover,valid,cagr,vol,sharpe,max_drawdown,ratio_return,ratio_cagr,ratio_max_drawdown,tracking_error,information_ratio,rolling_3y_min_ratio_cagr,annual_active_hit_rate,perf_ptf,perf_bench,top_worst_ratio_return,top_worst_ratio_max_drawdown,worst_ratio_return,robust_score,themes,omitted,omitted_label,loo_kind,full_metric,full_robust_score,full_ratio_cagr,contribution_robust_score,contribution_ratio_cagr,pair_metric,pair_label,metric_a,metric_b,label_a,label_b,theme_a,theme_b,pair_ratio_cagr,best_single_ratio_cagr,pair_minus_best_ratio_cagr,pair_top_worst_ratio_return,best_single_top_worst_ratio_return,pair_minus_best_top_worst_ratio_return,pair_ratio_max_drawdown,pair_tracking_error,pair_robust_score,best_single_robust_score,pair_minus_best_robust_score,relationship,economic_explanation,raw_variable,source_hint,top_ratio_cagr,top_success,worst_success,pass_coverage,pass_ratio_cagr,pass_top_worst_ratio_return,pass_robust_score,passed,fail_reasons
nasdaq,old,family_subset_results,C:\GoogleDrive\TP\07_backtest_code\runs\ad_hoc\nasdaq_extended_factor_research_20260709\family_subset_results.csv,NASDAQ COMP,nasdaq_ext_subset_quality_improvement_earnings_yield_improvement,Top,success,Run termine avec succes,2014-03-31,C:\GoogleDrive\TP\07_backtest_code\runs\ad_hoc\nasx_e_20260709_synergy_s01\official_runs\2026-07-10_000347_research_NASDAQ-COMP_nasdaq_ext_subset_quality_improvement_earnings_yield_improvement_Top_2014-03-31,quality_improvement + earnings_yield_improvement,family_subset,family_subset,,0.8859781167853692,39434.0,2014-03-31,2026-06-30,469.45238095238096,"validated theme subset: quality_improvement, earnings_yield_improvement",3142.0,70.47972972972973,0.2761525341349071,True,0.2623784428783,0.2924391857906029,0.8972068574495775,-0.3810528831054115,0.5662517285528601,0.0373090752121767,-0.4213796756684514,0.1645660518233476,0.3239178303757569,-0.1107600130538151,0.5833333333333334,C:\GoogleDrive\TP\07_backtest_code\runs\ad_hoc\nasx_e_20260709_synergy_s01\official_runs\2026-07-10_000347_research_NASDAQ-COMP_nasdaq_ext_subset_quality_improvement_earnings_yield_improvement_Top_2014-03-31\perf_ptf.parquet,C:\GoogleDrive\TP\07_backtest_code\runs\ad_hoc\nasx_e_20260709_synergy_s01\official_runs\2026-07-10_000347_research_NASDAQ-COMP_nasdaq_ext_subset_quality_improvement_earnings_yield_improvement_Top_2014-03-31\perf_bench.parquet,2.9027495484308896,-0.2875282871836444,-0.5986799283129568,0.8995410865542395,"quality_improvement,earnings_yield_improvement",,,,,,,,,,,,,,,,,,,,,,,,,,,,,,,,,,,,,,,,
nasdaq,old,family_subset_results,C:\GoogleDrive\TP\07_backtest_code\runs\ad_hoc\nasdaq_extended_factor_research_20260709\family_subset_results.csv,NASDAQ COMP,nasdaq_ext_subset_revision_quality_improvement_earnings_yield_improvement,Top,success,Run termine avec succes,2014-03-31,C:\GoogleDrive\TP\07_backtest_code\runs\ad_hoc\nasx_e_20260709_synergy_s02\official_runs\2026-07-10_000346_research_NASDAQ-COMP_nasdaq_ext_subset_revision_quality_improvement_earnings_yield_improvement_Top_2014-03-31,revision + quality_improvement + earnings_yield_improvement,family_subset,family_subset,,0.8615336224134444,38346.0,2014-03-31,2026-06-30,456.5,"validated theme subset: revision, quality_improvement, earnings_yield_improvement",3142.0,70.47972972972973,0.2282913124938785,True,0.2521678409329579,0.2744201688539752,0.9189114706329834,-0.4084058033476716,0.4179422323430193,0.0289189208008475,-0.3758664648348194,0.1192371903508686,0.3395634187606632,-0.0985426171384562,0.5833333333333334,C:\GoogleDrive\TP\07_backtest_code\runs\ad_hoc\nasx_e_20260709_synergy_s02\official_runs\2026-07-10_000346_research_NASDAQ-COMP_nasdaq_ext_subset_revision_quality_improvement_earnings_yield_improvement_Top_2014-03-31\perf_ptf.parquet,C:\GoogleDrive\TP\07_backtest_code\runs\ad_hoc\nasx_e_20260709_synergy_s02\official_runs\2026-07-10_000346_research_NASDAQ-COMP_nasdaq_ext_subset_revision_quality_improvement_earnings_yield_improvement_Top_2014-03-31\perf_bench.parquet,2.8377784630555425,-0.2440855667402224,-0.6305304628725001,0.8673187267118267,"revision,quality_improvement,earnings_yield_improvement",,,,,,,,,,,,,,,,,,,,,,,,,,,,,,,,,,,,,,,,
nasdaq,old,family_subset_results,C:\GoogleDrive\TP\07_backtest_code\runs\ad_hoc\nasdaq_extended_factor_research_20260709\family_subset_results.csv,NASDAQ COMP,nasdaq_ext_subset_revision_quality_improvement,Top,success,Run termine avec succes,2014-01-31,C:\GoogleDrive\TP\07_backtest_code\runs\ad_hoc\nasx_e_20260709_synergy_s03\official_runs\2026-07-10_000017_research_NASDAQ-COMP_nasdaq_ext_subset_revision_quality_improvement_Top_2014-01-31,revision + quality_improvement,family_subset,family_subset,,0.9221281089217912,41043.0,2014-01-31,2026-06-30,488.6071428571428,"validated theme subset: revision, quality_improvement",3184.0,69.78,0.2320305467395979,True,0.2453590930529532,0.2645429601803139,0.9274829800260612,-0.3763879397495485,0.3079276362264362,0.021870581269904,-0.4114894444031216,0.1250113998153022,0.25011601289297,-0.1437954221803203,0.6666666666666666,C:\GoogleDrive\TP\07_backtest_code\runs\ad_hoc\nasx_e_20260709_synergy_s03\official_runs\2026-07-10_000017_research_NASDAQ-COMP_nasdaq_ext_subset_revision_quality_improvement_Top_2014-01-31\perf_ptf.parquet,C:\GoogleDrive\TP\07_backtest_code\runs\ad_hoc\nasx_e_20260709_synergy_s03\official_runs\2026-07-10_000017_research_NASDAQ-COMP_nasdaq_ext_subset_revision_quality_improvement_Top_2014-01-31\perf_bench.parquet,3.2826336421358078,-0.3604504720393099,-0.6945973563187733,0.8574587464924741,"revision,quality_improvement",,,,,,,,,,,,,,,,,,,,,,,,,,,,,,,,,,,,,,,,
nasdaq,old,family_subset_results,C:\GoogleDrive\TP\07_backtest_code\runs\ad_hoc\nasdaq_extended_factor_research_20260709\family_subset_results.csv,NASDAQ COMP,nasdaq_ext_subset_revision_earnings_yield_improvement,Top,success,Run termine avec succes,2014-03-31,C:\GoogleDrive\TP\07_backtest_code\runs\ad_hoc\nasx_e_20260709_synergy_s00\official_runs\2026-07-10_000251_research_NASDAQ-COMP_nasdaq_ext_subset_revision_earnings_yield_improvement_Top_2014-03-31,revision + earnings_yield_improvement,family_subset,family_subset,,0.8638028263946618,38447.0,2014-03-31,2026-06-30,457.70238095238096,"validated theme subset: revision, earnings_yield_improvement",3142.0,70.47972972972973,0.2325960787559216,True,0.2366265725216478,0.2743157387257671,0.8626066211906382,-0.431308752357139,0.2168009187850239,0.0161485040891971,-0.3928088456788682,0.1210139282741554,0.2329027052509909,-0.1036447529101963,0.5833333333333334,C:\GoogleDrive\TP\07_backtest_code\runs\ad_hoc\nasx_e_20260709_synergy_s00\official_runs\2026-07-10_000251_research_NASDAQ-COMP_nasdaq_ext_subset_revision_earnings_yield_improvement_Top_2014-03-31\perf_ptf.parquet,C:\GoogleDrive\TP\07_backtest_code\runs\ad_hoc\nasx_e_20260709_synergy_s00\official_runs\2026-07-10_000251_research_NASDAQ-COMP_nasdaq_ext_subset_revision_earnings_yield_improvement_Top_2014-03-31\perf_bench.parquet,1.4113922052661063,-0.306576506463987,-0.4953948527627652,-0.087779351124011,"revision,earnings_yield_improvement",,,,,,,,,,,,,,,,,,,,,,,,,,,,,,,,,,,,,,,,
nasdaq,old,leave_one_out_results,C:\GoogleDrive\TP\07_backtest_code\runs\ad_hoc\nasdaq_extended_factor_research_20260709\leave_one_out_results.csv,NASDAQ COMP,nasdaq_ext_theme_loo_ex_quality_improvement,Top,success,Run termine avec succes,2014-03-31,C:\GoogleDrive\TP\07_backtest_code\runs\ad_hoc\nasx_e_20260709_synergy_s01\official_runs\2026-07-10_000542_research_NASDAQ-COMP_nasdaq_ext_theme_loo_ex_quality_improvement_Top_2014-03-31,leave one theme out: ex quality_improvement,leave_one_out,leave_one_out,,0.8638028263946618,38447.0,2014-03-31,2026-06-30,457.70238095238096,exclude theme quality_improvement,3142.0,70.47972972972973,0.2325960787559216,True,0.2366265725216478,0.2743157387257671,0.8626066211906382,-0.431308752357139,0.2168009187850239,0.0161485040891971,-0.3928088456788682,0.1210139282741554,0.2329027052509909,-0.1036447529101963,0.5833333333333334,C:\GoogleDrive\TP\07_backtest_code\runs\ad_hoc\nasx_e_20260709_synergy_s01\official_runs\2026-07-10_000542_research_NASDAQ-COMP_nasdaq_ext_theme_loo_ex_quality_improvement_Top_2014-03-31\perf_ptf.parquet,C:\GoogleDrive\TP\07_backtest_code\runs\ad_hoc\nasx_e_20260709_synergy_s01\official_runs\2026-07-10_000542_research_NASDAQ-COMP_nasdaq_ext_theme_loo_ex_quality_improvement_Top_2014-03-31\perf_bench.parquet,1.4113922052661063,-0.306576506463987,-0.4953948527627652,-0.087779351124011,,quality_improvement,,theme,nasdaq_ext_full_theme_composite,0.8673187267118267,0.0289189208008475,0.9550980778358378,0.0127704167116504,,,,,,,,,,,,,,,,,,,,,,,,,,,,,,,,
nasdaq,old,leave_one_out_results,C:\GoogleDrive\TP\07_backtest_code\runs\ad_hoc\nasdaq_extended_factor_research_20260709\leave_one_out_results.csv,NASDAQ COMP,nasdaq_ext_theme_loo_ex_earnings_yield_improvement,Top,success,Run termine avec succes,2014-01-31,C:\GoogleDrive\TP\07_backtest_code\runs\ad_hoc\nasx_e_20260709_synergy_s02\official_runs\2026-07-10_000542_research_NASDAQ-COMP_nasdaq_ext_theme_loo_ex_earnings_yield_improvement_Top_2014-01-31,leave one theme out: ex earnings_yield_improvement,leave_one_out,leave_one_out,,0.9221281089217912,41043.0,2014-01-31,2026-06-30,488.6071428571428,exclude theme earnings_yield_improvement,3184.0,69.78,0.2320305467395979,True,0.2453590930529532,0.2645429601803139,0.9274829800260612,-0.3763879397495485,0.3079276362264362,0.021870581269904,-0.4114894444031216,0.1250113998153022,0.25011601289297,-0.1437954221803203,0.6666666666666666,C:\GoogleDrive\TP\07_backtest_code\runs\ad_hoc\nasx_e_20260709_synergy_s02\official_runs\2026-07-10_000542_research_NASDAQ-COMP_nasdaq_ext_theme_loo_ex_earnings_yield_improvement_Top_2014-01-31\perf_ptf.parquet,C:\GoogleDrive\TP\07_backtest_code\runs\ad_hoc\nasx_e_20260709_synergy_s02\official_runs\2026-07-10_000542_research_NASDAQ-COMP_nasdaq_ext_theme_loo_ex_earnings_yield_improvement_Top_2014-01-31\perf_bench.parquet,3.2826336421358078,-0.3604504720393099,-0.6945973563187733,0.8574587464924741,,earnings_yield_improvement,,theme,nasdaq_ext_full_theme_composite,0.8673187267118267,0.0289189208008475,0.0098599802193526,0.0070483395309435,,,,,,,,,,,,,,,,,,,,,,,,,,,,,,,,
nasdaq,old,leave_one_out_results,C:\GoogleDrive\TP\07_backtest_code\runs\ad_hoc\nasdaq_extended_factor_research_20260709\leave_one_out_results.csv,NASDAQ COMP,nasdaq_ext_theme_loo_ex_revision,Top,success,Run termine avec succes,2014-03-31,C:\GoogleDrive\TP\07_backtest_code\runs\ad_hoc\nasx_e_20260709_synergy_s00\official_runs\2026-07-10_000443_research_NASDAQ-COMP_nasdaq_ext_theme_loo_ex_revision_Top_2014-03-31,leave one theme out: ex revision,leave_one_out,leave_one_out,,0.8859781167853692,39434.0,2014-03-31,2026-06-30,469.45238095238096,exclude theme revision,3142.0,70.47972972972973,0.2761525341349071,True,0.2623784428783,0.2924391857906029,0.8972068574495775,-0.3810528831054115,0.5662517285528601,0.0373090752121767,-0.4213796756684514,0.1645660518233476,0.3239178303757569,-0.1107600130538151,0.5833333333333334,C:\GoogleDrive\TP\07_backtest_code\runs\ad_hoc\nasx_e_20260709_synergy_s00\official_runs\2026-07-10_000443_research_NASDAQ-COMP_nasdaq_ext_theme_loo_ex_revision_Top_2014-03-31\perf_ptf.parquet,C:\GoogleDrive\TP\07_backtest_code\runs\ad_hoc\nasx_e_20260709_synergy_s00\official_runs\2026-07-10_000443_research_NASDAQ-COMP_nasdaq_ext_theme_loo_ex_revision_Top_2014-03-31\perf_bench.parquet,2.9027495484308896,-0.2875282871836444,-0.5986799283129568,0.8995410865542395,,revision,,theme,nasdaq_ext_full_theme_composite,0.8673187267118267,0.0289189208008475,-0.0322223598424127,-0.0083901544113291,,,,,,,,,,,,,,,,,,,,,,,,,,,,,,,,
nasdaq,old,leave_one_out_results,C:\GoogleDrive\TP\07_backtest_code\runs\ad_hoc\nasdaq_extended_factor_research_20260709\leave_one_out_results.csv,NASDAQ COMP,nasdaq_ext_var_loo_c3f26dfc8a,Top,success,Run termine avec succes,2014-01-31,C:\GoogleDrive\TP\07_backtest_code\runs\ad_hoc\nasx_0710_synergy_final_s00\official_runs\2026-07-10_001844_research_NASDAQ-COMP_nasdaq_ext_var_loo_c3f26dfc8a_Top_2014-01-31,leave one variable out: ex quality_improvement: Oper Margin score_delta lag3,leave_one_out,leave_one_out,,0.9395403176885574,41818.0,2014-01-31,2026-06-30,497.8333333333333,exclude variable nasdaq_relrank_quality_oper_margin_lag3_score,3184.0,69.78,0.2807163337481148,True,0.2483242584386948,0.2737505006729169,0.9071189197034496,-0.3561353235146771,0.3470968191599188,0.0243036267209644,-0.4669890924842712,0.1505372105028675,0.238321018205574,-0.1432127702519325,0.5833333333333334,C:\GoogleDrive\TP\07_backtest_code\runs\ad_hoc\nasx_0710_synergy_final_s00\official_runs\2026-07-10_001844_research_NASDAQ-COMP_nasdaq_ext_var_loo_c3f26dfc8a_Top_2014-01-31\perf_ptf.parquet,C:\GoogleDrive\TP\07_backtest_code\runs\ad_hoc\nasx_0710_synergy_final_s00\official_runs\2026-07-10_001844_research_NASDAQ-COMP_nasdaq_ext_var_loo_c3f26dfc8a_Top_2014-01-31\perf_bench.parquet,3.265389489755817,-0.3628911538169567,-0.6841796458693302,0.7520633983144848,,nasdaq_relrank_quality_oper_margin_lag3_score,quality_improvement: Oper Margin score_delta lag3,variable,nasdaq_ext_full_variable_composite,1.1957830415596007,0.0286431872163255,0.4437196432451159,0.0043395604953611,,,,,,,,,,,,,,,,,,,,,,,,,,,,,,,,
nasdaq,old,leave_one_out_results,C:\GoogleDrive\TP\07_backtest_code\runs\ad_hoc\nasdaq_extended_factor_research_20260709\leave_one_out_results.csv,NASDAQ COMP,nasdaq_ext_var_loo_a6f61fd8b0,Top,success,Run termine avec succes,2014-01-31,C:\GoogleDrive\TP\07_backtest_code\runs\ad_hoc\nasx_e_20260709_synergy_s02\official_runs\2026-07-10_000750_research_NASDAQ-COMP_nasdaq_ext_var_loo_a6f61fd8b0_Top_2014-01-31,leave one variable out: ex quality_improvement: Oper Margin directional_delta lag3,leave_one_out,leave_one_out,,0.9395403176885574,41818.0,2014-01-31,2026-06-30,497.8333333333333,exclude variable nasdaq_reldelta_quality_oper_margin_lag3_score,3184.0,69.78,0.2932870779049868,True,0.2537212208643422,0.2727825440854016,0.9301226429830064,-0.3559333832447907,0.4211696173878603,0.028732066005467,-0.4237221607358217,0.1508026625865304,0.2642213958000229,-0.1203942363928416,0.6666666666666666,C:\GoogleDrive\TP\07_backtest_code\runs\ad_hoc\nasx_e_20260709_synergy_s02\official_runs\2026-07-10_000750_research_NASDAQ-COMP_nasdaq_ext_var_loo_a6f61fd8b0_Top_2014-01-31\perf_ptf.parquet,C:\GoogleDrive\TP\07_backtest_code\runs\ad_hoc\nasx_e_20260709_synergy_s02\official_runs\2026-07-10_000750_research_NASDAQ-COMP_nasdaq_ext_var_loo_a6f61fd8b0_Top_2014-01-31\perf_bench.parquet,3.467237934915797,-0.326354910206563,-0.6818683853214889,1.0361473643947434,,nasdaq_reldelta_quality_oper_margin_lag3_score,quality_improvement: Oper Margin directional_delta lag3,variable,nasdaq_ext_full_variable_composite,1.1957830415596007,0.0286431872163255,0.1596356771648572,-8.887878914154435e-05,,,,,,,,,,,,,,,,,,,,,,,,,,,,,,,,
nasdaq,old,leave_one_out_results,C:\GoogleDrive\TP\07_backtest_code\runs\ad_hoc\nasdaq_extended_factor_research_20260709\leave_one_out_results.csv,NASDAQ COMP,nasdaq_ext_var_loo_cf2cfdefeb,Top,success,Run termine avec succes,2014-01-31,C:\GoogleDrive\TP\07_backtest_code\runs\ad_hoc\nasx_0710_synergy_final_s00\official_runs\2026-07-10_001718_research_NASDAQ-COMP_nasdaq_ext_var_loo_cf2cfdefeb_Top_2014-01-31,leave one variable out: ex quality_improvement: ROE avg FY0 score_delta lag3,leave_one_out,leave_one_out,,0.9389112314363388,41790.0,2014-01-31,2026-06-30,497.5,exclude variable nasdaq_relrank_quality_roe_avg_fy0_lag3_score,3184.0,69.78,0.2760578009378434,True,0.2625687027954084,0.276639186183587,0.9491377791328488,-0.3802197851216614,0.5507446515524803,0.0359918046255223,-0.4041227802786481,0.1575826639573746,0.3035164320225161,-0.1437541309885145,0.6666666666666666,C:\GoogleDrive\TP\07_backtest_code\runs\ad_hoc\nasx_0710_synergy_final_s00\official_runs\2026-07-10_001718_research_NASDAQ-COMP_nasdaq_ext_var_loo_cf2cfdefeb_Top_2014-01-31\perf_ptf.parquet,C:\GoogleDrive\TP\07_backtest_code\runs\ad_hoc\nasx_0710_synergy_final_s00\official_runs\2026-07-10_001718_research_NASDAQ-COMP_nasdaq_ext_var_loo_cf2cfdefeb_Top_2014-01-31\perf_bench.parquet,3.5555815241480184,-0.3447553425681199,-0.6595945779188971,1.218953058123304,,nasdaq_relrank_quality_roe_avg_fy0_lag3_score,quality_improvement: ROE avg FY0 score_delta lag3,variable,nasdaq_ext_full_variable_composite,1.1957830415596007,0.0286431872163255,-0.0231700165637032,-0.0073486174091967,,,,,,,,,,,,,,,,,,,,,,,,,,,,,,,,
nasdaq,old,leave_one_out_results,C:\GoogleDrive\TP\07_backtest_code\runs\ad_hoc\nasdaq_extended_factor_research_20260709\leave_one_out_results.csv,NASDAQ COMP,nasdaq_ext_var_loo_7014ee1938,Top,success,Run termine avec succes,2014-03-31,C:\GoogleDrive\TP\07_backtest_code\runs\ad_hoc\nasx_ynergy_last_metric_s00\official_runs\2026-07-10_002334_research_NASDAQ-COMP_nasdaq_ext_var_loo_7014ee1938_Top_2014-03-31,leave one variable out: ex momentum: EPS Revision Ratio,leave_one_out,leave_one_out,,0.8857534431238626,39424.0,2014-03-31,2026-06-30,469.3333333333333,exclude variable nasdaq_momentum_eps_revision_ratio_score,3142.0,70.47972972972973,0.2776138328467118,True,0.2628425280806581,0.2806579604435522,0.936522618725161,-0.3513678211902115,0.5733193565207195,0.0376904186950233,-0.4138469378697195,0.1622981199398329,0.3094663314324045,-0.1267639792223044,0.5833333333333334,C:\GoogleDrive\TP\07_backtest_code\runs\ad_hoc\nasx_ynergy_last_metric_s00\official_runs\2026-07-10_002334_research_NASDAQ-COMP_nasdaq_ext_var_loo_7014ee1938_Top_2014-03-31\perf_ptf.parquet,C:\GoogleDrive\TP\07_backtest_code\runs\ad_hoc\nasx_ynergy_last_metric_s00\official_runs\2026-07-10_002334_research_NASDAQ-COMP_nasdaq_ext_var_loo_7014ee1938_Top_2014-03-31\perf_bench.parquet,4.2213478098514505,-0.3183377719438671,-0.6986756267122758,1.5672372865448687,,nasdaq_momentum_eps_revision_ratio_score,momentum: EPS Revision Ratio,variable,nasdaq_ext_full_variable_composite,1.1957830415596007,0.0286431872163255,-0.371454244985268,-0.0090472314786977,,,,,,,,,,,,,,,,,,,,,,,,,,,,,,,,
nasdaq,old,leave_one_out_results,C:\GoogleDrive\TP\07_backtest_code\runs\ad_hoc\nasdaq_extended_factor_research_20260709\leave_one_out_results.csv,NASDAQ COMP,nasdaq_ext_var_loo_19c2bae323,Top,success,Run termine avec succes,2014-03-31,C:\GoogleDrive\TP\07_backtest_code\runs\ad_hoc\nasx_0710_synergy_final_s00\official_runs\2026-07-10_002014_research_NASDAQ-COMP_nasdaq_ext_var_loo_19c2bae323_Top_2014-03-31,leave one variable out: ex quality_improvement: ROE avg FY0 score_delta lag1,leave_one_out,leave_one_out,,0.8861803230807253,39443.0,2014-03-31,2026-06-30,469.5595238095238,exclude variable nasdaq_relrank_quality_roe_avg_fy0_lag1_score,3142.0,70.47972972972973,0.2328722959670316,True,0.2659982684405737,0.2770782456326895,0.960011378133222,-0.3870665754410529,0.6221607505450792,0.0402835223184423,-0.3921977644707348,0.1557549508897176,0.3326964813022085,-0.1426816198276758,0.6666666666666666,C:\GoogleDrive\TP\07_backtest_code\runs\ad_hoc\nasx_0710_synergy_final_s00\official_runs\2026-07-10_002014_research_NASDAQ-COMP_nasdaq_ext_var_loo_19c2bae323_Top_2014-03-31\perf_ptf.parquet,C:\GoogleDrive\TP\07_backtest_code\runs\ad_hoc\nasx_0710_synergy_final_s00\official_runs\2026-07-10_002014_research_NASDAQ-COMP_nasdaq_ext_var_loo_19c2bae323_Top_2014-03-31\perf_bench.parquet,4.35814584411025,-0.3278700891283971,-0.6972533414094763,1.7184015729413409,,nasdaq_relrank_quality_roe_avg_fy0_lag1_score,quality_improvement: ROE avg FY0 score_delta lag1,variable,nasdaq_ext_full_variable_composite,1.1957830415596007,0.0286431872163255,-0.52261853138174,-0.0116403351021168,,,,,,,,,,,,,,,,,,,,,,,,,,,,,,,,
nasdaq,old,leave_one_out_results,C:\GoogleDrive\TP\07_backtest_code\runs\ad_hoc\nasdaq_extended_factor_research_20260709\leave_one_out_results.csv,NASDAQ COMP,nasdaq_ext_var_loo_0e67ef9ab4,Top,success,Run termine avec succes,2014-03-31,C:\GoogleDrive\TP\07_backtest_code\runs\ad_hoc\nasx_e_20260709_synergy_s03\official_runs\2026-07-10_000549_research_NASDAQ-COMP_nasdaq_ext_var_loo_0e67ef9ab4_Top_2014-03-31,leave one variable out: ex quality_improvement: ROE avg FY0 directional_delta lag1,leave_one_out,leave_one_out,,0.8861803230807253,39443.0,2014-03-31,2026-06-30,469.5595238095238,exclude variable nasdaq_reldelta_quality_roe_avg_fy0_lag1_score,3142.0,70.47972972972973,0.241470724404753,True,0.2781447679804887,0.2954198488872506,0.941523628246946,-0.3751096038487774,0.823435030519964,0.0502644232724276,-0.3269239697146162,0.1667445220913858,0.3979444624627758,-0.1039371264901949,0.6666666666666666,C:\GoogleDrive\TP\07_backtest_code\runs\ad_hoc\nasx_e_20260709_synergy_s03\official_runs\2026-07-10_000549_research_NASDAQ-COMP_nasdaq_ext_var_loo_0e67ef9ab4_Top_2014-03-31\perf_ptf.parquet,C:\GoogleDrive\TP\07_backtest_code\runs\ad_hoc\nasx_e_20260709_synergy_s03\official_runs\2026-07-10_000549_research_NASDAQ-COMP_nasdaq_ext_var_loo_0e67ef9ab4_Top_2014-03-31\perf_bench.parquet,4.89557480665843,-0.3037203761353596,-0.6907112384596348,2.3466928458383656,,nasdaq_reldelta_quality_roe_avg_fy0_lag1_score,quality_improvement: ROE avg FY0 directional_delta lag1,variable,nasdaq_ext_full_variable_composite,1.1957830415596007,0.0286431872163255,-1.1509098042787649,-0.0216212360561021,,,,,,,,,,,,,,,,,,,,,,,,,,,,,,,,
nasdaq,old,leave_one_out_results,C:\GoogleDrive\TP\07_backtest_code\runs\ad_hoc\nasdaq_extended_factor_research_20260709\leave_one_out_results.csv,NASDAQ COMP,nasdaq_ext_var_loo_2ffbe87957,Top,success,Run termine avec succes,2014-01-31,C:\GoogleDrive\TP\07_backtest_code\runs\ad_hoc\nasx_e_20260709_synergy_s00\official_runs\2026-07-10_000642_research_NASDAQ-COMP_nasdaq_ext_var_loo_2ffbe87957_Top_2014-01-31,leave one variable out: ex earnings_yield_improvement: Earns Yield FY1 directional_delta lag3,leave_one_out,leave_one_out,,0.9392931766609,41807.0,2014-01-31,2026-06-30,497.70238095238096,exclude variable nasdaq_reldelta_value_earns_yield_fy1_lag3_score,3184.0,69.78,0.2823903142544411,True,0.2692785913548807,0.2604772568569006,1.0337892628484464,-0.3380200014183424,0.656161052321097,0.0414975561479329,-0.2601773905206571,0.1335753890394219,0.3644252953553887,-0.0678436146591672,0.75,C:\GoogleDrive\TP\07_backtest_code\runs\ad_hoc\nasx_e_20260709_synergy_s00\official_runs\2026-07-10_000642_research_NASDAQ-COMP_nasdaq_ext_var_loo_2ffbe87957_Top_2014-01-31\perf_ptf.parquet,C:\GoogleDrive\TP\07_backtest_code\runs\ad_hoc\nasx_e_20260709_synergy_s00\official_runs\2026-07-10_000642_research_NASDAQ-COMP_nasdaq_ext_var_loo_2ffbe87957_Top_2014-01-31\perf_bench.parquet,4.921538585138907,-0.2182129140984084,-0.7203157543416991,2.395156560150647,,nasdaq_reldelta_value_earns_yield_fy1_lag3_score,earnings_yield_improvement: Earns Yield FY1 directional_delta lag3,variable,nasdaq_ext_full_variable_composite,1.1957830415596007,0.0286431872163255,-1.199373518591046,-0.0128543689316074,,,,,,,,,,,,,,,,,,,,,,,,,,,,,,,,
nasdaq,old,leave_one_out_results,C:\GoogleDrive\TP\07_backtest_code\runs\ad_hoc\nasdaq_extended_factor_research_20260709\leave_one_out_results.csv,NASDAQ COMP,nasdaq_ext_var_loo_39c2060a80,Top,success,Run termine avec succes,2014-03-31,C:\GoogleDrive\TP\07_backtest_code\runs\ad_hoc\nasx_e_20260709_synergy_s01\official_runs\2026-07-10_000750_research_NASDAQ-COMP_nasdaq_ext_var_loo_39c2060a80_Top_2014-03-31,leave one variable out: ex quality_improvement: Oper Margin directional_delta lag1,leave_one_out,leave_one_out,,0.8864948662068346,39457.0,2014-03-31,2026-06-30,469.7261904761905,exclude variable nasdaq_reldelta_quality_oper_margin_lag1_score,3142.0,70.47972972972973,0.249000315927115,True,0.2813277957532798,0.2943657315157474,0.9557083778219267,-0.3862839221958969,0.879844080074287,0.0528799492377161,-0.2874553042651411,0.1600509824476514,0.4283970670176333,-0.0747014505456752,0.75,C:\GoogleDrive\TP\07_backtest_code\runs\ad_hoc\nasx_e_20260709_synergy_s01\official_runs\2026-07-10_000750_research_NASDAQ-COMP_nasdaq_ext_var_loo_39c2060a80_Top_2014-03-31\perf_ptf.parquet,C:\GoogleDrive\TP\07_backtest_code\runs\ad_hoc\nasx_e_20260709_synergy_s01\official_runs\2026-07-10_000750_research_NASDAQ-COMP_nasdaq_ext_var_loo_39c2060a80_Top_2014-03-31\perf_bench.parquet,5.213768406129455,-0.2668671782786693,-0.6974711709210226,2.6770652416154057,,nasdaq_reldelta_quality_oper_margin_lag1_score,quality_improvement: Oper Margin directional_delta lag1,variable,nasdaq_ext_full_variable_composite,1.1957830415596007,0.0286431872163255,-1.481282200055805,-0.0242367620213905,,,,,,,,,,,,,,,,,,,,,,,,,,,,,,,,
nasdaq,old,leave_one_out_results,C:\GoogleDrive\TP\07_backtest_code\runs\ad_hoc\nasdaq_extended_factor_research_20260709\leave_one_out_results.csv,NASDAQ COMP,nasdaq_ext_var_loo_eae33b1615,Top,success,Run termine avec succes,2014-03-31,C:\GoogleDrive\TP\07_backtest_code\runs\ad_hoc\nasx_e_20260709_synergy_s03\official_runs\2026-07-10_000756_research_NASDAQ-COMP_nasdaq_ext_var_loo_eae33b1615_Top_2014-03-31,leave one variable out: ex momentum: EPS NTM 3M Growth,leave_one_out,leave_one_out,,0.8864274641083826,39454.0,2014-03-31,2026-06-30,469.6904761904762,exclude variable nasdaq_momentum_eps_ntm_3m_growth_score,3142.0,70.47972972972973,0.2783545772372489,True,0.2835249598105887,0.2667999490838619,1.062687458465255,-0.3323771294775812,0.9197119305941556,0.0546853810630409,-0.2726839616404178,0.1428342887718212,0.4370160809964392,-0.059762910782798,0.5833333333333334,C:\GoogleDrive\TP\07_backtest_code\runs\ad_hoc\nasx_e_20260709_synergy_s03\official_runs\2026-07-10_000756_research_NASDAQ-COMP_nasdaq_ext_var_loo_eae33b1615_Top_2014-03-31\perf_ptf.parquet,C:\GoogleDrive\TP\07_backtest_code\runs\ad_hoc\nasx_e_20260709_synergy_s03\official_runs\2026-07-10_000756_research_NASDAQ-COMP_nasdaq_ext_var_loo_eae33b1615_Top_2014-03-31\perf_bench.parquet,5.944331939144902,-0.2449998090448657,-0.7235570034069336,3.143912777331152,,nasdaq_momentum_eps_ntm_3m_growth_score,momentum: EPS NTM 3M Growth,variable,nasdaq_ext_full_variable_composite,1.1957830415596007,0.0286431872163255,-1.9481297357715517,-0.0260421938467154,,,,,,,,,,,,,,,,,,,,,,,,,,,,,,,,
nasdaq,old,pair_synergy_results,C:\GoogleDrive\TP\07_backtest_code\runs\ad_hoc\nasdaq_extended_factor_research_20260709\pair_synergy_results.csv,,,,,,,,,,,,,,,,,,,,,,,,,,,,,,,,,,,,,,,,,,,,,,,,nasdaq_ext_pair_459c506bb7f6,quality_improvement: Oper Margin directional_delta lag3 + quality_improvement: ROE avg FY0 score_delta lag3,nasdaq_reldelta_quality_oper_margin_lag3_score,nasdaq_relrank_quality_roe_avg_fy0_lag3_score,quality_improvement: Oper Margin directional_delta lag3,quality_improvement: ROE avg FY0 score_delta lag3,quality_improvement,quality_improvement,0.0566077699036515,0.0307550260291131,0.0258527438745384,6.0676381371273065,3.261661259093051,2.8059768780342558,-0.287654664832305,0.1492471555973754,3.236211087226595,1.1563609663525083,2.0798501208740863,synergistic,两个变量来自不同信息维度，若 pair 超过强单腿，说明组合降低了单一信号噪声。,,,,,,,,,,,
nasdaq,old,pair_synergy_results,C:\GoogleDrive\TP\07_backtest_code\runs\ad_hoc\nasdaq_extended_factor_research_20260709\pair_synergy_results.csv,,,,,,,,,,,,,,,,,,,,,,,,,,,,,,,,,,,,,,,,,,,,,,,,nasdaq_ext_pair_2c3db0360664,earnings_yield_improvement: Earns Yield FY1 directional_delta lag3 + quality_improvement: Oper Margin directional_delta lag3,nasdaq_reldelta_value_earns_yield_fy1_lag3_score,nasdaq_reldelta_quality_oper_margin_lag3_score,earnings_yield_improvement: Earns Yield FY1 directional_delta lag3,quality_improvement: Oper Margin directional_delta lag3,earnings_yield_improvement,quality_improvement,0.0451902186409831,0.028458922986551,0.0167312956544321,4.100599902687418,3.1062883885792854,0.9943115141081328,-0.2980543734661386,0.1522214794999124,1.945992726632144,1.1563609663525083,0.7896317602796359,synergistic,两个变量来自不同信息维度，若 pair 超过强单腿，说明组合降低了单一信号噪声。,,,,,,,,,,,
nasdaq,old,pair_synergy_results,C:\GoogleDrive\TP\07_backtest_code\runs\ad_hoc\nasdaq_extended_factor_research_20260709\pair_synergy_results.csv,,,,,,,,,,,,,,,,,,,,,,,,,,,,,,,,,,,,,,,,,,,,,,,,nasdaq_ext_pair_3b8ee8aad080,quality_improvement: Oper Margin directional_delta lag1 + quality_improvement: ROE avg FY0 score_delta lag3,nasdaq_reldelta_quality_oper_margin_lag1_score,nasdaq_relrank_quality_roe_avg_fy0_lag3_score,quality_improvement: Oper Margin directional_delta lag1,quality_improvement: ROE avg FY0 score_delta lag3,quality_improvement,quality_improvement,0.0398162521070302,0.0307550260291131,0.0090612260779171,4.166602516388579,3.550597305079576,0.6160052113090031,-0.3260815237942616,0.1640514022847121,1.80560248364552,1.170754853534731,0.634847630110789,synergistic,两个变量来自不同信息维度，若 pair 超过强单腿，说明组合降低了单一信号噪声。,,,,,,,,,,,
nasdaq,old,pair_synergy_results,C:\GoogleDrive\TP\07_backtest_code\runs\ad_hoc\nasdaq_extended_factor_research_20260709\pair_synergy_results.csv,,,,,,,,,,,,,,,,,,,,,,,,,,,,,,,,,,,,,,,,,,,,,,,,nasdaq_ext_pair_cd96f2e5f14e,quality_improvement: Oper Margin directional_delta lag3 + quality_improvement: Oper Margin score_delta lag3,nasdaq_reldelta_quality_oper_margin_lag3_score,nasdaq_relrank_quality_oper_margin_lag3_score,quality_improvement: Oper Margin directional_delta lag3,quality_improvement: Oper Margin score_delta lag3,quality_improvement,quality_improvement,0.050244041134128,0.028458922986551,0.021785118147577,3.1663131970748597,3.1062883885792854,0.0600248084955739,-0.2802523028488983,0.1469841991787136,1.6492449190582446,1.1563609663525083,0.4928839527057362,synergistic,两个变量来自不同信息维度，若 pair 超过强单腿，说明组合降低了单一信号噪声。,,,,,,,,,,,
nasdaq,old,pair_synergy_results,C:\GoogleDrive\TP\07_backtest_code\runs\ad_hoc\nasdaq_extended_factor_research_20260709\pair_synergy_results.csv,,,,,,,,,,,,,,,,,,,,,,,,,,,,,,,,,,,,,,,,,,,,,,,,nasdaq_ext_pair_0addbee20639,quality_improvement: Oper Margin directional_delta lag3 + quality_improvement: ROE avg FY0 score_delta lag1,nasdaq_reldelta_quality_oper_margin_lag3_score,nasdaq_relrank_quality_roe_avg_fy0_lag1_score,quality_improvement: Oper Margin directional_delta lag3,quality_improvement: ROE avg FY0 score_delta lag1,quality_improvement,quality_improvement,0.0317609080246901,0.028458922986551,0.0033019850381391,3.7012087704345,3.1062883885792854,0.5949203818552142,-0.2792326497613052,0.1409518350273613,1.5488492584189246,1.1563609663525083,0.3924882920664163,synergistic,两个变量来自不同信息维度，若 pair 超过强单腿，说明组合降低了单一信号噪声。,,,,,,,,,,,
nasdaq,old,pair_synergy_results,C:\GoogleDrive\TP\07_backtest_code\runs\ad_hoc\nasdaq_extended_factor_research_20260709\pair_synergy_results.csv,,,,,,,,,,,,,,,,,,,,,,,,,,,,,,,,,,,,,,,,,,,,,,,,nasdaq_ext_pair_adfb3bf34042,quality_improvement: Oper Margin directional_delta lag3 + quality_improvement: ROE avg FY0 directional_delta lag1,nasdaq_reldelta_quality_oper_margin_lag3_score,nasdaq_reldelta_quality_roe_avg_fy0_lag1_score,quality_improvement: Oper Margin directional_delta lag3,quality_improvement: ROE avg FY0 directional_delta lag1,quality_improvement,quality_improvement,0.0328287057452594,0.028458922986551,0.0043697827587084,3.5670868147338544,3.1062883885792854,0.460798426154569,-0.2827469099777309,0.1365638446873059,1.4944476137382834,1.1563609663525083,0.3380866473857751,synergistic,两个变量来自不同信息维度，若 pair 超过强单腿，说明组合降低了单一信号噪声。,,,,,,,,,,,
nasdaq,old,pair_synergy_results,C:\GoogleDrive\TP\07_backtest_code\runs\ad_hoc\nasdaq_extended_factor_research_20260709\pair_synergy_results.csv,,,,,,,,,,,,,,,,,,,,,,,,,,,,,,,,,,,,,,,,,,,,,,,,nasdaq_ext_pair_d97f48798eaf,earnings_yield_improvement: Earns Yield FY1 directional_delta lag3 + quality_improvement: Oper Margin score_delta lag3,nasdaq_reldelta_value_earns_yield_fy1_lag3_score,nasdaq_relrank_quality_oper_margin_lag3_score,earnings_yield_improvement: Earns Yield FY1 directional_delta lag3,quality_improvement: Oper Margin score_delta lag3,earnings_yield_improvement,quality_improvement,0.0383865928224802,0.0281237655428083,0.0102628272796719,2.469049418195697,2.1147742016182485,0.3542752165774487,-0.3059937279085016,0.1488409146173855,0.974176392589496,0.7594083653878803,0.2147680272016158,synergistic,两个变量来自不同信息维度，若 pair 超过强单腿，说明组合降低了单一信号噪声。,,,,,,,,,,,
nasdaq,old,pair_synergy_results,C:\GoogleDrive\TP\07_backtest_code\runs\ad_hoc\nasdaq_extended_factor_research_20260709\pair_synergy_results.csv,,,,,,,,,,,,,,,,,,,,,,,,,,,,,,,,,,,,,,,,,,,,,,,,nasdaq_ext_pair_e356ef9d1f0e,quality_improvement: ROE avg FY0 directional_delta lag1 + quality_improvement: Oper Margin score_delta lag3,nasdaq_reldelta_quality_roe_avg_fy0_lag1_score,nasdaq_relrank_quality_oper_margin_lag3_score,quality_improvement: ROE avg FY0 directional_delta lag1,quality_improvement: Oper Margin score_delta lag3,quality_improvement,quality_improvement,0.0300932896457386,0.0281237655428083,0.0019695241029303,3.130477076893013,2.934920092728569,0.195556984164444,-0.2867460515174089,0.1389106950547338,1.217295763453961,1.1211656363704057,0.0961301270835552,synergistic,两个变量来自不同信息维度，若 pair 超过强单腿，说明组合降低了单一信号噪声。,,,,,,,,,,,
nasdaq,old,pair_synergy_results,C:\GoogleDrive\TP\07_backtest_code\runs\ad_hoc\nasdaq_extended_factor_research_20260709\pair_synergy_results.csv,,,,,,,,,,,,,,,,,,,,,,,,,,,,,,,,,,,,,,,,,,,,,,,,nasdaq_ext_pair_7654ff1e13c3,earnings_yield_improvement: Earns Yield FY1 directional_delta lag3 + momentum: EPS Revision Ratio,nasdaq_reldelta_value_earns_yield_fy1_lag3_score,nasdaq_momentum_eps_revision_ratio_score,earnings_yield_improvement: Earns Yield FY1 directional_delta lag3,momentum: EPS Revision Ratio,earnings_yield_improvement,revision,0.0153815881719545,0.0266376372143561,-0.0112560490424015,1.5886304051857625,1.8491026003320528,-0.2604721951462903,-0.3525578847933441,0.1269966127559082,0.0534023572356474,0.1578413025929718,-0.1044389453573243,redundant,上修提高盈利锚，盈利收益率改善约束估值，组合避免只买昂贵预期。,,,,,,,,,,,
nasdaq,old,pair_synergy_results,C:\GoogleDrive\TP\07_backtest_code\runs\ad_hoc\nasdaq_extended_factor_research_20260709\pair_synergy_results.csv,,,,,,,,,,,,,,,,,,,,,,,,,,,,,,,,,,,,,,,,,,,,,,,,nasdaq_ext_pair_85d24967e939,quality_improvement: Oper Margin score_delta lag3 + momentum: EPS NTM 3M Growth,nasdaq_relrank_quality_oper_margin_lag3_score,nasdaq_momentum_eps_ntm_3m_growth_score,quality_improvement: Oper Margin score_delta lag3,momentum: EPS NTM 3M Growth,quality_improvement,revision,0.0159419057721079,0.0281237655428083,-0.0121818597707003,2.4831746332817,2.1147742016182485,0.3684004316634515,-0.36191717394551,0.1251675235711732,0.4908919097426351,0.7594083653878803,-0.2685164556452452,redundant,盈利预期改善若同时有利润率/ROE/现金质量改善，更可能是经营现实在验证分析师上修。,,,,,,,,,,,
nasdaq,old,pair_synergy_results,C:\GoogleDrive\TP\07_backtest_code\runs\ad_hoc\nasdaq_extended_factor_research_20260709\pair_synergy_results.csv,,,,,,,,,,,,,,,,,,,,,,,,,,,,,,,,,,,,,,,,,,,,,,,,nasdaq_ext_pair_7aca778e90db,quality_improvement: ROE avg FY0 directional_delta lag1 + quality_improvement: ROE avg FY0 score_delta lag3,nasdaq_reldelta_quality_roe_avg_fy0_lag1_score,nasdaq_relrank_quality_roe_avg_fy0_lag3_score,quality_improvement: ROE avg FY0 directional_delta lag1,quality_improvement: ROE avg FY0 score_delta lag3,quality_improvement,quality_improvement,0.0239706100573986,0.0307550260291131,-0.0067844159717144,2.5785632683488147,3.261661259093051,-0.6830979907442365,-0.3018982468832091,0.1429395472380472,0.7991114544404678,1.1211656363704057,-0.3220541819299378,redundant,两个变量来自不同信息维度，若 pair 超过强单腿，说明组合降低了单一信号噪声。,,,,,,,,,,,
nasdaq,old,pair_synergy_results,C:\GoogleDrive\TP\07_backtest_code\runs\ad_hoc\nasdaq_extended_factor_research_20260709\pair_synergy_results.csv,,,,,,,,,,,,,,,,,,,,,,,,,,,,,,,,,,,,,,,,,,,,,,,,nasdaq_ext_pair_a09871b5a79b,quality_improvement: Oper Margin directional_delta lag3 + momentum: EPS Revision Ratio,nasdaq_reldelta_quality_oper_margin_lag3_score,nasdaq_momentum_eps_revision_ratio_score,quality_improvement: Oper Margin directional_delta lag3,momentum: EPS Revision Ratio,quality_improvement,revision,0.0186474282733035,0.028458922986551,-0.0098114947132474,2.9742464290503734,3.1062883885792854,-0.1320419595289119,-0.4031312286565477,0.1178330538861789,0.6721908666243551,1.1563609663525083,-0.4841700997281531,redundant,盈利预期改善若同时有利润率/ROE/现金质量改善，更可能是经营现实在验证分析师上修。,,,,,,,,,,,
nasdaq,old,pair_synergy_results,C:\GoogleDrive\TP\07_backtest_code\runs\ad_hoc\nasdaq_extended_factor_research_20260709\pair_synergy_results.csv,,,,,,,,,,,,,,,,,,,,,,,,,,,,,,,,,,,,,,,,,,,,,,,,nasdaq_ext_pair_6f06da64e805,quality_improvement: ROE avg FY0 directional_delta lag1 + quality_improvement: ROE avg FY0 score_delta lag1,nasdaq_reldelta_quality_roe_avg_fy0_lag1_score,nasdaq_relrank_quality_roe_avg_fy0_lag1_score,quality_improvement: ROE avg FY0 directional_delta lag1,quality_improvement: ROE avg FY0 score_delta lag1,quality_improvement,quality_improvement,0.017838850048776,0.0281119220963483,-0.0102730720475722,2.198493470209579,2.934920092728569,-0.7364266225189899,-0.3094653488876366,0.1422275434776636,0.5195651372744404,1.1211656363704057,-0.6016004990959652,redundant,两个变量来自不同信息维度，若 pair 超过强单腿，说明组合降低了单一信号噪声。,,,,,,,,,,,
nasdaq,old,pair_synergy_results,C:\GoogleDrive\TP\07_backtest_code\runs\ad_hoc\nasdaq_extended_factor_research_20260709\pair_synergy_results.csv,,,,,,,,,,,,,,,,,,,,,,,,,,,,,,,,,,,,,,,,,,,,,,,,nasdaq_ext_pair_fba93b1719dc,quality_improvement: ROE avg FY0 score_delta lag3 + momentum: EPS Revision Ratio,nasdaq_relrank_quality_roe_avg_fy0_lag3_score,nasdaq_momentum_eps_revision_ratio_score,quality_improvement: ROE avg FY0 score_delta lag3,momentum: EPS Revision Ratio,quality_improvement,revision,0.0087996674708641,0.0307550260291131,-0.0219553585582489,2.5985243608293107,3.261661259093051,-0.6631368982637404,-0.350169044605378,0.1186319262193164,0.4735163906722855,1.1073947520631215,-0.633878361390836,redundant,盈利预期改善若同时有利润率/ROE/现金质量改善，更可能是经营现实在验证分析师上修。,,,,,,,,,,,
nasdaq,old,pair_synergy_results,C:\GoogleDrive\TP\07_backtest_code\runs\ad_hoc\nasdaq_extended_factor_research_20260709\pair_synergy_results.csv,,,,,,,,,,,,,,,,,,,,,,,,,,,,,,,,,,,,,,,,,,,,,,,,nasdaq_ext_pair_11a2496388a1,quality_improvement: Oper Margin directional_delta lag3 + momentum: EPS NTM 3M Growth,nasdaq_reldelta_quality_oper_margin_lag3_score,nasdaq_momentum_eps_ntm_3m_growth_score,quality_improvement: Oper Margin directional_delta lag3,momentum: EPS NTM 3M Growth,quality_improvement,revision,0.0119414442241827,0.028458922986551,-0.0165174787623682,2.484580378734296,3.1062883885792854,-0.6217080098449896,-0.3986447203124261,0.1227725166386816,0.343287479956907,1.1563609663525083,-0.8130734863956013,redundant,盈利预期改善若同时有利润率/ROE/现金质量改善，更可能是经营现实在验证分析师上修。,,,,,,,,,,,
nasdaq,old,pair_synergy_results,C:\GoogleDrive\TP\07_backtest_code\runs\ad_hoc\nasdaq_extended_factor_research_20260709\pair_synergy_results.csv,,,,,,,,,,,,,,,,,,,,,,,,,,,,,,,,,,,,,,,,,,,,,,,,nasdaq_ext_pair_a36d92780804,quality_improvement: ROE avg FY0 score_delta lag3 + momentum: EPS NTM 3M Growth,nasdaq_relrank_quality_roe_avg_fy0_lag3_score,nasdaq_momentum_eps_ntm_3m_growth_score,quality_improvement: ROE avg FY0 score_delta lag3,momentum: EPS NTM 3M Growth,quality_improvement,revision,0.0074403420040596,0.0307550260291131,-0.0233146840250534,2.0087871033711973,3.261661259093051,-1.252874155721854,-0.3831857187363968,0.1211273514814648,0.1051062997473064,1.1073947520631215,-1.002288452315815,redundant,盈利预期改善若同时有利润率/ROE/现金质量改善，更可能是经营现实在验证分析师上修。,,,,,,,,,,,
nasdaq,old,pair_synergy_results,C:\GoogleDrive\TP\07_backtest_code\runs\ad_hoc\nasdaq_extended_factor_research_20260709\pair_synergy_results.csv,,,,,,,,,,,,,,,,,,,,,,,,,,,,,,,,,,,,,,,,,,,,,,,,nasdaq_ext_pair_9cb8dca08ffa,earnings_yield_improvement: Earns Yield FY1 directional_delta lag3 + quality_improvement: ROE avg FY0 directional_delta lag1,nasdaq_reldelta_value_earns_yield_fy1_lag3_score,nasdaq_reldelta_quality_roe_avg_fy0_lag1_score,earnings_yield_improvement: Earns Yield FY1 directional_delta lag3,quality_improvement: ROE avg FY0 directional_delta lag1,earnings_yield_improvement,quality_improvement,0.0236927207467727,0.0281119220963483,-0.0044192013495755,1.895901611621615,2.934920092728569,-1.0390184811069538,-0.4576193484248581,0.150909834811514,0.0654809538479765,1.1211656363704057,-1.055684682522429,redundant,两个变量来自不同信息维度，若 pair 超过强单腿，说明组合降低了单一信号噪声。,,,,,,,,,,,
nasdaq,old,pair_synergy_results,C:\GoogleDrive\TP\07_backtest_code\runs\ad_hoc\nasdaq_extended_factor_research_20260709\pair_synergy_results.csv,,,,,,,,,,,,,,,,,,,,,,,,,,,,,,,,,,,,,,,,,,,,,,,,nasdaq_ext_pair_7bd224830cd4,quality_improvement: ROE avg FY0 score_delta lag3 + quality_improvement: ROE avg FY0 score_delta lag1,nasdaq_relrank_quality_roe_avg_fy0_lag3_score,nasdaq_relrank_quality_roe_avg_fy0_lag1_score,quality_improvement: ROE avg FY0 score_delta lag3,quality_improvement: ROE avg FY0 score_delta lag1,quality_improvement,quality_improvement,0.0049775174667801,0.0307550260291131,-0.0257775085623329,2.027345395797424,3.261661259093051,-1.2343158632956277,-0.3830903585731932,0.1635507100256201,0.0506995751886295,1.1073947520631215,-1.056695176874492,redundant,两个变量来自不同信息维度，若 pair 超过强单腿，说明组合降低了单一信号噪声。,,,,,,,,,,,
nasdaq,old,pair_synergy_results,C:\GoogleDrive\TP\07_backtest_code\runs\ad_hoc\nasdaq_extended_factor_research_20260709\pair_synergy_results.csv,,,,,,,,,,,,,,,,,,,,,,,,,,,,,,,,,,,,,,,,,,,,,,,,nasdaq_ext_pair_43c9b9aa6ae0,quality_improvement: ROE avg FY0 score_delta lag1 + momentum: EPS Revision Ratio,nasdaq_relrank_quality_roe_avg_fy0_lag1_score,nasdaq_momentum_eps_revision_ratio_score,quality_improvement: ROE avg FY0 score_delta lag1,momentum: EPS Revision Ratio,quality_improvement,revision,-0.0048054094401783,0.019418185148228,-0.0242235945884063,1.9394511307492728,1.8491026003320528,0.0903485304172204,-0.4195397767951414,0.1056552801880922,-0.1574994131210271,0.1578413025929718,-0.3153407157139989,harmful,盈利预期改善若同时有利润率/ROE/现金质量改善，更可能是经营现实在验证分析师上修。,,,,,,,,,,,
nasdaq,old,pair_synergy_results,C:\GoogleDrive\TP\07_backtest_code\runs\ad_hoc\nasdaq_extended_factor_research_20260709\pair_synergy_results.csv,,,,,,,,,,,,,,,,,,,,,,,,,,,,,,,,,,,,,,,,,,,,,,,,nasdaq_ext_pair_a9841bc41e63,momentum: EPS NTM 3M Growth + momentum: EPS Revision Ratio,nasdaq_momentum_eps_ntm_3m_growth_score,nasdaq_momentum_eps_revision_ratio_score,momentum: EPS NTM 3M Growth,momentum: EPS Revision Ratio,revision,revision,0.0125543565133885,0.027264538977537,-0.0147101824641484,1.457885162256508,1.8491026003320528,-0.3912174380755449,-0.4195318737219007,0.1356419804754254,-0.213297833203726,0.3191592691907478,-0.5324571023944739,harmful,两个变量来自不同信息维度，若 pair 超过强单腿，说明组合降低了单一信号噪声。,,,,,,,,,,,
nasdaq,old,pair_synergy_results,C:\GoogleDrive\TP\07_backtest_code\runs\ad_hoc\nasdaq_extended_factor_research_20260709\pair_synergy_results.csv,,,,,,,,,,,,,,,,,,,,,,,,,,,,,,,,,,,,,,,,,,,,,,,,nasdaq_ext_pair_8c84b2efa57e,quality_improvement: Oper Margin directional_delta lag1 + momentum: EPS Revision Ratio,nasdaq_reldelta_quality_oper_margin_lag1_score,nasdaq_momentum_eps_revision_ratio_score,quality_improvement: Oper Margin directional_delta lag1,momentum: EPS Revision Ratio,quality_improvement,revision,0.0007983076495285,0.0208683271657916,-0.020070019516263,2.204949178960736,3.550597305079576,-1.3456481261188404,-0.4688092280506164,0.1079809310475791,-0.06433304027555,1.170754853534731,-1.235087893810281,harmful,盈利预期改善若同时有利润率/ROE/现金质量改善，更可能是经营现实在验证分析师上修。,,,,,,,,,,,
nasdaq,old,pair_synergy_results,C:\GoogleDrive\TP\07_backtest_code\runs\ad_hoc\nasdaq_extended_factor_research_20260709\pair_synergy_results.csv,,,,,,,,,,,,,,,,,,,,,,,,,,,,,,,,,,,,,,,,,,,,,,,,nasdaq_ext_pair_12d0905da8e6,quality_improvement: Oper Margin score_delta lag3 + momentum: EPS Revision Ratio,nasdaq_relrank_quality_oper_margin_lag3_score,nasdaq_momentum_eps_revision_ratio_score,quality_improvement: Oper Margin score_delta lag3,momentum: EPS Revision Ratio,quality_improvement,revision,-0.0080150841501469,0.0281237655428083,-0.0361388496929552,1.267619111626515,2.1147742016182485,-0.8471550899917335,-0.405244891081556,0.1194197369807557,-0.541823138822768,0.7594083653878803,-1.3012315042106484,harmful,盈利预期改善若同时有利润率/ROE/现金质量改善，更可能是经营现实在验证分析师上修。,,,,,,,,,,,
nasdaq,old,pair_synergy_results,C:\GoogleDrive\TP\07_backtest_code\runs\ad_hoc\nasdaq_extended_factor_research_20260709\pair_synergy_results.csv,,,,,,,,,,,,,,,,,,,,,,,,,,,,,,,,,,,,,,,,,,,,,,,,nasdaq_ext_pair_1d8b1bc0d229,earnings_yield_improvement: Earns Yield FY1 directional_delta lag3 + quality_improvement: Oper Margin directional_delta lag1,nasdaq_reldelta_value_earns_yield_fy1_lag3_score,nasdaq_reldelta_quality_oper_margin_lag1_score,earnings_yield_improvement: Earns Yield FY1 directional_delta lag3,quality_improvement: Oper Margin directional_delta lag1,earnings_yield_improvement,quality_improvement,0.0224025071327462,0.0266376372143561,-0.0042351300816098,1.5025010070429974,3.550597305079576,-2.0480962980365787,-0.4737347764475916,0.1416546788646693,-0.1592308262794134,1.170754853534731,-1.3299856798141445,harmful,两个变量来自不同信息维度，若 pair 超过强单腿，说明组合降低了单一信号噪声。,,,,,,,,,,,
nasdaq,old,pair_synergy_results,C:\GoogleDrive\TP\07_backtest_code\runs\ad_hoc\nasdaq_extended_factor_research_20260709\pair_synergy_results.csv,,,,,,,,,,,,,,,,,,,,,,,,,,,,,,,,,,,,,,,,,,,,,,,,nasdaq_ext_pair_4d77775dc13b,quality_improvement: ROE avg FY0 directional_delta lag1 + momentum: EPS Revision Ratio,nasdaq_reldelta_quality_roe_avg_fy0_lag1_score,nasdaq_momentum_eps_revision_ratio_score,quality_improvement: ROE avg FY0 directional_delta lag1,momentum: EPS Revision Ratio,quality_improvement,revision,-0.0091720787487301,0.0281119220963483,-0.0372840008450784,1.6467774778216526,2.934920092728569,-1.2881426149069162,-0.457449562989176,0.1075082498671782,-0.4406256130285431,1.1211656363704057,-1.5617912493989488,harmful,盈利预期改善若同时有利润率/ROE/现金质量改善，更可能是经营现实在验证分析师上修。,,,,,,,,,,,
nasdaq,old,pair_synergy_results,C:\GoogleDrive\TP\07_backtest_code\runs\ad_hoc\nasdaq_extended_factor_research_20260709\pair_synergy_results.csv,,,,,,,,,,,,,,,,,,,,,,,,,,,,,,,,,,,,,,,,,,,,,,,,nasdaq_ext_pair_6707fff88ca0,quality_improvement: Oper Margin directional_delta lag1 + momentum: EPS NTM 3M Growth,nasdaq_reldelta_quality_oper_margin_lag1_score,nasdaq_momentum_eps_ntm_3m_growth_score,quality_improvement: Oper Margin directional_delta lag1,momentum: EPS NTM 3M Growth,quality_improvement,revision,0.0046664266597868,0.027264538977537,-0.0225981123177501,1.4523835732894108,3.550597305079576,-2.098213731790165,-0.5273274363520204,0.1172986378773816,-0.5394222674564288,1.170754853534731,-1.7101771209911598,harmful,盈利预期改善若同时有利润率/ROE/现金质量改善，更可能是经营现实在验证分析师上修。,,,,,,,,,,,
nasdaq,old,pair_synergy_results,C:\GoogleDrive\TP\07_backtest_code\runs\ad_hoc\nasdaq_extended_factor_research_20260709\pair_synergy_results.csv,,,,,,,,,,,,,,,,,,,,,,,,,,,,,,,,,,,,,,,,,,,,,,,,nasdaq_ext_pair_0a108c68e71a,quality_improvement: ROE avg FY0 directional_delta lag1 + momentum: EPS NTM 3M Growth,nasdaq_reldelta_quality_roe_avg_fy0_lag1_score,nasdaq_momentum_eps_ntm_3m_growth_score,quality_improvement: ROE avg FY0 directional_delta lag1,momentum: EPS NTM 3M Growth,quality_improvement,revision,-0.0083333446247005,0.0281119220963483,-0.0364452667210488,1.136496482626045,2.934920092728569,-1.7984236101025235,-0.5078485403883719,0.1148054673926618,-0.8095539334143024,1.1211656363704057,-1.930719569784708,harmful,盈利预期改善若同时有利润率/ROE/现金质量改善，更可能是经营现实在验证分析师上修。,,,,,,,,,,,
nasdaq,old,pair_synergy_results,C:\GoogleDrive\TP\07_backtest_code\runs\ad_hoc\nasdaq_extended_factor_research_20260709\pair_synergy_results.csv,,,,,,,,,,,,,,,,,,,,,,,,,,,,,,,,,,,,,,,,,,,,,,,,nasdaq_ext_pair_4e35666ae8d4,quality_improvement: ROE avg FY0 score_delta lag1 + momentum: EPS NTM 3M Growth,nasdaq_relrank_quality_roe_avg_fy0_lag1_score,nasdaq_momentum_eps_ntm_3m_growth_score,quality_improvement: ROE avg FY0 score_delta lag1,momentum: EPS NTM 3M Growth,quality_improvement,revision,0.0255513907247537,0.027264538977537,-0.0017131482527832,2.714167279409472,1.743445357598273,0.9707219218111984,-0.2536362269101146,0.0881621309231131,1.0670295173859956,0.3191592691907478,0.7478702481952478,additive,盈利预期改善若同时有利润率/ROE/现金质量改善，更可能是经营现实在验证分析师上修。,,,,,,,,,,,
nasdaq,old,pair_synergy_results,C:\GoogleDrive\TP\07_backtest_code\runs\ad_hoc\nasdaq_extended_factor_research_20260709\pair_synergy_results.csv,,,,,,,,,,,,,,,,,,,,,,,,,,,,,,,,,,,,,,,,,,,,,,,,nasdaq_ext_pair_5964dd0146f5,earnings_yield_improvement: Earns Yield FY1 directional_delta lag3 + quality_improvement: ROE avg FY0 score_delta lag1,nasdaq_reldelta_value_earns_yield_fy1_lag3_score,nasdaq_relrank_quality_roe_avg_fy0_lag1_score,earnings_yield_improvement: Earns Yield FY1 directional_delta lag3,quality_improvement: ROE avg FY0 score_delta lag1,earnings_yield_improvement,quality_improvement,0.0222904126442595,0.0266376372143561,-0.0043472245700965,2.749208610441876,1.743445357598273,1.0057632528436031,-0.3793147099982051,0.1565620665372452,0.6782398743332243,0.1138092321868496,0.5644306421463747,additive,两个变量来自不同信息维度，若 pair 超过强单腿，说明组合降低了单一信号噪声。,,,,,,,,,,,
nasdaq,old,pair_synergy_results,C:\GoogleDrive\TP\07_backtest_code\runs\ad_hoc\nasdaq_extended_factor_research_20260709\pair_synergy_results.csv,,,,,,,,,,,,,,,,,,,,,,,,,,,,,,,,,,,,,,,,,,,,,,,,nasdaq_ext_pair_6a1428bc432a,quality_improvement: Oper Margin directional_delta lag1 + quality_improvement: ROE avg FY0 directional_delta lag1,nasdaq_reldelta_quality_oper_margin_lag1_score,nasdaq_reldelta_quality_roe_avg_fy0_lag1_score,quality_improvement: Oper Margin directional_delta lag1,quality_improvement: ROE avg FY0 directional_delta lag1,quality_improvement,quality_improvement,0.0265481353250613,0.0281119220963483,-0.0015637867712869,4.259209107093433,3.550597305079576,0.708611802013857,-0.4024417354558774,0.134972216092306,1.499291647409002,1.170754853534731,0.3285367938742709,additive,两个变量来自不同信息维度，若 pair 超过强单腿，说明组合降低了单一信号噪声。,,,,,,,,,,,
nasdaq,old,pair_synergy_results,C:\GoogleDrive\TP\07_backtest_code\runs\ad_hoc\nasdaq_extended_factor_research_20260709\pair_synergy_results.csv,,,,,,,,,,,,,,,,,,,,,,,,,,,,,,,,,,,,,,,,,,,,,,,,nasdaq_ext_pair_584ba3745003,quality_improvement: ROE avg FY0 score_delta lag3 + quality_improvement: Oper Margin score_delta lag3,nasdaq_relrank_quality_roe_avg_fy0_lag3_score,nasdaq_relrank_quality_oper_margin_lag3_score,quality_improvement: ROE avg FY0 score_delta lag3,quality_improvement: Oper Margin score_delta lag3,quality_improvement,quality_improvement,0.0380733323220436,0.0307550260291131,0.0073183062929305,3.06567008460709,3.261661259093051,-0.195991174485961,-0.2808459808701878,0.1476639496768848,1.358577852015892,1.1073947520631215,0.2511830999527704,additive,两个变量来自不同信息维度，若 pair 超过强单腿，说明组合降低了单一信号噪声。,,,,,,,,,,,
nasdaq,old,pair_synergy_results,C:\GoogleDrive\TP\07_backtest_code\runs\ad_hoc\nasdaq_extended_factor_research_20260709\pair_synergy_results.csv,,,,,,,,,,,,,,,,,,,,,,,,,,,,,,,,,,,,,,,,,,,,,,,,nasdaq_ext_pair_1d70a71bfbd1,quality_improvement: Oper Margin score_delta lag3 + quality_improvement: ROE avg FY0 score_delta lag1,nasdaq_relrank_quality_oper_margin_lag3_score,nasdaq_relrank_quality_roe_avg_fy0_lag1_score,quality_improvement: Oper Margin score_delta lag3,quality_improvement: ROE avg FY0 score_delta lag1,quality_improvement,quality_improvement,0.0219497207056962,0.0281237655428083,-0.006174044837112,2.5885598682654107,2.1147742016182485,0.4737856666471622,-0.2852957784260714,0.1423562197804799,0.8104086830351738,0.7594083653878803,0.0510003176472935,additive,两个变量来自不同信息维度，若 pair 超过强单腿，说明组合降低了单一信号噪声。,,,,,,,,,,,
nasdaq,old,pair_synergy_results,C:\GoogleDrive\TP\07_backtest_code\runs\ad_hoc\nasdaq_extended_factor_research_20260709\pair_synergy_results.csv,,,,,,,,,,,,,,,,,,,,,,,,,,,,,,,,,,,,,,,,,,,,,,,,nasdaq_ext_pair_f643f62b2aed,earnings_yield_improvement: Earns Yield FY1 directional_delta lag3 + momentum: EPS NTM 3M Growth,nasdaq_reldelta_value_earns_yield_fy1_lag3_score,nasdaq_momentum_eps_ntm_3m_growth_score,earnings_yield_improvement: Earns Yield FY1 directional_delta lag3,momentum: EPS NTM 3M Growth,earnings_yield_improvement,revision,0.0232778778904043,0.027264538977537,-0.0039866610871326,2.162322033191036,1.6778650101037935,0.4844570230872422,-0.4020778863159399,0.1217842037456827,0.3602418160847608,0.3191592691907478,0.041082546894013,additive,上修提高盈利锚，盈利收益率改善约束估值，组合避免只买昂贵预期。,,,,,,,,,,,
nasdaq,old,pair_synergy_results,C:\GoogleDrive\TP\07_backtest_code\runs\ad_hoc\nasdaq_extended_factor_research_20260709\pair_synergy_results.csv,,,,,,,,,,,,,,,,,,,,,,,,,,,,,,,,,,,,,,,,,,,,,,,,nasdaq_ext_pair_632ab7ed5f01,quality_improvement: Oper Margin directional_delta lag1 + quality_improvement: Oper Margin directional_delta lag3,nasdaq_reldelta_quality_oper_margin_lag1_score,nasdaq_reldelta_quality_oper_margin_lag3_score,quality_improvement: Oper Margin directional_delta lag1,quality_improvement: Oper Margin directional_delta lag3,quality_improvement,quality_improvement,0.0282245942529575,0.028458922986551,-0.0002343287335934,3.38650077056152,3.550597305079576,-0.1640965345180558,-0.3506843145780161,0.1317743750700012,1.177117957290298,1.170754853534731,0.0063631037555669,additive,两个变量来自不同信息维度，若 pair 超过强单腿，说明组合降低了单一信号噪声。,,,,,,,,,,,
nasdaq,old,pair_synergy_results,C:\GoogleDrive\TP\07_backtest_code\runs\ad_hoc\nasdaq_extended_factor_research_20260709\pair_synergy_results.csv,,,,,,,,,,,,,,,,,,,,,,,,,,,,,,,,,,,,,,,,,,,,,,,,nasdaq_ext_pair_7caac1e7fbee,earnings_yield_improvement: Earns Yield FY1 directional_delta lag3 + quality_improvement: ROE avg FY0 score_delta lag3,nasdaq_reldelta_value_earns_yield_fy1_lag3_score,nasdaq_relrank_quality_roe_avg_fy0_lag3_score,earnings_yield_improvement: Earns Yield FY1 directional_delta lag3,quality_improvement: ROE avg FY0 score_delta lag3,earnings_yield_improvement,quality_improvement,0.0314967586477719,0.0307550260291131,0.0007417326186588,3.255519533847586,3.261661259093051,-0.0061417252454649,-0.3711905960313997,0.1640271896394976,1.0830521379833016,1.1073947520631215,-0.0243426140798199,additive,两个变量来自不同信息维度，若 pair 超过强单腿，说明组合降低了单一信号噪声。,,,,,,,,,,,
nasdaq,old,pair_synergy_results,C:\GoogleDrive\TP\07_backtest_code\runs\ad_hoc\nasdaq_extended_factor_research_20260709\pair_synergy_results.csv,,,,,,,,,,,,,,,,,,,,,,,,,,,,,,,,,,,,,,,,,,,,,,,,nasdaq_ext_pair_d2625dc2d7b1,quality_improvement: Oper Margin directional_delta lag1 + quality_improvement: Oper Margin score_delta lag3,nasdaq_reldelta_quality_oper_margin_lag1_score,nasdaq_relrank_quality_oper_margin_lag3_score,quality_improvement: Oper Margin directional_delta lag1,quality_improvement: Oper Margin score_delta lag3,quality_improvement,quality_improvement,0.0284376706534268,0.0281237655428083,0.0003139051106185,2.797954507356946,3.550597305079576,-0.75264279772263,-0.2993881688470939,0.0892704622793115,1.047277636773174,1.170754853534731,-0.1234772167615569,additive,两个变量来自不同信息维度，若 pair 超过强单腿，说明组合降低了单一信号噪声。,,,,,,,,,,,
nasdaq,old,pair_synergy_results,C:\GoogleDrive\TP\07_backtest_code\runs\ad_hoc\nasdaq_extended_factor_research_20260709\pair_synergy_results.csv,,,,,,,,,,,,,,,,,,,,,,,,,,,,,,,,,,,,,,,,,,,,,,,,nasdaq_ext_pair_b1e522360fe9,quality_improvement: Oper Margin directional_delta lag1 + quality_improvement: ROE avg FY0 score_delta lag1,nasdaq_reldelta_quality_oper_margin_lag1_score,nasdaq_relrank_quality_roe_avg_fy0_lag1_score,quality_improvement: Oper Margin directional_delta lag1,quality_improvement: ROE avg FY0 score_delta lag1,quality_improvement,quality_improvement,0.0230946961488156,0.0208683271657916,0.002226368983024,2.527470308589359,3.550597305079576,-1.023126996490217,-0.3920701519661795,0.1908685567538812,0.5329433525148447,1.170754853534731,-0.6378115010198863,additive,两个变量来自不同信息维度，若 pair 超过强单腿，说明组合降低了单一信号噪声。,,,,,,,,,,,
nasdaq,old,synergy_claims,C:\GoogleDrive\TP\07_backtest_code\runs\ad_hoc\nasdaq_extended_factor_research_20260709\synergy_claims.csv,,,,,,,,,,,,,,,,,,,,,,,,,,,,,,,,,,,,,,,,,,,,,,,,nasdaq_ext_pair_459c506bb7f6,quality_improvement: Oper Margin directional_delta lag3 + quality_improvement: ROE avg FY0 score_delta lag3,nasdaq_reldelta_quality_oper_margin_lag3_score,nasdaq_relrank_quality_roe_avg_fy0_lag3_score,quality_improvement: Oper Margin directional_delta lag3,quality_improvement: ROE avg FY0 score_delta lag3,quality_improvement,quality_improvement,0.0566077699036515,0.0307550260291131,0.0258527438745384,6.0676381371273065,3.261661259093051,2.8059768780342558,-0.287654664832305,0.1492471555973754,3.236211087226595,1.1563609663525083,2.0798501208740863,synergistic,两个变量来自不同信息维度，若 pair 超过强单腿，说明组合降低了单一信号噪声。,,,,,,,,,,,
nasdaq,old,synergy_claims,C:\GoogleDrive\TP\07_backtest_code\runs\ad_hoc\nasdaq_extended_factor_research_20260709\synergy_claims.csv,,,,,,,,,,,,,,,,,,,,,,,,,,,,,,,,,,,,,,,,,,,,,,,,nasdaq_ext_pair_2c3db0360664,earnings_yield_improvement: Earns Yield FY1 directional_delta lag3 + quality_improvement: Oper Margin directional_delta lag3,nasdaq_reldelta_value_earns_yield_fy1_lag3_score,nasdaq_reldelta_quality_oper_margin_lag3_score,earnings_yield_improvement: Earns Yield FY1 directional_delta lag3,quality_improvement: Oper Margin directional_delta lag3,earnings_yield_improvement,quality_improvement,0.0451902186409831,0.028458922986551,0.0167312956544321,4.100599902687418,3.1062883885792854,0.9943115141081328,-0.2980543734661386,0.1522214794999124,1.945992726632144,1.1563609663525083,0.7896317602796359,synergistic,两个变量来自不同信息维度，若 pair 超过强单腿，说明组合降低了单一信号噪声。,,,,,,,,,,,
nasdaq,old,synergy_claims,C:\GoogleDrive\TP\07_backtest_code\runs\ad_hoc\nasdaq_extended_factor_research_20260709\synergy_claims.csv,,,,,,,,,,,,,,,,,,,,,,,,,,,,,,,,,,,,,,,,,,,,,,,,nasdaq_ext_pair_3b8ee8aad080,quality_improvement: Oper Margin directional_delta lag1 + quality_improvement: ROE avg FY0 score_delta lag3,nasdaq_reldelta_quality_oper_margin_lag1_score,nasdaq_relrank_quality_roe_avg_fy0_lag3_score,quality_improvement: Oper Margin directional_delta lag1,quality_improvement: ROE avg FY0 score_delta lag3,quality_improvement,quality_improvement,0.0398162521070302,0.0307550260291131,0.0090612260779171,4.166602516388579,3.550597305079576,0.6160052113090031,-0.3260815237942616,0.1640514022847121,1.80560248364552,1.170754853534731,0.634847630110789,synergistic,两个变量来自不同信息维度，若 pair 超过强单腿，说明组合降低了单一信号噪声。,,,,,,,,,,,
nasdaq,old,synergy_claims,C:\GoogleDrive\TP\07_backtest_code\runs\ad_hoc\nasdaq_extended_factor_research_20260709\synergy_claims.csv,,,,,,,,,,,,,,,,,,,,,,,,,,,,,,,,,,,,,,,,,,,,,,,,nasdaq_ext_pair_cd96f2e5f14e,quality_improvement: Oper Margin directional_delta lag3 + quality_improvement: Oper Margin score_delta lag3,nasdaq_reldelta_quality_oper_margin_lag3_score,nasdaq_relrank_quality_oper_margin_lag3_score,quality_improvement: Oper Margin directional_delta lag3,quality_improvement: Oper Margin score_delta lag3,quality_improvement,quality_improvement,0.050244041134128,0.028458922986551,0.021785118147577,3.1663131970748597,3.1062883885792854,0.0600248084955739,-0.2802523028488983,0.1469841991787136,1.6492449190582446,1.1563609663525083,0.4928839527057362,synergistic,两个变量来自不同信息维度，若 pair 超过强单腿，说明组合降低了单一信号噪声。,,,,,,,,,,,
nasdaq,old,synergy_claims,C:\GoogleDrive\TP\07_backtest_code\runs\ad_hoc\nasdaq_extended_factor_research_20260709\synergy_claims.csv,,,,,,,,,,,,,,,,,,,,,,,,,,,,,,,,,,,,,,,,,,,,,,,,nasdaq_ext_pair_0addbee20639,quality_improvement: Oper Margin directional_delta lag3 + quality_improvement: ROE avg FY0 score_delta lag1,nasdaq_reldelta_quality_oper_margin_lag3_score,nasdaq_relrank_quality_roe_avg_fy0_lag1_score,quality_improvement: Oper Margin directional_delta lag3,quality_improvement: ROE avg FY0 score_delta lag1,quality_improvement,quality_improvement,0.0317609080246901,0.028458922986551,0.0033019850381391,3.7012087704345,3.1062883885792854,0.5949203818552142,-0.2792326497613052,0.1409518350273613,1.5488492584189246,1.1563609663525083,0.3924882920664163,synergistic,两个变量来自不同信息维度，若 pair 超过强单腿，说明组合降低了单一信号噪声。,,,,,,,,,,,
nasdaq,old,synergy_claims,C:\GoogleDrive\TP\07_backtest_code\runs\ad_hoc\nasdaq_extended_factor_research_20260709\synergy_claims.csv,,,,,,,,,,,,,,,,,,,,,,,,,,,,,,,,,,,,,,,,,,,,,,,,nasdaq_ext_pair_adfb3bf34042,quality_improvement: Oper Margin directional_delta lag3 + quality_improvement: ROE avg FY0 directional_delta lag1,nasdaq_reldelta_quality_oper_margin_lag3_score,nasdaq_reldelta_quality_roe_avg_fy0_lag1_score,quality_improvement: Oper Margin directional_delta lag3,quality_improvement: ROE avg FY0 directional_delta lag1,quality_improvement,quality_improvement,0.0328287057452594,0.028458922986551,0.0043697827587084,3.5670868147338544,3.1062883885792854,0.460798426154569,-0.2827469099777309,0.1365638446873059,1.4944476137382834,1.1563609663525083,0.3380866473857751,synergistic,两个变量来自不同信息维度，若 pair 超过强单腿，说明组合降低了单一信号噪声。,,,,,,,,,,,
nasdaq,old,synergy_claims,C:\GoogleDrive\TP\07_backtest_code\runs\ad_hoc\nasdaq_extended_factor_research_20260709\synergy_claims.csv,,,,,,,,,,,,,,,,,,,,,,,,,,,,,,,,,,,,,,,,,,,,,,,,nasdaq_ext_pair_d97f48798eaf,earnings_yield_improvement: Earns Yield FY1 directional_delta lag3 + quality_improvement: Oper Margin score_delta lag3,nasdaq_reldelta_value_earns_yield_fy1_lag3_score,nasdaq_relrank_quality_oper_margin_lag3_score,earnings_yield_improvement: Earns Yield FY1 directional_delta lag3,quality_improvement: Oper Margin score_delta lag3,earnings_yield_improvement,quality_improvement,0.0383865928224802,0.0281237655428083,0.0102628272796719,2.469049418195697,2.1147742016182485,0.3542752165774487,-0.3059937279085016,0.1488409146173855,0.974176392589496,0.7594083653878803,0.2147680272016158,synergistic,两个变量来自不同信息维度，若 pair 超过强单腿，说明组合降低了单一信号噪声。,,,,,,,,,,,
nasdaq,old,synergy_claims,C:\GoogleDrive\TP\07_backtest_code\runs\ad_hoc\nasdaq_extended_factor_research_20260709\synergy_claims.csv,,,,,,,,,,,,,,,,,,,,,,,,,,,,,,,,,,,,,,,,,,,,,,,,nasdaq_ext_pair_e356ef9d1f0e,quality_improvement: ROE avg FY0 directional_delta lag1 + quality_improvement: Oper Margin score_delta lag3,nasdaq_reldelta_quality_roe_avg_fy0_lag1_score,nasdaq_relrank_quality_oper_margin_lag3_score,quality_improvement: ROE avg FY0 directional_delta lag1,quality_improvement: Oper Margin score_delta lag3,quality_improvement,quality_improvement,0.0300932896457386,0.0281237655428083,0.0019695241029303,3.130477076893013,2.934920092728569,0.195556984164444,-0.2867460515174089,0.1389106950547338,1.217295763453961,1.1211656363704057,0.0961301270835552,synergistic,两个变量来自不同信息维度，若 pair 超过强单腿，说明组合降低了单一信号噪声。,,,,,,,,,,,
nasdaq,old,synergy_performance_summary,C:\GoogleDrive\TP\07_backtest_code\runs\ad_hoc\nasdaq_extended_factor_research_20260709\synergy_performance_summary.csv,NASDAQ COMP,nasdaq_ext_full_theme_composite,Top,success,Run termine avec succes,2014-03-31,C:\GoogleDrive\TP\07_backtest_code\runs\ad_hoc\nasx_e_20260709_synergy_s03\official_runs\2026-07-10_000207_research_NASDAQ-COMP_nasdaq_ext_full_theme_composite_Top_2014-03-31,all validated themes,full_composite,full_composite,,0.8615336224134444,38346.0,2014-03-31,2026-06-30,456.5,all passed themes equal weight,3142.0,70.47972972972973,0.2282913124938785,True,0.2521678409329579,0.2744201688539752,0.9189114706329834,-0.4084058033476716,0.4179422323430193,0.0289189208008475,-0.3758664648348194,0.1192371903508686,0.3395634187606632,-0.0985426171384562,0.5833333333333334,C:\GoogleDrive\TP\07_backtest_code\runs\ad_hoc\nasx_e_20260709_synergy_s03\official_runs\2026-07-10_000207_research_NASDAQ-COMP_nasdaq_ext_full_theme_composite_Top_2014-03-31\perf_ptf.parquet,C:\GoogleDrive\TP\07_backtest_code\runs\ad_hoc\nasx_e_20260709_synergy_s03\official_runs\2026-07-10_000207_research_NASDAQ-COMP_nasdaq_ext_full_theme_composite_Top_2014-03-31\perf_bench.parquet,2.8377784630555425,-0.2440855667402224,-0.6305304628725001,0.8673187267118267,,,,,,,,,,,,,,,,,,,,,,,,,,,,,,,,,,,,,,,,,
nasdaq,old,synergy_performance_summary,C:\GoogleDrive\TP\07_backtest_code\runs\ad_hoc\nasdaq_extended_factor_research_20260709\synergy_performance_summary.csv,NASDAQ COMP,nasdaq_ext_full_theme_composite,Worst,success,Run termine avec succes,2014-03-31,C:\GoogleDrive\TP\07_backtest_code\runs\ad_hoc\nasx_e_20260709_synergy_s03\official_runs\2026-07-10_000302_research_NASDAQ-COMP_nasdaq_ext_full_theme_composite_Worst_2014-03-31,all validated themes,full_composite,full_composite,,0.8615336224134444,38346.0,2014-03-31,2026-06-30,456.5,all passed themes equal weight,3142.0,70.47972972972973,0.2509810500210115,True,0.1219647784327242,0.221085456010261,0.551663508915139,-0.3337190520664452,-0.6305304628725001,-0.0780702464444074,-0.6680125101704271,0.1025319654495054,-0.7874880168522561,-0.1627402095943946,0.1666666666666666,C:\GoogleDrive\TP\07_backtest_code\runs\ad_hoc\nasx_e_20260709_synergy_s03\official_runs\2026-07-10_000302_research_NASDAQ-COMP_nasdaq_ext_full_theme_composite_Worst_2014-03-31\perf_ptf.parquet,C:\GoogleDrive\TP\07_backtest_code\runs\ad_hoc\nasx_e_20260709_synergy_s03\official_runs\2026-07-10_000302_research_NASDAQ-COMP_nasdaq_ext_full_theme_composite_Worst_2014-03-31\perf_bench.parquet,2.8377784630555425,-0.2440855667402224,-0.6305304628725001,0.8673187267118267,,,,,,,,,,,,,,,,,,,,,,,,,,,,,,,,,,,,,,,,,
nasdaq,old,synergy_performance_summary,C:\GoogleDrive\TP\07_backtest_code\runs\ad_hoc\nasdaq_extended_factor_research_20260709\synergy_performance_summary.csv,NASDAQ COMP,nasdaq_ext_full_variable_composite,Top,success,Run termine avec succes,2014-01-31,C:\GoogleDrive\TP\07_backtest_code\runs\ad_hoc\nasx_e_20260709_synergy_s03\official_runs\2026-07-10_000355_research_NASDAQ-COMP_nasdaq_ext_full_variable_composite_Top_2014-01-31,all passed variables,full_composite,full_composite,,0.9402817407715294,41851.0,2014-01-31,2026-06-30,498.2261904761905,all passed raw/relative variables equal weight,3184.0,69.78,0.2715488155800426,True,0.2536129038129802,0.2761695752376685,0.9183231121484822,-0.3772141507099508,0.4196468715086483,0.0286431872163255,-0.4011998761285422,0.1570403872504334,0.2591313311471889,-0.1418809842796105,0.6666666666666666,C:\GoogleDrive\TP\07_backtest_code\runs\ad_hoc\nasx_e_20260709_synergy_s03\official_runs\2026-07-10_000355_research_NASDAQ-COMP_nasdaq_ext_full_variable_composite_Top_2014-01-31\perf_ptf.parquet,C:\GoogleDrive\TP\07_backtest_code\runs\ad_hoc\nasx_e_20260709_synergy_s03\official_runs\2026-07-10_000355_research_NASDAQ-COMP_nasdaq_ext_full_variable_composite_Top_2014-01-31\perf_bench.parquet,3.754914587676162,-0.307666722425726,-0.7014358837931381,1.1957830415596007,,,,,,,,,,,,,,,,,,,,,,,,,,,,,,,,,,,,,,,,,
nasdaq,old,synergy_performance_summary,C:\GoogleDrive\TP\07_backtest_code\runs\ad_hoc\nasdaq_extended_factor_research_20260709\synergy_performance_summary.csv,NASDAQ COMP,nasdaq_ext_full_variable_composite,Worst,success,Run termine avec succes,2014-01-31,C:\GoogleDrive\TP\07_backtest_code\runs\ad_hoc\nasx_e_20260709_synergy_s03\official_runs\2026-07-10_000455_research_NASDAQ-COMP_nasdaq_ext_full_variable_composite_Worst_2014-01-31,all passed variables,full_composite,full_composite,,0.9402817407715294,41851.0,2014-01-31,2026-06-30,498.2261904761905,all passed raw/relative variables equal weight,3184.0,69.78,0.2775766014004519,True,0.1055798466266693,0.2147144227926591,0.4917221919862523,-0.3921368829088345,-0.7014358837931381,-0.0928242891428842,-0.7307969821995293,0.0989348557401328,-0.9882056465561035,-0.2040019004756212,0.1666666666666666,C:\GoogleDrive\TP\07_backtest_code\runs\ad_hoc\nasx_e_20260709_synergy_s03\official_runs\2026-07-10_000455_research_NASDAQ-COMP_nasdaq_ext_full_variable_composite_Worst_2014-01-31\perf_ptf.parquet,C:\GoogleDrive\TP\07_backtest_code\runs\ad_hoc\nasx_e_20260709_synergy_s03\official_runs\2026-07-10_000455_research_NASDAQ-COMP_nasdaq_ext_full_variable_composite_Worst_2014-01-31\perf_bench.parquet,3.754914587676162,-0.307666722425726,-0.7014358837931381,1.1957830415596007,,,,,,,,,,,,,,,,,,,,,,,,,,,,,,,,,,,,,,,,,
nasdaq,old,synergy_performance_summary,C:\GoogleDrive\TP\07_backtest_code\runs\ad_hoc\nasdaq_extended_factor_research_20260709\synergy_performance_summary.csv,NASDAQ COMP,nasdaq_ext_pair_0a108c68e71a,Top,success,Run termine avec succes,2014-01-31,C:\GoogleDrive\TP\07_backtest_code\runs\ad_hoc\nasx_e_20260709_synergy_s00\official_runs\2026-07-09_235654_research_NASDAQ-COMP_nasdaq_ext_pair_0a108c68e71a_Top_2014-01-31,quality_improvement: ROE avg FY0 directional_delta lag1 + momentum: EPS NTM 3M Growth,pair_synergy,pair_synergy,,0.8824507402997147,39277.0,2014-01-31,2026-06-30,467.5833333333333,equal-weight pair of passed raw/relative variables,3184.0,69.78,0.3296228652381862,True,0.2085494084919212,0.2559498467290685,0.8148057565069684,-0.3600132746945594,-0.0986240764543779,-0.0083333446247005,-0.5078485403883719,0.1148054673926618,-0.0040918111826812,-0.1486755501035412,0.3333333333333333,C:\GoogleDrive\TP\07_backtest_code\runs\ad_hoc\nasx_e_20260709_synergy_s00\official_runs\2026-07-09_235654_research_NASDAQ-COMP_nasdaq_ext_pair_0a108c68e71a_Top_2014-01-31\perf_ptf.parquet,C:\GoogleDrive\TP\07_backtest_code\runs\ad_hoc\nasx_e_20260709_synergy_s00\official_runs\2026-07-09_235654_research_NASDAQ-COMP_nasdaq_ext_pair_0a108c68e71a_Top_2014-01-31\perf_bench.parquet,1.136496482626045,-0.3558335477152705,-0.578105589746767,-0.8095539334143024,,,,,,,,,,,,,,,,,,,,,,,,,,,,,,,,,,,,,,,,,
nasdaq,old,synergy_performance_summary,C:\GoogleDrive\TP\07_backtest_code\runs\ad_hoc\nasdaq_extended_factor_research_20260709\synergy_performance_summary.csv,NASDAQ COMP,nasdaq_ext_pair_0a108c68e71a,Worst,success,Run termine avec succes,2014-01-31,C:\GoogleDrive\TP\07_backtest_code\runs\ad_hoc\nasx_710_synergy_resume_s00\official_runs\2026-07-10_001125_research_NASDAQ-COMP_nasdaq_ext_pair_0a108c68e71a_Worst_2014-01-31,quality_improvement: ROE avg FY0 directional_delta lag1 + momentum: EPS NTM 3M Growth,pair_synergy,pair_synergy,,0.8824507402997147,39277.0,2014-01-31,2026-06-30,467.5833333333333,equal-weight pair of passed raw/relative variables,3184.0,69.78,0.3358741592025487,True,0.1368221806186036,0.2158206116298765,0.6339625283485344,-0.3087888974326552,-0.578105589746767,-0.0671886133168042,-0.6284890773823,0.1062641506477628,-0.6601749614513364,-0.1767848090220182,0.1666666666666666,C:\GoogleDrive\TP\07_backtest_code\runs\ad_hoc\nasx_710_synergy_resume_s00\official_runs\2026-07-10_001125_research_NASDAQ-COMP_nasdaq_ext_pair_0a108c68e71a_Worst_2014-01-31\perf_ptf.parquet,C:\GoogleDrive\TP\07_backtest_code\runs\ad_hoc\nasx_710_synergy_resume_s00\official_runs\2026-07-10_001125_research_NASDAQ-COMP_nasdaq_ext_pair_0a108c68e71a_Worst_2014-01-31\perf_bench.parquet,1.136496482626045,-0.3558335477152705,-0.578105589746767,-0.8095539334143024,,,,,,,,,,,,,,,,,,,,,,,,,,,,,,,,,,,,,,,,,
nasdaq,old,synergy_performance_summary,C:\GoogleDrive\TP\07_backtest_code\runs\ad_hoc\nasdaq_extended_factor_research_20260709\synergy_performance_summary.csv,NASDAQ COMP,nasdaq_ext_pair_0addbee20639,Top,success,Run termine avec succes,2014-03-31,C:\GoogleDrive\TP\07_backtest_code\runs\ad_hoc\nasx_e_20260709_synergy_s02\official_runs\2026-07-09_235329_research_NASDAQ-COMP_nasdaq_ext_pair_0addbee20639_Top_2014-03-31,quality_improvement: Oper Margin directional_delta lag3 + quality_improvement: ROE avg FY0 score_delta lag1,pair_synergy,pair_synergy,,0.8151385113123188,36281.0,2014-03-31,2026-06-30,431.9166666666667,equal-weight pair of passed raw/relative variables,3142.0,70.47972972972973,0.3116643903796647,True,0.2556264662280088,0.2642745989767617,0.967275959239982,-0.3368899920342951,0.4666685443829796,0.0317609080246901,-0.2792326497613052,0.1409518350273613,0.2849514713078404,-0.0690065366313332,0.8333333333333334,C:\GoogleDrive\TP\07_backtest_code\runs\ad_hoc\nasx_e_20260709_synergy_s02\official_runs\2026-07-09_235329_research_NASDAQ-COMP_nasdaq_ext_pair_0addbee20639_Top_2014-03-31\perf_ptf.parquet,C:\GoogleDrive\TP\07_backtest_code\runs\ad_hoc\nasx_e_20260709_synergy_s02\official_runs\2026-07-09_235329_research_NASDAQ-COMP_nasdaq_ext_pair_0addbee20639_Top_2014-03-31\perf_bench.parquet,3.7012087704345,-0.2494544702226822,-0.6880230987386196,1.5488492584189246,,,,,,,,,,,,,,,,,,,,,,,,,,,,,,,,,,,,,,,,,
nasdaq,old,synergy_performance_summary,C:\GoogleDrive\TP\07_backtest_code\runs\ad_hoc\nasdaq_extended_factor_research_20260709\synergy_performance_summary.csv,NASDAQ COMP,nasdaq_ext_pair_0addbee20639,Worst,success,Run termine avec succes,2014-03-31,C:\GoogleDrive\TP\07_backtest_code\runs\ad_hoc\nasx_e_20260709_synergy_s02\official_runs\2026-07-09_235424_research_NASDAQ-COMP_nasdaq_ext_pair_0addbee20639_Worst_2014-03-31,quality_improvement: Oper Margin directional_delta lag3 + quality_improvement: ROE avg FY0 score_delta lag1,pair_synergy,pair_synergy,,0.8151385113123188,36281.0,2014-03-31,2026-06-30,431.9166666666667,equal-weight pair of passed raw/relative variables,3142.0,70.47972972972973,0.3010396697449672,True,0.1065788884613843,0.225804418823759,0.4719964694073122,-0.4106048942555048,-0.6880230987386196,-0.0907129871276982,-0.7063743418564559,0.0900109382361166,-1.0364871507589568,-0.2031473254586455,0.0833333333333333,C:\GoogleDrive\TP\07_backtest_code\runs\ad_hoc\nasx_e_20260709_synergy_s02\official_runs\2026-07-09_235424_research_NASDAQ-COMP_nasdaq_ext_pair_0addbee20639_Worst_2014-03-31\perf_ptf.parquet,C:\GoogleDrive\TP\07_backtest_code\runs\ad_hoc\nasx_e_20260709_synergy_s02\official_runs\2026-07-09_235424_research_NASDAQ-COMP_nasdaq_ext_pair_0addbee20639_Worst_2014-03-31\perf_bench.parquet,3.7012087704345,-0.2494544702226822,-0.6880230987386196,1.5488492584189246,,,,,,,,,,,,,,,,,,,,,,,,,,,,,,,,,,,,,,,,,
nasdaq,old,synergy_performance_summary,C:\GoogleDrive\TP\07_backtest_code\runs\ad_hoc\nasdaq_extended_factor_research_20260709\synergy_performance_summary.csv,NASDAQ COMP,nasdaq_ext_pair_11a2496388a1,Top,success,Run termine avec succes,2014-03-31,C:\GoogleDrive\TP\07_backtest_code\runs\ad_hoc\nasx_e_20260709_synergy_s03\official_runs\2026-07-09_235244_research_NASDAQ-COMP_nasdaq_ext_pair_11a2496388a1_Top_2014-03-31,quality_improvement: Oper Margin directional_delta lag3 + momentum: EPS NTM 3M Growth,pair_synergy,pair_synergy,,0.8325507200790851,37056.0,2014-03-31,2026-06-30,441.1428571428572,equal-weight pair of passed raw/relative variables,3142.0,70.47972972972973,0.1872486715940158,True,0.2315066889609973,0.2689124263890223,0.8608999296525185,-0.3890836189912565,0.1565090334107415,0.0119414442241827,-0.3986447203124261,0.1227725166386816,0.1847185945743051,-0.1354497855574484,0.6666666666666666,C:\GoogleDrive\TP\07_backtest_code\runs\ad_hoc\nasx_e_20260709_synergy_s03\official_runs\2026-07-09_235244_research_NASDAQ-COMP_nasdaq_ext_pair_11a2496388a1_Top_2014-03-31\perf_ptf.parquet,C:\GoogleDrive\TP\07_backtest_code\runs\ad_hoc\nasx_e_20260709_synergy_s03\official_runs\2026-07-09_235244_research_NASDAQ-COMP_nasdaq_ext_pair_11a2496388a1_Top_2014-03-31\perf_bench.parquet,2.484580378734296,-0.3294757197080681,-0.6681066562652171,0.343287479956907,,,,,,,,,,,,,,,,,,,,,,,,,,,,,,,,,,,,,,,,,
nasdaq,old,synergy_performance_summary,C:\GoogleDrive\TP\07_backtest_code\runs\ad_hoc\nasdaq_extended_factor_research_20260709\synergy_performance_summary.csv,NASDAQ COMP,nasdaq_ext_pair_11a2496388a1,Worst,success,Run termine avec succes,2014-03-31,C:\GoogleDrive\TP\07_backtest_code\runs\ad_hoc\nasx_e_20260709_synergy_s03\official_runs\2026-07-09_235340_research_NASDAQ-COMP_nasdaq_ext_pair_11a2496388a1_Worst_2014-03-31,quality_improvement: Oper Margin directional_delta lag3 + momentum: EPS NTM 3M Growth,pair_synergy,pair_synergy,,0.8325507200790851,37056.0,2014-03-31,2026-06-30,441.1428571428572,equal-weight pair of passed raw/relative variables,3142.0,70.47972972972973,0.2074254107487241,True,0.1121836368917381,0.2225570441222221,0.5040668891618189,-0.3458772745584649,-0.6681066562652171,-0.0861075089179853,-0.6992964604798964,0.1057262126939479,-0.8424525732973822,-0.2086873035264317,0.0833333333333333,C:\GoogleDrive\TP\07_backtest_code\runs\ad_hoc\nasx_e_20260709_synergy_s03\official_runs\2026-07-09_235340_research_NASDAQ-COMP_nasdaq_ext_pair_11a2496388a1_Worst_2014-03-31\perf_ptf.parquet,C:\GoogleDrive\TP\07_backtest_code\runs\ad_hoc\nasx_e_20260709_synergy_s03\official_runs\2026-07-09_235340_research_NASDAQ-COMP_nasdaq_ext_pair_11a2496388a1_Worst_2014-03-31\perf_bench.parquet,2.484580378734296,-0.3294757197080681,-0.6681066562652171,0.343287479956907,,,,,,,,,,,,,,,,,,,,,,,,,,,,,,,,,,,,,,,,,
nasdaq,old,synergy_performance_summary,C:\GoogleDrive\TP\07_backtest_code\runs\ad_hoc\nasdaq_extended_factor_research_20260709\synergy_performance_summary.csv,NASDAQ COMP,nasdaq_ext_pair_12d0905da8e6,Top,success,Run termine avec succes,2014-03-31,C:\GoogleDrive\TP\07_backtest_code\runs\ad_hoc\nasx_e_20260709_synergy_s00\official_runs\2026-07-09_235908_research_NASDAQ-COMP_nasdaq_ext_pair_12d0905da8e6_Top_2014-03-31,quality_improvement: Oper Margin score_delta lag3 + momentum: EPS Revision Ratio,pair_synergy,pair_synergy,,0.8347974566941517,37156.0,2014-03-31,2026-06-30,442.3333333333333,equal-weight pair of passed raw/relative variables,3142.0,70.47972972972973,0.226333304704346,True,0.2072201076358606,0.2569573875102967,0.8064376340515096,-0.4076558525429072,-0.0938709017610965,-0.0080150841501469,-0.405244891081556,0.1194197369807557,-0.0005341984666477,-0.1518522737310611,0.5,C:\GoogleDrive\TP\07_backtest_code\runs\ad_hoc\nasx_e_20260709_synergy_s00\official_runs\2026-07-09_235908_research_NASDAQ-COMP_nasdaq_ext_pair_12d0905da8e6_Top_2014-03-31\perf_ptf.parquet,C:\GoogleDrive\TP\07_backtest_code\runs\ad_hoc\nasx_e_20260709_synergy_s00\official_runs\2026-07-09_235908_research_NASDAQ-COMP_nasdaq_ext_pair_12d0905da8e6_Top_2014-03-31\perf_bench.parquet,1.267619111626515,-0.4192293207281177,-0.6004050708547096,-0.541823138822768,,,,,,,,,,,,,,,,,,,,,,,,,,,,,,,,,,,,,,,,,
nasdaq,old,synergy_performance_summary,C:\GoogleDrive\TP\07_backtest_code\runs\ad_hoc\nasdaq_extended_factor_research_20260709\synergy_performance_summary.csv,NASDAQ COMP,nasdaq_ext_pair_12d0905da8e6,Worst,success,Run termine avec succes,2014-03-31,C:\GoogleDrive\TP\07_backtest_code\runs\ad_hoc\nasx_e_20260709_synergy_s00\official_runs\2026-07-10_000008_research_NASDAQ-COMP_nasdaq_ext_pair_12d0905da8e6_Worst_2014-03-31,quality_improvement: Oper Margin score_delta lag3 + momentum: EPS Revision Ratio,pair_synergy,pair_synergy,,0.8347974566941517,37156.0,2014-03-31,2026-06-30,442.3333333333333,equal-weight pair of passed raw/relative variables,3142.0,70.47972972972973,0.2218148236063473,True,0.1291673234443804,0.2210164152264747,0.5844241176024103,-0.3253249971053396,-0.6004050708547096,-0.0721518426983957,-0.6332721151115539,0.0960010483916673,-0.7756892798265496,-0.1905660832082302,0.25,C:\GoogleDrive\TP\07_backtest_code\runs\ad_hoc\nasx_e_20260709_synergy_s00\official_runs\2026-07-10_000008_research_NASDAQ-COMP_nasdaq_ext_pair_12d0905da8e6_Worst_2014-03-31\perf_ptf.parquet,C:\GoogleDrive\TP\07_backtest_code\runs\ad_hoc\nasx_e_20260709_synergy_s00\official_runs\2026-07-10_000008_research_NASDAQ-COMP_nasdaq_ext_pair_12d0905da8e6_Worst_2014-03-31\perf_bench.parquet,1.267619111626515,-0.4192293207281177,-0.6004050708547096,-0.541823138822768,,,,,,,,,,,,,,,,,,,,,,,,,,,,,,,,,,,,,,,,,
nasdaq,old,synergy_performance_summary,C:\GoogleDrive\TP\07_backtest_code\runs\ad_hoc\nasdaq_extended_factor_research_20260709\synergy_performance_summary.csv,NASDAQ COMP,nasdaq_ext_pair_1d70a71bfbd1,Top,success,Run termine avec succes,2014-03-31,C:\GoogleDrive\TP\07_backtest_code\runs\ad_hoc\nasx_e_20260709_synergy_s02\official_runs\2026-07-09_235802_research_NASDAQ-COMP_nasdaq_ext_pair_1d70a71bfbd1_Top_2014-03-31,quality_improvement: Oper Margin score_delta lag3 + quality_improvement: ROE avg FY0 score_delta lag1,pair_synergy,pair_synergy,,0.8151385113123188,36281.0,2014-03-31,2026-06-30,431.9166666666667,equal-weight pair of passed raw/relative variables,3142.0,70.47972972972973,0.3253279366742011,True,0.2436865038132334,0.2675228744361755,0.910899691575238,-0.3404216190427016,0.3046789825820333,0.0219497207056962,-0.2852957784260714,0.1423562197804799,0.2221232245354378,-0.075602457046942,0.6666666666666666,C:\GoogleDrive\TP\07_backtest_code\runs\ad_hoc\nasx_e_20260709_synergy_s02\official_runs\2026-07-09_235802_research_NASDAQ-COMP_nasdaq_ext_pair_1d70a71bfbd1_Top_2014-03-31\perf_ptf.parquet,C:\GoogleDrive\TP\07_backtest_code\runs\ad_hoc\nasx_e_20260709_synergy_s02\official_runs\2026-07-09_235802_research_NASDAQ-COMP_nasdaq_ext_pair_1d70a71bfbd1_Top_2014-03-31\perf_bench.parquet,2.5885598682654107,-0.2602027585671647,-0.636433825691566,0.8104086830351738,,,,,,,,,,,,,,,,,,,,,,,,,,,,,,,,,,,,,,,,,
nasdaq,old,synergy_performance_summary,C:\GoogleDrive\TP\07_backtest_code\runs\ad_hoc\nasdaq_extended_factor_research_20260709\synergy_performance_summary.csv,NASDAQ COMP,nasdaq_ext_pair_1d70a71bfbd1,Worst,success,Run termine avec succes,2014-03-31,C:\GoogleDrive\TP\07_backtest_code\runs\ad_hoc\nasx_e_20260709_synergy_s02\official_runs\2026-07-09_235909_research_NASDAQ-COMP_nasdaq_ext_pair_1d70a71bfbd1_Worst_2014-03-31,quality_improvement: Oper Margin score_delta lag3 + quality_improvement: ROE avg FY0 score_delta lag1,pair_synergy,pair_synergy,,0.8151385113123188,36281.0,2014-03-31,2026-06-30,431.9166666666667,equal-weight pair of passed raw/relative variables,3142.0,70.47972972972973,0.3258940935491921,True,0.1204904247113995,0.2241097718811119,0.5376402095278495,-0.347845315402187,-0.636433825691566,-0.0792817377399303,-0.6674935407129365,0.0874273217138523,-0.9308801163474724,-0.1927223163180098,0.25,C:\GoogleDrive\TP\07_backtest_code\runs\ad_hoc\nasx_e_20260709_synergy_s02\official_runs\2026-07-09_235909_research_NASDAQ-COMP_nasdaq_ext_pair_1d70a71bfbd1_Worst_2014-03-31\perf_ptf.parquet,C:\GoogleDrive\TP\07_backtest_code\runs\ad_hoc\nasx_e_20260709_synergy_s02\official_runs\2026-07-09_235909_research_NASDAQ-COMP_nasdaq_ext_pair_1d70a71bfbd1_Worst_2014-03-31\perf_bench.parquet,2.5885598682654107,-0.2602027585671647,-0.636433825691566,0.8104086830351738,,,,,,,,,,,,,,,,,,,,,,,,,,,,,,,,,,,,,,,,,
nasdaq,old,synergy_performance_summary,C:\GoogleDrive\TP\07_backtest_code\runs\ad_hoc\nasdaq_extended_factor_research_20260709\synergy_performance_summary.csv,NASDAQ COMP,nasdaq_ext_pair_1d8b1bc0d229,Top,success,Run termine avec succes,2014-03-31,C:\GoogleDrive\TP\07_backtest_code\runs\ad_hoc\nasx_e_20260709_synergy_s00\official_runs\2026-07-09_234602_research_NASDAQ-COMP_nasdaq_ext_pair_1d8b1bc0d229_Top_2014-03-31,earnings_yield_improvement: Earns Yield FY1 directional_delta lag3 + quality_improvement: Oper Margin directional_delta lag1,pair_synergy,pair_synergy,,0.85092902559033,37874.0,2014-03-31,2026-06-30,450.8809523809524,equal-weight pair of passed raw/relative variables,3142.0,70.47972972972973,0.3390959372903346,True,0.2442375332396547,0.2660620512829775,0.9179720747920164,-0.3543425930565905,0.3117773072008649,0.0224025071327462,-0.4737347764475916,0.1416546788646693,0.2249572193354958,-0.1331344052419244,0.5,C:\GoogleDrive\TP\07_backtest_code\runs\ad_hoc\nasx_e_20260709_synergy_s00\official_runs\2026-07-09_234602_research_NASDAQ-COMP_nasdaq_ext_pair_1d8b1bc0d229_Top_2014-03-31\perf_ptf.parquet,C:\GoogleDrive\TP\07_backtest_code\runs\ad_hoc\nasx_e_20260709_synergy_s00\official_runs\2026-07-09_234602_research_NASDAQ-COMP_nasdaq_ext_pair_1d8b1bc0d229_Top_2014-03-31\perf_bench.parquet,1.5025010070429974,-0.4740795135406984,-0.4758134747962056,-0.1592308262794134,,,,,,,,,,,,,,,,,,,,,,,,,,,,,,,,,,,,,,,,,
nasdaq,old,synergy_performance_summary,C:\GoogleDrive\TP\07_backtest_code\runs\ad_hoc\nasdaq_extended_factor_research_20260709\synergy_performance_summary.csv,NASDAQ COMP,nasdaq_ext_pair_1d8b1bc0d229,Worst,success,Run termine avec succes,2014-03-31,C:\GoogleDrive\TP\07_backtest_code\runs\ad_hoc\nasx_e_20260709_synergy_s00\official_runs\2026-07-09_234702_research_NASDAQ-COMP_nasdaq_ext_pair_1d8b1bc0d229_Worst_2014-03-31,earnings_yield_improvement: Earns Yield FY1 directional_delta lag3 + quality_improvement: Oper Margin directional_delta lag1,pair_synergy,pair_synergy,,0.85092902559033,37874.0,2014-03-31,2026-06-30,450.8809523809524,equal-weight pair of passed raw/relative variables,3142.0,70.47972972972973,0.3189183821539497,True,0.154464754788878,0.2288059433902004,0.6750906576122341,-0.3128162645796066,-0.4758134747962056,-0.0513646886866616,-0.5329349336337215,0.0902408948229529,-0.5646901434440043,-0.1672615495492383,0.3333333333333333,C:\GoogleDrive\TP\07_backtest_code\runs\ad_hoc\nasx_e_20260709_synergy_s00\official_runs\2026-07-09_234702_research_NASDAQ-COMP_nasdaq_ext_pair_1d8b1bc0d229_Worst_2014-03-31\perf_ptf.parquet,C:\GoogleDrive\TP\07_backtest_code\runs\ad_hoc\nasx_e_20260709_synergy_s00\official_runs\2026-07-09_234702_research_NASDAQ-COMP_nasdaq_ext_pair_1d8b1bc0d229_Worst_2014-03-31\perf_bench.parquet,1.5025010070429974,-0.4740795135406984,-0.4758134747962056,-0.1592308262794134,,,,,,,,,,,,,,,,,,,,,,,,,,,,,,,,,,,,,,,,,
nasdaq,old,synergy_performance_summary,C:\GoogleDrive\TP\07_backtest_code\runs\ad_hoc\nasdaq_extended_factor_research_20260709\synergy_performance_summary.csv,NASDAQ COMP,nasdaq_ext_pair_2c3db0360664,Top,success,Run termine avec succes,2014-03-31,C:\GoogleDrive\TP\07_backtest_code\runs\ad_hoc\nasx_e_20260709_synergy_s01\official_runs\2026-07-09_234603_research_NASDAQ-COMP_nasdaq_ext_pair_2c3db0360664_Top_2014-03-31,earnings_yield_improvement: Earns Yield FY1 directional_delta lag3 + quality_improvement: Oper Margin directional_delta lag3,pair_synergy,pair_synergy,,0.8491765710305781,37796.0,2014-03-31,2026-06-30,449.95238095238096,equal-weight pair of passed raw/relative variables,3142.0,70.47972972972973,0.2342406879103291,True,0.2719695915605018,0.2839092297697892,0.9579455792297814,-0.3557427322483215,0.7184086577093916,0.0451902186409831,-0.2980543734661386,0.1522214794999124,0.3830384791832477,-0.0743856559887667,0.5833333333333334,C:\GoogleDrive\TP\07_backtest_code\runs\ad_hoc\nasx_e_20260709_synergy_s01\official_runs\2026-07-09_234603_research_NASDAQ-COMP_nasdaq_ext_pair_2c3db0360664_Top_2014-03-31\perf_ptf.parquet,C:\GoogleDrive\TP\07_backtest_code\runs\ad_hoc\nasx_e_20260709_synergy_s01\official_runs\2026-07-09_234603_research_NASDAQ-COMP_nasdaq_ext_pair_2c3db0360664_Top_2014-03-31\perf_bench.parquet,4.100599902687418,-0.2426312982428505,-0.6630967551867788,1.945992726632144,,,,,,,,,,,,,,,,,,,,,,,,,,,,,,,,,,,,,,,,,
nasdaq,old,synergy_performance_summary,C:\GoogleDrive\TP\07_backtest_code\runs\ad_hoc\nasdaq_extended_factor_research_20260709\synergy_performance_summary.csv,NASDAQ COMP,nasdaq_ext_pair_2c3db0360664,Worst,success,Run termine avec succes,2014-03-31,C:\GoogleDrive\TP\07_backtest_code\runs\ad_hoc\nasx_e_20260709_synergy_s01\official_runs\2026-07-09_234702_research_NASDAQ-COMP_nasdaq_ext_pair_2c3db0360664_Worst_2014-03-31,earnings_yield_improvement: Earns Yield FY1 directional_delta lag3 + quality_improvement: Oper Margin directional_delta lag3,pair_synergy,pair_synergy,,0.8491765710305781,37796.0,2014-03-31,2026-06-30,449.95238095238096,equal-weight pair of passed raw/relative variables,3142.0,70.47972972972973,0.2374138011430486,True,0.1135447981826109,0.225664556344256,0.5031574298685879,-0.3516220563830496,-0.6630967551867788,-0.0849890289821028,-0.6794780486625435,0.104406960451325,-0.8348934036253256,-0.1991395456945014,0.3333333333333333,C:\GoogleDrive\TP\07_backtest_code\runs\ad_hoc\nasx_e_20260709_synergy_s01\official_runs\2026-07-09_234702_research_NASDAQ-COMP_nasdaq_ext_pair_2c3db0360664_Worst_2014-03-31\perf_ptf.parquet,C:\GoogleDrive\TP\07_backtest_code\runs\ad_hoc\nasx_e_20260709_synergy_s01\official_runs\2026-07-09_234702_research_NASDAQ-COMP_nasdaq_ext_pair_2c3db0360664_Worst_2014-03-31\perf_bench.parquet,4.100599902687418,-0.2426312982428505,-0.6630967551867788,1.945992726632144,,,,,,,,,,,,,,,,,,,,,,,,,,,,,,,,,,,,,,,,,
nasdaq,old,synergy_performance_summary,C:\GoogleDrive\TP\07_backtest_code\runs\ad_hoc\nasdaq_extended_factor_research_20260709\synergy_performance_summary.csv,NASDAQ COMP,nasdaq_ext_pair_3b8ee8aad080,Top,success,Run termine avec succes,2014-03-31,C:\GoogleDrive\TP\07_backtest_code\runs\ad_hoc\nasx_e_20260709_synergy_s02\official_runs\2026-07-09_234951_research_NASDAQ-COMP_nasdaq_ext_pair_3b8ee8aad080_Top_2014-03-31,quality_improvement: Oper Margin directional_delta lag1 + quality_improvement: ROE avg FY0 score_delta lag3,pair_synergy,pair_synergy,,0.8150486418477162,36277.0,2014-03-31,2026-06-30,431.8690476190476,equal-weight pair of passed raw/relative variables,3142.0,70.47972972972973,0.3025926836559069,True,0.2654296126214146,0.2735154313677826,0.9704374312413276,-0.3266709464257004,0.6132581044951304,0.0398162521070302,-0.3260815237942616,0.1640514022847121,0.3046176951360995,-0.0747424291706646,0.5833333333333334,C:\GoogleDrive\TP\07_backtest_code\runs\ad_hoc\nasx_e_20260709_synergy_s02\official_runs\2026-07-09_234951_research_NASDAQ-COMP_nasdaq_ext_pair_3b8ee8aad080_Top_2014-03-31\perf_ptf.parquet,C:\GoogleDrive\TP\07_backtest_code\runs\ad_hoc\nasx_e_20260709_synergy_s02\official_runs\2026-07-09_234951_research_NASDAQ-COMP_nasdaq_ext_pair_3b8ee8aad080_Top_2014-03-31\perf_bench.parquet,4.166602516388579,-0.3000486481760062,-0.6877526189835894,1.80560248364552,,,,,,,,,,,,,,,,,,,,,,,,,,,,,,,,,,,,,,,,,
nasdaq,old,synergy_performance_summary,C:\GoogleDrive\TP\07_backtest_code\runs\ad_hoc\nasdaq_extended_factor_research_20260709\synergy_performance_summary.csv,NASDAQ COMP,nasdaq_ext_pair_3b8ee8aad080,Worst,success,Run termine avec succes,2014-03-31,C:\GoogleDrive\TP\07_backtest_code\runs\ad_hoc\nasx_e_20260709_synergy_s02\official_runs\2026-07-09_235044_research_NASDAQ-COMP_nasdaq_ext_pair_3b8ee8aad080_Worst_2014-03-31,quality_improvement: Oper Margin directional_delta lag1 + quality_improvement: ROE avg FY0 score_delta lag3,pair_synergy,pair_synergy,,0.8150486418477162,36277.0,2014-03-31,2026-06-30,431.8690476190476,equal-weight pair of passed raw/relative variables,3142.0,70.47972972972973,0.2955812943678027,True,0.1066571802323237,0.2222179830605825,0.4799664669949154,-0.3829091163111648,-0.6877526189835894,-0.0906486539913333,-0.7010468746712712,0.1026335066108681,-0.916216664076492,-0.2086285989365059,0.1666666666666666,C:\GoogleDrive\TP\07_backtest_code\runs\ad_hoc\nasx_e_20260709_synergy_s02\official_runs\2026-07-09_235044_research_NASDAQ-COMP_nasdaq_ext_pair_3b8ee8aad080_Worst_2014-03-31\perf_ptf.parquet,C:\GoogleDrive\TP\07_backtest_code\runs\ad_hoc\nasx_e_20260709_synergy_s02\official_runs\2026-07-09_235044_research_NASDAQ-COMP_nasdaq_ext_pair_3b8ee8aad080_Worst_2014-03-31\perf_bench.parquet,4.166602516388579,-0.3000486481760062,-0.6877526189835894,1.80560248364552,,,,,,,,,,,,,,,,,,,,,,,,,,,,,,,,,,,,,,,,,
nasdaq,old,synergy_performance_summary,C:\GoogleDrive\TP\07_backtest_code\runs\ad_hoc\nasdaq_extended_factor_research_20260709\synergy_performance_summary.csv,NASDAQ COMP,nasdaq_ext_pair_43c9b9aa6ae0,Top,success,Run termine avec succes,2014-01-31,C:\GoogleDrive\TP\07_backtest_code\runs\ad_hoc\nasx_e_20260709_synergy_s02\official_runs\2026-07-10_000005_research_NASDAQ-COMP_nasdaq_ext_pair_43c9b9aa6ae0_Top_2014-01-31,quality_improvement: ROE avg FY0 score_delta lag1 + momentum: EPS Revision Ratio,pair_synergy,pair_synergy,,0.8869217461636972,39476.0,2014-01-31,2026-06-30,469.95238095238096,equal-weight pair of passed raw/relative variables,3184.0,69.78,0.3397589353730467,True,0.2128489217984754,0.2448638790683449,0.8692540631485561,-0.3467309547225806,-0.0580178497170567,-0.0048054094401783,-0.4195397767951414,0.1056552801880922,0.0020882596565234,-0.1244722950002319,0.4166666666666667,C:\GoogleDrive\TP\07_backtest_code\runs\ad_hoc\nasx_e_20260709_synergy_s02\official_runs\2026-07-10_000005_research_NASDAQ-COMP_nasdaq_ext_pair_43c9b9aa6ae0_Top_2014-01-31\perf_ptf.parquet,C:\GoogleDrive\TP\07_backtest_code\runs\ad_hoc\nasx_e_20260709_synergy_s02\official_runs\2026-07-10_000005_research_NASDAQ-COMP_nasdaq_ext_pair_43c9b9aa6ae0_Top_2014-01-31\perf_bench.parquet,1.9394511307492728,-0.3187111416777798,-0.679538080960431,-0.1574994131210271,,,,,,,,,,,,,,,,,,,,,,,,,,,,,,,,,,,,,,,,,
nasdaq,old,synergy_performance_summary,C:\GoogleDrive\TP\07_backtest_code\runs\ad_hoc\nasdaq_extended_factor_research_20260709\synergy_performance_summary.csv,NASDAQ COMP,nasdaq_ext_pair_43c9b9aa6ae0,Worst,success,Run termine avec succes,2014-01-31,C:\GoogleDrive\TP\07_backtest_code\runs\ad_hoc\nasx_e_20260709_synergy_s02\official_runs\2026-07-10_000104_research_NASDAQ-COMP_nasdaq_ext_pair_43c9b9aa6ae0_Worst_2014-01-31,quality_improvement: ROE avg FY0 score_delta lag1 + momentum: EPS Revision Ratio,pair_synergy,pair_synergy,,0.8869217461636972,39476.0,2014-01-31,2026-06-30,469.95238095238096,equal-weight pair of passed raw/relative variables,3184.0,69.78,0.3360143353682306,True,0.1119044394994155,0.2144035167216752,0.5219337873300027,-0.3443769872384118,-0.679538080960431,-0.0876346892666548,-0.7032786158802209,0.1011826647481718,-0.9115692202891572,-0.1789345278036277,0.1666666666666666,C:\GoogleDrive\TP\07_backtest_code\runs\ad_hoc\nasx_e_20260709_synergy_s02\official_runs\2026-07-10_000104_research_NASDAQ-COMP_nasdaq_ext_pair_43c9b9aa6ae0_Worst_2014-01-31\perf_ptf.parquet,C:\GoogleDrive\TP\07_backtest_code\runs\ad_hoc\nasx_e_20260709_synergy_s02\official_runs\2026-07-10_000104_research_NASDAQ-COMP_nasdaq_ext_pair_43c9b9aa6ae0_Worst_2014-01-31\perf_bench.parquet,1.9394511307492728,-0.3187111416777798,-0.679538080960431,-0.1574994131210271,,,,,,,,,,,,,,,,,,,,,,,,,,,,,,,,,,,,,,,,,
nasdaq,old,synergy_performance_summary,C:\GoogleDrive\TP\07_backtest_code\runs\ad_hoc\nasdaq_extended_factor_research_20260709\synergy_performance_summary.csv,NASDAQ COMP,nasdaq_ext_pair_459c506bb7f6,Top,success,Run termine avec succes,2014-03-31,C:\GoogleDrive\TP\07_backtest_code\runs\ad_hoc\nasx_e_20260709_synergy_s00\official_runs\2026-07-09_235328_research_NASDAQ-COMP_nasdaq_ext_pair_459c506bb7f6_Top_2014-03-31,quality_improvement: Oper Margin directional_delta lag3 + quality_improvement: ROE avg FY0 score_delta lag3,pair_synergy,pair_synergy,,0.8137680019771282,36220.0,2014-03-31,2026-06-30,431.1904761904762,equal-weight pair of passed raw/relative variables,3142.0,70.47972972972973,0.1768072267431768,True,0.2858644575448781,0.2721265300138876,1.0504836023532484,-0.3400312475111462,0.9630148722157448,0.0566077699036515,-0.287654664832305,0.1492471555973754,0.4397665934287903,-0.0360663682908179,0.75,C:\GoogleDrive\TP\07_backtest_code\runs\ad_hoc\nasx_e_20260709_synergy_s00\official_runs\2026-07-09_235328_research_NASDAQ-COMP_nasdaq_ext_pair_459c506bb7f6_Top_2014-03-31\perf_ptf.parquet,C:\GoogleDrive\TP\07_backtest_code\runs\ad_hoc\nasx_e_20260709_synergy_s00\official_runs\2026-07-09_235328_research_NASDAQ-COMP_nasdaq_ext_pair_459c506bb7f6_Top_2014-03-31\perf_bench.parquet,6.0676381371273065,-0.2556008772538042,-0.7222530590659773,3.236211087226595,,,,,,,,,,,,,,,,,,,,,,,,,,,,,,,,,,,,,,,,,
nasdaq,old,synergy_performance_summary,C:\GoogleDrive\TP\07_backtest_code\runs\ad_hoc\nasdaq_extended_factor_research_20260709\synergy_performance_summary.csv,NASDAQ COMP,nasdaq_ext_pair_459c506bb7f6,Worst,success,Run termine avec succes,2014-03-31,C:\GoogleDrive\TP\07_backtest_code\runs\ad_hoc\nasx_e_20260709_synergy_s00\official_runs\2026-07-09_235423_research_NASDAQ-COMP_nasdaq_ext_pair_459c506bb7f6_Worst_2014-03-31,quality_improvement: Oper Margin directional_delta lag3 + quality_improvement: ROE avg FY0 score_delta lag3,pair_synergy,pair_synergy,,0.8137680019771282,36220.0,2014-03-31,2026-06-30,431.1904761904762,equal-weight pair of passed raw/relative variables,3142.0,70.47972972972973,0.1911475766711817,True,0.0961294216974042,0.2213472201316521,0.4342924281598328,-0.3945007620890576,-0.7222530590659773,-0.0992994191652181,-0.7339000081548328,0.0999593555315139,-1.0366003833129975,-0.2139797101219013,0.0833333333333333,C:\GoogleDrive\TP\07_backtest_code\runs\ad_hoc\nasx_e_20260709_synergy_s00\official_runs\2026-07-09_235423_research_NASDAQ-COMP_nasdaq_ext_pair_459c506bb7f6_Worst_2014-03-31\perf_ptf.parquet,C:\GoogleDrive\TP\07_backtest_code\runs\ad_hoc\nasx_e_20260709_synergy_s00\official_runs\2026-07-09_235423_research_NASDAQ-COMP_nasdaq_ext_pair_459c506bb7f6_Worst_2014-03-31\perf_bench.parquet,6.0676381371273065,-0.2556008772538042,-0.7222530590659773,3.236211087226595,,,,,,,,,,,,,,,,,,,,,,,,,,,,,,,,,,,,,,,,,
nasdaq,old,synergy_performance_summary,C:\GoogleDrive\TP\07_backtest_code\runs\ad_hoc\nasdaq_extended_factor_research_20260709\synergy_performance_summary.csv,NASDAQ COMP,nasdaq_ext_pair_4d77775dc13b,Top,success,Run termine avec succes,2014-01-31,C:\GoogleDrive\TP\07_backtest_code\runs\ad_hoc\nasx_e_20260709_synergy_s01\official_runs\2026-07-09_235646_research_NASDAQ-COMP_nasdaq_ext_pair_4d77775dc13b_Top_2014-01-31,quality_improvement: ROE avg FY0 directional_delta lag1 + momentum: EPS Revision Ratio,pair_synergy,pair_synergy,,0.8869217461636972,39476.0,2014-01-31,2026-06-30,469.95238095238096,equal-weight pair of passed raw/relative variables,3184.0,69.78,0.3049844152820344,True,0.2075272387698847,0.2462907210773124,0.8426108700406154,-0.3520404543337938,-0.10803798886845,-0.0091720787487301,-0.457449562989176,0.1075082498671782,-0.0348779908601935,-0.133568987225389,0.4166666666666667,C:\GoogleDrive\TP\07_backtest_code\runs\ad_hoc\nasx_e_20260709_synergy_s01\official_runs\2026-07-09_235646_research_NASDAQ-COMP_nasdaq_ext_pair_4d77775dc13b_Top_2014-01-31\perf_ptf.parquet,C:\GoogleDrive\TP\07_backtest_code\runs\ad_hoc\nasx_e_20260709_synergy_s01\official_runs\2026-07-09_235646_research_NASDAQ-COMP_nasdaq_ext_pair_4d77775dc13b_Top_2014-01-31\perf_bench.parquet,1.6467774778216526,-0.3081080772736978,-0.6630007552181336,-0.4406256130285431,,,,,,,,,,,,,,,,,,,,,,,,,,,,,,,,,,,,,,,,,
nasdaq,old,synergy_performance_summary,C:\GoogleDrive\TP\07_backtest_code\runs\ad_hoc\nasdaq_extended_factor_research_20260709\synergy_performance_summary.csv,NASDAQ COMP,nasdaq_ext_pair_4d77775dc13b,Worst,success,Run termine avec succes,2014-01-31,C:\GoogleDrive\TP\07_backtest_code\runs\ad_hoc\nasx_710_synergy_resume_s00\official_runs\2026-07-10_001212_research_NASDAQ-COMP_nasdaq_ext_pair_4d77775dc13b_Worst_2014-01-31,quality_improvement: ROE avg FY0 directional_delta lag1 + momentum: EPS Revision Ratio,pair_synergy,pair_synergy,,0.8869217461636972,39476.0,2014-01-31,2026-06-30,469.95238095238096,equal-weight pair of passed raw/relative variables,3184.0,69.78,0.3108858915476064,True,0.1164226395825023,0.2154875503416461,0.5402754794786022,-0.3203503240129679,-0.6630007552181336,-0.083927312196898,-0.6977869541978591,0.100164550432348,-0.8787376129490574,-0.1758444989742028,0.1666666666666666,C:\GoogleDrive\TP\07_backtest_code\runs\ad_hoc\nasx_710_synergy_resume_s00\official_runs\2026-07-10_001212_research_NASDAQ-COMP_nasdaq_ext_pair_4d77775dc13b_Worst_2014-01-31\perf_ptf.parquet,C:\GoogleDrive\TP\07_backtest_code\runs\ad_hoc\nasx_710_synergy_resume_s00\official_runs\2026-07-10_001212_research_NASDAQ-COMP_nasdaq_ext_pair_4d77775dc13b_Worst_2014-01-31\perf_bench.parquet,1.6467774778216526,-0.3081080772736978,-0.6630007552181336,-0.4406256130285431,,,,,,,,,,,,,,,,,,,,,,,,,,,,,,,,,,,,,,,,,
nasdaq,old,synergy_performance_summary,C:\GoogleDrive\TP\07_backtest_code\runs\ad_hoc\nasdaq_extended_factor_research_20260709\synergy_performance_summary.csv,NASDAQ COMP,nasdaq_ext_pair_4e35666ae8d4,Top,success,Run termine avec succes,2014-01-31,C:\GoogleDrive\TP\07_backtest_code\runs\ad_hoc\nasx_e_20260709_synergy_s01\official_runs\2026-07-10_000006_research_NASDAQ-COMP_nasdaq_ext_pair_4e35666ae8d4_Top_2014-01-31,quality_improvement: ROE avg FY0 score_delta lag1 + momentum: EPS NTM 3M Growth,pair_synergy,pair_synergy,,0.8824507402997147,39277.0,2014-01-31,2026-06-30,467.5833333333333,equal-weight pair of passed raw/relative variables,3184.0,69.78,0.3528640536663078,True,0.2498449150429511,0.2475840634886648,1.0091316521848337,-0.3152972859176635,0.3676000414555904,0.0255513907247537,-0.2536362269101146,0.0881621309231131,0.3451111510314291,-0.062219579030988,0.6666666666666666,C:\GoogleDrive\TP\07_backtest_code\runs\ad_hoc\nasx_e_20260709_synergy_s01\official_runs\2026-07-10_000006_research_NASDAQ-COMP_nasdaq_ext_pair_4e35666ae8d4_Top_2014-01-31\perf_ptf.parquet,C:\GoogleDrive\TP\07_backtest_code\runs\ad_hoc\nasx_e_20260709_synergy_s01\official_runs\2026-07-10_000006_research_NASDAQ-COMP_nasdaq_ext_pair_4e35666ae8d4_Top_2014-01-31\perf_bench.parquet,2.714167279409472,-0.2051638509741766,-0.6317882479237633,1.0670295173859956,,,,,,,,,,,,,,,,,,,,,,,,,,,,,,,,,,,,,,,,,
nasdaq,old,synergy_performance_summary,C:\GoogleDrive\TP\07_backtest_code\runs\ad_hoc\nasdaq_extended_factor_research_20260709\synergy_performance_summary.csv,NASDAQ COMP,nasdaq_ext_pair_4e35666ae8d4,Worst,success,Run termine avec succes,2014-01-31,C:\GoogleDrive\TP\07_backtest_code\runs\ad_hoc\nasx_e_20260709_synergy_s01\official_runs\2026-07-10_000105_research_NASDAQ-COMP_nasdaq_ext_pair_4e35666ae8d4_Worst_2014-01-31,quality_improvement: ROE avg FY0 score_delta lag1 + momentum: EPS NTM 3M Growth,pair_synergy,pair_synergy,,0.8824507402997147,39277.0,2014-01-31,2026-06-30,467.5833333333333,equal-weight pair of passed raw/relative variables,3184.0,69.78,0.3432734619600555,True,0.1244210456295871,0.2149154774108929,0.5789301316429101,-0.3078781087546132,-0.6317882479237633,-0.07736427677831,-0.6695834726675991,0.1088186163486508,-0.7455577578634522,-0.187883354342268,0.1666666666666666,C:\GoogleDrive\TP\07_backtest_code\runs\ad_hoc\nasx_e_20260709_synergy_s01\official_runs\2026-07-10_000105_research_NASDAQ-COMP_nasdaq_ext_pair_4e35666ae8d4_Worst_2014-01-31\perf_ptf.parquet,C:\GoogleDrive\TP\07_backtest_code\runs\ad_hoc\nasx_e_20260709_synergy_s01\official_runs\2026-07-10_000105_research_NASDAQ-COMP_nasdaq_ext_pair_4e35666ae8d4_Worst_2014-01-31\perf_bench.parquet,2.714167279409472,-0.2051638509741766,-0.6317882479237633,1.0670295173859956,,,,,,,,,,,,,,,,,,,,,,,,,,,,,,,,,,,,,,,,,
nasdaq,old,synergy_performance_summary,C:\GoogleDrive\TP\07_backtest_code\runs\ad_hoc\nasdaq_extended_factor_research_20260709\synergy_performance_summary.csv,NASDAQ COMP,nasdaq_ext_pair_584ba3745003,Top,success,Run termine avec succes,2014-03-31,C:\GoogleDrive\TP\07_backtest_code\runs\ad_hoc\nasx_e_20260709_synergy_s02\official_runs\2026-07-09_235654_research_NASDAQ-COMP_nasdaq_ext_pair_584ba3745003_Top_2014-03-31,quality_improvement: ROE avg FY0 score_delta lag3 + quality_improvement: Oper Margin score_delta lag3,pair_synergy,pair_synergy,,0.8137680019771282,36220.0,2014-03-31,2026-06-30,431.1904761904762,equal-weight pair of passed raw/relative variables,3142.0,70.47972972972973,0.2138539834474116,True,0.2633085241080581,0.2811435316375275,0.9365626254120488,-0.3508036056375914,0.5804455438542879,0.0380733323220436,-0.2808459808701878,0.1476639496768848,0.343836372480693,-0.0453468227246806,0.5833333333333334,C:\GoogleDrive\TP\07_backtest_code\runs\ad_hoc\nasx_e_20260709_synergy_s02\official_runs\2026-07-09_235654_research_NASDAQ-COMP_nasdaq_ext_pair_584ba3745003_Top_2014-03-31\perf_ptf.parquet,C:\GoogleDrive\TP\07_backtest_code\runs\ad_hoc\nasx_e_20260709_synergy_s02\official_runs\2026-07-09_235654_research_NASDAQ-COMP_nasdaq_ext_pair_584ba3745003_Top_2014-03-31\perf_bench.parquet,3.06567008460709,-0.2523184701202408,-0.6112705873902645,1.358577852015892,,,,,,,,,,,,,,,,,,,,,,,,,,,,,,,,,,,,,,,,,
nasdaq,old,synergy_performance_summary,C:\GoogleDrive\TP\07_backtest_code\runs\ad_hoc\nasdaq_extended_factor_research_20260709\synergy_performance_summary.csv,NASDAQ COMP,nasdaq_ext_pair_584ba3745003,Worst,success,Run termine avec succes,2014-03-31,C:\GoogleDrive\TP\07_backtest_code\runs\ad_hoc\nasx_710_synergy_resume_s00\official_runs\2026-07-10_001256_research_NASDAQ-COMP_nasdaq_ext_pair_584ba3745003_Worst_2014-03-31,quality_improvement: ROE avg FY0 score_delta lag3 + quality_improvement: Oper Margin score_delta lag3,pair_synergy,pair_synergy,,0.8137680019771282,36220.0,2014-03-31,2026-06-30,431.1904761904762,equal-weight pair of passed raw/relative variables,3142.0,70.47972972972973,0.2219958347173189,True,0.1266288836499995,0.2217214697765852,0.571116923307407,-0.3837480244319876,-0.6112705873902645,-0.074237704232586,-0.6497846890245393,0.0932241291086155,-0.8211197333818786,-0.2005109840483621,0.3333333333333333,C:\GoogleDrive\TP\07_backtest_code\runs\ad_hoc\nasx_710_synergy_resume_s00\official_runs\2026-07-10_001256_research_NASDAQ-COMP_nasdaq_ext_pair_584ba3745003_Worst_2014-03-31\perf_ptf.parquet,C:\GoogleDrive\TP\07_backtest_code\runs\ad_hoc\nasx_710_synergy_resume_s00\official_runs\2026-07-10_001256_research_NASDAQ-COMP_nasdaq_ext_pair_584ba3745003_Worst_2014-03-31\perf_bench.parquet,3.06567008460709,-0.2523184701202408,-0.6112705873902645,1.358577852015892,,,,,,,,,,,,,,,,,,,,,,,,,,,,,,,,,,,,,,,,,
nasdaq,old,synergy_performance_summary,C:\GoogleDrive\TP\07_backtest_code\runs\ad_hoc\nasdaq_extended_factor_research_20260709\synergy_performance_summary.csv,NASDAQ COMP,nasdaq_ext_pair_5964dd0146f5,Top,success,Run termine avec succes,2014-03-31,C:\GoogleDrive\TP\07_backtest_code\runs\ad_hoc\nasx_e_20260709_synergy_s01\official_runs\2026-07-09_234800_research_NASDAQ-COMP_nasdaq_ext_pair_5964dd0146f5_Top_2014-03-31,earnings_yield_improvement: Earns Yield FY1 directional_delta lag3 + quality_improvement: ROE avg FY0 score_delta lag1,pair_synergy,pair_synergy,,0.8467500954863061,37688.0,2014-03-31,2026-06-30,448.6666666666667,equal-weight pair of passed raw/relative variables,3142.0,70.47972972972973,0.3573032122447875,True,0.244101117132621,0.2796033273926873,0.873026510123732,-0.3865012063252271,0.3100167083076555,0.0222904126442595,-0.3793147099982051,0.1565620665372452,0.2251466700741224,-0.0911896526617136,0.5,C:\GoogleDrive\TP\07_backtest_code\runs\ad_hoc\nasx_e_20260709_synergy_s01\official_runs\2026-07-09_234800_research_NASDAQ-COMP_nasdaq_ext_pair_5964dd0146f5_Top_2014-03-31\perf_ptf.parquet,C:\GoogleDrive\TP\07_backtest_code\runs\ad_hoc\nasx_e_20260709_synergy_s01\official_runs\2026-07-09_234800_research_NASDAQ-COMP_nasdaq_ext_pair_5964dd0146f5_Top_2014-03-31\perf_bench.parquet,2.749208610441876,-0.2657678383261744,-0.6505884722820854,0.6782398743332243,,,,,,,,,,,,,,,,,,,,,,,,,,,,,,,,,,,,,,,,,
nasdaq,old,synergy_performance_summary,C:\GoogleDrive\TP\07_backtest_code\runs\ad_hoc\nasdaq_extended_factor_research_20260709\synergy_performance_summary.csv,NASDAQ COMP,nasdaq_ext_pair_5964dd0146f5,Worst,success,Run termine avec succes,2014-03-31,C:\GoogleDrive\TP\07_backtest_code\runs\ad_hoc\nasx_e_20260709_synergy_s01\official_runs\2026-07-09_234856_research_NASDAQ-COMP_nasdaq_ext_pair_5964dd0146f5_Worst_2014-03-31,earnings_yield_improvement: Earns Yield FY1 directional_delta lag3 + quality_improvement: ROE avg FY0 score_delta lag1,pair_synergy,pair_synergy,,0.8467500954863061,37688.0,2014-03-31,2026-06-30,448.6666666666667,equal-weight pair of passed raw/relative variables,3142.0,70.47972972972973,0.3611712569295627,True,0.1168637487606996,0.2252451808085786,0.5188290747939002,-0.30598329739908,-0.6505884722820854,-0.0822618138793305,-0.6661667697331926,0.1053106657735351,-0.8004948250099111,-0.1674985508280388,0.1666666666666666,C:\GoogleDrive\TP\07_backtest_code\runs\ad_hoc\nasx_e_20260709_synergy_s01\official_runs\2026-07-09_234856_research_NASDAQ-COMP_nasdaq_ext_pair_5964dd0146f5_Worst_2014-03-31\perf_ptf.parquet,C:\GoogleDrive\TP\07_backtest_code\runs\ad_hoc\nasx_e_20260709_synergy_s01\official_runs\2026-07-09_234856_research_NASDAQ-COMP_nasdaq_ext_pair_5964dd0146f5_Worst_2014-03-31\perf_bench.parquet,2.749208610441876,-0.2657678383261744,-0.6505884722820854,0.6782398743332243,,,,,,,,,,,,,,,,,,,,,,,,,,,,,,,,,,,,,,,,,
nasdaq,old,synergy_performance_summary,C:\GoogleDrive\TP\07_backtest_code\runs\ad_hoc\nasdaq_extended_factor_research_20260709\synergy_performance_summary.csv,NASDAQ COMP,nasdaq_ext_pair_632ab7ed5f01,Top,success,Run termine avec succes,2014-03-31,C:\GoogleDrive\TP\07_backtest_code\runs\ad_hoc\nasx_e_20260709_synergy_s00\official_runs\2026-07-09_234951_research_NASDAQ-COMP_nasdaq_ext_pair_632ab7ed5f01_Top_2014-03-31,quality_improvement: Oper Margin directional_delta lag1 + quality_improvement: Oper Margin directional_delta lag3,pair_synergy,pair_synergy,,0.8550630209620527,38058.0,2014-03-31,2026-06-30,453.07142857142856,equal-weight pair of passed raw/relative variables,3142.0,70.47972972972973,0.2747248126351996,True,0.2513228633970243,0.2620446202162013,0.9590842322565872,-0.3346427561349456,0.406266094686978,0.0282245942529575,-0.3506843145780161,0.1317743750700012,0.2753044076472396,-0.0892555184514065,0.6666666666666666,C:\GoogleDrive\TP\07_backtest_code\runs\ad_hoc\nasx_e_20260709_synergy_s00\official_runs\2026-07-09_234951_research_NASDAQ-COMP_nasdaq_ext_pair_632ab7ed5f01_Top_2014-03-31\perf_ptf.parquet,C:\GoogleDrive\TP\07_backtest_code\runs\ad_hoc\nasx_e_20260709_synergy_s00\official_runs\2026-07-09_234951_research_NASDAQ-COMP_nasdaq_ext_pair_632ab7ed5f01_Top_2014-03-31\perf_bench.parquet,3.38650077056152,-0.2497689161808722,-0.67941049865427,1.177117957290298,,,,,,,,,,,,,,,,,,,,,,,,,,,,,,,,,,,,,,,,,
nasdaq,old,synergy_performance_summary,C:\GoogleDrive\TP\07_backtest_code\runs\ad_hoc\nasdaq_extended_factor_research_20260709\synergy_performance_summary.csv,NASDAQ COMP,nasdaq_ext_pair_632ab7ed5f01,Worst,success,Run termine avec succes,2014-03-31,C:\GoogleDrive\TP\07_backtest_code\runs\ad_hoc\nasx_e_20260709_synergy_s00\official_runs\2026-07-09_235044_research_NASDAQ-COMP_nasdaq_ext_pair_632ab7ed5f01_Worst_2014-03-31,quality_improvement: Oper Margin directional_delta lag1 + quality_improvement: Oper Margin directional_delta lag3,pair_synergy,pair_synergy,,0.8550630209620527,38058.0,2014-03-31,2026-06-30,453.07142857142856,equal-weight pair of passed raw/relative variables,3142.0,70.47972972972973,0.229541605157508,True,0.1090417753758341,0.231213032779848,0.4716073919572667,-0.3504248471133679,-0.67941049865427,-0.088689208155558,-0.7033948072769853,0.1032734088127037,-0.8702567199377176,-0.1863446630734794,0.25,C:\GoogleDrive\TP\07_backtest_code\runs\ad_hoc\nasx_e_20260709_synergy_s00\official_runs\2026-07-09_235044_research_NASDAQ-COMP_nasdaq_ext_pair_632ab7ed5f01_Worst_2014-03-31\perf_ptf.parquet,C:\GoogleDrive\TP\07_backtest_code\runs\ad_hoc\nasx_e_20260709_synergy_s00\official_runs\2026-07-09_235044_research_NASDAQ-COMP_nasdaq_ext_pair_632ab7ed5f01_Worst_2014-03-31\perf_bench.parquet,3.38650077056152,-0.2497689161808722,-0.67941049865427,1.177117957290298,,,,,,,,,,,,,,,,,,,,,,,,,,,,,,,,,,,,,,,,,
nasdaq,old,synergy_performance_summary,C:\GoogleDrive\TP\07_backtest_code\runs\ad_hoc\nasdaq_extended_factor_research_20260709\synergy_performance_summary.csv,NASDAQ COMP,nasdaq_ext_pair_6707fff88ca0,Top,success,Run termine avec succes,2014-01-31,C:\GoogleDrive\TP\07_backtest_code\runs\ad_hoc\nasx_e_20260709_synergy_s01\official_runs\2026-07-09_235134_research_NASDAQ-COMP_nasdaq_ext_pair_6707fff88ca0_Top_2014-01-31,quality_improvement: Oper Margin directional_delta lag1 + momentum: EPS NTM 3M Growth,pair_synergy,pair_synergy,,0.8895728953694758,39594.0,2014-01-31,2026-06-30,471.3571428571428,equal-weight pair of passed raw/relative variables,3184.0,69.78,0.3114410106848861,True,0.2243922986518731,0.2580627765955435,0.8695260184833189,-0.3681205897928929,0.0594671202247076,0.0046664266597868,-0.5273274363520204,0.1172986378773816,0.1098352024741281,-0.1531276637444194,0.5,C:\GoogleDrive\TP\07_backtest_code\runs\ad_hoc\nasx_e_20260709_synergy_s01\official_runs\2026-07-09_235134_research_NASDAQ-COMP_nasdaq_ext_pair_6707fff88ca0_Top_2014-01-31\perf_ptf.parquet,C:\GoogleDrive\TP\07_backtest_code\runs\ad_hoc\nasx_e_20260709_synergy_s01\official_runs\2026-07-09_235134_research_NASDAQ-COMP_nasdaq_ext_pair_6707fff88ca0_Top_2014-01-31\perf_bench.parquet,1.4523835732894108,-0.3693922534974536,-0.5679847427767459,-0.5394222674564288,,,,,,,,,,,,,,,,,,,,,,,,,,,,,,,,,,,,,,,,,
nasdaq,old,synergy_performance_summary,C:\GoogleDrive\TP\07_backtest_code\runs\ad_hoc\nasdaq_extended_factor_research_20260709\synergy_performance_summary.csv,NASDAQ COMP,nasdaq_ext_pair_6707fff88ca0,Worst,success,Run termine avec succes,2014-01-31,C:\GoogleDrive\TP\07_backtest_code\runs\ad_hoc\nasx_e_20260709_synergy_s01\official_runs\2026-07-09_235230_research_NASDAQ-COMP_nasdaq_ext_pair_6707fff88ca0_Worst_2014-01-31,quality_improvement: Oper Margin directional_delta lag1 + momentum: EPS NTM 3M Growth,pair_synergy,pair_synergy,,0.8895728953694758,39594.0,2014-01-31,2026-06-30,471.3571428571428,equal-weight pair of passed raw/relative variables,3184.0,69.78,0.320360884129812,True,0.138996198225741,0.2171168079435592,0.6401908702612924,-0.3215146816187388,-0.5679847427767459,-0.0654047385707257,-0.6181141175478981,0.1081513818715106,-0.6285930829051676,-0.1699303456643879,0.3333333333333333,C:\GoogleDrive\TP\07_backtest_code\runs\ad_hoc\nasx_e_20260709_synergy_s01\official_runs\2026-07-09_235230_research_NASDAQ-COMP_nasdaq_ext_pair_6707fff88ca0_Worst_2014-01-31\perf_ptf.parquet,C:\GoogleDrive\TP\07_backtest_code\runs\ad_hoc\nasx_e_20260709_synergy_s01\official_runs\2026-07-09_235230_research_NASDAQ-COMP_nasdaq_ext_pair_6707fff88ca0_Worst_2014-01-31\perf_bench.parquet,1.4523835732894108,-0.3693922534974536,-0.5679847427767459,-0.5394222674564288,,,,,,,,,,,,,,,,,,,,,,,,,,,,,,,,,,,,,,,,,
nasdaq,old,synergy_performance_summary,C:\GoogleDrive\TP\07_backtest_code\runs\ad_hoc\nasdaq_extended_factor_research_20260709\synergy_performance_summary.csv,NASDAQ COMP,nasdaq_ext_pair_6a1428bc432a,Top,success,Run termine avec succes,2014-01-31,C:\GoogleDrive\TP\07_backtest_code\runs\ad_hoc\nasx_e_20260709_synergy_s01\official_runs\2026-07-09_234949_research_NASDAQ-COMP_nasdaq_ext_pair_6a1428bc432a_Top_2014-01-31,quality_improvement: Oper Margin directional_delta lag1 + quality_improvement: ROE avg FY0 directional_delta lag1,pair_synergy,pair_synergy,,0.8739805432609136,38900.0,2014-01-31,2026-06-30,463.0952380952381,equal-weight pair of passed raw/relative variables,3184.0,69.78,0.4873464429170256,True,0.2510596529698439,0.2545804513706576,0.9861701934227164,-0.4540312478509265,0.3841842331352703,0.0265481353250613,-0.4024417354558774,0.134972216092306,0.2445675249276632,-0.0746414522689241,0.5,C:\GoogleDrive\TP\07_backtest_code\runs\ad_hoc\nasx_e_20260709_synergy_s01\official_runs\2026-07-09_234949_research_NASDAQ-COMP_nasdaq_ext_pair_6a1428bc432a_Top_2014-01-31\perf_ptf.parquet,C:\GoogleDrive\TP\07_backtest_code\runs\ad_hoc\nasx_e_20260709_synergy_s01\official_runs\2026-07-09_234949_research_NASDAQ-COMP_nasdaq_ext_pair_6a1428bc432a_Top_2014-01-31\perf_bench.parquet,4.259209107093433,-0.2983208076638384,-0.7368075303816439,1.499291647409002,,,,,,,,,,,,,,,,,,,,,,,,,,,,,,,,,,,,,,,,,
nasdaq,old,synergy_performance_summary,C:\GoogleDrive\TP\07_backtest_code\runs\ad_hoc\nasdaq_extended_factor_research_20260709\synergy_performance_summary.csv,NASDAQ COMP,nasdaq_ext_pair_6a1428bc432a,Worst,success,Run termine avec succes,2014-01-31,C:\GoogleDrive\TP\07_backtest_code\runs\ad_hoc\nasx_e_20260709_synergy_s01\official_runs\2026-07-09_235042_research_NASDAQ-COMP_nasdaq_ext_pair_6a1428bc432a_Worst_2014-01-31,quality_improvement: Oper Margin directional_delta lag1 + quality_improvement: ROE avg FY0 directional_delta lag1,pair_synergy,pair_synergy,,0.8739805432609136,38900.0,2014-01-31,2026-06-30,463.0952380952381,equal-weight pair of passed raw/relative variables,3184.0,69.78,0.4659432767065253,True,0.0944009863009223,0.2269971759341656,0.4158685495201964,-0.3956276205345007,-0.7368075303816439,-0.1019970237884411,-0.7597216102464469,0.1099289671515478,-0.9549395305173304,-0.2119331081716031,0.1666666666666666,C:\GoogleDrive\TP\07_backtest_code\runs\ad_hoc\nasx_e_20260709_synergy_s01\official_runs\2026-07-09_235042_research_NASDAQ-COMP_nasdaq_ext_pair_6a1428bc432a_Worst_2014-01-31\perf_ptf.parquet,C:\GoogleDrive\TP\07_backtest_code\runs\ad_hoc\nasx_e_20260709_synergy_s01\official_runs\2026-07-09_235042_research_NASDAQ-COMP_nasdaq_ext_pair_6a1428bc432a_Worst_2014-01-31\perf_bench.parquet,4.259209107093433,-0.2983208076638384,-0.7368075303816439,1.499291647409002,,,,,,,,,,,,,,,,,,,,,,,,,,,,,,,,,,,,,,,,,
nasdaq,old,synergy_performance_summary,C:\GoogleDrive\TP\07_backtest_code\runs\ad_hoc\nasdaq_extended_factor_research_20260709\synergy_performance_summary.csv,NASDAQ COMP,nasdaq_ext_pair_6f06da64e805,Top,success,Run termine avec succes,2014-01-31,C:\GoogleDrive\TP\07_backtest_code\runs\ad_hoc\nasx_e_20260709_synergy_s03\official_runs\2026-07-09_235432_research_NASDAQ-COMP_nasdaq_ext_pair_6f06da64e805_Top_2014-01-31,quality_improvement: ROE avg FY0 directional_delta lag1 + quality_improvement: ROE avg FY0 score_delta lag1,pair_synergy,pair_synergy,,0.9157923116673032,40761.0,2014-01-31,2026-06-30,485.25,equal-weight pair of passed raw/relative variables,3184.0,69.78,0.4712137703060842,True,0.240445600846594,0.2583261020615913,0.9307832190696158,-0.3485594388751665,0.2453197079982472,0.017838850048776,-0.3094653488876366,0.1422275434776636,0.1787063408396558,-0.0638430645756592,0.4166666666666667,C:\GoogleDrive\TP\07_backtest_code\runs\ad_hoc\nasx_e_20260709_synergy_s03\official_runs\2026-07-09_235432_research_NASDAQ-COMP_nasdaq_ext_pair_6f06da64e805_Top_2014-01-31\perf_ptf.parquet,C:\GoogleDrive\TP\07_backtest_code\runs\ad_hoc\nasx_e_20260709_synergy_s03\official_runs\2026-07-09_235432_research_NASDAQ-COMP_nasdaq_ext_pair_6f06da64e805_Top_2014-01-31\perf_bench.parquet,2.198493470209579,-0.2687365155673257,-0.6106542909663504,0.5195651372744404,,,,,,,,,,,,,,,,,,,,,,,,,,,,,,,,,,,,,,,,,
nasdaq,old,synergy_performance_summary,C:\GoogleDrive\TP\07_backtest_code\runs\ad_hoc\nasdaq_extended_factor_research_20260709\synergy_performance_summary.csv,NASDAQ COMP,nasdaq_ext_pair_6f06da64e805,Worst,success,Run termine avec succes,2014-01-31,C:\GoogleDrive\TP\07_backtest_code\runs\ad_hoc\nasx_e_20260709_synergy_s03\official_runs\2026-07-09_235526_research_NASDAQ-COMP_nasdaq_ext_pair_6f06da64e805_Worst_2014-01-31,quality_improvement: ROE avg FY0 directional_delta lag1 + quality_improvement: ROE avg FY0 score_delta lag1,pair_synergy,pair_synergy,,0.9157923116673032,40761.0,2014-01-31,2026-06-30,485.25,equal-weight pair of passed raw/relative variables,3184.0,69.78,0.4715385775976033,True,0.1294899523214037,0.2172125776829693,0.596143896005873,-0.3535161241248968,-0.6106542909663504,-0.0732050213021473,-0.6705270220134649,0.0901876817054838,-0.8448321077885672,-0.1832975063676806,0.0833333333333333,C:\GoogleDrive\TP\07_backtest_code\runs\ad_hoc\nasx_e_20260709_synergy_s03\official_runs\2026-07-09_235526_research_NASDAQ-COMP_nasdaq_ext_pair_6f06da64e805_Worst_2014-01-31\perf_ptf.parquet,C:\GoogleDrive\TP\07_backtest_code\runs\ad_hoc\nasx_e_20260709_synergy_s03\official_runs\2026-07-09_235526_research_NASDAQ-COMP_nasdaq_ext_pair_6f06da64e805_Worst_2014-01-31\perf_bench.parquet,2.198493470209579,-0.2687365155673257,-0.6106542909663504,0.5195651372744404,,,,,,,,,,,,,,,,,,,,,,,,,,,,,,,,,,,,,,,,,
nasdaq,old,synergy_performance_summary,C:\GoogleDrive\TP\07_backtest_code\runs\ad_hoc\nasdaq_extended_factor_research_20260709\synergy_performance_summary.csv,NASDAQ COMP,nasdaq_ext_pair_7654ff1e13c3,Top,success,Run termine avec succes,2014-03-31,C:\GoogleDrive\TP\07_backtest_code\runs\ad_hoc\nasx_e_20260709_synergy_s03\official_runs\2026-07-09_234801_research_NASDAQ-COMP_nasdaq_ext_pair_7654ff1e13c3_Top_2014-03-31,earnings_yield_improvement: Earns Yield FY1 directional_delta lag3 + momentum: EPS Revision Ratio,pair_synergy,pair_synergy,,0.8636230874654565,38439.0,2014-03-31,2026-06-30,457.6071428571428,equal-weight pair of passed raw/relative variables,3142.0,70.47972972972973,0.2339826695163461,True,0.235693255591755,0.2768840089568629,0.8512346252125914,-0.4047316167736888,0.2055994981851805,0.0153815881719545,-0.3525578847933441,0.1269966127559082,0.2218717839222638,-0.1143999611998177,0.5,C:\GoogleDrive\TP\07_backtest_code\runs\ad_hoc\nasx_e_20260709_synergy_s03\official_runs\2026-07-09_234801_research_NASDAQ-COMP_nasdaq_ext_pair_7654ff1e13c3_Top_2014-03-31\perf_ptf.parquet,C:\GoogleDrive\TP\07_backtest_code\runs\ad_hoc\nasx_e_20260709_synergy_s03\official_runs\2026-07-09_234801_research_NASDAQ-COMP_nasdaq_ext_pair_7654ff1e13c3_Top_2014-03-31\perf_bench.parquet,1.5886304051857625,-0.3055793919993567,-0.5342712904205938,0.0534023572356474,,,,,,,,,,,,,,,,,,,,,,,,,,,,,,,,,,,,,,,,,
nasdaq,old,synergy_performance_summary,C:\GoogleDrive\TP\07_backtest_code\runs\ad_hoc\nasdaq_extended_factor_research_20260709\synergy_performance_summary.csv,NASDAQ COMP,nasdaq_ext_pair_7654ff1e13c3,Worst,success,Run termine avec succes,2014-03-31,C:\GoogleDrive\TP\07_backtest_code\runs\ad_hoc\nasx_e_20260709_synergy_s03\official_runs\2026-07-09_234857_research_NASDAQ-COMP_nasdaq_ext_pair_7654ff1e13c3_Worst_2014-03-31,earnings_yield_improvement: Earns Yield FY1 directional_delta lag3 + momentum: EPS Revision Ratio,pair_synergy,pair_synergy,,0.8636230874654565,38439.0,2014-03-31,2026-06-30,457.6071428571428,equal-weight pair of passed raw/relative variables,3142.0,70.47972972972973,0.2477478577756728,True,0.1433740127917759,0.2201009296464474,0.6514012140797432,-0.3058328788318637,-0.5342712904205938,-0.0604780630391257,-0.6009528611951284,0.1018716064809833,-0.612448607820588,-0.145007044524399,0.25,C:\GoogleDrive\TP\07_backtest_code\runs\ad_hoc\nasx_e_20260709_synergy_s03\official_runs\2026-07-09_234857_research_NASDAQ-COMP_nasdaq_ext_pair_7654ff1e13c3_Worst_2014-03-31\perf_ptf.parquet,C:\GoogleDrive\TP\07_backtest_code\runs\ad_hoc\nasx_e_20260709_synergy_s03\official_runs\2026-07-09_234857_research_NASDAQ-COMP_nasdaq_ext_pair_7654ff1e13c3_Worst_2014-03-31\perf_bench.parquet,1.5886304051857625,-0.3055793919993567,-0.5342712904205938,0.0534023572356474,,,,,,,,,,,,,,,,,,,,,,,,,,,,,,,,,,,,,,,,,
nasdaq,old,synergy_performance_summary,C:\GoogleDrive\TP\07_backtest_code\runs\ad_hoc\nasdaq_extended_factor_research_20260709\synergy_performance_summary.csv,NASDAQ COMP,nasdaq_ext_pair_7aca778e90db,Top,success,Run termine avec succes,2014-03-31,C:\GoogleDrive\TP\07_backtest_code\runs\ad_hoc\nasx_e_20260709_synergy_s01\official_runs\2026-07-09_235512_research_NASDAQ-COMP_nasdaq_ext_pair_7aca778e90db_Top_2014-03-31,quality_improvement: ROE avg FY0 directional_delta lag1 + quality_improvement: ROE avg FY0 score_delta lag3,pair_synergy,pair_synergy,,0.850996427688782,37877.0,2014-03-31,2026-06-30,450.9166666666667,equal-weight pair of passed raw/relative variables,3142.0,70.47972972972973,0.3019115419621246,True,0.246145874133993,0.260984873970343,0.9431422993577928,-0.3195411793888545,0.3366354396998485,0.0239706100573986,-0.3018982468832091,0.1429395472380472,0.2223990101677461,-0.0800695784293226,0.5,C:\GoogleDrive\TP\07_backtest_code\runs\ad_hoc\nasx_e_20260709_synergy_s01\official_runs\2026-07-09_235512_research_NASDAQ-COMP_nasdaq_ext_pair_7aca778e90db_Top_2014-03-31\perf_ptf.parquet,C:\GoogleDrive\TP\07_backtest_code\runs\ad_hoc\nasx_e_20260709_synergy_s01\official_runs\2026-07-09_235512_research_NASDAQ-COMP_nasdaq_ext_pair_7aca778e90db_Top_2014-03-31\perf_bench.parquet,2.5785632683488147,-0.2625743527542755,-0.6264882469671731,0.7991114544404678,,,,,,,,,,,,,,,,,,,,,,,,,,,,,,,,,,,,,,,,,
nasdaq,old,synergy_performance_summary,C:\GoogleDrive\TP\07_backtest_code\runs\ad_hoc\nasdaq_extended_factor_research_20260709\synergy_performance_summary.csv,NASDAQ COMP,nasdaq_ext_pair_7aca778e90db,Worst,success,Run termine avec succes,2014-03-31,C:\GoogleDrive\TP\07_backtest_code\runs\ad_hoc\nasx_e_20260709_synergy_s01\official_runs\2026-07-09_235601_research_NASDAQ-COMP_nasdaq_ext_pair_7aca778e90db_Worst_2014-03-31,quality_improvement: ROE avg FY0 directional_delta lag1 + quality_improvement: ROE avg FY0 score_delta lag3,pair_synergy,pair_synergy,,0.850996427688782,37877.0,2014-03-31,2026-06-30,450.9166666666667,equal-weight pair of passed raw/relative variables,3142.0,70.47972972972973,0.3088559737602132,True,0.1229618866353234,0.2174981588219297,0.565346793284788,-0.3567868853750912,-0.6264882469671731,-0.0772509125961784,-0.6425670705676281,0.0952644449536293,-0.8468834195966284,-0.1847333941367207,0.1666666666666666,C:\GoogleDrive\TP\07_backtest_code\runs\ad_hoc\nasx_e_20260709_synergy_s01\official_runs\2026-07-09_235601_research_NASDAQ-COMP_nasdaq_ext_pair_7aca778e90db_Worst_2014-03-31\perf_ptf.parquet,C:\GoogleDrive\TP\07_backtest_code\runs\ad_hoc\nasx_e_20260709_synergy_s01\official_runs\2026-07-09_235601_research_NASDAQ-COMP_nasdaq_ext_pair_7aca778e90db_Worst_2014-03-31\perf_bench.parquet,2.5785632683488147,-0.2625743527542755,-0.6264882469671731,0.7991114544404678,,,,,,,,,,,,,,,,,,,,,,,,,,,,,,,,,,,,,,,,,
nasdaq,old,synergy_performance_summary,C:\GoogleDrive\TP\07_backtest_code\runs\ad_hoc\nasdaq_extended_factor_research_20260709\synergy_performance_summary.csv,NASDAQ COMP,nasdaq_ext_pair_7bd224830cd4,Top,success,Run termine avec succes,2014-03-31,C:\GoogleDrive\TP\07_backtest_code\runs\ad_hoc\nasx_e_20260709_synergy_s03\official_runs\2026-07-09_235613_research_NASDAQ-COMP_nasdaq_ext_pair_7bd224830cd4_Top_2014-03-31,quality_improvement: ROE avg FY0 score_delta lag3 + quality_improvement: ROE avg FY0 score_delta lag1,pair_synergy,pair_synergy,,0.850996427688782,37877.0,2014-03-31,2026-06-30,450.9166666666667,equal-weight pair of passed raw/relative variables,3142.0,70.47972972972973,0.3147754052652484,True,0.22303176935757,0.2764603852422598,0.8067404274291569,-0.3921957962928823,0.0627066441572676,0.0049775174667801,-0.3830903585731932,0.1635507100256201,0.1058014140692004,-0.0959483396953435,0.4166666666666667,C:\GoogleDrive\TP\07_backtest_code\runs\ad_hoc\nasx_e_20260709_synergy_s03\official_runs\2026-07-09_235613_research_NASDAQ-COMP_nasdaq_ext_pair_7bd224830cd4_Top_2014-03-31\perf_ptf.parquet,C:\GoogleDrive\TP\07_backtest_code\runs\ad_hoc\nasx_e_20260709_synergy_s03\official_runs\2026-07-09_235613_research_NASDAQ-COMP_nasdaq_ext_pair_7bd224830cd4_Top_2014-03-31\perf_bench.parquet,2.027345395797424,-0.3143602993651155,-0.6489641896717426,0.0506995751886295,,,,,,,,,,,,,,,,,,,,,,,,,,,,,,,,,,,,,,,,,
nasdaq,old,synergy_performance_summary,C:\GoogleDrive\TP\07_backtest_code\runs\ad_hoc\nasdaq_extended_factor_research_20260709\synergy_performance_summary.csv,NASDAQ COMP,nasdaq_ext_pair_7bd224830cd4,Worst,success,Run termine avec succes,2014-03-31,C:\GoogleDrive\TP\07_backtest_code\runs\ad_hoc\nasx_e_20260709_synergy_s03\official_runs\2026-07-09_235702_research_NASDAQ-COMP_nasdaq_ext_pair_7bd224830cd4_Worst_2014-03-31,quality_improvement: ROE avg FY0 score_delta lag3 + quality_improvement: ROE avg FY0 score_delta lag1,pair_synergy,pair_synergy,,0.850996427688782,37877.0,2014-03-31,2026-06-30,450.9166666666667,equal-weight pair of passed raw/relative variables,3142.0,70.47972972972973,0.3102833773907936,True,0.1172867031533049,0.2237114447108328,0.5242767231015317,-0.3826891872063822,-0.6489641896717426,-0.0819142679969325,-0.6860134724248097,0.0912934764510615,-0.92336333182026,-0.1994658199148558,0.1666666666666666,C:\GoogleDrive\TP\07_backtest_code\runs\ad_hoc\nasx_e_20260709_synergy_s03\official_runs\2026-07-09_235702_research_NASDAQ-COMP_nasdaq_ext_pair_7bd224830cd4_Worst_2014-03-31\perf_ptf.parquet,C:\GoogleDrive\TP\07_backtest_code\runs\ad_hoc\nasx_e_20260709_synergy_s03\official_runs\2026-07-09_235702_research_NASDAQ-COMP_nasdaq_ext_pair_7bd224830cd4_Worst_2014-03-31\perf_bench.parquet,2.027345395797424,-0.3143602993651155,-0.6489641896717426,0.0506995751886295,,,,,,,,,,,,,,,,,,,,,,,,,,,,,,,,,,,,,,,,,
nasdaq,old,synergy_performance_summary,C:\GoogleDrive\TP\07_backtest_code\runs\ad_hoc\nasdaq_extended_factor_research_20260709\synergy_performance_summary.csv,NASDAQ COMP,nasdaq_ext_pair_7caac1e7fbee,Top,success,Run termine avec succes,2014-03-31,C:\GoogleDrive\TP\07_backtest_code\runs\ad_hoc\nasx_e_20260709_synergy_s03\official_runs\2026-07-09_234604_research_NASDAQ-COMP_nasdaq_ext_pair_7caac1e7fbee_Top_2014-03-31,earnings_yield_improvement: Earns Yield FY1 directional_delta lag3 + quality_improvement: ROE avg FY0 score_delta lag3,pair_synergy,pair_synergy,,0.8453346514188141,37625.0,2014-03-31,2026-06-30,447.9166666666667,equal-weight pair of passed raw/relative variables,3142.0,70.47972972972973,0.2533754021624055,True,0.2553050032358401,0.2919799905071528,0.8743921211600484,-0.3992342870941546,0.4620756868857811,0.0314967586477719,-0.3711905960313997,0.1640271896394976,0.2904120083276567,-0.1003749341239755,0.5,C:\GoogleDrive\TP\07_backtest_code\runs\ad_hoc\nasx_e_20260709_synergy_s03\official_runs\2026-07-09_234604_research_NASDAQ-COMP_nasdaq_ext_pair_7caac1e7fbee_Top_2014-03-31\perf_ptf.parquet,C:\GoogleDrive\TP\07_backtest_code\runs\ad_hoc\nasx_e_20260709_synergy_s03\official_runs\2026-07-09_234604_research_NASDAQ-COMP_nasdaq_ext_pair_7caac1e7fbee_Top_2014-03-31\perf_bench.parquet,3.255519533847586,-0.2567376050606946,-0.6564283925248817,1.0830521379833016,,,,,,,,,,,,,,,,,,,,,,,,,,,,,,,,,,,,,,,,,
nasdaq,old,synergy_performance_summary,C:\GoogleDrive\TP\07_backtest_code\runs\ad_hoc\nasdaq_extended_factor_research_20260709\synergy_performance_summary.csv,NASDAQ COMP,nasdaq_ext_pair_7caac1e7fbee,Worst,success,Run termine avec succes,2014-03-31,C:\GoogleDrive\TP\07_backtest_code\runs\ad_hoc\nasx_e_20260709_synergy_s03\official_runs\2026-07-09_234703_research_NASDAQ-COMP_nasdaq_ext_pair_7caac1e7fbee_Worst_2014-03-31,earnings_yield_improvement: Earns Yield FY1 directional_delta lag3 + quality_improvement: ROE avg FY0 score_delta lag3,pair_synergy,pair_synergy,,0.8453346514188141,37625.0,2014-03-31,2026-06-30,447.9166666666667,equal-weight pair of passed raw/relative variables,3142.0,70.47972972972973,0.2618883351999562,True,0.1153279998839826,0.2220140074069315,0.5194627187310614,-0.3286839588019985,-0.6564283925248817,-0.0835237541921206,-0.6909925625127924,0.1075286093540797,-0.8032258645761532,-0.173329074947798,0.25,C:\GoogleDrive\TP\07_backtest_code\runs\ad_hoc\nasx_e_20260709_synergy_s03\official_runs\2026-07-09_234703_research_NASDAQ-COMP_nasdaq_ext_pair_7caac1e7fbee_Worst_2014-03-31\perf_ptf.parquet,C:\GoogleDrive\TP\07_backtest_code\runs\ad_hoc\nasx_e_20260709_synergy_s03\official_runs\2026-07-09_234703_research_NASDAQ-COMP_nasdaq_ext_pair_7caac1e7fbee_Worst_2014-03-31\perf_bench.parquet,3.255519533847586,-0.2567376050606946,-0.6564283925248817,1.0830521379833016,,,,,,,,,,,,,,,,,,,,,,,,,,,,,,,,,,,,,,,,,
nasdaq,old,synergy_performance_summary,C:\GoogleDrive\TP\07_backtest_code\runs\ad_hoc\nasdaq_extended_factor_research_20260709\synergy_performance_summary.csv,NASDAQ COMP,nasdaq_ext_pair_85d24967e939,Top,success,Run termine avec succes,2014-03-31,C:\GoogleDrive\TP\07_backtest_code\runs\ad_hoc\nasx_710_synergy_resume_s00\official_runs\2026-07-10_001420_research_NASDAQ-COMP_nasdaq_ext_pair_85d24967e939_Top_2014-03-31,quality_improvement: Oper Margin score_delta lag3 + momentum: EPS NTM 3M Growth,pair_synergy,pair_synergy,,0.8325507200790851,37056.0,2014-03-31,2026-06-30,441.1428571428572,equal-weight pair of passed raw/relative variables,3142.0,70.47972972972973,0.2201548680888582,True,0.2363751476878539,0.2761913997187081,0.8558381902137223,-0.3962863723932341,0.2137740172016078,0.0159419057721079,-0.36191717394551,0.1251675235711732,0.2278227728741557,-0.1154675526376294,0.6666666666666666,C:\GoogleDrive\TP\07_backtest_code\runs\ad_hoc\nasx_710_synergy_resume_s00\official_runs\2026-07-10_001420_research_NASDAQ-COMP_nasdaq_ext_pair_85d24967e939_Top_2014-03-31\perf_ptf.parquet,C:\GoogleDrive\TP\07_backtest_code\runs\ad_hoc\nasx_710_synergy_resume_s00\official_runs\2026-07-10_001420_research_NASDAQ-COMP_nasdaq_ext_pair_85d24967e939_Top_2014-03-31\perf_bench.parquet,2.4831746332817,-0.3001003680171661,-0.6515322529040006,0.4908919097426351,,,,,,,,,,,,,,,,,,,,,,,,,,,,,,,,,,,,,,,,,
nasdaq,old,synergy_performance_summary,C:\GoogleDrive\TP\07_backtest_code\runs\ad_hoc\nasdaq_extended_factor_research_20260709\synergy_performance_summary.csv,NASDAQ COMP,nasdaq_ext_pair_85d24967e939,Worst,success,Run termine avec succes,2014-03-31,C:\GoogleDrive\TP\07_backtest_code\runs\ad_hoc\nasx_0710_synergy_final_s00\official_runs\2026-07-10_001634_research_NASDAQ-COMP_nasdaq_ext_pair_85d24967e939_Worst_2014-03-31,quality_improvement: Oper Margin score_delta lag3 + momentum: EPS NTM 3M Growth,pair_synergy,pair_synergy,,0.8325507200790851,37056.0,2014-03-31,2026-06-30,441.1428571428572,equal-weight pair of passed raw/relative variables,3142.0,70.47972972972973,0.2350435206722472,True,0.1166171632761423,0.2264132207572126,0.5150633999469193,-0.318641299202653,-0.6515322529040006,-0.0824644356544327,-0.679933415103611,0.1040959089319568,-0.8094700637307484,-0.1822178455218895,0.1666666666666666,C:\GoogleDrive\TP\07_backtest_code\runs\ad_hoc\nasx_0710_synergy_final_s00\official_runs\2026-07-10_001634_research_NASDAQ-COMP_nasdaq_ext_pair_85d24967e939_Worst_2014-03-31\perf_ptf.parquet,C:\GoogleDrive\TP\07_backtest_code\runs\ad_hoc\nasx_0710_synergy_final_s00\official_runs\2026-07-10_001634_research_NASDAQ-COMP_nasdaq_ext_pair_85d24967e939_Worst_2014-03-31\perf_bench.parquet,2.4831746332817,-0.3001003680171661,-0.6515322529040006,0.4908919097426351,,,,,,,,,,,,,,,,,,,,,,,,,,,,,,,,,,,,,,,,,
nasdaq,old,synergy_performance_summary,C:\GoogleDrive\TP\07_backtest_code\runs\ad_hoc\nasdaq_extended_factor_research_20260709\synergy_performance_summary.csv,NASDAQ COMP,nasdaq_ext_pair_8c84b2efa57e,Top,success,Run termine avec succes,2014-01-31,C:\GoogleDrive\TP\07_backtest_code\runs\ad_hoc\nasx_e_20260709_synergy_s02\official_runs\2026-07-09_235136_research_NASDAQ-COMP_nasdaq_ext_pair_8c84b2efa57e_Top_2014-01-31,quality_improvement: Oper Margin directional_delta lag1 + momentum: EPS Revision Ratio,pair_synergy,pair_synergy,,0.8941787054303624,39799.0,2014-01-31,2026-06-30,473.79761904761904,equal-weight pair of passed raw/relative variables,3184.0,69.78,0.3053868512170405,True,0.219678201514005,0.2471470257329047,0.888856343152656,-0.3564646905563888,0.0099505826374688,0.0007983076495285,-0.4688092280506164,0.1079809310475791,0.0583596784673166,-0.1311588252445746,0.5,C:\GoogleDrive\TP\07_backtest_code\runs\ad_hoc\nasx_e_20260709_synergy_s02\official_runs\2026-07-09_235136_research_NASDAQ-COMP_nasdaq_ext_pair_8c84b2efa57e_Top_2014-01-31\perf_ptf.parquet,C:\GoogleDrive\TP\07_backtest_code\runs\ad_hoc\nasx_e_20260709_synergy_s02\official_runs\2026-07-09_235136_research_NASDAQ-COMP_nasdaq_ext_pair_8c84b2efa57e_Top_2014-01-31\perf_bench.parquet,2.204949178960736,-0.3530191746086941,-0.6848778167006804,-0.06433304027555,,,,,,,,,,,,,,,,,,,,,,,,,,,,,,,,,,,,,,,,,
nasdaq,old,synergy_performance_summary,C:\GoogleDrive\TP\07_backtest_code\runs\ad_hoc\nasdaq_extended_factor_research_20260709\synergy_performance_summary.csv,NASDAQ COMP,nasdaq_ext_pair_8c84b2efa57e,Worst,success,Run termine avec succes,2014-01-31,C:\GoogleDrive\TP\07_backtest_code\runs\ad_hoc\nasx_e_20260709_synergy_s02\official_runs\2026-07-09_235232_research_NASDAQ-COMP_nasdaq_ext_pair_8c84b2efa57e_Worst_2014-01-31,quality_improvement: Oper Margin directional_delta lag1 + momentum: EPS Revision Ratio,pair_synergy,pair_synergy,,0.8941787054303624,39799.0,2014-01-31,2026-06-30,473.79761904761904,equal-weight pair of passed raw/relative variables,3184.0,69.78,0.3012351858321704,True,0.1103997021195579,0.2189286000706578,0.5042726353885567,-0.3796872867528629,-0.6848778167006804,-0.0888693908636408,-0.7090819441419061,0.1035560119175783,-0.8939320990107287,-0.1925492173570415,0.25,C:\GoogleDrive\TP\07_backtest_code\runs\ad_hoc\nasx_e_20260709_synergy_s02\official_runs\2026-07-09_235232_research_NASDAQ-COMP_nasdaq_ext_pair_8c84b2efa57e_Worst_2014-01-31\perf_ptf.parquet,C:\GoogleDrive\TP\07_backtest_code\runs\ad_hoc\nasx_e_20260709_synergy_s02\official_runs\2026-07-09_235232_research_NASDAQ-COMP_nasdaq_ext_pair_8c84b2efa57e_Worst_2014-01-31\perf_bench.parquet,2.204949178960736,-0.3530191746086941,-0.6848778167006804,-0.06433304027555,,,,,,,,,,,,,,,,,,,,,,,,,,,,,,,,,,,,,,,,,
nasdaq,old,synergy_performance_summary,C:\GoogleDrive\TP\07_backtest_code\runs\ad_hoc\nasdaq_extended_factor_research_20260709\synergy_performance_summary.csv,NASDAQ COMP,nasdaq_ext_pair_9cb8dca08ffa,Top,success,Run termine avec succes,2014-03-31,C:\GoogleDrive\TP\07_backtest_code\runs\ad_hoc\nasx_e_20260709_synergy_s02\official_runs\2026-07-09_234604_research_NASDAQ-COMP_nasdaq_ext_pair_9cb8dca08ffa_Top_2014-03-31,earnings_yield_improvement: Earns Yield FY1 directional_delta lag3 + quality_improvement: ROE avg FY0 directional_delta lag1,pair_synergy,pair_synergy,,0.8467500954863061,37688.0,2014-03-31,2026-06-30,448.6666666666667,equal-weight pair of passed raw/relative variables,3142.0,70.47972972972973,0.3431765090297408,True,0.2458076899961854,0.2705723219705168,0.9084731513039612,-0.3467756514752378,0.3321989419055171,0.0236927207467727,-0.4576193484248581,0.150909834811514,0.2269076004291428,-0.1485202622071179,0.5,C:\GoogleDrive\TP\07_backtest_code\runs\ad_hoc\nasx_e_20260709_synergy_s02\official_runs\2026-07-09_234604_research_NASDAQ-COMP_nasdaq_ext_pair_9cb8dca08ffa_Top_2014-03-31\perf_ptf.parquet,C:\GoogleDrive\TP\07_backtest_code\runs\ad_hoc\nasx_e_20260709_synergy_s02\official_runs\2026-07-09_234604_research_NASDAQ-COMP_nasdaq_ext_pair_9cb8dca08ffa_Top_2014-03-31\perf_bench.parquet,1.895901611621615,-0.32484966323672,-0.5399709242333247,0.0654809538479765,,,,,,,,,,,,,,,,,,,,,,,,,,,,,,,,,,,,,,,,,
nasdaq,old,synergy_performance_summary,C:\GoogleDrive\TP\07_backtest_code\runs\ad_hoc\nasdaq_extended_factor_research_20260709\synergy_performance_summary.csv,NASDAQ COMP,nasdaq_ext_pair_9cb8dca08ffa,Worst,success,Run termine avec succes,2014-03-31,C:\GoogleDrive\TP\07_backtest_code\runs\ad_hoc\nasx_e_20260709_synergy_s02\official_runs\2026-07-09_234703_research_NASDAQ-COMP_nasdaq_ext_pair_9cb8dca08ffa_Worst_2014-03-31,earnings_yield_improvement: Earns Yield FY1 directional_delta lag3 + quality_improvement: ROE avg FY0 directional_delta lag1,pair_synergy,pair_synergy,,0.8467500954863061,37688.0,2014-03-31,2026-06-30,448.6666666666667,equal-weight pair of passed raw/relative variables,3142.0,70.47972972972973,0.3332968154877139,True,0.1422251997567318,0.2227637707784414,0.638457498091948,-0.3063188891557511,-0.5399709242333247,-0.0614220542754275,-0.5782314112690821,0.092184259462383,-0.6811961944445598,-0.1422481929233597,0.25,C:\GoogleDrive\TP\07_backtest_code\runs\ad_hoc\nasx_e_20260709_synergy_s02\official_runs\2026-07-09_234703_research_NASDAQ-COMP_nasdaq_ext_pair_9cb8dca08ffa_Worst_2014-03-31\perf_ptf.parquet,C:\GoogleDrive\TP\07_backtest_code\runs\ad_hoc\nasx_e_20260709_synergy_s02\official_runs\2026-07-09_234703_research_NASDAQ-COMP_nasdaq_ext_pair_9cb8dca08ffa_Worst_2014-03-31\perf_bench.parquet,1.895901611621615,-0.32484966323672,-0.5399709242333247,0.0654809538479765,,,,,,,,,,,,,,,,,,,,,,,,,,,,,,,,,,,,,,,,,
nasdaq,old,synergy_performance_summary,C:\GoogleDrive\TP\07_backtest_code\runs\ad_hoc\nasdaq_extended_factor_research_20260709\synergy_performance_summary.csv,NASDAQ COMP,nasdaq_ext_pair_a09871b5a79b,Top,success,Run termine avec succes,2014-03-31,C:\GoogleDrive\TP\07_backtest_code\runs\ad_hoc\nasx_e_20260709_synergy_s00\official_runs\2026-07-09_235516_research_NASDAQ-COMP_nasdaq_ext_pair_a09871b5a79b_Top_2014-03-31,quality_improvement: Oper Margin directional_delta lag3 + momentum: EPS Revision Ratio,pair_synergy,pair_synergy,,0.8347974566941517,37156.0,2014-03-31,2026-06-30,442.3333333333333,equal-weight pair of passed raw/relative variables,3142.0,70.47972972972973,0.1987726697226811,True,0.2396676989282187,0.2600171911214057,0.921737897000489,-0.3909247010539182,0.253966184764103,0.0186474282733035,-0.4031312286565477,0.1178330538861789,0.2273398792433629,-0.1448030214656602,0.6666666666666666,C:\GoogleDrive\TP\07_backtest_code\runs\ad_hoc\nasx_e_20260709_synergy_s00\official_runs\2026-07-09_235516_research_NASDAQ-COMP_nasdaq_ext_pair_a09871b5a79b_Top_2014-03-31\perf_ptf.parquet,C:\GoogleDrive\TP\07_backtest_code\runs\ad_hoc\nasx_e_20260709_synergy_s00\official_runs\2026-07-09_235516_research_NASDAQ-COMP_nasdaq_ext_pair_a09871b5a79b_Top_2014-03-31\perf_bench.parquet,2.9742464290503734,-0.3713712426022922,-0.6844769927707447,0.6721908666243551,,,,,,,,,,,,,,,,,,,,,,,,,,,,,,,,,,,,,,,,,
nasdaq,old,synergy_performance_summary,C:\GoogleDrive\TP\07_backtest_code\runs\ad_hoc\nasdaq_extended_factor_research_20260709\synergy_performance_summary.csv,NASDAQ COMP,nasdaq_ext_pair_a09871b5a79b,Worst,success,Run termine avec succes,2014-03-31,C:\GoogleDrive\TP\07_backtest_code\runs\ad_hoc\nasx_e_20260709_synergy_s00\official_runs\2026-07-09_235607_research_NASDAQ-COMP_nasdaq_ext_pair_a09871b5a79b_Worst_2014-03-31,quality_improvement: Oper Margin directional_delta lag3 + momentum: EPS Revision Ratio,pair_synergy,pair_synergy,,0.8347974566941517,37156.0,2014-03-31,2026-06-30,442.3333333333333,equal-weight pair of passed raw/relative variables,3142.0,70.47972972972973,0.205013607136264,True,0.107600415030685,0.2226813327357121,0.4832035703611937,-0.4030443804026152,-0.6844769927707447,-0.0898735884617245,-0.706535241567321,0.1013969614470876,-0.9180742879728954,-0.1990440039827785,0.1666666666666666,C:\GoogleDrive\TP\07_backtest_code\runs\ad_hoc\nasx_e_20260709_synergy_s00\official_runs\2026-07-09_235607_research_NASDAQ-COMP_nasdaq_ext_pair_a09871b5a79b_Worst_2014-03-31\perf_ptf.parquet,C:\GoogleDrive\TP\07_backtest_code\runs\ad_hoc\nasx_e_20260709_synergy_s00\official_runs\2026-07-09_235607_research_NASDAQ-COMP_nasdaq_ext_pair_a09871b5a79b_Worst_2014-03-31\perf_bench.parquet,2.9742464290503734,-0.3713712426022922,-0.6844769927707447,0.6721908666243551,,,,,,,,,,,,,,,,,,,,,,,,,,,,,,,,,,,,,,,,,
nasdaq,old,synergy_performance_summary,C:\GoogleDrive\TP\07_backtest_code\runs\ad_hoc\nasdaq_extended_factor_research_20260709\synergy_performance_summary.csv,NASDAQ COMP,nasdaq_ext_pair_a36d92780804,Top,success,Run termine avec succes,2014-03-31,C:\GoogleDrive\TP\07_backtest_code\runs\ad_hoc\nasx_710_synergy_resume_s00\official_runs\2026-07-10_001335_research_NASDAQ-COMP_nasdaq_ext_pair_a36d92780804_Top_2014-03-31,quality_improvement: ROE avg FY0 score_delta lag3 + momentum: EPS NTM 3M Growth,pair_synergy,pair_synergy,,0.8237659799141747,36665.0,2014-03-31,2026-06-30,436.4880952380952,equal-weight pair of passed raw/relative variables,3142.0,70.47972972972973,0.2311833286764117,True,0.2260289634232035,0.2766936645559349,0.816892442354822,-0.4303996567567039,0.0950504638262461,0.0074403420040596,-0.3831857187363968,0.1211273514814648,0.1682156633828288,-0.1068389268102798,0.5,C:\GoogleDrive\TP\07_backtest_code\runs\ad_hoc\nasx_710_synergy_resume_s00\official_runs\2026-07-10_001335_research_NASDAQ-COMP_nasdaq_ext_pair_a36d92780804_Top_2014-03-31\perf_ptf.parquet,C:\GoogleDrive\TP\07_backtest_code\runs\ad_hoc\nasx_710_synergy_resume_s00\official_runs\2026-07-10_001335_research_NASDAQ-COMP_nasdaq_ext_pair_a36d92780804_Top_2014-03-31\perf_bench.parquet,2.0087871033711973,-0.3343946282560269,-0.636049203149237,0.1051062997473064,,,,,,,,,,,,,,,,,,,,,,,,,,,,,,,,,,,,,,,,,
nasdaq,old,synergy_performance_summary,C:\GoogleDrive\TP\07_backtest_code\runs\ad_hoc\nasdaq_extended_factor_research_20260709\synergy_performance_summary.csv,NASDAQ COMP,nasdaq_ext_pair_a36d92780804,Worst,success,Run termine avec succes,2014-03-31,C:\GoogleDrive\TP\07_backtest_code\runs\ad_hoc\nasx_e_20260709_synergy_s00\official_runs\2026-07-09_235806_research_NASDAQ-COMP_nasdaq_ext_pair_a36d92780804_Worst_2014-03-31,quality_improvement: ROE avg FY0 score_delta lag3 + momentum: EPS NTM 3M Growth,pair_synergy,pair_synergy,,0.8237659799141747,36665.0,2014-03-31,2026-06-30,436.4880952380952,equal-weight pair of passed raw/relative variables,3142.0,70.47972972972973,0.2382698559890249,True,0.1205871506116367,0.2173668662133542,0.5547632567572449,-0.3096827451847962,-0.636049203149237,-0.0792022570939401,-0.6675990877384956,0.1088371761144334,-0.7608182926431409,-0.1889214323491518,0.1666666666666666,C:\GoogleDrive\TP\07_backtest_code\runs\ad_hoc\nasx_e_20260709_synergy_s00\official_runs\2026-07-09_235806_research_NASDAQ-COMP_nasdaq_ext_pair_a36d92780804_Worst_2014-03-31\perf_ptf.parquet,C:\GoogleDrive\TP\07_backtest_code\runs\ad_hoc\nasx_e_20260709_synergy_s00\official_runs\2026-07-09_235806_research_NASDAQ-COMP_nasdaq_ext_pair_a36d92780804_Worst_2014-03-31\perf_bench.parquet,2.0087871033711973,-0.3343946282560269,-0.636049203149237,0.1051062997473064,,,,,,,,,,,,,,,,,,,,,,,,,,,,,,,,,,,,,,,,,
nasdaq,old,synergy_performance_summary,C:\GoogleDrive\TP\07_backtest_code\runs\ad_hoc\nasdaq_extended_factor_research_20260709\synergy_performance_summary.csv,NASDAQ COMP,nasdaq_ext_pair_a9841bc41e63,Top,success,Run termine avec succes,2013-12-31,C:\GoogleDrive\TP\07_backtest_code\runs\ad_hoc\nasx_e_20260709_synergy_s03\official_runs\2026-07-09_235819_research_NASDAQ-COMP_nasdaq_ext_pair_a9841bc41e63_Top_2013-12-31,momentum: EPS NTM 3M Growth + momentum: EPS Revision Ratio,pair_synergy,pair_synergy,,0.9577164169044464,42627.0,2013-12-31,2026-06-30,507.4642857142857,equal-weight pair of passed raw/relative variables,3206.0,69.43708609271523,0.197994920962212,True,0.2304131581644366,0.2774151399287073,0.8305716776079717,-0.4013025303224233,0.1687058708077724,0.0125543565133885,-0.4195318737219007,0.1356419804754254,0.1905892584239998,-0.1362405572205256,0.5,C:\GoogleDrive\TP\07_backtest_code\runs\ad_hoc\nasx_e_20260709_synergy_s03\official_runs\2026-07-09_235819_research_NASDAQ-COMP_nasdaq_ext_pair_a9841bc41e63_Top_2013-12-31\perf_ptf.parquet,C:\GoogleDrive\TP\07_backtest_code\runs\ad_hoc\nasx_e_20260709_synergy_s03\official_runs\2026-07-09_235819_research_NASDAQ-COMP_nasdaq_ext_pair_a9841bc41e63_Top_2013-12-31\perf_bench.parquet,1.457885162256508,-0.3433059142149361,-0.5245075364974252,-0.213297833203726,,,,,,,,,,,,,,,,,,,,,,,,,,,,,,,,,,,,,,,,,
nasdaq,old,synergy_performance_summary,C:\GoogleDrive\TP\07_backtest_code\runs\ad_hoc\nasdaq_extended_factor_research_20260709\synergy_performance_summary.csv,NASDAQ COMP,nasdaq_ext_pair_a9841bc41e63,Worst,success,Run termine avec succes,2013-12-31,C:\GoogleDrive\TP\07_backtest_code\runs\ad_hoc\nasx_e_20260709_synergy_s03\official_runs\2026-07-09_235920_research_NASDAQ-COMP_nasdaq_ext_pair_a9841bc41e63_Worst_2013-12-31,momentum: EPS NTM 3M Growth + momentum: EPS Revision Ratio,pair_synergy,pair_synergy,,0.9577164169044464,42627.0,2013-12-31,2026-06-30,507.4642857142857,equal-weight pair of passed raw/relative variables,3206.0,69.43708609271523,0.2260285705249716,True,0.1449721289923711,0.2190206548781236,0.6619107639553101,-0.3043500522767075,-0.5245075364974252,-0.0577583557159133,-0.5586661016618393,0.1034056511610732,-0.5754309387617538,-0.1429212302281928,0.25,C:\GoogleDrive\TP\07_backtest_code\runs\ad_hoc\nasx_e_20260709_synergy_s03\official_runs\2026-07-09_235920_research_NASDAQ-COMP_nasdaq_ext_pair_a9841bc41e63_Worst_2013-12-31\perf_ptf.parquet,C:\GoogleDrive\TP\07_backtest_code\runs\ad_hoc\nasx_e_20260709_synergy_s03\official_runs\2026-07-09_235920_research_NASDAQ-COMP_nasdaq_ext_pair_a9841bc41e63_Worst_2013-12-31\perf_bench.parquet,1.457885162256508,-0.3433059142149361,-0.5245075364974252,-0.213297833203726,,,,,,,,,,,,,,,,,,,,,,,,,,,,,,,,,,,,,,,,,
nasdaq,old,synergy_performance_summary,C:\GoogleDrive\TP\07_backtest_code\runs\ad_hoc\nasdaq_extended_factor_research_20260709\synergy_performance_summary.csv,NASDAQ COMP,nasdaq_ext_pair_adfb3bf34042,Top,success,Run termine avec succes,2014-03-31,C:\GoogleDrive\TP\07_backtest_code\runs\ad_hoc\nasx_e_20260709_synergy_s03\official_runs\2026-07-09_235135_research_NASDAQ-COMP_nasdaq_ext_pair_adfb3bf34042_Top_2014-03-31,quality_improvement: Oper Margin directional_delta lag3 + quality_improvement: ROE avg FY0 directional_delta lag1,pair_synergy,pair_synergy,,0.8151385113123188,36281.0,2014-03-31,2026-06-30,431.9166666666667,equal-weight pair of passed raw/relative variables,3142.0,70.47972972972973,0.2925327439517059,True,0.2569259485674702,0.2600300941678974,0.9880623602034964,-0.3282218301777566,0.4853700800777505,0.0328287057452594,-0.2827469099777309,0.1365638446873059,0.2938233229798442,-0.0724082090636268,0.5833333333333334,C:\GoogleDrive\TP\07_backtest_code\runs\ad_hoc\nasx_e_20260709_synergy_s03\official_runs\2026-07-09_235135_research_NASDAQ-COMP_nasdaq_ext_pair_adfb3bf34042_Top_2014-03-31\perf_ptf.parquet,C:\GoogleDrive\TP\07_backtest_code\runs\ad_hoc\nasx_e_20260709_synergy_s03\official_runs\2026-07-09_235135_research_NASDAQ-COMP_nasdaq_ext_pair_adfb3bf34042_Top_2014-03-31\perf_bench.parquet,3.5670868147338544,-0.2434170986925664,-0.6747664013554973,1.4944476137382834,,,,,,,,,,,,,,,,,,,,,,,,,,,,,,,,,,,,,,,,,
nasdaq,old,synergy_performance_summary,C:\GoogleDrive\TP\07_backtest_code\runs\ad_hoc\nasdaq_extended_factor_research_20260709\synergy_performance_summary.csv,NASDAQ COMP,nasdaq_ext_pair_adfb3bf34042,Worst,success,Run termine avec succes,2014-03-31,C:\GoogleDrive\TP\07_backtest_code\runs\ad_hoc\nasx_710_synergy_resume_s00\official_runs\2026-07-10_001041_research_NASDAQ-COMP_nasdaq_ext_pair_adfb3bf34042_Worst_2014-03-31,quality_improvement: Oper Margin directional_delta lag3 + quality_improvement: ROE avg FY0 directional_delta lag1,pair_synergy,pair_synergy,,0.8151385113123188,36281.0,2014-03-31,2026-06-30,431.9166666666667,equal-weight pair of passed raw/relative variables,3142.0,70.47972972972973,0.2692701834596664,True,0.1103447091836435,0.2229224342272358,0.4949914958813152,-0.3283457896709191,-0.6747664013554973,-0.0876185743287002,-0.6991355275071485,0.0974598404451433,-0.9297436137295152,-0.1774648742927358,0.1666666666666666,C:\GoogleDrive\TP\07_backtest_code\runs\ad_hoc\nasx_710_synergy_resume_s00\official_runs\2026-07-10_001041_research_NASDAQ-COMP_nasdaq_ext_pair_adfb3bf34042_Worst_2014-03-31\perf_ptf.parquet,C:\GoogleDrive\TP\07_backtest_code\runs\ad_hoc\nasx_710_synergy_resume_s00\official_runs\2026-07-10_001041_research_NASDAQ-COMP_nasdaq_ext_pair_adfb3bf34042_Worst_2014-03-31\perf_bench.parquet,3.5670868147338544,-0.2434170986925664,-0.6747664013554973,1.4944476137382834,,,,,,,,,,,,,,,,,,,,,,,,,,,,,,,,,,,,,,,,,
nasdaq,old,synergy_performance_summary,C:\GoogleDrive\TP\07_backtest_code\runs\ad_hoc\nasdaq_extended_factor_research_20260709\synergy_performance_summary.csv,NASDAQ COMP,nasdaq_ext_pair_b1e522360fe9,Top,success,Run termine avec succes,2014-01-31,C:\GoogleDrive\TP\07_backtest_code\runs\ad_hoc\nasx_e_20260709_synergy_s00\official_runs\2026-07-09_235136_research_NASDAQ-COMP_nasdaq_ext_pair_b1e522360fe9_Top_2014-01-31,quality_improvement: Oper Margin directional_delta lag1 + quality_improvement: ROE avg FY0 score_delta lag1,pair_synergy,pair_synergy,,0.8739805432609136,38900.0,2014-01-31,2026-06-30,463.0952380952381,equal-weight pair of passed raw/relative variables,3184.0,69.78,0.4775392857934356,True,0.2468509283433866,0.2885888414372549,0.8553723945596734,-0.4069142810820151,0.3275016254371632,0.0230946961488156,-0.3920701519661795,0.1908685567538812,0.1994272280625281,-0.0832845665307576,0.4166666666666667,C:\GoogleDrive\TP\07_backtest_code\runs\ad_hoc\nasx_e_20260709_synergy_s00\official_runs\2026-07-09_235136_research_NASDAQ-COMP_nasdaq_ext_pair_b1e522360fe9_Top_2014-01-31\perf_ptf.parquet,C:\GoogleDrive\TP\07_backtest_code\runs\ad_hoc\nasx_e_20260709_synergy_s00\official_runs\2026-07-09_235136_research_NASDAQ-COMP_nasdaq_ext_pair_b1e522360fe9_Top_2014-01-31\perf_bench.parquet,2.527470308589359,-0.3555546715177464,-0.6236675267812437,0.5329433525148447,,,,,,,,,,,,,,,,,,,,,,,,,,,,,,,,,,,,,,,,,
nasdaq,old,synergy_performance_summary,C:\GoogleDrive\TP\07_backtest_code\runs\ad_hoc\nasdaq_extended_factor_research_20260709\synergy_performance_summary.csv,NASDAQ COMP,nasdaq_ext_pair_b1e522360fe9,Worst,success,Run termine avec succes,2014-01-31,C:\GoogleDrive\TP\07_backtest_code\runs\ad_hoc\nasx_e_20260709_synergy_s00\official_runs\2026-07-09_235232_research_NASDAQ-COMP_nasdaq_ext_pair_b1e522360fe9_Worst_2014-01-31,quality_improvement: Oper Margin directional_delta lag1 + quality_improvement: ROE avg FY0 score_delta lag1,pair_synergy,pair_synergy,,0.8739805432609136,38900.0,2014-01-31,2026-06-30,463.0952380952381,equal-weight pair of passed raw/relative variables,3184.0,69.78,0.4541916425882701,True,0.1263996658118151,0.2215539937018672,0.5705140480649792,-0.3602465020326927,-0.6236675267812437,-0.0757407340049809,-0.6750327526791446,0.0883951926538381,-0.8817075859640278,-0.1771121070650337,0.0833333333333333,C:\GoogleDrive\TP\07_backtest_code\runs\ad_hoc\nasx_e_20260709_synergy_s00\official_runs\2026-07-09_235232_research_NASDAQ-COMP_nasdaq_ext_pair_b1e522360fe9_Worst_2014-01-31\perf_ptf.parquet,C:\GoogleDrive\TP\07_backtest_code\runs\ad_hoc\nasx_e_20260709_synergy_s00\official_runs\2026-07-09_235232_research_NASDAQ-COMP_nasdaq_ext_pair_b1e522360fe9_Worst_2014-01-31\perf_bench.parquet,2.527470308589359,-0.3555546715177464,-0.6236675267812437,0.5329433525148447,,,,,,,,,,,,,,,,,,,,,,,,,,,,,,,,,,,,,,,,,
nasdaq,old,synergy_performance_summary,C:\GoogleDrive\TP\07_backtest_code\runs\ad_hoc\nasdaq_extended_factor_research_20260709\synergy_performance_summary.csv,NASDAQ COMP,nasdaq_ext_pair_cd96f2e5f14e,Top,success,Run termine avec succes,2014-03-31,C:\GoogleDrive\TP\07_backtest_code\runs\ad_hoc\nasx_e_20260709_synergy_s01\official_runs\2026-07-09_235324_research_NASDAQ-COMP_nasdaq_ext_pair_cd96f2e5f14e_Top_2014-03-31,quality_improvement: Oper Margin directional_delta lag3 + quality_improvement: Oper Margin score_delta lag3,pair_synergy,pair_synergy,,0.8552876946235592,38068.0,2014-03-31,2026-06-30,453.1904761904762,equal-weight pair of passed raw/relative variables,3142.0,70.47972972972973,0.1790891391747961,True,0.2781199634428404,0.2791134295607222,0.9964406366277488,-0.3587377955085232,0.8230016197149064,0.050244041134128,-0.2802523028488983,0.1469841991787136,0.4194819909880008,-0.0494244943175806,0.75,C:\GoogleDrive\TP\07_backtest_code\runs\ad_hoc\nasx_e_20260709_synergy_s01\official_runs\2026-07-09_235324_research_NASDAQ-COMP_nasdaq_ext_pair_cd96f2e5f14e_Top_2014-03-31\perf_ptf.parquet,C:\GoogleDrive\TP\07_backtest_code\runs\ad_hoc\nasx_e_20260709_synergy_s01\official_runs\2026-07-09_235324_research_NASDAQ-COMP_nasdaq_ext_pair_cd96f2e5f14e_Top_2014-03-31\perf_bench.parquet,3.1663131970748597,-0.2535476953481499,-0.5624424920827307,1.6492449190582446,,,,,,,,,,,,,,,,,,,,,,,,,,,,,,,,,,,,,,,,,
nasdaq,old,synergy_performance_summary,C:\GoogleDrive\TP\07_backtest_code\runs\ad_hoc\nasdaq_extended_factor_research_20260709\synergy_performance_summary.csv,NASDAQ COMP,nasdaq_ext_pair_cd96f2e5f14e,Worst,success,Run termine avec succes,2014-03-31,C:\GoogleDrive\TP\07_backtest_code\runs\ad_hoc\nasx_e_20260709_synergy_s01\official_runs\2026-07-09_235418_research_NASDAQ-COMP_nasdaq_ext_pair_cd96f2e5f14e_Worst_2014-03-31,quality_improvement: Oper Margin directional_delta lag3 + quality_improvement: Oper Margin score_delta lag3,pair_synergy,pair_synergy,,0.8552876946235592,38068.0,2014-03-31,2026-06-30,453.1904761904762,equal-weight pair of passed raw/relative variables,3142.0,70.47972972972973,0.1909791058603615,True,0.1375646597602848,0.2332102302152799,0.5898740361145256,-0.311118704371225,-0.5624424920827307,-0.0652516669094021,-0.6127715086515513,0.1097469141739642,-0.5871928408732043,-0.1773975672146321,0.25,C:\GoogleDrive\TP\07_backtest_code\runs\ad_hoc\nasx_e_20260709_synergy_s01\official_runs\2026-07-09_235418_research_NASDAQ-COMP_nasdaq_ext_pair_cd96f2e5f14e_Worst_2014-03-31\perf_ptf.parquet,C:\GoogleDrive\TP\07_backtest_code\runs\ad_hoc\nasx_e_20260709_synergy_s01\official_runs\2026-07-09_235418_research_NASDAQ-COMP_nasdaq_ext_pair_cd96f2e5f14e_Worst_2014-03-31\perf_bench.parquet,3.1663131970748597,-0.2535476953481499,-0.5624424920827307,1.6492449190582446,,,,,,,,,,,,,,,,,,,,,,,,,,,,,,,,,,,,,,,,,
nasdaq,old,synergy_performance_summary,C:\GoogleDrive\TP\07_backtest_code\runs\ad_hoc\nasdaq_extended_factor_research_20260709\synergy_performance_summary.csv,NASDAQ COMP,nasdaq_ext_pair_d2625dc2d7b1,Top,success,Run termine avec succes,2014-03-31,C:\GoogleDrive\TP\07_backtest_code\runs\ad_hoc\nasx_e_20260709_synergy_s03\official_runs\2026-07-09_234951_research_NASDAQ-COMP_nasdaq_ext_pair_d2625dc2d7b1_Top_2014-03-31,quality_improvement: Oper Margin directional_delta lag1 + quality_improvement: Oper Margin score_delta lag3,pair_synergy,pair_synergy,,0.8550630209620527,38058.0,2014-03-31,2026-06-30,453.07142857142856,equal-weight pair of passed raw/relative variables,3142.0,70.47972972972973,0.3010861919905043,True,0.2515821718915381,0.2388403371728732,1.0533487553630536,-0.3317221044493615,0.4098398670609444,0.0284376706534268,-0.2993881688470939,0.0892704622793115,0.3452250662555977,-0.0734926839927442,0.6666666666666666,C:\GoogleDrive\TP\07_backtest_code\runs\ad_hoc\nasx_e_20260709_synergy_s03\official_runs\2026-07-09_234951_research_NASDAQ-COMP_nasdaq_ext_pair_d2625dc2d7b1_Top_2014-03-31\perf_ptf.parquet,C:\GoogleDrive\TP\07_backtest_code\runs\ad_hoc\nasx_e_20260709_synergy_s03\official_runs\2026-07-09_234951_research_NASDAQ-COMP_nasdaq_ext_pair_d2625dc2d7b1_Top_2014-03-31\perf_bench.parquet,2.797954507356946,-0.1750612396478046,-0.6287896907848763,1.047277636773174,,,,,,,,,,,,,,,,,,,,,,,,,,,,,,,,,,,,,,,,,
nasdaq,old,synergy_performance_summary,C:\GoogleDrive\TP\07_backtest_code\runs\ad_hoc\nasdaq_extended_factor_research_20260709\synergy_performance_summary.csv,NASDAQ COMP,nasdaq_ext_pair_d2625dc2d7b1,Worst,success,Run termine avec succes,2014-03-31,C:\GoogleDrive\TP\07_backtest_code\runs\ad_hoc\nasx_e_20260709_synergy_s03\official_runs\2026-07-09_235043_research_NASDAQ-COMP_nasdaq_ext_pair_d2625dc2d7b1_Worst_2014-03-31,quality_improvement: Oper Margin directional_delta lag1 + quality_improvement: Oper Margin score_delta lag3,pair_synergy,pair_synergy,,0.8550630209620527,38058.0,2014-03-31,2026-06-30,453.07142857142856,equal-weight pair of passed raw/relative variables,3142.0,70.47972972972973,0.2791105309907453,True,0.1223954031764349,0.2275680696707313,0.5378408462730693,-0.3034137891369172,-0.6287896907848763,-0.0777163977572865,-0.6514695526869536,0.1033791889827427,-0.7636264834329548,-0.1862318105989279,0.1666666666666666,C:\GoogleDrive\TP\07_backtest_code\runs\ad_hoc\nasx_e_20260709_synergy_s03\official_runs\2026-07-09_235043_research_NASDAQ-COMP_nasdaq_ext_pair_d2625dc2d7b1_Worst_2014-03-31\perf_ptf.parquet,C:\GoogleDrive\TP\07_backtest_code\runs\ad_hoc\nasx_e_20260709_synergy_s03\official_runs\2026-07-09_235043_research_NASDAQ-COMP_nasdaq_ext_pair_d2625dc2d7b1_Worst_2014-03-31\perf_bench.parquet,2.797954507356946,-0.1750612396478046,-0.6287896907848763,1.047277636773174,,,,,,,,,,,,,,,,,,,,,,,,,,,,,,,,,,,,,,,,,
nasdaq,old,synergy_performance_summary,C:\GoogleDrive\TP\07_backtest_code\runs\ad_hoc\nasdaq_extended_factor_research_20260709\synergy_performance_summary.csv,NASDAQ COMP,nasdaq_ext_pair_d97f48798eaf,Top,success,Run termine avec succes,2014-03-31,C:\GoogleDrive\TP\07_backtest_code\runs\ad_hoc\nasx_e_20260709_synergy_s00\official_runs\2026-07-09_234801_research_NASDAQ-COMP_nasdaq_ext_pair_d97f48798eaf_Top_2014-03-31,earnings_yield_improvement: Earns Yield FY1 directional_delta lag3 + quality_improvement: Oper Margin score_delta lag3,pair_synergy,pair_synergy,,0.8491765710305781,37796.0,2014-03-31,2026-06-30,449.95238095238096,equal-weight pair of passed raw/relative variables,3142.0,70.47972972972973,0.2407959974255882,True,0.2636897540733656,0.2843670724108997,0.9272865238502151,-0.3905279010539455,0.5862974879856793,0.0383865928224802,-0.3059937279085016,0.1488409146173855,0.3502835100399108,-0.0858174340596428,0.6666666666666666,C:\GoogleDrive\TP\07_backtest_code\runs\ad_hoc\nasx_e_20260709_synergy_s00\official_runs\2026-07-09_234801_research_NASDAQ-COMP_nasdaq_ext_pair_d97f48798eaf_Top_2014-03-31\perf_ptf.parquet,C:\GoogleDrive\TP\07_backtest_code\runs\ad_hoc\nasx_e_20260709_synergy_s00\official_runs\2026-07-09_234801_research_NASDAQ-COMP_nasdaq_ext_pair_d97f48798eaf_Top_2014-03-31\perf_bench.parquet,2.469049418195697,-0.316938914722084,-0.542728483582475,0.974176392589496,,,,,,,,,,,,,,,,,,,,,,,,,,,,,,,,,,,,,,,,,
nasdaq,old,synergy_performance_summary,C:\GoogleDrive\TP\07_backtest_code\runs\ad_hoc\nasdaq_extended_factor_research_20260709\synergy_performance_summary.csv,NASDAQ COMP,nasdaq_ext_pair_d97f48798eaf,Worst,success,Run termine avec succes,2014-03-31,C:\GoogleDrive\TP\07_backtest_code\runs\ad_hoc\nasx_e_20260709_synergy_s00\official_runs\2026-07-09_234857_research_NASDAQ-COMP_nasdaq_ext_pair_d97f48798eaf_Worst_2014-03-31,earnings_yield_improvement: Earns Yield FY1 directional_delta lag3 + quality_improvement: Oper Margin score_delta lag3,pair_synergy,pair_synergy,,0.8491765710305781,37796.0,2014-03-31,2026-06-30,449.95238095238096,equal-weight pair of passed raw/relative variables,3142.0,70.47972972972973,0.2531603673417119,True,0.1416646890657729,0.2283432708356663,0.620402294086984,-0.309492005994465,-0.542728483582475,-0.0618826315529985,-0.5768698030148329,0.0900387840267417,-0.688803392758294,-0.1962123444918684,0.25,C:\GoogleDrive\TP\07_backtest_code\runs\ad_hoc\nasx_e_20260709_synergy_s00\official_runs\2026-07-09_234857_research_NASDAQ-COMP_nasdaq_ext_pair_d97f48798eaf_Worst_2014-03-31\perf_ptf.parquet,C:\GoogleDrive\TP\07_backtest_code\runs\ad_hoc\nasx_e_20260709_synergy_s00\official_runs\2026-07-09_234857_research_NASDAQ-COMP_nasdaq_ext_pair_d97f48798eaf_Worst_2014-03-31\perf_bench.parquet,2.469049418195697,-0.316938914722084,-0.542728483582475,0.974176392589496,,,,,,,,,,,,,,,,,,,,,,,,,,,,,,,,,,,,,,,,,
nasdaq,old,synergy_performance_summary,C:\GoogleDrive\TP\07_backtest_code\runs\ad_hoc\nasdaq_extended_factor_research_20260709\synergy_performance_summary.csv,NASDAQ COMP,nasdaq_ext_pair_e356ef9d1f0e,Top,success,Run termine avec succes,2014-03-31,C:\GoogleDrive\TP\07_backtest_code\runs\ad_hoc\nasx_e_20260709_synergy_s02\official_runs\2026-07-09_235517_research_NASDAQ-COMP_nasdaq_ext_pair_e356ef9d1f0e_Top_2014-03-31,quality_improvement: ROE avg FY0 directional_delta lag1 + quality_improvement: Oper Margin score_delta lag3,pair_synergy,pair_synergy,,0.8151385113123188,36281.0,2014-03-31,2026-06-30,431.9166666666667,equal-weight pair of passed raw/relative variables,3142.0,70.47972972972973,0.3047650982834623,True,0.2535970175874429,0.2625513530078062,0.9658949180121076,-0.3246686965349019,0.437893826794397,0.0300932896457386,-0.2867460515174089,0.1389106950547338,0.2744641969345706,-0.0734338036973903,0.5833333333333334,C:\GoogleDrive\TP\07_backtest_code\runs\ad_hoc\nasx_e_20260709_synergy_s02\official_runs\2026-07-09_235517_research_NASDAQ-COMP_nasdaq_ext_pair_e356ef9d1f0e_Top_2014-03-31\perf_ptf.parquet,C:\GoogleDrive\TP\07_backtest_code\runs\ad_hoc\nasx_e_20260709_synergy_s02\official_runs\2026-07-09_235517_research_NASDAQ-COMP_nasdaq_ext_pair_e356ef9d1f0e_Top_2014-03-31\perf_bench.parquet,3.130477076893013,-0.2517183761295694,-0.6518819012848763,1.217295763453961,,,,,,,,,,,,,,,,,,,,,,,,,,,,,,,,,,,,,,,,,
nasdaq,old,synergy_performance_summary,C:\GoogleDrive\TP\07_backtest_code\runs\ad_hoc\nasdaq_extended_factor_research_20260709\synergy_performance_summary.csv,NASDAQ COMP,nasdaq_ext_pair_e356ef9d1f0e,Worst,success,Run termine avec succes,2014-03-31,C:\GoogleDrive\TP\07_backtest_code\runs\ad_hoc\nasx_e_20260709_synergy_s02\official_runs\2026-07-09_235608_research_NASDAQ-COMP_nasdaq_ext_pair_e356ef9d1f0e_Worst_2014-03-31,quality_improvement: ROE avg FY0 directional_delta lag1 + quality_improvement: Oper Margin score_delta lag3,pair_synergy,pair_synergy,,0.8151385113123188,36281.0,2014-03-31,2026-06-30,431.9166666666667,equal-weight pair of passed raw/relative variables,3142.0,70.47972972972973,0.3165389352392368,True,0.1165256534657612,0.2247054440540472,0.5185706735157425,-0.3168492087720878,-0.6518819012848763,-0.0825396301868764,-0.6720828153398879,0.1020645698644469,-0.8302011325391103,-0.1930320262864834,0.25,C:\GoogleDrive\TP\07_backtest_code\runs\ad_hoc\nasx_e_20260709_synergy_s02\official_runs\2026-07-09_235608_research_NASDAQ-COMP_nasdaq_ext_pair_e356ef9d1f0e_Worst_2014-03-31\perf_ptf.parquet,C:\GoogleDrive\TP\07_backtest_code\runs\ad_hoc\nasx_e_20260709_synergy_s02\official_runs\2026-07-09_235608_research_NASDAQ-COMP_nasdaq_ext_pair_e356ef9d1f0e_Worst_2014-03-31\perf_bench.parquet,3.130477076893013,-0.2517183761295694,-0.6518819012848763,1.217295763453961,,,,,,,,,,,,,,,,,,,,,,,,,,,,,,,,,,,,,,,,,
nasdaq,old,synergy_performance_summary,C:\GoogleDrive\TP\07_backtest_code\runs\ad_hoc\nasdaq_extended_factor_research_20260709\synergy_performance_summary.csv,NASDAQ COMP,nasdaq_ext_pair_f643f62b2aed,Top,success,Run termine avec succes,2014-03-31,C:\GoogleDrive\TP\07_backtest_code\runs\ad_hoc\nasx_e_20260709_synergy_s02\official_runs\2026-07-09_234801_research_NASDAQ-COMP_nasdaq_ext_pair_f643f62b2aed_Top_2014-03-31,earnings_yield_improvement: Earns Yield FY1 directional_delta lag3 + momentum: EPS NTM 3M Growth,pair_synergy,pair_synergy,,0.8610618077242805,38325.0,2014-03-31,2026-06-30,456.25,equal-weight pair of passed raw/relative variables,3142.0,70.47972972972973,0.2301214469596364,True,0.2453028369185681,0.2755457498268455,0.8902435877625324,-0.4296666904966412,0.3256011412340249,0.0232778778904043,-0.4020778863159399,0.1217842037456827,0.290643030629561,-0.1205803653672195,0.5833333333333334,C:\GoogleDrive\TP\07_backtest_code\runs\ad_hoc\nasx_e_20260709_synergy_s02\official_runs\2026-07-09_234801_research_NASDAQ-COMP_nasdaq_ext_pair_f643f62b2aed_Top_2014-03-31\perf_ptf.parquet,C:\GoogleDrive\TP\07_backtest_code\runs\ad_hoc\nasx_e_20260709_synergy_s02\official_runs\2026-07-09_234801_research_NASDAQ-COMP_nasdaq_ext_pair_f643f62b2aed_Top_2014-03-31\perf_bench.parquet,2.162322033191036,-0.2865181827888875,-0.5808139944886046,0.3602418160847608,,,,,,,,,,,,,,,,,,,,,,,,,,,,,,,,,,,,,,,,,
nasdaq,old,synergy_performance_summary,C:\GoogleDrive\TP\07_backtest_code\runs\ad_hoc\nasdaq_extended_factor_research_20260709\synergy_performance_summary.csv,NASDAQ COMP,nasdaq_ext_pair_f643f62b2aed,Worst,success,Run termine avec succes,2014-03-31,C:\GoogleDrive\TP\07_backtest_code\runs\ad_hoc\nasx_e_20260709_synergy_s02\official_runs\2026-07-09_234858_research_NASDAQ-COMP_nasdaq_ext_pair_f643f62b2aed_Worst_2014-03-31,earnings_yield_improvement: Earns Yield FY1 directional_delta lag3 + momentum: EPS NTM 3M Growth,pair_synergy,pair_synergy,,0.8610618077242805,38325.0,2014-03-31,2026-06-30,456.25,equal-weight pair of passed raw/relative variables,3142.0,70.47972972972973,0.2605809063296757,True,0.1335881634168505,0.2193831389098324,0.6089263016323051,-0.3283583683167279,-0.5808139944886046,-0.0685191939872469,-0.6234691452216561,0.0990883331644199,-0.7165407358534023,-0.1549978686171191,0.1666666666666666,C:\GoogleDrive\TP\07_backtest_code\runs\ad_hoc\nasx_e_20260709_synergy_s02\official_runs\2026-07-09_234858_research_NASDAQ-COMP_nasdaq_ext_pair_f643f62b2aed_Worst_2014-03-31\perf_ptf.parquet,C:\GoogleDrive\TP\07_backtest_code\runs\ad_hoc\nasx_e_20260709_synergy_s02\official_runs\2026-07-09_234858_research_NASDAQ-COMP_nasdaq_ext_pair_f643f62b2aed_Worst_2014-03-31\perf_bench.parquet,2.162322033191036,-0.2865181827888875,-0.5808139944886046,0.3602418160847608,,,,,,,,,,,,,,,,,,,,,,,,,,,,,,,,,,,,,,,,,
nasdaq,old,synergy_performance_summary,C:\GoogleDrive\TP\07_backtest_code\runs\ad_hoc\nasdaq_extended_factor_research_20260709\synergy_performance_summary.csv,NASDAQ COMP,nasdaq_ext_pair_fba93b1719dc,Top,success,Run termine avec succes,2014-03-31,C:\GoogleDrive\TP\07_backtest_code\runs\ad_hoc\nasx_e_20260709_synergy_s01\official_runs\2026-07-09_235802_research_NASDAQ-COMP_nasdaq_ext_pair_fba93b1719dc_Top_2014-03-31,quality_improvement: ROE avg FY0 score_delta lag3 + momentum: EPS Revision Ratio,pair_synergy,pair_synergy,,0.8262373901907479,36775.0,2014-03-31,2026-06-30,437.79761904761904,equal-weight pair of passed raw/relative variables,3142.0,70.47972972972973,0.2323362152351464,True,0.2276832275255382,0.2600737918880189,0.8754562536757752,-0.3723087801147713,0.1132870110556356,0.0087996674708641,-0.350169044605378,0.1186319262193164,0.1453791770554677,-0.120062785367933,0.5,C:\GoogleDrive\TP\07_backtest_code\runs\ad_hoc\nasx_e_20260709_synergy_s01\official_runs\2026-07-09_235802_research_NASDAQ-COMP_nasdaq_ext_pair_fba93b1719dc_Top_2014-03-31\perf_ptf.parquet,C:\GoogleDrive\TP\07_backtest_code\runs\ad_hoc\nasx_e_20260709_synergy_s01\official_runs\2026-07-09_235802_research_NASDAQ-COMP_nasdaq_ext_pair_fba93b1719dc_Top_2014-03-31\perf_bench.parquet,2.5985243608293107,-0.3147957886075145,-0.6906267960350645,0.4735163906722855,,,,,,,,,,,,,,,,,,,,,,,,,,,,,,,,,,,,,,,,,
nasdaq,old,synergy_performance_summary,C:\GoogleDrive\TP\07_backtest_code\runs\ad_hoc\nasdaq_extended_factor_research_20260709\synergy_performance_summary.csv,NASDAQ COMP,nasdaq_ext_pair_fba93b1719dc,Worst,success,Run termine avec succes,2014-03-31,C:\GoogleDrive\TP\07_backtest_code\runs\ad_hoc\nasx_e_20260709_synergy_s01\official_runs\2026-07-09_235910_research_NASDAQ-COMP_nasdaq_ext_pair_fba93b1719dc_Worst_2014-03-31,quality_improvement: ROE avg FY0 score_delta lag3 + momentum: EPS Revision Ratio,pair_synergy,pair_synergy,,0.8262373901907479,36775.0,2014-03-31,2026-06-30,437.79761904761904,equal-weight pair of passed raw/relative variables,3142.0,70.47972972972973,0.2404225139921937,True,0.1058220299209569,0.2180897534775069,0.4852223831408522,-0.3798302533200436,-0.6906267960350645,-0.0913349054098634,-0.7222106158579843,0.1043808373401581,-0.9166991001104818,-0.1925205976277768,0.1666666666666666,C:\GoogleDrive\TP\07_backtest_code\runs\ad_hoc\nasx_e_20260709_synergy_s01\official_runs\2026-07-09_235910_research_NASDAQ-COMP_nasdaq_ext_pair_fba93b1719dc_Worst_2014-03-31\perf_ptf.parquet,C:\GoogleDrive\TP\07_backtest_code\runs\ad_hoc\nasx_e_20260709_synergy_s01\official_runs\2026-07-09_235910_research_NASDAQ-COMP_nasdaq_ext_pair_fba93b1719dc_Worst_2014-03-31\perf_bench.parquet,2.5985243608293107,-0.3147957886075145,-0.6906267960350645,0.4735163906722855,,,,,,,,,,,,,,,,,,,,,,,,,,,,,,,,,,,,,,,,,
nasdaq,old,synergy_performance_summary,C:\GoogleDrive\TP\07_backtest_code\runs\ad_hoc\nasdaq_extended_factor_research_20260709\synergy_performance_summary.csv,NASDAQ COMP,nasdaq_ext_subset_quality_improvement_earnings_yield_improvement,Top,success,Run termine avec succes,2014-03-31,C:\GoogleDrive\TP\07_backtest_code\runs\ad_hoc\nasx_e_20260709_synergy_s01\official_runs\2026-07-10_000347_research_NASDAQ-COMP_nasdaq_ext_subset_quality_improvement_earnings_yield_improvement_Top_2014-03-31,quality_improvement + earnings_yield_improvement,family_subset,family_subset,,0.8859781167853692,39434.0,2014-03-31,2026-06-30,469.45238095238096,"validated theme subset: quality_improvement, earnings_yield_improvement",3142.0,70.47972972972973,0.2761525341349071,True,0.2623784428783,0.2924391857906029,0.8972068574495775,-0.3810528831054115,0.5662517285528601,0.0373090752121767,-0.4213796756684514,0.1645660518233476,0.3239178303757569,-0.1107600130538151,0.5833333333333334,C:\GoogleDrive\TP\07_backtest_code\runs\ad_hoc\nasx_e_20260709_synergy_s01\official_runs\2026-07-10_000347_research_NASDAQ-COMP_nasdaq_ext_subset_quality_improvement_earnings_yield_improvement_Top_2014-03-31\perf_ptf.parquet,C:\GoogleDrive\TP\07_backtest_code\runs\ad_hoc\nasx_e_20260709_synergy_s01\official_runs\2026-07-10_000347_research_NASDAQ-COMP_nasdaq_ext_subset_quality_improvement_earnings_yield_improvement_Top_2014-03-31\perf_bench.parquet,2.9027495484308896,-0.2875282871836444,-0.5986799283129568,0.8995410865542395,,,,,,,,,,,,,,,,,,,,,,,,,,,,,,,,,,,,,,,,,
nasdaq,old,synergy_performance_summary,C:\GoogleDrive\TP\07_backtest_code\runs\ad_hoc\nasdaq_extended_factor_research_20260709\synergy_performance_summary.csv,NASDAQ COMP,nasdaq_ext_subset_quality_improvement_earnings_yield_improvement,Worst,success,Run termine avec succes,2014-03-31,C:\GoogleDrive\TP\07_backtest_code\runs\ad_hoc\nasx_e_20260709_synergy_s01\official_runs\2026-07-10_000448_research_NASDAQ-COMP_nasdaq_ext_subset_quality_improvement_earnings_yield_improvement_Worst_2014-03-31,quality_improvement + earnings_yield_improvement,family_subset,family_subset,,0.8859781167853692,39434.0,2014-03-31,2026-06-30,469.45238095238096,"validated theme subset: quality_improvement, earnings_yield_improvement",3142.0,70.47972972972973,0.2758687072157927,True,0.1295645132948746,0.2274505806568414,0.5696380854281081,-0.3058523001940826,-0.5986799283129568,-0.0718254677996289,-0.6210028341482206,0.1048898407988437,-0.6931918619892846,-0.1655192419251281,0.3333333333333333,C:\GoogleDrive\TP\07_backtest_code\runs\ad_hoc\nasx_e_20260709_synergy_s01\official_runs\2026-07-10_000448_research_NASDAQ-COMP_nasdaq_ext_subset_quality_improvement_earnings_yield_improvement_Worst_2014-03-31\perf_ptf.parquet,C:\GoogleDrive\TP\07_backtest_code\runs\ad_hoc\nasx_e_20260709_synergy_s01\official_runs\2026-07-10_000448_research_NASDAQ-COMP_nasdaq_ext_subset_quality_improvement_earnings_yield_improvement_Worst_2014-03-31\perf_bench.parquet,2.9027495484308896,-0.2875282871836444,-0.5986799283129568,0.8995410865542395,,,,,,,,,,,,,,,,,,,,,,,,,,,,,,,,,,,,,,,,,
nasdaq,old,synergy_performance_summary,C:\GoogleDrive\TP\07_backtest_code\runs\ad_hoc\nasdaq_extended_factor_research_20260709\synergy_performance_summary.csv,NASDAQ COMP,nasdaq_ext_subset_revision_earnings_yield_improvement,Top,success,Run termine avec succes,2014-03-31,C:\GoogleDrive\TP\07_backtest_code\runs\ad_hoc\nasx_e_20260709_synergy_s00\official_runs\2026-07-10_000251_research_NASDAQ-COMP_nasdaq_ext_subset_revision_earnings_yield_improvement_Top_2014-03-31,revision + earnings_yield_improvement,family_subset,family_subset,,0.8638028263946618,38447.0,2014-03-31,2026-06-30,457.70238095238096,"validated theme subset: revision, earnings_yield_improvement",3142.0,70.47972972972973,0.2325960787559216,True,0.2366265725216478,0.2743157387257671,0.8626066211906382,-0.431308752357139,0.2168009187850239,0.0161485040891971,-0.3928088456788682,0.1210139282741554,0.2329027052509909,-0.1036447529101963,0.5833333333333334,C:\GoogleDrive\TP\07_backtest_code\runs\ad_hoc\nasx_e_20260709_synergy_s00\official_runs\2026-07-10_000251_research_NASDAQ-COMP_nasdaq_ext_subset_revision_earnings_yield_improvement_Top_2014-03-31\perf_ptf.parquet,C:\GoogleDrive\TP\07_backtest_code\runs\ad_hoc\nasx_e_20260709_synergy_s00\official_runs\2026-07-10_000251_research_NASDAQ-COMP_nasdaq_ext_subset_revision_earnings_yield_improvement_Top_2014-03-31\perf_bench.parquet,1.4113922052661063,-0.306576506463987,-0.4953948527627652,-0.087779351124011,,,,,,,,,,,,,,,,,,,,,,,,,,,,,,,,,,,,,,,,,
nasdaq,old,synergy_performance_summary,C:\GoogleDrive\TP\07_backtest_code\runs\ad_hoc\nasdaq_extended_factor_research_20260709\synergy_performance_summary.csv,NASDAQ COMP,nasdaq_ext_subset_revision_earnings_yield_improvement,Worst,success,Run termine avec succes,2014-03-31,C:\GoogleDrive\TP\07_backtest_code\runs\ad_hoc\nasx_e_20260709_synergy_s00\official_runs\2026-07-10_000347_research_NASDAQ-COMP_nasdaq_ext_subset_revision_earnings_yield_improvement_Worst_2014-03-31,revision + earnings_yield_improvement,family_subset,family_subset,,0.8638028263946618,38447.0,2014-03-31,2026-06-30,457.70238095238096,"validated theme subset: revision, earnings_yield_improvement",3142.0,70.47972972972973,0.2497229032010745,True,0.150882153772258,0.2194512637983521,0.6875428792740949,-0.3014749876637081,-0.4953948527627652,-0.0543085480090143,-0.5702441798720777,0.1005173159724088,-0.5580802801010529,-0.1486366012393205,0.1666666666666666,C:\GoogleDrive\TP\07_backtest_code\runs\ad_hoc\nasx_e_20260709_synergy_s00\official_runs\2026-07-10_000347_research_NASDAQ-COMP_nasdaq_ext_subset_revision_earnings_yield_improvement_Worst_2014-03-31\perf_ptf.parquet,C:\GoogleDrive\TP\07_backtest_code\runs\ad_hoc\nasx_e_20260709_synergy_s00\official_runs\2026-07-10_000347_research_NASDAQ-COMP_nasdaq_ext_subset_revision_earnings_yield_improvement_Worst_2014-03-31\perf_bench.parquet,1.4113922052661063,-0.306576506463987,-0.4953948527627652,-0.087779351124011,,,,,,,,,,,,,,,,,,,,,,,,,,,,,,,,,,,,,,,,,
nasdaq,old,synergy_performance_summary,C:\GoogleDrive\TP\07_backtest_code\runs\ad_hoc\nasdaq_extended_factor_research_20260709\synergy_performance_summary.csv,NASDAQ COMP,nasdaq_ext_subset_revision_quality_improvement,Top,success,Run termine avec succes,2014-01-31,C:\GoogleDrive\TP\07_backtest_code\runs\ad_hoc\nasx_e_20260709_synergy_s03\official_runs\2026-07-10_000017_research_NASDAQ-COMP_nasdaq_ext_subset_revision_quality_improvement_Top_2014-01-31,revision + quality_improvement,family_subset,family_subset,,0.9221281089217912,41043.0,2014-01-31,2026-06-30,488.6071428571428,"validated theme subset: revision, quality_improvement",3184.0,69.78,0.2320305467395979,True,0.2453590930529532,0.2645429601803139,0.9274829800260612,-0.3763879397495485,0.3079276362264362,0.021870581269904,-0.4114894444031216,0.1250113998153022,0.25011601289297,-0.1437954221803203,0.6666666666666666,C:\GoogleDrive\TP\07_backtest_code\runs\ad_hoc\nasx_e_20260709_synergy_s03\official_runs\2026-07-10_000017_research_NASDAQ-COMP_nasdaq_ext_subset_revision_quality_improvement_Top_2014-01-31\perf_ptf.parquet,C:\GoogleDrive\TP\07_backtest_code\runs\ad_hoc\nasx_e_20260709_synergy_s03\official_runs\2026-07-10_000017_research_NASDAQ-COMP_nasdaq_ext_subset_revision_quality_improvement_Top_2014-01-31\perf_bench.parquet,3.2826336421358078,-0.3604504720393099,-0.6945973563187733,0.8574587464924741,,,,,,,,,,,,,,,,,,,,,,,,,,,,,,,,,,,,,,,,,
nasdaq,old,synergy_performance_summary,C:\GoogleDrive\TP\07_backtest_code\runs\ad_hoc\nasdaq_extended_factor_research_20260709\synergy_performance_summary.csv,NASDAQ COMP,nasdaq_ext_subset_revision_quality_improvement,Worst,success,Run termine avec succes,2014-01-31,C:\GoogleDrive\TP\07_backtest_code\runs\ad_hoc\nasx_e_20260709_synergy_s03\official_runs\2026-07-10_000116_research_NASDAQ-COMP_nasdaq_ext_subset_revision_quality_improvement_Worst_2014-01-31,revision + quality_improvement,family_subset,family_subset,,0.9221281089217912,41043.0,2014-01-31,2026-06-30,488.6071428571428,"validated theme subset: revision, quality_improvement",3184.0,69.78,0.2528328578158807,True,0.1075995376633713,0.2185019726540782,0.4924419507814593,-0.389868037077843,-0.6945973563187733,-0.0911670459708759,-0.7324242450102019,0.1085673512974543,-0.8765393965416877,-0.2061571671613535,0.1666666666666666,C:\GoogleDrive\TP\07_backtest_code\runs\ad_hoc\nasx_e_20260709_synergy_s03\official_runs\2026-07-10_000116_research_NASDAQ-COMP_nasdaq_ext_subset_revision_quality_improvement_Worst_2014-01-31\perf_ptf.parquet,C:\GoogleDrive\TP\07_backtest_code\runs\ad_hoc\nasx_e_20260709_synergy_s03\official_runs\2026-07-10_000116_research_NASDAQ-COMP_nasdaq_ext_subset_revision_quality_improvement_Worst_2014-01-31\perf_bench.parquet,3.2826336421358078,-0.3604504720393099,-0.6945973563187733,0.8574587464924741,,,,,,,,,,,,,,,,,,,,,,,,,,,,,,,,,,,,,,,,,
nasdaq,old,synergy_performance_summary,C:\GoogleDrive\TP\07_backtest_code\runs\ad_hoc\nasdaq_extended_factor_research_20260709\synergy_performance_summary.csv,NASDAQ COMP,nasdaq_ext_subset_revision_quality_improvement_earnings_yield_improvement,Top,success,Run termine avec succes,2014-03-31,C:\GoogleDrive\TP\07_backtest_code\runs\ad_hoc\nasx_e_20260709_synergy_s02\official_runs\2026-07-10_000346_research_NASDAQ-COMP_nasdaq_ext_subset_revision_quality_improvement_earnings_yield_improvement_Top_2014-03-31,revision + quality_improvement + earnings_yield_improvement,family_subset,family_subset,,0.8615336224134444,38346.0,2014-03-31,2026-06-30,456.5,"validated theme subset: revision, quality_improvement, earnings_yield_improvement",3142.0,70.47972972972973,0.2282913124938785,True,0.2521678409329579,0.2744201688539752,0.9189114706329834,-0.4084058033476716,0.4179422323430193,0.0289189208008475,-0.3758664648348194,0.1192371903508686,0.3395634187606632,-0.0985426171384562,0.5833333333333334,C:\GoogleDrive\TP\07_backtest_code\runs\ad_hoc\nasx_e_20260709_synergy_s02\official_runs\2026-07-10_000346_research_NASDAQ-COMP_nasdaq_ext_subset_revision_quality_improvement_earnings_yield_improvement_Top_2014-03-31\perf_ptf.parquet,C:\GoogleDrive\TP\07_backtest_code\runs\ad_hoc\nasx_e_20260709_synergy_s02\official_runs\2026-07-10_000346_research_NASDAQ-COMP_nasdaq_ext_subset_revision_quality_improvement_earnings_yield_improvement_Top_2014-03-31\perf_bench.parquet,2.8377784630555425,-0.2440855667402224,-0.6305304628725001,0.8673187267118267,,,,,,,,,,,,,,,,,,,,,,,,,,,,,,,,,,,,,,,,,
nasdaq,old,synergy_performance_summary,C:\GoogleDrive\TP\07_backtest_code\runs\ad_hoc\nasdaq_extended_factor_research_20260709\synergy_performance_summary.csv,NASDAQ COMP,nasdaq_ext_subset_revision_quality_improvement_earnings_yield_improvement,Worst,success,Run termine avec succes,2014-03-31,C:\GoogleDrive\TP\07_backtest_code\runs\ad_hoc\nasx_e_20260709_synergy_s02\official_runs\2026-07-10_000447_research_NASDAQ-COMP_nasdaq_ext_subset_revision_quality_improvement_earnings_yield_improvement_Worst_2014-03-31,revision + quality_improvement + earnings_yield_improvement,family_subset,family_subset,,0.8615336224134444,38346.0,2014-03-31,2026-06-30,456.5,"validated theme subset: revision, quality_improvement, earnings_yield_improvement",3142.0,70.47972972972973,0.2509810500210115,True,0.1219647784327242,0.221085456010261,0.551663508915139,-0.3337190520664452,-0.6305304628725001,-0.0780702464444074,-0.6680125101704271,0.1025319654495054,-0.7874880168522561,-0.1627402095943946,0.1666666666666666,C:\GoogleDrive\TP\07_backtest_code\runs\ad_hoc\nasx_e_20260709_synergy_s02\official_runs\2026-07-10_000447_research_NASDAQ-COMP_nasdaq_ext_subset_revision_quality_improvement_earnings_yield_improvement_Worst_2014-03-31\perf_ptf.parquet,C:\GoogleDrive\TP\07_backtest_code\runs\ad_hoc\nasx_e_20260709_synergy_s02\official_runs\2026-07-10_000447_research_NASDAQ-COMP_nasdaq_ext_subset_revision_quality_improvement_earnings_yield_improvement_Worst_2014-03-31\perf_bench.parquet,2.8377784630555425,-0.2440855667402224,-0.6305304628725001,0.8673187267118267,,,,,,,,,,,,,,,,,,,,,,,,,,,,,,,,,,,,,,,,,
nasdaq,old,synergy_performance_summary,C:\GoogleDrive\TP\07_backtest_code\runs\ad_hoc\nasdaq_extended_factor_research_20260709\synergy_performance_summary.csv,NASDAQ COMP,nasdaq_ext_theme_earnings_yield_improvement,Top,success,Run termine avec succes,2014-03-31,C:\GoogleDrive\TP\07_backtest_code\runs\ad_hoc\nasx_e_20260709_synergy_s00\official_runs\2026-07-10_000102_research_NASDAQ-COMP_nasdaq_ext_theme_earnings_yield_improvement_Top_2014-03-31,earnings_yield_improvement validated theme,validated_theme,validated_theme,,0.8894156238064211,39587.0,2014-03-31,2026-06-30,471.2738095238095,theme composite; min_count=1,3142.0,70.47972972972973,0.2566807893098235,True,0.2493915775313391,0.2833515800322281,0.8801488860692908,-0.3888789952326302,0.3799098287052422,0.0266376372143561,-0.3873417737161275,0.1543535000702416,0.2631867964610798,-0.1003391573639056,0.5833333333333334,C:\GoogleDrive\TP\07_backtest_code\runs\ad_hoc\nasx_e_20260709_synergy_s00\official_runs\2026-07-10_000102_research_NASDAQ-COMP_nasdaq_ext_theme_earnings_yield_improvement_Top_2014-03-31\perf_ptf.parquet,C:\GoogleDrive\TP\07_backtest_code\runs\ad_hoc\nasx_e_20260709_synergy_s00\official_runs\2026-07-10_000102_research_NASDAQ-COMP_nasdaq_ext_theme_earnings_yield_improvement_Top_2014-03-31\perf_bench.parquet,1.3136429762719637,-0.2633761040770284,-0.4035770242612242,0.0073551119748216,,,,,,,,,,,,,,,,,,,,,,,,,,,,,,,,,,,,,,,,,
nasdaq,old,synergy_performance_summary,C:\GoogleDrive\TP\07_backtest_code\runs\ad_hoc\nasdaq_extended_factor_research_20260709\synergy_performance_summary.csv,NASDAQ COMP,nasdaq_ext_theme_earnings_yield_improvement,Worst,success,Run termine avec succes,2014-03-31,C:\GoogleDrive\TP\07_backtest_code\runs\ad_hoc\nasx_e_20260709_synergy_s00\official_runs\2026-07-10_000159_research_NASDAQ-COMP_nasdaq_ext_theme_earnings_yield_improvement_Worst_2014-03-31,earnings_yield_improvement validated theme,validated_theme,validated_theme,,0.8894156238064211,39587.0,2014-03-31,2026-06-30,471.2738095238095,theme composite; min_count=1,3142.0,70.47972972972973,0.2413786747232288,True,0.1666968352000855,0.2395164853147456,0.6959722834151948,-0.3146551266036249,-0.4035770242612242,-0.04131346506917,-0.4585310388737001,0.0976513500706851,-0.3900669783014955,-0.1008840443288129,0.4166666666666667,C:\GoogleDrive\TP\07_backtest_code\runs\ad_hoc\nasx_e_20260709_synergy_s00\official_runs\2026-07-10_000159_research_NASDAQ-COMP_nasdaq_ext_theme_earnings_yield_improvement_Worst_2014-03-31\perf_ptf.parquet,C:\GoogleDrive\TP\07_backtest_code\runs\ad_hoc\nasx_e_20260709_synergy_s00\official_runs\2026-07-10_000159_research_NASDAQ-COMP_nasdaq_ext_theme_earnings_yield_improvement_Worst_2014-03-31\perf_bench.parquet,1.3136429762719637,-0.2633761040770284,-0.4035770242612242,0.0073551119748216,,,,,,,,,,,,,,,,,,,,,,,,,,,,,,,,,,,,,,,,,
nasdaq,old,synergy_performance_summary,C:\GoogleDrive\TP\07_backtest_code\runs\ad_hoc\nasdaq_extended_factor_research_20260709\synergy_performance_summary.csv,NASDAQ COMP,nasdaq_ext_theme_loo_ex_earnings_yield_improvement,Top,success,Run termine avec succes,2014-01-31,C:\GoogleDrive\TP\07_backtest_code\runs\ad_hoc\nasx_e_20260709_synergy_s02\official_runs\2026-07-10_000542_research_NASDAQ-COMP_nasdaq_ext_theme_loo_ex_earnings_yield_improvement_Top_2014-01-31,leave one theme out: ex earnings_yield_improvement,leave_one_out,leave_one_out,,0.9221281089217912,41043.0,2014-01-31,2026-06-30,488.6071428571428,exclude theme earnings_yield_improvement,3184.0,69.78,0.2320305467395979,True,0.2453590930529532,0.2645429601803139,0.9274829800260612,-0.3763879397495485,0.3079276362264362,0.021870581269904,-0.4114894444031216,0.1250113998153022,0.25011601289297,-0.1437954221803203,0.6666666666666666,C:\GoogleDrive\TP\07_backtest_code\runs\ad_hoc\nasx_e_20260709_synergy_s02\official_runs\2026-07-10_000542_research_NASDAQ-COMP_nasdaq_ext_theme_loo_ex_earnings_yield_improvement_Top_2014-01-31\perf_ptf.parquet,C:\GoogleDrive\TP\07_backtest_code\runs\ad_hoc\nasx_e_20260709_synergy_s02\official_runs\2026-07-10_000542_research_NASDAQ-COMP_nasdaq_ext_theme_loo_ex_earnings_yield_improvement_Top_2014-01-31\perf_bench.parquet,3.2826336421358078,-0.3604504720393099,-0.6945973563187733,0.8574587464924741,,,,,,,,,,,,,,,,,,,,,,,,,,,,,,,,,,,,,,,,,
nasdaq,old,synergy_performance_summary,C:\GoogleDrive\TP\07_backtest_code\runs\ad_hoc\nasdaq_extended_factor_research_20260709\synergy_performance_summary.csv,NASDAQ COMP,nasdaq_ext_theme_loo_ex_earnings_yield_improvement,Worst,success,Run termine avec succes,2014-01-31,C:\GoogleDrive\TP\07_backtest_code\runs\ad_hoc\nasx_e_20260709_synergy_s02\official_runs\2026-07-10_000647_research_NASDAQ-COMP_nasdaq_ext_theme_loo_ex_earnings_yield_improvement_Worst_2014-01-31,leave one theme out: ex earnings_yield_improvement,leave_one_out,leave_one_out,,0.9221281089217912,41043.0,2014-01-31,2026-06-30,488.6071428571428,exclude theme earnings_yield_improvement,3184.0,69.78,0.2528328578158807,True,0.1075995376633713,0.2185019726540782,0.4924419507814593,-0.389868037077843,-0.6945973563187733,-0.0911670459708759,-0.7324242450102019,0.1085673512974543,-0.8765393965416877,-0.2061571671613535,0.1666666666666666,C:\GoogleDrive\TP\07_backtest_code\runs\ad_hoc\nasx_e_20260709_synergy_s02\official_runs\2026-07-10_000647_research_NASDAQ-COMP_nasdaq_ext_theme_loo_ex_earnings_yield_improvement_Worst_2014-01-31\perf_ptf.parquet,C:\GoogleDrive\TP\07_backtest_code\runs\ad_hoc\nasx_e_20260709_synergy_s02\official_runs\2026-07-10_000647_research_NASDAQ-COMP_nasdaq_ext_theme_loo_ex_earnings_yield_improvement_Worst_2014-01-31\perf_bench.parquet,3.2826336421358078,-0.3604504720393099,-0.6945973563187733,0.8574587464924741,,,,,,,,,,,,,,,,,,,,,,,,,,,,,,,,,,,,,,,,,
nasdaq,old,synergy_performance_summary,C:\GoogleDrive\TP\07_backtest_code\runs\ad_hoc\nasdaq_extended_factor_research_20260709\synergy_performance_summary.csv,NASDAQ COMP,nasdaq_ext_theme_loo_ex_quality_improvement,Top,success,Run termine avec succes,2014-03-31,C:\GoogleDrive\TP\07_backtest_code\runs\ad_hoc\nasx_e_20260709_synergy_s01\official_runs\2026-07-10_000542_research_NASDAQ-COMP_nasdaq_ext_theme_loo_ex_quality_improvement_Top_2014-03-31,leave one theme out: ex quality_improvement,leave_one_out,leave_one_out,,0.8638028263946618,38447.0,2014-03-31,2026-06-30,457.70238095238096,exclude theme quality_improvement,3142.0,70.47972972972973,0.2325960787559216,True,0.2366265725216478,0.2743157387257671,0.8626066211906382,-0.431308752357139,0.2168009187850239,0.0161485040891971,-0.3928088456788682,0.1210139282741554,0.2329027052509909,-0.1036447529101963,0.5833333333333334,C:\GoogleDrive\TP\07_backtest_code\runs\ad_hoc\nasx_e_20260709_synergy_s01\official_runs\2026-07-10_000542_research_NASDAQ-COMP_nasdaq_ext_theme_loo_ex_quality_improvement_Top_2014-03-31\perf_ptf.parquet,C:\GoogleDrive\TP\07_backtest_code\runs\ad_hoc\nasx_e_20260709_synergy_s01\official_runs\2026-07-10_000542_research_NASDAQ-COMP_nasdaq_ext_theme_loo_ex_quality_improvement_Top_2014-03-31\perf_bench.parquet,1.4113922052661063,-0.306576506463987,-0.4953948527627652,-0.087779351124011,,,,,,,,,,,,,,,,,,,,,,,,,,,,,,,,,,,,,,,,,
nasdaq,old,synergy_performance_summary,C:\GoogleDrive\TP\07_backtest_code\runs\ad_hoc\nasdaq_extended_factor_research_20260709\synergy_performance_summary.csv,NASDAQ COMP,nasdaq_ext_theme_loo_ex_quality_improvement,Worst,success,Run termine avec succes,2014-03-31,C:\GoogleDrive\TP\07_backtest_code\runs\ad_hoc\nasx_e_20260709_synergy_s01\official_runs\2026-07-10_000647_research_NASDAQ-COMP_nasdaq_ext_theme_loo_ex_quality_improvement_Worst_2014-03-31,leave one theme out: ex quality_improvement,leave_one_out,leave_one_out,,0.8638028263946618,38447.0,2014-03-31,2026-06-30,457.70238095238096,exclude theme quality_improvement,3142.0,70.47972972972973,0.2497229032010745,True,0.150882153772258,0.2194512637983521,0.6875428792740949,-0.3014749876637081,-0.4953948527627652,-0.0543085480090143,-0.5702441798720777,0.1005173159724088,-0.5580802801010529,-0.1486366012393205,0.1666666666666666,C:\GoogleDrive\TP\07_backtest_code\runs\ad_hoc\nasx_e_20260709_synergy_s01\official_runs\2026-07-10_000647_research_NASDAQ-COMP_nasdaq_ext_theme_loo_ex_quality_improvement_Worst_2014-03-31\perf_ptf.parquet,C:\GoogleDrive\TP\07_backtest_code\runs\ad_hoc\nasx_e_20260709_synergy_s01\official_runs\2026-07-10_000647_research_NASDAQ-COMP_nasdaq_ext_theme_loo_ex_quality_improvement_Worst_2014-03-31\perf_bench.parquet,1.4113922052661063,-0.306576506463987,-0.4953948527627652,-0.087779351124011,,,,,,,,,,,,,,,,,,,,,,,,,,,,,,,,,,,,,,,,,
nasdaq,old,synergy_performance_summary,C:\GoogleDrive\TP\07_backtest_code\runs\ad_hoc\nasdaq_extended_factor_research_20260709\synergy_performance_summary.csv,NASDAQ COMP,nasdaq_ext_theme_loo_ex_revision,Top,success,Run termine avec succes,2014-03-31,C:\GoogleDrive\TP\07_backtest_code\runs\ad_hoc\nasx_e_20260709_synergy_s00\official_runs\2026-07-10_000443_research_NASDAQ-COMP_nasdaq_ext_theme_loo_ex_revision_Top_2014-03-31,leave one theme out: ex revision,leave_one_out,leave_one_out,,0.8859781167853692,39434.0,2014-03-31,2026-06-30,469.45238095238096,exclude theme revision,3142.0,70.47972972972973,0.2761525341349071,True,0.2623784428783,0.2924391857906029,0.8972068574495775,-0.3810528831054115,0.5662517285528601,0.0373090752121767,-0.4213796756684514,0.1645660518233476,0.3239178303757569,-0.1107600130538151,0.5833333333333334,C:\GoogleDrive\TP\07_backtest_code\runs\ad_hoc\nasx_e_20260709_synergy_s00\official_runs\2026-07-10_000443_research_NASDAQ-COMP_nasdaq_ext_theme_loo_ex_revision_Top_2014-03-31\perf_ptf.parquet,C:\GoogleDrive\TP\07_backtest_code\runs\ad_hoc\nasx_e_20260709_synergy_s00\official_runs\2026-07-10_000443_research_NASDAQ-COMP_nasdaq_ext_theme_loo_ex_revision_Top_2014-03-31\perf_bench.parquet,2.9027495484308896,-0.2875282871836444,-0.5986799283129568,0.8995410865542395,,,,,,,,,,,,,,,,,,,,,,,,,,,,,,,,,,,,,,,,,
nasdaq,old,synergy_performance_summary,C:\GoogleDrive\TP\07_backtest_code\runs\ad_hoc\nasdaq_extended_factor_research_20260709\synergy_performance_summary.csv,NASDAQ COMP,nasdaq_ext_theme_loo_ex_revision,Worst,success,Run termine avec succes,2014-03-31,C:\GoogleDrive\TP\07_backtest_code\runs\ad_hoc\nasx_e_20260709_synergy_s00\official_runs\2026-07-10_000542_research_NASDAQ-COMP_nasdaq_ext_theme_loo_ex_revision_Worst_2014-03-31,leave one theme out: ex revision,leave_one_out,leave_one_out,,0.8859781167853692,39434.0,2014-03-31,2026-06-30,469.45238095238096,exclude theme revision,3142.0,70.47972972972973,0.2758687072157927,True,0.1295645132948746,0.2274505806568414,0.5696380854281081,-0.3058523001940826,-0.5986799283129568,-0.0718254677996289,-0.6210028341482206,0.1048898407988437,-0.6931918619892846,-0.1655192419251281,0.3333333333333333,C:\GoogleDrive\TP\07_backtest_code\runs\ad_hoc\nasx_e_20260709_synergy_s00\official_runs\2026-07-10_000542_research_NASDAQ-COMP_nasdaq_ext_theme_loo_ex_revision_Worst_2014-03-31\perf_ptf.parquet,C:\GoogleDrive\TP\07_backtest_code\runs\ad_hoc\nasx_e_20260709_synergy_s00\official_runs\2026-07-10_000542_research_NASDAQ-COMP_nasdaq_ext_theme_loo_ex_revision_Worst_2014-03-31\perf_bench.parquet,2.9027495484308896,-0.2875282871836444,-0.5986799283129568,0.8995410865542395,,,,,,,,,,,,,,,,,,,,,,,,,,,,,,,,,,,,,,,,,
nasdaq,old,synergy_performance_summary,C:\GoogleDrive\TP\07_backtest_code\runs\ad_hoc\nasdaq_extended_factor_research_20260709\synergy_performance_summary.csv,NASDAQ COMP,nasdaq_ext_theme_quality_improvement,Top,success,Run termine avec succes,2014-01-31,C:\GoogleDrive\TP\07_backtest_code\runs\ad_hoc\nasx_e_20260709_synergy_s01\official_runs\2026-07-10_000158_research_NASDAQ-COMP_nasdaq_ext_theme_quality_improvement_Top_2014-01-31,quality_improvement validated theme,validated_theme,validated_theme,,0.9501673818778223,42291.0,2014-01-31,2026-06-30,503.4642857142857,theme composite; min_count=3,3184.0,69.78,0.3188799583601848,True,0.2762577243791753,0.2621088568116606,1.0539808831323902,-0.3248614046049646,0.7727650883902042,0.0472242343085369,-0.2846593708896783,0.1429164795940433,0.3806279146576114,-0.0521261291953478,0.8333333333333334,C:\GoogleDrive\TP\07_backtest_code\runs\ad_hoc\nasx_e_20260709_synergy_s01\official_runs\2026-07-10_000158_research_NASDAQ-COMP_nasdaq_ext_theme_quality_improvement_Top_2014-01-31\perf_ptf.parquet,C:\GoogleDrive\TP\07_backtest_code\runs\ad_hoc\nasx_e_20260709_synergy_s01\official_runs\2026-07-10_000158_research_NASDAQ-COMP_nasdaq_ext_theme_quality_improvement_Top_2014-01-31\perf_bench.parquet,4.840223881196515,-0.2445741079480401,-0.6964559707894264,2.428515678419714,,,,,,,,,,,,,,,,,,,,,,,,,,,,,,,,,,,,,,,,,
nasdaq,old,synergy_performance_summary,C:\GoogleDrive\TP\07_backtest_code\runs\ad_hoc\nasdaq_extended_factor_research_20260709\synergy_performance_summary.csv,NASDAQ COMP,nasdaq_ext_theme_quality_improvement,Worst,success,Run termine avec succes,2014-01-31,C:\GoogleDrive\TP\07_backtest_code\runs\ad_hoc\nasx_e_20260709_synergy_s01\official_runs\2026-07-10_000255_research_NASDAQ-COMP_nasdaq_ext_theme_quality_improvement_Worst_2014-01-31,quality_improvement validated theme,validated_theme,validated_theme,,0.9501673818778223,42291.0,2014-01-31,2026-06-30,503.4642857142857,theme composite; min_count=3,3184.0,69.78,0.2935179323564124,True,0.1070547620487671,0.2177475246956197,0.4916462871319185,-0.3693743401020349,-0.6964559707894264,-0.0916140577420693,-0.7290940503392405,0.0928274274014659,-1.0319358195557422,-0.1795567537786163,0.1666666666666666,C:\GoogleDrive\TP\07_backtest_code\runs\ad_hoc\nasx_e_20260709_synergy_s01\official_runs\2026-07-10_000255_research_NASDAQ-COMP_nasdaq_ext_theme_quality_improvement_Worst_2014-01-31\perf_ptf.parquet,C:\GoogleDrive\TP\07_backtest_code\runs\ad_hoc\nasx_e_20260709_synergy_s01\official_runs\2026-07-10_000255_research_NASDAQ-COMP_nasdaq_ext_theme_quality_improvement_Worst_2014-01-31\perf_bench.parquet,4.840223881196515,-0.2445741079480401,-0.6964559707894264,2.428515678419714,,,,,,,,,,,,,,,,,,,,,,,,,,,,,,,,,,,,,,,,,
nasdaq,old,synergy_performance_summary,C:\GoogleDrive\TP\07_backtest_code\runs\ad_hoc\nasdaq_extended_factor_research_20260709\synergy_performance_summary.csv,NASDAQ COMP,nasdaq_ext_theme_revision,Top,success,Run termine avec succes,2013-12-31,C:\GoogleDrive\TP\07_backtest_code\runs\ad_hoc\nasx_e_20260709_synergy_s02\official_runs\2026-07-10_000157_research_NASDAQ-COMP_nasdaq_ext_theme_revision_Top_2013-12-31,revision validated theme,validated_theme,validated_theme,,0.964995843537262,42951.0,2013-12-31,2026-06-30,511.32142857142856,theme composite; min_count=1,3206.0,69.43708609271523,0.1981815667723732,True,0.2294818758860468,0.2775689816337163,0.826756197812024,-0.4013025303224233,0.1577005541326723,0.0117879684738342,-0.4194643510423291,0.1357935770872142,0.185215121001675,-0.1362405572205256,0.5,C:\GoogleDrive\TP\07_backtest_code\runs\ad_hoc\nasx_e_20260709_synergy_s02\official_runs\2026-07-10_000157_research_NASDAQ-COMP_nasdaq_ext_theme_revision_Top_2013-12-31\perf_ptf.parquet,C:\GoogleDrive\TP\07_backtest_code\runs\ad_hoc\nasx_e_20260709_synergy_s02\official_runs\2026-07-10_000157_research_NASDAQ-COMP_nasdaq_ext_theme_revision_Top_2013-12-31\perf_bench.parquet,1.47961477020438,-0.3433059142149361,-0.5331127366864128,-0.2134548971575358,,,,,,,,,,,,,,,,,,,,,,,,,,,,,,,,,,,,,,,,,
nasdaq,old,synergy_performance_summary,C:\GoogleDrive\TP\07_backtest_code\runs\ad_hoc\nasdaq_extended_factor_research_20260709\synergy_performance_summary.csv,NASDAQ COMP,nasdaq_ext_theme_revision,Worst,success,Run termine avec succes,2013-12-31,C:\GoogleDrive\TP\07_backtest_code\runs\ad_hoc\nasx_e_20260709_synergy_s02\official_runs\2026-07-10_000253_research_NASDAQ-COMP_nasdaq_ext_theme_revision_Worst_2013-12-31,revision validated theme,validated_theme,validated_theme,,0.964995843537262,42951.0,2013-12-31,2026-06-30,511.32142857142856,theme composite; min_count=1,3206.0,69.43708609271523,0.2260561069501885,True,0.1432998864204089,0.2189555096545359,0.654470338044952,-0.3043500522767075,-0.5331127366864128,-0.0591345085066665,-0.566612030188676,0.1033504061494584,-0.5897807307450329,-0.1479734006070904,0.25,C:\GoogleDrive\TP\07_backtest_code\runs\ad_hoc\nasx_e_20260709_synergy_s02\official_runs\2026-07-10_000253_research_NASDAQ-COMP_nasdaq_ext_theme_revision_Worst_2013-12-31\perf_ptf.parquet,C:\GoogleDrive\TP\07_backtest_code\runs\ad_hoc\nasx_e_20260709_synergy_s02\official_runs\2026-07-10_000253_research_NASDAQ-COMP_nasdaq_ext_theme_revision_Worst_2013-12-31\perf_bench.parquet,1.47961477020438,-0.3433059142149361,-0.5331127366864128,-0.2134548971575358,,,,,,,,,,,,,,,,,,,,,,,,,,,,,,,,,,,,,,,,,
nasdaq,old,synergy_performance_summary,C:\GoogleDrive\TP\07_backtest_code\runs\ad_hoc\nasdaq_extended_factor_research_20260709\synergy_performance_summary.csv,NASDAQ COMP,nasdaq_ext_var_loo_0e67ef9ab4,Top,success,Run termine avec succes,2014-03-31,C:\GoogleDrive\TP\07_backtest_code\runs\ad_hoc\nasx_e_20260709_synergy_s03\official_runs\2026-07-10_000549_research_NASDAQ-COMP_nasdaq_ext_var_loo_0e67ef9ab4_Top_2014-03-31,leave one variable out: ex quality_improvement: ROE avg FY0 directional_delta lag1,leave_one_out,leave_one_out,,0.8861803230807253,39443.0,2014-03-31,2026-06-30,469.5595238095238,exclude variable nasdaq_reldelta_quality_roe_avg_fy0_lag1_score,3142.0,70.47972972972973,0.241470724404753,True,0.2781447679804887,0.2954198488872506,0.941523628246946,-0.3751096038487774,0.823435030519964,0.0502644232724276,-0.3269239697146162,0.1667445220913858,0.3979444624627758,-0.1039371264901949,0.6666666666666666,C:\GoogleDrive\TP\07_backtest_code\runs\ad_hoc\nasx_e_20260709_synergy_s03\official_runs\2026-07-10_000549_research_NASDAQ-COMP_nasdaq_ext_var_loo_0e67ef9ab4_Top_2014-03-31\perf_ptf.parquet,C:\GoogleDrive\TP\07_backtest_code\runs\ad_hoc\nasx_e_20260709_synergy_s03\official_runs\2026-07-10_000549_research_NASDAQ-COMP_nasdaq_ext_var_loo_0e67ef9ab4_Top_2014-03-31\perf_bench.parquet,4.89557480665843,-0.3037203761353596,-0.6907112384596348,2.3466928458383656,,,,,,,,,,,,,,,,,,,,,,,,,,,,,,,,,,,,,,,,,
nasdaq,old,synergy_performance_summary,C:\GoogleDrive\TP\07_backtest_code\runs\ad_hoc\nasdaq_extended_factor_research_20260709\synergy_performance_summary.csv,NASDAQ COMP,nasdaq_ext_var_loo_0e67ef9ab4,Worst,success,Run termine avec succes,2014-03-31,C:\GoogleDrive\TP\07_backtest_code\runs\ad_hoc\nasx_e_20260709_synergy_s03\official_runs\2026-07-10_000653_research_NASDAQ-COMP_nasdaq_ext_var_loo_0e67ef9ab4_Worst_2014-03-31,leave one variable out: ex quality_improvement: ROE avg FY0 directional_delta lag1,leave_one_out,leave_one_out,,0.8861803230807253,39443.0,2014-03-31,2026-06-30,469.5595238095238,exclude variable nasdaq_reldelta_quality_roe_avg_fy0_lag1_score,3142.0,70.47972972972973,0.2513625741803572,True,0.105797385880161,0.2166272437821571,0.4883844895637973,-0.3268731749500541,-0.6907112384596348,-0.0913551556662835,-0.7152909163744823,0.1064468134058551,-0.9020992611522204,-0.2010342420217641,0.1666666666666666,C:\GoogleDrive\TP\07_backtest_code\runs\ad_hoc\nasx_e_20260709_synergy_s03\official_runs\2026-07-10_000653_research_NASDAQ-COMP_nasdaq_ext_var_loo_0e67ef9ab4_Worst_2014-03-31\perf_ptf.parquet,C:\GoogleDrive\TP\07_backtest_code\runs\ad_hoc\nasx_e_20260709_synergy_s03\official_runs\2026-07-10_000653_research_NASDAQ-COMP_nasdaq_ext_var_loo_0e67ef9ab4_Worst_2014-03-31\perf_bench.parquet,4.89557480665843,-0.3037203761353596,-0.6907112384596348,2.3466928458383656,,,,,,,,,,,,,,,,,,,,,,,,,,,,,,,,,,,,,,,,,
nasdaq,old,synergy_performance_summary,C:\GoogleDrive\TP\07_backtest_code\runs\ad_hoc\nasdaq_extended_factor_research_20260709\synergy_performance_summary.csv,NASDAQ COMP,nasdaq_ext_var_loo_19c2bae323,Top,success,Run termine avec succes,2014-03-31,C:\GoogleDrive\TP\07_backtest_code\runs\ad_hoc\nasx_0710_synergy_final_s00\official_runs\2026-07-10_002014_research_NASDAQ-COMP_nasdaq_ext_var_loo_19c2bae323_Top_2014-03-31,leave one variable out: ex quality_improvement: ROE avg FY0 score_delta lag1,leave_one_out,leave_one_out,,0.8861803230807253,39443.0,2014-03-31,2026-06-30,469.5595238095238,exclude variable nasdaq_relrank_quality_roe_avg_fy0_lag1_score,3142.0,70.47972972972973,0.2328722959670316,True,0.2659982684405737,0.2770782456326895,0.960011378133222,-0.3870665754410529,0.6221607505450792,0.0402835223184423,-0.3921977644707348,0.1557549508897176,0.3326964813022085,-0.1426816198276758,0.6666666666666666,C:\GoogleDrive\TP\07_backtest_code\runs\ad_hoc\nasx_0710_synergy_final_s00\official_runs\2026-07-10_002014_research_NASDAQ-COMP_nasdaq_ext_var_loo_19c2bae323_Top_2014-03-31\perf_ptf.parquet,C:\GoogleDrive\TP\07_backtest_code\runs\ad_hoc\nasx_0710_synergy_final_s00\official_runs\2026-07-10_002014_research_NASDAQ-COMP_nasdaq_ext_var_loo_19c2bae323_Top_2014-03-31\perf_bench.parquet,4.35814584411025,-0.3278700891283971,-0.6972533414094763,1.7184015729413409,,,,,,,,,,,,,,,,,,,,,,,,,,,,,,,,,,,,,,,,,
nasdaq,old,synergy_performance_summary,C:\GoogleDrive\TP\07_backtest_code\runs\ad_hoc\nasdaq_extended_factor_research_20260709\synergy_performance_summary.csv,NASDAQ COMP,nasdaq_ext_var_loo_19c2bae323,Worst,success,Run termine avec succes,2014-03-31,C:\GoogleDrive\TP\07_backtest_code\runs\ad_hoc\nasx_0710_synergy_final_s00\official_runs\2026-07-10_002053_research_NASDAQ-COMP_nasdaq_ext_var_loo_19c2bae323_Worst_2014-03-31,leave one variable out: ex quality_improvement: ROE avg FY0 score_delta lag1,leave_one_out,leave_one_out,,0.8861803230807253,39443.0,2014-03-31,2026-06-30,469.5595238095238,exclude variable nasdaq_relrank_quality_roe_avg_fy0_lag1_score,3142.0,70.47972972972973,0.2401102018493349,True,0.1038690698300544,0.2231081504681006,0.4655547975819257,-0.3400913995648729,-0.6972533414094763,-0.0929396723775258,-0.7159783710556227,0.1074263482317366,-0.8967194811975374,-0.193788271346444,0.1666666666666666,C:\GoogleDrive\TP\07_backtest_code\runs\ad_hoc\nasx_0710_synergy_final_s00\official_runs\2026-07-10_002053_research_NASDAQ-COMP_nasdaq_ext_var_loo_19c2bae323_Worst_2014-03-31\perf_ptf.parquet,C:\GoogleDrive\TP\07_backtest_code\runs\ad_hoc\nasx_0710_synergy_final_s00\official_runs\2026-07-10_002053_research_NASDAQ-COMP_nasdaq_ext_var_loo_19c2bae323_Worst_2014-03-31\perf_bench.parquet,4.35814584411025,-0.3278700891283971,-0.6972533414094763,1.7184015729413409,,,,,,,,,,,,,,,,,,,,,,,,,,,,,,,,,,,,,,,,,
nasdaq,old,synergy_performance_summary,C:\GoogleDrive\TP\07_backtest_code\runs\ad_hoc\nasdaq_extended_factor_research_20260709\synergy_performance_summary.csv,NASDAQ COMP,nasdaq_ext_var_loo_2ffbe87957,Top,success,Run termine avec succes,2014-01-31,C:\GoogleDrive\TP\07_backtest_code\runs\ad_hoc\nasx_e_20260709_synergy_s00\official_runs\2026-07-10_000642_research_NASDAQ-COMP_nasdaq_ext_var_loo_2ffbe87957_Top_2014-01-31,leave one variable out: ex earnings_yield_improvement: Earns Yield FY1 directional_delta lag3,leave_one_out,leave_one_out,,0.9392931766609,41807.0,2014-01-31,2026-06-30,497.70238095238096,exclude variable nasdaq_reldelta_value_earns_yield_fy1_lag3_score,3184.0,69.78,0.2823903142544411,True,0.2692785913548807,0.2604772568569006,1.0337892628484464,-0.3380200014183424,0.656161052321097,0.0414975561479329,-0.2601773905206571,0.1335753890394219,0.3644252953553887,-0.0678436146591672,0.75,C:\GoogleDrive\TP\07_backtest_code\runs\ad_hoc\nasx_e_20260709_synergy_s00\official_runs\2026-07-10_000642_research_NASDAQ-COMP_nasdaq_ext_var_loo_2ffbe87957_Top_2014-01-31\perf_ptf.parquet,C:\GoogleDrive\TP\07_backtest_code\runs\ad_hoc\nasx_e_20260709_synergy_s00\official_runs\2026-07-10_000642_research_NASDAQ-COMP_nasdaq_ext_var_loo_2ffbe87957_Top_2014-01-31\perf_bench.parquet,4.921538585138907,-0.2182129140984084,-0.7203157543416991,2.395156560150647,,,,,,,,,,,,,,,,,,,,,,,,,,,,,,,,,,,,,,,,,
nasdaq,old,synergy_performance_summary,C:\GoogleDrive\TP\07_backtest_code\runs\ad_hoc\nasdaq_extended_factor_research_20260709\synergy_performance_summary.csv,NASDAQ COMP,nasdaq_ext_var_loo_2ffbe87957,Worst,success,Run termine avec succes,2014-01-31,C:\GoogleDrive\TP\07_backtest_code\runs\ad_hoc\nasx_e_20260709_synergy_s00\official_runs\2026-07-10_000749_research_NASDAQ-COMP_nasdaq_ext_var_loo_2ffbe87957_Worst_2014-01-31,leave one variable out: ex earnings_yield_improvement: Earns Yield FY1 directional_delta lag3,leave_one_out,leave_one_out,,0.9392931766609,41807.0,2014-01-31,2026-06-30,497.70238095238096,exclude variable nasdaq_reldelta_value_earns_yield_fy1_lag3_score,3184.0,69.78,0.2843639162361548,True,0.0997746527790184,0.2153872643783343,0.4632337620657142,-0.367486616582574,-0.7203157543416991,-0.0975876998286656,-0.7412544141275887,0.1068775675707796,-0.961811405547338,-0.2097281554772924,0.0833333333333333,C:\GoogleDrive\TP\07_backtest_code\runs\ad_hoc\nasx_e_20260709_synergy_s00\official_runs\2026-07-10_000749_research_NASDAQ-COMP_nasdaq_ext_var_loo_2ffbe87957_Worst_2014-01-31\perf_ptf.parquet,C:\GoogleDrive\TP\07_backtest_code\runs\ad_hoc\nasx_e_20260709_synergy_s00\official_runs\2026-07-10_000749_research_NASDAQ-COMP_nasdaq_ext_var_loo_2ffbe87957_Worst_2014-01-31\perf_bench.parquet,4.921538585138907,-0.2182129140984084,-0.7203157543416991,2.395156560150647,,,,,,,,,,,,,,,,,,,,,,,,,,,,,,,,,,,,,,,,,
nasdaq,old,synergy_performance_summary,C:\GoogleDrive\TP\07_backtest_code\runs\ad_hoc\nasdaq_extended_factor_research_20260709\synergy_performance_summary.csv,NASDAQ COMP,nasdaq_ext_var_loo_39c2060a80,Top,success,Run termine avec succes,2014-03-31,C:\GoogleDrive\TP\07_backtest_code\runs\ad_hoc\nasx_e_20260709_synergy_s01\official_runs\2026-07-10_000750_research_NASDAQ-COMP_nasdaq_ext_var_loo_39c2060a80_Top_2014-03-31,leave one variable out: ex quality_improvement: Oper Margin directional_delta lag1,leave_one_out,leave_one_out,,0.8864948662068346,39457.0,2014-03-31,2026-06-30,469.7261904761905,exclude variable nasdaq_reldelta_quality_oper_margin_lag1_score,3142.0,70.47972972972973,0.249000315927115,True,0.2813277957532798,0.2943657315157474,0.9557083778219267,-0.3862839221958969,0.879844080074287,0.0528799492377161,-0.2874553042651411,0.1600509824476514,0.4283970670176333,-0.0747014505456752,0.75,C:\GoogleDrive\TP\07_backtest_code\runs\ad_hoc\nasx_e_20260709_synergy_s01\official_runs\2026-07-10_000750_research_NASDAQ-COMP_nasdaq_ext_var_loo_39c2060a80_Top_2014-03-31\perf_ptf.parquet,C:\GoogleDrive\TP\07_backtest_code\runs\ad_hoc\nasx_e_20260709_synergy_s01\official_runs\2026-07-10_000750_research_NASDAQ-COMP_nasdaq_ext_var_loo_39c2060a80_Top_2014-03-31\perf_bench.parquet,5.213768406129455,-0.2668671782786693,-0.6974711709210226,2.6770652416154057,,,,,,,,,,,,,,,,,,,,,,,,,,,,,,,,,,,,,,,,,
nasdaq,old,synergy_performance_summary,C:\GoogleDrive\TP\07_backtest_code\runs\ad_hoc\nasdaq_extended_factor_research_20260709\synergy_performance_summary.csv,NASDAQ COMP,nasdaq_ext_var_loo_39c2060a80,Worst,success,Run termine avec succes,2014-03-31,C:\GoogleDrive\TP\07_backtest_code\runs\ad_hoc\nasx_e_20260709_synergy_s01\official_runs\2026-07-10_000852_research_NASDAQ-COMP_nasdaq_ext_var_loo_39c2060a80_Worst_2014-03-31,leave one variable out: ex quality_improvement: Oper Margin directional_delta lag1,leave_one_out,leave_one_out,,0.8864948662068346,39457.0,2014-03-31,2026-06-30,469.7261904761905,exclude variable nasdaq_reldelta_quality_oper_margin_lag1_score,3142.0,70.47972972972973,0.2578572269517304,True,0.1038042074776313,0.2168820922984835,0.4786204632089724,-0.3446637220057238,-0.6974711709210226,-0.0929929704254985,-0.7178458730470852,0.1055054032003118,-0.9263944222953724,-0.1937754550091504,0.0833333333333333,C:\GoogleDrive\TP\07_backtest_code\runs\ad_hoc\nasx_e_20260709_synergy_s01\official_runs\2026-07-10_000852_research_NASDAQ-COMP_nasdaq_ext_var_loo_39c2060a80_Worst_2014-03-31\perf_ptf.parquet,C:\GoogleDrive\TP\07_backtest_code\runs\ad_hoc\nasx_e_20260709_synergy_s01\official_runs\2026-07-10_000852_research_NASDAQ-COMP_nasdaq_ext_var_loo_39c2060a80_Worst_2014-03-31\perf_bench.parquet,5.213768406129455,-0.2668671782786693,-0.6974711709210226,2.6770652416154057,,,,,,,,,,,,,,,,,,,,,,,,,,,,,,,,,,,,,,,,,
nasdaq,old,synergy_performance_summary,C:\GoogleDrive\TP\07_backtest_code\runs\ad_hoc\nasdaq_extended_factor_research_20260709\synergy_performance_summary.csv,NASDAQ COMP,nasdaq_ext_var_loo_7014ee1938,Top,success,Run termine avec succes,2014-03-31,C:\GoogleDrive\TP\07_backtest_code\runs\ad_hoc\nasx_ynergy_last_metric_s00\official_runs\2026-07-10_002334_research_NASDAQ-COMP_nasdaq_ext_var_loo_7014ee1938_Top_2014-03-31,leave one variable out: ex momentum: EPS Revision Ratio,leave_one_out,leave_one_out,,0.8857534431238626,39424.0,2014-03-31,2026-06-30,469.3333333333333,exclude variable nasdaq_momentum_eps_revision_ratio_score,3142.0,70.47972972972973,0.2776138328467118,True,0.2628425280806581,0.2806579604435522,0.936522618725161,-0.3513678211902115,0.5733193565207195,0.0376904186950233,-0.4138469378697195,0.1622981199398329,0.3094663314324045,-0.1267639792223044,0.5833333333333334,C:\GoogleDrive\TP\07_backtest_code\runs\ad_hoc\nasx_ynergy_last_metric_s00\official_runs\2026-07-10_002334_research_NASDAQ-COMP_nasdaq_ext_var_loo_7014ee1938_Top_2014-03-31\perf_ptf.parquet,C:\GoogleDrive\TP\07_backtest_code\runs\ad_hoc\nasx_ynergy_last_metric_s00\official_runs\2026-07-10_002334_research_NASDAQ-COMP_nasdaq_ext_var_loo_7014ee1938_Top_2014-03-31\perf_bench.parquet,4.2213478098514505,-0.3183377719438671,-0.6986756267122758,1.5672372865448687,,,,,,,,,,,,,,,,,,,,,,,,,,,,,,,,,,,,,,,,,
nasdaq,old,synergy_performance_summary,C:\GoogleDrive\TP\07_backtest_code\runs\ad_hoc\nasdaq_extended_factor_research_20260709\synergy_performance_summary.csv,NASDAQ COMP,nasdaq_ext_var_loo_7014ee1938,Worst,success,Run termine avec succes,2014-03-31,C:\GoogleDrive\TP\07_backtest_code\runs\ad_hoc\nasx_ynergy_last_metric_s00\official_runs\2026-07-10_002406_research_NASDAQ-COMP_nasdaq_ext_var_loo_7014ee1938_Worst_2014-03-31,leave one variable out: ex momentum: EPS Revision Ratio,leave_one_out,leave_one_out,,0.8857534431238626,39424.0,2014-03-31,2026-06-30,469.3333333333333,exclude variable nasdaq_momentum_eps_revision_ratio_score,3142.0,70.47972972972973,0.2754209168018555,True,0.103444784668244,0.2143382651246765,0.4826239710770829,-0.3788519496915057,-0.6986756267122758,-0.0932883117663769,-0.7161291944373585,0.0973723041055403,-1.0126356910812158,-0.2066875868461084,0.1666666666666666,C:\GoogleDrive\TP\07_backtest_code\runs\ad_hoc\nasx_ynergy_last_metric_s00\official_runs\2026-07-10_002406_research_NASDAQ-COMP_nasdaq_ext_var_loo_7014ee1938_Worst_2014-03-31\perf_ptf.parquet,C:\GoogleDrive\TP\07_backtest_code\runs\ad_hoc\nasx_ynergy_last_metric_s00\official_runs\2026-07-10_002406_research_NASDAQ-COMP_nasdaq_ext_var_loo_7014ee1938_Worst_2014-03-31\perf_bench.parquet,4.2213478098514505,-0.3183377719438671,-0.6986756267122758,1.5672372865448687,,,,,,,,,,,,,,,,,,,,,,,,,,,,,,,,,,,,,,,,,
nasdaq,old,synergy_performance_summary,C:\GoogleDrive\TP\07_backtest_code\runs\ad_hoc\nasdaq_extended_factor_research_20260709\synergy_performance_summary.csv,NASDAQ COMP,nasdaq_ext_var_loo_a6f61fd8b0,Top,success,Run termine avec succes,2014-01-31,C:\GoogleDrive\TP\07_backtest_code\runs\ad_hoc\nasx_e_20260709_synergy_s02\official_runs\2026-07-10_000750_research_NASDAQ-COMP_nasdaq_ext_var_loo_a6f61fd8b0_Top_2014-01-31,leave one variable out: ex quality_improvement: Oper Margin directional_delta lag3,leave_one_out,leave_one_out,,0.9395403176885574,41818.0,2014-01-31,2026-06-30,497.8333333333333,exclude variable nasdaq_reldelta_quality_oper_margin_lag3_score,3184.0,69.78,0.2932870779049868,True,0.2537212208643422,0.2727825440854016,0.9301226429830064,-0.3559333832447907,0.4211696173878603,0.028732066005467,-0.4237221607358217,0.1508026625865304,0.2642213958000229,-0.1203942363928416,0.6666666666666666,C:\GoogleDrive\TP\07_backtest_code\runs\ad_hoc\nasx_e_20260709_synergy_s02\official_runs\2026-07-10_000750_research_NASDAQ-COMP_nasdaq_ext_var_loo_a6f61fd8b0_Top_2014-01-31\perf_ptf.parquet,C:\GoogleDrive\TP\07_backtest_code\runs\ad_hoc\nasx_e_20260709_synergy_s02\official_runs\2026-07-10_000750_research_NASDAQ-COMP_nasdaq_ext_var_loo_a6f61fd8b0_Top_2014-01-31\perf_bench.parquet,3.467237934915797,-0.326354910206563,-0.6818683853214889,1.0361473643947434,,,,,,,,,,,,,,,,,,,,,,,,,,,,,,,,,,,,,,,,,
nasdaq,old,synergy_performance_summary,C:\GoogleDrive\TP\07_backtest_code\runs\ad_hoc\nasdaq_extended_factor_research_20260709\synergy_performance_summary.csv,NASDAQ COMP,nasdaq_ext_var_loo_a6f61fd8b0,Worst,success,Run termine avec succes,2014-01-31,C:\GoogleDrive\TP\07_backtest_code\runs\ad_hoc\nasx_e_20260709_synergy_s02\official_runs\2026-07-10_000852_research_NASDAQ-COMP_nasdaq_ext_var_loo_a6f61fd8b0_Worst_2014-01-31,leave one variable out: ex quality_improvement: Oper Margin directional_delta lag3,leave_one_out,leave_one_out,,0.9395403176885574,41818.0,2014-01-31,2026-06-30,497.8333333333333,exclude variable nasdaq_reldelta_quality_oper_margin_lag3_score,3184.0,69.78,0.3012266387710861,True,0.1112506166048845,0.2146059136808581,0.5183949253622436,-0.3754016440953971,-0.6818683853214889,-0.088171179010865,-0.712701837496308,0.0995132190208345,-0.9321153997964896,-0.1899167809091214,0.1666666666666666,C:\GoogleDrive\TP\07_backtest_code\runs\ad_hoc\nasx_e_20260709_synergy_s02\official_runs\2026-07-10_000852_research_NASDAQ-COMP_nasdaq_ext_var_loo_a6f61fd8b0_Worst_2014-01-31\perf_ptf.parquet,C:\GoogleDrive\TP\07_backtest_code\runs\ad_hoc\nasx_e_20260709_synergy_s02\official_runs\2026-07-10_000852_research_NASDAQ-COMP_nasdaq_ext_var_loo_a6f61fd8b0_Worst_2014-01-31\perf_bench.parquet,3.467237934915797,-0.326354910206563,-0.6818683853214889,1.0361473643947434,,,,,,,,,,,,,,,,,,,,,,,,,,,,,,,,,,,,,,,,,
nasdaq,old,synergy_performance_summary,C:\GoogleDrive\TP\07_backtest_code\runs\ad_hoc\nasdaq_extended_factor_research_20260709\synergy_performance_summary.csv,NASDAQ COMP,nasdaq_ext_var_loo_c3f26dfc8a,Top,success,Run termine avec succes,2014-01-31,C:\GoogleDrive\TP\07_backtest_code\runs\ad_hoc\nasx_0710_synergy_final_s00\official_runs\2026-07-10_001844_research_NASDAQ-COMP_nasdaq_ext_var_loo_c3f26dfc8a_Top_2014-01-31,leave one variable out: ex quality_improvement: Oper Margin score_delta lag3,leave_one_out,leave_one_out,,0.9395403176885574,41818.0,2014-01-31,2026-06-30,497.8333333333333,exclude variable nasdaq_relrank_quality_oper_margin_lag3_score,3184.0,69.78,0.2807163337481148,True,0.2483242584386948,0.2737505006729169,0.9071189197034496,-0.3561353235146771,0.3470968191599188,0.0243036267209644,-0.4669890924842712,0.1505372105028675,0.238321018205574,-0.1432127702519325,0.5833333333333334,C:\GoogleDrive\TP\07_backtest_code\runs\ad_hoc\nasx_0710_synergy_final_s00\official_runs\2026-07-10_001844_research_NASDAQ-COMP_nasdaq_ext_var_loo_c3f26dfc8a_Top_2014-01-31\perf_ptf.parquet,C:\GoogleDrive\TP\07_backtest_code\runs\ad_hoc\nasx_0710_synergy_final_s00\official_runs\2026-07-10_001844_research_NASDAQ-COMP_nasdaq_ext_var_loo_c3f26dfc8a_Top_2014-01-31\perf_bench.parquet,3.265389489755817,-0.3628911538169567,-0.6841796458693302,0.7520633983144848,,,,,,,,,,,,,,,,,,,,,,,,,,,,,,,,,,,,,,,,,
nasdaq,old,synergy_performance_summary,C:\GoogleDrive\TP\07_backtest_code\runs\ad_hoc\nasdaq_extended_factor_research_20260709\synergy_performance_summary.csv,NASDAQ COMP,nasdaq_ext_var_loo_c3f26dfc8a,Worst,success,Run termine avec succes,2014-01-31,C:\GoogleDrive\TP\07_backtest_code\runs\ad_hoc\nasx_0710_synergy_final_s00\official_runs\2026-07-10_001931_research_NASDAQ-COMP_nasdaq_ext_var_loo_c3f26dfc8a_Worst_2014-01-31,leave one variable out: ex quality_improvement: Oper Margin score_delta lag3,leave_one_out,leave_one_out,,0.9395403176885574,41818.0,2014-01-31,2026-06-30,497.8333333333333,exclude variable nasdaq_relrank_quality_oper_margin_lag3_score,3184.0,69.78,0.2829352738817292,True,0.1105977729201208,0.2143054875632969,0.5160753192913683,-0.3495513857791489,-0.6841796458693302,-0.088706865271438,-0.7147079365953138,0.0998002051269471,-0.935934848471442,-0.1835588796532649,0.1666666666666666,C:\GoogleDrive\TP\07_backtest_code\runs\ad_hoc\nasx_0710_synergy_final_s00\official_runs\2026-07-10_001931_research_NASDAQ-COMP_nasdaq_ext_var_loo_c3f26dfc8a_Worst_2014-01-31\perf_ptf.parquet,C:\GoogleDrive\TP\07_backtest_code\runs\ad_hoc\nasx_0710_synergy_final_s00\official_runs\2026-07-10_001931_research_NASDAQ-COMP_nasdaq_ext_var_loo_c3f26dfc8a_Worst_2014-01-31\perf_bench.parquet,3.265389489755817,-0.3628911538169567,-0.6841796458693302,0.7520633983144848,,,,,,,,,,,,,,,,,,,,,,,,,,,,,,,,,,,,,,,,,
nasdaq,old,synergy_performance_summary,C:\GoogleDrive\TP\07_backtest_code\runs\ad_hoc\nasdaq_extended_factor_research_20260709\synergy_performance_summary.csv,NASDAQ COMP,nasdaq_ext_var_loo_cf2cfdefeb,Top,success,Run termine avec succes,2014-01-31,C:\GoogleDrive\TP\07_backtest_code\runs\ad_hoc\nasx_0710_synergy_final_s00\official_runs\2026-07-10_001718_research_NASDAQ-COMP_nasdaq_ext_var_loo_cf2cfdefeb_Top_2014-01-31,leave one variable out: ex quality_improvement: ROE avg FY0 score_delta lag3,leave_one_out,leave_one_out,,0.9389112314363388,41790.0,2014-01-31,2026-06-30,497.5,exclude variable nasdaq_relrank_quality_roe_avg_fy0_lag3_score,3184.0,69.78,0.2760578009378434,True,0.2625687027954084,0.276639186183587,0.9491377791328488,-0.3802197851216614,0.5507446515524803,0.0359918046255223,-0.4041227802786481,0.1575826639573746,0.3035164320225161,-0.1437541309885145,0.6666666666666666,C:\GoogleDrive\TP\07_backtest_code\runs\ad_hoc\nasx_0710_synergy_final_s00\official_runs\2026-07-10_001718_research_NASDAQ-COMP_nasdaq_ext_var_loo_cf2cfdefeb_Top_2014-01-31\perf_ptf.parquet,C:\GoogleDrive\TP\07_backtest_code\runs\ad_hoc\nasx_0710_synergy_final_s00\official_runs\2026-07-10_001718_research_NASDAQ-COMP_nasdaq_ext_var_loo_cf2cfdefeb_Top_2014-01-31\perf_bench.parquet,3.5555815241480184,-0.3447553425681199,-0.6595945779188971,1.218953058123304,,,,,,,,,,,,,,,,,,,,,,,,,,,,,,,,,,,,,,,,,
nasdaq,old,synergy_performance_summary,C:\GoogleDrive\TP\07_backtest_code\runs\ad_hoc\nasdaq_extended_factor_research_20260709\synergy_performance_summary.csv,NASDAQ COMP,nasdaq_ext_var_loo_cf2cfdefeb,Worst,success,Run termine avec succes,2014-01-31,C:\GoogleDrive\TP\07_backtest_code\runs\ad_hoc\nasx_0710_synergy_final_s00\official_runs\2026-07-10_001804_research_NASDAQ-COMP_nasdaq_ext_var_loo_cf2cfdefeb_Worst_2014-01-31,leave one variable out: ex quality_improvement: ROE avg FY0 score_delta lag3,leave_one_out,leave_one_out,,0.9389112314363388,41790.0,2014-01-31,2026-06-30,497.5,exclude variable nasdaq_relrank_quality_roe_avg_fy0_lag3_score,3184.0,69.78,0.2795121606129147,True,0.1173278669799537,0.220828067274706,0.5313086711663337,-0.3114062324607437,-0.6595945779188971,-0.0831845342688488,-0.6875116342451766,0.1070163951469807,-0.8042283819677144,-0.1884520682923947,0.1666666666666666,C:\GoogleDrive\TP\07_backtest_code\runs\ad_hoc\nasx_0710_synergy_final_s00\official_runs\2026-07-10_001804_research_NASDAQ-COMP_nasdaq_ext_var_loo_cf2cfdefeb_Worst_2014-01-31\perf_ptf.parquet,C:\GoogleDrive\TP\07_backtest_code\runs\ad_hoc\nasx_0710_synergy_final_s00\official_runs\2026-07-10_001804_research_NASDAQ-COMP_nasdaq_ext_var_loo_cf2cfdefeb_Worst_2014-01-31\perf_bench.parquet,3.5555815241480184,-0.3447553425681199,-0.6595945779188971,1.218953058123304,,,,,,,,,,,,,,,,,,,,,,,,,,,,,,,,,,,,,,,,,
nasdaq,old,synergy_performance_summary,C:\GoogleDrive\TP\07_backtest_code\runs\ad_hoc\nasdaq_extended_factor_research_20260709\synergy_performance_summary.csv,NASDAQ COMP,nasdaq_ext_var_loo_eae33b1615,Top,success,Run termine avec succes,2014-03-31,C:\GoogleDrive\TP\07_backtest_code\runs\ad_hoc\nasx_e_20260709_synergy_s03\official_runs\2026-07-10_000756_research_NASDAQ-COMP_nasdaq_ext_var_loo_eae33b1615_Top_2014-03-31,leave one variable out: ex momentum: EPS NTM 3M Growth,leave_one_out,leave_one_out,,0.8864274641083826,39454.0,2014-03-31,2026-06-30,469.6904761904762,exclude variable nasdaq_momentum_eps_ntm_3m_growth_score,3142.0,70.47972972972973,0.2783545772372489,True,0.2835249598105887,0.2667999490838619,1.062687458465255,-0.3323771294775812,0.9197119305941556,0.0546853810630409,-0.2726839616404178,0.1428342887718212,0.4370160809964392,-0.059762910782798,0.5833333333333334,C:\GoogleDrive\TP\07_backtest_code\runs\ad_hoc\nasx_e_20260709_synergy_s03\official_runs\2026-07-10_000756_research_NASDAQ-COMP_nasdaq_ext_var_loo_eae33b1615_Top_2014-03-31\perf_ptf.parquet,C:\GoogleDrive\TP\07_backtest_code\runs\ad_hoc\nasx_e_20260709_synergy_s03\official_runs\2026-07-10_000756_research_NASDAQ-COMP_nasdaq_ext_var_loo_eae33b1615_Top_2014-03-31\perf_bench.parquet,5.944331939144902,-0.2449998090448657,-0.7235570034069336,3.143912777331152,,,,,,,,,,,,,,,,,,,,,,,,,,,,,,,,,,,,,,,,,
nasdaq,old,synergy_performance_summary,C:\GoogleDrive\TP\07_backtest_code\runs\ad_hoc\nasdaq_extended_factor_research_20260709\synergy_performance_summary.csv,NASDAQ COMP,nasdaq_ext_var_loo_eae33b1615,Worst,success,Run termine avec succes,2014-03-31,C:\GoogleDrive\TP\07_backtest_code\runs\ad_hoc\nasx_0710_synergy_final_s00\official_runs\2026-07-10_002134_research_NASDAQ-COMP_nasdaq_ext_var_loo_eae33b1615_Worst_2014-03-31,leave one variable out: ex momentum: EPS NTM 3M Growth,leave_one_out,leave_one_out,,0.8864274641083826,39454.0,2014-03-31,2026-06-30,469.6904761904762,exclude variable nasdaq_momentum_eps_ntm_3m_growth_score,3142.0,70.47972972972973,0.2728939878413989,True,0.0957084005837869,0.2158826192830801,0.4433353685517754,-0.3777953373307006,-0.7235570034069336,-0.0996453764528086,-0.7371869372016644,0.0974691376601812,-1.0791451300962749,-0.1924293088380196,0.1666666666666666,C:\GoogleDrive\TP\07_backtest_code\runs\ad_hoc\nasx_0710_synergy_final_s00\official_runs\2026-07-10_002134_research_NASDAQ-COMP_nasdaq_ext_var_loo_eae33b1615_Worst_2014-03-31\perf_ptf.parquet,C:\GoogleDrive\TP\07_backtest_code\runs\ad_hoc\nasx_0710_synergy_final_s00\official_runs\2026-07-10_002134_research_NASDAQ-COMP_nasdaq_ext_var_loo_eae33b1615_Worst_2014-03-31\perf_bench.parquet,5.944331939144902,-0.2449998090448657,-0.7235570034069336,3.143912777331152,,,,,,,,,,,,,,,,,,,,,,,,,,,,,,,,,,,,,,,,,
nasdaq,new,family_subset_results,C:\GoogleDrive\TP\07_backtest_code\runs\ad_hoc\nasdaq_tech_factor_extension_20260710\family_subset_results.csv,NASDAQ COMP,nasdaq_ext_subset_quality_improvement_intangible_investment,Top,success,Run termine avec succes,2014-01-31,C:\GoogleDrive\TP\07_backtest_code\runs\ad_hoc\nasx_gy_20260710_235429_s04\official_runs\2026-07-10_235513_research_NASDAQ-COMP_nasdaq_ext_subset_quality_improvement_intangible_investment_Top_2014-01-31,quality_improvement + intangible_investment,family_subset,family_subset,,0.8979307555775237,39966.0,2014-01-31,2026-06-30,475.7857142857143,"validated theme subset: quality_improvement, intangible_investment",3184.0,69.78,0.2398165540044838,True,0.2580605419058424,0.2521521930798949,1.023431677328602,-0.3489849392527993,0.4834223776660165,0.0322926651448878,-0.1991697580778534,0.0881360135609502,0.4313558862072651,-0.0499148975296208,0.6666666666666666,C:\GoogleDrive\TP\07_backtest_code\runs\ad_hoc\nasx_gy_20260710_235429_s04\official_runs\2026-07-10_235513_research_NASDAQ-COMP_nasdaq_ext_subset_quality_improvement_intangible_investment_Top_2014-01-31\perf_ptf.parquet,C:\GoogleDrive\TP\07_backtest_code\runs\ad_hoc\nasx_gy_20260710_235429_s04\official_runs\2026-07-10_235513_research_NASDAQ-COMP_nasdaq_ext_subset_quality_improvement_intangible_investment_Top_2014-01-31\perf_bench.parquet,4.410517876240118,-0.1789353208387825,-0.7258261756826728,2.152290888539798,"quality_improvement,intangible_investment",,,,,,,,,,,,,,,,,,,,,,,,,,,,,,,,,,,,,,,,
nasdaq,new,family_subset_results,C:\GoogleDrive\TP\07_backtest_code\runs\ad_hoc\nasdaq_tech_factor_extension_20260710\family_subset_results.csv,NASDAQ COMP,nasdaq_ext_family_subset_480bdc4bdf2a,Top,success,Run termine avec succes,2013-12-31,C:\GoogleDrive\TP\07_backtest_code\runs\ad_hoc\nasx_gy_20260711_002100_s01\official_runs\2026-07-11_003123_research_NASDAQ-COMP_nasdaq_ext_family_subset_480bdc4bdf2a_Top_2013-12-31,quality_improvement + earnings_yield_improvement + growth_confirmation + capital_efficiency + intangible_investment,family_subset,family_subset,,0.9598957514210608,42724.0,2013-12-31,2026-06-30,508.6190476190476,"validated theme subset: quality_improvement, earnings_yield_improvement, growth_confirmation, capital_efficiency, intangible_investment",3206.0,69.43708609271523,0.2056855452726126,True,0.2675253075842039,0.2816760126487289,0.949762477353114,-0.3902927479400094,0.6942157441096533,0.0430953730209013,-0.2918303747839634,0.125220380328253,0.4492324369402051,-0.0816386385619035,0.6666666666666666,C:\GoogleDrive\TP\07_backtest_code\runs\ad_hoc\nasx_gy_20260711_002100_s01\official_runs\2026-07-11_003123_research_NASDAQ-COMP_nasdaq_ext_family_subset_480bdc4bdf2a_Top_2013-12-31\perf_ptf.parquet,C:\GoogleDrive\TP\07_backtest_code\runs\ad_hoc\nasx_gy_20260711_002100_s01\official_runs\2026-07-11_003123_research_NASDAQ-COMP_nasdaq_ext_family_subset_480bdc4bdf2a_Top_2013-12-31\perf_bench.parquet,3.7417281028961353,-0.2755062540045812,-0.642700781794117,1.7745600270996371,"quality_improvement,earnings_yield_improvement,growth_confirmation,capital_efficiency,intangible_investment",,,,,,,,,,,,,,,,,,,,,,,,,,,,,,,,,,,,,,,,
nasdaq,new,family_subset_results,C:\GoogleDrive\TP\07_backtest_code\runs\ad_hoc\nasdaq_tech_factor_extension_20260710\family_subset_results.csv,NASDAQ COMP,nasdaq_ext_family_subset_2b9206da665a,Top,success,Run termine avec succes,2014-01-31,C:\GoogleDrive\TP\07_backtest_code\runs\ad_hoc\nasx_gy_20260711_002100_s03\official_runs\2026-07-11_003203_research_NASDAQ-COMP_nasdaq_ext_family_subset_2b9206da665a_Top_2014-01-31,quality_improvement + earnings_yield_improvement + growth_confirmation + intangible_investment + residual_risk,family_subset,family_subset,,0.938551753577928,41774.0,2014-01-31,2026-06-30,497.3095238095238,"validated theme subset: quality_improvement, earnings_yield_improvement, growth_confirmation, intangible_investment, residual_risk",3184.0,69.78,0.2157611783062164,True,0.2649295624876673,0.2710477880305855,0.9774275024069636,-0.3832224586680908,0.5871104014380153,0.0379289913208962,-0.2613456155066672,0.1084416466355521,0.4460170815031715,-0.076690784763693,0.6666666666666666,C:\GoogleDrive\TP\07_backtest_code\runs\ad_hoc\nasx_gy_20260711_002100_s03\official_runs\2026-07-11_003203_research_NASDAQ-COMP_nasdaq_ext_family_subset_2b9206da665a_Top_2014-01-31\perf_ptf.parquet,C:\GoogleDrive\TP\07_backtest_code\runs\ad_hoc\nasx_gy_20260711_002100_s03\official_runs\2026-07-11_003203_research_NASDAQ-COMP_nasdaq_ext_family_subset_2b9206da665a_Top_2014-01-31\perf_bench.parquet,3.685130073545742,-0.2585331262662661,-0.66124517857049,1.7218517757983065,"quality_improvement,earnings_yield_improvement,growth_confirmation,intangible_investment,residual_risk",,,,,,,,,,,,,,,,,,,,,,,,,,,,,,,,,,,,,,,,
nasdaq,new,family_subset_results,C:\GoogleDrive\TP\07_backtest_code\runs\ad_hoc\nasdaq_tech_factor_extension_20260710\family_subset_results.csv,NASDAQ COMP,nasdaq_ext_family_subset_f24056961b83,Top,success,Run termine avec succes,2013-12-31,C:\GoogleDrive\TP\07_backtest_code\runs\ad_hoc\nasx_gy_20260711_002100_s03\official_runs\2026-07-11_002643_research_NASDAQ-COMP_nasdaq_ext_family_subset_f24056961b83_Top_2013-12-31,revision + quality_improvement + earnings_yield_improvement + growth_confirmation + intangible_investment,family_subset,family_subset,,0.9632883237098115,42875.0,2013-12-31,2026-06-30,510.4166666666667,"validated theme subset: revision, quality_improvement, earnings_yield_improvement, growth_confirmation, intangible_investment",3206.0,69.43708609271523,0.2081034496648626,True,0.2701825005442426,0.2812999921714268,0.9604781658848782,-0.3960750357770468,0.7391347783454048,0.0452820794047943,-0.3088028992432159,0.1256576059029079,0.4632428989075289,-0.0778573428817631,0.75,C:\GoogleDrive\TP\07_backtest_code\runs\ad_hoc\nasx_gy_20260711_002100_s03\official_runs\2026-07-11_002643_research_NASDAQ-COMP_nasdaq_ext_family_subset_f24056961b83_Top_2013-12-31\perf_ptf.parquet,C:\GoogleDrive\TP\07_backtest_code\runs\ad_hoc\nasx_gy_20260711_002100_s03\official_runs\2026-07-11_002643_research_NASDAQ-COMP_nasdaq_ext_family_subset_f24056961b83_Top_2013-12-31\perf_bench.parquet,3.556255601015211,-0.289648273199152,-0.6182973628700954,1.6961418315819077,"revision,quality_improvement,earnings_yield_improvement,growth_confirmation,intangible_investment",,,,,,,,,,,,,,,,,,,,,,,,,,,,,,,,,,,,,,,,
nasdaq,new,family_subset_results,C:\GoogleDrive\TP\07_backtest_code\runs\ad_hoc\nasdaq_tech_factor_extension_20260710\family_subset_results.csv,NASDAQ COMP,nasdaq_ext_family_subset_39d76e444771,Top,success,Run termine avec succes,2013-12-31,C:\GoogleDrive\TP\07_backtest_code\runs\ad_hoc\nasx_gy_20260711_002100_s01\official_runs\2026-07-11_003521_research_NASDAQ-COMP_nasdaq_ext_family_subset_39d76e444771_Top_2013-12-31,quality_improvement + earnings_yield_improvement + growth_confirmation + capital_efficiency + intangible_investment + residual_risk,family_subset,family_subset,,0.9599856208856636,42728.0,2013-12-31,2026-06-30,508.6666666666667,"validated theme subset: quality_improvement, earnings_yield_improvement, growth_confirmation, capital_efficiency, intangible_investment, residual_risk",3206.0,69.43708609271523,0.198727493119039,True,0.2654001708910765,0.2801876418149129,0.9472229723336448,-0.3902927479400094,0.6590618398615091,0.0413465162222446,-0.2918303747839648,0.1236482821349492,0.4382128847869592,-0.0872722469126046,0.6666666666666666,C:\GoogleDrive\TP\07_backtest_code\runs\ad_hoc\nasx_gy_20260711_002100_s01\official_runs\2026-07-11_003521_research_NASDAQ-COMP_nasdaq_ext_family_subset_39d76e444771_Top_2013-12-31\perf_ptf.parquet,C:\GoogleDrive\TP\07_backtest_code\runs\ad_hoc\nasx_gy_20260711_002100_s01\official_runs\2026-07-11_003521_research_NASDAQ-COMP_nasdaq_ext_family_subset_39d76e444771_Top_2013-12-31\perf_bench.parquet,3.5642610367755907,-0.2755062540045824,-0.636510307694069,1.6466110796338211,"quality_improvement,earnings_yield_improvement,growth_confirmation,capital_efficiency,intangible_investment,residual_risk",,,,,,,,,,,,,,,,,,,,,,,,,,,,,,,,,,,,,,,,
nasdaq,new,family_subset_results,C:\GoogleDrive\TP\07_backtest_code\runs\ad_hoc\nasdaq_tech_factor_extension_20260710\family_subset_results.csv,NASDAQ COMP,nasdaq_ext_family_subset_e15fb8a39d9c,Top,success,Run termine avec succes,2014-01-31,C:\GoogleDrive\TP\07_backtest_code\runs\ad_hoc\nasx_gy_20260711_002100_s00\official_runs\2026-07-11_003243_research_NASDAQ-COMP_nasdaq_ext_family_subset_e15fb8a39d9c_Top_2014-01-31,quality_improvement + earnings_yield_improvement + capital_efficiency + intangible_investment + residual_risk,family_subset,family_subset,,0.9384394167471748,41769.0,2014-01-31,2026-06-30,497.25,"validated theme subset: quality_improvement, earnings_yield_improvement, capital_efficiency, intangible_investment, residual_risk",3184.0,69.78,0.2190403162528224,True,0.2679215021455137,0.266506029690933,1.0053112211240478,-0.361058960306157,0.634323354237978,0.0403840062112543,-0.281328978152081,0.1106378520155284,0.4469152536595245,-0.0748396011678488,0.75,C:\GoogleDrive\TP\07_backtest_code\runs\ad_hoc\nasx_gy_20260711_002100_s00\official_runs\2026-07-11_003243_research_NASDAQ-COMP_nasdaq_ext_family_subset_e15fb8a39d9c_Top_2014-01-31\perf_ptf.parquet,C:\GoogleDrive\TP\07_backtest_code\runs\ad_hoc\nasx_gy_20260711_002100_s00\official_runs\2026-07-11_003243_research_NASDAQ-COMP_nasdaq_ext_family_subset_e15fb8a39d9c_Top_2014-01-31\perf_bench.parquet,3.434502017878448,-0.2580679800498122,-0.6314527882389216,1.603438953689663,"quality_improvement,earnings_yield_improvement,capital_efficiency,intangible_investment,residual_risk",,,,,,,,,,,,,,,,,,,,,,,,,,,,,,,,,,,,,,,,
nasdaq,new,family_subset_results,C:\GoogleDrive\TP\07_backtest_code\runs\ad_hoc\nasdaq_tech_factor_extension_20260710\family_subset_results.csv,NASDAQ COMP,nasdaq_ext_family_subset_720993387dfc,Top,success,Run termine avec succes,2013-12-31,C:\GoogleDrive\TP\07_backtest_code\runs\ad_hoc\nasx_gy_20260710_235429_s04\official_runs\2026-07-11_001040_research_NASDAQ-COMP_nasdaq_ext_subset_revision_quality_improvement_capital_efficiency_intangible_investment_Top_2013-12-31,revision + quality_improvement + capital_efficiency + intangible_investment,family_subset,family_subset,,0.9525938574220943,42399.0,2013-12-31,2026-06-30,504.75,"validated theme subset: revision, quality_improvement, capital_efficiency, intangible_investment",3206.0,69.43708609271523,0.2048715293864235,True,0.2556105902489656,0.2848064036632127,0.8974889151412075,-0.4121771896028842,0.5056224994887746,0.0332902934308725,-0.3220747642224685,0.1295646823512418,0.3692730369566906,-0.0829128915064773,0.75,C:\GoogleDrive\TP\07_backtest_code\runs\ad_hoc\nasx_gy_20260710_235429_s04\official_runs\2026-07-11_001040_research_NASDAQ-COMP_nasdaq_ext_subset_revision_quality_improvement_capital_efficiency_intangible_investment_Top_2013-12-31\perf_ptf.parquet,C:\GoogleDrive\TP\07_backtest_code\runs\ad_hoc\nasx_gy_20260710_235429_s04\official_runs\2026-07-11_001040_research_NASDAQ-COMP_nasdaq_ext_subset_revision_quality_improvement_capital_efficiency_intangible_investment_Top_2013-12-31\perf_bench.parquet,3.671291484873704,-0.3456483426380092,-0.677686030862302,1.4846411396229704,"revision,quality_improvement,capital_efficiency,intangible_investment",,,,,,,,,,,,,,,,,,,,,,,,,,,,,,,,,,,,,,,,
nasdaq,new,family_subset_results,C:\GoogleDrive\TP\07_backtest_code\runs\ad_hoc\nasdaq_tech_factor_extension_20260710\family_subset_results.csv,NASDAQ COMP,nasdaq_ext_subset_capital_efficiency_intangible_investment,Top,success,Run termine avec succes,2013-12-31,C:\GoogleDrive\TP\07_backtest_code\runs\ad_hoc\nasx_gy_20260710_235429_s01\official_runs\2026-07-10_235838_research_NASDAQ-COMP_nasdaq_ext_subset_capital_efficiency_intangible_investment_Top_2013-12-31,capital_efficiency + intangible_investment,family_subset,family_subset,,0.9166460715810284,40799.0,2013-12-31,2026-06-30,485.70238095238096,"validated theme subset: capital_efficiency, intangible_investment",3206.0,69.43708609271523,0.1534217253119993,True,0.2558680277716718,0.2797384994027553,0.914668622009315,-0.3930633728487609,0.5094843926165391,0.033502148679182,-0.2760669810125808,0.1238760554179652,0.3759577971373113,-0.0726100001271266,0.75,C:\GoogleDrive\TP\07_backtest_code\runs\ad_hoc\nasx_gy_20260710_235429_s01\official_runs\2026-07-10_235838_research_NASDAQ-COMP_nasdaq_ext_subset_capital_efficiency_intangible_investment_Top_2013-12-31\perf_ptf.parquet,C:\GoogleDrive\TP\07_backtest_code\runs\ad_hoc\nasx_gy_20260710_235429_s01\official_runs\2026-07-10_235838_research_NASDAQ-COMP_nasdaq_ext_subset_capital_efficiency_intangible_investment_Top_2013-12-31\perf_bench.parquet,3.4428048976260683,-0.2997371007148683,-0.6602406751142494,1.4822668238593195,"capital_efficiency,intangible_investment",,,,,,,,,,,,,,,,,,,,,,,,,,,,,,,,,,,,,,,,
nasdaq,new,family_subset_results,C:\GoogleDrive\TP\07_backtest_code\runs\ad_hoc\nasdaq_tech_factor_extension_20260710\family_subset_results.csv,NASDAQ COMP,nasdaq_ext_family_subset_b1e8aaf5c675,Top,success,Run termine avec succes,2014-01-31,C:\GoogleDrive\TP\07_backtest_code\runs\ad_hoc\nasx_gy_20260710_235429_s02\official_runs\2026-07-11_000533_research_NASDAQ-COMP_nasdaq_ext_subset_quality_improvement_capital_efficiency_intangible_investment_Top_2014-01-31,quality_improvement + capital_efficiency + intangible_investment,family_subset,family_subset,,0.8846300748163293,39374.0,2014-01-31,2026-06-30,468.7380952380952,"validated theme subset: quality_improvement, capital_efficiency, intangible_investment",3184.0,69.78,0.2107390042907906,True,0.2560470487721558,0.2772160321716798,0.9236372325449992,-0.4146475998054439,0.4542311512662553,0.0306405076182909,-0.3173168282470173,0.1214146096822469,0.3550011605831882,-0.0814482983489771,0.6666666666666666,C:\GoogleDrive\TP\07_backtest_code\runs\ad_hoc\nasx_gy_20260710_235429_s02\official_runs\2026-07-11_000533_research_NASDAQ-COMP_nasdaq_ext_subset_quality_improvement_capital_efficiency_intangible_investment_Top_2014-01-31\perf_ptf.parquet,C:\GoogleDrive\TP\07_backtest_code\runs\ad_hoc\nasx_gy_20260710_235429_s02\official_runs\2026-07-11_000533_research_NASDAQ-COMP_nasdaq_ext_subset_quality_improvement_capital_efficiency_intangible_investment_Top_2014-01-31\perf_bench.parquet,3.702530524415759,-0.3403883151933224,-0.6907556168501578,1.467999848948876,"quality_improvement,capital_efficiency,intangible_investment",,,,,,,,,,,,,,,,,,,,,,,,,,,,,,,,,,,,,,,,
nasdaq,new,family_subset_results,C:\GoogleDrive\TP\07_backtest_code\runs\ad_hoc\nasdaq_tech_factor_extension_20260710\family_subset_results.csv,NASDAQ COMP,nasdaq_ext_family_subset_e5ed644f3c7c,Top,success,Run termine avec succes,2013-12-31,C:\GoogleDrive\TP\07_backtest_code\runs\ad_hoc\nasx_gy_20260711_002100_s01\official_runs\2026-07-11_002724_research_NASDAQ-COMP_nasdaq_ext_family_subset_e5ed644f3c7c_Top_2013-12-31,revision + quality_improvement + earnings_yield_improvement + capital_efficiency + intangible_investment,family_subset,family_subset,,0.9631984542452088,42871.0,2013-12-31,2026-06-30,510.3690476190476,"validated theme subset: revision, quality_improvement, earnings_yield_improvement, capital_efficiency, intangible_investment",3206.0,69.43708609271523,0.2104285679158821,True,0.2628191359714151,0.2800983563380245,0.9383101686403448,-0.3877684694481941,0.6172692842034209,0.0392224832217238,-0.2883150237907197,0.1254022476389273,0.4156286417104468,-0.089163457400307,0.6666666666666666,C:\GoogleDrive\TP\07_backtest_code\runs\ad_hoc\nasx_gy_20260711_002100_s01\official_runs\2026-07-11_002724_research_NASDAQ-COMP_nasdaq_ext_family_subset_e5ed644f3c7c_Top_2013-12-31\perf_ptf.parquet,C:\GoogleDrive\TP\07_backtest_code\runs\ad_hoc\nasx_gy_20260711_002100_s01\official_runs\2026-07-11_002724_research_NASDAQ-COMP_nasdaq_ext_family_subset_e5ed644f3c7c_Top_2013-12-31\perf_bench.parquet,3.2724284983235723,-0.2784676703642798,-0.6214636980260735,1.4622877807445334,"revision,quality_improvement,earnings_yield_improvement,capital_efficiency,intangible_investment",,,,,,,,,,,,,,,,,,,,,,,,,,,,,,,,,,,,,,,,
nasdaq,new,family_subset_results,C:\GoogleDrive\TP\07_backtest_code\runs\ad_hoc\nasdaq_tech_factor_extension_20260710\family_subset_results.csv,NASDAQ COMP,nasdaq_ext_family_subset_3c9ea7ca525d,Top,success,Run termine avec succes,2013-12-31,C:\GoogleDrive\TP\07_backtest_code\runs\ad_hoc\nasx_gy_20260711_002100_s03\official_runs\2026-07-11_003321_research_NASDAQ-COMP_nasdaq_ext_family_subset_3c9ea7ca525d_Top_2013-12-31,revision + quality_improvement + earnings_yield_improvement + growth_confirmation + capital_efficiency + intangible_investment,family_subset,family_subset,,0.970590217708778,43200.0,2013-12-31,2026-06-30,514.2857142857143,"validated theme subset: revision, quality_improvement, earnings_yield_improvement, growth_confirmation, capital_efficiency, intangible_investment",3206.0,69.43708609271523,0.1949639822029512,True,0.2629680662779565,0.2880767932864129,0.9128401607015504,-0.4199956325638994,0.6196542057228938,0.0393450437045217,-0.3301395560114452,0.133371151343432,0.4089031434504543,-0.0912507699853677,0.75,C:\GoogleDrive\TP\07_backtest_code\runs\ad_hoc\nasx_gy_20260711_002100_s03\official_runs\2026-07-11_003321_research_NASDAQ-COMP_nasdaq_ext_family_subset_3c9ea7ca525d_Top_2013-12-31\perf_ptf.parquet,C:\GoogleDrive\TP\07_backtest_code\runs\ad_hoc\nasx_gy_20260711_002100_s03\official_runs\2026-07-11_003321_research_NASDAQ-COMP_nasdaq_ext_family_subset_3c9ea7ca525d_Top_2013-12-31\perf_bench.parquet,3.432490437088833,-0.3468750984312917,-0.6345949915265584,1.4509983909156203,"revision,quality_improvement,earnings_yield_improvement,growth_confirmation,capital_efficiency,intangible_investment",,,,,,,,,,,,,,,,,,,,,,,,,,,,,,,,,,,,,,,,
nasdaq,new,family_subset_results,C:\GoogleDrive\TP\07_backtest_code\runs\ad_hoc\nasdaq_tech_factor_extension_20260710\family_subset_results.csv,NASDAQ COMP,nasdaq_ext_subset_quality_improvement_residual_risk,Top,success,Run termine avec succes,2014-07-31,C:\GoogleDrive\TP\07_backtest_code\runs\ad_hoc\nasx_gy_20260710_235429_s05\official_runs\2026-07-10_235510_research_NASDAQ-COMP_nasdaq_ext_subset_quality_improvement_residual_risk_Top_2014-07-31,quality_improvement + residual_risk,family_subset,family_subset,,0.7548585679300815,33598.0,2014-07-31,2026-06-30,399.9761904761905,"validated theme subset: quality_improvement, residual_risk",3057.0,71.9375,0.2093908898817265,True,0.2439718188455581,0.2428493125698824,1.004622233696267,-0.3487614602615074,0.3395076199691329,0.0248469628473302,-0.2122146036091595,0.0787375407990405,0.3554544866323032,-0.0648051565685157,0.6666666666666666,C:\GoogleDrive\TP\07_backtest_code\runs\ad_hoc\nasx_gy_20260710_235429_s05\official_runs\2026-07-10_235510_research_NASDAQ-COMP_nasdaq_ext_subset_quality_improvement_residual_risk_Top_2014-07-31\perf_ptf.parquet,C:\GoogleDrive\TP\07_backtest_code\runs\ad_hoc\nasx_gy_20260710_235429_s05\official_runs\2026-07-10_235510_research_NASDAQ-COMP_nasdaq_ext_subset_quality_improvement_residual_risk_Top_2014-07-31\perf_bench.parquet,3.297456207774212,-0.17591611768968,-0.688302205954786,1.4202638192703634,"quality_improvement,residual_risk",,,,,,,,,,,,,,,,,,,,,,,,,,,,,,,,,,,,,,,,
nasdaq,new,family_subset_results,C:\GoogleDrive\TP\07_backtest_code\runs\ad_hoc\nasdaq_tech_factor_extension_20260710\family_subset_results.csv,NASDAQ COMP,nasdaq_ext_family_subset_1e415bb3ddb9,Top,success,Run termine avec succes,2014-03-31,C:\GoogleDrive\TP\07_backtest_code\runs\ad_hoc\nasx_gy_20260711_002100_s00\official_runs\2026-07-11_002330_research_NASDAQ-COMP_nasdaq_ext_family_subset_1e415bb3ddb9_Top_2014-03-31,quality_improvement + earnings_yield_improvement + intangible_investment + residual_risk,family_subset,family_subset,,0.8628816643824845,38406.0,2014-03-31,2026-06-30,457.2142857142857,"validated theme subset: quality_improvement, earnings_yield_improvement, intangible_investment, residual_risk",3142.0,70.47972972972973,0.2351191717479675,True,0.2574839145749987,0.2645122178042072,0.973429192467734,-0.3610589603061572,0.4934670611273739,0.0332871920308377,-0.2936286449536637,0.1089079060760691,0.3854173458879456,-0.073317167554314,0.75,C:\GoogleDrive\TP\07_backtest_code\runs\ad_hoc\nasx_gy_20260711_002100_s00\official_runs\2026-07-11_002330_research_NASDAQ-COMP_nasdaq_ext_family_subset_1e415bb3ddb9_Top_2014-03-31\perf_ptf.parquet,C:\GoogleDrive\TP\07_backtest_code\runs\ad_hoc\nasx_gy_20260711_002100_s00\official_runs\2026-07-11_002330_research_NASDAQ-COMP_nasdaq_ext_family_subset_1e415bb3ddb9_Top_2014-03-31\perf_bench.parquet,3.34198648512102,-0.2290606595862948,-0.6560406011752595,1.3949779401501732,"quality_improvement,earnings_yield_improvement,intangible_investment,residual_risk",,,,,,,,,,,,,,,,,,,,,,,,,,,,,,,,,,,,,,,,
nasdaq,new,family_subset_results,C:\GoogleDrive\TP\07_backtest_code\runs\ad_hoc\nasdaq_tech_factor_extension_20260710\family_subset_results.csv,NASDAQ COMP,nasdaq_ext_family_subset_c96faa5fb4ff,Top,success,Run termine avec succes,2014-01-31,C:\GoogleDrive\TP\07_backtest_code\runs\ad_hoc\nasx_gy_20260710_235429_s01\official_runs\2026-07-11_000025_research_NASDAQ-COMP_nasdaq_ext_subset_revision_quality_improvement_intangible_investment_Top_2014-01-31,revision + quality_improvement + intangible_investment,family_subset,family_subset,,0.8887191354557505,39556.0,2014-01-31,2026-06-30,470.9047619047619,"validated theme subset: revision, quality_improvement, intangible_investment",3184.0,69.78,0.2248880460757125,True,0.2523786589655572,0.2746702061316549,0.918842500320501,-0.4031352835061343,0.4024011873060873,0.0276304363505701,-0.3427518497957659,0.1225190429300297,0.3227026872315028,-0.1040836232009023,0.6666666666666666,C:\GoogleDrive\TP\07_backtest_code\runs\ad_hoc\nasx_gy_20260710_235429_s01\official_runs\2026-07-11_000025_research_NASDAQ-COMP_nasdaq_ext_subset_revision_quality_improvement_intangible_investment_Top_2014-01-31\perf_ptf.parquet,C:\GoogleDrive\TP\07_backtest_code\runs\ad_hoc\nasx_gy_20260710_235429_s01\official_runs\2026-07-11_000025_research_NASDAQ-COMP_nasdaq_ext_subset_revision_quality_improvement_intangible_investment_Top_2014-01-31\perf_bench.parquet,3.6504294303979217,-0.3421710535468536,-0.698436196421093,1.3155095367825842,"revision,quality_improvement,intangible_investment",,,,,,,,,,,,,,,,,,,,,,,,,,,,,,,,,,,,,,,,
nasdaq,new,family_subset_results,C:\GoogleDrive\TP\07_backtest_code\runs\ad_hoc\nasdaq_tech_factor_extension_20260710\family_subset_results.csv,NASDAQ COMP,nasdaq_ext_family_subset_141524577cb0,Top,success,Run termine avec succes,2013-12-31,C:\GoogleDrive\TP\07_backtest_code\runs\ad_hoc\nasx_gy_20260711_002100_s02\official_runs\2026-07-11_002602_research_NASDAQ-COMP_nasdaq_ext_family_subset_141524577cb0_Top_2013-12-31,revision + quality_improvement + earnings_yield_improvement + growth_confirmation + capital_efficiency,family_subset,family_subset,,0.9605922397717316,42755.0,2013-12-31,2026-06-30,508.9880952380952,"validated theme subset: revision, quality_improvement, earnings_yield_improvement, growth_confirmation, capital_efficiency",3206.0,69.43708609271523,0.2028515788645398,True,0.2588241821937629,0.278805293082089,0.9283331006113894,-0.3904378790466632,0.5544884393477933,0.0359348819596681,-0.3469738587179853,0.1229557537532053,0.3960050592152768,-0.1042636287077932,0.5833333333333334,C:\GoogleDrive\TP\07_backtest_code\runs\ad_hoc\nasx_gy_20260711_002100_s02\official_runs\2026-07-11_002602_research_NASDAQ-COMP_nasdaq_ext_family_subset_141524577cb0_Top_2013-12-31\perf_ptf.parquet,C:\GoogleDrive\TP\07_backtest_code\runs\ad_hoc\nasx_gy_20260711_002100_s02\official_runs\2026-07-11_002602_research_NASDAQ-COMP_nasdaq_ext_family_subset_141524577cb0_Top_2013-12-31\perf_bench.parquet,3.3442777992026134,-0.3127154648763437,-0.6421756362742002,1.3054602390521306,"revision,quality_improvement,earnings_yield_improvement,growth_confirmation,capital_efficiency",,,,,,,,,,,,,,,,,,,,,,,,,,,,,,,,,,,,,,,,
nasdaq,new,family_subset_results,C:\GoogleDrive\TP\07_backtest_code\runs\ad_hoc\nasdaq_tech_factor_extension_20260710\family_subset_results.csv,NASDAQ COMP,nasdaq_ext_family_subset_4af7b9d060c6,Top,success,Run termine avec succes,2013-12-31,C:\GoogleDrive\TP\07_backtest_code\runs\ad_hoc\nasx_gy_20260711_002100_s00\official_runs\2026-07-11_002844_research_NASDAQ-COMP_nasdaq_ext_family_subset_4af7b9d060c6_Top_2013-12-31,revision + quality_improvement + growth_confirmation + capital_efficiency + intangible_investment,family_subset,family_subset,,0.9615134017839088,42796.0,2013-12-31,2026-06-30,509.4761904761905,"validated theme subset: revision, quality_improvement, growth_confirmation, capital_efficiency, intangible_investment",3206.0,69.43708609271523,0.1842916214440893,True,0.2523788052666915,0.2707474649989402,0.9321557461957376,-0.3971136099587671,0.4579086582075564,0.0306307331511384,-0.3397897001204526,0.1236037548499526,0.3351364051905681,-0.1142124578738073,0.75,C:\GoogleDrive\TP\07_backtest_code\runs\ad_hoc\nasx_gy_20260711_002100_s00\official_runs\2026-07-11_002844_research_NASDAQ-COMP_nasdaq_ext_family_subset_4af7b9d060c6_Top_2013-12-31\perf_ptf.parquet,C:\GoogleDrive\TP\07_backtest_code\runs\ad_hoc\nasx_gy_20260711_002100_s00\official_runs\2026-07-11_002844_research_NASDAQ-COMP_nasdaq_ext_family_subset_4af7b9d060c6_Top_2013-12-31\perf_bench.parquet,3.507415519808829,-0.3130065109698837,-0.6765533038166869,1.294220805147306,"revision,quality_improvement,growth_confirmation,capital_efficiency,intangible_investment",,,,,,,,,,,,,,,,,,,,,,,,,,,,,,,,,,,,,,,,
nasdaq,new,family_subset_results,C:\GoogleDrive\TP\07_backtest_code\runs\ad_hoc\nasdaq_tech_factor_extension_20260710\family_subset_results.csv,NASDAQ COMP,nasdaq_ext_family_subset_1e65a7ddb592,Top,success,Run termine avec succes,2014-03-31,C:\GoogleDrive\TP\07_backtest_code\runs\ad_hoc\nasx_gy_20260710_235429_s02\official_runs\2026-07-11_000349_research_NASDAQ-COMP_nasdaq_ext_subset_quality_improvement_earnings_yield_improvement_capital_efficiency_Top_2014-03-31,quality_improvement + earnings_yield_improvement + capital_efficiency,family_subset,family_subset,,0.8584780606169539,38210.0,2014-03-31,2026-06-30,454.8809523809524,"validated theme subset: quality_improvement, earnings_yield_improvement, capital_efficiency",3142.0,70.47972972972973,0.2319809010926956,True,0.2721325094328575,0.2693330327406166,1.0103941082300771,-0.3609861398263067,0.7211066276309008,0.0453240898968354,-0.3119771917784493,0.1169177573694076,0.4674435201967753,-0.0800396778115576,0.75,C:\GoogleDrive\TP\07_backtest_code\runs\ad_hoc\nasx_gy_20260710_235429_s02\official_runs\2026-07-11_000349_research_NASDAQ-COMP_nasdaq_ext_subset_quality_improvement_earnings_yield_improvement_capital_efficiency_Top_2014-03-31\perf_ptf.parquet,C:\GoogleDrive\TP\07_backtest_code\runs\ad_hoc\nasx_gy_20260710_235429_s02\official_runs\2026-07-11_000349_research_NASDAQ-COMP_nasdaq_ext_subset_quality_improvement_earnings_yield_improvement_capital_efficiency_Top_2014-03-31\perf_bench.parquet,2.7821731978590925,-0.2792227378336444,-0.5449424080829675,1.2912814078225834,"quality_improvement,earnings_yield_improvement,capital_efficiency",,,,,,,,,,,,,,,,,,,,,,,,,,,,,,,,,,,,,,,,
nasdaq,new,family_subset_results,C:\GoogleDrive\TP\07_backtest_code\runs\ad_hoc\nasdaq_tech_factor_extension_20260710\family_subset_results.csv,NASDAQ COMP,nasdaq_ext_family_subset_2f833fb78703,Top,success,Run termine avec succes,2013-12-31,C:\GoogleDrive\TP\07_backtest_code\runs\ad_hoc\nasx_gy_20260711_002100_s01\official_runs\2026-07-11_003403_research_NASDAQ-COMP_nasdaq_ext_family_subset_2f833fb78703_Top_2013-12-31,revision + quality_improvement + earnings_yield_improvement + growth_confirmation + intangible_investment + residual_risk,family_subset,family_subset,,0.9633332584421128,42877.0,2013-12-31,2026-06-30,510.4404761904762,"validated theme subset: revision, quality_improvement, earnings_yield_improvement, growth_confirmation, intangible_investment, residual_risk",3206.0,69.43708609271523,0.2033653693491163,True,0.2598374966200627,0.2808020453631775,0.9253404699527736,-0.3983363673926826,0.5701968574066025,0.0367687774118252,-0.3050622662422627,0.125051616456717,0.4000734853139538,-0.0873048144697797,0.6666666666666666,C:\GoogleDrive\TP\07_backtest_code\runs\ad_hoc\nasx_gy_20260711_002100_s01\official_runs\2026-07-11_003403_research_NASDAQ-COMP_nasdaq_ext_family_subset_2f833fb78703_Top_2013-12-31\perf_ptf.parquet,C:\GoogleDrive\TP\07_backtest_code\runs\ad_hoc\nasx_gy_20260711_002100_s01\official_runs\2026-07-11_003403_research_NASDAQ-COMP_nasdaq_ext_family_subset_2f833fb78703_Top_2013-12-31\perf_bench.parquet,3.085657028814726,-0.2975384862177345,-0.6156806980290936,1.2905444084029436,"revision,quality_improvement,earnings_yield_improvement,growth_confirmation,intangible_investment,residual_risk",,,,,,,,,,,,,,,,,,,,,,,,,,,,,,,,,,,,,,,,
nasdaq,new,family_subset_results,C:\GoogleDrive\TP\07_backtest_code\runs\ad_hoc\nasdaq_tech_factor_extension_20260710\family_subset_results.csv,NASDAQ COMP,nasdaq_ext_family_subset_7c2498714906,Top,success,Run termine avec succes,2014-01-31,C:\GoogleDrive\TP\07_backtest_code\runs\ad_hoc\nasx_gy_20260711_002100_s02\official_runs\2026-07-11_002721_research_NASDAQ-COMP_nasdaq_ext_family_subset_7c2498714906_Top_2014-01-31,revision + quality_improvement + earnings_yield_improvement + capital_efficiency + residual_risk,family_subset,family_subset,,0.9339684108831922,41570.0,2014-01-31,2026-06-30,494.8809523809524,"validated theme subset: revision, quality_improvement, earnings_yield_improvement, capital_efficiency, residual_risk",3184.0,69.78,0.2091242567362545,True,0.2622498369833297,0.2719515159762781,0.9643257035794768,-0.3741126288491317,0.5458921310517821,0.0357301615423717,-0.2921037430614498,0.1154720836801291,0.4028884210889392,-0.0791165489523614,0.6666666666666666,C:\GoogleDrive\TP\07_backtest_code\runs\ad_hoc\nasx_gy_20260711_002100_s02\official_runs\2026-07-11_002721_research_NASDAQ-COMP_nasdaq_ext_family_subset_7c2498714906_Top_2014-01-31\perf_ptf.parquet,C:\GoogleDrive\TP\07_backtest_code\runs\ad_hoc\nasx_gy_20260711_002100_s02\official_runs\2026-07-11_002721_research_NASDAQ-COMP_nasdaq_ext_family_subset_7c2498714906_Top_2014-01-31\perf_bench.parquet,3.0014409328556058,-0.2450424457475951,-0.6136661375259724,1.2678164787241948,"revision,quality_improvement,earnings_yield_improvement,capital_efficiency,residual_risk",,,,,,,,,,,,,,,,,,,,,,,,,,,,,,,,,,,,,,,,
nasdaq,new,family_subset_results,C:\GoogleDrive\TP\07_backtest_code\runs\ad_hoc\nasdaq_tech_factor_extension_20260710\family_subset_results.csv,NASDAQ COMP,nasdaq_ext_family_subset_361d91c14510,Top,success,Run termine avec succes,2013-12-31,C:\GoogleDrive\TP\07_backtest_code\runs\ad_hoc\nasx_gy_20260711_002100_s02\official_runs\2026-07-11_003357_research_NASDAQ-COMP_nasdaq_ext_family_subset_361d91c14510_Top_2013-12-31,revision + quality_improvement + earnings_yield_improvement + capital_efficiency + intangible_investment + residual_risk,family_subset,family_subset,,0.9632883237098115,42875.0,2013-12-31,2026-06-30,510.4166666666667,"validated theme subset: revision, quality_improvement, earnings_yield_improvement, capital_efficiency, intangible_investment, residual_risk",3206.0,69.43708609271523,0.2092780203605598,True,0.2586736108002254,0.2783873843532897,0.929185822845886,-0.3919662101008292,0.5521666557323321,0.0358109709632024,-0.2976531829893922,0.1232310004275274,0.3930514409782237,-0.0812435844496695,0.5833333333333334,C:\GoogleDrive\TP\07_backtest_code\runs\ad_hoc\nasx_gy_20260711_002100_s02\official_runs\2026-07-11_003357_research_NASDAQ-COMP_nasdaq_ext_family_subset_361d91c14510_Top_2013-12-31\perf_ptf.parquet,C:\GoogleDrive\TP\07_backtest_code\runs\ad_hoc\nasx_gy_20260711_002100_s02\official_runs\2026-07-11_003357_research_NASDAQ-COMP_nasdaq_ext_family_subset_361d91c14510_Top_2013-12-31\perf_bench.parquet,2.9071268048193746,-0.2749780013058416,-0.6027345071529902,1.205949107286038,"revision,quality_improvement,earnings_yield_improvement,capital_efficiency,intangible_investment,residual_risk",,,,,,,,,,,,,,,,,,,,,,,,,,,,,,,,,,,,,,,,
nasdaq,new,family_subset_results,C:\GoogleDrive\TP\07_backtest_code\runs\ad_hoc\nasdaq_tech_factor_extension_20260710\family_subset_results.csv,NASDAQ COMP,nasdaq_ext_family_subset_5e72aced904e,Top,success,Run termine avec succes,2013-12-31,C:\GoogleDrive\TP\07_backtest_code\runs\ad_hoc\nasx_gy_20260711_002100_s01\official_runs\2026-07-11_002448_research_NASDAQ-COMP_nasdaq_ext_family_subset_5e72aced904e_Top_2013-12-31,earnings_yield_improvement + growth_confirmation + capital_efficiency + intangible_investment,family_subset,family_subset,,0.9489990788379878,42239.0,2013-12-31,2026-06-30,502.8452380952381,"validated theme subset: earnings_yield_improvement, growth_confirmation, capital_efficiency, intangible_investment",3206.0,69.43708609271523,0.1943216479403802,True,0.2627684874671174,0.2767587346080563,0.9494496635824275,-0.3703067585604676,0.6164589519879504,0.0391808026176625,-0.2876640259193409,0.1199050382851528,0.4268493254237648,-0.0878270265887267,0.6666666666666666,C:\GoogleDrive\TP\07_backtest_code\runs\ad_hoc\nasx_gy_20260711_002100_s01\official_runs\2026-07-11_002448_research_NASDAQ-COMP_nasdaq_ext_family_subset_5e72aced904e_Top_2013-12-31\perf_ptf.parquet,C:\GoogleDrive\TP\07_backtest_code\runs\ad_hoc\nasx_gy_20260711_002100_s01\official_runs\2026-07-11_002448_research_NASDAQ-COMP_nasdaq_ext_family_subset_5e72aced904e_Top_2013-12-31\perf_bench.parquet,2.7024251410465743,-0.2699446117034131,-0.5634053652922686,1.1846114057986763,"earnings_yield_improvement,growth_confirmation,capital_efficiency,intangible_investment",,,,,,,,,,,,,,,,,,,,,,,,,,,,,,,,,,,,,,,,
nasdaq,new,family_subset_results,C:\GoogleDrive\TP\07_backtest_code\runs\ad_hoc\nasdaq_tech_factor_extension_20260710\family_subset_results.csv,NASDAQ COMP,nasdaq_ext_family_subset_411dae55f7d8,Top,success,Run termine avec succes,2014-01-31,C:\GoogleDrive\TP\07_backtest_code\runs\ad_hoc\nasx_gy_20260711_002100_s03\official_runs\2026-07-11_002805_research_NASDAQ-COMP_nasdaq_ext_family_subset_411dae55f7d8_Top_2014-01-31,revision + quality_improvement + earnings_yield_improvement + intangible_investment + residual_risk,family_subset,family_subset,,0.9416747174728708,41913.0,2014-01-31,2026-06-30,498.9642857142857,"validated theme subset: revision, quality_improvement, earnings_yield_improvement, intangible_investment, residual_risk",3184.0,69.78,0.219399887179517,True,0.2662548070908623,0.2697763625177379,0.9869463899875808,-0.3761772638547017,0.6078659164697826,0.039016411391578,-0.2921287409298986,0.1141193912813593,0.4297084912045715,-0.0785645780170082,0.75,C:\GoogleDrive\TP\07_backtest_code\runs\ad_hoc\nasx_gy_20260711_002100_s03\official_runs\2026-07-11_002805_research_NASDAQ-COMP_nasdaq_ext_family_subset_411dae55f7d8_Top_2014-01-31\perf_ptf.parquet,C:\GoogleDrive\TP\07_backtest_code\runs\ad_hoc\nasx_gy_20260711_002100_s03\official_runs\2026-07-11_002805_research_NASDAQ-COMP_nasdaq_ext_family_subset_411dae55f7d8_Top_2014-01-31\perf_bench.parquet,2.7064107903804224,-0.2381286110669963,-0.5661932777006747,1.184129860501829,"revision,quality_improvement,earnings_yield_improvement,intangible_investment,residual_risk",,,,,,,,,,,,,,,,,,,,,,,,,,,,,,,,,,,,,,,,
nasdaq,new,family_subset_results,C:\GoogleDrive\TP\07_backtest_code\runs\ad_hoc\nasdaq_tech_factor_extension_20260710\family_subset_results.csv,NASDAQ COMP,nasdaq_ext_family_subset_099f12e1b8aa,Top,success,Run termine avec succes,2013-12-31,C:\GoogleDrive\TP\07_backtest_code\runs\ad_hoc\nasx_gy_20260710_235429_s02\official_runs\2026-07-11_001038_research_NASDAQ-COMP_nasdaq_ext_subset_revision_quality_improvement_growth_confirmation_intangible_investment_Top_2013-12-31,revision + quality_improvement + growth_confirmation + intangible_investment,family_subset,family_subset,,0.9527735963512998,42407.0,2013-12-31,2026-06-30,504.8452380952381,"validated theme subset: revision, quality_improvement, growth_confirmation, intangible_investment",3206.0,69.43708609271523,0.1951526669290098,True,0.2502726268167277,0.2701647676283762,0.9263703369381936,-0.3970562875430462,0.4275661421628558,0.028897477820639,-0.3486260418493361,0.1231996221905535,0.3215272861554284,-0.1214575472564898,0.75,C:\GoogleDrive\TP\07_backtest_code\runs\ad_hoc\nasx_gy_20260710_235429_s02\official_runs\2026-07-11_001038_research_NASDAQ-COMP_nasdaq_ext_subset_revision_quality_improvement_growth_confirmation_intangible_investment_Top_2013-12-31\perf_ptf.parquet,C:\GoogleDrive\TP\07_backtest_code\runs\ad_hoc\nasx_gy_20260710_235429_s02\official_runs\2026-07-11_001038_research_NASDAQ-COMP_nasdaq_ext_subset_revision_quality_improvement_growth_confirmation_intangible_investment_Top_2013-12-31\perf_bench.parquet,3.377304957768266,-0.322070632174078,-0.6738709877571132,1.1743093679012733,"revision,quality_improvement,growth_confirmation,intangible_investment",,,,,,,,,,,,,,,,,,,,,,,,,,,,,,,,,,,,,,,,
nasdaq,new,family_subset_results,C:\GoogleDrive\TP\07_backtest_code\runs\ad_hoc\nasdaq_tech_factor_extension_20260710\family_subset_results.csv,NASDAQ COMP,nasdaq_ext_family_subset_31caa839be58,Top,success,Run termine avec succes,2014-01-31,C:\GoogleDrive\TP\07_backtest_code\runs\ad_hoc\nasx_gy_20260710_235429_s05\official_runs\2026-07-11_000903_research_NASDAQ-COMP_nasdaq_ext_subset_revision_quality_improvement_earnings_yield_improvement_intangible_investment_Top_2014-01-31,revision + quality_improvement + earnings_yield_improvement + intangible_investment,family_subset,family_subset,,0.9293626008223056,41365.0,2014-01-31,2026-06-30,492.4404761904762,"validated theme subset: revision, quality_improvement, earnings_yield_improvement, intangible_investment",3184.0,69.78,0.2266592594630703,True,0.2606446801497402,0.2669328777638371,0.9764427759263876,-0.3784344528025415,0.5216760801367588,0.0344130614740303,-0.3223193209493367,0.1144878072622718,0.3835346507674858,-0.0963660446688241,0.6666666666666666,C:\GoogleDrive\TP\07_backtest_code\runs\ad_hoc\nasx_gy_20260710_235429_s05\official_runs\2026-07-11_000903_research_NASDAQ-COMP_nasdaq_ext_subset_revision_quality_improvement_earnings_yield_improvement_intangible_investment_Top_2014-01-31\perf_ptf.parquet,C:\GoogleDrive\TP\07_backtest_code\runs\ad_hoc\nasx_gy_20260710_235429_s05\official_runs\2026-07-11_000903_research_NASDAQ-COMP_nasdaq_ext_subset_revision_quality_improvement_earnings_yield_improvement_intangible_investment_Top_2014-01-31\perf_bench.parquet,2.9832110747654577,-0.2684616950816353,-0.6179775433501578,1.1577891236897184,"revision,quality_improvement,earnings_yield_improvement,intangible_investment",,,,,,,,,,,,,,,,,,,,,,,,,,,,,,,,,,,,,,,,
nasdaq,new,family_subset_results,C:\GoogleDrive\TP\07_backtest_code\runs\ad_hoc\nasdaq_tech_factor_extension_20260710\family_subset_results.csv,NASDAQ COMP,nasdaq_ext_subset_quality_improvement_capital_efficiency,Top,success,Run termine avec succes,2014-01-31,C:\GoogleDrive\TP\07_backtest_code\runs\ad_hoc\nasx_gy_20260710_235429_s03\official_runs\2026-07-10_235511_research_NASDAQ-COMP_nasdaq_ext_subset_quality_improvement_capital_efficiency_Top_2014-01-31,quality_improvement + capital_efficiency,family_subset,family_subset,,0.916556202116426,40795.0,2014-01-31,2026-06-30,485.6547619047619,"validated theme subset: quality_improvement, capital_efficiency",3184.0,69.78,0.2321944487462812,True,0.2492826771424132,0.2657687108325915,0.93796849283525,-0.3654866513147808,0.3599861142215896,0.0250900503985462,-0.3776453345543067,0.1242975228498683,0.2790406096889807,-0.1312930772492563,0.5833333333333334,C:\GoogleDrive\TP\07_backtest_code\runs\ad_hoc\nasx_gy_20260710_235429_s03\official_runs\2026-07-10_235511_research_NASDAQ-COMP_nasdaq_ext_subset_quality_improvement_capital_efficiency_Top_2014-01-31\perf_ptf.parquet,C:\GoogleDrive\TP\07_backtest_code\runs\ad_hoc\nasx_gy_20260710_235429_s03\official_runs\2026-07-10_235511_research_NASDAQ-COMP_nasdaq_ext_subset_quality_improvement_capital_efficiency_Top_2014-01-31\perf_bench.parquet,3.527892130418137,-0.328869175107793,-0.6996425544051115,1.11305091022292,"quality_improvement,capital_efficiency",,,,,,,,,,,,,,,,,,,,,,,,,,,,,,,,,,,,,,,,
nasdaq,new,family_subset_results,C:\GoogleDrive\TP\07_backtest_code\runs\ad_hoc\nasdaq_tech_factor_extension_20260710\family_subset_results.csv,NASDAQ COMP,nasdaq_ext_subset_revision_intangible_investment,Top,success,Run termine avec succes,2013-12-31,C:\GoogleDrive\TP\07_backtest_code\runs\ad_hoc\nasx_gy_20260710_234950_s03\official_runs\2026-07-10_235308_research_NASDAQ-COMP_nasdaq_ext_subset_revision_intangible_investment_Top_2013-12-31,revision + intangible_investment,family_subset,family_subset,,0.9217686310633804,41027.0,2013-12-31,2026-06-30,488.4166666666667,"validated theme subset: revision, intangible_investment",3206.0,69.43708609271523,0.1930285887015571,True,0.2615278890432613,0.2879375682320975,0.908279842220699,-0.4277092156931679,0.5967266984692827,0.0381598664138971,-0.3199988861406367,0.1347552024524396,0.3957236037282839,-0.0913118659322147,0.75,C:\GoogleDrive\TP\07_backtest_code\runs\ad_hoc\nasx_gy_20260710_234950_s03\official_runs\2026-07-10_235308_research_NASDAQ-COMP_nasdaq_ext_subset_revision_intangible_investment_Top_2013-12-31\perf_ptf.parquet,C:\GoogleDrive\TP\07_backtest_code\runs\ad_hoc\nasx_gy_20260710_234950_s03\official_runs\2026-07-10_235308_research_NASDAQ-COMP_nasdaq_ext_subset_revision_intangible_investment_Top_2013-12-31\perf_bench.parquet,2.7390134424484303,-0.3745156675032424,-0.572955079449061,1.10016857902757,"revision,intangible_investment",,,,,,,,,,,,,,,,,,,,,,,,,,,,,,,,,,,,,,,,
nasdaq,new,family_subset_results,C:\GoogleDrive\TP\07_backtest_code\runs\ad_hoc\nasdaq_tech_factor_extension_20260710\family_subset_results.csv,NASDAQ COMP,nasdaq_ext_subset_quality_improvement_growth_confirmation,Top,success,Run termine avec succes,2014-01-31,C:\GoogleDrive\TP\07_backtest_code\runs\ad_hoc\nasx_gy_20260710_235429_s02\official_runs\2026-07-10_235507_research_NASDAQ-COMP_nasdaq_ext_subset_quality_improvement_growth_confirmation_Top_2014-01-31,quality_improvement + growth_confirmation,family_subset,family_subset,,0.9168033431440832,40806.0,2014-01-31,2026-06-30,485.7857142857143,"validated theme subset: quality_improvement, growth_confirmation",3184.0,69.78,0.2270022386066053,True,0.2427526295098057,0.2699884575497527,0.8991222503098005,-0.3863803881535232,0.27436450056771,0.0197318660746221,-0.3827565196226602,0.1264792305431082,0.2427606157007069,-0.1379964873985973,0.6666666666666666,C:\GoogleDrive\TP\07_backtest_code\runs\ad_hoc\nasx_gy_20260710_235429_s02\official_runs\2026-07-10_235507_research_NASDAQ-COMP_nasdaq_ext_subset_quality_improvement_growth_confirmation_Top_2014-01-31\perf_ptf.parquet,C:\GoogleDrive\TP\07_backtest_code\runs\ad_hoc\nasx_gy_20260710_235429_s02\official_runs\2026-07-10_235507_research_NASDAQ-COMP_nasdaq_ext_subset_quality_improvement_growth_confirmation_Top_2014-01-31\perf_bench.parquet,3.6648808300459095,-0.3361771999235668,-0.7268173513973414,1.076816158403639,"quality_improvement,growth_confirmation",,,,,,,,,,,,,,,,,,,,,,,,,,,,,,,,,,,,,,,,
nasdaq,new,family_subset_results,C:\GoogleDrive\TP\07_backtest_code\runs\ad_hoc\nasdaq_tech_factor_extension_20260710\family_subset_results.csv,NASDAQ COMP,nasdaq_ext_family_subset_911a611541da,Top,success,Run termine avec succes,2013-12-31,C:\GoogleDrive\TP\07_backtest_code\runs\ad_hoc\nasx_gy_20260711_002100_s02\official_runs\2026-07-11_003514_research_NASDAQ-COMP_nasdaq_ext_family_subset_911a611541da_Top_2013-12-31,revision + quality_improvement + earnings_yield_improvement + growth_confirmation + capital_efficiency + intangible_investment + residual_risk,family_subset,family_subset,,0.970590217708778,43200.0,2013-12-31,2026-06-30,514.2857142857143,"validated theme subset: revision, quality_improvement, earnings_yield_improvement, growth_confirmation, capital_efficiency, intangible_investment, residual_risk",3206.0,69.43708609271523,0.1912450047191183,True,0.2528905864379076,0.2698704062314668,0.9370815791524926,-0.3971136099587674,0.4653706481199522,0.0310518975795728,-0.3397897001204522,0.1231350898191478,0.3377033311987531,-0.1142124578738067,0.6666666666666666,C:\GoogleDrive\TP\07_backtest_code\runs\ad_hoc\nasx_gy_20260711_002100_s02\official_runs\2026-07-11_003514_research_NASDAQ-COMP_nasdaq_ext_family_subset_911a611541da_Top_2013-12-31\perf_ptf.parquet,C:\GoogleDrive\TP\07_backtest_code\runs\ad_hoc\nasx_gy_20260711_002100_s02\official_runs\2026-07-11_003514_research_NASDAQ-COMP_nasdaq_ext_family_subset_911a611541da_Top_2013-12-31\perf_bench.parquet,3.010297102264936,-0.322284334755058,-0.6345979834530613,1.0535922513185612,"revision,quality_improvement,earnings_yield_improvement,growth_confirmation,capital_efficiency,intangible_investment,residual_risk",,,,,,,,,,,,,,,,,,,,,,,,,,,,,,,,,,,,,,,,
nasdaq,new,family_subset_results,C:\GoogleDrive\TP\07_backtest_code\runs\ad_hoc\nasdaq_tech_factor_extension_20260710\family_subset_results.csv,NASDAQ COMP,nasdaq_ext_family_subset_d14b218a0a06,Top,success,Run termine avec succes,2013-12-31,C:\GoogleDrive\TP\07_backtest_code\runs\ad_hoc\nasx_gy_20260711_002100_s01\official_runs\2026-07-11_002329_research_NASDAQ-COMP_nasdaq_ext_family_subset_d14b218a0a06_Top_2013-12-31,quality_improvement + growth_confirmation + capital_efficiency + intangible_investment,family_subset,family_subset,,0.9487519378103304,42228.0,2013-12-31,2026-06-30,502.7142857142857,"validated theme subset: quality_improvement, growth_confirmation, capital_efficiency, intangible_investment",3206.0,69.43708609271523,0.1920665624074533,True,0.2500939072028252,0.2711079540335849,0.9224882689050264,-0.394063733931865,0.4250183596361387,0.0287504025699798,-0.3354975161095465,0.122694052930306,0.3237774936516655,-0.1081283919884155,0.75,C:\GoogleDrive\TP\07_backtest_code\runs\ad_hoc\nasx_gy_20260711_002100_s01\official_runs\2026-07-11_002329_research_NASDAQ-COMP_nasdaq_ext_family_subset_d14b218a0a06_Top_2013-12-31\perf_ptf.parquet,C:\GoogleDrive\TP\07_backtest_code\runs\ad_hoc\nasx_gy_20260711_002100_s01\official_runs\2026-07-11_002329_research_NASDAQ-COMP_nasdaq_ext_family_subset_d14b218a0a06_Top_2013-12-31\perf_bench.parquet,3.0601407412435133,-0.306414353215016,-0.6490224230011067,1.053271253120081,"quality_improvement,growth_confirmation,capital_efficiency,intangible_investment",,,,,,,,,,,,,,,,,,,,,,,,,,,,,,,,,,,,,,,,
nasdaq,new,family_subset_results,C:\GoogleDrive\TP\07_backtest_code\runs\ad_hoc\nasdaq_tech_factor_extension_20260710\family_subset_results.csv,NASDAQ COMP,nasdaq_ext_family_subset_14cf700e00b1,Top,success,Run termine avec succes,2013-12-31,C:\GoogleDrive\TP\07_backtest_code\runs\ad_hoc\nasx_gy_20260710_235429_s04\official_runs\2026-07-11_000208_research_NASDAQ-COMP_nasdaq_ext_subset_revision_capital_efficiency_intangible_investment_Top_2013-12-31,revision + capital_efficiency + intangible_investment,family_subset,family_subset,,0.9164438652856726,40790.0,2013-12-31,2026-06-30,485.5952380952381,"validated theme subset: revision, capital_efficiency, intangible_investment",3206.0,69.43708609271523,0.1764850550009079,True,0.2595832439056642,0.287133190873555,0.904051681088924,-0.4156760353811427,0.5662417628292071,0.0365595430648815,-0.3266819359278567,0.1332761367894731,0.3870847957991258,-0.0787980425230315,0.75,C:\GoogleDrive\TP\07_backtest_code\runs\ad_hoc\nasx_gy_20260710_235429_s04\official_runs\2026-07-11_000208_research_NASDAQ-COMP_nasdaq_ext_subset_revision_capital_efficiency_intangible_investment_Top_2013-12-31\perf_ptf.parquet,C:\GoogleDrive\TP\07_backtest_code\runs\ad_hoc\nasx_gy_20260710_235429_s04\official_runs\2026-07-11_000208_research_NASDAQ-COMP_nasdaq_ext_subset_revision_capital_efficiency_intangible_investment_Top_2013-12-31\perf_bench.parquet,2.6981135491013606,-0.3890264486148971,-0.5764754808002575,1.049860486211669,"revision,capital_efficiency,intangible_investment",,,,,,,,,,,,,,,,,,,,,,,,,,,,,,,,,,,,,,,,
nasdaq,new,family_subset_results,C:\GoogleDrive\TP\07_backtest_code\runs\ad_hoc\nasdaq_tech_factor_extension_20260710\family_subset_results.csv,NASDAQ COMP,nasdaq_ext_family_subset_e310f0c98a00,Top,success,Run termine avec succes,2013-12-31,C:\GoogleDrive\TP\07_backtest_code\runs\ad_hoc\nasx_gy_20260711_002100_s01\official_runs\2026-07-11_003242_research_NASDAQ-COMP_nasdaq_ext_family_subset_e310f0c98a00_Top_2013-12-31,quality_improvement + growth_confirmation + capital_efficiency + intangible_investment + residual_risk,family_subset,family_subset,,0.94906648093644,42242.0,2013-12-31,2026-06-30,502.8809523809524,"validated theme subset: quality_improvement, growth_confirmation, capital_efficiency, intangible_investment, residual_risk",3206.0,69.43708609271523,0.1829184840728497,True,0.2446525999258004,0.2688045377379922,0.9101505576675456,-0.3940637339318651,0.3494220121707572,0.0242725413313216,-0.3394399916766374,0.120621685246147,0.2885926169023615,-0.1081283919884148,0.75,C:\GoogleDrive\TP\07_backtest_code\runs\ad_hoc\nasx_gy_20260711_002100_s01\official_runs\2026-07-11_003242_research_NASDAQ-COMP_nasdaq_ext_family_subset_e310f0c98a00_Top_2013-12-31\perf_ptf.parquet,C:\GoogleDrive\TP\07_backtest_code\runs\ad_hoc\nasx_gy_20260711_002100_s01\official_runs\2026-07-11_003242_research_NASDAQ-COMP_nasdaq_ext_family_subset_e310f0c98a00_Top_2013-12-31\perf_bench.parquet,3.2079827785579127,-0.306414353215016,-0.6793185516236337,1.0457833408618769,"quality_improvement,growth_confirmation,capital_efficiency,intangible_investment,residual_risk",,,,,,,,,,,,,,,,,,,,,,,,,,,,,,,,,,,,,,,,
nasdaq,new,family_subset_results,C:\GoogleDrive\TP\07_backtest_code\runs\ad_hoc\nasdaq_tech_factor_extension_20260710\family_subset_results.csv,NASDAQ COMP,nasdaq_ext_family_subset_7e0c8851b902,Top,success,Run termine avec succes,2014-01-31,C:\GoogleDrive\TP\07_backtest_code\runs\ad_hoc\nasx_gy_20260710_235429_s04\official_runs\2026-07-11_000902_research_NASDAQ-COMP_nasdaq_ext_subset_revision_quality_improvement_earnings_yield_improvement_capital_efficiency_Top_2014-01-31,revision + quality_improvement + earnings_yield_improvement + capital_efficiency,family_subset,family_subset,,0.9217910984295312,41028.0,2014-01-31,2026-06-30,488.4285714285714,"validated theme subset: revision, quality_improvement, earnings_yield_improvement, capital_efficiency",3184.0,69.78,0.2188418259690993,True,0.258246019634158,0.2698173740994743,0.9571141239368438,-0.3651175394252605,0.4861383164722159,0.032444857580872,-0.3068670288290531,0.1164344987602303,0.3676449779468771,-0.0830256392116066,0.6666666666666666,C:\GoogleDrive\TP\07_backtest_code\runs\ad_hoc\nasx_gy_20260710_235429_s04\official_runs\2026-07-11_000902_research_NASDAQ-COMP_nasdaq_ext_subset_revision_quality_improvement_earnings_yield_improvement_capital_efficiency_Top_2014-01-31\perf_ptf.parquet,C:\GoogleDrive\TP\07_backtest_code\runs\ad_hoc\nasx_gy_20260710_235429_s04\official_runs\2026-07-11_000902_research_NASDAQ-COMP_nasdaq_ext_subset_revision_quality_improvement_earnings_yield_improvement_capital_efficiency_Top_2014-01-31\perf_bench.parquet,2.733182512631703,-0.2999039253496964,-0.6019111545059274,1.0395353771581242,"revision,quality_improvement,earnings_yield_improvement,capital_efficiency",,,,,,,,,,,,,,,,,,,,,,,,,,,,,,,,,,,,,,,,
nasdaq,new,family_subset_results,C:\GoogleDrive\TP\07_backtest_code\runs\ad_hoc\nasdaq_tech_factor_extension_20260710\family_subset_results.csv,NASDAQ COMP,nasdaq_ext_family_subset_c92251f2428a,Top,success,Run termine avec succes,2013-12-31,C:\GoogleDrive\TP\07_backtest_code\runs\ad_hoc\nasx_gy_20260711_002100_s01\official_runs\2026-07-11_002844_research_NASDAQ-COMP_nasdaq_ext_family_subset_c92251f2428a_Top_2013-12-31,revision + quality_improvement + growth_confirmation + capital_efficiency + residual_risk,family_subset,family_subset,,0.9573794064121864,42612.0,2013-12-31,2026-06-30,507.2857142857143,"validated theme subset: revision, quality_improvement, growth_confirmation, capital_efficiency, residual_risk",3206.0,69.43708609271523,0.1869229698799966,True,0.2469284574418644,0.2699400081038628,0.9147530933867926,-0.4000208888201522,0.3805800207482208,0.0261454320976493,-0.345005563851111,0.123231744773405,0.2995466809596822,-0.1144131741866388,0.75,C:\GoogleDrive\TP\07_backtest_code\runs\ad_hoc\nasx_gy_20260711_002100_s01\official_runs\2026-07-11_002844_research_NASDAQ-COMP_nasdaq_ext_family_subset_c92251f2428a_Top_2013-12-31\perf_ptf.parquet,C:\GoogleDrive\TP\07_backtest_code\runs\ad_hoc\nasx_gy_20260711_002100_s01\official_runs\2026-07-11_002844_research_NASDAQ-COMP_nasdaq_ext_family_subset_c92251f2428a_Top_2013-12-31\perf_bench.parquet,3.1499774575111443,-0.3146065179679757,-0.6673283084346697,1.027912702841527,"revision,quality_improvement,growth_confirmation,capital_efficiency,residual_risk",,,,,,,,,,,,,,,,,,,,,,,,,,,,,,,,,,,,,,,,
nasdaq,new,family_subset_results,C:\GoogleDrive\TP\07_backtest_code\runs\ad_hoc\nasdaq_tech_factor_extension_20260710\family_subset_results.csv,NASDAQ COMP,nasdaq_ext_family_subset_66c60a8df0dc,Top,success,Run termine avec succes,2014-01-31,C:\GoogleDrive\TP\07_backtest_code\runs\ad_hoc\nasx_gy_20260711_002100_s02\official_runs\2026-07-11_002210_research_NASDAQ-COMP_nasdaq_ext_family_subset_66c60a8df0dc_Top_2014-01-31,quality_improvement + earnings_yield_improvement + capital_efficiency + intangible_investment,family_subset,family_subset,,0.9261273000966096,41221.0,2014-01-31,2026-06-30,490.7261904761905,"validated theme subset: quality_improvement, earnings_yield_improvement, capital_efficiency, intangible_investment",3184.0,69.78,0.2284388355353417,True,0.2628700166034587,0.2670469751493337,0.9843587123818228,-0.3591642423807909,0.5553429299131614,0.0362390455361114,-0.284976543812771,0.1135184714411359,0.4022082036799932,-0.0739125477275266,0.6666666666666666,C:\GoogleDrive\TP\07_backtest_code\runs\ad_hoc\nasx_gy_20260711_002100_s02\official_runs\2026-07-11_002210_research_NASDAQ-COMP_nasdaq_ext_family_subset_66c60a8df0dc_Top_2014-01-31\perf_ptf.parquet,C:\GoogleDrive\TP\07_backtest_code\runs\ad_hoc\nasx_gy_20260711_002100_s02\official_runs\2026-07-11_002210_research_NASDAQ-COMP_nasdaq_ext_family_subset_66c60a8df0dc_Top_2014-01-31\perf_bench.parquet,2.42436782822768,-0.2644776536953371,-0.5458014419209906,1.010142737232797,"quality_improvement,earnings_yield_improvement,capital_efficiency,intangible_investment",,,,,,,,,,,,,,,,,,,,,,,,,,,,,,,,,,,,,,,,
nasdaq,new,family_subset_results,C:\GoogleDrive\TP\07_backtest_code\runs\ad_hoc\nasdaq_tech_factor_extension_20260710\family_subset_results.csv,NASDAQ COMP,nasdaq_ext_family_subset_50f48e7c879d,Top,success,Run termine avec succes,2014-07-31,C:\GoogleDrive\TP\07_backtest_code\runs\ad_hoc\nasx_gy_20260710_235429_s04\official_runs\2026-07-11_000536_research_NASDAQ-COMP_nasdaq_ext_subset_quality_improvement_intangible_investment_residual_risk_Top_2014-07-31,quality_improvement + intangible_investment + residual_risk,family_subset,family_subset,,0.7546338942685749,33588.0,2014-07-31,2026-06-30,399.8571428571428,"validated theme subset: quality_improvement, intangible_investment, residual_risk",3057.0,71.9375,0.1909885644741927,True,0.2467520597989403,0.2602046237847312,0.9483000578924364,-0.3889025659359463,0.375600169150651,0.0271374660998087,-0.3728489448421385,0.1119853532849786,0.3088315039224938,-0.1338290673840019,0.75,C:\GoogleDrive\TP\07_backtest_code\runs\ad_hoc\nasx_gy_20260710_235429_s04\official_runs\2026-07-11_000536_research_NASDAQ-COMP_nasdaq_ext_subset_quality_improvement_intangible_investment_residual_risk_Top_2014-07-31\perf_ptf.parquet,C:\GoogleDrive\TP\07_backtest_code\runs\ad_hoc\nasx_gy_20260710_235429_s04\official_runs\2026-07-11_000536_research_NASDAQ-COMP_nasdaq_ext_subset_quality_improvement_intangible_investment_residual_risk_Top_2014-07-31\perf_bench.parquet,3.1026627526790413,-0.3273261803860519,-0.6647055212490027,0.9354192351369142,"quality_improvement,intangible_investment,residual_risk",,,,,,,,,,,,,,,,,,,,,,,,,,,,,,,,,,,,,,,,
nasdaq,new,family_subset_results,C:\GoogleDrive\TP\07_backtest_code\runs\ad_hoc\nasdaq_tech_factor_extension_20260710\family_subset_results.csv,NASDAQ COMP,nasdaq_ext_family_subset_e1732380b39e,Top,success,Run termine avec succes,2014-07-31,C:\GoogleDrive\TP\07_backtest_code\runs\ad_hoc\nasx_gy_20260710_235429_s04\official_runs\2026-07-11_000352_research_NASDAQ-COMP_nasdaq_ext_subset_quality_improvement_earnings_yield_improvement_residual_risk_Top_2014-07-31,quality_improvement + earnings_yield_improvement + residual_risk,family_subset,family_subset,,0.7302568019951021,32503.0,2014-07-31,2026-06-30,386.9404761904762,"validated theme subset: quality_improvement, earnings_yield_improvement, residual_risk",3057.0,71.9375,0.2248957266775259,True,0.2670021182121678,0.2702924184183774,0.9878268868011064,-0.3645273061551772,0.6665831415272836,0.0438204894190481,-0.2892853104473663,0.1134081363116501,0.467984701318262,-0.0759154298840616,0.6666666666666666,C:\GoogleDrive\TP\07_backtest_code\runs\ad_hoc\nasx_gy_20260710_235429_s04\official_runs\2026-07-11_000352_research_NASDAQ-COMP_nasdaq_ext_subset_quality_improvement_earnings_yield_improvement_residual_risk_Top_2014-07-31\perf_ptf.parquet,C:\GoogleDrive\TP\07_backtest_code\runs\ad_hoc\nasx_gy_20260710_235429_s04\official_runs\2026-07-11_000352_research_NASDAQ-COMP_nasdaq_ext_subset_quality_improvement_earnings_yield_improvement_residual_risk_Top_2014-07-31\perf_bench.parquet,2.0693574326158006,-0.2457845017162012,-0.4570253943650445,0.9333676707447396,"quality_improvement,earnings_yield_improvement,residual_risk",,,,,,,,,,,,,,,,,,,,,,,,,,,,,,,,,,,,,,,,
nasdaq,new,family_subset_results,C:\GoogleDrive\TP\07_backtest_code\runs\ad_hoc\nasdaq_tech_factor_extension_20260710\family_subset_results.csv,NASDAQ COMP,nasdaq_ext_family_subset_beecd2b3ea3f,Top,success,Run termine avec succes,2014-01-31,C:\GoogleDrive\TP\07_backtest_code\runs\ad_hoc\nasx_gy_20260711_002100_s00\official_runs\2026-07-11_002448_research_NASDAQ-COMP_nasdaq_ext_family_subset_beecd2b3ea3f_Top_2014-01-31,quality_improvement + capital_efficiency + intangible_investment + residual_risk,family_subset,family_subset,,0.8975488103529623,39949.0,2014-01-31,2026-06-30,475.5833333333333,"validated theme subset: quality_improvement, capital_efficiency, intangible_investment, residual_risk",3184.0,69.78,0.1948495115733379,True,0.2481436779483428,0.2666873146996134,0.9304667461511718,-0.3940637339318649,0.3446808933745153,0.0241554526788978,-0.3300990059010728,0.1176569683740304,0.2895900403744886,-0.1081283919884151,0.75,C:\GoogleDrive\TP\07_backtest_code\runs\ad_hoc\nasx_gy_20260711_002100_s00\official_runs\2026-07-11_002448_research_NASDAQ-COMP_nasdaq_ext_family_subset_beecd2b3ea3f_Top_2014-01-31\perf_ptf.parquet,C:\GoogleDrive\TP\07_backtest_code\runs\ad_hoc\nasx_gy_20260711_002100_s00\official_runs\2026-07-11_002448_research_NASDAQ-COMP_nasdaq_ext_family_subset_beecd2b3ea3f_Top_2014-01-31\perf_bench.parquet,2.945301380340758,-0.3064143532150154,-0.6591690307678411,0.9313482113803032,"quality_improvement,capital_efficiency,intangible_investment,residual_risk",,,,,,,,,,,,,,,,,,,,,,,,,,,,,,,,,,,,,,,,
nasdaq,new,family_subset_results,C:\GoogleDrive\TP\07_backtest_code\runs\ad_hoc\nasdaq_tech_factor_extension_20260710\family_subset_results.csv,NASDAQ COMP,nasdaq_ext_family_subset_585af9383fc6,Top,success,Run termine avec succes,2014-07-31,C:\GoogleDrive\TP\07_backtest_code\runs\ad_hoc\nasx_gy_20260710_235429_s01\official_runs\2026-07-11_000536_research_NASDAQ-COMP_nasdaq_ext_subset_quality_improvement_growth_confirmation_residual_risk_Top_2014-07-31,quality_improvement + growth_confirmation + residual_risk,family_subset,family_subset,,0.7548585679300815,33598.0,2014-07-31,2026-06-30,399.9761904761905,"validated theme subset: quality_improvement, growth_confirmation, residual_risk",3057.0,71.9375,0.1843913018122965,True,0.2423989245099271,0.2740881231093736,0.8843831748710942,-0.3896225224676967,0.3194748955705739,0.0235511328628155,-0.3809101788855727,0.1249501336901485,0.279124862040619,-0.1361520728806239,0.6666666666666666,C:\GoogleDrive\TP\07_backtest_code\runs\ad_hoc\nasx_gy_20260710_235429_s01\official_runs\2026-07-11_000536_research_NASDAQ-COMP_nasdaq_ext_subset_quality_improvement_growth_confirmation_residual_risk_Top_2014-07-31\perf_ptf.parquet,C:\GoogleDrive\TP\07_backtest_code\runs\ad_hoc\nasx_gy_20260710_235429_s01\official_runs\2026-07-11_000536_research_NASDAQ-COMP_nasdaq_ext_subset_quality_improvement_growth_confirmation_residual_risk_Top_2014-07-31\perf_bench.parquet,3.266010563293624,-0.3382792377303738,-0.6907005090601891,0.9295576128754678,"quality_improvement,growth_confirmation,residual_risk",,,,,,,,,,,,,,,,,,,,,,,,,,,,,,,,,,,,,,,,
nasdaq,new,family_subset_results,C:\GoogleDrive\TP\07_backtest_code\runs\ad_hoc\nasdaq_tech_factor_extension_20260710\family_subset_results.csv,NASDAQ COMP,nasdaq_ext_family_subset_3cea7a9ec261,Top,success,Run termine avec succes,2014-07-31,C:\GoogleDrive\TP\07_backtest_code\runs\ad_hoc\nasx_gy_20260710_235429_s03\official_runs\2026-07-11_000533_research_NASDAQ-COMP_nasdaq_ext_subset_quality_improvement_capital_efficiency_residual_risk_Top_2014-07-31,quality_improvement + capital_efficiency + residual_risk,family_subset,family_subset,,0.7547012963670269,33591.0,2014-07-31,2026-06-30,399.8928571428572,"validated theme subset: quality_improvement, capital_efficiency, residual_risk",3057.0,71.9375,0.1883661715559476,True,0.2453463828887614,0.2714712726094092,0.9037655459101336,-0.3915678285926098,0.35724208203351,0.0259793982960876,-0.3656463151904453,0.1222337834987043,0.2985064748485322,-0.1289167714457634,0.6666666666666666,C:\GoogleDrive\TP\07_backtest_code\runs\ad_hoc\nasx_gy_20260710_235429_s03\official_runs\2026-07-11_000533_research_NASDAQ-COMP_nasdaq_ext_subset_quality_improvement_capital_efficiency_residual_risk_Top_2014-07-31\perf_ptf.parquet,C:\GoogleDrive\TP\07_backtest_code\runs\ad_hoc\nasx_gy_20260710_235429_s03\official_runs\2026-07-11_000533_research_NASDAQ-COMP_nasdaq_ext_subset_quality_improvement_capital_efficiency_residual_risk_Top_2014-07-31\perf_bench.parquet,3.06303026883072,-0.3325797346751813,-0.6659532437044571,0.9063140311235116,"quality_improvement,capital_efficiency,residual_risk",,,,,,,,,,,,,,,,,,,,,,,,,,,,,,,,,,,,,,,,
nasdaq,new,family_subset_results,C:\GoogleDrive\TP\07_backtest_code\runs\ad_hoc\nasdaq_tech_factor_extension_20260710\family_subset_results.csv,NASDAQ COMP,nasdaq_ext_subset_quality_improvement_earnings_yield_improvement,Top,success,Run termine avec succes,2014-03-31,C:\GoogleDrive\TP\07_backtest_code\runs\ad_hoc\nasx_gy_20260710_235429_s01\official_runs\2026-07-10_235508_research_NASDAQ-COMP_nasdaq_ext_subset_quality_improvement_earnings_yield_improvement_Top_2014-03-31,quality_improvement + earnings_yield_improvement,family_subset,family_subset,,0.8859781167853692,39434.0,2014-03-31,2026-06-30,469.45238095238096,"validated theme subset: quality_improvement, earnings_yield_improvement",3142.0,70.47972972972973,0.2761525341349071,True,0.2623784428783,0.2924391857906029,0.8972068574495775,-0.3810528831054115,0.5662517285528625,0.0373090752121769,-0.4213796756684506,0.1645660518233475,0.3239178303757555,-0.110760013053815,0.5833333333333334,C:\GoogleDrive\TP\07_backtest_code\runs\ad_hoc\nasx_gy_20260710_235429_s01\official_runs\2026-07-10_235508_research_NASDAQ-COMP_nasdaq_ext_subset_quality_improvement_earnings_yield_improvement_Top_2014-03-31\perf_ptf.parquet,C:\GoogleDrive\TP\07_backtest_code\runs\ad_hoc\nasx_gy_20260710_235429_s01\official_runs\2026-07-10_235508_research_NASDAQ-COMP_nasdaq_ext_subset_quality_improvement_earnings_yield_improvement_Top_2014-03-31\perf_bench.parquet,2.9027495484308896,-0.2875282871836444,-0.5986799283129562,0.8995410865542436,"quality_improvement,earnings_yield_improvement",,,,,,,,,,,,,,,,,,,,,,,,,,,,,,,,,,,,,,,,
nasdaq,new,family_subset_results,C:\GoogleDrive\TP\07_backtest_code\runs\ad_hoc\nasdaq_tech_factor_extension_20260710\family_subset_results.csv,NASDAQ COMP,nasdaq_ext_family_subset_d3d68bcb2e95,Top,success,Run termine avec succes,2014-03-31,C:\GoogleDrive\TP\07_backtest_code\runs\ad_hoc\nasx_gy_20260711_002100_s03\official_runs\2026-07-11_002527_research_NASDAQ-COMP_nasdaq_ext_family_subset_d3d68bcb2e95_Top_2014-03-31,earnings_yield_improvement + growth_confirmation + intangible_investment + residual_risk,family_subset,family_subset,,0.8655103462221124,38523.0,2014-03-31,2026-06-30,458.6071428571428,"validated theme subset: earnings_yield_improvement, growth_confirmation, intangible_investment, residual_risk",3142.0,70.47972972972973,0.1970226594620633,True,0.2468799933765879,0.2609065804172584,0.9462390445720524,-0.3576143004520876,0.3463127796695462,0.0245738432296123,-0.3247647029444156,0.1028983638162236,0.3179815093130201,-0.086994359302137,0.75,C:\GoogleDrive\TP\07_backtest_code\runs\ad_hoc\nasx_gy_20260711_002100_s03\official_runs\2026-07-11_002527_research_NASDAQ-COMP_nasdaq_ext_family_subset_d3d68bcb2e95_Top_2014-03-31\perf_ptf.parquet,C:\GoogleDrive\TP\07_backtest_code\runs\ad_hoc\nasx_gy_20260711_002100_s03\official_runs\2026-07-11_002527_research_NASDAQ-COMP_nasdaq_ext_family_subset_d3d68bcb2e95_Top_2014-03-31\perf_bench.parquet,2.778238189961396,-0.2370488455068841,-0.6436665154551036,0.8960097456430522,"earnings_yield_improvement,growth_confirmation,intangible_investment,residual_risk",,,,,,,,,,,,,,,,,,,,,,,,,,,,,,,,,,,,,,,,
nasdaq,new,family_subset_results,C:\GoogleDrive\TP\07_backtest_code\runs\ad_hoc\nasdaq_tech_factor_extension_20260710\family_subset_results.csv,NASDAQ COMP,nasdaq_ext_family_subset_1df4bbb0e9e1,Top,success,Run termine avec succes,2014-01-31,C:\GoogleDrive\TP\07_backtest_code\runs\ad_hoc\nasx_gy_20260711_002100_s02\official_runs\2026-07-11_002329_research_NASDAQ-COMP_nasdaq_ext_family_subset_1df4bbb0e9e1_Top_2014-01-31,quality_improvement + growth_confirmation + capital_efficiency + residual_risk,family_subset,family_subset,,0.9294749376530588,41370.0,2014-01-31,2026-06-30,492.5,"validated theme subset: quality_improvement, growth_confirmation, capital_efficiency, residual_risk",3184.0,69.78,0.1861856035937274,True,0.2445736955661615,0.2711040172058949,0.9021396956298714,-0.401731865431595,0.2977295978589354,0.0212261289261321,-0.334972100041388,0.1218917245324668,0.2662554066385719,-0.1073825030590864,0.6666666666666666,C:\GoogleDrive\TP\07_backtest_code\runs\ad_hoc\nasx_gy_20260711_002100_s02\official_runs\2026-07-11_002329_research_NASDAQ-COMP_nasdaq_ext_family_subset_1df4bbb0e9e1_Top_2014-01-31\perf_ptf.parquet,C:\GoogleDrive\TP\07_backtest_code\runs\ad_hoc\nasx_gy_20260711_002100_s02\official_runs\2026-07-11_002329_research_NASDAQ-COMP_nasdaq_ext_family_subset_1df4bbb0e9e1_Top_2014-01-31\perf_bench.parquet,2.9672418516181707,-0.3035102388723003,-0.6728887104955263,0.8821320959936914,"quality_improvement,growth_confirmation,capital_efficiency,residual_risk",,,,,,,,,,,,,,,,,,,,,,,,,,,,,,,,,,,,,,,,
nasdaq,new,family_subset_results,C:\GoogleDrive\TP\07_backtest_code\runs\ad_hoc\nasdaq_tech_factor_extension_20260710\family_subset_results.csv,NASDAQ COMP,nasdaq_ext_family_subset_9790fba4cbb8,Top,success,Run termine avec succes,2014-01-31,C:\GoogleDrive\TP\07_backtest_code\runs\ad_hoc\nasx_gy_20260710_235429_s05\official_runs\2026-07-11_000352_research_NASDAQ-COMP_nasdaq_ext_subset_quality_improvement_growth_confirmation_capital_efficiency_Top_2014-01-31,quality_improvement + growth_confirmation + capital_efficiency,family_subset,family_subset,,0.916556202116426,40795.0,2014-01-31,2026-06-30,485.6547619047619,"validated theme subset: quality_improvement, growth_confirmation, capital_efficiency",3184.0,69.78,0.1945330966324603,True,0.2469991144994103,0.2713269937291053,0.9103374165049568,-0.3844609617562056,0.329460570562861,0.0232162892493412,-0.3774701197643491,0.1267413611484727,0.2716116290339401,-0.1342431102518789,0.6666666666666666,C:\GoogleDrive\TP\07_backtest_code\runs\ad_hoc\nasx_gy_20260710_235429_s05\official_runs\2026-07-11_000352_research_NASDAQ-COMP_nasdaq_ext_subset_quality_improvement_growth_confirmation_capital_efficiency_Top_2014-01-31\perf_ptf.parquet,C:\GoogleDrive\TP\07_backtest_code\runs\ad_hoc\nasx_gy_20260710_235429_s05\official_runs\2026-07-11_000352_research_NASDAQ-COMP_nasdaq_ext_subset_quality_improvement_growth_confirmation_capital_efficiency_Top_2014-01-31\perf_bench.parquet,3.127872037876076,-0.3309793800145283,-0.6779307695674326,0.877471878571849,"quality_improvement,growth_confirmation,capital_efficiency",,,,,,,,,,,,,,,,,,,,,,,,,,,,,,,,,,,,,,,,
nasdaq,new,family_subset_results,C:\GoogleDrive\TP\07_backtest_code\runs\ad_hoc\nasdaq_tech_factor_extension_20260710\family_subset_results.csv,NASDAQ COMP,nasdaq_ext_family_subset_e8e7435b064b,Top,success,Run termine avec succes,2014-03-31,C:\GoogleDrive\TP\07_backtest_code\runs\ad_hoc\nasx_gy_20260710_235429_s04\official_runs\2026-07-10_235839_research_NASDAQ-COMP_nasdaq_ext_subset_revision_quality_improvement_earnings_yield_improvement_Top_2014-03-31,revision + quality_improvement + earnings_yield_improvement,family_subset,family_subset,,0.8615336224134444,38346.0,2014-03-31,2026-06-30,456.5,"validated theme subset: revision, quality_improvement, earnings_yield_improvement",3142.0,70.47972972972973,0.2282913124938785,True,0.2521678409329579,0.2744201688539752,0.9189114706329834,-0.4084058033476716,0.4179422323430215,0.0289189208008475,-0.3758664648348188,0.1192371903508686,0.3395634187606612,-0.0985426171384563,0.5833333333333334,C:\GoogleDrive\TP\07_backtest_code\runs\ad_hoc\nasx_gy_20260710_235429_s04\official_runs\2026-07-10_235839_research_NASDAQ-COMP_nasdaq_ext_subset_revision_quality_improvement_earnings_yield_improvement_Top_2014-03-31\perf_ptf.parquet,C:\GoogleDrive\TP\07_backtest_code\runs\ad_hoc\nasx_gy_20260710_235429_s04\official_runs\2026-07-10_235839_research_NASDAQ-COMP_nasdaq_ext_subset_revision_quality_improvement_earnings_yield_improvement_Top_2014-03-31\perf_bench.parquet,2.8377784630555425,-0.2440855667402224,-0.6305304628724995,0.8673187267118302,"revision,quality_improvement,earnings_yield_improvement",,,,,,,,,,,,,,,,,,,,,,,,,,,,,,,,,,,,,,,,
nasdaq,new,family_subset_results,C:\GoogleDrive\TP\07_backtest_code\runs\ad_hoc\nasdaq_tech_factor_extension_20260710\family_subset_results.csv,NASDAQ COMP,nasdaq_ext_family_subset_524094742595,Top,success,Run termine avec succes,2013-12-31,C:\GoogleDrive\TP\07_backtest_code\runs\ad_hoc\nasx_gy_20260711_002100_s02\official_runs\2026-07-11_003000_research_NASDAQ-COMP_nasdaq_ext_family_subset_524094742595_Top_2013-12-31,revision + earnings_yield_improvement + growth_confirmation + intangible_investment + residual_risk,family_subset,family_subset,,0.9509762070592463,42327.0,2013-12-31,2026-06-30,503.8928571428572,"validated theme subset: revision, earnings_yield_improvement, growth_confirmation, intangible_investment, residual_risk",3206.0,69.43708609271523,0.1979363502135711,True,0.253767757593111,0.2710035191994822,0.936400229571616,-0.3915331407453712,0.4782419510626079,0.0317737554926775,-0.2981950954645965,0.1096106831733419,0.3883905790087449,-0.0946586244452719,0.6666666666666666,C:\GoogleDrive\TP\07_backtest_code\runs\ad_hoc\nasx_gy_20260711_002100_s02\official_runs\2026-07-11_003000_research_NASDAQ-COMP_nasdaq_ext_family_subset_524094742595_Top_2013-12-31\perf_ptf.parquet,C:\GoogleDrive\TP\07_backtest_code\runs\ad_hoc\nasx_gy_20260711_002100_s02\official_runs\2026-07-11_003000_research_NASDAQ-COMP_nasdaq_ext_family_subset_524094742595_Top_2013-12-31\perf_bench.parquet,2.3745977378443985,-0.3085406078693161,-0.5619501742430288,0.8648813214370003,"revision,earnings_yield_improvement,growth_confirmation,intangible_investment,residual_risk",,,,,,,,,,,,,,,,,,,,,,,,,,,,,,,,,,,,,,,,
nasdaq,new,family_subset_results,C:\GoogleDrive\TP\07_backtest_code\runs\ad_hoc\nasdaq_tech_factor_extension_20260710\family_subset_results.csv,NASDAQ COMP,nasdaq_ext_subset_revision_quality_improvement,Top,success,Run termine avec succes,2014-01-31,C:\GoogleDrive\TP\07_backtest_code\runs\ad_hoc\nasx_gy_20260710_234950_s03\official_runs\2026-07-10_235148_research_NASDAQ-COMP_nasdaq_ext_subset_revision_quality_improvement_Top_2014-01-31,revision + quality_improvement,family_subset,family_subset,,0.9221281089217912,41043.0,2014-01-31,2026-06-30,488.6071428571428,"validated theme subset: revision, quality_improvement",3184.0,69.78,0.2320305467395979,True,0.2453590930529532,0.2645429601803139,0.9274829800260612,-0.3763879397495485,0.3079276362264362,0.021870581269904,-0.4114894444031219,0.1250113998153023,0.2501160128929712,-0.1437954221803205,0.6666666666666666,C:\GoogleDrive\TP\07_backtest_code\runs\ad_hoc\nasx_gy_20260710_234950_s03\official_runs\2026-07-10_235148_research_NASDAQ-COMP_nasdaq_ext_subset_revision_quality_improvement_Top_2014-01-31\perf_ptf.parquet,C:\GoogleDrive\TP\07_backtest_code\runs\ad_hoc\nasx_gy_20260710_234950_s03\official_runs\2026-07-10_235148_research_NASDAQ-COMP_nasdaq_ext_subset_revision_quality_improvement_Top_2014-01-31\perf_bench.parquet,3.2826336421358078,-0.3604504720393099,-0.6945973563187733,0.8574587464924733,"revision,quality_improvement",,,,,,,,,,,,,,,,,,,,,,,,,,,,,,,,,,,,,,,,
nasdaq,new,family_subset_results,C:\GoogleDrive\TP\07_backtest_code\runs\ad_hoc\nasdaq_tech_factor_extension_20260710\family_subset_results.csv,NASDAQ COMP,nasdaq_ext_family_subset_cec088edde3e,Top,success,Run termine avec succes,2014-03-31,C:\GoogleDrive\TP\07_backtest_code\runs\ad_hoc\nasx_gy_20260711_002100_s03\official_runs\2026-07-11_002251_research_NASDAQ-COMP_nasdaq_ext_family_subset_cec088edde3e_Top_2014-03-31,quality_improvement + earnings_yield_improvement + capital_efficiency + residual_risk,family_subset,family_subset,,0.8838661843672067,39340.0,2014-03-31,2026-06-30,468.3333333333333,"validated theme subset: quality_improvement, earnings_yield_improvement, capital_efficiency, residual_risk",3142.0,70.47972972972973,0.228450075157128,True,0.2542019302754081,0.2677647996331033,0.9493478254935704,-0.3591642423807907,0.4464159218822316,0.0305903524912565,-0.2921796719649343,0.112275202144208,0.3587285034425805,-0.0797978954891041,0.6666666666666666,C:\GoogleDrive\TP\07_backtest_code\runs\ad_hoc\nasx_gy_20260711_002100_s03\official_runs\2026-07-11_002251_research_NASDAQ-COMP_nasdaq_ext_family_subset_cec088edde3e_Top_2014-03-31\perf_ptf.parquet,C:\GoogleDrive\TP\07_backtest_code\runs\ad_hoc\nasx_gy_20260711_002100_s03\official_runs\2026-07-11_002251_research_NASDAQ-COMP_nasdaq_ext_family_subset_cec088edde3e_Top_2014-03-31\perf_bench.parquet,2.353745702126013,-0.2615902646464846,-0.5687162801385577,0.8468563313820574,"quality_improvement,earnings_yield_improvement,capital_efficiency,residual_risk",,,,,,,,,,,,,,,,,,,,,,,,,,,,,,,,,,,,,,,,
nasdaq,new,family_subset_results,C:\GoogleDrive\TP\07_backtest_code\runs\ad_hoc\nasdaq_tech_factor_extension_20260710\family_subset_results.csv,NASDAQ COMP,nasdaq_ext_family_subset_6b42bd988460,Top,success,Run termine avec succes,2013-12-31,C:\GoogleDrive\TP\07_backtest_code\runs\ad_hoc\nasx_gy_20260711_002100_s02\official_runs\2026-07-11_002841_research_NASDAQ-COMP_nasdaq_ext_family_subset_6b42bd988460_Top_2013-12-31,revision + quality_improvement + growth_confirmation + intangible_investment + residual_risk,family_subset,family_subset,,0.9529982700128063,42417.0,2013-12-31,2026-06-30,504.9642857142857,"validated theme subset: revision, quality_improvement, growth_confirmation, intangible_investment, residual_risk",3206.0,69.43708609271523,0.1947959256103835,True,0.2390980767981194,0.2680803837101835,0.891889490342582,-0.3971136099587669,0.2760731939560159,0.0197015104105549,-0.3469561376663364,0.1211628565984999,0.2493964964471601,-0.1142124578738065,0.75,C:\GoogleDrive\TP\07_backtest_code\runs\ad_hoc\nasx_gy_20260711_002100_s02\official_runs\2026-07-11_002841_research_NASDAQ-COMP_nasdaq_ext_family_subset_6b42bd988460_Top_2013-12-31\perf_ptf.parquet,C:\GoogleDrive\TP\07_backtest_code\runs\ad_hoc\nasx_gy_20260711_002100_s02\official_runs\2026-07-11_002841_research_NASDAQ-COMP_nasdaq_ext_family_subset_6b42bd988460_Top_2013-12-31\perf_bench.parquet,2.996103531016941,-0.3130065109698839,-0.6806706372716833,0.8448373696595071,"revision,quality_improvement,growth_confirmation,intangible_investment,residual_risk",,,,,,,,,,,,,,,,,,,,,,,,,,,,,,,,,,,,,,,,
nasdaq,new,family_subset_results,C:\GoogleDrive\TP\07_backtest_code\runs\ad_hoc\nasdaq_tech_factor_extension_20260710\family_subset_results.csv,NASDAQ COMP,nasdaq_ext_family_subset_727aa382faa2,Top,success,Run termine avec succes,2013-12-31,C:\GoogleDrive\TP\07_backtest_code\runs\ad_hoc\nasx_gy_20260711_002100_s03\official_runs\2026-07-11_003042_research_NASDAQ-COMP_nasdaq_ext_family_subset_727aa382faa2_Top_2013-12-31,revision + earnings_yield_improvement + capital_efficiency + intangible_investment + residual_risk,family_subset,family_subset,,0.9508638702284932,42322.0,2013-12-31,2026-06-30,503.8333333333333,"validated theme subset: revision, earnings_yield_improvement, capital_efficiency, intangible_investment, residual_risk",3206.0,69.43708609271523,0.2008810815740832,True,0.2545333166543058,0.270205699761608,0.941998325271712,-0.3915331407453715,0.4895604108501221,0.0324037635167606,-0.2863908326226322,0.1090493820410866,0.3939307297131325,-0.0875450217754461,0.6666666666666666,C:\GoogleDrive\TP\07_backtest_code\runs\ad_hoc\nasx_gy_20260711_002100_s03\official_runs\2026-07-11_003042_research_NASDAQ-COMP_nasdaq_ext_family_subset_727aa382faa2_Top_2013-12-31\perf_ptf.parquet,C:\GoogleDrive\TP\07_backtest_code\runs\ad_hoc\nasx_gy_20260711_002100_s03\official_runs\2026-07-11_003042_research_NASDAQ-COMP_nasdaq_ext_family_subset_727aa382faa2_Top_2013-12-31\perf_bench.parquet,2.2355850300438025,-0.2912043666122389,-0.5396318140246937,0.8379768568102262,"revision,earnings_yield_improvement,capital_efficiency,intangible_investment,residual_risk",,,,,,,,,,,,,,,,,,,,,,,,,,,,,,,,,,,,,,,,
nasdaq,new,family_subset_results,C:\GoogleDrive\TP\07_backtest_code\runs\ad_hoc\nasdaq_tech_factor_extension_20260710\family_subset_results.csv,NASDAQ COMP,nasdaq_ext_family_subset_37cd718121ba,Top,success,Run termine avec succes,2013-12-31,C:\GoogleDrive\TP\07_backtest_code\runs\ad_hoc\nasx_gy_20260710_235429_s04\official_runs\2026-07-11_001214_research_NASDAQ-COMP_nasdaq_ext_subset_revision_earnings_yield_improvement_capital_efficiency_intangible_investment_Top_2013-12-31,revision + earnings_yield_improvement + capital_efficiency + intangible_investment,family_subset,family_subset,,0.9507740007638904,42318.0,2013-12-31,2026-06-30,503.7857142857143,"validated theme subset: revision, earnings_yield_improvement, capital_efficiency, intangible_investment",3206.0,69.43708609271523,0.2033005944489077,True,0.2609386796616992,0.2718226682665321,0.9599592312361502,-0.3915331407453717,0.5874329000712124,0.0376749833303244,-0.2805431998588966,0.1105588193082513,0.4378326450106786,-0.0894953017292599,0.6666666666666666,C:\GoogleDrive\TP\07_backtest_code\runs\ad_hoc\nasx_gy_20260710_235429_s04\official_runs\2026-07-11_001214_research_NASDAQ-COMP_nasdaq_ext_subset_revision_earnings_yield_improvement_capital_efficiency_intangible_investment_Top_2013-12-31\perf_ptf.parquet,C:\GoogleDrive\TP\07_backtest_code\runs\ad_hoc\nasx_gy_20260710_235429_s04\official_runs\2026-07-11_001214_research_NASDAQ-COMP_nasdaq_ext_subset_revision_earnings_yield_improvement_capital_efficiency_intangible_investment_Top_2013-12-31\perf_bench.parquet,1.9986732852411075,-0.2617868400590146,-0.4706215885924447,0.8256290219364616,"revision,earnings_yield_improvement,capital_efficiency,intangible_investment",,,,,,,,,,,,,,,,,,,,,,,,,,,,,,,,,,,,,,,,
nasdaq,new,family_subset_results,C:\GoogleDrive\TP\07_backtest_code\runs\ad_hoc\nasdaq_tech_factor_extension_20260710\family_subset_results.csv,NASDAQ COMP,nasdaq_ext_family_subset_ca3a9b363764,Top,success,Run termine avec succes,2014-03-31,C:\GoogleDrive\TP\07_backtest_code\runs\ad_hoc\nasx_gy_20260710_235429_s01\official_runs\2026-07-11_000352_research_NASDAQ-COMP_nasdaq_ext_subset_quality_improvement_earnings_yield_improvement_growth_confirmation_Top_2014-03-31,quality_improvement + earnings_yield_improvement + growth_confirmation,family_subset,family_subset,,0.8587252016446112,38221.0,2014-03-31,2026-06-30,455.0119047619048,"validated theme subset: quality_improvement, earnings_yield_improvement, growth_confirmation",3142.0,70.47972972972973,0.2326263531137422,True,0.2566450077061051,0.272500844963345,0.9418136216811632,-0.3651175394252606,0.4813084559042568,0.0325978538111695,-0.32587062942655,0.1183823774609288,0.3672314249739402,-0.0918220014134545,0.6666666666666666,C:\GoogleDrive\TP\07_backtest_code\runs\ad_hoc\nasx_gy_20260710_235429_s01\official_runs\2026-07-11_000352_research_NASDAQ-COMP_nasdaq_ext_subset_quality_improvement_earnings_yield_improvement_growth_confirmation_Top_2014-03-31\perf_ptf.parquet,C:\GoogleDrive\TP\07_backtest_code\runs\ad_hoc\nasx_gy_20260710_235429_s01\official_runs\2026-07-11_000352_research_NASDAQ-COMP_nasdaq_ext_subset_quality_improvement_earnings_yield_improvement_growth_confirmation_Top_2014-03-31\perf_bench.parquet,2.313192458179108,-0.2955545680956751,-0.5529060039215571,0.7759590472663275,"quality_improvement,earnings_yield_improvement,growth_confirmation",,,,,,,,,,,,,,,,,,,,,,,,,,,,,,,,,,,,,,,,
nasdaq,new,family_subset_results,C:\GoogleDrive\TP\07_backtest_code\runs\ad_hoc\nasdaq_tech_factor_extension_20260710\family_subset_results.csv,NASDAQ COMP,nasdaq_ext_family_subset_283d58810532,Top,success,Run termine avec succes,2013-12-31,C:\GoogleDrive\TP\07_backtest_code\runs\ad_hoc\nasx_gy_20260710_235429_s01\official_runs\2026-07-11_001039_research_NASDAQ-COMP_nasdaq_ext_subset_revision_quality_improvement_growth_confirmation_capital_efficiency_Top_2013-12-31,revision + quality_improvement + growth_confirmation + capital_efficiency,family_subset,family_subset,,0.9572895369475836,42608.0,2013-12-31,2026-06-30,507.2380952380952,"validated theme subset: revision, quality_improvement, growth_confirmation, capital_efficiency",3206.0,69.43708609271523,0.1937317266549622,True,0.2437681507030147,0.2721415040251622,0.8957404405337448,-0.4000208888201523,0.3374888669397793,0.0235446940162111,-0.3552319680554243,0.1247470224977707,0.2807550469240477,-0.1144131741866394,0.6666666666666666,C:\GoogleDrive\TP\07_backtest_code\runs\ad_hoc\nasx_gy_20260710_235429_s01\official_runs\2026-07-11_001039_research_NASDAQ-COMP_nasdaq_ext_subset_revision_quality_improvement_growth_confirmation_capital_efficiency_Top_2013-12-31\perf_ptf.parquet,C:\GoogleDrive\TP\07_backtest_code\runs\ad_hoc\nasx_gy_20260710_235429_s01\official_runs\2026-07-11_001039_research_NASDAQ-COMP_nasdaq_ext_subset_revision_quality_improvement_growth_confirmation_capital_efficiency_Top_2013-12-31\perf_bench.parquet,2.7441345270772737,-0.3146065179679758,-0.6427775612048205,0.7599319976831573,"revision,quality_improvement,growth_confirmation,capital_efficiency",,,,,,,,,,,,,,,,,,,,,,,,,,,,,,,,,,,,,,,,
nasdaq,new,family_subset_results,C:\GoogleDrive\TP\07_backtest_code\runs\ad_hoc\nasdaq_tech_factor_extension_20260710\family_subset_results.csv,NASDAQ COMP,nasdaq_ext_family_subset_de1b64a8ee1d,Top,success,Run termine avec succes,2013-12-31,C:\GoogleDrive\TP\07_backtest_code\runs\ad_hoc\nasx_gy_20260711_002100_s03\official_runs\2026-07-11_003441_research_NASDAQ-COMP_nasdaq_ext_family_subset_de1b64a8ee1d_Top_2013-12-31,revision + quality_improvement + growth_confirmation + capital_efficiency + intangible_investment + residual_risk,family_subset,family_subset,,0.9615134017839088,42796.0,2013-12-31,2026-06-30,509.4761904761905,"validated theme subset: revision, quality_improvement, growth_confirmation, capital_efficiency, intangible_investment, residual_risk",3206.0,69.43708609271523,0.1821550481949762,True,0.2440905263686672,0.269244148834138,0.9065769021373752,-0.3971136099587671,0.341827126333087,0.0238099893623511,-0.3397897001204514,0.1223247888270996,0.2819096514437421,-0.1142124578738064,0.6666666666666666,C:\GoogleDrive\TP\07_backtest_code\runs\ad_hoc\nasx_gy_20260711_002100_s03\official_runs\2026-07-11_003441_research_NASDAQ-COMP_nasdaq_ext_family_subset_de1b64a8ee1d_Top_2013-12-31\perf_ptf.parquet,C:\GoogleDrive\TP\07_backtest_code\runs\ad_hoc\nasx_gy_20260711_002100_s03\official_runs\2026-07-11_003441_research_NASDAQ-COMP_nasdaq_ext_family_subset_de1b64a8ee1d_Top_2013-12-31\perf_bench.parquet,2.62811207781991,-0.3130065109698832,-0.6301583033952536,0.7397665183012331,"revision,quality_improvement,growth_confirmation,capital_efficiency,intangible_investment,residual_risk",,,,,,,,,,,,,,,,,,,,,,,,,,,,,,,,,,,,,,,,
nasdaq,new,family_subset_results,C:\GoogleDrive\TP\07_backtest_code\runs\ad_hoc\nasdaq_tech_factor_extension_20260710\family_subset_results.csv,NASDAQ COMP,nasdaq_ext_family_subset_cd959f484f0b,Top,success,Run termine avec succes,2013-12-31,C:\GoogleDrive\TP\07_backtest_code\runs\ad_hoc\nasx_gy_20260710_235429_s02\official_runs\2026-07-11_001212_research_NASDAQ-COMP_nasdaq_ext_subset_revision_earnings_yield_improvement_growth_confirmation_intangible_investment_Top_2013-12-31,revision + earnings_yield_improvement + growth_confirmation + intangible_investment,family_subset,family_subset,,0.9509312723269452,42325.0,2013-12-31,2026-06-30,503.8690476190476,"validated theme subset: revision, earnings_yield_improvement, growth_confirmation, intangible_investment",3206.0,69.43708609271523,0.2029294320553228,True,0.2584856486772149,0.2716759593142819,0.9514483700716112,-0.3768929824432629,0.549272790914686,0.0356562896959784,-0.3024220090278403,0.1162196146344218,0.3996478364188793,-0.089628374943715,0.6666666666666666,C:\GoogleDrive\TP\07_backtest_code\runs\ad_hoc\nasx_gy_20260710_235429_s02\official_runs\2026-07-11_001212_research_NASDAQ-COMP_nasdaq_ext_subset_revision_earnings_yield_improvement_growth_confirmation_intangible_investment_Top_2013-12-31\perf_ptf.parquet,C:\GoogleDrive\TP\07_backtest_code\runs\ad_hoc\nasx_gy_20260710_235429_s02\official_runs\2026-07-11_001212_research_NASDAQ-COMP_nasdaq_ext_subset_revision_earnings_yield_improvement_growth_confirmation_intangible_investment_Top_2013-12-31\perf_bench.parquet,1.9909335626846607,-0.3325441769044511,-0.4820102959679054,0.734047564623199,"revision,earnings_yield_improvement,growth_confirmation,intangible_investment",,,,,,,,,,,,,,,,,,,,,,,,,,,,,,,,,,,,,,,,
nasdaq,new,family_subset_results,C:\GoogleDrive\TP\07_backtest_code\runs\ad_hoc\nasdaq_tech_factor_extension_20260710\family_subset_results.csv,NASDAQ COMP,nasdaq_ext_family_subset_80bd0f78ca79,Top,success,Run termine avec succes,2014-01-31,C:\GoogleDrive\TP\07_backtest_code\runs\ad_hoc\nasx_gy_20260710_235429_s00\official_runs\2026-07-11_001211_research_NASDAQ-COMP_nasdaq_ext_subset_revision_quality_improvement_intangible_investment_residual_risk_Top_2014-01-31,revision + quality_improvement + intangible_investment + residual_risk,family_subset,family_subset,,0.9015704688939316,40128.0,2014-01-31,2026-06-30,477.7142857142857,"validated theme subset: revision, quality_improvement, intangible_investment, residual_risk",3184.0,69.78,0.2062511868149592,True,0.2405396913052988,0.266013006686505,0.9042403388522036,-0.3983395481289028,0.246492271333617,0.0179160553080981,-0.3317590854356612,0.1180504769485994,0.2362526584729381,-0.1108468191317764,0.6666666666666666,C:\GoogleDrive\TP\07_backtest_code\runs\ad_hoc\nasx_gy_20260710_235429_s00\official_runs\2026-07-11_001211_research_NASDAQ-COMP_nasdaq_ext_subset_revision_quality_improvement_intangible_investment_residual_risk_Top_2014-01-31\perf_ptf.parquet,C:\GoogleDrive\TP\07_backtest_code\runs\ad_hoc\nasx_gy_20260710_235429_s00\official_runs\2026-07-11_001211_research_NASDAQ-COMP_nasdaq_ext_subset_revision_quality_improvement_intangible_investment_residual_risk_Top_2014-01-31\perf_bench.parquet,2.7561758202059985,-0.3105680040539348,-0.6681485822287051,0.7321647144849179,"revision,quality_improvement,intangible_investment,residual_risk",,,,,,,,,,,,,,,,,,,,,,,,,,,,,,,,,,,,,,,,
nasdaq,new,family_subset_results,C:\GoogleDrive\TP\07_backtest_code\runs\ad_hoc\nasdaq_tech_factor_extension_20260710\family_subset_results.csv,NASDAQ COMP,nasdaq_ext_family_subset_51b25f2fe885,Top,success,Run termine avec succes,2013-12-31,C:\GoogleDrive\TP\07_backtest_code\runs\ad_hoc\nasx_gy_20260711_002100_s03\official_runs\2026-07-11_002924_research_NASDAQ-COMP_nasdaq_ext_family_subset_51b25f2fe885_Top_2013-12-31,revision + quality_improvement + capital_efficiency + intangible_investment + residual_risk,family_subset,family_subset,,0.9529084005482036,42413.0,2013-12-31,2026-06-30,504.9166666666667,"validated theme subset: revision, quality_improvement, capital_efficiency, intangible_investment, residual_risk",3206.0,69.43708609271523,0.2001959159725681,True,0.2386407459574724,0.268296115222139,0.8894677649726198,-0.3987831297600467,0.2702005361007988,0.0193251552553843,-0.3361232006361797,0.120571088217846,0.248114197318961,-0.1114668433364551,0.75,C:\GoogleDrive\TP\07_backtest_code\runs\ad_hoc\nasx_gy_20260711_002100_s03\official_runs\2026-07-11_002924_research_NASDAQ-COMP_nasdaq_ext_family_subset_51b25f2fe885_Top_2013-12-31\perf_ptf.parquet,C:\GoogleDrive\TP\07_backtest_code\runs\ad_hoc\nasx_gy_20260711_002100_s03\official_runs\2026-07-11_002924_research_NASDAQ-COMP_nasdaq_ext_family_subset_51b25f2fe885_Top_2013-12-31\perf_bench.parquet,2.689936113729298,-0.3060129851283764,-0.6557662525985989,0.7108842601387871,"revision,quality_improvement,capital_efficiency,intangible_investment,residual_risk",,,,,,,,,,,,,,,,,,,,,,,,,,,,,,,,,,,,,,,,
nasdaq,new,family_subset_results,C:\GoogleDrive\TP\07_backtest_code\runs\ad_hoc\nasdaq_tech_factor_extension_20260710\family_subset_results.csv,NASDAQ COMP,nasdaq_ext_family_subset_fb4aa8fce5e4,Top,success,Run termine avec succes,2013-12-31,C:\GoogleDrive\TP\07_backtest_code\runs\ad_hoc\nasx_gy_20260711_002100_s00\official_runs\2026-07-11_003403_research_NASDAQ-COMP_nasdaq_ext_family_subset_fb4aa8fce5e4_Top_2013-12-31,revision + quality_improvement + earnings_yield_improvement + growth_confirmation + capital_efficiency + residual_risk,family_subset,family_subset,,0.9606371745040329,42757.0,2013-12-31,2026-06-30,509.0119047619048,"validated theme subset: revision, quality_improvement, earnings_yield_improvement, growth_confirmation, capital_efficiency, residual_risk",3206.0,69.43708609271523,0.1974299601504197,True,0.2421137541975144,0.2718745823462632,0.8905347168098082,-0.398129443103371,0.3154277158230858,0.0221832274405904,-0.3816801904124393,0.1250442279344938,0.2690796981834818,-0.1166437114591371,0.6666666666666666,C:\GoogleDrive\TP\07_backtest_code\runs\ad_hoc\nasx_gy_20260711_002100_s00\official_runs\2026-07-11_003403_research_NASDAQ-COMP_nasdaq_ext_family_subset_fb4aa8fce5e4_Top_2013-12-31\perf_ptf.parquet,C:\GoogleDrive\TP\07_backtest_code\runs\ad_hoc\nasx_gy_20260711_002100_s00\official_runs\2026-07-11_003403_research_NASDAQ-COMP_nasdaq_ext_family_subset_fb4aa8fce5e4_Top_2013-12-31\perf_bench.parquet,2.788043349197721,-0.3336875627800076,-0.652742169357253,0.7044010702034366,"revision,quality_improvement,earnings_yield_improvement,growth_confirmation,capital_efficiency,residual_risk",,,,,,,,,,,,,,,,,,,,,,,,,,,,,,,,,,,,,,,,
nasdaq,new,family_subset_results,C:\GoogleDrive\TP\07_backtest_code\runs\ad_hoc\nasdaq_tech_factor_extension_20260710\family_subset_results.csv,NASDAQ COMP,nasdaq_ext_family_subset_8256516c7f2e,Top,success,Run termine avec succes,2013-12-31,C:\GoogleDrive\TP\07_backtest_code\runs\ad_hoc\nasx_gy_20260711_002100_s00\official_runs\2026-07-11_003003_research_NASDAQ-COMP_nasdaq_ext_family_subset_8256516c7f2e_Top_2013-12-31,revision + earnings_yield_improvement + growth_confirmation + capital_efficiency + intangible_investment,family_subset,family_subset,,0.9593790019995956,42701.0,2013-12-31,2026-06-30,508.3452380952381,"validated theme subset: revision, earnings_yield_improvement, growth_confirmation, capital_efficiency, intangible_investment",3206.0,69.43708609271523,0.1944400597716483,True,0.2564295477308891,0.2786231675680624,0.920345389685688,-0.3927693564276813,0.5179395490855319,0.033964245071115,-0.3510013609610459,0.1214549828995055,0.3850546257949613,-0.1081191546899152,0.6666666666666666,C:\GoogleDrive\TP\07_backtest_code\runs\ad_hoc\nasx_gy_20260711_002100_s00\official_runs\2026-07-11_003003_research_NASDAQ-COMP_nasdaq_ext_family_subset_8256516c7f2e_Top_2013-12-31\perf_ptf.parquet,C:\GoogleDrive\TP\07_backtest_code\runs\ad_hoc\nasx_gy_20260711_002100_s00\official_runs\2026-07-11_003003_research_NASDAQ-COMP_nasdaq_ext_family_subset_8256516c7f2e_Top_2013-12-31\perf_bench.parquet,2.231638166120389,-0.3666189959270051,-0.5302879001123346,0.7021817726342136,"revision,earnings_yield_improvement,growth_confirmation,capital_efficiency,intangible_investment",,,,,,,,,,,,,,,,,,,,,,,,,,,,,,,,,,,,,,,,
nasdaq,new,family_subset_results,C:\GoogleDrive\TP\07_backtest_code\runs\ad_hoc\nasdaq_tech_factor_extension_20260710\family_subset_results.csv,NASDAQ COMP,nasdaq_ext_family_subset_024d487a1295,Top,success,Run termine avec succes,2014-03-31,C:\GoogleDrive\TP\07_backtest_code\runs\ad_hoc\nasx_gy_20260710_235429_s03\official_runs\2026-07-11_000349_research_NASDAQ-COMP_nasdaq_ext_subset_quality_improvement_earnings_yield_improvement_intangible_investment_Top_2014-03-31,quality_improvement + earnings_yield_improvement + intangible_investment,family_subset,family_subset,,0.8375609427306837,37279.0,2014-03-31,2026-06-30,443.79761904761904,"validated theme subset: quality_improvement, earnings_yield_improvement, intangible_investment",3142.0,70.47972972972973,0.2420063529547361,True,0.2590298685831238,0.2660098983561642,0.9737602629970756,-0.3616674242235317,0.5161135484699855,0.0345575180028436,-0.305016322562465,0.1149992333926478,0.3789593556768492,-0.0845254809040698,0.6666666666666666,C:\GoogleDrive\TP\07_backtest_code\runs\ad_hoc\nasx_gy_20260710_235429_s03\official_runs\2026-07-11_000349_research_NASDAQ-COMP_nasdaq_ext_subset_quality_improvement_earnings_yield_improvement_intangible_investment_Top_2014-03-31\perf_ptf.parquet,C:\GoogleDrive\TP\07_backtest_code\runs\ad_hoc\nasx_gy_20260710_235429_s03\official_runs\2026-07-11_000349_research_NASDAQ-COMP_nasdaq_ext_subset_quality_improvement_earnings_yield_improvement_intangible_investment_Top_2014-03-31\perf_bench.parquet,1.966903795295353,-0.3196511196389074,-0.4889913347126048,0.6900080866960142,"quality_improvement,earnings_yield_improvement,intangible_investment",,,,,,,,,,,,,,,,,,,,,,,,,,,,,,,,,,,,,,,,
nasdaq,new,family_subset_results,C:\GoogleDrive\TP\07_backtest_code\runs\ad_hoc\nasdaq_tech_factor_extension_20260710\family_subset_results.csv,NASDAQ COMP,nasdaq_ext_family_subset_4ba80f7df35b,Top,success,Run termine avec succes,2014-01-31,C:\GoogleDrive\TP\07_backtest_code\runs\ad_hoc\nasx_gy_20260711_002100_s02\official_runs\2026-07-11_003119_research_NASDAQ-COMP_nasdaq_ext_family_subset_4ba80f7df35b_Top_2014-01-31,quality_improvement + earnings_yield_improvement + growth_confirmation + capital_efficiency + residual_risk,family_subset,family_subset,,0.9307780448897977,41428.0,2014-01-31,2026-06-30,493.1904761904762,"validated theme subset: quality_improvement, earnings_yield_improvement, growth_confirmation, capital_efficiency, residual_risk",3184.0,69.78,0.2119125371346099,True,0.2532250501538453,0.2707156110376086,0.935391384276936,-0.3817870421890524,0.4142066300782625,0.0283249366440057,-0.3334406224199109,0.1217767347610213,0.3214524199911007,-0.0960916486026509,0.6666666666666666,C:\GoogleDrive\TP\07_backtest_code\runs\ad_hoc\nasx_gy_20260711_002100_s02\official_runs\2026-07-11_003119_research_NASDAQ-COMP_nasdaq_ext_family_subset_4ba80f7df35b_Top_2014-01-31\perf_ptf.parquet,C:\GoogleDrive\TP\07_backtest_code\runs\ad_hoc\nasx_gy_20260711_002100_s02\official_runs\2026-07-11_003119_research_NASDAQ-COMP_nasdaq_ext_family_subset_4ba80f7df35b_Top_2014-01-31\perf_bench.parquet,2.3100907946655944,-0.3147280416889441,-0.5727589610661619,0.6845023992075656,"quality_improvement,earnings_yield_improvement,growth_confirmation,capital_efficiency,residual_risk",,,,,,,,,,,,,,,,,,,,,,,,,,,,,,,,,,,,,,,,
nasdaq,new,family_subset_results,C:\GoogleDrive\TP\07_backtest_code\runs\ad_hoc\nasdaq_tech_factor_extension_20260710\family_subset_results.csv,NASDAQ COMP,nasdaq_ext_family_subset_5ab821e99238,Top,success,Run termine avec succes,2014-03-31,C:\GoogleDrive\TP\07_backtest_code\runs\ad_hoc\nasx_gy_20260710_235429_s00\official_runs\2026-07-11_001037_research_NASDAQ-COMP_nasdaq_ext_subset_revision_quality_improvement_earnings_yield_improvement_residual_risk_Top_2014-03-31,revision + quality_improvement + earnings_yield_improvement + residual_risk,family_subset,family_subset,,0.8868094093329439,39471.0,2014-03-31,2026-06-30,469.8928571428572,"validated theme subset: revision, quality_improvement, earnings_yield_improvement, residual_risk",3142.0,70.47972972972973,0.2151860806768475,True,0.2477341713805458,0.2679873696450217,0.92442480296253,-0.3774782854843874,0.3576537322313957,0.0252757298947015,-0.3154179401689834,0.1145172374141043,0.3079388970304064,-0.1012598927850171,0.5833333333333334,C:\GoogleDrive\TP\07_backtest_code\runs\ad_hoc\nasx_gy_20260710_235429_s00\official_runs\2026-07-11_001037_research_NASDAQ-COMP_nasdaq_ext_subset_revision_quality_improvement_earnings_yield_improvement_residual_risk_Top_2014-03-31\perf_ptf.parquet,C:\GoogleDrive\TP\07_backtest_code\runs\ad_hoc\nasx_gy_20260710_235429_s00\official_runs\2026-07-11_001037_research_NASDAQ-COMP_nasdaq_ext_subset_revision_quality_improvement_earnings_yield_improvement_residual_risk_Top_2014-03-31\perf_bench.parquet,2.335659204132657,-0.2592392697426148,-0.5929878776137101,0.678870323760636,"revision,quality_improvement,earnings_yield_improvement,residual_risk",,,,,,,,,,,,,,,,,,,,,,,,,,,,,,,,,,,,,,,,
nasdaq,new,family_subset_results,C:\GoogleDrive\TP\07_backtest_code\runs\ad_hoc\nasdaq_tech_factor_extension_20260710\family_subset_results.csv,NASDAQ COMP,nasdaq_ext_family_subset_50bd9c979db7,Top,success,Run termine avec succes,2014-03-31,C:\GoogleDrive\TP\07_backtest_code\runs\ad_hoc\nasx_gy_20260711_001615_s04\official_runs\2026-07-11_001653_research_NASDAQ-COMP_nasdaq_ext_subset_revision_earnings_yield_improvement_capital_efficiency_residual_risk_Top_2014-03-31,revision + earnings_yield_improvement + capital_efficiency + residual_risk,family_subset,family_subset,,0.8967849199038397,39915.0,2014-03-31,2026-06-30,475.1785714285714,"validated theme subset: revision, earnings_yield_improvement, capital_efficiency, residual_risk",3142.0,70.47972972972973,0.2039571569864988,True,0.2561054100886319,0.2729756830303345,0.938198623575464,-0.3929930544422252,0.4735359680967244,0.0321544610166193,-0.2950777217913003,0.1100676508743599,0.3926042006623642,-0.0931338553720757,0.6666666666666666,C:\GoogleDrive\TP\07_backtest_code\runs\ad_hoc\nasx_gy_20260711_001615_s04\official_runs\2026-07-11_001653_research_NASDAQ-COMP_nasdaq_ext_subset_revision_earnings_yield_improvement_capital_efficiency_residual_risk_Top_2014-03-31\perf_ptf.parquet,C:\GoogleDrive\TP\07_backtest_code\runs\ad_hoc\nasx_gy_20260711_001615_s04\official_runs\2026-07-11_001653_research_NASDAQ-COMP_nasdaq_ext_subset_revision_earnings_yield_improvement_capital_efficiency_residual_risk_Top_2014-03-31\perf_bench.parquet,1.959051489349009,-0.2696499885591531,-0.50202422181545,0.6597047629421925,"revision,earnings_yield_improvement,capital_efficiency,residual_risk",,,,,,,,,,,,,,,,,,,,,,,,,,,,,,,,,,,,,,,,
nasdaq,new,family_subset_results,C:\GoogleDrive\TP\07_backtest_code\runs\ad_hoc\nasdaq_tech_factor_extension_20260710\family_subset_results.csv,NASDAQ COMP,nasdaq_ext_family_subset_15dceb9f7045,Top,success,Run termine avec succes,2014-03-31,C:\GoogleDrive\TP\07_backtest_code\runs\ad_hoc\nasx_gy_20260710_235429_s00\official_runs\2026-07-11_001334_research_NASDAQ-COMP_nasdaq_ext_subset_revision_earnings_yield_improvement_intangible_investment_residual_risk_Top_2014-03-31,revision + earnings_yield_improvement + intangible_investment + residual_risk,family_subset,family_subset,,0.8673077355141656,38603.0,2014-03-31,2026-06-30,459.5595238095238,"validated theme subset: revision, earnings_yield_improvement, intangible_investment, residual_risk",3142.0,70.47972972972973,0.2103100208898954,True,0.2502367648310679,0.2702682220092864,0.9258830467403965,-0.3915331407453714,0.3913877693854322,0.0273321361272684,-0.2912299118048846,0.108329801981378,0.3495472886399737,-0.0886435779618043,0.6666666666666666,C:\GoogleDrive\TP\07_backtest_code\runs\ad_hoc\nasx_gy_20260710_235429_s00\official_runs\2026-07-11_001334_research_NASDAQ-COMP_nasdaq_ext_subset_revision_earnings_yield_improvement_intangible_investment_residual_risk_Top_2014-03-31\perf_ptf.parquet,C:\GoogleDrive\TP\07_backtest_code\runs\ad_hoc\nasx_gy_20260710_235429_s00\official_runs\2026-07-11_001334_research_NASDAQ-COMP_nasdaq_ext_subset_revision_earnings_yield_improvement_intangible_investment_residual_risk_Top_2014-03-31\perf_bench.parquet,2.0733956450287367,-0.3085406078693159,-0.5472799697507145,0.6486523883468489,"revision,earnings_yield_improvement,intangible_investment,residual_risk",,,,,,,,,,,,,,,,,,,,,,,,,,,,,,,,,,,,,,,,
nasdaq,new,family_subset_results,C:\GoogleDrive\TP\07_backtest_code\runs\ad_hoc\nasdaq_tech_factor_extension_20260710\family_subset_results.csv,NASDAQ COMP,nasdaq_ext_family_subset_dacb625f4c7c,Top,success,Run termine avec succes,2014-01-31,C:\GoogleDrive\TP\07_backtest_code\runs\ad_hoc\nasx_gy_20260711_002100_s03\official_runs\2026-07-11_002410_research_NASDAQ-COMP_nasdaq_ext_family_subset_dacb625f4c7c_Top_2014-01-31,quality_improvement + growth_confirmation + intangible_investment + residual_risk,family_subset,family_subset,,0.8976611471837157,39954.0,2014-01-31,2026-06-30,475.6428571428572,"validated theme subset: quality_improvement, growth_confirmation, intangible_investment, residual_risk",3184.0,69.78,0.1906114198981353,True,0.2382994893658074,0.268019527274366,0.8891124157601593,-0.3940637339318652,0.218848495246366,0.0160778734769784,-0.3300990059010746,0.1188109796105032,0.2242404754858634,-0.1081283919884157,0.6666666666666666,C:\GoogleDrive\TP\07_backtest_code\runs\ad_hoc\nasx_gy_20260711_002100_s03\official_runs\2026-07-11_002410_research_NASDAQ-COMP_nasdaq_ext_family_subset_dacb625f4c7c_Top_2014-01-31\perf_ptf.parquet,C:\GoogleDrive\TP\07_backtest_code\runs\ad_hoc\nasx_gy_20260711_002100_s03\official_runs\2026-07-11_002410_research_NASDAQ-COMP_nasdaq_ext_family_subset_dacb625f4c7c_Top_2014-01-31\perf_bench.parquet,2.607415167796711,-0.3140890813292131,-0.6621269139945436,0.6354186957436532,"quality_improvement,growth_confirmation,intangible_investment,residual_risk",,,,,,,,,,,,,,,,,,,,,,,,,,,,,,,,,,,,,,,,
nasdaq,new,family_subset_results,C:\GoogleDrive\TP\07_backtest_code\runs\ad_hoc\nasdaq_tech_factor_extension_20260710\family_subset_results.csv,NASDAQ COMP,nasdaq_ext_family_subset_a86c21e2b496,Top,success,Run termine avec succes,2014-03-31,C:\GoogleDrive\TP\07_backtest_code\runs\ad_hoc\nasx_gy_20260711_002100_s01\official_runs\2026-07-11_002211_research_NASDAQ-COMP_nasdaq_ext_family_subset_a86c21e2b496_Top_2014-03-31,quality_improvement + earnings_yield_improvement + growth_confirmation + residual_risk,family_subset,family_subset,,0.8840009885641106,39346.0,2014-03-31,2026-06-30,468.4047619047619,"validated theme subset: quality_improvement, earnings_yield_improvement, growth_confirmation, residual_risk",3142.0,70.47972972972973,0.2170381003395093,True,0.2404069452264934,0.2545686723082049,0.9443697177924312,-0.3406462862547,0.2631565471453512,0.0192548743987848,-0.3615056417898279,0.10010614195822,0.259128857159463,-0.0796238998382102,0.4166666666666667,C:\GoogleDrive\TP\07_backtest_code\runs\ad_hoc\nasx_gy_20260711_002100_s01\official_runs\2026-07-11_002211_research_NASDAQ-COMP_nasdaq_ext_family_subset_a86c21e2b496_Top_2014-03-31\perf_ptf.parquet,C:\GoogleDrive\TP\07_backtest_code\runs\ad_hoc\nasx_gy_20260711_002100_s01\official_runs\2026-07-11_002211_research_NASDAQ-COMP_nasdaq_ext_family_subset_a86c21e2b496_Top_2014-03-31\perf_bench.parquet,2.499948275551757,-0.2192492377954732,-0.6390927957510406,0.6103893595451436,"quality_improvement,earnings_yield_improvement,growth_confirmation,residual_risk",,,,,,,,,,,,,,,,,,,,,,,,,,,,,,,,,,,,,,,,
nasdaq,new,family_subset_results,C:\GoogleDrive\TP\07_backtest_code\runs\ad_hoc\nasdaq_tech_factor_extension_20260710\family_subset_results.csv,NASDAQ COMP,nasdaq_ext_family_subset_642039f1e411,Top,success,Run termine avec succes,2013-12-31,C:\GoogleDrive\TP\07_backtest_code\runs\ad_hoc\nasx_gy_20260710_235429_s02\official_runs\2026-07-11_000205_research_NASDAQ-COMP_nasdaq_ext_subset_revision_growth_confirmation_intangible_investment_Top_2013-12-31,revision + growth_confirmation + intangible_investment,family_subset,family_subset,,0.9167359410456312,40803.0,2013-12-31,2026-06-30,485.75,"validated theme subset: revision, growth_confirmation, intangible_investment",3206.0,69.43708609271523,0.1742403712125677,True,0.244555483880448,0.2732718578674235,0.8949164608054624,-0.3782634327743169,0.3481069348830199,0.0241926207988107,-0.3230468613929628,0.1265832303375393,0.2838107782386892,-0.1142058170418199,0.75,C:\GoogleDrive\TP\07_backtest_code\runs\ad_hoc\nasx_gy_20260710_235429_s02\official_runs\2026-07-11_000205_research_NASDAQ-COMP_nasdaq_ext_subset_revision_growth_confirmation_intangible_investment_Top_2013-12-31\perf_ptf.parquet,C:\GoogleDrive\TP\07_backtest_code\runs\ad_hoc\nasx_gy_20260710_235429_s02\official_runs\2026-07-11_000205_research_NASDAQ-COMP_nasdaq_ext_subset_revision_growth_confirmation_intangible_investment_Top_2013-12-31\perf_bench.parquet,2.2802026174124643,-0.3485389000042014,-0.5890171760345546,0.6013254734239671,"revision,growth_confirmation,intangible_investment",,,,,,,,,,,,,,,,,,,,,,,,,,,,,,,,,,,,,,,,
nasdaq,new,family_subset_results,C:\GoogleDrive\TP\07_backtest_code\runs\ad_hoc\nasdaq_tech_factor_extension_20260710\family_subset_results.csv,NASDAQ COMP,nasdaq_ext_family_subset_270639e163a5,Top,success,Run termine avec succes,2014-01-31,C:\GoogleDrive\TP\07_backtest_code\runs\ad_hoc\nasx_gy_20260711_002100_s00\official_runs\2026-07-11_002212_research_NASDAQ-COMP_nasdaq_ext_family_subset_270639e163a5_Top_2014-01-31,quality_improvement + earnings_yield_improvement + growth_confirmation + intangible_investment,family_subset,family_subset,,0.926239636927363,41226.0,2014-01-31,2026-06-30,490.7857142857143,"validated theme subset: quality_improvement, earnings_yield_improvement, growth_confirmation, intangible_investment",3184.0,69.78,0.222666348882497,True,0.2527219914843259,0.2694199365197399,0.9380226079364749,-0.3635830457731808,0.4071790146814797,0.0279121554165651,-0.3111862025153834,0.1162373828694946,0.3300305622553696,-0.0886036540743059,0.6666666666666666,C:\GoogleDrive\TP\07_backtest_code\runs\ad_hoc\nasx_gy_20260711_002100_s00\official_runs\2026-07-11_002212_research_NASDAQ-COMP_nasdaq_ext_family_subset_270639e163a5_Top_2014-01-31\perf_ptf.parquet,C:\GoogleDrive\TP\07_backtest_code\runs\ad_hoc\nasx_gy_20260711_002100_s00\official_runs\2026-07-11_002212_research_NASDAQ-COMP_nasdaq_ext_family_subset_270639e163a5_Top_2014-01-31\perf_bench.parquet,2.014900956082097,-0.3049807866570021,-0.533258626011341,0.5874160507479609,"quality_improvement,earnings_yield_improvement,growth_confirmation,intangible_investment",,,,,,,,,,,,,,,,,,,,,,,,,,,,,,,,,,,,,,,,
nasdaq,new,family_subset_results,C:\GoogleDrive\TP\07_backtest_code\runs\ad_hoc\nasdaq_tech_factor_extension_20260710\family_subset_results.csv,NASDAQ COMP,nasdaq_ext_family_subset_68e2797a58a3,Top,success,Run termine avec succes,2014-01-31,C:\GoogleDrive\TP\07_backtest_code\runs\ad_hoc\nasx_gy_20260710_235429_s05\official_runs\2026-07-10_235838_research_NASDAQ-COMP_nasdaq_ext_subset_revision_quality_improvement_growth_confirmation_Top_2014-01-31,revision + quality_improvement + growth_confirmation,family_subset,family_subset,,0.9163315284549192,40785.0,2014-01-31,2026-06-30,485.5357142857143,"validated theme subset: revision, quality_improvement, growth_confirmation",3184.0,69.78,0.208002958044923,True,0.2403782014111395,0.2682248870220236,0.8961815739022099,-0.404087064028187,0.2444803939749293,0.0177835459194934,-0.4037792137068858,0.1254621961209199,0.2261099501819766,-0.1460606306626742,0.75,C:\GoogleDrive\TP\07_backtest_code\runs\ad_hoc\nasx_gy_20260710_235429_s05\official_runs\2026-07-10_235838_research_NASDAQ-COMP_nasdaq_ext_subset_revision_quality_improvement_growth_confirmation_Top_2014-01-31\perf_ptf.parquet,C:\GoogleDrive\TP\07_backtest_code\runs\ad_hoc\nasx_gy_20260710_235429_s05\official_runs\2026-07-10_235838_research_NASDAQ-COMP_nasdaq_ext_subset_revision_quality_improvement_growth_confirmation_Top_2014-01-31\perf_bench.parquet,2.816386397549894,-0.3566813323974147,-0.673911322298528,0.5735923385525105,"revision,quality_improvement,growth_confirmation",,,,,,,,,,,,,,,,,,,,,,,,,,,,,,,,,,,,,,,,
nasdaq,new,family_subset_results,C:\GoogleDrive\TP\07_backtest_code\runs\ad_hoc\nasdaq_tech_factor_extension_20260710\family_subset_results.csv,NASDAQ COMP,nasdaq_ext_family_subset_a738ecb04e33,Top,success,Run termine avec succes,2014-01-31,C:\GoogleDrive\TP\07_backtest_code\runs\ad_hoc\nasx_gy_20260710_235429_s03\official_runs\2026-07-11_000858_research_NASDAQ-COMP_nasdaq_ext_subset_revision_quality_improvement_earnings_yield_improvement_growth_confirmation_Top_2014-01-31,revision + quality_improvement + earnings_yield_improvement + growth_confirmation,family_subset,family_subset,,0.9218585005279832,41031.0,2014-01-31,2026-06-30,488.4642857142857,"validated theme subset: revision, quality_improvement, earnings_yield_improvement, growth_confirmation",3184.0,69.78,0.2156330418834952,True,0.2465701912099109,0.2759427204837417,0.8935557016240937,-0.3874244671730564,0.3237976987288342,0.0228643392827767,-0.3624330861243089,0.1221185210401275,0.2893943983700368,-0.1135954237349604,0.6666666666666666,C:\GoogleDrive\TP\07_backtest_code\runs\ad_hoc\nasx_gy_20260710_235429_s03\official_runs\2026-07-11_000858_research_NASDAQ-COMP_nasdaq_ext_subset_revision_quality_improvement_earnings_yield_improvement_growth_confirmation_Top_2014-01-31\perf_ptf.parquet,C:\GoogleDrive\TP\07_backtest_code\runs\ad_hoc\nasx_gy_20260710_235429_s03\official_runs\2026-07-11_000858_research_NASDAQ-COMP_nasdaq_ext_subset_revision_quality_improvement_earnings_yield_improvement_growth_confirmation_Top_2014-01-31\perf_bench.parquet,2.4203100356856617,-0.3439284091634287,-0.6129597361300448,0.5733725995479593,"revision,quality_improvement,earnings_yield_improvement,growth_confirmation",,,,,,,,,,,,,,,,,,,,,,,,,,,,,,,,,,,,,,,,
nasdaq,new,family_subset_results,C:\GoogleDrive\TP\07_backtest_code\runs\ad_hoc\nasdaq_tech_factor_extension_20260710\family_subset_results.csv,NASDAQ COMP,nasdaq_ext_subset_revision_intangible_investment_residual_risk,Top,success,Run termine avec succes,2014-07-31,C:\GoogleDrive\TP\07_backtest_code\runs\ad_hoc\nasx_gy_20260710_235429_s00\official_runs\2026-07-11_000349_research_NASDAQ-COMP_nasdaq_ext_subset_revision_intangible_investment_residual_risk_Top_2014-07-31,revision + intangible_investment + residual_risk,family_subset,family_subset,,0.7672605540452493,34150.0,2014-07-31,2026-06-30,406.54761904761904,"validated theme subset: revision, intangible_investment, residual_risk",3057.0,71.9375,0.1713279428862803,True,0.2429162454674749,0.2630294336710664,0.92353255708734,-0.3723699328611046,0.3260331133114051,0.0239773280580186,-0.2728389428455706,0.1017255069972339,0.3176359220562017,-0.0815609398663967,0.6666666666666666,C:\GoogleDrive\TP\07_backtest_code\runs\ad_hoc\nasx_gy_20260710_235429_s00\official_runs\2026-07-11_000349_research_NASDAQ-COMP_nasdaq_ext_subset_revision_intangible_investment_residual_risk_Top_2014-07-31\perf_ptf.parquet,C:\GoogleDrive\TP\07_backtest_code\runs\ad_hoc\nasx_gy_20260710_235429_s00\official_runs\2026-07-11_000349_research_NASDAQ-COMP_nasdaq_ext_subset_revision_intangible_investment_residual_risk_Top_2014-07-31\perf_bench.parquet,1.9470807781542925,-0.2722204720966038,-0.5500519961512973,0.5706091698337793,"revision,intangible_investment,residual_risk",,,,,,,,,,,,,,,,,,,,,,,,,,,,,,,,,,,,,,,,
nasdaq,new,family_subset_results,C:\GoogleDrive\TP\07_backtest_code\runs\ad_hoc\nasdaq_tech_factor_extension_20260710\family_subset_results.csv,NASDAQ COMP,nasdaq_ext_family_subset_92a5c427b8de,Top,success,Run termine avec succes,2014-01-31,C:\GoogleDrive\TP\07_backtest_code\runs\ad_hoc\nasx_gy_20260711_001615_s01\official_runs\2026-07-11_001651_research_NASDAQ-COMP_nasdaq_ext_subset_revision_quality_improvement_capital_efficiency_residual_risk_Top_2014-01-31,revision + quality_improvement + capital_efficiency + residual_risk,family_subset,family_subset,,0.929003122963895,41349.0,2014-01-31,2026-06-30,492.25,"validated theme subset: revision, quality_improvement, capital_efficiency, residual_risk",3184.0,69.78,0.199642472096925,True,0.2405469081645099,0.2679688541954381,0.8976674132026984,-0.4001984659622248,0.2465822503511239,0.0179219770507972,-0.3384924956536913,0.1213722220780122,0.2341607874464238,-0.1142927586611309,0.6666666666666666,C:\GoogleDrive\TP\07_backtest_code\runs\ad_hoc\nasx_gy_20260711_001615_s01\official_runs\2026-07-11_001651_research_NASDAQ-COMP_nasdaq_ext_subset_revision_quality_improvement_capital_efficiency_residual_risk_Top_2014-01-31\perf_ptf.parquet,C:\GoogleDrive\TP\07_backtest_code\runs\ad_hoc\nasx_gy_20260711_001615_s01\official_runs\2026-07-11_001651_research_NASDAQ-COMP_nasdaq_ext_subset_revision_quality_improvement_capital_efficiency_residual_risk_Top_2014-01-31\perf_bench.parquet,2.4609819621368576,-0.3114948464183454,-0.6398183336438232,0.5644232593730268,"revision,quality_improvement,capital_efficiency,residual_risk",,,,,,,,,,,,,,,,,,,,,,,,,,,,,,,,,,,,,,,,
nasdaq,new,family_subset_results,C:\GoogleDrive\TP\07_backtest_code\runs\ad_hoc\nasdaq_tech_factor_extension_20260710\family_subset_results.csv,NASDAQ COMP,nasdaq_ext_family_subset_e8445bfe1a2c,Top,success,Run termine avec succes,2014-01-31,C:\GoogleDrive\TP\07_backtest_code\runs\ad_hoc\nasx_gy_20260710_235429_s00\official_runs\2026-07-11_000022_research_NASDAQ-COMP_nasdaq_ext_subset_revision_quality_improvement_capital_efficiency_Top_2014-01-31,revision + quality_improvement + capital_efficiency,family_subset,family_subset,,0.916084387427262,40774.0,2014-01-31,2026-06-30,485.4047619047619,"validated theme subset: revision, quality_improvement, capital_efficiency",3184.0,69.78,0.2035266807500673,True,0.2423082368617926,0.2653244544715866,0.9132525584359248,-0.3759591511810806,0.268721762442208,0.019367222835519,-0.3975130326075436,0.1249081460887011,0.2327147772971837,-0.138051372651102,0.6666666666666666,C:\GoogleDrive\TP\07_backtest_code\runs\ad_hoc\nasx_gy_20260710_235429_s00\official_runs\2026-07-11_000022_research_NASDAQ-COMP_nasdaq_ext_subset_revision_quality_improvement_capital_efficiency_Top_2014-01-31\perf_ptf.parquet,C:\GoogleDrive\TP\07_backtest_code\runs\ad_hoc\nasx_gy_20260710_235429_s00\official_runs\2026-07-11_000022_research_NASDAQ-COMP_nasdaq_ext_subset_revision_quality_improvement_capital_efficiency_Top_2014-01-31\perf_bench.parquet,2.7043989470736403,-0.300789025622185,-0.6575094150038946,0.5629356520241376,"revision,quality_improvement,capital_efficiency",,,,,,,,,,,,,,,,,,,,,,,,,,,,,,,,,,,,,,,,
nasdaq,new,family_subset_results,C:\GoogleDrive\TP\07_backtest_code\runs\ad_hoc\nasdaq_tech_factor_extension_20260710\family_subset_results.csv,NASDAQ COMP,nasdaq_ext_family_subset_6d4a526f5c6c,Top,success,Run termine avec succes,2013-12-31,C:\GoogleDrive\TP\07_backtest_code\runs\ad_hoc\nasx_gy_20260710_235429_s01\official_runs\2026-07-11_001213_research_NASDAQ-COMP_nasdaq_ext_subset_revision_earnings_yield_improvement_growth_confirmation_capital_efficiency_Top_2013-12-31,revision + earnings_yield_improvement + growth_confirmation + capital_efficiency,family_subset,family_subset,,0.9573120043137344,42609.0,2013-12-31,2026-06-30,507.25,"validated theme subset: revision, earnings_yield_improvement, growth_confirmation, capital_efficiency",3206.0,69.43708609271523,0.1947667491100342,True,0.2567041421087879,0.2799794068463799,0.9168679403969064,-0.393296329770861,0.5220901312521802,0.0341902193560699,-0.3480072482813255,0.1237373697594632,0.3827906938988143,-0.1097084901471143,0.6666666666666666,C:\GoogleDrive\TP\07_backtest_code\runs\ad_hoc\nasx_gy_20260710_235429_s01\official_runs\2026-07-11_001213_research_NASDAQ-COMP_nasdaq_ext_subset_revision_earnings_yield_improvement_growth_confirmation_capital_efficiency_Top_2013-12-31\perf_ptf.parquet,C:\GoogleDrive\TP\07_backtest_code\runs\ad_hoc\nasx_gy_20260710_235429_s01\official_runs\2026-07-11_001213_research_NASDAQ-COMP_nasdaq_ext_subset_revision_earnings_yield_improvement_growth_confirmation_capital_efficiency_Top_2013-12-31\perf_bench.parquet,1.9087479086964048,-0.3596143450133057,-0.4767198193072959,0.547003729131154,"revision,earnings_yield_improvement,growth_confirmation,capital_efficiency",,,,,,,,,,,,,,,,,,,,,,,,,,,,,,,,,,,,,,,,
nasdaq,new,family_subset_results,C:\GoogleDrive\TP\07_backtest_code\runs\ad_hoc\nasdaq_tech_factor_extension_20260710\family_subset_results.csv,NASDAQ COMP,nasdaq_ext_family_subset_4def6d6181dc,Top,success,Run termine avec succes,2014-01-31,C:\GoogleDrive\TP\07_backtest_code\runs\ad_hoc\nasx_gy_20260710_235429_s00\official_runs\2026-07-11_000531_research_NASDAQ-COMP_nasdaq_ext_subset_quality_improvement_growth_confirmation_intangible_investment_Top_2014-01-31,quality_improvement + growth_confirmation + intangible_investment,family_subset,family_subset,,0.8848098137455346,39382.0,2014-01-31,2026-06-30,468.8333333333333,"validated theme subset: quality_improvement, growth_confirmation, intangible_investment",3184.0,69.78,0.2044600425513127,True,0.2366903483110727,0.2706764867157611,0.8744400046821302,-0.3732769779723685,0.1993410074625563,0.0147575041842018,-0.3987175756504927,0.1279062817631596,0.2036933636946506,-0.1390974472547219,0.5833333333333334,C:\GoogleDrive\TP\07_backtest_code\runs\ad_hoc\nasx_gy_20260710_235429_s00\official_runs\2026-07-11_000531_research_NASDAQ-COMP_nasdaq_ext_subset_quality_improvement_growth_confirmation_intangible_investment_Top_2014-01-31\perf_ptf.parquet,C:\GoogleDrive\TP\07_backtest_code\runs\ad_hoc\nasx_gy_20260710_235429_s00\official_runs\2026-07-11_000531_research_NASDAQ-COMP_nasdaq_ext_subset_quality_improvement_growth_confirmation_intangible_investment_Top_2014-01-31\perf_bench.parquet,2.812131790683696,-0.3439602256498184,-0.685388367109035,0.5409680224855375,"quality_improvement,growth_confirmation,intangible_investment",,,,,,,,,,,,,,,,,,,,,,,,,,,,,,,,,,,,,,,,
nasdaq,new,family_subset_results,C:\GoogleDrive\TP\07_backtest_code\runs\ad_hoc\nasdaq_tech_factor_extension_20260710\family_subset_results.csv,NASDAQ COMP,nasdaq_ext_family_subset_3d6d1dd38161,Top,success,Run termine avec succes,2014-01-31,C:\GoogleDrive\TP\07_backtest_code\runs\ad_hoc\nasx_gy_20260710_235429_s03\official_runs\2026-07-11_001037_research_NASDAQ-COMP_nasdaq_ext_subset_revision_quality_improvement_growth_confirmation_residual_risk_Top_2014-01-31,revision + quality_improvement + growth_confirmation + residual_risk,family_subset,family_subset,,0.9291828618931004,41357.0,2014-01-31,2026-06-30,492.3452380952381,"validated theme subset: revision, quality_improvement, growth_confirmation, residual_risk",3184.0,69.78,0.1975137965575971,True,0.2378552944397265,0.268883451007555,0.8846036955730804,-0.3972930162346055,0.2134346119200352,0.0157133924772059,-0.3358797088041713,0.1218201974182502,0.217751830050359,-0.1140915425257171,0.75,C:\GoogleDrive\TP\07_backtest_code\runs\ad_hoc\nasx_gy_20260710_235429_s03\official_runs\2026-07-11_001037_research_NASDAQ-COMP_nasdaq_ext_subset_revision_quality_improvement_growth_confirmation_residual_risk_Top_2014-01-31\perf_ptf.parquet,C:\GoogleDrive\TP\07_backtest_code\runs\ad_hoc\nasx_gy_20260710_235429_s03\official_runs\2026-07-11_001037_research_NASDAQ-COMP_nasdaq_ext_subset_revision_quality_improvement_growth_confirmation_residual_risk_Top_2014-01-31\perf_bench.parquet,2.4682629433269905,-0.3098997692229481,-0.6501318868413053,0.5398949260312205,"revision,quality_improvement,growth_confirmation,residual_risk",,,,,,,,,,,,,,,,,,,,,,,,,,,,,,,,,,,,,,,,
nasdaq,new,family_subset_results,C:\GoogleDrive\TP\07_backtest_code\runs\ad_hoc\nasdaq_tech_factor_extension_20260710\family_subset_results.csv,NASDAQ COMP,nasdaq_ext_family_subset_2fadd3f4ffc1,Top,success,Run termine avec succes,2013-12-31,C:\GoogleDrive\TP\07_backtest_code\runs\ad_hoc\nasx_gy_20260711_002100_s02\official_runs\2026-07-11_003237_research_NASDAQ-COMP_nasdaq_ext_family_subset_2fadd3f4ffc1_Top_2013-12-31,earnings_yield_improvement + growth_confirmation + capital_efficiency + intangible_investment + residual_risk,family_subset,family_subset,,0.9490889483025904,42243.0,2013-12-31,2026-06-30,502.8928571428572,"validated theme subset: earnings_yield_improvement, growth_confirmation, capital_efficiency, intangible_investment, residual_risk",3206.0,69.43708609271523,0.1893918526786308,True,0.2476138900563314,0.2586925817543959,0.9571742969089746,-0.3424731657339808,0.3900929192498437,0.0267095009839981,-0.3401335427920242,0.102392388842022,0.3364071919361153,-0.1025208270540271,0.6666666666666666,C:\GoogleDrive\TP\07_backtest_code\runs\ad_hoc\nasx_gy_20260711_002100_s02\official_runs\2026-07-11_003237_research_NASDAQ-COMP_nasdaq_ext_family_subset_2fadd3f4ffc1_Top_2013-12-31\perf_ptf.parquet,C:\GoogleDrive\TP\07_backtest_code\runs\ad_hoc\nasx_gy_20260711_002100_s02\official_runs\2026-07-11_003237_research_NASDAQ-COMP_nasdaq_ext_family_subset_2fadd3f4ffc1_Top_2013-12-31\perf_bench.parquet,2.0685145933047773,-0.267251736591058,-0.546981812541188,0.5391699144221347,"earnings_yield_improvement,growth_confirmation,capital_efficiency,intangible_investment,residual_risk",,,,,,,,,,,,,,,,,,,,,,,,,,,,,,,,,,,,,,,,
nasdaq,new,family_subset_results,C:\GoogleDrive\TP\07_backtest_code\runs\ad_hoc\nasdaq_tech_factor_extension_20260710\family_subset_results.csv,NASDAQ COMP,nasdaq_ext_family_subset_da5a55ad596e,Top,success,Run termine avec succes,2013-12-31,C:\GoogleDrive\TP\07_backtest_code\runs\ad_hoc\nasx_gy_20260710_235429_s01\official_runs\2026-07-11_001335_research_NASDAQ-COMP_nasdaq_ext_subset_revision_growth_confirmation_capital_efficiency_intangible_investment_Top_2013-12-31,revision + growth_confirmation + capital_efficiency + intangible_investment,family_subset,family_subset,,0.957064863286077,42598.0,2013-12-31,2026-06-30,507.1190476190476,"validated theme subset: revision, growth_confirmation, capital_efficiency, intangible_investment",3206.0,69.43708609271523,0.1733891757388141,True,0.2428352410370189,0.2746425467363134,0.8841865323589758,-0.3814314529349191,0.325007151187852,0.0227769667367445,-0.3095720749569898,0.1273665495088854,0.2743428776919199,-0.1071936513059834,0.75,C:\GoogleDrive\TP\07_backtest_code\runs\ad_hoc\nasx_gy_20260710_235429_s01\official_runs\2026-07-11_001335_research_NASDAQ-COMP_nasdaq_ext_subset_revision_growth_confirmation_capital_efficiency_intangible_investment_Top_2013-12-31\perf_ptf.parquet,C:\GoogleDrive\TP\07_backtest_code\runs\ad_hoc\nasx_gy_20260710_235429_s01\official_runs\2026-07-11_001335_research_NASDAQ-COMP_nasdaq_ext_subset_revision_growth_confirmation_capital_efficiency_intangible_investment_Top_2013-12-31\perf_bench.parquet,2.1283879994610477,-0.3441888190141245,-0.5764569000341,0.5354968001895272,"revision,growth_confirmation,capital_efficiency,intangible_investment",,,,,,,,,,,,,,,,,,,,,,,,,,,,,,,,,,,,,,,,
nasdaq,new,family_subset_results,C:\GoogleDrive\TP\07_backtest_code\runs\ad_hoc\nasdaq_tech_factor_extension_20260710\family_subset_results.csv,NASDAQ COMP,nasdaq_ext_subset_revision_capital_efficiency,Top,success,Run termine avec succes,2013-12-31,C:\GoogleDrive\TP\07_backtest_code\runs\ad_hoc\nasx_gy_20260710_234950_s02\official_runs\2026-07-10_235306_research_NASDAQ-COMP_nasdaq_ext_subset_revision_capital_efficiency_Top_2013-12-31,revision + capital_efficiency,family_subset,family_subset,,0.9565705812307624,42576.0,2013-12-31,2026-06-30,506.8571428571428,"validated theme subset: revision, capital_efficiency",3206.0,69.43708609271523,0.182963091240786,True,0.2495669020981907,0.2711689731289365,0.9203372318688012,-0.4084550169016294,0.4175298396883298,0.0283167097806418,-0.332954370455541,0.1236300419143607,0.3182227946294407,-0.1129961327662291,0.6666666666666666,C:\GoogleDrive\TP\07_backtest_code\runs\ad_hoc\nasx_gy_20260710_234950_s02\official_runs\2026-07-10_235306_research_NASDAQ-COMP_nasdaq_ext_subset_revision_capital_efficiency_Top_2013-12-31\perf_ptf.parquet,C:\GoogleDrive\TP\07_backtest_code\runs\ad_hoc\nasx_gy_20260710_234950_s02\official_runs\2026-07-10_235306_research_NASDAQ-COMP_nasdaq_ext_subset_revision_capital_efficiency_Top_2013-12-31\perf_bench.parquet,2.015037276907024,-0.3134605420819154,-0.529846662080907,0.5225135625501699,"revision,capital_efficiency",,,,,,,,,,,,,,,,,,,,,,,,,,,,,,,,,,,,,,,,
nasdaq,new,family_subset_results,C:\GoogleDrive\TP\07_backtest_code\runs\ad_hoc\nasdaq_tech_factor_extension_20260710\family_subset_results.csv,NASDAQ COMP,nasdaq_ext_family_subset_2bd42c780172,Top,success,Run termine avec succes,2014-01-31,C:\GoogleDrive\TP\07_backtest_code\runs\ad_hoc\nasx_gy_20260711_002100_s03\official_runs\2026-07-11_002135_research_NASDAQ-COMP_nasdaq_ext_family_subset_2bd42c780172_Top_2014-01-31,quality_improvement + earnings_yield_improvement + growth_confirmation + capital_efficiency,family_subset,family_subset,,0.9186007324361364,40886.0,2014-01-31,2026-06-30,486.7380952380952,"validated theme subset: quality_improvement, earnings_yield_improvement, growth_confirmation, capital_efficiency",3184.0,69.78,0.2190374365838921,True,0.2596419906515648,0.2756768445882621,0.941834599998247,-0.3801303593947853,0.5067265922266975,0.0335903117096856,-0.3548058712204078,0.1214923144644576,0.3746034236180335,-0.109500198588196,0.6666666666666666,C:\GoogleDrive\TP\07_backtest_code\runs\ad_hoc\nasx_gy_20260711_002100_s03\official_runs\2026-07-11_002135_research_NASDAQ-COMP_nasdaq_ext_family_subset_2bd42c780172_Top_2014-01-31\perf_ptf.parquet,C:\GoogleDrive\TP\07_backtest_code\runs\ad_hoc\nasx_gy_20260711_002100_s03\official_runs\2026-07-11_002135_research_NASDAQ-COMP_nasdaq_ext_family_subset_2bd42c780172_Top_2014-01-31\perf_bench.parquet,1.9074044684801612,-0.3791821437854591,-0.4817623042953032,0.5198245709733088,"quality_improvement,earnings_yield_improvement,growth_confirmation,capital_efficiency",,,,,,,,,,,,,,,,,,,,,,,,,,,,,,,,,,,,,,,,
nasdaq,new,family_subset_results,C:\GoogleDrive\TP\07_backtest_code\runs\ad_hoc\nasdaq_tech_factor_extension_20260710\family_subset_results.csv,NASDAQ COMP,nasdaq_ext_subset_intangible_investment_residual_risk,Top,success,Run termine avec succes,2014-07-31,C:\GoogleDrive\TP\07_backtest_code\runs\ad_hoc\nasx_gy_20260710_235429_s03\official_runs\2026-07-10_235838_research_NASDAQ-COMP_nasdaq_ext_subset_intangible_investment_residual_risk_Top_2014-07-31,intangible_investment + residual_risk,family_subset,family_subset,,0.7672605540452493,34150.0,2014-07-31,2026-06-30,406.54761904761904,"validated theme subset: intangible_investment, residual_risk",3057.0,71.9375,0.1467686017767824,True,0.2314109804790916,0.2497034432943916,0.9267432496165704,-0.3378967800071532,0.1870066819750362,0.0144987082842678,-0.2167887641461208,0.0901365156724173,0.2187017765343408,-0.0633387820449971,0.5833333333333334,C:\GoogleDrive\TP\07_backtest_code\runs\ad_hoc\nasx_gy_20260710_235429_s03\official_runs\2026-07-10_235838_research_NASDAQ-COMP_nasdaq_ext_subset_intangible_investment_residual_risk_Top_2014-07-31\perf_ptf.parquet,C:\GoogleDrive\TP\07_backtest_code\runs\ad_hoc\nasx_gy_20260710_235429_s03\official_runs\2026-07-10_235838_research_NASDAQ-COMP_nasdaq_ext_subset_intangible_investment_residual_risk_Top_2014-07-31\perf_bench.parquet,1.8269141142352057,-0.236882358128371,-0.5801051485795954,0.5134109130829829,"intangible_investment,residual_risk",,,,,,,,,,,,,,,,,,,,,,,,,,,,,,,,,,,,,,,,
nasdaq,new,family_subset_results,C:\GoogleDrive\TP\07_backtest_code\runs\ad_hoc\nasdaq_tech_factor_extension_20260710\family_subset_results.csv,NASDAQ COMP,nasdaq_ext_subset_revision_capital_efficiency_residual_risk,Top,success,Run termine avec succes,2014-07-31,C:\GoogleDrive\TP\07_backtest_code\runs\ad_hoc\nasx_gy_20260710_235429_s05\official_runs\2026-07-11_000209_research_NASDAQ-COMP_nasdaq_ext_subset_revision_capital_efficiency_residual_risk_Top_2014-07-31,revision + capital_efficiency + residual_risk,family_subset,family_subset,,0.7674627603406052,34159.0,2014-07-31,2026-06-30,406.6547619047619,"validated theme subset: revision, capital_efficiency, residual_risk",3057.0,71.9375,0.160540771727861,True,0.2404059937631997,0.2659404796732539,0.9039842075135496,-0.3735204941022404,0.2944867106780227,0.0219092556176829,-0.2856393275432072,0.1058284916298209,0.293785009961208,-0.072233631290886,0.5833333333333334,C:\GoogleDrive\TP\07_backtest_code\runs\ad_hoc\nasx_gy_20260710_235429_s05\official_runs\2026-07-11_000209_research_NASDAQ-COMP_nasdaq_ext_subset_revision_capital_efficiency_residual_risk_Top_2014-07-31\perf_ptf.parquet,C:\GoogleDrive\TP\07_backtest_code\runs\ad_hoc\nasx_gy_20260710_235429_s05\official_runs\2026-07-11_000209_research_NASDAQ-COMP_nasdaq_ext_subset_revision_capital_efficiency_residual_risk_Top_2014-07-31\perf_bench.parquet,1.9294073885895924,-0.2869758215522049,-0.5581062860289729,0.5098496269656976,"revision,capital_efficiency,residual_risk",,,,,,,,,,,,,,,,,,,,,,,,,,,,,,,,,,,,,,,,
nasdaq,new,family_subset_results,C:\GoogleDrive\TP\07_backtest_code\runs\ad_hoc\nasdaq_tech_factor_extension_20260710\family_subset_results.csv,NASDAQ COMP,nasdaq_ext_family_subset_198e594d4609,Top,success,Run termine avec succes,2013-12-31,C:\GoogleDrive\TP\07_backtest_code\runs\ad_hoc\nasx_gy_20260710_235429_s01\official_runs\2026-07-11_000208_research_NASDAQ-COMP_nasdaq_ext_subset_revision_growth_confirmation_capital_efficiency_Top_2013-12-31,revision + growth_confirmation + capital_efficiency,family_subset,family_subset,,0.9565705812307624,42576.0,2013-12-31,2026-06-30,506.8571428571428,"validated theme subset: revision, growth_confirmation, capital_efficiency",3206.0,69.43708609271523,0.1801557310522221,True,0.2429399235463236,0.2673016723620917,0.90886046989348,-0.3640642677326926,0.3264023768760418,0.0228631140037367,-0.3311862011526202,0.1109986619327243,0.297751946473524,-0.0870630359263157,0.6666666666666666,C:\GoogleDrive\TP\07_backtest_code\runs\ad_hoc\nasx_gy_20260710_235429_s01\official_runs\2026-07-11_000208_research_NASDAQ-COMP_nasdaq_ext_subset_revision_growth_confirmation_capital_efficiency_Top_2013-12-31\perf_ptf.parquet,C:\GoogleDrive\TP\07_backtest_code\runs\ad_hoc\nasx_gy_20260710_235429_s01\official_runs\2026-07-11_000208_research_NASDAQ-COMP_nasdaq_ext_subset_revision_growth_confirmation_capital_efficiency_Top_2013-12-31\perf_bench.parquet,2.0811047899714934,-0.3101132230952377,-0.5695042956042031,0.506520671697508,"revision,growth_confirmation,capital_efficiency",,,,,,,,,,,,,,,,,,,,,,,,,,,,,,,,,,,,,,,,
nasdaq,new,family_subset_results,C:\GoogleDrive\TP\07_backtest_code\runs\ad_hoc\nasdaq_tech_factor_extension_20260710\family_subset_results.csv,NASDAQ COMP,nasdaq_ext_family_subset_f54c074f7472,Top,success,Run termine avec succes,2014-03-31,C:\GoogleDrive\TP\07_backtest_code\runs\ad_hoc\nasx_gy_20260711_002100_s00\official_runs\2026-07-11_002604_research_NASDAQ-COMP_nasdaq_ext_family_subset_f54c074f7472_Top_2014-03-31,earnings_yield_improvement + capital_efficiency + intangible_investment + residual_risk,family_subset,family_subset,,0.8654429441236604,38520.0,2014-03-31,2026-06-30,458.57142857142856,"validated theme subset: earnings_yield_improvement, capital_efficiency, intangible_investment, residual_risk",3142.0,70.47972972972973,0.205347249733638,True,0.2467793311242201,0.2687284660484151,0.9183222557440543,-0.3610455462349975,0.3449820295429471,0.0244911280434481,-0.2925276227375998,0.1127666971747358,0.3076870530927375,-0.0866113526051836,0.75,C:\GoogleDrive\TP\07_backtest_code\runs\ad_hoc\nasx_gy_20260711_002100_s00\official_runs\2026-07-11_002604_research_NASDAQ-COMP_nasdaq_ext_family_subset_f54c074f7472_Top_2014-03-31\perf_ptf.parquet,C:\GoogleDrive\TP\07_backtest_code\runs\ad_hoc\nasx_gy_20260711_002100_s00\official_runs\2026-07-11_002604_research_NASDAQ-COMP_nasdaq_ext_family_subset_f54c074f7472_Top_2014-03-31\perf_bench.parquet,1.8856502559209969,-0.3081365281816651,-0.5339067765460452,0.5033738622483265,"earnings_yield_improvement,capital_efficiency,intangible_investment,residual_risk",,,,,,,,,,,,,,,,,,,,,,,,,,,,,,,,,,,,,,,,
nasdaq,new,family_subset_results,C:\GoogleDrive\TP\07_backtest_code\runs\ad_hoc\nasdaq_tech_factor_extension_20260710\family_subset_results.csv,NASDAQ COMP,nasdaq_ext_subset_capital_efficiency_residual_risk,Top,success,Run termine avec succes,2014-07-31,C:\GoogleDrive\TP\07_backtest_code\runs\ad_hoc\nasx_gy_20260710_235429_s02\official_runs\2026-07-10_235837_research_NASDAQ-COMP_nasdaq_ext_subset_capital_efficiency_residual_risk_Top_2014-07-31,capital_efficiency + residual_risk,family_subset,family_subset,,0.7674627603406052,34159.0,2014-07-31,2026-06-30,406.6547619047619,"validated theme subset: capital_efficiency, residual_risk",3057.0,71.9375,0.1469469931764055,True,0.2393320213168268,0.2666112823931564,0.897681520333778,-0.3556596582751833,0.2812012750459116,0.021024462744426,-0.2864309878914123,0.1043610238425162,0.2913519919724754,-0.0709214110538276,0.5,C:\GoogleDrive\TP\07_backtest_code\runs\ad_hoc\nasx_gy_20260710_235429_s02\official_runs\2026-07-10_235837_research_NASDAQ-COMP_nasdaq_ext_subset_capital_efficiency_residual_risk_Top_2014-07-31\perf_ptf.parquet,C:\GoogleDrive\TP\07_backtest_code\runs\ad_hoc\nasx_gy_20260710_235429_s02\official_runs\2026-07-10_235837_research_NASDAQ-COMP_nasdaq_ext_subset_capital_efficiency_residual_risk_Top_2014-07-31\perf_bench.parquet,1.9404073965167283,-0.2885366170383582,-0.5642776315405644,0.5032605626251072,"capital_efficiency,residual_risk",,,,,,,,,,,,,,,,,,,,,,,,,,,,,,,,,,,,,,,,
nasdaq,new,family_subset_results,C:\GoogleDrive\TP\07_backtest_code\runs\ad_hoc\nasdaq_tech_factor_extension_20260710\family_subset_results.csv,NASDAQ COMP,nasdaq_ext_subset_revision_quality_improvement_residual_risk,Top,success,Run termine avec succes,2014-07-31,C:\GoogleDrive\TP\07_backtest_code\runs\ad_hoc\nasx_gy_20260710_235429_s02\official_runs\2026-07-11_000023_research_NASDAQ-COMP_nasdaq_ext_subset_revision_quality_improvement_residual_risk_Top_2014-07-31,revision + quality_improvement + residual_risk,family_subset,family_subset,,0.7548585679300815,33598.0,2014-07-31,2026-06-30,399.9761904761905,"validated theme subset: revision, quality_improvement, residual_risk",3057.0,71.9375,0.1869308193570611,True,0.2384850098996642,0.2698216414998227,0.883861682013453,-0.408666720262501,0.2708116577276007,0.0203266518573743,-0.4006698127336296,0.1245682648757685,0.2458290212625387,-0.1440007318778748,0.75,C:\GoogleDrive\TP\07_backtest_code\runs\ad_hoc\nasx_gy_20260710_235429_s02\official_runs\2026-07-11_000023_research_NASDAQ-COMP_nasdaq_ext_subset_revision_quality_improvement_residual_risk_Top_2014-07-31\perf_ptf.parquet,C:\GoogleDrive\TP\07_backtest_code\runs\ad_hoc\nasx_gy_20260710_235429_s02\official_runs\2026-07-11_000023_research_NASDAQ-COMP_nasdaq_ext_subset_revision_quality_improvement_residual_risk_Top_2014-07-31\perf_bench.parquet,2.5047085456906792,-0.3482648250153144,-0.6373987619340942,0.4532573083520376,"revision,quality_improvement,residual_risk",,,,,,,,,,,,,,,,,,,,,,,,,,,,,,,,,,,,,,,,
nasdaq,new,family_subset_results,C:\GoogleDrive\TP\07_backtest_code\runs\ad_hoc\nasdaq_tech_factor_extension_20260710\family_subset_results.csv,NASDAQ COMP,nasdaq_ext_subset_revision_growth_confirmation_residual_risk,Top,success,Run termine avec succes,2014-07-31,C:\GoogleDrive\TP\07_backtest_code\runs\ad_hoc\nasx_gy_20260710_235429_s03\official_runs\2026-07-11_000207_research_NASDAQ-COMP_nasdaq_ext_subset_revision_growth_confirmation_residual_risk_Top_2014-07-31,revision + growth_confirmation + residual_risk,family_subset,family_subset,,0.7677099013682626,34170.0,2014-07-31,2026-06-30,406.7857142857143,"validated theme subset: revision, growth_confirmation, residual_risk",3057.0,71.9375,0.158390184591652,True,0.2371971301356903,0.2677551402878511,0.8858733015571267,-0.3745755988905463,0.2551620743422007,0.0192656313064054,-0.3029112049032527,0.1070103883893041,0.2713742934009493,-0.0753347156896079,0.75,C:\GoogleDrive\TP\07_backtest_code\runs\ad_hoc\nasx_gy_20260710_235429_s03\official_runs\2026-07-11_000207_research_NASDAQ-COMP_nasdaq_ext_subset_revision_growth_confirmation_residual_risk_Top_2014-07-31\perf_ptf.parquet,C:\GoogleDrive\TP\07_backtest_code\runs\ad_hoc\nasx_gy_20260710_235429_s03\official_runs\2026-07-11_000207_research_NASDAQ-COMP_nasdaq_ext_subset_revision_growth_confirmation_residual_risk_Top_2014-07-31\perf_bench.parquet,1.9530118514173544,-0.2955931710509588,-0.5749552871791688,0.4435004861654604,"revision,growth_confirmation,residual_risk",,,,,,,,,,,,,,,,,,,,,,,,,,,,,,,,,,,,,,,,
nasdaq,new,family_subset_results,C:\GoogleDrive\TP\07_backtest_code\runs\ad_hoc\nasdaq_tech_factor_extension_20260710\family_subset_results.csv,NASDAQ COMP,nasdaq_ext_family_subset_68b5d3139767,Top,success,Run termine avec succes,2014-03-31,C:\GoogleDrive\TP\07_backtest_code\runs\ad_hoc\nasx_gy_20260711_002100_s02\official_runs\2026-07-11_002447_research_NASDAQ-COMP_nasdaq_ext_family_subset_68b5d3139767_Top_2014-03-31,earnings_yield_improvement + growth_confirmation + capital_efficiency + residual_risk,family_subset,family_subset,,0.8972117998607023,39934.0,2014-03-31,2026-06-30,475.4047619047619,"validated theme subset: earnings_yield_improvement, growth_confirmation, capital_efficiency, residual_risk",3142.0,70.47972972972973,0.1887897533609667,True,0.2511058747696515,0.2615573993255379,0.9600411818482784,-0.3422052332954725,0.403281967615859,0.0280462925133631,-0.3281076588212616,0.1027353604190112,0.3524786029161792,-0.0937178272546153,0.6666666666666666,C:\GoogleDrive\TP\07_backtest_code\runs\ad_hoc\nasx_gy_20260711_002100_s02\official_runs\2026-07-11_002447_research_NASDAQ-COMP_nasdaq_ext_family_subset_68b5d3139767_Top_2014-03-31\perf_ptf.parquet,C:\GoogleDrive\TP\07_backtest_code\runs\ad_hoc\nasx_gy_20260711_002100_s02\official_runs\2026-07-11_002447_research_NASDAQ-COMP_nasdaq_ext_family_subset_68b5d3139767_Top_2014-03-31\perf_bench.parquet,1.7740066625439908,-0.2792602037791784,-0.4941317241361869,0.4376167935717046,"earnings_yield_improvement,growth_confirmation,capital_efficiency,residual_risk",,,,,,,,,,,,,,,,,,,,,,,,,,,,,,,,,,,,,,,,
nasdaq,new,family_subset_results,C:\GoogleDrive\TP\07_backtest_code\runs\ad_hoc\nasdaq_tech_factor_extension_20260710\family_subset_results.csv,NASDAQ COMP,nasdaq_ext_family_subset_d88e6a2ce929,Top,success,Run termine avec succes,2014-03-31,C:\GoogleDrive\TP\07_backtest_code\runs\ad_hoc\nasx_gy_20260710_235429_s00\official_runs\2026-07-11_000715_research_NASDAQ-COMP_nasdaq_ext_subset_earnings_yield_improvement_growth_confirmation_intangible_investment_Top_2014-03-31,earnings_yield_improvement + growth_confirmation + intangible_investment,family_subset,family_subset,,0.8283717899750612,36870.0,2014-03-31,2026-06-30,438.9285714285714,"validated theme subset: earnings_yield_improvement, growth_confirmation, intangible_investment",3142.0,70.47972972972973,0.204347698810843,True,0.2460424677178319,0.2724363129747516,0.9031192098853364,-0.3872391414272732,0.3352774557387714,0.0238856399642193,-0.3778181518386846,0.1188969587064887,0.2952975694903029,-0.1033023393211305,0.5833333333333334,C:\GoogleDrive\TP\07_backtest_code\runs\ad_hoc\nasx_gy_20260710_235429_s00\official_runs\2026-07-11_000715_research_NASDAQ-COMP_nasdaq_ext_subset_earnings_yield_improvement_growth_confirmation_intangible_investment_Top_2014-03-31\perf_ptf.parquet,C:\GoogleDrive\TP\07_backtest_code\runs\ad_hoc\nasx_gy_20260710_235429_s00\official_runs\2026-07-11_000715_research_NASDAQ-COMP_nasdaq_ext_subset_earnings_yield_improvement_growth_confirmation_intangible_investment_Top_2014-03-31\perf_bench.parquet,2.1484684863294112,-0.3389628322311266,-0.5758961979335286,0.4316760971984885,"earnings_yield_improvement,growth_confirmation,intangible_investment",,,,,,,,,,,,,,,,,,,,,,,,,,,,,,,,,,,,,,,,
nasdaq,new,family_subset_results,C:\GoogleDrive\TP\07_backtest_code\runs\ad_hoc\nasdaq_tech_factor_extension_20260710\family_subset_results.csv,NASDAQ COMP,nasdaq_ext_subset_growth_confirmation_residual_risk,Top,success,Run termine avec succes,2014-07-31,C:\GoogleDrive\TP\07_backtest_code\runs\ad_hoc\nasx_gy_20260710_235429_s00\official_runs\2026-07-10_235837_research_NASDAQ-COMP_nasdaq_ext_subset_growth_confirmation_residual_risk_Top_2014-07-31,growth_confirmation + residual_risk,family_subset,family_subset,,0.7677099013682626,34170.0,2014-07-31,2026-06-30,406.7857142857143,"validated theme subset: growth_confirmation, residual_risk",3057.0,71.9375,0.1459721734513177,True,0.239672522729712,0.2669233217661887,0.8979077629629268,-0.3570878358232451,0.2853998181682997,0.0213049850469044,-0.2999507717924407,0.1048816252205502,0.2932777208270278,-0.0672503863081491,0.6666666666666666,C:\GoogleDrive\TP\07_backtest_code\runs\ad_hoc\nasx_gy_20260710_235429_s00\official_runs\2026-07-10_235837_research_NASDAQ-COMP_nasdaq_ext_subset_growth_confirmation_residual_risk_Top_2014-07-31\perf_ptf.parquet,C:\GoogleDrive\TP\07_backtest_code\runs\ad_hoc\nasx_gy_20260710_235429_s00\official_runs\2026-07-10_235837_research_NASDAQ-COMP_nasdaq_ext_subset_growth_confirmation_residual_risk_Top_2014-07-31\perf_bench.parquet,1.7895298839629987,-0.2716650504714943,-0.5392055752626776,0.4081312050362183,"growth_confirmation,residual_risk",,,,,,,,,,,,,,,,,,,,,,,,,,,,,,,,,,,,,,,,
nasdaq,new,family_subset_results,C:\GoogleDrive\TP\07_backtest_code\runs\ad_hoc\nasdaq_tech_factor_extension_20260710\family_subset_results.csv,NASDAQ COMP,nasdaq_ext_family_subset_fb39aefecfee,Top,success,Run termine avec succes,2014-03-31,C:\GoogleDrive\TP\07_backtest_code\runs\ad_hoc\nasx_gy_20260710_235429_s05\official_runs\2026-07-11_000025_research_NASDAQ-COMP_nasdaq_ext_subset_revision_earnings_yield_improvement_intangible_investment_Top_2014-03-31,revision + earnings_yield_improvement + intangible_investment,family_subset,family_subset,,0.8301691792671145,36950.0,2014-03-31,2026-06-30,439.8809523809524,"validated theme subset: revision, earnings_yield_improvement, intangible_investment",3142.0,70.47972972972973,0.2102343374334719,True,0.2376903453295327,0.269662871646258,0.8814351930559181,-0.3816577454141028,0.2296845405430816,0.0170226169147196,-0.3293116759157106,0.1178969950309858,0.2352670078547342,-0.0956443749237788,0.5833333333333334,C:\GoogleDrive\TP\07_backtest_code\runs\ad_hoc\nasx_gy_20260710_235429_s05\official_runs\2026-07-11_000025_research_NASDAQ-COMP_nasdaq_ext_subset_revision_earnings_yield_improvement_intangible_investment_Top_2014-03-31\perf_ptf.parquet,C:\GoogleDrive\TP\07_backtest_code\runs\ad_hoc\nasx_gy_20260710_235429_s05\official_runs\2026-07-11_000025_research_NASDAQ-COMP_nasdaq_ext_subset_revision_earnings_yield_improvement_intangible_investment_Top_2014-03-31\perf_bench.parquet,2.082186614396384,-0.2719600621182941,-0.6010350136492617,0.3986131259550877,"revision,earnings_yield_improvement,intangible_investment",,,,,,,,,,,,,,,,,,,,,,,,,,,,,,,,,,,,,,,,
nasdaq,new,family_subset_results,C:\GoogleDrive\TP\07_backtest_code\runs\ad_hoc\nasdaq_tech_factor_extension_20260710\family_subset_results.csv,NASDAQ COMP,nasdaq_ext_subset_revision_growth_confirmation,Top,success,Run termine avec succes,2013-12-31,C:\GoogleDrive\TP\07_backtest_code\runs\ad_hoc\nasx_gy_20260710_234950_s01\official_runs\2026-07-10_235308_research_NASDAQ-COMP_nasdaq_ext_subset_revision_growth_confirmation_Top_2013-12-31,revision + growth_confirmation,family_subset,family_subset,,0.957064863286077,42598.0,2013-12-31,2026-06-30,507.1190476190476,"validated theme subset: revision, growth_confirmation",3206.0,69.43708609271523,0.1817283407702543,True,0.24069034546357,0.2723144967985637,0.8838690128260536,-0.3971959905512786,0.296715201890702,0.0210118495947904,-0.3441015432779519,0.124252947579757,0.262683205913269,-0.1155557303352031,0.75,C:\GoogleDrive\TP\07_backtest_code\runs\ad_hoc\nasx_gy_20260710_234950_s01\official_runs\2026-07-10_235308_research_NASDAQ-COMP_nasdaq_ext_subset_revision_growth_confirmation_Top_2013-12-31\perf_ptf.parquet,C:\GoogleDrive\TP\07_backtest_code\runs\ad_hoc\nasx_gy_20260710_234950_s01\official_runs\2026-07-10_235308_research_NASDAQ-COMP_nasdaq_ext_subset_revision_growth_confirmation_Top_2013-12-31\perf_bench.parquet,2.051968176891193,-0.3364609060218018,-0.5751216504453966,0.3946875258654342,"revision,growth_confirmation",,,,,,,,,,,,,,,,,,,,,,,,,,,,,,,,,,,,,,,,
nasdaq,new,family_subset_results,C:\GoogleDrive\TP\07_backtest_code\runs\ad_hoc\nasdaq_tech_factor_extension_20260710\family_subset_results.csv,NASDAQ COMP,nasdaq_ext_family_subset_4e3f29e799f5,Top,success,Run termine avec succes,2013-12-31,C:\GoogleDrive\TP\07_backtest_code\runs\ad_hoc\nasx_gy_20260710_235429_s05\official_runs\2026-07-11_000719_research_NASDAQ-COMP_nasdaq_ext_subset_growth_confirmation_capital_efficiency_intangible_investment_Top_2013-12-31,growth_confirmation + capital_efficiency + intangible_investment,family_subset,family_subset,,0.9166460715810284,40799.0,2013-12-31,2026-06-30,485.70238095238096,"validated theme subset: growth_confirmation, capital_efficiency, intangible_investment",3206.0,69.43708609271523,0.1527959133599203,True,0.2412803204314209,0.266931154522494,0.9039046823254512,-0.3851574206629475,0.3044412526675624,0.0214973627087937,-0.334947982112469,0.1195115037605445,0.2646851998364613,-0.1041127020955806,0.75,C:\GoogleDrive\TP\07_backtest_code\runs\ad_hoc\nasx_gy_20260710_235429_s05\official_runs\2026-07-11_000719_research_NASDAQ-COMP_nasdaq_ext_subset_growth_confirmation_capital_efficiency_intangible_investment_Top_2013-12-31\perf_ptf.parquet,C:\GoogleDrive\TP\07_backtest_code\runs\ad_hoc\nasx_gy_20260710_235429_s05\official_runs\2026-07-11_000719_research_NASDAQ-COMP_nasdaq_ext_subset_growth_confirmation_capital_efficiency_intangible_investment_Top_2013-12-31\perf_bench.parquet,1.9417471129176231,-0.3244283408885405,-0.5565760065032177,0.3817946390453108,"growth_confirmation,capital_efficiency,intangible_investment",,,,,,,,,,,,,,,,,,,,,,,,,,,,,,,,,,,,,,,,
nasdaq,new,family_subset_results,C:\GoogleDrive\TP\07_backtest_code\runs\ad_hoc\nasdaq_tech_factor_extension_20260710\family_subset_results.csv,NASDAQ COMP,nasdaq_ext_family_subset_5dced8be3980,Top,success,Run termine avec succes,2013-12-31,C:\GoogleDrive\TP\07_backtest_code\runs\ad_hoc\nasx_gy_20260711_002100_s00\official_runs\2026-07-11_003522_research_NASDAQ-COMP_nasdaq_ext_family_subset_5dced8be3980_Top_2013-12-31,revision + earnings_yield_improvement + growth_confirmation + capital_efficiency + intangible_investment + residual_risk,family_subset,family_subset,,0.9593790019995956,42701.0,2013-12-31,2026-06-30,508.3452380952381,"validated theme subset: revision, earnings_yield_improvement, growth_confirmation, capital_efficiency, intangible_investment, residual_risk",3206.0,69.43708609271523,0.1936117171816762,True,0.2407157131779678,0.2605707579462306,0.923801715415972,-0.3702176984718741,0.2970465381690701,0.0210327256635791,-0.3650087715882488,0.1048757420745312,0.2814230422403247,-0.0870565010201358,0.5833333333333334,C:\GoogleDrive\TP\07_backtest_code\runs\ad_hoc\nasx_gy_20260711_002100_s00\official_runs\2026-07-11_003522_research_NASDAQ-COMP_nasdaq_ext_family_subset_5dced8be3980_Top_2013-12-31\perf_ptf.parquet,C:\GoogleDrive\TP\07_backtest_code\runs\ad_hoc\nasx_gy_20260711_002100_s00\official_runs\2026-07-11_003522_research_NASDAQ-COMP_nasdaq_ext_family_subset_5dced8be3980_Top_2013-12-31\perf_bench.parquet,1.9846330078608307,-0.2893204072560205,-0.5654251176767963,0.3674132558283207,"revision,earnings_yield_improvement,growth_confirmation,capital_efficiency,intangible_investment,residual_risk",,,,,,,,,,,,,,,,,,,,,,,,,,,,,,,,,,,,,,,,
nasdaq,new,family_subset_results,C:\GoogleDrive\TP\07_backtest_code\runs\ad_hoc\nasdaq_tech_factor_extension_20260710\family_subset_results.csv,NASDAQ COMP,nasdaq_ext_family_subset_65e1714744f3,Top,success,Run termine avec succes,2014-07-31,C:\GoogleDrive\TP\07_backtest_code\runs\ad_hoc\nasx_gy_20260710_235429_s00\official_runs\2026-07-11_000859_research_NASDAQ-COMP_nasdaq_ext_subset_growth_confirmation_capital_efficiency_residual_risk_Top_2014-07-31,growth_confirmation + capital_efficiency + residual_risk,family_subset,family_subset,,0.7674627603406052,34159.0,2014-07-31,2026-06-30,406.6547619047619,"validated theme subset: growth_confirmation, capital_efficiency, residual_risk",3057.0,71.9375,0.1418264315488519,True,0.2388032140766753,0.2714630390705377,0.8796896067115203,-0.3816187328306459,0.2747057308473373,0.0205888045680986,-0.3196644473258635,0.1176599641981543,0.2660418401152881,-0.103985791007941,0.6666666666666666,C:\GoogleDrive\TP\07_backtest_code\runs\ad_hoc\nasx_gy_20260710_235429_s00\official_runs\2026-07-11_000859_research_NASDAQ-COMP_nasdaq_ext_subset_growth_confirmation_capital_efficiency_residual_risk_Top_2014-07-31\perf_ptf.parquet,C:\GoogleDrive\TP\07_backtest_code\runs\ad_hoc\nasx_gy_20260710_235429_s00\official_runs\2026-07-11_000859_research_NASDAQ-COMP_nasdaq_ext_subset_growth_confirmation_capital_efficiency_residual_risk_Top_2014-07-31\perf_bench.parquet,1.8642739830893769,-0.3313942337787816,-0.5549637575269764,0.3458680725342032,"growth_confirmation,capital_efficiency,residual_risk",,,,,,,,,,,,,,,,,,,,,,,,,,,,,,,,,,,,,,,,
nasdaq,new,family_subset_results,C:\GoogleDrive\TP\07_backtest_code\runs\ad_hoc\nasdaq_tech_factor_extension_20260710\family_subset_results.csv,NASDAQ COMP,nasdaq_ext_family_subset_81c2dfde1af0,Top,success,Run termine avec succes,2014-07-31,C:\GoogleDrive\TP\07_backtest_code\runs\ad_hoc\nasx_gy_20260710_235429_s02\official_runs\2026-07-11_000900_research_NASDAQ-COMP_nasdaq_ext_subset_capital_efficiency_intangible_investment_residual_risk_Top_2014-07-31,capital_efficiency + intangible_investment + residual_risk,family_subset,family_subset,,0.767013413017592,34139.0,2014-07-31,2026-06-30,406.4166666666667,"validated theme subset: capital_efficiency, intangible_investment, residual_risk",3057.0,71.9375,0.1490024231125168,True,0.2404910729143909,0.2593281825667598,0.9273618876825332,-0.3493943102729046,0.2955445468578053,0.0219793481297312,-0.2565721056773782,0.0972496519623688,0.30226848862223,-0.0640994640129531,0.75,C:\GoogleDrive\TP\07_backtest_code\runs\ad_hoc\nasx_gy_20260710_235429_s02\official_runs\2026-07-11_000900_research_NASDAQ-COMP_nasdaq_ext_subset_capital_efficiency_intangible_investment_residual_risk_Top_2014-07-31\perf_ptf.parquet,C:\GoogleDrive\TP\07_backtest_code\runs\ad_hoc\nasx_gy_20260710_235429_s02\official_runs\2026-07-11_000900_research_NASDAQ-COMP_nasdaq_ext_subset_capital_efficiency_intangible_investment_residual_risk_Top_2014-07-31\perf_bench.parquet,1.4435142512876835,-0.2634298312811419,-0.4698027457073028,0.3428083451715685,"capital_efficiency,intangible_investment,residual_risk",,,,,,,,,,,,,,,,,,,,,,,,,,,,,,,,,,,,,,,,
nasdaq,new,family_subset_results,C:\GoogleDrive\TP\07_backtest_code\runs\ad_hoc\nasdaq_tech_factor_extension_20260710\family_subset_results.csv,NASDAQ COMP,nasdaq_ext_family_subset_a7fa4040b218,Top,success,Run termine avec succes,2013-12-31,C:\GoogleDrive\TP\07_backtest_code\runs\ad_hoc\nasx_gy_20260711_002100_s01\official_runs\2026-07-11_002604_research_NASDAQ-COMP_nasdaq_ext_family_subset_a7fa4040b218_Top_2013-12-31,growth_confirmation + capital_efficiency + intangible_investment + residual_risk,family_subset,family_subset,,0.9173425599316992,40830.0,2013-12-31,2026-06-30,486.07142857142856,"validated theme subset: growth_confirmation, capital_efficiency, intangible_investment, residual_risk",3206.0,69.43708609271523,0.1516309177169488,True,0.2372377593011496,0.2655786687125345,0.8932861982147315,-0.3899776697106568,0.2523393435832992,0.0181705835234717,-0.3351318348482288,0.1181113604646046,0.2376751086755771,-0.1035442978056696,0.75,C:\GoogleDrive\TP\07_backtest_code\runs\ad_hoc\nasx_gy_20260711_002100_s01\official_runs\2026-07-11_002604_research_NASDAQ-COMP_nasdaq_ext_family_subset_a7fa4040b218_Top_2013-12-31\perf_ptf.parquet,C:\GoogleDrive\TP\07_backtest_code\runs\ad_hoc\nasx_gy_20260711_002100_s01\official_runs\2026-07-11_002604_research_NASDAQ-COMP_nasdaq_ext_family_subset_a7fa4040b218_Top_2013-12-31\perf_bench.parquet,1.9640572558394376,-0.3230844759697711,-0.5774915139995735,0.342448643536286,"growth_confirmation,capital_efficiency,intangible_investment,residual_risk",,,,,,,,,,,,,,,,,,,,,,,,,,,,,,,,,,,,,,,,
nasdaq,new,family_subset_results,C:\GoogleDrive\TP\07_backtest_code\runs\ad_hoc\nasdaq_tech_factor_extension_20260710\family_subset_results.csv,NASDAQ COMP,nasdaq_ext_family_subset_d658e6782b9c,Top,success,Run termine avec succes,2013-12-31,C:\GoogleDrive\TP\07_backtest_code\runs\ad_hoc\nasx_gy_20260711_001831_s03\official_runs\2026-07-11_001907_research_NASDAQ-COMP_nasdaq_ext_subset_revision_capital_efficiency_intangible_investment_residual_risk_Top_2013-12-31,revision + capital_efficiency + intangible_investment + residual_risk,family_subset,family_subset,,0.9171403536363432,40821.0,2013-12-31,2026-06-30,485.9642857142857,"validated theme subset: revision, capital_efficiency, intangible_investment, residual_risk",3206.0,69.43708609271523,0.1763003299933708,True,0.2326243633362745,0.2610445840543712,0.8911288628298943,-0.358947687413949,0.1952231991242117,0.0143740423766554,-0.3235274317116854,0.1062042179543166,0.2183311514116111,-0.0952214443619022,0.6666666666666666,C:\GoogleDrive\TP\07_backtest_code\runs\ad_hoc\nasx_gy_20260711_001831_s03\official_runs\2026-07-11_001907_research_NASDAQ-COMP_nasdaq_ext_subset_revision_capital_efficiency_intangible_investment_residual_risk_Top_2013-12-31\perf_ptf.parquet,C:\GoogleDrive\TP\07_backtest_code\runs\ad_hoc\nasx_gy_20260711_001831_s03\official_runs\2026-07-11_001907_research_NASDAQ-COMP_nasdaq_ext_subset_revision_capital_efficiency_intangible_investment_residual_risk_Top_2013-12-31\perf_bench.parquet,1.8796197174020677,-0.3005614892097542,-0.5849371387821595,0.2865525320856557,"revision,capital_efficiency,intangible_investment,residual_risk",,,,,,,,,,,,,,,,,,,,,,,,,,,,,,,,,,,,,,,,
nasdaq,new,family_subset_results,C:\GoogleDrive\TP\07_backtest_code\runs\ad_hoc\nasdaq_tech_factor_extension_20260710\family_subset_results.csv,NASDAQ COMP,nasdaq_ext_family_subset_d99f60e79f51,Top,success,Run termine avec succes,2014-01-31,C:\GoogleDrive\TP\07_backtest_code\runs\ad_hoc\nasx_gy_20260711_002100_s00\official_runs\2026-07-11_002724_research_NASDAQ-COMP_nasdaq_ext_family_subset_d99f60e79f51_Top_2014-01-31,revision + quality_improvement + earnings_yield_improvement + growth_confirmation + residual_risk,family_subset,family_subset,,0.9340358129816442,41573.0,2014-01-31,2026-06-30,494.9166666666667,"validated theme subset: revision, quality_improvement, earnings_yield_improvement, growth_confirmation, residual_risk",3184.0,69.78,0.2113653787623884,True,0.2379636585230808,0.2714195917617121,0.8767372206940636,-0.3981294431033713,0.2147533192153801,0.0158023098581154,-0.368202822415512,0.1242093911045999,0.2198607316524267,-0.1166437114591379,0.6666666666666666,C:\GoogleDrive\TP\07_backtest_code\runs\ad_hoc\nasx_gy_20260711_002100_s00\official_runs\2026-07-11_002724_research_NASDAQ-COMP_nasdaq_ext_family_subset_d99f60e79f51_Top_2014-01-31\perf_ptf.parquet,C:\GoogleDrive\TP\07_backtest_code\runs\ad_hoc\nasx_gy_20260711_002100_s00\official_runs\2026-07-11_002724_research_NASDAQ-COMP_nasdaq_ext_family_subset_d99f60e79f51_Top_2014-01-31\perf_bench.parquet,2.027371726840603,-0.3325949578493188,-0.5987432569164179,0.2511804352409194,"revision,quality_improvement,earnings_yield_improvement,growth_confirmation,residual_risk",,,,,,,,,,,,,,,,,,,,,,,,,,,,,,,,,,,,,,,,
nasdaq,new,family_subset_results,C:\GoogleDrive\TP\07_backtest_code\runs\ad_hoc\nasdaq_tech_factor_extension_20260710\family_subset_results.csv,NASDAQ COMP,nasdaq_ext_family_subset_7f5ba66ca4d5,Top,success,Run termine avec succes,2014-07-31,C:\GoogleDrive\TP\07_backtest_code\runs\ad_hoc\nasx_gy_20260710_235429_s01\official_runs\2026-07-11_000902_research_NASDAQ-COMP_nasdaq_ext_subset_growth_confirmation_intangible_investment_residual_risk_Top_2014-07-31,growth_confirmation + intangible_investment + residual_risk,family_subset,family_subset,,0.7672605540452493,34150.0,2014-07-31,2026-06-30,406.54761904761904,"validated theme subset: growth_confirmation, intangible_investment, residual_risk",3057.0,71.9375,0.1468900167879125,True,0.2326297704271438,0.2601490109490514,0.8942173932489135,-0.3466710497327355,0.201074414185536,0.0155028091470745,-0.2559654203331061,0.0974865886123048,0.2396136297788387,-0.0645906098641054,0.6666666666666666,C:\GoogleDrive\TP\07_backtest_code\runs\ad_hoc\nasx_gy_20260710_235429_s01\official_runs\2026-07-11_000902_research_NASDAQ-COMP_nasdaq_ext_subset_growth_confirmation_intangible_investment_residual_risk_Top_2014-07-31\perf_ptf.parquet,C:\GoogleDrive\TP\07_backtest_code\runs\ad_hoc\nasx_gy_20260710_235429_s01\official_runs\2026-07-11_000902_research_NASDAQ-COMP_nasdaq_ext_subset_growth_confirmation_intangible_investment_residual_risk_Top_2014-07-31\perf_bench.parquet,1.419004828084601,-0.2852902106510309,-0.5034840773192825,0.2365687890852141,"growth_confirmation,intangible_investment,residual_risk",,,,,,,,,,,,,,,,,,,,,,,,,,,,,,,,,,,,,,,,
nasdaq,new,family_subset_results,C:\GoogleDrive\TP\07_backtest_code\runs\ad_hoc\nasdaq_tech_factor_extension_20260710\family_subset_results.csv,NASDAQ COMP,nasdaq_ext_family_subset_4659825c2b11,Top,success,Run termine avec succes,2013-12-31,C:\GoogleDrive\TP\07_backtest_code\runs\ad_hoc\nasx_gy_20260710_235429_s03\official_runs\2026-07-11_001332_research_NASDAQ-COMP_nasdaq_ext_subset_revision_growth_confirmation_intangible_investment_residual_risk_Top_2013-12-31,revision + growth_confirmation + intangible_investment + residual_risk,family_subset,family_subset,,0.9171852883686444,40823.0,2013-12-31,2026-06-30,485.9880952380952,"validated theme subset: revision, growth_confirmation, intangible_investment, residual_risk",3206.0,69.43708609271523,0.1691191918262951,True,0.2305060771535692,0.2629763220865402,0.8765278764440028,-0.3614281777855688,0.1698091937951795,0.0126308231267571,-0.3528244474315855,0.1080394052747869,0.2037706389242729,-0.1022690075611094,0.6666666666666666,C:\GoogleDrive\TP\07_backtest_code\runs\ad_hoc\nasx_gy_20260710_235429_s03\official_runs\2026-07-11_001332_research_NASDAQ-COMP_nasdaq_ext_subset_revision_growth_confirmation_intangible_investment_residual_risk_Top_2013-12-31\perf_ptf.parquet,C:\GoogleDrive\TP\07_backtest_code\runs\ad_hoc\nasx_gy_20260710_235429_s03\official_runs\2026-07-11_001332_research_NASDAQ-COMP_nasdaq_ext_subset_revision_growth_confirmation_intangible_investment_residual_risk_Top_2013-12-31\perf_bench.parquet,1.956616449322984,-0.3097237774965978,-0.6043419179166623,0.232160110757604,"revision,growth_confirmation,intangible_investment,residual_risk",,,,,,,,,,,,,,,,,,,,,,,,,,,,,,,,,,,,,,,,
nasdaq,new,family_subset_results,C:\GoogleDrive\TP\07_backtest_code\runs\ad_hoc\nasdaq_tech_factor_extension_20260710\family_subset_results.csv,NASDAQ COMP,nasdaq_ext_family_subset_3fc092cdb4ec,Top,success,Run termine avec succes,2014-03-31,C:\GoogleDrive\TP\07_backtest_code\runs\ad_hoc\nasx_gy_20260710_235429_s05\official_runs\2026-07-11_000536_research_NASDAQ-COMP_nasdaq_ext_subset_earnings_yield_improvement_growth_confirmation_capital_efficiency_Top_2014-03-31,earnings_yield_improvement + growth_confirmation + capital_efficiency,family_subset,family_subset,,0.8602754499090072,38290.0,2014-03-31,2026-06-30,455.8333333333333,"validated theme subset: earnings_yield_improvement, growth_confirmation, capital_efficiency",3142.0,70.47972972972973,0.1947420262664683,True,0.2452287058267648,0.2765494310189337,0.8867445683154395,-0.3741551592360246,0.3246348709205033,0.0232169636259724,-0.3480091647188126,0.1213199921697481,0.2936622000373461,-0.1028884355243725,0.6666666666666666,C:\GoogleDrive\TP\07_backtest_code\runs\ad_hoc\nasx_gy_20260710_235429_s05\official_runs\2026-07-11_000536_research_NASDAQ-COMP_nasdaq_ext_subset_earnings_yield_improvement_growth_confirmation_capital_efficiency_Top_2014-03-31\perf_ptf.parquet,C:\GoogleDrive\TP\07_backtest_code\runs\ad_hoc\nasx_gy_20260710_235429_s05\official_runs\2026-07-11_000536_research_NASDAQ-COMP_nasdaq_ext_subset_earnings_yield_improvement_growth_confirmation_capital_efficiency_Top_2014-03-31\perf_bench.parquet,1.6542129615656145,-0.329602160307757,-0.5009312025440664,0.2315145945715647,"earnings_yield_improvement,growth_confirmation,capital_efficiency",,,,,,,,,,,,,,,,,,,,,,,,,,,,,,,,,,,,,,,,
nasdaq,new,family_subset_results,C:\GoogleDrive\TP\07_backtest_code\runs\ad_hoc\nasdaq_tech_factor_extension_20260710\family_subset_results.csv,NASDAQ COMP,nasdaq_ext_family_subset_c7a6224a4214,Top,success,Run termine avec succes,2014-07-31,C:\GoogleDrive\TP\07_backtest_code\runs\ad_hoc\nasx_gy_20260710_235429_s00\official_runs\2026-07-11_000205_research_NASDAQ-COMP_nasdaq_ext_subset_revision_earnings_yield_improvement_residual_risk_Top_2014-07-31,revision + earnings_yield_improvement + residual_risk,family_subset,family_subset,,0.7309308229796221,32533.0,2014-07-31,2026-06-30,387.29761904761904,"validated theme subset: revision, earnings_yield_improvement, residual_risk",3057.0,71.9375,0.1968125963439708,True,0.235243249141956,0.2527850642856201,0.9306058085621556,-0.3612174300629696,0.2317564549639752,0.0176559252247581,-0.3056573692119492,0.0987370494778595,0.2385438568123915,-0.0830078121393621,0.4166666666666667,C:\GoogleDrive\TP\07_backtest_code\runs\ad_hoc\nasx_gy_20260710_235429_s00\official_runs\2026-07-11_000205_research_NASDAQ-COMP_nasdaq_ext_subset_revision_earnings_yield_improvement_residual_risk_Top_2014-07-31\perf_ptf.parquet,C:\GoogleDrive\TP\07_backtest_code\runs\ad_hoc\nasx_gy_20260710_235429_s00\official_runs\2026-07-11_000205_research_NASDAQ-COMP_nasdaq_ext_subset_revision_earnings_yield_improvement_residual_risk_Top_2014-07-31\perf_bench.parquet,1.53836332861457,-0.1617961040225826,-0.514743834706963,0.2078785192301402,"revision,earnings_yield_improvement,residual_risk",,,,,,,,,,,,,,,,,,,,,,,,,,,,,,,,,,,,,,,,
nasdaq,new,family_subset_results,C:\GoogleDrive\TP\07_backtest_code\runs\ad_hoc\nasdaq_tech_factor_extension_20260710\family_subset_results.csv,NASDAQ COMP,nasdaq_ext_family_subset_d593131d8f4d,Top,success,Run termine avec succes,2013-12-31,C:\GoogleDrive\TP\07_backtest_code\runs\ad_hoc\nasx_gy_20260711_002100_s01\official_runs\2026-07-11_003003_research_NASDAQ-COMP_nasdaq_ext_family_subset_d593131d8f4d_Top_2013-12-31,revision + earnings_yield_improvement + growth_confirmation + capital_efficiency + residual_risk,family_subset,family_subset,,0.9573569390460356,42611.0,2013-12-31,2026-06-30,507.2738095238095,"validated theme subset: revision, earnings_yield_improvement, growth_confirmation, capital_efficiency, residual_risk",3206.0,69.43708609271523,0.194156265977299,True,0.2353576662574337,0.2621601878023191,0.8977628076575236,-0.3706453207931054,0.2287663911293962,0.0166233825776487,-0.3920438529431851,0.106396613076514,0.2413428606646099,-0.0925455609787218,0.6666666666666666,C:\GoogleDrive\TP\07_backtest_code\runs\ad_hoc\nasx_gy_20260711_002100_s01\official_runs\2026-07-11_003003_research_NASDAQ-COMP_nasdaq_ext_family_subset_d593131d8f4d_Top_2013-12-31\perf_ptf.parquet,C:\GoogleDrive\TP\07_backtest_code\runs\ad_hoc\nasx_gy_20260711_002100_s01\official_runs\2026-07-11_003003_research_NASDAQ-COMP_nasdaq_ext_family_subset_d593131d8f4d_Top_2013-12-31\perf_bench.parquet,1.9222290258257364,-0.245676658725042,-0.5795105789895496,0.2068510241006583,"revision,earnings_yield_improvement,growth_confirmation,capital_efficiency,residual_risk",,,,,,,,,,,,,,,,,,,,,,,,,,,,,,,,,,,,,,,,
nasdaq,new,family_subset_results,C:\GoogleDrive\TP\07_backtest_code\runs\ad_hoc\nasdaq_tech_factor_extension_20260710\family_subset_results.csv,NASDAQ COMP,nasdaq_ext_subset_revision_residual_risk,Top,success,Run termine avec succes,2014-07-31,C:\GoogleDrive\TP\07_backtest_code\runs\ad_hoc\nasx_gy_20260710_235429_s00\official_runs\2026-07-10_235508_research_NASDAQ-COMP_nasdaq_ext_subset_revision_residual_risk_Top_2014-07-31,revision + residual_risk,family_subset,family_subset,,0.7677099013682626,34170.0,2014-07-31,2026-06-30,406.7857142857143,"validated theme subset: revision, residual_risk",3057.0,71.9375,0.1681764464435157,True,0.2329808044675363,0.264408909650938,0.8811382520169544,-0.3694343501138981,0.2051544154126894,0.0157920087613281,-0.2915795519661757,0.1054338534984838,0.2350830391611124,-0.0717953257885167,0.5833333333333334,C:\GoogleDrive\TP\07_backtest_code\runs\ad_hoc\nasx_gy_20260710_235429_s00\official_runs\2026-07-10_235508_research_NASDAQ-COMP_nasdaq_ext_subset_revision_residual_risk_Top_2014-07-31\perf_ptf.parquet,C:\GoogleDrive\TP\07_backtest_code\runs\ad_hoc\nasx_gy_20260710_235429_s00\official_runs\2026-07-10_235508_research_NASDAQ-COMP_nasdaq_ext_subset_revision_residual_risk_Top_2014-07-31\perf_bench.parquet,1.3833394074839664,-0.2896298016439516,-0.4943420934389946,0.1364358359353206,"revision,residual_risk",,,,,,,,,,,,,,,,,,,,,,,,,,,,,,,,,,,,,,,,
nasdaq,new,family_subset_results,C:\GoogleDrive\TP\07_backtest_code\runs\ad_hoc\nasdaq_tech_factor_extension_20260710\family_subset_results.csv,NASDAQ COMP,nasdaq_ext_family_subset_a43516f44b1a,Top,success,Run termine avec succes,2013-12-31,C:\GoogleDrive\TP\07_backtest_code\runs\ad_hoc\nasx_gy_20260711_001615_s05\official_runs\2026-07-11_001653_research_NASDAQ-COMP_nasdaq_ext_subset_revision_growth_confirmation_capital_efficiency_residual_risk_Top_2013-12-31,revision + growth_confirmation + capital_efficiency + residual_risk,family_subset,family_subset,,0.9568177222584195,42587.0,2013-12-31,2026-06-30,506.9880952380952,"validated theme subset: revision, growth_confirmation, capital_efficiency, residual_risk",3206.0,69.43708609271523,0.1730826721364573,True,0.2335783674443838,0.2709820098375229,0.8619700163285164,-0.3992390656497723,0.2068338573190913,0.0151591290846349,-0.3487319606093862,0.1252854136879728,0.2124788484334225,-0.1139772096683514,0.75,C:\GoogleDrive\TP\07_backtest_code\runs\ad_hoc\nasx_gy_20260711_001615_s05\official_runs\2026-07-11_001653_research_NASDAQ-COMP_nasdaq_ext_subset_revision_growth_confirmation_capital_efficiency_residual_risk_Top_2013-12-31\perf_ptf.parquet,C:\GoogleDrive\TP\07_backtest_code\runs\ad_hoc\nasx_gy_20260711_001615_s05\official_runs\2026-07-11_001653_research_NASDAQ-COMP_nasdaq_ext_subset_revision_growth_confirmation_capital_efficiency_residual_risk_Top_2013-12-31\perf_bench.parquet,1.728801066542537,-0.3532707185530161,-0.557742089697956,0.1345078460152629,"revision,growth_confirmation,capital_efficiency,residual_risk",,,,,,,,,,,,,,,,,,,,,,,,,,,,,,,,,,,,,,,,
nasdaq,new,family_subset_results,C:\GoogleDrive\TP\07_backtest_code\runs\ad_hoc\nasdaq_tech_factor_extension_20260710\family_subset_results.csv,NASDAQ COMP,nasdaq_ext_family_subset_6265928de533,Top,success,Run termine avec succes,2014-03-31,C:\GoogleDrive\TP\07_backtest_code\runs\ad_hoc\nasx_gy_20260710_235429_s02\official_runs\2026-07-11_000716_research_NASDAQ-COMP_nasdaq_ext_subset_earnings_yield_improvement_capital_efficiency_intangible_investment_Top_2014-03-31,earnings_yield_improvement + capital_efficiency + intangible_investment,family_subset,family_subset,,0.8281471163135545,36860.0,2014-03-31,2026-06-30,438.8095238095238,"validated theme subset: earnings_yield_improvement, capital_efficiency, intangible_investment",3142.0,70.47972972972973,0.2041686653638453,True,0.2370689658138656,0.2711521680644765,0.8743023059933402,-0.3872391414272741,0.2221437234407677,0.0165120231111031,-0.368897642377725,0.1177584184533728,0.2348051066628271,-0.0986157484855966,0.5833333333333334,C:\GoogleDrive\TP\07_backtest_code\runs\ad_hoc\nasx_gy_20260710_235429_s02\official_runs\2026-07-11_000716_research_NASDAQ-COMP_nasdaq_ext_subset_earnings_yield_improvement_capital_efficiency_intangible_investment_Top_2014-03-31\perf_ptf.parquet,C:\GoogleDrive\TP\07_backtest_code\runs\ad_hoc\nasx_gy_20260710_235429_s02\official_runs\2026-07-11_000716_research_NASDAQ-COMP_nasdaq_ext_subset_earnings_yield_improvement_capital_efficiency_intangible_investment_Top_2014-03-31\perf_bench.parquet,1.657662236230034,-0.3443465315258305,-0.5401433234140348,0.0968053898613651,"earnings_yield_improvement,capital_efficiency,intangible_investment",,,,,,,,,,,,,,,,,,,,,,,,,,,,,,,,,,,,,,,,
nasdaq,new,family_subset_results,C:\GoogleDrive\TP\07_backtest_code\runs\ad_hoc\nasdaq_tech_factor_extension_20260710\family_subset_results.csv,NASDAQ COMP,nasdaq_ext_family_subset_8a625d92f197,Top,success,Run termine avec succes,2014-07-31,C:\GoogleDrive\TP\07_backtest_code\runs\ad_hoc\nasx_gy_20260710_235429_s03\official_runs\2026-07-11_000715_research_NASDAQ-COMP_nasdaq_ext_subset_earnings_yield_improvement_capital_efficiency_residual_risk_Top_2014-07-31,earnings_yield_improvement + capital_efficiency + residual_risk,family_subset,family_subset,,0.7307286166842661,32524.0,2014-07-31,2026-06-30,387.1904761904762,"validated theme subset: earnings_yield_improvement, capital_efficiency, residual_risk",3057.0,71.9375,0.1978432586973562,True,0.2411433600208987,0.2592384570270436,0.930199025199964,-0.3531711532646538,0.3036811400263028,0.0225167352713702,-0.3077367842688137,0.1014195479950879,0.2946703621146246,-0.0844162983772314,0.5,C:\GoogleDrive\TP\07_backtest_code\runs\ad_hoc\nasx_gy_20260710_235429_s03\official_runs\2026-07-11_000715_research_NASDAQ-COMP_nasdaq_ext_subset_earnings_yield_improvement_capital_efficiency_residual_risk_Top_2014-07-31\perf_ptf.parquet,C:\GoogleDrive\TP\07_backtest_code\runs\ad_hoc\nasx_gy_20260710_235429_s03\official_runs\2026-07-11_000715_research_NASDAQ-COMP_nasdaq_ext_subset_earnings_yield_improvement_capital_efficiency_residual_risk_Top_2014-07-31\perf_bench.parquet,1.1560657784229145,-0.2746401961216235,-0.3953425943340656,0.0804046143278134,"earnings_yield_improvement,capital_efficiency,residual_risk",,,,,,,,,,,,,,,,,,,,,,,,,,,,,,,,,,,,,,,,
nasdaq,new,family_subset_results,C:\GoogleDrive\TP\07_backtest_code\runs\ad_hoc\nasdaq_tech_factor_extension_20260710\family_subset_results.csv,NASDAQ COMP,nasdaq_ext_family_subset_8d11279bc3d8,Top,success,Run termine avec succes,2013-12-31,C:\GoogleDrive\TP\07_backtest_code\runs\ad_hoc\nasx_gy_20260711_002100_s00\official_runs\2026-07-11_003123_research_NASDAQ-COMP_nasdaq_ext_family_subset_8d11279bc3d8_Top_2013-12-31,revision + growth_confirmation + capital_efficiency + intangible_investment + residual_risk,family_subset,family_subset,,0.957064863286077,42598.0,2013-12-31,2026-06-30,507.1190476190476,"validated theme subset: revision, growth_confirmation, capital_efficiency, intangible_investment, residual_risk",3206.0,69.43708609271523,0.1694966241475795,True,0.2313414158417492,0.2627971196424055,0.8803042291960474,-0.3589476874139492,0.1797711487982802,0.0133182554922746,-0.3395831590450318,0.1077886398358412,0.2099203866585212,-0.0967216755721314,0.6666666666666666,C:\GoogleDrive\TP\07_backtest_code\runs\ad_hoc\nasx_gy_20260711_002100_s00\official_runs\2026-07-11_003123_research_NASDAQ-COMP_nasdaq_ext_family_subset_8d11279bc3d8_Top_2013-12-31\perf_ptf.parquet,C:\GoogleDrive\TP\07_backtest_code\runs\ad_hoc\nasx_gy_20260711_002100_s00\official_runs\2026-07-11_003123_research_NASDAQ-COMP_nasdaq_ext_family_subset_8d11279bc3d8_Top_2013-12-31\perf_bench.parquet,1.5560458662451229,-0.303498833020036,-0.5384389754588461,0.0741174484228054,"revision,growth_confirmation,capital_efficiency,intangible_investment,residual_risk",,,,,,,,,,,,,,,,,,,,,,,,,,,,,,,,,,,,,,,,
nasdaq,new,family_subset_results,C:\GoogleDrive\TP\07_backtest_code\runs\ad_hoc\nasdaq_tech_factor_extension_20260710\family_subset_results.csv,NASDAQ COMP,nasdaq_ext_subset_growth_confirmation_capital_efficiency,Top,success,Run termine avec succes,2013-12-31,C:\GoogleDrive\TP\07_backtest_code\runs\ad_hoc\nasx_gy_20260710_235429_s04\official_runs\2026-07-10_235654_research_NASDAQ-COMP_nasdaq_ext_subset_growth_confirmation_capital_efficiency_Top_2013-12-31,growth_confirmation + capital_efficiency,family_subset,family_subset,,0.9571097980183784,42600.0,2013-12-31,2026-06-30,507.1428571428572,"validated theme subset: growth_confirmation, capital_efficiency",3206.0,69.43708609271523,0.1520751315100948,True,0.2333879698422964,0.2762215001337199,0.8449304986371896,-0.3679216785459605,0.2045083785359085,0.015002443567917,-0.4067603706962425,0.1308331178775128,0.2130316375077526,-0.1149822543816815,0.5,C:\GoogleDrive\TP\07_backtest_code\runs\ad_hoc\nasx_gy_20260710_235429_s04\official_runs\2026-07-10_235654_research_NASDAQ-COMP_nasdaq_ext_subset_growth_confirmation_capital_efficiency_Top_2013-12-31\perf_ptf.parquet,C:\GoogleDrive\TP\07_backtest_code\runs\ad_hoc\nasx_gy_20260710_235429_s04\official_runs\2026-07-10_235654_research_NASDAQ-COMP_nasdaq_ext_subset_growth_confirmation_capital_efficiency_Top_2013-12-31\perf_bench.parquet,1.827942234445521,-0.33508856274439,-0.5740689594488558,0.0591433821069896,"growth_confirmation,capital_efficiency",,,,,,,,,,,,,,,,,,,,,,,,,,,,,,,,,,,,,,,,
nasdaq,new,family_subset_results,C:\GoogleDrive\TP\07_backtest_code\runs\ad_hoc\nasdaq_tech_factor_extension_20260710\family_subset_results.csv,NASDAQ COMP,nasdaq_ext_family_subset_fcf9dafe8461,Top,success,Run termine avec succes,2014-03-31,C:\GoogleDrive\TP\07_backtest_code\runs\ad_hoc\nasx_gy_20260710_235429_s04\official_runs\2026-07-11_000025_research_NASDAQ-COMP_nasdaq_ext_subset_revision_earnings_yield_improvement_capital_efficiency_Top_2014-03-31,revision + earnings_yield_improvement + capital_efficiency,family_subset,family_subset,,0.8598485699521445,38271.0,2014-03-31,2026-06-30,455.6071428571428,"validated theme subset: revision, earnings_yield_improvement, capital_efficiency",3142.0,70.47972972972973,0.2077653603971461,True,0.2417147254994875,0.2691607711019041,0.8980310336827446,-0.3687554828936632,0.2795666219860033,0.0203294906148756,-0.3076006356605569,0.1152760825050114,0.2673178202381578,-0.0927236073367716,0.6666666666666666,C:\GoogleDrive\TP\07_backtest_code\runs\ad_hoc\nasx_gy_20260710_235429_s04\official_runs\2026-07-11_000025_research_NASDAQ-COMP_nasdaq_ext_subset_revision_earnings_yield_improvement_capital_efficiency_Top_2014-03-31\perf_ptf.parquet,C:\GoogleDrive\TP\07_backtest_code\runs\ad_hoc\nasx_gy_20260710_235429_s04\official_runs\2026-07-11_000025_research_NASDAQ-COMP_nasdaq_ext_subset_revision_earnings_yield_improvement_capital_efficiency_Top_2014-03-31\perf_bench.parquet,1.2006335854063797,-0.323754541025045,-0.4185462630073818,0.0566824535262961,"revision,earnings_yield_improvement,capital_efficiency",,,,,,,,,,,,,,,,,,,,,,,,,,,,,,,,,,,,,,,,
nasdaq,new,family_subset_results,C:\GoogleDrive\TP\07_backtest_code\runs\ad_hoc\nasdaq_tech_factor_extension_20260710\family_subset_results.csv,NASDAQ COMP,nasdaq_ext_subset_earnings_yield_improvement_capital_efficiency,Top,success,Run termine avec succes,2014-03-31,C:\GoogleDrive\TP\07_backtest_code\runs\ad_hoc\nasx_gy_20260710_235429_s01\official_runs\2026-07-10_235653_research_NASDAQ-COMP_nasdaq_ext_subset_earnings_yield_improvement_capital_efficiency_Top_2014-03-31,earnings_yield_improvement + capital_efficiency,family_subset,family_subset,,0.8602754499090072,38290.0,2014-03-31,2026-06-30,455.8333333333333,"validated theme subset: earnings_yield_improvement, capital_efficiency",3142.0,70.47972972972973,0.2241804111255897,True,0.2391258546065915,0.2738541502221265,0.8731868931423297,-0.3872391414272733,0.2472689824470046,0.018202189339332,-0.3924518847739852,0.1223228969120675,0.245458087459761,-0.1103883044589213,0.5833333333333334,C:\GoogleDrive\TP\07_backtest_code\runs\ad_hoc\nasx_gy_20260710_235429_s01\official_runs\2026-07-10_235653_research_NASDAQ-COMP_nasdaq_ext_subset_earnings_yield_improvement_capital_efficiency_Top_2014-03-31\perf_ptf.parquet,C:\GoogleDrive\TP\07_backtest_code\runs\ad_hoc\nasx_gy_20260710_235429_s01\official_runs\2026-07-10_235653_research_NASDAQ-COMP_nasdaq_ext_subset_earnings_yield_improvement_capital_efficiency_Top_2014-03-31\perf_bench.parquet,1.626030207397435,-0.3492883622628711,-0.5250363156777513,0.042669115226763,"earnings_yield_improvement,capital_efficiency",,,,,,,,,,,,,,,,,,,,,,,,,,,,,,,,,,,,,,,,
nasdaq,new,family_subset_results,C:\GoogleDrive\TP\07_backtest_code\runs\ad_hoc\nasdaq_tech_factor_extension_20260710\family_subset_results.csv,NASDAQ COMP,nasdaq_ext_family_subset_d2f1dd295bbd,Top,success,Run termine avec succes,2014-07-31,C:\GoogleDrive\TP\07_backtest_code\runs\ad_hoc\nasx_gy_20260710_235429_s04\official_runs\2026-07-11_000718_research_NASDAQ-COMP_nasdaq_ext_subset_earnings_yield_improvement_intangible_investment_residual_risk_Top_2014-07-31,earnings_yield_improvement + intangible_investment + residual_risk,family_subset,family_subset,,0.7305264103889101,32515.0,2014-07-31,2026-06-30,387.0833333333333,"validated theme subset: earnings_yield_improvement, intangible_investment, residual_risk",3057.0,71.9375,0.2060842282563708,True,0.230639028530037,0.2512638563190443,0.9179156600907264,-0.336246739633969,0.1781747667857616,0.0138627351870743,-0.3498625405824029,0.0963081120372898,0.2021494470415531,-0.0802977389063837,0.5,C:\GoogleDrive\TP\07_backtest_code\runs\ad_hoc\nasx_gy_20260710_235429_s04\official_runs\2026-07-11_000718_research_NASDAQ-COMP_nasdaq_ext_subset_earnings_yield_improvement_intangible_investment_residual_risk_Top_2014-07-31\perf_ptf.parquet,C:\GoogleDrive\TP\07_backtest_code\runs\ad_hoc\nasx_gy_20260710_235429_s04\official_runs\2026-07-11_000718_research_NASDAQ-COMP_nasdaq_ext_subset_earnings_yield_improvement_intangible_investment_residual_risk_Top_2014-07-31\perf_bench.parquet,1.469626057057289,-0.2215112311858763,-0.5229339424003208,0.0366568632059266,"earnings_yield_improvement,intangible_investment,residual_risk",,,,,,,,,,,,,,,,,,,,,,,,,,,,,,,,,,,,,,,,
nasdaq,new,family_subset_results,C:\GoogleDrive\TP\07_backtest_code\runs\ad_hoc\nasdaq_tech_factor_extension_20260710\family_subset_results.csv,NASDAQ COMP,nasdaq_ext_family_subset_9d67a6fd95b6,Top,success,Run termine avec succes,2014-03-31,C:\GoogleDrive\TP\07_backtest_code\runs\ad_hoc\nasx_gy_20260710_235429_s03\official_runs\2026-07-11_001210_research_NASDAQ-COMP_nasdaq_ext_subset_revision_earnings_yield_improvement_growth_confirmation_residual_risk_Top_2014-03-31,revision + earnings_yield_improvement + growth_confirmation + residual_risk,family_subset,family_subset,,0.8969421914668944,39922.0,2014-03-31,2026-06-30,475.2619047619048,"validated theme subset: revision, earnings_yield_improvement, growth_confirmation, residual_risk",3142.0,70.47972972972973,0.1993371889007062,True,0.2369349342164517,0.2567569812001711,0.922798410812184,-0.354860313904641,0.2205227470980306,0.0164018879981766,-0.3588836684115479,0.1003471209658428,0.2368631765926302,-0.0934190261798377,0.6666666666666666,C:\GoogleDrive\TP\07_backtest_code\runs\ad_hoc\nasx_gy_20260710_235429_s03\official_runs\2026-07-11_001210_research_NASDAQ-COMP_nasdaq_ext_subset_revision_earnings_yield_improvement_growth_confirmation_residual_risk_Top_2014-03-31\perf_ptf.parquet,C:\GoogleDrive\TP\07_backtest_code\runs\ad_hoc\nasx_gy_20260710_235429_s03\official_runs\2026-07-11_001210_research_NASDAQ-COMP_nasdaq_ext_subset_revision_earnings_yield_improvement_growth_confirmation_residual_risk_Top_2014-03-31\perf_bench.parquet,1.3883406383112802,-0.2715584004866197,-0.4889662188384386,0.0031595822848942,"revision,earnings_yield_improvement,growth_confirmation,residual_risk",,,,,,,,,,,,,,,,,,,,,,,,,,,,,,,,,,,,,,,,
nasdaq,new,family_subset_results,C:\GoogleDrive\TP\07_backtest_code\runs\ad_hoc\nasdaq_tech_factor_extension_20260710\family_subset_results.csv,NASDAQ COMP,nasdaq_ext_family_subset_59db058605ef,Top,success,Run termine avec succes,2014-03-31,C:\GoogleDrive\TP\07_backtest_code\runs\ad_hoc\nasx_gy_20260710_235429_s03\official_runs\2026-07-11_000023_research_NASDAQ-COMP_nasdaq_ext_subset_revision_earnings_yield_improvement_growth_confirmation_Top_2014-03-31,revision + earnings_yield_improvement + growth_confirmation,family_subset,family_subset,,0.8601631130782539,38285.0,2014-03-31,2026-06-30,455.7738095238095,"validated theme subset: revision, earnings_yield_improvement, growth_confirmation",3142.0,70.47972972972973,0.202319145359222,True,0.2424759317079561,0.2698244306199027,0.8986433554251727,-0.3756665833935868,0.2892081786771641,0.0209549814196392,-0.3301115188800594,0.1159139192733635,0.2726275315870631,-0.1047807907421676,0.5833333333333334,C:\GoogleDrive\TP\07_backtest_code\runs\ad_hoc\nasx_gy_20260710_235429_s03\official_runs\2026-07-11_000023_research_NASDAQ-COMP_nasdaq_ext_subset_revision_earnings_yield_improvement_growth_confirmation_Top_2014-03-31\perf_ptf.parquet,C:\GoogleDrive\TP\07_backtest_code\runs\ad_hoc\nasx_gy_20260710_235429_s03\official_runs\2026-07-11_000023_research_NASDAQ-COMP_nasdaq_ext_subset_revision_earnings_yield_improvement_growth_confirmation_Top_2014-03-31\perf_bench.parquet,1.1836672035041156,-0.3711470269575617,-0.409613252143742,0.0001240326535718,"revision,earnings_yield_improvement,growth_confirmation",,,,,,,,,,,,,,,,,,,,,,,,,,,,,,,,,,,,,,,,
nasdaq,new,family_subset_results,C:\GoogleDrive\TP\07_backtest_code\runs\ad_hoc\nasdaq_tech_factor_extension_20260710\family_subset_results.csv,NASDAQ COMP,nasdaq_ext_subset_revision_earnings_yield_improvement,Top,success,Run termine avec succes,2014-03-31,C:\GoogleDrive\TP\07_backtest_code\runs\ad_hoc\nasx_gy_20260710_234950_s00\official_runs\2026-07-10_235307_research_NASDAQ-COMP_nasdaq_ext_subset_revision_earnings_yield_improvement_Top_2014-03-31,revision + earnings_yield_improvement,family_subset,family_subset,,0.8638028263946618,38447.0,2014-03-31,2026-06-30,457.70238095238096,"validated theme subset: revision, earnings_yield_improvement",3142.0,70.47972972972973,0.2325960787559216,True,0.2366265725216478,0.2743157387257671,0.8626066211906382,-0.431308752357139,0.2168009187850259,0.0161485040891971,-0.3928088456788681,0.1210139282741553,0.232902705250989,-0.1036447529101965,0.5833333333333334,C:\GoogleDrive\TP\07_backtest_code\runs\ad_hoc\nasx_gy_20260710_234950_s00\official_runs\2026-07-10_235307_research_NASDAQ-COMP_nasdaq_ext_subset_revision_earnings_yield_improvement_Top_2014-03-31\perf_ptf.parquet,C:\GoogleDrive\TP\07_backtest_code\runs\ad_hoc\nasx_gy_20260710_234950_s00\official_runs\2026-07-10_235307_research_NASDAQ-COMP_nasdaq_ext_subset_revision_earnings_yield_improvement_Top_2014-03-31\perf_bench.parquet,1.4113922052661063,-0.306576506463987,-0.4953948527627644,-0.0877793511240088,"revision,earnings_yield_improvement",,,,,,,,,,,,,,,,,,,,,,,,,,,,,,,,,,,,,,,,
nasdaq,new,family_subset_results,C:\GoogleDrive\TP\07_backtest_code\runs\ad_hoc\nasdaq_tech_factor_extension_20260710\family_subset_results.csv,NASDAQ COMP,nasdaq_ext_family_subset_4cf3e3bb014f,Top,success,Run termine avec succes,2014-07-31,C:\GoogleDrive\TP\07_backtest_code\runs\ad_hoc\nasx_gy_20260710_235429_s01\official_runs\2026-07-11_000718_research_NASDAQ-COMP_nasdaq_ext_subset_earnings_yield_improvement_growth_confirmation_residual_risk_Top_2014-07-31,earnings_yield_improvement + growth_confirmation + residual_risk,family_subset,family_subset,,0.7309308229796221,32533.0,2014-07-31,2026-06-30,387.29761904761904,"validated theme subset: earnings_yield_improvement, growth_confirmation, residual_risk",3057.0,71.9375,0.1882165076775726,True,0.23295580669493,0.2574168102721493,0.9049751119541944,-0.3593466918009983,0.2048634517887406,0.0157714143306944,-0.3628228695141164,0.1101774052892757,0.2079230127245233,-0.1308664808490115,0.5,C:\GoogleDrive\TP\07_backtest_code\runs\ad_hoc\nasx_gy_20260710_235429_s01\official_runs\2026-07-11_000718_research_NASDAQ-COMP_nasdaq_ext_subset_earnings_yield_improvement_growth_confirmation_residual_risk_Top_2014-07-31\perf_ptf.parquet,C:\GoogleDrive\TP\07_backtest_code\runs\ad_hoc\nasx_gy_20260710_235429_s01\official_runs\2026-07-11_000718_research_NASDAQ-COMP_nasdaq_ext_subset_earnings_yield_improvement_growth_confirmation_residual_risk_Top_2014-07-31\perf_bench.parquet,1.2747369898821406,-0.3623955440587288,-0.4703284568071461,-0.1244576784367093,"earnings_yield_improvement,growth_confirmation,residual_risk",,,,,,,,,,,,,,,,,,,,,,,,,,,,,,,,,,,,,,,,
nasdaq,new,family_subset_results,C:\GoogleDrive\TP\07_backtest_code\runs\ad_hoc\nasdaq_tech_factor_extension_20260710\family_subset_results.csv,NASDAQ COMP,nasdaq_ext_subset_growth_confirmation_intangible_investment,Top,success,Run termine avec succes,2013-12-31,C:\GoogleDrive\TP\07_backtest_code\runs\ad_hoc\nasx_gy_20260710_235429_s05\official_runs\2026-07-10_235653_research_NASDAQ-COMP_nasdaq_ext_subset_growth_confirmation_intangible_investment_Top_2013-12-31,growth_confirmation + intangible_investment,family_subset,family_subset,,0.9169381473409872,40812.0,2013-12-31,2026-06-30,485.8571428571428,"validated theme subset: growth_confirmation, intangible_investment",3206.0,69.43708609271523,0.153669525032788,True,0.2216952784040793,0.2658804463065945,0.8338156546812623,-0.3501331214735742,0.0693455620911951,0.0053800776361385,-0.396679243198071,0.1105338482910205,0.14197853221857,-0.1172401354630345,0.5833333333333334,C:\GoogleDrive\TP\07_backtest_code\runs\ad_hoc\nasx_gy_20260710_235429_s05\official_runs\2026-07-10_235653_research_NASDAQ-COMP_nasdaq_ext_subset_growth_confirmation_intangible_investment_Top_2013-12-31\perf_ptf.parquet,C:\GoogleDrive\TP\07_backtest_code\runs\ad_hoc\nasx_gy_20260710_235429_s05\official_runs\2026-07-10_235653_research_NASDAQ-COMP_nasdaq_ext_subset_growth_confirmation_intangible_investment_Top_2013-12-31\perf_bench.parquet,1.5554324786707343,-0.3050016418601738,-0.5815402789873598,-0.1740706687236349,"growth_confirmation,intangible_investment",,,,,,,,,,,,,,,,,,,,,,,,,,,,,,,,,,,,,,,,
nasdaq,new,family_subset_results,C:\GoogleDrive\TP\07_backtest_code\runs\ad_hoc\nasdaq_tech_factor_extension_20260710\family_subset_results.csv,NASDAQ COMP,nasdaq_ext_family_subset_d27dbe31395d,Top,success,Run termine avec succes,2014-03-31,C:\GoogleDrive\TP\07_backtest_code\runs\ad_hoc\nasx_gy_20260710_235429_s02\official_runs\2026-07-10_235653_research_NASDAQ-COMP_nasdaq_ext_subset_earnings_yield_improvement_intangible_investment_Top_2014-03-31,earnings_yield_improvement + intangible_investment,family_subset,family_subset,,0.8382574310813543,37310.0,2014-03-31,2026-06-30,444.1666666666667,"validated theme subset: earnings_yield_improvement, intangible_investment",3142.0,70.47972972972973,0.2470661039817494,True,0.2234803643013432,0.2650055793292674,0.8433043744474171,-0.3869164454488737,0.0674910933718753,0.0053461324482029,-0.3741114251628425,0.1153542784387613,0.131027292895441,-0.1192736554995678,0.5,C:\GoogleDrive\TP\07_backtest_code\runs\ad_hoc\nasx_gy_20260710_235429_s02\official_runs\2026-07-10_235653_research_NASDAQ-COMP_nasdaq_ext_subset_earnings_yield_improvement_intangible_investment_Top_2014-03-31\perf_ptf.parquet,C:\GoogleDrive\TP\07_backtest_code\runs\ad_hoc\nasx_gy_20260710_235429_s02\official_runs\2026-07-10_235653_research_NASDAQ-COMP_nasdaq_ext_subset_earnings_yield_improvement_intangible_investment_Top_2014-03-31\perf_bench.parquet,1.4343493469063875,-0.2640119051921576,-0.5614881262919552,-0.1981850174389451,"earnings_yield_improvement,intangible_investment",,,,,,,,,,,,,,,,,,,,,,,,,,,,,,,,,,,,,,,,
nasdaq,new,family_subset_results,C:\GoogleDrive\TP\07_backtest_code\runs\ad_hoc\nasdaq_tech_factor_extension_20260710\family_subset_results.csv,NASDAQ COMP,nasdaq_ext_subset_earnings_yield_improvement_residual_risk,Top,success,Run termine avec succes,2014-07-31,C:\GoogleDrive\TP\07_backtest_code\runs\ad_hoc\nasx_gy_20260710_235429_s03\official_runs\2026-07-10_235654_research_NASDAQ-COMP_nasdaq_ext_subset_earnings_yield_improvement_residual_risk_Top_2014-07-31,earnings_yield_improvement + residual_risk,family_subset,family_subset,,0.7309308229796221,32533.0,2014-07-31,2026-06-30,387.29761904761904,"validated theme subset: earnings_yield_improvement, residual_risk",3057.0,71.9375,0.2215414783717188,True,0.2243615498391695,0.2548301835322805,0.8804355384013945,-0.3659653115493761,0.108557849611155,0.0086910304320222,-0.3742184809705872,0.1112735815660673,0.138215119653787,-0.1333513226349186,0.5,C:\GoogleDrive\TP\07_backtest_code\runs\ad_hoc\nasx_gy_20260710_235429_s03\official_runs\2026-07-10_235654_research_NASDAQ-COMP_nasdaq_ext_subset_earnings_yield_improvement_residual_risk_Top_2014-07-31\perf_ptf.parquet,C:\GoogleDrive\TP\07_backtest_code\runs\ad_hoc\nasx_gy_20260710_235429_s03\official_runs\2026-07-10_235654_research_NASDAQ-COMP_nasdaq_ext_subset_earnings_yield_improvement_residual_risk_Top_2014-07-31\perf_bench.parquet,0.746920631362328,-0.2973402086425785,-0.3654217428603775,-0.5110437008498414,"earnings_yield_improvement,residual_risk",,,,,,,,,,,,,,,,,,,,,,,,,,,,,,,,,,,,,,,,
nasdaq,new,family_subset_results,C:\GoogleDrive\TP\07_backtest_code\runs\ad_hoc\nasdaq_tech_factor_extension_20260710\family_subset_results.csv,NASDAQ COMP,nasdaq_ext_subset_earnings_yield_improvement_growth_confirmation,Top,success,Run termine avec succes,2014-03-31,C:\GoogleDrive\TP\07_backtest_code\runs\ad_hoc\nasx_gy_20260710_235429_s00\official_runs\2026-07-10_235652_research_NASDAQ-COMP_nasdaq_ext_subset_earnings_yield_improvement_growth_confirmation_Top_2014-03-31,earnings_yield_improvement + growth_confirmation,family_subset,family_subset,,0.8605899930351165,38304.0,2014-03-31,2026-06-30,456.0,"validated theme subset: earnings_yield_improvement, growth_confirmation",3142.0,70.47972972972973,0.2148633183150584,True,0.2247249388472112,0.2566599215533173,0.8755747196023665,-0.3579023365483459,0.0808687574710507,0.0063688118820053,-0.4408334090754919,0.1148893460516869,0.1217086413687762,-0.1341358060914399,0.4166666666666667,C:\GoogleDrive\TP\07_backtest_code\runs\ad_hoc\nasx_gy_20260710_235429_s00\official_runs\2026-07-10_235652_research_NASDAQ-COMP_nasdaq_ext_subset_earnings_yield_improvement_growth_confirmation_Top_2014-03-31\perf_ptf.parquet,C:\GoogleDrive\TP\07_backtest_code\runs\ad_hoc\nasx_gy_20260710_235429_s00\official_runs\2026-07-10_235652_research_NASDAQ-COMP_nasdaq_ext_subset_earnings_yield_improvement_growth_confirmation_Top_2014-03-31\perf_bench.parquet,0.9330779806278304,-0.3558742547459735,-0.4408561018733433,-0.5832842225091448,"earnings_yield_improvement,growth_confirmation",,,,,,,,,,,,,,,,,,,,,,,,,,,,,,,,,,,,,,,,
nasdaq,new,leave_one_out_results,C:\GoogleDrive\TP\07_backtest_code\runs\ad_hoc\nasdaq_tech_factor_extension_20260710\leave_one_out_results.csv,NASDAQ COMP,nasdaq_ext_theme_loo_ex_quality_improvement,Top,success,Run termine avec succes,2013-12-31,C:\GoogleDrive\TP\07_backtest_code\runs\ad_hoc\nasx_gy_20260711_002100_s01\official_runs\2026-07-11_003641_research_NASDAQ-COMP_nasdaq_ext_theme_loo_ex_quality_improvement_Top_2013-12-31,leave one theme out: ex quality_improvement,leave_one_out,leave_one_out,,0.9593790019995956,42701.0,2013-12-31,2026-06-30,508.3452380952381,exclude theme quality_improvement,3206.0,69.43708609271523,0.1936117171816762,True,0.2407157131779678,0.2605707579462306,0.923801715415972,-0.3702176984718741,0.2970465381690701,0.0210327256635791,-0.3650087715882488,0.1048757420745312,0.2814230422403247,-0.0870565010201358,0.5833333333333334,C:\GoogleDrive\TP\07_backtest_code\runs\ad_hoc\nasx_gy_20260711_002100_s01\official_runs\2026-07-11_003641_research_NASDAQ-COMP_nasdaq_ext_theme_loo_ex_quality_improvement_Top_2013-12-31\perf_ptf.parquet,C:\GoogleDrive\TP\07_backtest_code\runs\ad_hoc\nasx_gy_20260711_002100_s01\official_runs\2026-07-11_003641_research_NASDAQ-COMP_nasdaq_ext_theme_loo_ex_quality_improvement_Top_2013-12-31\perf_bench.parquet,1.9846330078608307,-0.2893204072560205,-0.5654251176767963,0.3674132558283207,,quality_improvement,,theme,nasdaq_ext_full_theme_composite,0.9388071159259318,0.0287452019576575,0.5713938600976111,0.0077124762940783,,,,,,,,,,,,,,,,,,,,,,,,,,,,,,,,
nasdaq,new,leave_one_out_results,C:\GoogleDrive\TP\07_backtest_code\runs\ad_hoc\nasdaq_tech_factor_extension_20260710\leave_one_out_results.csv,NASDAQ COMP,nasdaq_ext_theme_loo_ex_intangible_investment,Top,success,Run termine avec succes,2013-12-31,C:\GoogleDrive\TP\07_backtest_code\runs\ad_hoc\nasx_gy_20260711_002100_s01\official_runs\2026-07-11_003800_research_NASDAQ-COMP_nasdaq_ext_theme_loo_ex_intangible_investment_Top_2013-12-31,leave one theme out: ex intangible_investment,leave_one_out,leave_one_out,,0.9606371745040329,42757.0,2013-12-31,2026-06-30,509.0119047619048,exclude theme intangible_investment,3206.0,69.43708609271523,0.1974299601504197,True,0.2421137541975144,0.2718745823462632,0.8905347168098082,-0.398129443103371,0.3154277158230858,0.0221832274405904,-0.3816801904124393,0.1250442279344938,0.2690796981834818,-0.1166437114591371,0.6666666666666666,C:\GoogleDrive\TP\07_backtest_code\runs\ad_hoc\nasx_gy_20260711_002100_s01\official_runs\2026-07-11_003800_research_NASDAQ-COMP_nasdaq_ext_theme_loo_ex_intangible_investment_Top_2013-12-31\perf_ptf.parquet,C:\GoogleDrive\TP\07_backtest_code\runs\ad_hoc\nasx_gy_20260711_002100_s01\official_runs\2026-07-11_003800_research_NASDAQ-COMP_nasdaq_ext_theme_loo_ex_intangible_investment_Top_2013-12-31\perf_bench.parquet,2.788043349197721,-0.3336875627800076,-0.652742169357253,0.7044010702034366,,intangible_investment,,theme,nasdaq_ext_full_theme_composite,0.9388071159259318,0.0287452019576575,0.2344060457224952,0.006561974517067,,,,,,,,,,,,,,,,,,,,,,,,,,,,,,,,
nasdaq,new,leave_one_out_results,C:\GoogleDrive\TP\07_backtest_code\runs\ad_hoc\nasdaq_tech_factor_extension_20260710\leave_one_out_results.csv,NASDAQ COMP,nasdaq_ext_theme_loo_ex_earnings_yield_improvement,Top,success,Run termine avec succes,2013-12-31,C:\GoogleDrive\TP\07_backtest_code\runs\ad_hoc\nasx_gy_20260711_002100_s02\official_runs\2026-07-11_003633_research_NASDAQ-COMP_nasdaq_ext_theme_loo_ex_earnings_yield_improvement_Top_2013-12-31,leave one theme out: ex earnings_yield_improvement,leave_one_out,leave_one_out,,0.9615134017839088,42796.0,2013-12-31,2026-06-30,509.4761904761905,exclude theme earnings_yield_improvement,3206.0,69.43708609271523,0.1821550481949762,True,0.2440905263686672,0.269244148834138,0.9065769021373752,-0.3971136099587671,0.341827126333087,0.0238099893623511,-0.3397897001204514,0.1223247888270996,0.2819096514437421,-0.1142124578738064,0.6666666666666666,C:\GoogleDrive\TP\07_backtest_code\runs\ad_hoc\nasx_gy_20260711_002100_s02\official_runs\2026-07-11_003633_research_NASDAQ-COMP_nasdaq_ext_theme_loo_ex_earnings_yield_improvement_Top_2013-12-31\perf_ptf.parquet,C:\GoogleDrive\TP\07_backtest_code\runs\ad_hoc\nasx_gy_20260711_002100_s02\official_runs\2026-07-11_003633_research_NASDAQ-COMP_nasdaq_ext_theme_loo_ex_earnings_yield_improvement_Top_2013-12-31\perf_bench.parquet,2.62811207781991,-0.3130065109698832,-0.6301583033952536,0.7397665183012331,,earnings_yield_improvement,,theme,nasdaq_ext_full_theme_composite,0.9388071159259318,0.0287452019576575,0.1990405976246987,0.0049352125953063,,,,,,,,,,,,,,,,,,,,,,,,,,,,,,,,
nasdaq,new,leave_one_out_results,C:\GoogleDrive\TP\07_backtest_code\runs\ad_hoc\nasdaq_tech_factor_extension_20260710\leave_one_out_results.csv,NASDAQ COMP,nasdaq_ext_theme_loo_ex_growth_confirmation,Top,success,Run termine avec succes,2013-12-31,C:\GoogleDrive\TP\07_backtest_code\runs\ad_hoc\nasx_gy_20260711_002100_s03\official_runs\2026-07-11_003719_research_NASDAQ-COMP_nasdaq_ext_theme_loo_ex_growth_confirmation_Top_2013-12-31,leave one theme out: ex growth_confirmation,leave_one_out,leave_one_out,,0.9632883237098115,42875.0,2013-12-31,2026-06-30,510.4166666666667,exclude theme growth_confirmation,3206.0,69.43708609271523,0.2092780203605598,True,0.2586736108002254,0.2783873843532897,0.929185822845886,-0.3919662101008292,0.5521666557323321,0.0358109709632024,-0.2976531829893922,0.1232310004275274,0.3930514409782237,-0.0812435844496695,0.5833333333333334,C:\GoogleDrive\TP\07_backtest_code\runs\ad_hoc\nasx_gy_20260711_002100_s03\official_runs\2026-07-11_003719_research_NASDAQ-COMP_nasdaq_ext_theme_loo_ex_growth_confirmation_Top_2013-12-31\perf_ptf.parquet,C:\GoogleDrive\TP\07_backtest_code\runs\ad_hoc\nasx_gy_20260711_002100_s03\official_runs\2026-07-11_003719_research_NASDAQ-COMP_nasdaq_ext_theme_loo_ex_growth_confirmation_Top_2013-12-31\perf_bench.parquet,2.9071268048193746,-0.2749780013058416,-0.6027345071529902,1.205949107286038,,growth_confirmation,,theme,nasdaq_ext_full_theme_composite,0.9388071159259318,0.0287452019576575,-0.2671419913601062,-0.0070657690055448,,,,,,,,,,,,,,,,,,,,,,,,,,,,,,,,
nasdaq,new,leave_one_out_results,C:\GoogleDrive\TP\07_backtest_code\runs\ad_hoc\nasdaq_tech_factor_extension_20260710\leave_one_out_results.csv,NASDAQ COMP,nasdaq_ext_theme_loo_ex_capital_efficiency,Top,success,Run termine avec succes,2013-12-31,C:\GoogleDrive\TP\07_backtest_code\runs\ad_hoc\nasx_gy_20260711_002100_s00\official_runs\2026-07-11_003801_research_NASDAQ-COMP_nasdaq_ext_theme_loo_ex_capital_efficiency_Top_2013-12-31,leave one theme out: ex capital_efficiency,leave_one_out,leave_one_out,,0.9633332584421128,42877.0,2013-12-31,2026-06-30,510.4404761904762,exclude theme capital_efficiency,3206.0,69.43708609271523,0.2033653693491163,True,0.2598374966200627,0.2808020453631775,0.9253404699527736,-0.3983363673926826,0.5701968574066025,0.0367687774118252,-0.3050622662422627,0.125051616456717,0.4000734853139538,-0.0873048144697797,0.6666666666666666,C:\GoogleDrive\TP\07_backtest_code\runs\ad_hoc\nasx_gy_20260711_002100_s00\official_runs\2026-07-11_003801_research_NASDAQ-COMP_nasdaq_ext_theme_loo_ex_capital_efficiency_Top_2013-12-31\perf_ptf.parquet,C:\GoogleDrive\TP\07_backtest_code\runs\ad_hoc\nasx_gy_20260711_002100_s00\official_runs\2026-07-11_003801_research_NASDAQ-COMP_nasdaq_ext_theme_loo_ex_capital_efficiency_Top_2013-12-31\perf_bench.parquet,3.085657028814726,-0.2975384862177345,-0.6156806980290936,1.2905444084029436,,capital_efficiency,,theme,nasdaq_ext_full_theme_composite,0.9388071159259318,0.0287452019576575,-0.3517372924770118,-0.0080235754541677,,,,,,,,,,,,,,,,,,,,,,,,,,,,,,,,
nasdaq,new,leave_one_out_results,C:\GoogleDrive\TP\07_backtest_code\runs\ad_hoc\nasdaq_tech_factor_extension_20260710\leave_one_out_results.csv,NASDAQ COMP,nasdaq_ext_theme_loo_ex_residual_risk,Top,success,Run termine avec succes,2013-12-31,C:\GoogleDrive\TP\07_backtest_code\runs\ad_hoc\nasx_gy_20260711_002100_s02\official_runs\2026-07-11_003751_research_NASDAQ-COMP_nasdaq_ext_theme_loo_ex_residual_risk_Top_2013-12-31,leave one theme out: ex residual_risk,leave_one_out,leave_one_out,,0.970590217708778,43200.0,2013-12-31,2026-06-30,514.2857142857143,exclude theme residual_risk,3206.0,69.43708609271523,0.1949639822029512,True,0.2629680662779565,0.2880767932864129,0.9128401607015504,-0.4199956325638994,0.6196542057228938,0.0393450437045217,-0.3301395560114452,0.133371151343432,0.4089031434504543,-0.0912507699853677,0.75,C:\GoogleDrive\TP\07_backtest_code\runs\ad_hoc\nasx_gy_20260711_002100_s02\official_runs\2026-07-11_003751_research_NASDAQ-COMP_nasdaq_ext_theme_loo_ex_residual_risk_Top_2013-12-31\perf_ptf.parquet,C:\GoogleDrive\TP\07_backtest_code\runs\ad_hoc\nasx_gy_20260711_002100_s02\official_runs\2026-07-11_003751_research_NASDAQ-COMP_nasdaq_ext_theme_loo_ex_residual_risk_Top_2013-12-31\perf_bench.parquet,3.432490437088833,-0.3468750984312917,-0.6345949915265584,1.4509983909156203,,residual_risk,,theme,nasdaq_ext_full_theme_composite,0.9388071159259318,0.0287452019576575,-0.5121912749896885,-0.0105998417468642,,,,,,,,,,,,,,,,,,,,,,,,,,,,,,,,
nasdaq,new,leave_one_out_results,C:\GoogleDrive\TP\07_backtest_code\runs\ad_hoc\nasdaq_tech_factor_extension_20260710\leave_one_out_results.csv,NASDAQ COMP,nasdaq_ext_theme_loo_ex_revision,Top,success,Run termine avec succes,2013-12-31,C:\GoogleDrive\TP\07_backtest_code\runs\ad_hoc\nasx_gy_20260711_002100_s00\official_runs\2026-07-11_003642_research_NASDAQ-COMP_nasdaq_ext_theme_loo_ex_revision_Top_2013-12-31,leave one theme out: ex revision,leave_one_out,leave_one_out,,0.9599856208856636,42728.0,2013-12-31,2026-06-30,508.6666666666667,exclude theme revision,3206.0,69.43708609271523,0.198727493119039,True,0.2654001708910765,0.2801876418149129,0.9472229723336448,-0.3902927479400094,0.6590618398615091,0.0413465162222446,-0.2918303747839648,0.1236482821349492,0.4382128847869592,-0.0872722469126046,0.6666666666666666,C:\GoogleDrive\TP\07_backtest_code\runs\ad_hoc\nasx_gy_20260711_002100_s00\official_runs\2026-07-11_003642_research_NASDAQ-COMP_nasdaq_ext_theme_loo_ex_revision_Top_2013-12-31\perf_ptf.parquet,C:\GoogleDrive\TP\07_backtest_code\runs\ad_hoc\nasx_gy_20260711_002100_s00\official_runs\2026-07-11_003642_research_NASDAQ-COMP_nasdaq_ext_theme_loo_ex_revision_Top_2013-12-31\perf_bench.parquet,3.5642610367755907,-0.2755062540045824,-0.636510307694069,1.6466110796338211,,revision,,theme,nasdaq_ext_full_theme_composite,0.9388071159259318,0.0287452019576575,-0.7078039637078893,-0.0126013142645871,,,,,,,,,,,,,,,,,,,,,,,,,,,,,,,,
nasdaq,new,performance_summary,C:\GoogleDrive\TP\07_backtest_code\runs\ad_hoc\nasdaq_tech_factor_extension_20260710\performance_summary.csv,NASDAQ COMP,nasdaq_tech_asset_light_growth,Top,success,Run termine avec succes,2013-12-31,C:\GoogleDrive\TP\07_backtest_code\runs\ad_hoc\nasx_te_20260710_233057_s02\official_runs\2026-07-10_233236_research_NASDAQ-COMP_nasdaq_tech_asset_light_growth_Top_2013-12-31,Asset-light Growth,raw_intangible_investment,raw_intangible_investment,,0.939495382956256,41816.0,2013-12-31,2026-06-30,497.8095238095238,Growth and margin quality with physical-capex discipline and disclosed R&D.,3206.0,69.43708609271523,0.1104037896894963,True,0.2106645814899783,0.2522303234658549,0.8352071971175845,-0.3697657119670943,-0.0452330710099753,-0.0036975075161647,-0.2866552648685515,0.095031789157776,0.0334728824954632,-0.0805279021391662,0.6666666666666666,C:\GoogleDrive\TP\07_backtest_code\runs\ad_hoc\nasx_te_20260710_233057_s02\official_runs\2026-07-10_233236_research_NASDAQ-COMP_nasdaq_tech_asset_light_growth_Top_2013-12-31\perf_ptf.parquet,C:\GoogleDrive\TP\07_backtest_code\runs\ad_hoc\nasx_te_20260710_233057_s02\official_runs\2026-07-10_233236_research_NASDAQ-COMP_nasdaq_tech_asset_light_growth_Top_2013-12-31\perf_bench.parquet,3.143771838433933,-0.259234175766505,-0.7695898890632785,0.7777826271729458,,,,,,,,,,,,,,,,,,,,,,,,,,,,,,,,,,,,,,,,,
nasdaq,new,performance_summary,C:\GoogleDrive\TP\07_backtest_code\runs\ad_hoc\nasdaq_tech_factor_extension_20260710\performance_summary.csv,NASDAQ COMP,nasdaq_tech_asset_light_growth,Worst,success,Run termine avec succes,2013-12-31,C:\GoogleDrive\TP\07_backtest_code\runs\ad_hoc\nasx_te_20260710_233057_s02\official_runs\2026-07-10_233317_research_NASDAQ-COMP_nasdaq_tech_asset_light_growth_Worst_2013-12-31,Asset-light Growth,raw_intangible_investment,raw_intangible_investment,,0.939495382956256,41816.0,2013-12-31,2026-06-30,497.8095238095238,Growth and margin quality with physical-capex discipline and disclosed R&D.,3206.0,69.43708609271523,0.1214572019621698,True,0.0804746565443572,0.223140845595379,0.3606451177938162,-0.4185472250862757,-0.7695898890632785,-0.1108358088283018,-0.8093378210577438,0.1276388686784675,-0.9056001265648091,-0.1979955915664619,0.1666666666666666,C:\GoogleDrive\TP\07_backtest_code\runs\ad_hoc\nasx_te_20260710_233057_s02\official_runs\2026-07-10_233317_research_NASDAQ-COMP_nasdaq_tech_asset_light_growth_Worst_2013-12-31\perf_ptf.parquet,C:\GoogleDrive\TP\07_backtest_code\runs\ad_hoc\nasx_te_20260710_233057_s02\official_runs\2026-07-10_233317_research_NASDAQ-COMP_nasdaq_tech_asset_light_growth_Worst_2013-12-31\perf_bench.parquet,3.143771838433933,-0.259234175766505,-0.7695898890632785,0.7777826271729458,,,,,,,,,,,,,,,,,,,,,,,,,,,,,,,,,,,,,,,,,
nasdaq,new,performance_summary,C:\GoogleDrive\TP\07_backtest_code\runs\ad_hoc\nasdaq_tech_factor_extension_20260710\performance_summary.csv,NASDAQ COMP,nasdaq_tech_asset_light_growth_revision,Top,success,Run termine avec succes,2013-12-31,C:\GoogleDrive\TP\07_backtest_code\runs\ad_hoc\nasx_te_20260710_233810_s00\official_runs\2026-07-10_233955_research_NASDAQ-COMP_nasdaq_tech_asset_light_growth_revision_Top_2013-12-31,Asset-light Growth + Revision,raw_intangible_investment,raw_intangible_investment,,0.9318564784650296,41476.0,2013-12-31,2026-06-30,493.7619047619048,Asset-light growth with disclosed-R&D information where available and mandatory earnings confirmation.,3206.0,69.43708609271523,0.1493273995185685,True,0.2326388632903058,0.264463418110399,0.8796636788275639,-0.3721764477298788,0.1953988982771581,0.0143859749470496,-0.2369012336388232,0.1100332146115661,0.2182671653699056,-0.0730612953291806,0.6666666666666666,C:\GoogleDrive\TP\07_backtest_code\runs\ad_hoc\nasx_te_20260710_233810_s00\official_runs\2026-07-10_233955_research_NASDAQ-COMP_nasdaq_tech_asset_light_growth_revision_Top_2013-12-31\perf_ptf.parquet,C:\GoogleDrive\TP\07_backtest_code\runs\ad_hoc\nasx_te_20260710_233810_s00\official_runs\2026-07-10_233955_research_NASDAQ-COMP_nasdaq_tech_asset_light_growth_revision_Top_2013-12-31\perf_bench.parquet,3.0684577084567524,-0.3481007977792324,-0.7061788559845699,1.0727307752871411,,,,,,,,,,,,,,,,,,,,,,,,,,,,,,,,,,,,,,,,,
nasdaq,new,performance_summary,C:\GoogleDrive\TP\07_backtest_code\runs\ad_hoc\nasdaq_tech_factor_extension_20260710\performance_summary.csv,NASDAQ COMP,nasdaq_tech_asset_light_growth_revision,Worst,success,Run termine avec succes,2013-12-31,C:\GoogleDrive\TP\07_backtest_code\runs\ad_hoc\nasx_te_20260710_233810_s00\official_runs\2026-07-10_234038_research_NASDAQ-COMP_nasdaq_tech_asset_light_growth_revision_Worst_2013-12-31,Asset-light Growth + Revision,raw_intangible_investment,raw_intangible_investment,,0.9318564784650296,41476.0,2013-12-31,2026-06-30,493.7619047619048,Asset-light growth with disclosed-R&D information where available and mandatory earnings confirmation.,3206.0,69.43708609271523,0.1659152505405055,True,0.1017019368330831,0.2099011976290715,0.4845228992585668,-0.3830671761038374,-0.7061788559845699,-0.0933670626671788,-0.7751569384796262,0.1341436017270236,-0.740502849790369,-0.1827719073458694,0.1666666666666666,C:\GoogleDrive\TP\07_backtest_code\runs\ad_hoc\nasx_te_20260710_233810_s00\official_runs\2026-07-10_234038_research_NASDAQ-COMP_nasdaq_tech_asset_light_growth_revision_Worst_2013-12-31\perf_ptf.parquet,C:\GoogleDrive\TP\07_backtest_code\runs\ad_hoc\nasx_te_20260710_233810_s00\official_runs\2026-07-10_234038_research_NASDAQ-COMP_nasdaq_tech_asset_light_growth_revision_Worst_2013-12-31\perf_bench.parquet,3.0684577084567524,-0.3481007977792324,-0.7061788559845699,1.0727307752871411,,,,,,,,,,,,,,,,,,,,,,,,,,,,,,,,,,,,,,,,,
nasdaq,new,performance_summary,C:\GoogleDrive\TP\07_backtest_code\runs\ad_hoc\nasdaq_tech_factor_extension_20260710\performance_summary.csv,NASDAQ COMP,nasdaq_tech_asset_turnover,Top,success,Run termine avec succes,2013-12-31,C:\GoogleDrive\TP\07_backtest_code\runs\ad_hoc\nasx_te_20260710_233810_s00\official_runs\2026-07-10_233825_research_NASDAQ-COMP_nasdaq_tech_asset_turnover_Top_2013-12-31,Asset Turnover,raw_capital_efficiency,raw_capital_efficiency,,0.9789256105506752,43571.0,2013-12-31,2026-06-30,518.702380952381,"Sales productivity of the asset base, excluding financials.",3206.0,69.43708609271523,0.054491788907085,True,0.1516840577337623,0.2080321088893841,0.7291377208237433,-0.3130812914592177,-0.4884797352380429,-0.0522348511576217,-0.5647712419999331,0.0909007157145542,-0.6171935194807374,-0.1302278938837925,0.25,C:\GoogleDrive\TP\07_backtest_code\runs\ad_hoc\nasx_te_20260710_233810_s00\official_runs\2026-07-10_233825_research_NASDAQ-COMP_nasdaq_tech_asset_turnover_Top_2013-12-31\perf_ptf.parquet,C:\GoogleDrive\TP\07_backtest_code\runs\ad_hoc\nasx_te_20260710_233810_s00\official_runs\2026-07-10_233825_research_NASDAQ-COMP_nasdaq_tech_asset_turnover_Top_2013-12-31\perf_bench.parquet,-0.1133983965519975,-0.3837404539241904,-0.4230551097892788,-1.8958500271122545,,,,,,,,,,,,,,,,,,,,,,,,,,,,,,,,,,,,,,,,,
nasdaq,new,performance_summary,C:\GoogleDrive\TP\07_backtest_code\runs\ad_hoc\nasdaq_tech_factor_extension_20260710\performance_summary.csv,NASDAQ COMP,nasdaq_tech_asset_turnover,Worst,success,Run termine avec succes,2013-12-31,C:\GoogleDrive\TP\07_backtest_code\runs\ad_hoc\nasx_te_20260710_233810_s00\official_runs\2026-07-10_233914_research_NASDAQ-COMP_nasdaq_tech_asset_turnover_Worst_2013-12-31,Asset Turnover,raw_capital_efficiency,raw_capital_efficiency,,0.9789256105506752,43571.0,2013-12-31,2026-06-30,518.702380952381,"Sales productivity of the asset base, excluding financials.",3206.0,69.43708609271523,0.063473026248316,True,0.1628308979406467,0.2364142798138686,0.6887523802235854,-0.3557600784514967,-0.4230551097892788,-0.0430616872183826,-0.4959329380053155,0.1262129764637289,-0.3200322904517394,-0.1440367803341664,0.3333333333333333,C:\GoogleDrive\TP\07_backtest_code\runs\ad_hoc\nasx_te_20260710_233810_s00\official_runs\2026-07-10_233914_research_NASDAQ-COMP_nasdaq_tech_asset_turnover_Worst_2013-12-31\perf_ptf.parquet,C:\GoogleDrive\TP\07_backtest_code\runs\ad_hoc\nasx_te_20260710_233810_s00\official_runs\2026-07-10_233914_research_NASDAQ-COMP_nasdaq_tech_asset_turnover_Worst_2013-12-31\perf_bench.parquet,-0.1133983965519975,-0.3837404539241904,-0.4230551097892788,-1.8958500271122545,,,,,,,,,,,,,,,,,,,,,,,,,,,,,,,,,,,,,,,,,
nasdaq,new,performance_summary,C:\GoogleDrive\TP\07_backtest_code\runs\ad_hoc\nasdaq_tech_factor_extension_20260710\performance_summary.csv,NASDAQ COMP,nasdaq_tech_asset_turnover_delta_1,Top,success,Run termine avec succes,2014-01-31,C:\GoogleDrive\TP\07_backtest_code\runs\ad_hoc\nasx_te_20260710_233810_s01\official_runs\2026-07-10_233825_research_NASDAQ-COMP_nasdaq_tech_asset_turnover_delta_1_Top_2014-01-31,Asset Turnover Improvement 1M,raw_capital_efficiency,raw_capital_efficiency,,0.9441236603832932,42022.0,2014-01-31,2026-06-30,500.2619047619048,One-observation improvement in asset turnover.,3184.0,69.78,0.3719174379778265,True,0.2082122677434679,0.2346316063743463,0.8874007682122443,-0.322135196206666,-0.1017391014609246,-0.0086099830774277,-0.3532051927911488,0.0834243493183261,-0.0719167046151636,-0.0859065396064701,0.5833333333333334,C:\GoogleDrive\TP\07_backtest_code\runs\ad_hoc\nasx_te_20260710_233810_s01\official_runs\2026-07-10_233825_research_NASDAQ-COMP_nasdaq_tech_asset_turnover_delta_1_Top_2014-01-31\perf_ptf.parquet,C:\GoogleDrive\TP\07_backtest_code\runs\ad_hoc\nasx_te_20260710_233810_s01\official_runs\2026-07-10_233825_research_NASDAQ-COMP_nasdaq_tech_asset_turnover_delta_1_Top_2014-01-31\perf_bench.parquet,-0.1775656167846052,-0.4123879389424218,0.092197647461222,-1.0662631843603214,,,,,,,,,,,,,,,,,,,,,,,,,,,,,,,,,,,,,,,,,
nasdaq,new,performance_summary,C:\GoogleDrive\TP\07_backtest_code\runs\ad_hoc\nasdaq_tech_factor_extension_20260710\performance_summary.csv,NASDAQ COMP,nasdaq_tech_asset_turnover_delta_1,Worst,success,Run termine avec succes,2014-01-31,C:\GoogleDrive\TP\07_backtest_code\runs\ad_hoc\nasx_te_20260710_233810_s01\official_runs\2026-07-10_233913_research_NASDAQ-COMP_nasdaq_tech_asset_turnover_delta_1_Worst_2014-01-31,Asset Turnover Improvement 1M,raw_capital_efficiency,raw_capital_efficiency,,0.9441236603832932,42022.0,2014-01-31,2026-06-30,500.2619047619048,One-observation improvement in asset turnover.,3184.0,69.78,0.3660749108585852,True,0.227398342995801,0.2437476893767287,0.9329251226022554,-0.3888850003615899,0.092197647461222,0.0071330150503869,-0.3523959129550367,0.0992369631835549,0.1171495348539734,-0.1072223892164857,0.5,C:\GoogleDrive\TP\07_backtest_code\runs\ad_hoc\nasx_te_20260710_233810_s01\official_runs\2026-07-10_233913_research_NASDAQ-COMP_nasdaq_tech_asset_turnover_delta_1_Worst_2014-01-31\perf_ptf.parquet,C:\GoogleDrive\TP\07_backtest_code\runs\ad_hoc\nasx_te_20260710_233810_s01\official_runs\2026-07-10_233913_research_NASDAQ-COMP_nasdaq_tech_asset_turnover_delta_1_Worst_2014-01-31\perf_bench.parquet,-0.1775656167846052,-0.4123879389424218,0.092197647461222,-1.0662631843603214,,,,,,,,,,,,,,,,,,,,,,,,,,,,,,,,,,,,,,,,,
nasdaq,new,performance_summary,C:\GoogleDrive\TP\07_backtest_code\runs\ad_hoc\nasdaq_tech_factor_extension_20260710\performance_summary.csv,NASDAQ COMP,nasdaq_tech_asset_turnover_rank_delta_3,Top,success,Run termine avec succes,2014-03-31,C:\GoogleDrive\TP\07_backtest_code\runs\ad_hoc\nasx_te_20260710_233810_s02\official_runs\2026-07-10_233825_research_NASDAQ-COMP_nasdaq_tech_asset_turnover_rank_delta_3_Top_2014-03-31,Asset Turnover Rank Improvement 3M,raw_capital_efficiency,raw_capital_efficiency,,0.8774180502819654,39053.0,2014-03-31,2026-06-30,464.9166666666667,Three-observation improvement in sector-relative asset-turnover rank.,3142.0,70.47972972972973,0.253762436820306,True,0.1697218096246067,0.2344878120563819,0.7237980009971587,-0.3388550560950885,-0.3843564170710106,-0.0388278131313198,-0.4658736980093396,0.0938637994357788,-0.3910110911799275,-0.1204281086827981,0.3333333333333333,C:\GoogleDrive\TP\07_backtest_code\runs\ad_hoc\nasx_te_20260710_233810_s02\official_runs\2026-07-10_233825_research_NASDAQ-COMP_nasdaq_tech_asset_turnover_rank_delta_3_Top_2014-03-31\perf_ptf.parquet,C:\GoogleDrive\TP\07_backtest_code\runs\ad_hoc\nasx_te_20260710_233810_s02\official_runs\2026-07-10_233825_research_NASDAQ-COMP_nasdaq_tech_asset_turnover_rank_delta_3_Top_2014-03-31\perf_bench.parquet,-0.1572402835782271,-0.3503744131796433,-0.2694909700443246,-1.6090158629973803,,,,,,,,,,,,,,,,,,,,,,,,,,,,,,,,,,,,,,,,,
nasdaq,new,performance_summary,C:\GoogleDrive\TP\07_backtest_code\runs\ad_hoc\nasdaq_tech_factor_extension_20260710\performance_summary.csv,NASDAQ COMP,nasdaq_tech_asset_turnover_rank_delta_3,Worst,success,Run termine avec succes,2014-03-31,C:\GoogleDrive\TP\07_backtest_code\runs\ad_hoc\nasx_te_20260710_233810_s02\official_runs\2026-07-10_233913_research_NASDAQ-COMP_nasdaq_tech_asset_turnover_rank_delta_3_Worst_2014-03-31,Asset Turnover Rank Improvement 3M,raw_capital_efficiency,raw_capital_efficiency,,0.8774180502819654,39053.0,2014-03-31,2026-06-30,464.9166666666667,Three-observation improvement in sector-relative asset-turnover rank.,3142.0,70.47972972972973,0.253233180811141,True,0.1861729325857961,0.2232049472899421,0.8340896330759122,-0.2968599195401279,-0.2694909700443246,-0.0253097597762861,-0.4276253942224426,0.0782551809580175,-0.3269578705018583,-0.1195093186828131,0.5833333333333334,C:\GoogleDrive\TP\07_backtest_code\runs\ad_hoc\nasx_te_20260710_233810_s02\official_runs\2026-07-10_233913_research_NASDAQ-COMP_nasdaq_tech_asset_turnover_rank_delta_3_Worst_2014-03-31\perf_ptf.parquet,C:\GoogleDrive\TP\07_backtest_code\runs\ad_hoc\nasx_te_20260710_233810_s02\official_runs\2026-07-10_233913_research_NASDAQ-COMP_nasdaq_tech_asset_turnover_rank_delta_3_Worst_2014-03-31\perf_bench.parquet,-0.1572402835782271,-0.3503744131796433,-0.2694909700443246,-1.6090158629973803,,,,,,,,,,,,,,,,,,,,,,,,,,,,,,,,,,,,,,,,,
nasdaq,new,performance_summary,C:\GoogleDrive\TP\07_backtest_code\runs\ad_hoc\nasdaq_tech_factor_extension_20260710\performance_summary.csv,NASDAQ COMP,nasdaq_tech_capital_efficiency,Top,success,Run termine avec succes,2013-12-31,C:\GoogleDrive\TP\07_backtest_code\runs\ad_hoc\nasx_te_20260710_233057_s02\official_runs\2026-07-10_233112_research_NASDAQ-COMP_nasdaq_tech_capital_efficiency_Top_2013-12-31,Capital Efficiency,raw_capital_efficiency,raw_capital_efficiency,,0.749443932687771,33357.0,2013-12-31,2026-06-30,397.1071428571428,Profitability and free-cash-flow efficiency for asset-light firms.,3206.0,69.43708609271523,0.0973381825798295,True,0.2079411957595807,0.2270810600540405,0.9157135152975552,-0.280212348527,-0.0717260476981817,-0.0059386864790865,-0.2475508321707118,0.0810733981698444,-0.0630634669611094,-0.0692182748012392,0.3333333333333333,C:\GoogleDrive\TP\07_backtest_code\runs\ad_hoc\nasx_te_20260710_233057_s02\official_runs\2026-07-10_233112_research_NASDAQ-COMP_nasdaq_tech_capital_efficiency_Top_2013-12-31\perf_ptf.parquet,C:\GoogleDrive\TP\07_backtest_code\runs\ad_hoc\nasx_te_20260710_233057_s02\official_runs\2026-07-10_233112_research_NASDAQ-COMP_nasdaq_tech_capital_efficiency_Top_2013-12-31\perf_bench.parquet,1.3104363931096144,-0.2815434943138093,-0.5982257052952429,-0.0619011884558818,,,,,,,,,,,,,,,,,,,,,,,,,,,,,,,,,,,,,,,,,
nasdaq,new,performance_summary,C:\GoogleDrive\TP\07_backtest_code\runs\ad_hoc\nasdaq_tech_factor_extension_20260710\performance_summary.csv,NASDAQ COMP,nasdaq_tech_capital_efficiency,Worst,success,Run termine avec succes,2013-12-31,C:\GoogleDrive\TP\07_backtest_code\runs\ad_hoc\nasx_te_20260710_233057_s02\official_runs\2026-07-10_233157_research_NASDAQ-COMP_nasdaq_tech_capital_efficiency_Worst_2013-12-31,Capital Efficiency,raw_capital_efficiency,raw_capital_efficiency,,0.749443932687771,33357.0,2013-12-31,2026-06-30,397.1071428571428,Profitability and free-cash-flow efficiency for asset-light firms.,3206.0,69.43708609271523,0.129922384106273,True,0.1296396095394034,0.2487396814149178,0.5211858791567484,-0.3502971394720817,-0.5982257052952429,-0.0703760762477624,-0.6840688006645701,0.1174953599542375,-0.5598603559885347,-0.1605718754222325,0.25,C:\GoogleDrive\TP\07_backtest_code\runs\ad_hoc\nasx_te_20260710_233057_s02\official_runs\2026-07-10_233157_research_NASDAQ-COMP_nasdaq_tech_capital_efficiency_Worst_2013-12-31\perf_ptf.parquet,C:\GoogleDrive\TP\07_backtest_code\runs\ad_hoc\nasx_te_20260710_233057_s02\official_runs\2026-07-10_233157_research_NASDAQ-COMP_nasdaq_tech_capital_efficiency_Worst_2013-12-31\perf_bench.parquet,1.3104363931096144,-0.2815434943138093,-0.5982257052952429,-0.0619011884558818,,,,,,,,,,,,,,,,,,,,,,,,,,,,,,,,,,,,,,,,,
nasdaq,new,performance_summary,C:\GoogleDrive\TP\07_backtest_code\runs\ad_hoc\nasdaq_tech_factor_extension_20260710\performance_summary.csv,NASDAQ COMP,nasdaq_tech_capital_efficient_growth_revision,Top,success,Run termine avec succes,2013-12-31,C:\GoogleDrive\TP\07_backtest_code\runs\ad_hoc\nasx_te_20260710_233810_s03\official_runs\2026-07-10_233826_research_NASDAQ-COMP_nasdaq_tech_capital_efficient_growth_revision_Top_2013-12-31,Capital-efficient Growth + Revision,raw_capital_efficiency,raw_capital_efficiency,,0.9571097980183784,42600.0,2013-12-31,2026-06-30,507.1428571428572,Growth confirmed by asset productivity and earnings revisions.,3206.0,69.43708609271523,0.1452455949379524,True,0.2371627055236769,0.2764252238909792,0.8579633297763475,-0.3774114116897707,0.2513903890519842,0.018108818880556,-0.3784397082681494,0.1306606556122242,0.2367544458253793,-0.1079742645311013,0.5833333333333334,C:\GoogleDrive\TP\07_backtest_code\runs\ad_hoc\nasx_te_20260710_233810_s03\official_runs\2026-07-10_233826_research_NASDAQ-COMP_nasdaq_tech_capital_efficient_growth_revision_Top_2013-12-31\perf_ptf.parquet,C:\GoogleDrive\TP\07_backtest_code\runs\ad_hoc\nasx_te_20260710_233810_s03\official_runs\2026-07-10_233826_research_NASDAQ-COMP_nasdaq_tech_capital_efficient_growth_revision_Top_2013-12-31\perf_bench.parquet,1.8827955069819973,-0.3366453509309354,-0.5659108021983611,0.1972738058633584,,,,,,,,,,,,,,,,,,,,,,,,,,,,,,,,,,,,,,,,,
nasdaq,new,performance_summary,C:\GoogleDrive\TP\07_backtest_code\runs\ad_hoc\nasdaq_tech_factor_extension_20260710\performance_summary.csv,NASDAQ COMP,nasdaq_tech_capital_efficient_growth_revision,Worst,success,Run termine avec succes,2013-12-31,C:\GoogleDrive\TP\07_backtest_code\runs\ad_hoc\nasx_te_20260710_233810_s03\official_runs\2026-07-10_233913_research_NASDAQ-COMP_nasdaq_tech_capital_efficient_growth_revision_Worst_2013-12-31,Capital-efficient Growth + Revision,raw_capital_efficiency,raw_capital_efficiency,,0.9571097980183784,42600.0,2013-12-31,2026-06-30,507.1428571428572,Growth confirmed by asset productivity and earnings revisions.,3206.0,69.43708609271523,0.1547269635086711,True,0.1366548660149449,0.2195334167515945,0.622478655126896,-0.2907977370026047,-0.5659108021983611,-0.0646029516194747,-0.6230617878905562,0.1090348995677354,-0.6107112491663161,-0.1688143124827922,0.3333333333333333,C:\GoogleDrive\TP\07_backtest_code\runs\ad_hoc\nasx_te_20260710_233810_s03\official_runs\2026-07-10_233913_research_NASDAQ-COMP_nasdaq_tech_capital_efficient_growth_revision_Worst_2013-12-31\perf_ptf.parquet,C:\GoogleDrive\TP\07_backtest_code\runs\ad_hoc\nasx_te_20260710_233810_s03\official_runs\2026-07-10_233913_research_NASDAQ-COMP_nasdaq_tech_capital_efficient_growth_revision_Worst_2013-12-31\perf_bench.parquet,1.8827955069819973,-0.3366453509309354,-0.5659108021983611,0.1972738058633584,,,,,,,,,,,,,,,,,,,,,,,,,,,,,,,,,,,,,,,,,
nasdaq,new,performance_summary,C:\GoogleDrive\TP\07_backtest_code\runs\ad_hoc\nasdaq_tech_factor_extension_20260710\performance_summary.csv,NASDAQ COMP,nasdaq_tech_cash_funded_growth,Top,success,Run termine avec succes,2013-12-31,C:\GoogleDrive\TP\07_backtest_code\runs\ad_hoc\nasx_te_20260710_233057_s03\official_runs\2026-07-10_233112_research_NASDAQ-COMP_nasdaq_tech_cash_funded_growth_Top_2013-12-31,Cash-funded Growth,raw_capital_efficiency,raw_capital_efficiency,,0.749578736884675,33363.0,2013-12-31,2026-06-30,397.1785714285714,Growth supported by internally generated cash rather than external financing.,3206.0,69.43708609271523,0.1299038432169676,True,0.1876268032806041,0.2335959175030174,0.8032109691222686,-0.3219412766352612,-0.2490061042878606,-0.0226561821170531,-0.3950604073212357,0.0790957738975016,-0.2552817670847551,-0.0925176379973243,0.3333333333333333,C:\GoogleDrive\TP\07_backtest_code\runs\ad_hoc\nasx_te_20260710_233057_s03\official_runs\2026-07-10_233112_research_NASDAQ-COMP_nasdaq_tech_cash_funded_growth_Top_2013-12-31\perf_ptf.parquet,C:\GoogleDrive\TP\07_backtest_code\runs\ad_hoc\nasx_te_20260710_233057_s03\official_runs\2026-07-10_233112_research_NASDAQ-COMP_nasdaq_tech_cash_funded_growth_Top_2013-12-31\perf_bench.parquet,0.161652560878128,-0.2973992937132373,-0.3535124692150289,-1.1299140503860938,,,,,,,,,,,,,,,,,,,,,,,,,,,,,,,,,,,,,,,,,
nasdaq,new,performance_summary,C:\GoogleDrive\TP\07_backtest_code\runs\ad_hoc\nasdaq_tech_factor_extension_20260710\performance_summary.csv,NASDAQ COMP,nasdaq_tech_cash_funded_growth,Worst,success,Run termine avec succes,2013-12-31,C:\GoogleDrive\TP\07_backtest_code\runs\ad_hoc\nasx_te_20260710_233057_s03\official_runs\2026-07-10_233156_research_NASDAQ-COMP_nasdaq_tech_cash_funded_growth_Worst_2013-12-31,Cash-funded Growth,raw_capital_efficiency,raw_capital_efficiency,,0.749578736884675,33363.0,2013-12-31,2026-06-30,397.1785714285714,Growth supported by internally generated cash rather than external financing.,3206.0,69.43708609271523,0.1402598897753789,True,0.1734701224755654,0.2280270457976564,0.7607436296372364,-0.2972092391429946,-0.3535124692150289,-0.0343062597578804,-0.4643423057706191,0.0809193650125241,-0.4120498937615284,-0.1115646225243546,0.3333333333333333,C:\GoogleDrive\TP\07_backtest_code\runs\ad_hoc\nasx_te_20260710_233057_s03\official_runs\2026-07-10_233156_research_NASDAQ-COMP_nasdaq_tech_cash_funded_growth_Worst_2013-12-31\perf_ptf.parquet,C:\GoogleDrive\TP\07_backtest_code\runs\ad_hoc\nasx_te_20260710_233057_s03\official_runs\2026-07-10_233156_research_NASDAQ-COMP_nasdaq_tech_cash_funded_growth_Worst_2013-12-31\perf_bench.parquet,0.161652560878128,-0.2973992937132373,-0.3535124692150289,-1.1299140503860938,,,,,,,,,,,,,,,,,,,,,,,,,,,,,,,,,,,,,,,,,
nasdaq,new,performance_summary,C:\GoogleDrive\TP\07_backtest_code\runs\ad_hoc\nasdaq_tech_factor_extension_20260710\performance_summary.csv,NASDAQ COMP,nasdaq_tech_downside_aware_growth_revision,Top,success,Run termine avec succes,2014-07-31,C:\GoogleDrive\TP\07_backtest_code\runs\ad_hoc\nasx_te_20260710_233810_s00\official_runs\2026-07-10_234117_research_NASDAQ-COMP_nasdaq_tech_downside_aware_growth_revision_Top_2014-07-31,Downside-aware Growth + Revision,raw_residual_risk,raw_residual_risk,,0.7677099013682626,34170.0,2014-07-31,2026-06-30,406.7857142857143,Growth and revisions penalized by benchmark-residual downside risk.,3057.0,71.9375,0.1584907953849408,True,0.2267532255528597,0.2532932043324657,0.8952203283560248,-0.3589154649176146,0.1346243553916075,0.0106614139681748,-0.2502182689021751,0.0877382232318722,0.1926368210500092,-0.0756909100222521,0.5,C:\GoogleDrive\TP\07_backtest_code\runs\ad_hoc\nasx_te_20260710_233810_s00\official_runs\2026-07-10_234117_research_NASDAQ-COMP_nasdaq_tech_downside_aware_growth_revision_Top_2014-07-31\perf_ptf.parquet,C:\GoogleDrive\TP\07_backtest_code\runs\ad_hoc\nasx_te_20260710_233810_s00\official_runs\2026-07-10_234117_research_NASDAQ-COMP_nasdaq_tech_downside_aware_growth_revision_Top_2014-07-31\perf_bench.parquet,1.450222615479681,-0.2945705289740021,-0.5369300943418638,0.1958699920729732,,,,,,,,,,,,,,,,,,,,,,,,,,,,,,,,,,,,,,,,,
nasdaq,new,performance_summary,C:\GoogleDrive\TP\07_backtest_code\runs\ad_hoc\nasdaq_tech_factor_extension_20260710\performance_summary.csv,NASDAQ COMP,nasdaq_tech_downside_aware_growth_revision,Worst,success,Run termine avec succes,2014-07-31,C:\GoogleDrive\TP\07_backtest_code\runs\ad_hoc\nasx_te_20260710_233810_s00\official_runs\2026-07-10_234148_research_NASDAQ-COMP_nasdaq_tech_downside_aware_growth_revision_Worst_2014-07-31,Downside-aware Growth + Revision,raw_residual_risk,raw_residual_risk,,0.7677099013682626,34170.0,2014-07-31,2026-06-30,406.7857142857143,Growth and revisions penalized by benchmark-residual downside risk.,3057.0,71.9375,0.1572177520031246,True,0.1378299569292942,0.2301533926672449,0.5988612869529512,-0.3482892213433757,-0.5369300943418638,-0.062598076636598,-0.6072431671569234,0.1227131500627148,-0.5111800232050872,-0.1391794056508268,0.4166666666666667,C:\GoogleDrive\TP\07_backtest_code\runs\ad_hoc\nasx_te_20260710_233810_s00\official_runs\2026-07-10_234148_research_NASDAQ-COMP_nasdaq_tech_downside_aware_growth_revision_Worst_2014-07-31\perf_ptf.parquet,C:\GoogleDrive\TP\07_backtest_code\runs\ad_hoc\nasx_te_20260710_233810_s00\official_runs\2026-07-10_234148_research_NASDAQ-COMP_nasdaq_tech_downside_aware_growth_revision_Worst_2014-07-31\perf_bench.parquet,1.450222615479681,-0.2945705289740021,-0.5369300943418638,0.1958699920729732,,,,,,,,,,,,,,,,,,,,,,,,,,,,,,,,,,,,,,,,,
nasdaq,new,performance_summary,C:\GoogleDrive\TP\07_backtest_code\runs\ad_hoc\nasdaq_tech_factor_extension_20260710\performance_summary.csv,NASDAQ COMP,nasdaq_tech_downside_aware_residual_momentum,Top,success,Run termine avec succes,2014-07-31,C:\GoogleDrive\TP\07_backtest_code\runs\ad_hoc\nasx_te_20260710_233810_s01\official_runs\2026-07-10_234116_research_NASDAQ-COMP_nasdaq_tech_downside_aware_residual_momentum_Top_2014-07-31,Downside-aware Residual Momentum,raw_residual_risk,raw_residual_risk,,0.805365207036779,35846.0,2014-07-31,2026-06-30,426.7380952380952,Residual momentum and revisions with residual downside-risk control.,3057.0,71.9375,0.2500462591135675,True,0.1895836097413625,0.2332128206062082,0.8129210446002203,-0.3470707313070593,-0.2134750096069974,-0.0199607973211182,-0.3401140366143682,0.0887929666459257,-0.2056050520925859,-0.1057195443729053,0.4166666666666667,C:\GoogleDrive\TP\07_backtest_code\runs\ad_hoc\nasx_te_20260710_233810_s01\official_runs\2026-07-10_234116_research_NASDAQ-COMP_nasdaq_tech_downside_aware_residual_momentum_Top_2014-07-31\perf_ptf.parquet,C:\GoogleDrive\TP\07_backtest_code\runs\ad_hoc\nasx_te_20260710_233810_s01\official_runs\2026-07-10_234116_research_NASDAQ-COMP_nasdaq_tech_downside_aware_residual_momentum_Top_2014-07-31\perf_bench.parquet,0.685621402464551,-0.3356987355230137,-0.5333916683526784,-0.7454048926222894,,,,,,,,,,,,,,,,,,,,,,,,,,,,,,,,,,,,,,,,,
nasdaq,new,performance_summary,C:\GoogleDrive\TP\07_backtest_code\runs\ad_hoc\nasdaq_tech_factor_extension_20260710\performance_summary.csv,NASDAQ COMP,nasdaq_tech_downside_aware_residual_momentum,Worst,success,Run termine avec succes,2014-07-31,C:\GoogleDrive\TP\07_backtest_code\runs\ad_hoc\nasx_te_20260710_233810_s01\official_runs\2026-07-10_234147_research_NASDAQ-COMP_nasdaq_tech_downside_aware_residual_momentum_Worst_2014-07-31,Downside-aware Residual Momentum,raw_residual_risk,raw_residual_risk,,0.805365207036779,35846.0,2014-07-31,2026-06-30,426.7380952380952,Residual momentum and revisions with residual downside-risk control.,3057.0,71.9375,0.2609865345600747,True,0.138557446338321,0.2456824918024192,0.5639695581146684,-0.3579090700518528,-0.5333916683526784,-0.0619987340308815,-0.6440959119974599,0.1271905337733619,-0.4590941965169421,-0.1326185064227354,0.25,C:\GoogleDrive\TP\07_backtest_code\runs\ad_hoc\nasx_te_20260710_233810_s01\official_runs\2026-07-10_234147_research_NASDAQ-COMP_nasdaq_tech_downside_aware_residual_momentum_Worst_2014-07-31\perf_ptf.parquet,C:\GoogleDrive\TP\07_backtest_code\runs\ad_hoc\nasx_te_20260710_233810_s01\official_runs\2026-07-10_234147_research_NASDAQ-COMP_nasdaq_tech_downside_aware_residual_momentum_Worst_2014-07-31\perf_bench.parquet,0.685621402464551,-0.3356987355230137,-0.5333916683526784,-0.7454048926222894,,,,,,,,,,,,,,,,,,,,,,,,,,,,,,,,,,,,,,,,,
nasdaq,new,performance_summary,C:\GoogleDrive\TP\07_backtest_code\runs\ad_hoc\nasdaq_tech_factor_extension_20260710\performance_summary.csv,NASDAQ COMP,nasdaq_tech_growth_confirmation,Top,success,Run termine avec succes,2013-12-31,C:\GoogleDrive\TP\07_backtest_code\runs\ad_hoc\nasx_te_20260710_233057_s01\official_runs\2026-07-10_233112_research_NASDAQ-COMP_nasdaq_tech_growth_confirmation_Top_2013-12-31,Growth + Earnings Revision,raw_growth_confirmation,raw_growth_confirmation,,0.9576040800736928,42622.0,2013-12-31,2026-06-30,507.4047619047619,Forward growth confirmed by analyst revision breadth.,3206.0,69.43708609271523,0.1525529772789051,True,0.227500486578619,0.2729565601277048,0.8334677374018091,-0.3853479613360197,0.1346022251304781,0.0101574069328815,-0.3862572529264663,0.1244284444610161,0.1791591199809292,-0.1117257208269543,0.6666666666666666,C:\GoogleDrive\TP\07_backtest_code\runs\ad_hoc\nasx_te_20260710_233057_s01\official_runs\2026-07-10_233112_research_NASDAQ-COMP_nasdaq_tech_growth_confirmation_Top_2013-12-31\perf_ptf.parquet,C:\GoogleDrive\TP\07_backtest_code\runs\ad_hoc\nasx_te_20260710_233057_s01\official_runs\2026-07-10_233112_research_NASDAQ-COMP_nasdaq_tech_growth_confirmation_Top_2013-12-31\perf_bench.parquet,2.246365264100082,-0.3150564901079864,-0.6505007499687505,0.2491161860396161,,,,,,,,,,,,,,,,,,,,,,,,,,,,,,,,,,,,,,,,,
nasdaq,new,performance_summary,C:\GoogleDrive\TP\07_backtest_code\runs\ad_hoc\nasdaq_tech_factor_extension_20260710\performance_summary.csv,NASDAQ COMP,nasdaq_tech_growth_confirmation,Worst,success,Run termine avec succes,2013-12-31,C:\GoogleDrive\TP\07_backtest_code\runs\ad_hoc\nasx_te_20260710_233057_s01\official_runs\2026-07-10_233157_research_NASDAQ-COMP_nasdaq_tech_growth_confirmation_Worst_2013-12-31,Growth + Earnings Revision,raw_growth_confirmation,raw_growth_confirmation,,0.9576040800736928,42622.0,2013-12-31,2026-06-30,507.4047619047619,Forward growth confirmed by analyst revision breadth.,3206.0,69.43708609271523,0.1710718881253145,True,0.117108395696752,0.2153405433538168,0.5438288297821198,-0.3424312031363429,-0.6505007499687505,-0.0806884945477314,-0.7031274464789026,0.1110181634764485,-0.7615686395320425,-0.1722252592763368,0.25,C:\GoogleDrive\TP\07_backtest_code\runs\ad_hoc\nasx_te_20260710_233057_s01\official_runs\2026-07-10_233157_research_NASDAQ-COMP_nasdaq_tech_growth_confirmation_Worst_2013-12-31\perf_ptf.parquet,C:\GoogleDrive\TP\07_backtest_code\runs\ad_hoc\nasx_te_20260710_233057_s01\official_runs\2026-07-10_233157_research_NASDAQ-COMP_nasdaq_tech_growth_confirmation_Worst_2013-12-31\perf_bench.parquet,2.246365264100082,-0.3150564901079864,-0.6505007499687505,0.2491161860396161,,,,,,,,,,,,,,,,,,,,,,,,,,,,,,,,,,,,,,,,,
nasdaq,new,performance_summary,C:\GoogleDrive\TP\07_backtest_code\runs\ad_hoc\nasdaq_tech_factor_extension_20260710\performance_summary.csv,NASDAQ COMP,nasdaq_tech_profitable_growth,Top,success,Run termine avec succes,2013-12-31,C:\GoogleDrive\TP\07_backtest_code\runs\ad_hoc\nasx_te_20260710_233057_s00\official_runs\2026-07-10_233111_research_NASDAQ-COMP_nasdaq_tech_profitable_growth_Top_2013-12-31,Profitable Growth,raw_profitable_growth,raw_profitable_growth,,0.9186906019007391,40890.0,2013-12-31,2026-06-30,486.7857142857143,Forward growth confirmed by operating and cash conversion quality.,3206.0,69.43708609271523,0.1231448419480001,True,0.1927694594295703,0.2477328330221728,0.7781344809160476,-0.3703168719749903,-0.207344351114281,-0.0184240923891974,-0.4213216330168752,0.0895908560378349,-0.1400847963827153,-0.1225900116467795,0.5,C:\GoogleDrive\TP\07_backtest_code\runs\ad_hoc\nasx_te_20260710_233057_s00\official_runs\2026-07-10_233111_research_NASDAQ-COMP_nasdaq_tech_profitable_growth_Top_2013-12-31\perf_ptf.parquet,C:\GoogleDrive\TP\07_backtest_code\runs\ad_hoc\nasx_te_20260710_233057_s00\official_runs\2026-07-10_233111_research_NASDAQ-COMP_nasdaq_tech_profitable_growth_Top_2013-12-31\perf_bench.parquet,0.6959973477879569,-0.3687059348560056,-0.5326315516238525,-0.9141698109386676,,,,,,,,,,,,,,,,,,,,,,,,,,,,,,,,,,,,,,,,,
nasdaq,new,performance_summary,C:\GoogleDrive\TP\07_backtest_code\runs\ad_hoc\nasdaq_tech_factor_extension_20260710\performance_summary.csv,NASDAQ COMP,nasdaq_tech_profitable_growth,Worst,success,Run termine avec succes,2013-12-31,C:\GoogleDrive\TP\07_backtest_code\runs\ad_hoc\nasx_te_20260710_233057_s00\official_runs\2026-07-10_233156_research_NASDAQ-COMP_nasdaq_tech_profitable_growth_Worst_2013-12-31,Profitable Growth,raw_profitable_growth,raw_profitable_growth,,0.9186906019007391,40890.0,2013-12-31,2026-06-30,486.7857142857143,Forward growth confirmed by operating and cash conversion quality.,3206.0,69.43708609271523,0.1324525699900657,True,0.143394140261903,0.2302005372420841,0.6229096681521054,-0.3369918076581443,-0.5326315516238525,-0.0590569433919002,-0.5995440433463299,0.0999510283682696,-0.5839566486936253,-0.1857181101016102,0.25,C:\GoogleDrive\TP\07_backtest_code\runs\ad_hoc\nasx_te_20260710_233057_s00\official_runs\2026-07-10_233156_research_NASDAQ-COMP_nasdaq_tech_profitable_growth_Worst_2013-12-31\perf_ptf.parquet,C:\GoogleDrive\TP\07_backtest_code\runs\ad_hoc\nasx_te_20260710_233057_s00\official_runs\2026-07-10_233156_research_NASDAQ-COMP_nasdaq_tech_profitable_growth_Worst_2013-12-31\perf_bench.parquet,0.6959973477879569,-0.3687059348560056,-0.5326315516238525,-0.9141698109386676,,,,,,,,,,,,,,,,,,,,,,,,,,,,,,,,,,,,,,,,,
nasdaq,new,performance_summary,C:\GoogleDrive\TP\07_backtest_code\runs\ad_hoc\nasdaq_tech_factor_extension_20260710\performance_summary.csv,NASDAQ COMP,nasdaq_tech_rd_adjusted_margin,Top,success,Run termine avec succes,2013-12-31,C:\GoogleDrive\TP\07_backtest_code\runs\ad_hoc\nasx_te_20260710_233057_s01\official_runs\2026-07-10_233236_research_NASDAQ-COMP_nasdaq_tech_rd_adjusted_margin_Top_2013-12-31,R&D-adjusted EBIT Margin,raw_intangible_investment,raw_intangible_investment,,0.4647374688265294,20685.0,2013-12-31,2026-06-30,246.25,EBIT plus current R&D expense divided by sales; diagnostic accounting adjustment.,3206.0,69.43708609271523,0.066384611893911,True,0.1880733822600837,0.2462951329111907,0.7636098206126525,-0.3609569572392165,-0.2454698053379693,-0.0222886750823639,-0.3762623320984893,0.0850189749943268,-0.1981864328899886,-0.0918008847537598,0.3333333333333333,C:\GoogleDrive\TP\07_backtest_code\runs\ad_hoc\nasx_te_20260710_233057_s01\official_runs\2026-07-10_233236_research_NASDAQ-COMP_nasdaq_tech_rd_adjusted_margin_Top_2013-12-31\perf_ptf.parquet,C:\GoogleDrive\TP\07_backtest_code\runs\ad_hoc\nasx_te_20260710_233057_s01\official_runs\2026-07-10_233236_research_NASDAQ-COMP_nasdaq_tech_rd_adjusted_margin_Top_2013-12-31\perf_bench.parquet,-0.0427709261879336,-0.3255201515651277,-0.2117558740070527,-1.1961997923770014,,,,,,,,,,,,,,,,,,,,,,,,,,,,,,,,,,,,,,,,,
nasdaq,new,performance_summary,C:\GoogleDrive\TP\07_backtest_code\runs\ad_hoc\nasdaq_tech_factor_extension_20260710\performance_summary.csv,NASDAQ COMP,nasdaq_tech_rd_adjusted_margin,Worst,success,Run termine avec succes,2013-12-31,C:\GoogleDrive\TP\07_backtest_code\runs\ad_hoc\nasx_te_20260710_233057_s01\official_runs\2026-07-10_233316_research_NASDAQ-COMP_nasdaq_tech_rd_adjusted_margin_Worst_2013-12-31,R&D-adjusted EBIT Margin,raw_intangible_investment,raw_intangible_investment,,0.4647374688265294,20685.0,2013-12-31,2026-06-30,246.25,EBIT plus current R&D expense divided by sales; diagnostic accounting adjustment.,3206.0,69.43708609271523,0.0884223117240291,True,0.1922368370157279,0.2481422811820618,0.774704077434848,-0.3371292351955608,-0.2117558740070527,-0.0188624078785387,-0.3857789941806467,0.0889564541535504,-0.1450296185631721,-0.1268277977008663,0.4166666666666667,C:\GoogleDrive\TP\07_backtest_code\runs\ad_hoc\nasx_te_20260710_233057_s01\official_runs\2026-07-10_233316_research_NASDAQ-COMP_nasdaq_tech_rd_adjusted_margin_Worst_2013-12-31\perf_ptf.parquet,C:\GoogleDrive\TP\07_backtest_code\runs\ad_hoc\nasx_te_20260710_233057_s01\official_runs\2026-07-10_233316_research_NASDAQ-COMP_nasdaq_tech_rd_adjusted_margin_Worst_2013-12-31\perf_bench.parquet,-0.0427709261879336,-0.3255201515651277,-0.2117558740070527,-1.1961997923770014,,,,,,,,,,,,,,,,,,,,,,,,,,,,,,,,,,,,,,,,,
nasdaq,new,performance_summary,C:\GoogleDrive\TP\07_backtest_code\runs\ad_hoc\nasdaq_tech_factor_extension_20260710\performance_summary.csv,NASDAQ COMP,nasdaq_tech_rd_adjusted_margin_revision,Top,success,Run termine avec succes,2013-12-31,C:\GoogleDrive\TP\07_backtest_code\runs\ad_hoc\nasx_te_20260710_233810_s01\official_runs\2026-07-10_233954_research_NASDAQ-COMP_nasdaq_tech_rd_adjusted_margin_revision_Top_2013-12-31,R&D-adjusted Margin + Revision,raw_intangible_investment,raw_intangible_investment,,0.4549192298186884,20248.0,2013-12-31,2026-06-30,241.04761904761904,R&D-adjusted operating profitability confirmed by earnings revisions; R&D remains required.,3206.0,69.43708609271523,0.1227662467770121,True,0.2254289219511511,0.2653268096815933,0.849627379237244,-0.3524279639410291,0.1109066310048596,0.0084526366494828,-0.2486759512742081,0.1072577087577886,0.1726163504615233,-0.0712657525090373,0.5,C:\GoogleDrive\TP\07_backtest_code\runs\ad_hoc\nasx_te_20260710_233810_s01\official_runs\2026-07-10_233954_research_NASDAQ-COMP_nasdaq_tech_rd_adjusted_margin_revision_Top_2013-12-31\perf_ptf.parquet,C:\GoogleDrive\TP\07_backtest_code\runs\ad_hoc\nasx_te_20260710_233810_s01\official_runs\2026-07-10_233954_research_NASDAQ-COMP_nasdaq_tech_rd_adjusted_margin_revision_Top_2013-12-31\perf_bench.parquet,0.5771814684753571,-0.275563225867093,-0.2956380396234556,-0.2763779985727041,,,,,,,,,,,,,,,,,,,,,,,,,,,,,,,,,,,,,,,,,
nasdaq,new,performance_summary,C:\GoogleDrive\TP\07_backtest_code\runs\ad_hoc\nasdaq_tech_factor_extension_20260710\performance_summary.csv,NASDAQ COMP,nasdaq_tech_rd_adjusted_margin_revision,Worst,success,Run termine avec succes,2013-12-31,C:\GoogleDrive\TP\07_backtest_code\runs\ad_hoc\nasx_te_20260710_233810_s01\official_runs\2026-07-10_234037_research_NASDAQ-COMP_nasdaq_tech_rd_adjusted_margin_revision_Worst_2013-12-31,R&D-adjusted Margin + Revision,raw_intangible_investment,raw_intangible_investment,,0.4549192298186884,20248.0,2013-12-31,2026-06-30,241.04761904761904,R&D-adjusted operating profitability confirmed by earnings revisions; R&D remains required.,3206.0,69.43708609271523,0.1288669740231212,True,0.1815495971446847,0.2398021043973535,0.7570809172043629,-0.32546825416287,-0.2956380396234556,-0.0276573490076404,-0.4084408385043299,0.0840915097306897,-0.2833914026054594,-0.1268275911449546,0.25,C:\GoogleDrive\TP\07_backtest_code\runs\ad_hoc\nasx_te_20260710_233810_s01\official_runs\2026-07-10_234037_research_NASDAQ-COMP_nasdaq_tech_rd_adjusted_margin_revision_Worst_2013-12-31\perf_ptf.parquet,C:\GoogleDrive\TP\07_backtest_code\runs\ad_hoc\nasx_te_20260710_233810_s01\official_runs\2026-07-10_234037_research_NASDAQ-COMP_nasdaq_tech_rd_adjusted_margin_revision_Worst_2013-12-31\perf_bench.parquet,0.5771814684753571,-0.275563225867093,-0.2956380396234556,-0.2763779985727041,,,,,,,,,,,,,,,,,,,,,,,,,,,,,,,,,,,,,,,,,
nasdaq,new,performance_summary,C:\GoogleDrive\TP\07_backtest_code\runs\ad_hoc\nasdaq_tech_factor_extension_20260710\performance_summary.csv,NASDAQ COMP,nasdaq_tech_rd_intensity,Top,success,Run termine avec succes,2013-12-31,C:\GoogleDrive\TP\07_backtest_code\runs\ad_hoc\nasx_te_20260710_233057_s00\official_runs\2026-07-10_233236_research_NASDAQ-COMP_nasdaq_tech_rd_intensity_Top_2013-12-31,R&D Intensity,raw_intangible_investment,raw_intangible_investment,,0.4937653058931901,21977.0,2013-12-31,2026-06-30,261.6309523809524,R&D expense divided by sales; missing R&D is not imputed as zero.,3206.0,69.43708609271523,0.0752697128979427,True,0.1820254611021157,0.2547800089186555,0.7144416937367781,-0.371100314523081,-0.2920851005709517,-0.027265742237177,-0.4344895740547144,0.0937165072104938,-0.2102370032531268,-0.1151243567121724,0.3333333333333333,C:\GoogleDrive\TP\07_backtest_code\runs\ad_hoc\nasx_te_20260710_233057_s00\official_runs\2026-07-10_233236_research_NASDAQ-COMP_nasdaq_tech_rd_intensity_Top_2013-12-31\perf_ptf.parquet,C:\GoogleDrive\TP\07_backtest_code\runs\ad_hoc\nasx_te_20260710_233057_s00\official_runs\2026-07-10_233236_research_NASDAQ-COMP_nasdaq_tech_rd_intensity_Top_2013-12-31\perf_bench.parquet,-0.1349832327771412,-0.2937004583614538,-0.1816171359292687,-1.4373967289916176,,,,,,,,,,,,,,,,,,,,,,,,,,,,,,,,,,,,,,,,,
nasdaq,new,performance_summary,C:\GoogleDrive\TP\07_backtest_code\runs\ad_hoc\nasdaq_tech_factor_extension_20260710\performance_summary.csv,NASDAQ COMP,nasdaq_tech_rd_intensity,Worst,success,Run termine avec succes,2013-12-31,C:\GoogleDrive\TP\07_backtest_code\runs\ad_hoc\nasx_te_20260710_233057_s00\official_runs\2026-07-10_233316_research_NASDAQ-COMP_nasdaq_tech_rd_intensity_Worst_2013-12-31,R&D Intensity,raw_intangible_investment,raw_intangible_investment,,0.4937653058931901,21977.0,2013-12-31,2026-06-30,261.6309523809524,R&D expense divided by sales; missing R&D is not imputed as zero.,3206.0,69.43708609271523,0.0703920908608423,True,0.1958223417789191,0.2302155445457036,0.8506043419672011,-0.3063301323209971,-0.1816171359292687,-0.0159117579735224,-0.3545520794711715,0.0594045698105603,-0.2401896323222183,-0.0875778565057591,0.5,C:\GoogleDrive\TP\07_backtest_code\runs\ad_hoc\nasx_te_20260710_233057_s00\official_runs\2026-07-10_233316_research_NASDAQ-COMP_nasdaq_tech_rd_intensity_Worst_2013-12-31\perf_ptf.parquet,C:\GoogleDrive\TP\07_backtest_code\runs\ad_hoc\nasx_te_20260710_233057_s00\official_runs\2026-07-10_233316_research_NASDAQ-COMP_nasdaq_tech_rd_intensity_Worst_2013-12-31\perf_bench.parquet,-0.1349832327771412,-0.2937004583614538,-0.1816171359292687,-1.4373967289916176,,,,,,,,,,,,,,,,,,,,,,,,,,,,,,,,,,,,,,,,,
nasdaq,new,performance_summary,C:\GoogleDrive\TP\07_backtest_code\runs\ad_hoc\nasdaq_tech_factor_extension_20260710\performance_summary.csv,NASDAQ COMP,nasdaq_tech_residual_downside_risk,Top,success,Run termine avec succes,2014-07-31,C:\GoogleDrive\TP\07_backtest_code\runs\ad_hoc\nasx_te_20260710_233057_s02\official_runs\2026-07-10_233355_research_NASDAQ-COMP_nasdaq_tech_residual_downside_risk_Top_2014-07-31,Low Residual Downside Risk,raw_residual_risk,raw_residual_risk,,0.8296973645779505,36929.0,2014-07-31,2026-06-30,439.6309523809524,Low downside residual volatility after removing rolling Nasdaq benchmark beta.,3057.0,71.9375,0.0985561024683644,True,0.1684346859565162,0.2197935385240849,0.7663313812023606,-0.3182919486598359,-0.3647714300667812,-0.0373843514402976,-0.3894146428585175,0.0630234694163375,-0.6182079652930678,-0.1196907544914942,0.25,C:\GoogleDrive\TP\07_backtest_code\runs\ad_hoc\nasx_te_20260710_233057_s02\official_runs\2026-07-10_233355_research_NASDAQ-COMP_nasdaq_tech_residual_downside_risk_Top_2014-07-31\perf_ptf.parquet,C:\GoogleDrive\TP\07_backtest_code\runs\ad_hoc\nasx_te_20260710_233057_s02\official_runs\2026-07-10_233355_research_NASDAQ-COMP_nasdaq_tech_residual_downside_risk_Top_2014-07-31\perf_bench.parquet,-0.2398346037525403,-0.4395915849898854,-0.1643547929582021,-1.4462322415679183,,,,,,,,,,,,,,,,,,,,,,,,,,,,,,,,,,,,,,,,,
nasdaq,new,performance_summary,C:\GoogleDrive\TP\07_backtest_code\runs\ad_hoc\nasdaq_tech_factor_extension_20260710\performance_summary.csv,NASDAQ COMP,nasdaq_tech_residual_downside_risk,Worst,success,Run termine avec succes,2014-07-31,C:\GoogleDrive\TP\07_backtest_code\runs\ad_hoc\nasx_te_20260710_233057_s02\official_runs\2026-07-10_233433_research_NASDAQ-COMP_nasdaq_tech_residual_downside_risk_Worst_2014-07-31,Low Residual Downside Risk,raw_residual_risk,raw_residual_risk,,0.8296973645779505,36929.0,2014-07-31,2026-06-30,439.6309523809524,Low downside residual volatility after removing rolling Nasdaq benchmark beta.,3057.0,71.9375,0.1069770098947148,True,0.1956499614986369,0.2973676019156648,0.6579397359976168,-0.4613285406584325,-0.1643547929582021,-0.01496302962267,-0.456653551003495,0.1653559245226353,0.0224665755588738,-0.1199168476629761,0.5,C:\GoogleDrive\TP\07_backtest_code\runs\ad_hoc\nasx_te_20260710_233057_s02\official_runs\2026-07-10_233433_research_NASDAQ-COMP_nasdaq_tech_residual_downside_risk_Worst_2014-07-31\perf_ptf.parquet,C:\GoogleDrive\TP\07_backtest_code\runs\ad_hoc\nasx_te_20260710_233057_s02\official_runs\2026-07-10_233433_research_NASDAQ-COMP_nasdaq_tech_residual_downside_risk_Worst_2014-07-31\perf_bench.parquet,-0.2398346037525403,-0.4395915849898854,-0.1643547929582021,-1.4462322415679183,,,,,,,,,,,,,,,,,,,,,,,,,,,,,,,,,,,,,,,,,
nasdaq,new,performance_summary,C:\GoogleDrive\TP\07_backtest_code\runs\ad_hoc\nasdaq_tech_factor_extension_20260710\performance_summary.csv,NASDAQ COMP,nasdaq_tech_residual_low_risk,Top,success,Run termine avec succes,2014-07-31,C:\GoogleDrive\TP\07_backtest_code\runs\ad_hoc\nasx_te_20260710_233057_s01\official_runs\2026-07-10_233355_research_NASDAQ-COMP_nasdaq_tech_residual_low_risk_Top_2014-07-31,Low Residual Volatility,raw_residual_risk,raw_residual_risk,,0.9816666292210564,43693.0,2014-07-31,2026-06-30,520.1547619047619,Low 252-day volatility after removing rolling Nasdaq benchmark beta.,3057.0,71.9375,0.0946065677468464,True,0.120491268407826,0.2105293376237335,0.5723253099440846,-0.3361748337034577,-0.6143241551815637,-0.0768825660452674,-0.6389418435612877,0.0831467738275004,-0.9877347736463804,-0.1832950145792296,0.1666666666666666,C:\GoogleDrive\TP\07_backtest_code\runs\ad_hoc\nasx_te_20260710_233057_s01\official_runs\2026-07-10_233355_research_NASDAQ-COMP_nasdaq_tech_residual_low_risk_Top_2014-07-31\perf_ptf.parquet,C:\GoogleDrive\TP\07_backtest_code\runs\ad_hoc\nasx_te_20260710_233057_s01\official_runs\2026-07-10_233355_research_NASDAQ-COMP_nasdaq_tech_residual_low_risk_Top_2014-07-31\perf_bench.parquet,-0.6212564302626771,-0.7249234690544666,0.018303347264539,-2.469277845842208,,,,,,,,,,,,,,,,,,,,,,,,,,,,,,,,,,,,,,,,,
nasdaq,new,performance_summary,C:\GoogleDrive\TP\07_backtest_code\runs\ad_hoc\nasdaq_tech_factor_extension_20260710\performance_summary.csv,NASDAQ COMP,nasdaq_tech_residual_low_risk,Worst,success,Run termine avec succes,2014-07-31,C:\GoogleDrive\TP\07_backtest_code\runs\ad_hoc\nasx_te_20260710_233057_s01\official_runs\2026-07-10_233432_research_NASDAQ-COMP_nasdaq_tech_residual_low_risk_Worst_2014-07-31,Low Residual Volatility,raw_residual_risk,raw_residual_risk,,0.9816666292210564,43693.0,2014-07-31,2026-06-30,520.1547619047619,Low 252-day volatility after removing rolling Nasdaq benchmark beta.,3057.0,71.9375,0.0930639894398281,True,0.2156622597694042,0.3110513177083456,0.6933333745643152,-0.4346033329879106,0.018303347264539,0.0015241148541429,-0.4309318061970539,0.176283920387553,0.1372659522557199,-0.1190351702999741,0.5833333333333334,C:\GoogleDrive\TP\07_backtest_code\runs\ad_hoc\nasx_te_20260710_233057_s01\official_runs\2026-07-10_233432_research_NASDAQ-COMP_nasdaq_tech_residual_low_risk_Worst_2014-07-31\perf_ptf.parquet,C:\GoogleDrive\TP\07_backtest_code\runs\ad_hoc\nasx_te_20260710_233057_s01\official_runs\2026-07-10_233432_research_NASDAQ-COMP_nasdaq_tech_residual_low_risk_Worst_2014-07-31\perf_bench.parquet,-0.6212564302626771,-0.7249234690544666,0.018303347264539,-2.469277845842208,,,,,,,,,,,,,,,,,,,,,,,,,,,,,,,,,,,,,,,,,
nasdaq,new,performance_summary,C:\GoogleDrive\TP\07_backtest_code\runs\ad_hoc\nasdaq_tech_factor_extension_20260710\performance_summary.csv,NASDAQ COMP,nasdaq_tech_residual_momentum,Top,success,Run termine avec succes,2014-07-31,C:\GoogleDrive\TP\07_backtest_code\runs\ad_hoc\nasx_te_20260710_233057_s03\official_runs\2026-07-10_233235_research_NASDAQ-COMP_nasdaq_tech_residual_momentum_Top_2014-07-31,Benchmark-residual Momentum 12-1,raw_residual_momentum,raw_residual_momentum,,0.9816666292210564,43693.0,2014-07-31,2026-06-30,520.1547619047619,12-1 momentum after removing rolling Nasdaq benchmark beta.,3057.0,71.9375,0.4339394782332612,True,0.1794887931870681,0.2539804442102618,0.7067032020720282,-0.3423335205833026,-0.2893871011666019,-0.0282774182681834,-0.4536123684310145,0.117466592204558,-0.1838498896527267,-0.1599350914102186,0.5,C:\GoogleDrive\TP\07_backtest_code\runs\ad_hoc\nasx_te_20260710_233057_s03\official_runs\2026-07-10_233235_research_NASDAQ-COMP_nasdaq_tech_residual_momentum_Top_2014-07-31\perf_ptf.parquet,C:\GoogleDrive\TP\07_backtest_code\runs\ad_hoc\nasx_te_20260710_233057_s03\official_runs\2026-07-10_233235_research_NASDAQ-COMP_nasdaq_tech_residual_momentum_Top_2014-07-31\perf_bench.parquet,-0.1331852641868316,-0.5139825429251923,-0.1802021014712396,-1.5406061537368234,,,,,,,,,,,,,,,,,,,,,,,,,,,,,,,,,,,,,,,,,
nasdaq,new,performance_summary,C:\GoogleDrive\TP\07_backtest_code\runs\ad_hoc\nasdaq_tech_factor_extension_20260710\performance_summary.csv,NASDAQ COMP,nasdaq_tech_residual_momentum,Worst,success,Run termine avec succes,2014-07-31,C:\GoogleDrive\TP\07_backtest_code\runs\ad_hoc\nasx_te_20260710_233057_s03\official_runs\2026-07-10_233315_research_NASDAQ-COMP_nasdaq_tech_residual_momentum_Worst_2014-07-31,Benchmark-residual Momentum 12-1,raw_residual_momentum,raw_residual_momentum,,0.9816666292210564,43693.0,2014-07-31,2026-06-30,520.1547619047619,12-1 momentum after removing rolling Nasdaq benchmark beta.,3057.0,71.9375,0.3825110570982898,True,0.1937293457203108,0.2571809682463312,0.7532802564719892,-0.3740123123775727,-0.1802021014712396,-0.0165453301357483,-0.4820622495939972,0.1199906712855495,-0.0749017689819369,-0.1191935566905929,0.4166666666666667,C:\GoogleDrive\TP\07_backtest_code\runs\ad_hoc\nasx_te_20260710_233057_s03\official_runs\2026-07-10_233315_research_NASDAQ-COMP_nasdaq_tech_residual_momentum_Worst_2014-07-31\perf_ptf.parquet,C:\GoogleDrive\TP\07_backtest_code\runs\ad_hoc\nasx_te_20260710_233057_s03\official_runs\2026-07-10_233315_research_NASDAQ-COMP_nasdaq_tech_residual_momentum_Worst_2014-07-31\perf_bench.parquet,-0.1331852641868316,-0.5139825429251923,-0.1802021014712396,-1.5406061537368234,,,,,,,,,,,,,,,,,,,,,,,,,,,,,,,,,,,,,,,,,
nasdaq,new,performance_summary,C:\GoogleDrive\TP\07_backtest_code\runs\ad_hoc\nasdaq_tech_factor_extension_20260710\performance_summary.csv,NASDAQ COMP,nasdaq_tech_residual_momentum_oper_improvement,Top,success,Run termine avec succes,2014-07-31,C:\GoogleDrive\TP\07_backtest_code\runs\ad_hoc\nasx_te_20260710_233810_s03\official_runs\2026-07-10_233955_research_NASDAQ-COMP_nasdaq_tech_residual_momentum_oper_improvement_Top_2014-07-31,Residual Momentum + Margin Improvement,raw_residual_momentum,raw_residual_momentum,,0.9033229234536836,40206.0,2014-07-31,2026-06-30,478.6428571428572,Benchmark-residual price continuation confirmed by operating-margin improvement.,3057.0,71.9375,0.4410426692279944,True,0.186863672842521,0.2319419384829079,0.8056484914490408,-0.3354568736503981,-0.2346277159114285,-0.0222016190404568,-0.4665432278236912,0.1037920915707149,-0.2006440161698099,-0.1334559117559811,0.4166666666666667,C:\GoogleDrive\TP\07_backtest_code\runs\ad_hoc\nasx_te_20260710_233810_s03\official_runs\2026-07-10_233955_research_NASDAQ-COMP_nasdaq_tech_residual_momentum_oper_improvement_Top_2014-07-31\perf_ptf.parquet,C:\GoogleDrive\TP\07_backtest_code\runs\ad_hoc\nasx_te_20260710_233810_s03\official_runs\2026-07-10_233955_research_NASDAQ-COMP_nasdaq_tech_residual_momentum_oper_improvement_Top_2014-07-31\perf_bench.parquet,0.2040006296903271,-0.4252614582025714,-0.3643090666111797,-1.3029618600403432,,,,,,,,,,,,,,,,,,,,,,,,,,,,,,,,,,,,,,,,,
nasdaq,new,performance_summary,C:\GoogleDrive\TP\07_backtest_code\runs\ad_hoc\nasdaq_tech_factor_extension_20260710\performance_summary.csv,NASDAQ COMP,nasdaq_tech_residual_momentum_oper_improvement,Worst,success,Run termine avec succes,2014-07-31,C:\GoogleDrive\TP\07_backtest_code\runs\ad_hoc\nasx_te_20260710_233810_s03\official_runs\2026-07-10_234037_research_NASDAQ-COMP_nasdaq_tech_residual_momentum_oper_improvement_Worst_2014-07-31,Residual Momentum + Margin Improvement,raw_residual_momentum,raw_residual_momentum,,0.9033229234536836,40206.0,2014-07-31,2026-06-30,478.6428571428572,Benchmark-residual price continuation confirmed by operating-margin improvement.,3057.0,71.9375,0.4199340241578668,True,0.168506072137103,0.2515649594729619,0.6698312534866921,-0.3836040155889674,-0.3643090666111797,-0.0373255398906665,-0.5724373555518971,0.1131306540127976,-0.2776361283566794,-0.1649914124254665,0.3333333333333333,C:\GoogleDrive\TP\07_backtest_code\runs\ad_hoc\nasx_te_20260710_233810_s03\official_runs\2026-07-10_234037_research_NASDAQ-COMP_nasdaq_tech_residual_momentum_oper_improvement_Worst_2014-07-31\perf_ptf.parquet,C:\GoogleDrive\TP\07_backtest_code\runs\ad_hoc\nasx_te_20260710_233810_s03\official_runs\2026-07-10_234037_research_NASDAQ-COMP_nasdaq_tech_residual_momentum_oper_improvement_Worst_2014-07-31\perf_bench.parquet,0.2040006296903271,-0.4252614582025714,-0.3643090666111797,-1.3029618600403432,,,,,,,,,,,,,,,,,,,,,,,,,,,,,,,,,,,,,,,,,
nasdaq,new,performance_summary,C:\GoogleDrive\TP\07_backtest_code\runs\ad_hoc\nasdaq_tech_factor_extension_20260710\performance_summary.csv,NASDAQ COMP,nasdaq_tech_residual_momentum_revision,Top,success,Run termine avec succes,2014-07-31,C:\GoogleDrive\TP\07_backtest_code\runs\ad_hoc\nasx_te_20260710_233810_s02\official_runs\2026-07-10_233954_research_NASDAQ-COMP_nasdaq_tech_residual_momentum_revision_Top_2014-07-31,Residual Momentum + Revision,raw_residual_momentum,raw_residual_momentum,,0.947246624278236,42161.0,2014-07-31,2026-06-30,501.9166666666667,Benchmark-residual price continuation confirmed by earnings revisions.,3057.0,71.9375,0.3418720259979594,True,0.2071489277924549,0.25976246974355,0.7974551827943519,-0.3627139625210384,-0.0634565110907997,-0.0054895990323856,-0.3860558825294976,0.1202082547351437,0.0223982557145431,-0.1421617787394814,0.4166666666666667,C:\GoogleDrive\TP\07_backtest_code\runs\ad_hoc\nasx_te_20260710_233810_s02\official_runs\2026-07-10_233954_research_NASDAQ-COMP_nasdaq_tech_residual_momentum_revision_Top_2014-07-31\perf_ptf.parquet,C:\GoogleDrive\TP\07_backtest_code\runs\ad_hoc\nasx_te_20260710_233810_s02\official_runs\2026-07-10_233954_research_NASDAQ-COMP_nasdaq_tech_residual_momentum_revision_Top_2014-07-31\perf_bench.parquet,1.90779512249646,-0.2497201328683101,-0.6779197125466186,-0.14404074837619,,,,,,,,,,,,,,,,,,,,,,,,,,,,,,,,,,,,,,,,,
nasdaq,new,performance_summary,C:\GoogleDrive\TP\07_backtest_code\runs\ad_hoc\nasdaq_tech_factor_extension_20260710\performance_summary.csv,NASDAQ COMP,nasdaq_tech_residual_momentum_revision,Worst,success,Run termine avec succes,2014-07-31,C:\GoogleDrive\TP\07_backtest_code\runs\ad_hoc\nasx_te_20260710_233810_s02\official_runs\2026-07-10_234036_research_NASDAQ-COMP_nasdaq_tech_residual_momentum_revision_Worst_2014-07-31,Residual Momentum + Revision,raw_residual_momentum,raw_residual_momentum,,0.947246624278236,42161.0,2014-07-31,2026-06-30,501.9166666666667,Benchmark-residual price continuation confirmed by earnings revisions.,3057.0,71.9375,0.3458378155382031,True,0.1036655291463066,0.240147226636906,0.4316748962628879,-0.434348631401662,-0.6779197125466186,-0.0907444618845414,-0.7299864219567314,0.1143582138445521,-0.7895091559786007,-0.1837453396297694,0.1666666666666666,C:\GoogleDrive\TP\07_backtest_code\runs\ad_hoc\nasx_te_20260710_233810_s02\official_runs\2026-07-10_234036_research_NASDAQ-COMP_nasdaq_tech_residual_momentum_revision_Worst_2014-07-31\perf_ptf.parquet,C:\GoogleDrive\TP\07_backtest_code\runs\ad_hoc\nasx_te_20260710_233810_s02\official_runs\2026-07-10_234036_research_NASDAQ-COMP_nasdaq_tech_residual_momentum_revision_Worst_2014-07-31\perf_bench.parquet,1.90779512249646,-0.2497201328683101,-0.6779197125466186,-0.14404074837619,,,,,,,,,,,,,,,,,,,,,,,,,,,,,,,,,,,,,,,,,
nasdaq,new,performance_summary,C:\GoogleDrive\TP\07_backtest_code\runs\ad_hoc\nasdaq_tech_factor_extension_20260710\performance_summary.csv,NASDAQ COMP,nasdaq_tech_residual_momentum_risk_adjusted,Top,success,Run termine avec succes,2014-07-31,C:\GoogleDrive\TP\07_backtest_code\runs\ad_hoc\nasx_te_20260710_233057_s00\official_runs\2026-07-10_233355_research_NASDAQ-COMP_nasdaq_tech_residual_momentum_risk_adjusted_Top_2014-07-31,Risk-adjusted Residual Momentum,raw_residual_momentum,raw_residual_momentum,,0.8296973645779505,36929.0,2014-07-31,2026-06-30,439.6309523809524,Benchmark-residual momentum scaled by residual volatility.,3057.0,71.9375,0.4066602695240086,True,0.1865215671281217,0.236768399136662,0.7877806658669092,-0.3235839631177923,-0.2372510192946175,-0.0224834630477432,-0.4038384122383919,0.0836625357132552,-0.2388319712990406,-0.1478037887739619,0.4166666666666667,C:\GoogleDrive\TP\07_backtest_code\runs\ad_hoc\nasx_te_20260710_233057_s00\official_runs\2026-07-10_233355_research_NASDAQ-COMP_nasdaq_tech_residual_momentum_risk_adjusted_Top_2014-07-31\perf_ptf.parquet,C:\GoogleDrive\TP\07_backtest_code\runs\ad_hoc\nasx_te_20260710_233057_s00\official_runs\2026-07-10_233355_research_NASDAQ-COMP_nasdaq_tech_residual_momentum_risk_adjusted_Top_2014-07-31\perf_bench.parquet,0.3831195214773157,-0.3643674546204759,-0.4485299579238915,-1.0848344075199607,,,,,,,,,,,,,,,,,,,,,,,,,,,,,,,,,,,,,,,,,
nasdaq,new,performance_summary,C:\GoogleDrive\TP\07_backtest_code\runs\ad_hoc\nasdaq_tech_factor_extension_20260710\performance_summary.csv,NASDAQ COMP,nasdaq_tech_residual_momentum_risk_adjusted,Worst,success,Run termine avec succes,2014-07-31,C:\GoogleDrive\TP\07_backtest_code\runs\ad_hoc\nasx_te_20260710_233057_s00\official_runs\2026-07-10_233432_research_NASDAQ-COMP_nasdaq_tech_residual_momentum_risk_adjusted_Worst_2014-07-31,Risk-adjusted Residual Momentum,raw_residual_momentum,raw_residual_momentum,,0.8296973645779505,36929.0,2014-07-31,2026-06-30,439.6309523809524,Benchmark-residual momentum scaled by residual volatility.,3057.0,71.9375,0.427986306127765,True,0.1546444654500365,0.2285646946161449,0.6765894693830506,-0.3285257013704084,-0.4485299579238915,-0.0487454332501543,-0.5543407672449912,0.0942069658246715,-0.5163990283930618,-0.1092568262435867,0.25,C:\GoogleDrive\TP\07_backtest_code\runs\ad_hoc\nasx_te_20260710_233057_s00\official_runs\2026-07-10_233432_research_NASDAQ-COMP_nasdaq_tech_residual_momentum_risk_adjusted_Worst_2014-07-31\perf_ptf.parquet,C:\GoogleDrive\TP\07_backtest_code\runs\ad_hoc\nasx_te_20260710_233057_s00\official_runs\2026-07-10_233432_research_NASDAQ-COMP_nasdaq_tech_residual_momentum_risk_adjusted_Worst_2014-07-31\perf_bench.parquet,0.3831195214773157,-0.3643674546204759,-0.4485299579238915,-1.0848344075199607,,,,,,,,,,,,,,,,,,,,,,,,,,,,,,,,,,,,,,,,,
nasdaq,new,synergy_performance_summary,C:\GoogleDrive\TP\07_backtest_code\runs\ad_hoc\nasdaq_tech_factor_extension_20260710\synergy_performance_summary.csv,NASDAQ COMP,nasdaq_ext_family_subset_024d487a1295,Top,success,Run termine avec succes,2014-03-31,C:\GoogleDrive\TP\07_backtest_code\runs\ad_hoc\nasx_gy_20260710_235429_s03\official_runs\2026-07-11_000349_research_NASDAQ-COMP_nasdaq_ext_subset_quality_improvement_earnings_yield_improvement_intangible_investment_Top_2014-03-31,quality_improvement + earnings_yield_improvement + intangible_investment,family_subset,family_subset,,0.8375609427306837,37279.0,2014-03-31,2026-06-30,443.79761904761904,"validated theme subset: quality_improvement, earnings_yield_improvement, intangible_investment",3142.0,70.47972972972973,0.2420063529547361,True,0.2590298685831238,0.2660098983561642,0.9737602629970756,-0.3616674242235317,0.5161135484699855,0.0345575180028436,-0.305016322562465,0.1149992333926478,0.3789593556768492,-0.0845254809040698,0.6666666666666666,C:\GoogleDrive\TP\07_backtest_code\runs\ad_hoc\nasx_gy_20260710_235429_s03\official_runs\2026-07-11_000349_research_NASDAQ-COMP_nasdaq_ext_subset_quality_improvement_earnings_yield_improvement_intangible_investment_Top_2014-03-31\perf_ptf.parquet,C:\GoogleDrive\TP\07_backtest_code\runs\ad_hoc\nasx_gy_20260710_235429_s03\official_runs\2026-07-11_000349_research_NASDAQ-COMP_nasdaq_ext_subset_quality_improvement_earnings_yield_improvement_intangible_investment_Top_2014-03-31\perf_bench.parquet,1.966903795295353,-0.3196511196389074,-0.4889913347126048,0.6900080866960142,,,,,,,,,,,,,,,,,,,,,,,,,,,,,,,,,,,,,,,,,
nasdaq,new,synergy_performance_summary,C:\GoogleDrive\TP\07_backtest_code\runs\ad_hoc\nasdaq_tech_factor_extension_20260710\synergy_performance_summary.csv,NASDAQ COMP,nasdaq_ext_family_subset_024d487a1295,Worst,success,Run termine avec succes,2014-03-31,C:\GoogleDrive\TP\07_backtest_code\runs\ad_hoc\nasx_gy_20260710_235429_s03\official_runs\2026-07-11_000442_research_NASDAQ-COMP_nasdaq_ext_subset_quality_improvement_earnings_yield_improvement_intangible_investment_Worst_2014-03-31,quality_improvement + earnings_yield_improvement + intangible_investment,family_subset,family_subset,,0.8375609427306837,37279.0,2014-03-31,2026-06-30,443.79761904761904,"validated theme subset: quality_improvement, earnings_yield_improvement, intangible_investment",3142.0,70.47972972972973,0.2485294049863841,True,0.1520675798028503,0.2323258506618137,0.6545443796704669,-0.3159804335381625,-0.4889913347126048,-0.0533344715056777,-0.5562252591543909,0.0981421973239912,-0.5317389708018151,-0.1769286216270013,0.4166666666666667,C:\GoogleDrive\TP\07_backtest_code\runs\ad_hoc\nasx_gy_20260710_235429_s03\official_runs\2026-07-11_000442_research_NASDAQ-COMP_nasdaq_ext_subset_quality_improvement_earnings_yield_improvement_intangible_investment_Worst_2014-03-31\perf_ptf.parquet,C:\GoogleDrive\TP\07_backtest_code\runs\ad_hoc\nasx_gy_20260710_235429_s03\official_runs\2026-07-11_000442_research_NASDAQ-COMP_nasdaq_ext_subset_quality_improvement_earnings_yield_improvement_intangible_investment_Worst_2014-03-31\perf_bench.parquet,1.966903795295353,-0.3196511196389074,-0.4889913347126048,0.6900080866960142,,,,,,,,,,,,,,,,,,,,,,,,,,,,,,,,,,,,,,,,,
nasdaq,new,synergy_performance_summary,C:\GoogleDrive\TP\07_backtest_code\runs\ad_hoc\nasdaq_tech_factor_extension_20260710\synergy_performance_summary.csv,NASDAQ COMP,nasdaq_ext_family_subset_099f12e1b8aa,Top,success,Run termine avec succes,2013-12-31,C:\GoogleDrive\TP\07_backtest_code\runs\ad_hoc\nasx_gy_20260710_235429_s02\official_runs\2026-07-11_001038_research_NASDAQ-COMP_nasdaq_ext_subset_revision_quality_improvement_growth_confirmation_intangible_investment_Top_2013-12-31,revision + quality_improvement + growth_confirmation + intangible_investment,family_subset,family_subset,,0.9527735963512998,42407.0,2013-12-31,2026-06-30,504.8452380952381,"validated theme subset: revision, quality_improvement, growth_confirmation, intangible_investment",3206.0,69.43708609271523,0.1951526669290098,True,0.2502726268167277,0.2701647676283762,0.9263703369381936,-0.3970562875430462,0.4275661421628558,0.028897477820639,-0.3486260418493361,0.1231996221905535,0.3215272861554284,-0.1214575472564898,0.75,C:\GoogleDrive\TP\07_backtest_code\runs\ad_hoc\nasx_gy_20260710_235429_s02\official_runs\2026-07-11_001038_research_NASDAQ-COMP_nasdaq_ext_subset_revision_quality_improvement_growth_confirmation_intangible_investment_Top_2013-12-31\perf_ptf.parquet,C:\GoogleDrive\TP\07_backtest_code\runs\ad_hoc\nasx_gy_20260710_235429_s02\official_runs\2026-07-11_001038_research_NASDAQ-COMP_nasdaq_ext_subset_revision_quality_improvement_growth_confirmation_intangible_investment_Top_2013-12-31\perf_bench.parquet,3.377304957768266,-0.322070632174078,-0.6738709877571132,1.1743093679012733,,,,,,,,,,,,,,,,,,,,,,,,,,,,,,,,,,,,,,,,,
nasdaq,new,synergy_performance_summary,C:\GoogleDrive\TP\07_backtest_code\runs\ad_hoc\nasdaq_tech_factor_extension_20260710\synergy_performance_summary.csv,NASDAQ COMP,nasdaq_ext_family_subset_099f12e1b8aa,Worst,success,Run termine avec succes,2013-12-31,C:\GoogleDrive\TP\07_backtest_code\runs\ad_hoc\nasx_gy_20260710_235429_s02\official_runs\2026-07-11_001126_research_NASDAQ-COMP_nasdaq_ext_subset_revision_quality_improvement_growth_confirmation_intangible_investment_Worst_2013-12-31,revision + quality_improvement + growth_confirmation + intangible_investment,family_subset,family_subset,,0.9527735963512998,42407.0,2013-12-31,2026-06-30,504.8452380952381,"validated theme subset: revision, quality_improvement, growth_confirmation, intangible_investment",3206.0,69.43708609271523,0.2094563234483477,True,0.1109382363784214,0.2164678530662096,0.5124928935498313,-0.339779664016927,-0.6738709877571132,-0.0857661561906526,-0.7220944339327278,0.1117950013110039,-0.8027365963832171,-0.1995804463135685,0.1666666666666666,C:\GoogleDrive\TP\07_backtest_code\runs\ad_hoc\nasx_gy_20260710_235429_s02\official_runs\2026-07-11_001126_research_NASDAQ-COMP_nasdaq_ext_subset_revision_quality_improvement_growth_confirmation_intangible_investment_Worst_2013-12-31\perf_ptf.parquet,C:\GoogleDrive\TP\07_backtest_code\runs\ad_hoc\nasx_gy_20260710_235429_s02\official_runs\2026-07-11_001126_research_NASDAQ-COMP_nasdaq_ext_subset_revision_quality_improvement_growth_confirmation_intangible_investment_Worst_2013-12-31\perf_bench.parquet,3.377304957768266,-0.322070632174078,-0.6738709877571132,1.1743093679012733,,,,,,,,,,,,,,,,,,,,,,,,,,,,,,,,,,,,,,,,,
nasdaq,new,synergy_performance_summary,C:\GoogleDrive\TP\07_backtest_code\runs\ad_hoc\nasdaq_tech_factor_extension_20260710\synergy_performance_summary.csv,NASDAQ COMP,nasdaq_ext_family_subset_141524577cb0,Top,success,Run termine avec succes,2013-12-31,C:\GoogleDrive\TP\07_backtest_code\runs\ad_hoc\nasx_gy_20260711_002100_s02\official_runs\2026-07-11_002602_research_NASDAQ-COMP_nasdaq_ext_family_subset_141524577cb0_Top_2013-12-31,revision + quality_improvement + earnings_yield_improvement + growth_confirmation + capital_efficiency,family_subset,family_subset,,0.9605922397717316,42755.0,2013-12-31,2026-06-30,508.9880952380952,"validated theme subset: revision, quality_improvement, earnings_yield_improvement, growth_confirmation, capital_efficiency",3206.0,69.43708609271523,0.2028515788645398,True,0.2588241821937629,0.278805293082089,0.9283331006113894,-0.3904378790466632,0.5544884393477933,0.0359348819596681,-0.3469738587179853,0.1229557537532053,0.3960050592152768,-0.1042636287077932,0.5833333333333334,C:\GoogleDrive\TP\07_backtest_code\runs\ad_hoc\nasx_gy_20260711_002100_s02\official_runs\2026-07-11_002602_research_NASDAQ-COMP_nasdaq_ext_family_subset_141524577cb0_Top_2013-12-31\perf_ptf.parquet,C:\GoogleDrive\TP\07_backtest_code\runs\ad_hoc\nasx_gy_20260711_002100_s02\official_runs\2026-07-11_002602_research_NASDAQ-COMP_nasdaq_ext_family_subset_141524577cb0_Top_2013-12-31\perf_bench.parquet,3.3442777992026134,-0.3127154648763437,-0.6421756362742002,1.3054602390521306,,,,,,,,,,,,,,,,,,,,,,,,,,,,,,,,,,,,,,,,,
nasdaq,new,synergy_performance_summary,C:\GoogleDrive\TP\07_backtest_code\runs\ad_hoc\nasdaq_tech_factor_extension_20260710\synergy_performance_summary.csv,NASDAQ COMP,nasdaq_ext_family_subset_141524577cb0,Worst,success,Run termine avec succes,2013-12-31,C:\GoogleDrive\TP\07_backtest_code\runs\ad_hoc\nasx_gy_20260711_002100_s02\official_runs\2026-07-11_002642_research_NASDAQ-COMP_nasdaq_ext_family_subset_141524577cb0_Worst_2013-12-31,revision + quality_improvement + earnings_yield_improvement + growth_confirmation + capital_efficiency,family_subset,family_subset,,0.9605922397717316,42755.0,2013-12-31,2026-06-30,508.9880952380952,"validated theme subset: revision, quality_improvement, earnings_yield_improvement, growth_confirmation, capital_efficiency",3206.0,69.43708609271523,0.2260245693891478,True,0.1192149425751352,0.208779325869212,0.5710093280491592,-0.2886776252165746,-0.6421756362742002,-0.0789549360233016,-0.692569886660456,0.110674976565031,-0.7597485779855288,-0.1693957402297246,0.1666666666666666,C:\GoogleDrive\TP\07_backtest_code\runs\ad_hoc\nasx_gy_20260711_002100_s02\official_runs\2026-07-11_002642_research_NASDAQ-COMP_nasdaq_ext_family_subset_141524577cb0_Worst_2013-12-31\perf_ptf.parquet,C:\GoogleDrive\TP\07_backtest_code\runs\ad_hoc\nasx_gy_20260711_002100_s02\official_runs\2026-07-11_002642_research_NASDAQ-COMP_nasdaq_ext_family_subset_141524577cb0_Worst_2013-12-31\perf_bench.parquet,3.3442777992026134,-0.3127154648763437,-0.6421756362742002,1.3054602390521306,,,,,,,,,,,,,,,,,,,,,,,,,,,,,,,,,,,,,,,,,
nasdaq,new,synergy_performance_summary,C:\GoogleDrive\TP\07_backtest_code\runs\ad_hoc\nasdaq_tech_factor_extension_20260710\synergy_performance_summary.csv,NASDAQ COMP,nasdaq_ext_family_subset_14cf700e00b1,Top,success,Run termine avec succes,2013-12-31,C:\GoogleDrive\TP\07_backtest_code\runs\ad_hoc\nasx_gy_20260710_235429_s04\official_runs\2026-07-11_000208_research_NASDAQ-COMP_nasdaq_ext_subset_revision_capital_efficiency_intangible_investment_Top_2013-12-31,revision + capital_efficiency + intangible_investment,family_subset,family_subset,,0.9164438652856726,40790.0,2013-12-31,2026-06-30,485.5952380952381,"validated theme subset: revision, capital_efficiency, intangible_investment",3206.0,69.43708609271523,0.1764850550009079,True,0.2595832439056642,0.287133190873555,0.904051681088924,-0.4156760353811427,0.5662417628292071,0.0365595430648815,-0.3266819359278567,0.1332761367894731,0.3870847957991258,-0.0787980425230315,0.75,C:\GoogleDrive\TP\07_backtest_code\runs\ad_hoc\nasx_gy_20260710_235429_s04\official_runs\2026-07-11_000208_research_NASDAQ-COMP_nasdaq_ext_subset_revision_capital_efficiency_intangible_investment_Top_2013-12-31\perf_ptf.parquet,C:\GoogleDrive\TP\07_backtest_code\runs\ad_hoc\nasx_gy_20260710_235429_s04\official_runs\2026-07-11_000208_research_NASDAQ-COMP_nasdaq_ext_subset_revision_capital_efficiency_intangible_investment_Top_2013-12-31\perf_bench.parquet,2.6981135491013606,-0.3890264486148971,-0.5764754808002575,1.049860486211669,,,,,,,,,,,,,,,,,,,,,,,,,,,,,,,,,,,,,,,,,
nasdaq,new,synergy_performance_summary,C:\GoogleDrive\TP\07_backtest_code\runs\ad_hoc\nasdaq_tech_factor_extension_20260710\synergy_performance_summary.csv,NASDAQ COMP,nasdaq_ext_family_subset_14cf700e00b1,Worst,success,Run termine avec succes,2013-12-31,C:\GoogleDrive\TP\07_backtest_code\runs\ad_hoc\nasx_gy_20260710_235429_s04\official_runs\2026-07-11_000302_research_NASDAQ-COMP_nasdaq_ext_subset_revision_capital_efficiency_intangible_investment_Worst_2013-12-31,revision + capital_efficiency + intangible_investment,family_subset,family_subset,,0.9164438652856726,40790.0,2013-12-31,2026-06-30,485.5952380952381,"validated theme subset: revision, capital_efficiency, intangible_investment",3206.0,69.43708609271523,0.2026828700540648,True,0.13441582710134,0.2143840424012989,0.6269861580916136,-0.3439603667984795,-0.5764754808002575,-0.06644554294039,-0.6445188061929725,0.1142175872075972,-0.6096383181169361,-0.1689705903602423,0.25,C:\GoogleDrive\TP\07_backtest_code\runs\ad_hoc\nasx_gy_20260710_235429_s04\official_runs\2026-07-11_000302_research_NASDAQ-COMP_nasdaq_ext_subset_revision_capital_efficiency_intangible_investment_Worst_2013-12-31\perf_ptf.parquet,C:\GoogleDrive\TP\07_backtest_code\runs\ad_hoc\nasx_gy_20260710_235429_s04\official_runs\2026-07-11_000302_research_NASDAQ-COMP_nasdaq_ext_subset_revision_capital_efficiency_intangible_investment_Worst_2013-12-31\perf_bench.parquet,2.6981135491013606,-0.3890264486148971,-0.5764754808002575,1.049860486211669,,,,,,,,,,,,,,,,,,,,,,,,,,,,,,,,,,,,,,,,,
nasdaq,new,synergy_performance_summary,C:\GoogleDrive\TP\07_backtest_code\runs\ad_hoc\nasdaq_tech_factor_extension_20260710\synergy_performance_summary.csv,NASDAQ COMP,nasdaq_ext_family_subset_15dceb9f7045,Top,success,Run termine avec succes,2014-03-31,C:\GoogleDrive\TP\07_backtest_code\runs\ad_hoc\nasx_gy_20260710_235429_s00\official_runs\2026-07-11_001334_research_NASDAQ-COMP_nasdaq_ext_subset_revision_earnings_yield_improvement_intangible_investment_residual_risk_Top_2014-03-31,revision + earnings_yield_improvement + intangible_investment + residual_risk,family_subset,family_subset,,0.8673077355141656,38603.0,2014-03-31,2026-06-30,459.5595238095238,"validated theme subset: revision, earnings_yield_improvement, intangible_investment, residual_risk",3142.0,70.47972972972973,0.2103100208898954,True,0.2502367648310679,0.2702682220092864,0.9258830467403965,-0.3915331407453714,0.3913877693854322,0.0273321361272684,-0.2912299118048846,0.108329801981378,0.3495472886399737,-0.0886435779618043,0.6666666666666666,C:\GoogleDrive\TP\07_backtest_code\runs\ad_hoc\nasx_gy_20260710_235429_s00\official_runs\2026-07-11_001334_research_NASDAQ-COMP_nasdaq_ext_subset_revision_earnings_yield_improvement_intangible_investment_residual_risk_Top_2014-03-31\perf_ptf.parquet,C:\GoogleDrive\TP\07_backtest_code\runs\ad_hoc\nasx_gy_20260710_235429_s00\official_runs\2026-07-11_001334_research_NASDAQ-COMP_nasdaq_ext_subset_revision_earnings_yield_improvement_intangible_investment_residual_risk_Top_2014-03-31\perf_bench.parquet,2.0733956450287367,-0.3085406078693159,-0.5472799697507145,0.6486523883468489,,,,,,,,,,,,,,,,,,,,,,,,,,,,,,,,,,,,,,,,,
nasdaq,new,synergy_performance_summary,C:\GoogleDrive\TP\07_backtest_code\runs\ad_hoc\nasdaq_tech_factor_extension_20260710\synergy_performance_summary.csv,NASDAQ COMP,nasdaq_ext_family_subset_15dceb9f7045,Worst,success,Run termine avec succes,2014-03-31,C:\GoogleDrive\TP\07_backtest_code\runs\ad_hoc\nasx_gy_20260710_235429_s00\official_runs\2026-07-11_001411_research_NASDAQ-COMP_nasdaq_ext_subset_revision_earnings_yield_improvement_intangible_investment_residual_risk_Worst_2014-03-31,revision + earnings_yield_improvement + intangible_investment + residual_risk,family_subset,family_subset,,0.8673077355141656,38603.0,2014-03-31,2026-06-30,459.5595238095238,"validated theme subset: revision, earnings_yield_improvement, intangible_investment, residual_risk",3142.0,70.47972972972973,0.218741883741725,True,0.1407327125353872,0.2179996063381058,0.6455640672906455,-0.2926166463101559,-0.5472799697507145,-0.0626484460504716,-0.5976519708412839,0.1152005886590396,-0.5653993600741829,-0.1578331776000934,0.3333333333333333,C:\GoogleDrive\TP\07_backtest_code\runs\ad_hoc\nasx_gy_20260710_235429_s00\official_runs\2026-07-11_001411_research_NASDAQ-COMP_nasdaq_ext_subset_revision_earnings_yield_improvement_intangible_investment_residual_risk_Worst_2014-03-31\perf_ptf.parquet,C:\GoogleDrive\TP\07_backtest_code\runs\ad_hoc\nasx_gy_20260710_235429_s00\official_runs\2026-07-11_001411_research_NASDAQ-COMP_nasdaq_ext_subset_revision_earnings_yield_improvement_intangible_investment_residual_risk_Worst_2014-03-31\perf_bench.parquet,2.0733956450287367,-0.3085406078693159,-0.5472799697507145,0.6486523883468489,,,,,,,,,,,,,,,,,,,,,,,,,,,,,,,,,,,,,,,,,
nasdaq,new,synergy_performance_summary,C:\GoogleDrive\TP\07_backtest_code\runs\ad_hoc\nasdaq_tech_factor_extension_20260710\synergy_performance_summary.csv,NASDAQ COMP,nasdaq_ext_family_subset_198e594d4609,Top,success,Run termine avec succes,2013-12-31,C:\GoogleDrive\TP\07_backtest_code\runs\ad_hoc\nasx_gy_20260710_235429_s01\official_runs\2026-07-11_000208_research_NASDAQ-COMP_nasdaq_ext_subset_revision_growth_confirmation_capital_efficiency_Top_2013-12-31,revision + growth_confirmation + capital_efficiency,family_subset,family_subset,,0.9565705812307624,42576.0,2013-12-31,2026-06-30,506.8571428571428,"validated theme subset: revision, growth_confirmation, capital_efficiency",3206.0,69.43708609271523,0.1801557310522221,True,0.2429399235463236,0.2673016723620917,0.90886046989348,-0.3640642677326926,0.3264023768760418,0.0228631140037367,-0.3311862011526202,0.1109986619327243,0.297751946473524,-0.0870630359263157,0.6666666666666666,C:\GoogleDrive\TP\07_backtest_code\runs\ad_hoc\nasx_gy_20260710_235429_s01\official_runs\2026-07-11_000208_research_NASDAQ-COMP_nasdaq_ext_subset_revision_growth_confirmation_capital_efficiency_Top_2013-12-31\perf_ptf.parquet,C:\GoogleDrive\TP\07_backtest_code\runs\ad_hoc\nasx_gy_20260710_235429_s01\official_runs\2026-07-11_000208_research_NASDAQ-COMP_nasdaq_ext_subset_revision_growth_confirmation_capital_efficiency_Top_2013-12-31\perf_bench.parquet,2.0811047899714934,-0.3101132230952377,-0.5695042956042031,0.506520671697508,,,,,,,,,,,,,,,,,,,,,,,,,,,,,,,,,,,,,,,,,
nasdaq,new,synergy_performance_summary,C:\GoogleDrive\TP\07_backtest_code\runs\ad_hoc\nasdaq_tech_factor_extension_20260710\synergy_performance_summary.csv,NASDAQ COMP,nasdaq_ext_family_subset_198e594d4609,Worst,success,Run termine avec succes,2013-12-31,C:\GoogleDrive\TP\07_backtest_code\runs\ad_hoc\nasx_gy_20260710_235429_s01\official_runs\2026-07-11_000302_research_NASDAQ-COMP_nasdaq_ext_subset_revision_growth_confirmation_capital_efficiency_Worst_2013-12-31,revision + growth_confirmation + capital_efficiency,family_subset,family_subset,,0.9565705812307624,42576.0,2013-12-31,2026-06-30,506.8571428571428,"validated theme subset: revision, growth_confirmation, capital_efficiency",3206.0,69.43708609271523,0.18527178885082,True,0.1358989553790632,0.2132457908495082,0.6372878678527815,-0.3036262408817904,-0.5695042956042031,-0.0652250195829209,-0.6344105116483514,0.1122489426501813,-0.6110394999842302,-0.168399166913601,0.25,C:\GoogleDrive\TP\07_backtest_code\runs\ad_hoc\nasx_gy_20260710_235429_s01\official_runs\2026-07-11_000302_research_NASDAQ-COMP_nasdaq_ext_subset_revision_growth_confirmation_capital_efficiency_Worst_2013-12-31\perf_ptf.parquet,C:\GoogleDrive\TP\07_backtest_code\runs\ad_hoc\nasx_gy_20260710_235429_s01\official_runs\2026-07-11_000302_research_NASDAQ-COMP_nasdaq_ext_subset_revision_growth_confirmation_capital_efficiency_Worst_2013-12-31\perf_bench.parquet,2.0811047899714934,-0.3101132230952377,-0.5695042956042031,0.506520671697508,,,,,,,,,,,,,,,,,,,,,,,,,,,,,,,,,,,,,,,,,
nasdaq,new,synergy_performance_summary,C:\GoogleDrive\TP\07_backtest_code\runs\ad_hoc\nasdaq_tech_factor_extension_20260710\synergy_performance_summary.csv,NASDAQ COMP,nasdaq_ext_family_subset_1df4bbb0e9e1,Top,success,Run termine avec succes,2014-01-31,C:\GoogleDrive\TP\07_backtest_code\runs\ad_hoc\nasx_gy_20260711_002100_s02\official_runs\2026-07-11_002329_research_NASDAQ-COMP_nasdaq_ext_family_subset_1df4bbb0e9e1_Top_2014-01-31,quality_improvement + growth_confirmation + capital_efficiency + residual_risk,family_subset,family_subset,,0.9294749376530588,41370.0,2014-01-31,2026-06-30,492.5,"validated theme subset: quality_improvement, growth_confirmation, capital_efficiency, residual_risk",3184.0,69.78,0.1861856035937274,True,0.2445736955661615,0.2711040172058949,0.9021396956298714,-0.401731865431595,0.2977295978589354,0.0212261289261321,-0.334972100041388,0.1218917245324668,0.2662554066385719,-0.1073825030590864,0.6666666666666666,C:\GoogleDrive\TP\07_backtest_code\runs\ad_hoc\nasx_gy_20260711_002100_s02\official_runs\2026-07-11_002329_research_NASDAQ-COMP_nasdaq_ext_family_subset_1df4bbb0e9e1_Top_2014-01-31\perf_ptf.parquet,C:\GoogleDrive\TP\07_backtest_code\runs\ad_hoc\nasx_gy_20260711_002100_s02\official_runs\2026-07-11_002329_research_NASDAQ-COMP_nasdaq_ext_family_subset_1df4bbb0e9e1_Top_2014-01-31\perf_bench.parquet,2.9672418516181707,-0.3035102388723003,-0.6728887104955263,0.8821320959936914,,,,,,,,,,,,,,,,,,,,,,,,,,,,,,,,,,,,,,,,,
nasdaq,new,synergy_performance_summary,C:\GoogleDrive\TP\07_backtest_code\runs\ad_hoc\nasdaq_tech_factor_extension_20260710\synergy_performance_summary.csv,NASDAQ COMP,nasdaq_ext_family_subset_1df4bbb0e9e1,Worst,success,Run termine avec succes,2014-01-31,C:\GoogleDrive\TP\07_backtest_code\runs\ad_hoc\nasx_gy_20260711_002100_s02\official_runs\2026-07-11_002409_research_NASDAQ-COMP_nasdaq_ext_family_subset_1df4bbb0e9e1_Worst_2014-01-31,quality_improvement + growth_confirmation + capital_efficiency + residual_risk,family_subset,family_subset,,0.9294749376530588,41370.0,2014-01-31,2026-06-30,492.5,"validated theme subset: quality_improvement, growth_confirmation, capital_efficiency, residual_risk",3184.0,69.78,0.1842087056396093,True,0.1137463315148086,0.2182022096170354,0.5212886327523616,-0.3418335899279752,-0.6728887104955263,-0.0861233378219946,-0.721485867368342,0.1128911137697979,-0.7953578294012152,-0.1810095223130403,0.25,C:\GoogleDrive\TP\07_backtest_code\runs\ad_hoc\nasx_gy_20260711_002100_s02\official_runs\2026-07-11_002409_research_NASDAQ-COMP_nasdaq_ext_family_subset_1df4bbb0e9e1_Worst_2014-01-31\perf_ptf.parquet,C:\GoogleDrive\TP\07_backtest_code\runs\ad_hoc\nasx_gy_20260711_002100_s02\official_runs\2026-07-11_002409_research_NASDAQ-COMP_nasdaq_ext_family_subset_1df4bbb0e9e1_Worst_2014-01-31\perf_bench.parquet,2.9672418516181707,-0.3035102388723003,-0.6728887104955263,0.8821320959936914,,,,,,,,,,,,,,,,,,,,,,,,,,,,,,,,,,,,,,,,,
nasdaq,new,synergy_performance_summary,C:\GoogleDrive\TP\07_backtest_code\runs\ad_hoc\nasdaq_tech_factor_extension_20260710\synergy_performance_summary.csv,NASDAQ COMP,nasdaq_ext_family_subset_1e415bb3ddb9,Top,success,Run termine avec succes,2014-03-31,C:\GoogleDrive\TP\07_backtest_code\runs\ad_hoc\nasx_gy_20260711_002100_s00\official_runs\2026-07-11_002330_research_NASDAQ-COMP_nasdaq_ext_family_subset_1e415bb3ddb9_Top_2014-03-31,quality_improvement + earnings_yield_improvement + intangible_investment + residual_risk,family_subset,family_subset,,0.8628816643824845,38406.0,2014-03-31,2026-06-30,457.2142857142857,"validated theme subset: quality_improvement, earnings_yield_improvement, intangible_investment, residual_risk",3142.0,70.47972972972973,0.2351191717479675,True,0.2574839145749987,0.2645122178042072,0.973429192467734,-0.3610589603061572,0.4934670611273739,0.0332871920308377,-0.2936286449536637,0.1089079060760691,0.3854173458879456,-0.073317167554314,0.75,C:\GoogleDrive\TP\07_backtest_code\runs\ad_hoc\nasx_gy_20260711_002100_s00\official_runs\2026-07-11_002330_research_NASDAQ-COMP_nasdaq_ext_family_subset_1e415bb3ddb9_Top_2014-03-31\perf_ptf.parquet,C:\GoogleDrive\TP\07_backtest_code\runs\ad_hoc\nasx_gy_20260711_002100_s00\official_runs\2026-07-11_002330_research_NASDAQ-COMP_nasdaq_ext_family_subset_1e415bb3ddb9_Top_2014-03-31\perf_bench.parquet,3.34198648512102,-0.2290606595862948,-0.6560406011752595,1.3949779401501732,,,,,,,,,,,,,,,,,,,,,,,,,,,,,,,,,,,,,,,,,
nasdaq,new,synergy_performance_summary,C:\GoogleDrive\TP\07_backtest_code\runs\ad_hoc\nasdaq_tech_factor_extension_20260710\synergy_performance_summary.csv,NASDAQ COMP,nasdaq_ext_family_subset_1e415bb3ddb9,Worst,success,Run termine avec succes,2014-03-31,C:\GoogleDrive\TP\07_backtest_code\runs\ad_hoc\nasx_gy_20260711_002100_s00\official_runs\2026-07-11_002410_research_NASDAQ-COMP_nasdaq_ext_family_subset_1e415bb3ddb9_Worst_2014-03-31,quality_improvement + earnings_yield_improvement + intangible_investment + residual_risk,family_subset,family_subset,,0.8628816643824845,38406.0,2014-03-31,2026-06-30,457.2142857142857,"validated theme subset: quality_improvement, earnings_yield_improvement, intangible_investment, residual_risk",3142.0,70.47972972972973,0.2427328485812804,True,0.1154307193417332,0.2204732332417708,0.5235588812504599,-0.3884604314296678,-0.6560406011752595,-0.0834393485795829,-0.7086058623637694,0.1144336769092919,-0.7571366612478049,-0.1871709477029647,0.1666666666666666,C:\GoogleDrive\TP\07_backtest_code\runs\ad_hoc\nasx_gy_20260711_002100_s00\official_runs\2026-07-11_002410_research_NASDAQ-COMP_nasdaq_ext_family_subset_1e415bb3ddb9_Worst_2014-03-31\perf_ptf.parquet,C:\GoogleDrive\TP\07_backtest_code\runs\ad_hoc\nasx_gy_20260711_002100_s00\official_runs\2026-07-11_002410_research_NASDAQ-COMP_nasdaq_ext_family_subset_1e415bb3ddb9_Worst_2014-03-31\perf_bench.parquet,3.34198648512102,-0.2290606595862948,-0.6560406011752595,1.3949779401501732,,,,,,,,,,,,,,,,,,,,,,,,,,,,,,,,,,,,,,,,,
nasdaq,new,synergy_performance_summary,C:\GoogleDrive\TP\07_backtest_code\runs\ad_hoc\nasdaq_tech_factor_extension_20260710\synergy_performance_summary.csv,NASDAQ COMP,nasdaq_ext_family_subset_1e65a7ddb592,Top,success,Run termine avec succes,2014-03-31,C:\GoogleDrive\TP\07_backtest_code\runs\ad_hoc\nasx_gy_20260710_235429_s02\official_runs\2026-07-11_000349_research_NASDAQ-COMP_nasdaq_ext_subset_quality_improvement_earnings_yield_improvement_capital_efficiency_Top_2014-03-31,quality_improvement + earnings_yield_improvement + capital_efficiency,family_subset,family_subset,,0.8584780606169539,38210.0,2014-03-31,2026-06-30,454.8809523809524,"validated theme subset: quality_improvement, earnings_yield_improvement, capital_efficiency",3142.0,70.47972972972973,0.2319809010926956,True,0.2721325094328575,0.2693330327406166,1.0103941082300771,-0.3609861398263067,0.7211066276309008,0.0453240898968354,-0.3119771917784493,0.1169177573694076,0.4674435201967753,-0.0800396778115576,0.75,C:\GoogleDrive\TP\07_backtest_code\runs\ad_hoc\nasx_gy_20260710_235429_s02\official_runs\2026-07-11_000349_research_NASDAQ-COMP_nasdaq_ext_subset_quality_improvement_earnings_yield_improvement_capital_efficiency_Top_2014-03-31\perf_ptf.parquet,C:\GoogleDrive\TP\07_backtest_code\runs\ad_hoc\nasx_gy_20260710_235429_s02\official_runs\2026-07-11_000349_research_NASDAQ-COMP_nasdaq_ext_subset_quality_improvement_earnings_yield_improvement_capital_efficiency_Top_2014-03-31\perf_bench.parquet,2.7821731978590925,-0.2792227378336444,-0.5449424080829675,1.2912814078225834,,,,,,,,,,,,,,,,,,,,,,,,,,,,,,,,,,,,,,,,,
nasdaq,new,synergy_performance_summary,C:\GoogleDrive\TP\07_backtest_code\runs\ad_hoc\nasdaq_tech_factor_extension_20260710\synergy_performance_summary.csv,NASDAQ COMP,nasdaq_ext_family_subset_1e65a7ddb592,Worst,success,Run termine avec succes,2014-03-31,C:\GoogleDrive\TP\07_backtest_code\runs\ad_hoc\nasx_gy_20260710_235429_s02\official_runs\2026-07-11_000442_research_NASDAQ-COMP_nasdaq_ext_subset_quality_improvement_earnings_yield_improvement_capital_efficiency_Worst_2014-03-31,quality_improvement + earnings_yield_improvement + capital_efficiency,family_subset,family_subset,,0.8584780606169539,38210.0,2014-03-31,2026-06-30,454.8809523809524,"validated theme subset: quality_improvement, earnings_yield_improvement, capital_efficiency",3142.0,70.47972972972973,0.253000102216676,True,0.1412124283127165,0.2247362570059415,0.6283473356459042,-0.3069921796365512,-0.5449424080829675,-0.0622542587668139,-0.607991820176466,0.1075824337912582,-0.5878156509799238,-0.1711239412209182,0.25,C:\GoogleDrive\TP\07_backtest_code\runs\ad_hoc\nasx_gy_20260710_235429_s02\official_runs\2026-07-11_000442_research_NASDAQ-COMP_nasdaq_ext_subset_quality_improvement_earnings_yield_improvement_capital_efficiency_Worst_2014-03-31\perf_ptf.parquet,C:\GoogleDrive\TP\07_backtest_code\runs\ad_hoc\nasx_gy_20260710_235429_s02\official_runs\2026-07-11_000442_research_NASDAQ-COMP_nasdaq_ext_subset_quality_improvement_earnings_yield_improvement_capital_efficiency_Worst_2014-03-31\perf_bench.parquet,2.7821731978590925,-0.2792227378336444,-0.5449424080829675,1.2912814078225834,,,,,,,,,,,,,,,,,,,,,,,,,,,,,,,,,,,,,,,,,
nasdaq,new,synergy_performance_summary,C:\GoogleDrive\TP\07_backtest_code\runs\ad_hoc\nasdaq_tech_factor_extension_20260710\synergy_performance_summary.csv,NASDAQ COMP,nasdaq_ext_family_subset_270639e163a5,Top,success,Run termine avec succes,2014-01-31,C:\GoogleDrive\TP\07_backtest_code\runs\ad_hoc\nasx_gy_20260711_002100_s00\official_runs\2026-07-11_002212_research_NASDAQ-COMP_nasdaq_ext_family_subset_270639e163a5_Top_2014-01-31,quality_improvement + earnings_yield_improvement + growth_confirmation + intangible_investment,family_subset,family_subset,,0.926239636927363,41226.0,2014-01-31,2026-06-30,490.7857142857143,"validated theme subset: quality_improvement, earnings_yield_improvement, growth_confirmation, intangible_investment",3184.0,69.78,0.222666348882497,True,0.2527219914843259,0.2694199365197399,0.9380226079364749,-0.3635830457731808,0.4071790146814797,0.0279121554165651,-0.3111862025153834,0.1162373828694946,0.3300305622553696,-0.0886036540743059,0.6666666666666666,C:\GoogleDrive\TP\07_backtest_code\runs\ad_hoc\nasx_gy_20260711_002100_s00\official_runs\2026-07-11_002212_research_NASDAQ-COMP_nasdaq_ext_family_subset_270639e163a5_Top_2014-01-31\perf_ptf.parquet,C:\GoogleDrive\TP\07_backtest_code\runs\ad_hoc\nasx_gy_20260711_002100_s00\official_runs\2026-07-11_002212_research_NASDAQ-COMP_nasdaq_ext_family_subset_270639e163a5_Top_2014-01-31\perf_bench.parquet,2.014900956082097,-0.3049807866570021,-0.533258626011341,0.5874160507479609,,,,,,,,,,,,,,,,,,,,,,,,,,,,,,,,,,,,,,,,,
nasdaq,new,synergy_performance_summary,C:\GoogleDrive\TP\07_backtest_code\runs\ad_hoc\nasdaq_tech_factor_extension_20260710\synergy_performance_summary.csv,NASDAQ COMP,nasdaq_ext_family_subset_270639e163a5,Worst,success,Run termine avec succes,2014-01-31,C:\GoogleDrive\TP\07_backtest_code\runs\ad_hoc\nasx_gy_20260711_002100_s00\official_runs\2026-07-11_002251_research_NASDAQ-COMP_nasdaq_ext_family_subset_270639e163a5_Worst_2014-01-31,quality_improvement + earnings_yield_improvement + growth_confirmation + intangible_investment,family_subset,family_subset,,0.926239636927363,41226.0,2014-01-31,2026-06-30,490.7857142857143,"validated theme subset: quality_improvement, earnings_yield_improvement, growth_confirmation, intangible_investment",3184.0,69.78,0.2341108311284445,True,0.146115488837814,0.2200762630734277,0.6639311609406191,-0.3431724555064667,-0.533258626011341,-0.0595630550943927,-0.6023172253721645,0.0994777138526547,-0.61523117520184,-0.1861597409298492,0.3333333333333333,C:\GoogleDrive\TP\07_backtest_code\runs\ad_hoc\nasx_gy_20260711_002100_s00\official_runs\2026-07-11_002251_research_NASDAQ-COMP_nasdaq_ext_family_subset_270639e163a5_Worst_2014-01-31\perf_ptf.parquet,C:\GoogleDrive\TP\07_backtest_code\runs\ad_hoc\nasx_gy_20260711_002100_s00\official_runs\2026-07-11_002251_research_NASDAQ-COMP_nasdaq_ext_family_subset_270639e163a5_Worst_2014-01-31\perf_bench.parquet,2.014900956082097,-0.3049807866570021,-0.533258626011341,0.5874160507479609,,,,,,,,,,,,,,,,,,,,,,,,,,,,,,,,,,,,,,,,,
nasdaq,new,synergy_performance_summary,C:\GoogleDrive\TP\07_backtest_code\runs\ad_hoc\nasdaq_tech_factor_extension_20260710\synergy_performance_summary.csv,NASDAQ COMP,nasdaq_ext_family_subset_283d58810532,Top,success,Run termine avec succes,2013-12-31,C:\GoogleDrive\TP\07_backtest_code\runs\ad_hoc\nasx_gy_20260710_235429_s01\official_runs\2026-07-11_001039_research_NASDAQ-COMP_nasdaq_ext_subset_revision_quality_improvement_growth_confirmation_capital_efficiency_Top_2013-12-31,revision + quality_improvement + growth_confirmation + capital_efficiency,family_subset,family_subset,,0.9572895369475836,42608.0,2013-12-31,2026-06-30,507.2380952380952,"validated theme subset: revision, quality_improvement, growth_confirmation, capital_efficiency",3206.0,69.43708609271523,0.1937317266549622,True,0.2437681507030147,0.2721415040251622,0.8957404405337448,-0.4000208888201523,0.3374888669397793,0.0235446940162111,-0.3552319680554243,0.1247470224977707,0.2807550469240477,-0.1144131741866394,0.6666666666666666,C:\GoogleDrive\TP\07_backtest_code\runs\ad_hoc\nasx_gy_20260710_235429_s01\official_runs\2026-07-11_001039_research_NASDAQ-COMP_nasdaq_ext_subset_revision_quality_improvement_growth_confirmation_capital_efficiency_Top_2013-12-31\perf_ptf.parquet,C:\GoogleDrive\TP\07_backtest_code\runs\ad_hoc\nasx_gy_20260710_235429_s01\official_runs\2026-07-11_001039_research_NASDAQ-COMP_nasdaq_ext_subset_revision_quality_improvement_growth_confirmation_capital_efficiency_Top_2013-12-31\perf_bench.parquet,2.7441345270772737,-0.3146065179679758,-0.6427775612048205,0.7599319976831573,,,,,,,,,,,,,,,,,,,,,,,,,,,,,,,,,,,,,,,,,
nasdaq,new,synergy_performance_summary,C:\GoogleDrive\TP\07_backtest_code\runs\ad_hoc\nasdaq_tech_factor_extension_20260710\synergy_performance_summary.csv,NASDAQ COMP,nasdaq_ext_family_subset_283d58810532,Worst,success,Run termine avec succes,2013-12-31,C:\GoogleDrive\TP\07_backtest_code\runs\ad_hoc\nasx_gy_20260710_235429_s01\official_runs\2026-07-11_001127_research_NASDAQ-COMP_nasdaq_ext_subset_revision_quality_improvement_growth_confirmation_capital_efficiency_Worst_2013-12-31,revision + quality_improvement + growth_confirmation + capital_efficiency,family_subset,family_subset,,0.9572895369475836,42608.0,2013-12-31,2026-06-30,507.2380952380952,"validated theme subset: revision, quality_improvement, growth_confirmation, capital_efficiency",3206.0,69.43708609271523,0.2052078099910035,True,0.1190641545712356,0.2151247964615195,0.5534655071366132,-0.2988016083163245,-0.6427775612048205,-0.0790790252767733,-0.6872032325099282,0.1106142257665764,-0.7491489656427475,-0.1807395283584403,0.1666666666666666,C:\GoogleDrive\TP\07_backtest_code\runs\ad_hoc\nasx_gy_20260710_235429_s01\official_runs\2026-07-11_001127_research_NASDAQ-COMP_nasdaq_ext_subset_revision_quality_improvement_growth_confirmation_capital_efficiency_Worst_2013-12-31\perf_ptf.parquet,C:\GoogleDrive\TP\07_backtest_code\runs\ad_hoc\nasx_gy_20260710_235429_s01\official_runs\2026-07-11_001127_research_NASDAQ-COMP_nasdaq_ext_subset_revision_quality_improvement_growth_confirmation_capital_efficiency_Worst_2013-12-31\perf_bench.parquet,2.7441345270772737,-0.3146065179679758,-0.6427775612048205,0.7599319976831573,,,,,,,,,,,,,,,,,,,,,,,,,,,,,,,,,,,,,,,,,
nasdaq,new,synergy_performance_summary,C:\GoogleDrive\TP\07_backtest_code\runs\ad_hoc\nasdaq_tech_factor_extension_20260710\synergy_performance_summary.csv,NASDAQ COMP,nasdaq_ext_family_subset_2b9206da665a,Top,success,Run termine avec succes,2014-01-31,C:\GoogleDrive\TP\07_backtest_code\runs\ad_hoc\nasx_gy_20260711_002100_s03\official_runs\2026-07-11_003203_research_NASDAQ-COMP_nasdaq_ext_family_subset_2b9206da665a_Top_2014-01-31,quality_improvement + earnings_yield_improvement + growth_confirmation + intangible_investment + residual_risk,family_subset,family_subset,,0.938551753577928,41774.0,2014-01-31,2026-06-30,497.3095238095238,"validated theme subset: quality_improvement, earnings_yield_improvement, growth_confirmation, intangible_investment, residual_risk",3184.0,69.78,0.2157611783062164,True,0.2649295624876673,0.2710477880305855,0.9774275024069636,-0.3832224586680908,0.5871104014380153,0.0379289913208962,-0.2613456155066672,0.1084416466355521,0.4460170815031715,-0.076690784763693,0.6666666666666666,C:\GoogleDrive\TP\07_backtest_code\runs\ad_hoc\nasx_gy_20260711_002100_s03\official_runs\2026-07-11_003203_research_NASDAQ-COMP_nasdaq_ext_family_subset_2b9206da665a_Top_2014-01-31\perf_ptf.parquet,C:\GoogleDrive\TP\07_backtest_code\runs\ad_hoc\nasx_gy_20260711_002100_s03\official_runs\2026-07-11_003203_research_NASDAQ-COMP_nasdaq_ext_family_subset_2b9206da665a_Top_2014-01-31\perf_bench.parquet,3.685130073545742,-0.2585331262662661,-0.66124517857049,1.7218517757983065,,,,,,,,,,,,,,,,,,,,,,,,,,,,,,,,,,,,,,,,,
nasdaq,new,synergy_performance_summary,C:\GoogleDrive\TP\07_backtest_code\runs\ad_hoc\nasdaq_tech_factor_extension_20260710\synergy_performance_summary.csv,NASDAQ COMP,nasdaq_ext_family_subset_2b9206da665a,Worst,success,Run termine avec succes,2014-01-31,C:\GoogleDrive\TP\07_backtest_code\runs\ad_hoc\nasx_gy_20260711_002100_s03\official_runs\2026-07-11_003243_research_NASDAQ-COMP_nasdaq_ext_family_subset_2b9206da665a_Worst_2014-01-31,quality_improvement + earnings_yield_improvement + growth_confirmation + intangible_investment + residual_risk,family_subset,family_subset,,0.938551753577928,41774.0,2014-01-31,2026-06-30,497.3095238095238,"validated theme subset: quality_improvement, earnings_yield_improvement, growth_confirmation, intangible_investment, residual_risk",3184.0,69.78,0.221872675093338,True,0.1168902476483815,0.215124232289564,0.5433616027553956,-0.3499371889272866,-0.66124517857049,-0.0835436197111306,-0.7252476782057047,0.113436120666431,-0.7729941507120284,-0.181029458680332,0.1666666666666666,C:\GoogleDrive\TP\07_backtest_code\runs\ad_hoc\nasx_gy_20260711_002100_s03\official_runs\2026-07-11_003243_research_NASDAQ-COMP_nasdaq_ext_family_subset_2b9206da665a_Worst_2014-01-31\perf_ptf.parquet,C:\GoogleDrive\TP\07_backtest_code\runs\ad_hoc\nasx_gy_20260711_002100_s03\official_runs\2026-07-11_003243_research_NASDAQ-COMP_nasdaq_ext_family_subset_2b9206da665a_Worst_2014-01-31\perf_bench.parquet,3.685130073545742,-0.2585331262662661,-0.66124517857049,1.7218517757983065,,,,,,,,,,,,,,,,,,,,,,,,,,,,,,,,,,,,,,,,,
nasdaq,new,synergy_performance_summary,C:\GoogleDrive\TP\07_backtest_code\runs\ad_hoc\nasdaq_tech_factor_extension_20260710\synergy_performance_summary.csv,NASDAQ COMP,nasdaq_ext_family_subset_2bd42c780172,Top,success,Run termine avec succes,2014-01-31,C:\GoogleDrive\TP\07_backtest_code\runs\ad_hoc\nasx_gy_20260711_002100_s03\official_runs\2026-07-11_002135_research_NASDAQ-COMP_nasdaq_ext_family_subset_2bd42c780172_Top_2014-01-31,quality_improvement + earnings_yield_improvement + growth_confirmation + capital_efficiency,family_subset,family_subset,,0.9186007324361364,40886.0,2014-01-31,2026-06-30,486.7380952380952,"validated theme subset: quality_improvement, earnings_yield_improvement, growth_confirmation, capital_efficiency",3184.0,69.78,0.2190374365838921,True,0.2596419906515648,0.2756768445882621,0.941834599998247,-0.3801303593947853,0.5067265922266975,0.0335903117096856,-0.3548058712204078,0.1214923144644576,0.3746034236180335,-0.109500198588196,0.6666666666666666,C:\GoogleDrive\TP\07_backtest_code\runs\ad_hoc\nasx_gy_20260711_002100_s03\official_runs\2026-07-11_002135_research_NASDAQ-COMP_nasdaq_ext_family_subset_2bd42c780172_Top_2014-01-31\perf_ptf.parquet,C:\GoogleDrive\TP\07_backtest_code\runs\ad_hoc\nasx_gy_20260711_002100_s03\official_runs\2026-07-11_002135_research_NASDAQ-COMP_nasdaq_ext_family_subset_2bd42c780172_Top_2014-01-31\perf_bench.parquet,1.9074044684801612,-0.3791821437854591,-0.4817623042953032,0.5198245709733088,,,,,,,,,,,,,,,,,,,,,,,,,,,,,,,,,,,,,,,,,
nasdaq,new,synergy_performance_summary,C:\GoogleDrive\TP\07_backtest_code\runs\ad_hoc\nasdaq_tech_factor_extension_20260710\synergy_performance_summary.csv,NASDAQ COMP,nasdaq_ext_family_subset_2bd42c780172,Worst,success,Run termine avec succes,2014-01-31,C:\GoogleDrive\TP\07_backtest_code\runs\ad_hoc\nasx_gy_20260711_002100_s03\official_runs\2026-07-11_002214_research_NASDAQ-COMP_nasdaq_ext_family_subset_2bd42c780172_Worst_2014-01-31,quality_improvement + earnings_yield_improvement + growth_confirmation + capital_efficiency,family_subset,family_subset,,0.9186007324361364,40886.0,2014-01-31,2026-06-30,486.7380952380952,"validated theme subset: quality_improvement, earnings_yield_improvement, growth_confirmation, capital_efficiency",3184.0,69.78,0.2276542362625642,True,0.1558236495715848,0.2178190361801599,0.7153812279414447,-0.3079562767290851,-0.4817623042953032,-0.0515970925801108,-0.5561001583601728,0.1002159463822446,-0.5329415246229393,-0.1792956253838437,0.1666666666666666,C:\GoogleDrive\TP\07_backtest_code\runs\ad_hoc\nasx_gy_20260711_002100_s03\official_runs\2026-07-11_002214_research_NASDAQ-COMP_nasdaq_ext_family_subset_2bd42c780172_Worst_2014-01-31\perf_ptf.parquet,C:\GoogleDrive\TP\07_backtest_code\runs\ad_hoc\nasx_gy_20260711_002100_s03\official_runs\2026-07-11_002214_research_NASDAQ-COMP_nasdaq_ext_family_subset_2bd42c780172_Worst_2014-01-31\perf_bench.parquet,1.9074044684801612,-0.3791821437854591,-0.4817623042953032,0.5198245709733088,,,,,,,,,,,,,,,,,,,,,,,,,,,,,,,,,,,,,,,,,
nasdaq,new,synergy_performance_summary,C:\GoogleDrive\TP\07_backtest_code\runs\ad_hoc\nasdaq_tech_factor_extension_20260710\synergy_performance_summary.csv,NASDAQ COMP,nasdaq_ext_family_subset_2f833fb78703,Top,success,Run termine avec succes,2013-12-31,C:\GoogleDrive\TP\07_backtest_code\runs\ad_hoc\nasx_gy_20260711_002100_s01\official_runs\2026-07-11_003403_research_NASDAQ-COMP_nasdaq_ext_family_subset_2f833fb78703_Top_2013-12-31,revision + quality_improvement + earnings_yield_improvement + growth_confirmation + intangible_investment + residual_risk,family_subset,family_subset,,0.9633332584421128,42877.0,2013-12-31,2026-06-30,510.4404761904762,"validated theme subset: revision, quality_improvement, earnings_yield_improvement, growth_confirmation, intangible_investment, residual_risk",3206.0,69.43708609271523,0.2033653693491163,True,0.2598374966200627,0.2808020453631775,0.9253404699527736,-0.3983363673926826,0.5701968574066025,0.0367687774118252,-0.3050622662422627,0.125051616456717,0.4000734853139538,-0.0873048144697797,0.6666666666666666,C:\GoogleDrive\TP\07_backtest_code\runs\ad_hoc\nasx_gy_20260711_002100_s01\official_runs\2026-07-11_003403_research_NASDAQ-COMP_nasdaq_ext_family_subset_2f833fb78703_Top_2013-12-31\perf_ptf.parquet,C:\GoogleDrive\TP\07_backtest_code\runs\ad_hoc\nasx_gy_20260711_002100_s01\official_runs\2026-07-11_003403_research_NASDAQ-COMP_nasdaq_ext_family_subset_2f833fb78703_Top_2013-12-31\perf_bench.parquet,3.085657028814726,-0.2975384862177345,-0.6156806980290936,1.2905444084029436,,,,,,,,,,,,,,,,,,,,,,,,,,,,,,,,,,,,,,,,,
nasdaq,new,synergy_performance_summary,C:\GoogleDrive\TP\07_backtest_code\runs\ad_hoc\nasdaq_tech_factor_extension_20260710\synergy_performance_summary.csv,NASDAQ COMP,nasdaq_ext_family_subset_2f833fb78703,Worst,success,Run termine avec succes,2013-12-31,C:\GoogleDrive\TP\07_backtest_code\runs\ad_hoc\nasx_gy_20260711_002100_s01\official_runs\2026-07-11_003443_research_NASDAQ-COMP_nasdaq_ext_family_subset_2f833fb78703_Worst_2013-12-31,revision + quality_improvement + earnings_yield_improvement + growth_confirmation + intangible_investment + residual_risk,family_subset,family_subset,,0.9633332584421128,42877.0,2013-12-31,2026-06-30,510.4404761904762,"validated theme subset: revision, quality_improvement, earnings_yield_improvement, growth_confirmation, intangible_investment, residual_risk",3206.0,69.43708609271523,0.2223792336932729,True,0.1256313147172416,0.2139478650717728,0.5872052739348266,-0.3179774228335272,-0.6156806980290936,-0.0736746563689509,-0.6769088148660697,0.1130408466465908,-0.6844295559713013,-0.1686161103180489,0.1666666666666666,C:\GoogleDrive\TP\07_backtest_code\runs\ad_hoc\nasx_gy_20260711_002100_s01\official_runs\2026-07-11_003443_research_NASDAQ-COMP_nasdaq_ext_family_subset_2f833fb78703_Worst_2013-12-31\perf_ptf.parquet,C:\GoogleDrive\TP\07_backtest_code\runs\ad_hoc\nasx_gy_20260711_002100_s01\official_runs\2026-07-11_003443_research_NASDAQ-COMP_nasdaq_ext_family_subset_2f833fb78703_Worst_2013-12-31\perf_bench.parquet,3.085657028814726,-0.2975384862177345,-0.6156806980290936,1.2905444084029436,,,,,,,,,,,,,,,,,,,,,,,,,,,,,,,,,,,,,,,,,
nasdaq,new,synergy_performance_summary,C:\GoogleDrive\TP\07_backtest_code\runs\ad_hoc\nasdaq_tech_factor_extension_20260710\synergy_performance_summary.csv,NASDAQ COMP,nasdaq_ext_family_subset_2fadd3f4ffc1,Top,success,Run termine avec succes,2013-12-31,C:\GoogleDrive\TP\07_backtest_code\runs\ad_hoc\nasx_gy_20260711_002100_s02\official_runs\2026-07-11_003237_research_NASDAQ-COMP_nasdaq_ext_family_subset_2fadd3f4ffc1_Top_2013-12-31,earnings_yield_improvement + growth_confirmation + capital_efficiency + intangible_investment + residual_risk,family_subset,family_subset,,0.9490889483025904,42243.0,2013-12-31,2026-06-30,502.8928571428572,"validated theme subset: earnings_yield_improvement, growth_confirmation, capital_efficiency, intangible_investment, residual_risk",3206.0,69.43708609271523,0.1893918526786308,True,0.2476138900563314,0.2586925817543959,0.9571742969089746,-0.3424731657339808,0.3900929192498437,0.0267095009839981,-0.3401335427920242,0.102392388842022,0.3364071919361153,-0.1025208270540271,0.6666666666666666,C:\GoogleDrive\TP\07_backtest_code\runs\ad_hoc\nasx_gy_20260711_002100_s02\official_runs\2026-07-11_003237_research_NASDAQ-COMP_nasdaq_ext_family_subset_2fadd3f4ffc1_Top_2013-12-31\perf_ptf.parquet,C:\GoogleDrive\TP\07_backtest_code\runs\ad_hoc\nasx_gy_20260711_002100_s02\official_runs\2026-07-11_003237_research_NASDAQ-COMP_nasdaq_ext_family_subset_2fadd3f4ffc1_Top_2013-12-31\perf_bench.parquet,2.0685145933047773,-0.267251736591058,-0.546981812541188,0.5391699144221347,,,,,,,,,,,,,,,,,,,,,,,,,,,,,,,,,,,,,,,,,
nasdaq,new,synergy_performance_summary,C:\GoogleDrive\TP\07_backtest_code\runs\ad_hoc\nasdaq_tech_factor_extension_20260710\synergy_performance_summary.csv,NASDAQ COMP,nasdaq_ext_family_subset_2fadd3f4ffc1,Worst,success,Run termine avec succes,2013-12-31,C:\GoogleDrive\TP\07_backtest_code\runs\ad_hoc\nasx_gy_20260711_002100_s02\official_runs\2026-07-11_003318_research_NASDAQ-COMP_nasdaq_ext_family_subset_2fadd3f4ffc1_Worst_2013-12-31,earnings_yield_improvement + growth_confirmation + capital_efficiency + intangible_investment + residual_risk,family_subset,family_subset,,0.9490889483025904,42243.0,2013-12-31,2026-06-30,502.8928571428572,"validated theme subset: earnings_yield_improvement, growth_confirmation, capital_efficiency, intangible_investment, residual_risk",3206.0,69.43708609271523,0.2030011854051942,True,0.1405440841827132,0.2217224010590549,0.6338740853941947,-0.3488766934353585,-0.546981812541188,-0.0614023642614205,-0.6302755946342203,0.1049291018715098,-0.5977596446846968,-0.1674445526152194,0.4166666666666667,C:\GoogleDrive\TP\07_backtest_code\runs\ad_hoc\nasx_gy_20260711_002100_s02\official_runs\2026-07-11_003318_research_NASDAQ-COMP_nasdaq_ext_family_subset_2fadd3f4ffc1_Worst_2013-12-31\perf_ptf.parquet,C:\GoogleDrive\TP\07_backtest_code\runs\ad_hoc\nasx_gy_20260711_002100_s02\official_runs\2026-07-11_003318_research_NASDAQ-COMP_nasdaq_ext_family_subset_2fadd3f4ffc1_Worst_2013-12-31\perf_bench.parquet,2.0685145933047773,-0.267251736591058,-0.546981812541188,0.5391699144221347,,,,,,,,,,,,,,,,,,,,,,,,,,,,,,,,,,,,,,,,,
nasdaq,new,synergy_performance_summary,C:\GoogleDrive\TP\07_backtest_code\runs\ad_hoc\nasdaq_tech_factor_extension_20260710\synergy_performance_summary.csv,NASDAQ COMP,nasdaq_ext_family_subset_31caa839be58,Top,success,Run termine avec succes,2014-01-31,C:\GoogleDrive\TP\07_backtest_code\runs\ad_hoc\nasx_gy_20260710_235429_s05\official_runs\2026-07-11_000903_research_NASDAQ-COMP_nasdaq_ext_subset_revision_quality_improvement_earnings_yield_improvement_intangible_investment_Top_2014-01-31,revision + quality_improvement + earnings_yield_improvement + intangible_investment,family_subset,family_subset,,0.9293626008223056,41365.0,2014-01-31,2026-06-30,492.4404761904762,"validated theme subset: revision, quality_improvement, earnings_yield_improvement, intangible_investment",3184.0,69.78,0.2266592594630703,True,0.2606446801497402,0.2669328777638371,0.9764427759263876,-0.3784344528025415,0.5216760801367588,0.0344130614740303,-0.3223193209493367,0.1144878072622718,0.3835346507674858,-0.0963660446688241,0.6666666666666666,C:\GoogleDrive\TP\07_backtest_code\runs\ad_hoc\nasx_gy_20260710_235429_s05\official_runs\2026-07-11_000903_research_NASDAQ-COMP_nasdaq_ext_subset_revision_quality_improvement_earnings_yield_improvement_intangible_investment_Top_2014-01-31\perf_ptf.parquet,C:\GoogleDrive\TP\07_backtest_code\runs\ad_hoc\nasx_gy_20260710_235429_s05\official_runs\2026-07-11_000903_research_NASDAQ-COMP_nasdaq_ext_subset_revision_quality_improvement_earnings_yield_improvement_intangible_investment_Top_2014-01-31\perf_bench.parquet,2.9832110747654577,-0.2684616950816353,-0.6179775433501578,1.1577891236897184,,,,,,,,,,,,,,,,,,,,,,,,,,,,,,,,,,,,,,,,,
nasdaq,new,synergy_performance_summary,C:\GoogleDrive\TP\07_backtest_code\runs\ad_hoc\nasdaq_tech_factor_extension_20260710\synergy_performance_summary.csv,NASDAQ COMP,nasdaq_ext_family_subset_31caa839be58,Worst,success,Run termine avec succes,2014-01-31,C:\GoogleDrive\TP\07_backtest_code\runs\ad_hoc\nasx_gy_20260711_002100_s00\official_runs\2026-07-11_002135_research_NASDAQ-COMP_nasdaq_ext_family_subset_31caa839be58_Worst_2014-01-31,revision + quality_improvement + earnings_yield_improvement + intangible_investment,family_subset,family_subset,,0.9293626008223056,41365.0,2014-01-31,2026-06-30,492.4404761904762,"validated theme subset: revision, quality_improvement, earnings_yield_improvement, intangible_investment",3184.0,69.78,0.244208833567986,True,0.1277627796222042,0.2142235442217832,0.5963993364330342,-0.3234139234862057,-0.6179775433501578,-0.0746222406246142,-0.6637115517867589,0.1098139114016658,-0.7134295387263945,-0.1648182661687511,0.25,C:\GoogleDrive\TP\07_backtest_code\runs\ad_hoc\nasx_gy_20260711_002100_s00\official_runs\2026-07-11_002135_research_NASDAQ-COMP_nasdaq_ext_family_subset_31caa839be58_Worst_2014-01-31\perf_ptf.parquet,C:\GoogleDrive\TP\07_backtest_code\runs\ad_hoc\nasx_gy_20260711_002100_s00\official_runs\2026-07-11_002135_research_NASDAQ-COMP_nasdaq_ext_family_subset_31caa839be58_Worst_2014-01-31\perf_bench.parquet,2.9832110747654577,-0.2684616950816353,-0.6179775433501578,1.1577891236897184,,,,,,,,,,,,,,,,,,,,,,,,,,,,,,,,,,,,,,,,,
nasdaq,new,synergy_performance_summary,C:\GoogleDrive\TP\07_backtest_code\runs\ad_hoc\nasdaq_tech_factor_extension_20260710\synergy_performance_summary.csv,NASDAQ COMP,nasdaq_ext_family_subset_361d91c14510,Top,success,Run termine avec succes,2013-12-31,C:\GoogleDrive\TP\07_backtest_code\runs\ad_hoc\nasx_gy_20260711_002100_s02\official_runs\2026-07-11_003357_research_NASDAQ-COMP_nasdaq_ext_family_subset_361d91c14510_Top_2013-12-31,revision + quality_improvement + earnings_yield_improvement + capital_efficiency + intangible_investment + residual_risk,family_subset,family_subset,,0.9632883237098115,42875.0,2013-12-31,2026-06-30,510.4166666666667,"validated theme subset: revision, quality_improvement, earnings_yield_improvement, capital_efficiency, intangible_investment, residual_risk",3206.0,69.43708609271523,0.2092780203605598,True,0.2586736108002254,0.2783873843532897,0.929185822845886,-0.3919662101008292,0.5521666557323321,0.0358109709632024,-0.2976531829893922,0.1232310004275274,0.3930514409782237,-0.0812435844496695,0.5833333333333334,C:\GoogleDrive\TP\07_backtest_code\runs\ad_hoc\nasx_gy_20260711_002100_s02\official_runs\2026-07-11_003357_research_NASDAQ-COMP_nasdaq_ext_family_subset_361d91c14510_Top_2013-12-31\perf_ptf.parquet,C:\GoogleDrive\TP\07_backtest_code\runs\ad_hoc\nasx_gy_20260711_002100_s02\official_runs\2026-07-11_003357_research_NASDAQ-COMP_nasdaq_ext_family_subset_361d91c14510_Top_2013-12-31\perf_bench.parquet,2.9071268048193746,-0.2749780013058416,-0.6027345071529902,1.205949107286038,,,,,,,,,,,,,,,,,,,,,,,,,,,,,,,,,,,,,,,,,
nasdaq,new,synergy_performance_summary,C:\GoogleDrive\TP\07_backtest_code\runs\ad_hoc\nasdaq_tech_factor_extension_20260710\synergy_performance_summary.csv,NASDAQ COMP,nasdaq_ext_family_subset_361d91c14510,Worst,success,Run termine avec succes,2013-12-31,C:\GoogleDrive\TP\07_backtest_code\runs\ad_hoc\nasx_gy_20260711_002100_s02\official_runs\2026-07-11_003437_research_NASDAQ-COMP_nasdaq_ext_family_subset_361d91c14510_Worst_2013-12-31,revision + quality_improvement + earnings_yield_improvement + capital_efficiency + intangible_investment + residual_risk,family_subset,family_subset,,0.9632883237098115,42875.0,2013-12-31,2026-06-30,510.4166666666667,"validated theme subset: revision, quality_improvement, earnings_yield_improvement, capital_efficiency, intangible_investment, residual_risk",3206.0,69.43708609271523,0.2210395378428446,True,0.1286198078102569,0.2206986760730958,0.5827846822590717,-0.3491700669507648,-0.6027345071529902,-0.0712153103511815,-0.676557778884556,0.1108018451902253,-0.6614416457352471,-0.1775146096331873,0.1666666666666666,C:\GoogleDrive\TP\07_backtest_code\runs\ad_hoc\nasx_gy_20260711_002100_s02\official_runs\2026-07-11_003437_research_NASDAQ-COMP_nasdaq_ext_family_subset_361d91c14510_Worst_2013-12-31\perf_ptf.parquet,C:\GoogleDrive\TP\07_backtest_code\runs\ad_hoc\nasx_gy_20260711_002100_s02\official_runs\2026-07-11_003437_research_NASDAQ-COMP_nasdaq_ext_family_subset_361d91c14510_Worst_2013-12-31\perf_bench.parquet,2.9071268048193746,-0.2749780013058416,-0.6027345071529902,1.205949107286038,,,,,,,,,,,,,,,,,,,,,,,,,,,,,,,,,,,,,,,,,
nasdaq,new,synergy_performance_summary,C:\GoogleDrive\TP\07_backtest_code\runs\ad_hoc\nasdaq_tech_factor_extension_20260710\synergy_performance_summary.csv,NASDAQ COMP,nasdaq_ext_family_subset_37cd718121ba,Top,success,Run termine avec succes,2013-12-31,C:\GoogleDrive\TP\07_backtest_code\runs\ad_hoc\nasx_gy_20260710_235429_s04\official_runs\2026-07-11_001214_research_NASDAQ-COMP_nasdaq_ext_subset_revision_earnings_yield_improvement_capital_efficiency_intangible_investment_Top_2013-12-31,revision + earnings_yield_improvement + capital_efficiency + intangible_investment,family_subset,family_subset,,0.9507740007638904,42318.0,2013-12-31,2026-06-30,503.7857142857143,"validated theme subset: revision, earnings_yield_improvement, capital_efficiency, intangible_investment",3206.0,69.43708609271523,0.2033005944489077,True,0.2609386796616992,0.2718226682665321,0.9599592312361502,-0.3915331407453717,0.5874329000712124,0.0376749833303244,-0.2805431998588966,0.1105588193082513,0.4378326450106786,-0.0894953017292599,0.6666666666666666,C:\GoogleDrive\TP\07_backtest_code\runs\ad_hoc\nasx_gy_20260710_235429_s04\official_runs\2026-07-11_001214_research_NASDAQ-COMP_nasdaq_ext_subset_revision_earnings_yield_improvement_capital_efficiency_intangible_investment_Top_2013-12-31\perf_ptf.parquet,C:\GoogleDrive\TP\07_backtest_code\runs\ad_hoc\nasx_gy_20260710_235429_s04\official_runs\2026-07-11_001214_research_NASDAQ-COMP_nasdaq_ext_subset_revision_earnings_yield_improvement_capital_efficiency_intangible_investment_Top_2013-12-31\perf_bench.parquet,1.9986732852411075,-0.2617868400590146,-0.4706215885924447,0.8256290219364616,,,,,,,,,,,,,,,,,,,,,,,,,,,,,,,,,,,,,,,,,
nasdaq,new,synergy_performance_summary,C:\GoogleDrive\TP\07_backtest_code\runs\ad_hoc\nasdaq_tech_factor_extension_20260710\synergy_performance_summary.csv,NASDAQ COMP,nasdaq_ext_family_subset_37cd718121ba,Worst,success,Run termine avec succes,2013-12-31,C:\GoogleDrive\TP\07_backtest_code\runs\ad_hoc\nasx_gy_20260711_002100_s02\official_runs\2026-07-11_002134_research_NASDAQ-COMP_nasdaq_ext_family_subset_37cd718121ba_Worst_2013-12-31,revision + earnings_yield_improvement + capital_efficiency + intangible_investment,family_subset,family_subset,,0.9507740007638904,42318.0,2013-12-31,2026-06-30,503.7857142857143,"validated theme subset: revision, earnings_yield_improvement, capital_efficiency, intangible_investment",3206.0,69.43708609271523,0.2289351511470775,True,0.1548512539404034,0.2200517771377125,0.7037037189819858,-0.2994682025185465,-0.4706215885924447,-0.049628443467906,-0.5425169925740013,0.1008298581537801,-0.504210669517604,-0.1561216427435038,0.3333333333333333,C:\GoogleDrive\TP\07_backtest_code\runs\ad_hoc\nasx_gy_20260711_002100_s02\official_runs\2026-07-11_002134_research_NASDAQ-COMP_nasdaq_ext_family_subset_37cd718121ba_Worst_2013-12-31\perf_ptf.parquet,C:\GoogleDrive\TP\07_backtest_code\runs\ad_hoc\nasx_gy_20260711_002100_s02\official_runs\2026-07-11_002134_research_NASDAQ-COMP_nasdaq_ext_family_subset_37cd718121ba_Worst_2013-12-31\perf_bench.parquet,1.9986732852411075,-0.2617868400590146,-0.4706215885924447,0.8256290219364616,,,,,,,,,,,,,,,,,,,,,,,,,,,,,,,,,,,,,,,,,
nasdaq,new,synergy_performance_summary,C:\GoogleDrive\TP\07_backtest_code\runs\ad_hoc\nasdaq_tech_factor_extension_20260710\synergy_performance_summary.csv,NASDAQ COMP,nasdaq_ext_family_subset_39d76e444771,Top,success,Run termine avec succes,2013-12-31,C:\GoogleDrive\TP\07_backtest_code\runs\ad_hoc\nasx_gy_20260711_002100_s01\official_runs\2026-07-11_003521_research_NASDAQ-COMP_nasdaq_ext_family_subset_39d76e444771_Top_2013-12-31,quality_improvement + earnings_yield_improvement + growth_confirmation + capital_efficiency + intangible_investment + residual_risk,family_subset,family_subset,,0.9599856208856636,42728.0,2013-12-31,2026-06-30,508.6666666666667,"validated theme subset: quality_improvement, earnings_yield_improvement, growth_confirmation, capital_efficiency, intangible_investment, residual_risk",3206.0,69.43708609271523,0.198727493119039,True,0.2654001708910765,0.2801876418149129,0.9472229723336448,-0.3902927479400094,0.6590618398615091,0.0413465162222446,-0.2918303747839648,0.1236482821349492,0.4382128847869592,-0.0872722469126046,0.6666666666666666,C:\GoogleDrive\TP\07_backtest_code\runs\ad_hoc\nasx_gy_20260711_002100_s01\official_runs\2026-07-11_003521_research_NASDAQ-COMP_nasdaq_ext_family_subset_39d76e444771_Top_2013-12-31\perf_ptf.parquet,C:\GoogleDrive\TP\07_backtest_code\runs\ad_hoc\nasx_gy_20260711_002100_s01\official_runs\2026-07-11_003521_research_NASDAQ-COMP_nasdaq_ext_family_subset_39d76e444771_Top_2013-12-31\perf_bench.parquet,3.5642610367755907,-0.2755062540045824,-0.636510307694069,1.6466110796338211,,,,,,,,,,,,,,,,,,,,,,,,,,,,,,,,,,,,,,,,,
nasdaq,new,synergy_performance_summary,C:\GoogleDrive\TP\07_backtest_code\runs\ad_hoc\nasdaq_tech_factor_extension_20260710\synergy_performance_summary.csv,NASDAQ COMP,nasdaq_ext_family_subset_39d76e444771,Worst,success,Run termine avec succes,2013-12-31,C:\GoogleDrive\TP\07_backtest_code\runs\ad_hoc\nasx_gy_20260711_002100_s01\official_runs\2026-07-11_003603_research_NASDAQ-COMP_nasdaq_ext_family_subset_39d76e444771_Worst_2013-12-31,quality_improvement + earnings_yield_improvement + growth_confirmation + capital_efficiency + intangible_investment + residual_risk,family_subset,family_subset,,0.9599856208856636,42728.0,2013-12-31,2026-06-30,508.6666666666667,"validated theme subset: quality_improvement, earnings_yield_improvement, growth_confirmation, capital_efficiency, intangible_investment, residual_risk",3206.0,69.43708609271523,0.2062374870301418,True,0.1206228390979486,0.2147917648189699,0.5615803715734241,-0.3365083048975933,-0.636510307694069,-0.077796323773233,-0.6990648057609692,0.1146628600412517,-0.7113227374576283,-0.1775844085492481,0.1666666666666666,C:\GoogleDrive\TP\07_backtest_code\runs\ad_hoc\nasx_gy_20260711_002100_s01\official_runs\2026-07-11_003603_research_NASDAQ-COMP_nasdaq_ext_family_subset_39d76e444771_Worst_2013-12-31\perf_ptf.parquet,C:\GoogleDrive\TP\07_backtest_code\runs\ad_hoc\nasx_gy_20260711_002100_s01\official_runs\2026-07-11_003603_research_NASDAQ-COMP_nasdaq_ext_family_subset_39d76e444771_Worst_2013-12-31\perf_bench.parquet,3.5642610367755907,-0.2755062540045824,-0.636510307694069,1.6466110796338211,,,,,,,,,,,,,,,,,,,,,,,,,,,,,,,,,,,,,,,,,
nasdaq,new,synergy_performance_summary,C:\GoogleDrive\TP\07_backtest_code\runs\ad_hoc\nasdaq_tech_factor_extension_20260710\synergy_performance_summary.csv,NASDAQ COMP,nasdaq_ext_family_subset_3c9ea7ca525d,Top,success,Run termine avec succes,2013-12-31,C:\GoogleDrive\TP\07_backtest_code\runs\ad_hoc\nasx_gy_20260711_002100_s03\official_runs\2026-07-11_003321_research_NASDAQ-COMP_nasdaq_ext_family_subset_3c9ea7ca525d_Top_2013-12-31,revision + quality_improvement + earnings_yield_improvement + growth_confirmation + capital_efficiency + intangible_investment,family_subset,family_subset,,0.970590217708778,43200.0,2013-12-31,2026-06-30,514.2857142857143,"validated theme subset: revision, quality_improvement, earnings_yield_improvement, growth_confirmation, capital_efficiency, intangible_investment",3206.0,69.43708609271523,0.1949639822029512,True,0.2629680662779565,0.2880767932864129,0.9128401607015504,-0.4199956325638994,0.6196542057228938,0.0393450437045217,-0.3301395560114452,0.133371151343432,0.4089031434504543,-0.0912507699853677,0.75,C:\GoogleDrive\TP\07_backtest_code\runs\ad_hoc\nasx_gy_20260711_002100_s03\official_runs\2026-07-11_003321_research_NASDAQ-COMP_nasdaq_ext_family_subset_3c9ea7ca525d_Top_2013-12-31\perf_ptf.parquet,C:\GoogleDrive\TP\07_backtest_code\runs\ad_hoc\nasx_gy_20260711_002100_s03\official_runs\2026-07-11_003321_research_NASDAQ-COMP_nasdaq_ext_family_subset_3c9ea7ca525d_Top_2013-12-31\perf_bench.parquet,3.432490437088833,-0.3468750984312917,-0.6345949915265584,1.4509983909156203,,,,,,,,,,,,,,,,,,,,,,,,,,,,,,,,,,,,,,,,,
nasdaq,new,synergy_performance_summary,C:\GoogleDrive\TP\07_backtest_code\runs\ad_hoc\nasdaq_tech_factor_extension_20260710\synergy_performance_summary.csv,NASDAQ COMP,nasdaq_ext_family_subset_3c9ea7ca525d,Worst,success,Run termine avec succes,2013-12-31,C:\GoogleDrive\TP\07_backtest_code\runs\ad_hoc\nasx_gy_20260711_002100_s03\official_runs\2026-07-11_003403_research_NASDAQ-COMP_nasdaq_ext_family_subset_3c9ea7ca525d_Worst_2013-12-31,revision + quality_improvement + earnings_yield_improvement + growth_confirmation + capital_efficiency + intangible_investment,family_subset,family_subset,,0.970590217708778,43200.0,2013-12-31,2026-06-30,514.2857142857143,"validated theme subset: revision, quality_improvement, earnings_yield_improvement, growth_confirmation, capital_efficiency, intangible_investment",3206.0,69.43708609271523,0.2156534912811654,True,0.121094252653882,0.2127183673073845,0.5692703182461775,-0.3136251983192817,-0.6345949915265584,-0.0774083794094944,-0.6960323726884128,0.1125059055506225,-0.7252774090809168,-0.1785329286287337,0.1666666666666666,C:\GoogleDrive\TP\07_backtest_code\runs\ad_hoc\nasx_gy_20260711_002100_s03\official_runs\2026-07-11_003403_research_NASDAQ-COMP_nasdaq_ext_family_subset_3c9ea7ca525d_Worst_2013-12-31\perf_ptf.parquet,C:\GoogleDrive\TP\07_backtest_code\runs\ad_hoc\nasx_gy_20260711_002100_s03\official_runs\2026-07-11_003403_research_NASDAQ-COMP_nasdaq_ext_family_subset_3c9ea7ca525d_Worst_2013-12-31\perf_bench.parquet,3.432490437088833,-0.3468750984312917,-0.6345949915265584,1.4509983909156203,,,,,,,,,,,,,,,,,,,,,,,,,,,,,,,,,,,,,,,,,
nasdaq,new,synergy_performance_summary,C:\GoogleDrive\TP\07_backtest_code\runs\ad_hoc\nasdaq_tech_factor_extension_20260710\synergy_performance_summary.csv,NASDAQ COMP,nasdaq_ext_family_subset_3cea7a9ec261,Top,success,Run termine avec succes,2014-07-31,C:\GoogleDrive\TP\07_backtest_code\runs\ad_hoc\nasx_gy_20260710_235429_s03\official_runs\2026-07-11_000533_research_NASDAQ-COMP_nasdaq_ext_subset_quality_improvement_capital_efficiency_residual_risk_Top_2014-07-31,quality_improvement + capital_efficiency + residual_risk,family_subset,family_subset,,0.7547012963670269,33591.0,2014-07-31,2026-06-30,399.8928571428572,"validated theme subset: quality_improvement, capital_efficiency, residual_risk",3057.0,71.9375,0.1883661715559476,True,0.2453463828887614,0.2714712726094092,0.9037655459101336,-0.3915678285926098,0.35724208203351,0.0259793982960876,-0.3656463151904453,0.1222337834987043,0.2985064748485322,-0.1289167714457634,0.6666666666666666,C:\GoogleDrive\TP\07_backtest_code\runs\ad_hoc\nasx_gy_20260710_235429_s03\official_runs\2026-07-11_000533_research_NASDAQ-COMP_nasdaq_ext_subset_quality_improvement_capital_efficiency_residual_risk_Top_2014-07-31\perf_ptf.parquet,C:\GoogleDrive\TP\07_backtest_code\runs\ad_hoc\nasx_gy_20260710_235429_s03\official_runs\2026-07-11_000533_research_NASDAQ-COMP_nasdaq_ext_subset_quality_improvement_capital_efficiency_residual_risk_Top_2014-07-31\perf_bench.parquet,3.06303026883072,-0.3325797346751813,-0.6659532437044571,0.9063140311235116,,,,,,,,,,,,,,,,,,,,,,,,,,,,,,,,,,,,,,,,,
nasdaq,new,synergy_performance_summary,C:\GoogleDrive\TP\07_backtest_code\runs\ad_hoc\nasdaq_tech_factor_extension_20260710\synergy_performance_summary.csv,NASDAQ COMP,nasdaq_ext_family_subset_3cea7a9ec261,Worst,success,Run termine avec succes,2014-07-31,C:\GoogleDrive\TP\07_backtest_code\runs\ad_hoc\nasx_gy_20260710_235429_s03\official_runs\2026-07-11_000625_research_NASDAQ-COMP_nasdaq_ext_subset_quality_improvement_capital_efficiency_residual_risk_Worst_2014-07-31,quality_improvement + capital_efficiency + residual_risk,family_subset,family_subset,,0.7547012963670269,33591.0,2014-07-31,2026-06-30,399.8928571428572,"validated theme subset: quality_improvement, capital_efficiency, residual_risk",3057.0,71.9375,0.1826505641026795,True,0.1070513188848347,0.2273169711805065,0.4709341248429185,-0.3359588660915783,-0.6659532437044571,-0.0879550768857794,-0.708657684302235,0.113257268390992,-0.7975068086923498,-0.1826076658959031,0.1666666666666666,C:\GoogleDrive\TP\07_backtest_code\runs\ad_hoc\nasx_gy_20260710_235429_s03\official_runs\2026-07-11_000625_research_NASDAQ-COMP_nasdaq_ext_subset_quality_improvement_capital_efficiency_residual_risk_Worst_2014-07-31\perf_ptf.parquet,C:\GoogleDrive\TP\07_backtest_code\runs\ad_hoc\nasx_gy_20260710_235429_s03\official_runs\2026-07-11_000625_research_NASDAQ-COMP_nasdaq_ext_subset_quality_improvement_capital_efficiency_residual_risk_Worst_2014-07-31\perf_bench.parquet,3.06303026883072,-0.3325797346751813,-0.6659532437044571,0.9063140311235116,,,,,,,,,,,,,,,,,,,,,,,,,,,,,,,,,,,,,,,,,
nasdaq,new,synergy_performance_summary,C:\GoogleDrive\TP\07_backtest_code\runs\ad_hoc\nasdaq_tech_factor_extension_20260710\synergy_performance_summary.csv,NASDAQ COMP,nasdaq_ext_family_subset_3d6d1dd38161,Top,success,Run termine avec succes,2014-01-31,C:\GoogleDrive\TP\07_backtest_code\runs\ad_hoc\nasx_gy_20260710_235429_s03\official_runs\2026-07-11_001037_research_NASDAQ-COMP_nasdaq_ext_subset_revision_quality_improvement_growth_confirmation_residual_risk_Top_2014-01-31,revision + quality_improvement + growth_confirmation + residual_risk,family_subset,family_subset,,0.9291828618931004,41357.0,2014-01-31,2026-06-30,492.3452380952381,"validated theme subset: revision, quality_improvement, growth_confirmation, residual_risk",3184.0,69.78,0.1975137965575971,True,0.2378552944397265,0.268883451007555,0.8846036955730804,-0.3972930162346055,0.2134346119200352,0.0157133924772059,-0.3358797088041713,0.1218201974182502,0.217751830050359,-0.1140915425257171,0.75,C:\GoogleDrive\TP\07_backtest_code\runs\ad_hoc\nasx_gy_20260710_235429_s03\official_runs\2026-07-11_001037_research_NASDAQ-COMP_nasdaq_ext_subset_revision_quality_improvement_growth_confirmation_residual_risk_Top_2014-01-31\perf_ptf.parquet,C:\GoogleDrive\TP\07_backtest_code\runs\ad_hoc\nasx_gy_20260710_235429_s03\official_runs\2026-07-11_001037_research_NASDAQ-COMP_nasdaq_ext_subset_revision_quality_improvement_growth_confirmation_residual_risk_Top_2014-01-31\perf_bench.parquet,2.4682629433269905,-0.3098997692229481,-0.6501318868413053,0.5398949260312205,,,,,,,,,,,,,,,,,,,,,,,,,,,,,,,,,,,,,,,,,
nasdaq,new,synergy_performance_summary,C:\GoogleDrive\TP\07_backtest_code\runs\ad_hoc\nasdaq_tech_factor_extension_20260710\synergy_performance_summary.csv,NASDAQ COMP,nasdaq_ext_family_subset_3d6d1dd38161,Worst,success,Run termine avec succes,2014-01-31,C:\GoogleDrive\TP\07_backtest_code\runs\ad_hoc\nasx_gy_20260710_235429_s03\official_runs\2026-07-11_001124_research_NASDAQ-COMP_nasdaq_ext_subset_revision_quality_improvement_growth_confirmation_residual_risk_Worst_2014-01-31,revision + quality_improvement + growth_confirmation + residual_risk,family_subset,family_subset,,0.9291828618931004,41357.0,2014-01-31,2026-06-30,492.3452380952381,"validated theme subset: revision, quality_improvement, growth_confirmation, residual_risk",3184.0,69.78,0.2089402668471548,True,0.1197996567707555,0.2189435526642988,0.5471714298636673,-0.3129130776382668,-0.6501318868413053,-0.0811563246669807,-0.6957279432151464,0.1124075608334527,-0.750031679362619,-0.1863818644033787,0.25,C:\GoogleDrive\TP\07_backtest_code\runs\ad_hoc\nasx_gy_20260710_235429_s03\official_runs\2026-07-11_001124_research_NASDAQ-COMP_nasdaq_ext_subset_revision_quality_improvement_growth_confirmation_residual_risk_Worst_2014-01-31\perf_ptf.parquet,C:\GoogleDrive\TP\07_backtest_code\runs\ad_hoc\nasx_gy_20260710_235429_s03\official_runs\2026-07-11_001124_research_NASDAQ-COMP_nasdaq_ext_subset_revision_quality_improvement_growth_confirmation_residual_risk_Worst_2014-01-31\perf_bench.parquet,2.4682629433269905,-0.3098997692229481,-0.6501318868413053,0.5398949260312205,,,,,,,,,,,,,,,,,,,,,,,,,,,,,,,,,,,,,,,,,
nasdaq,new,synergy_performance_summary,C:\GoogleDrive\TP\07_backtest_code\runs\ad_hoc\nasdaq_tech_factor_extension_20260710\synergy_performance_summary.csv,NASDAQ COMP,nasdaq_ext_family_subset_3fc092cdb4ec,Top,success,Run termine avec succes,2014-03-31,C:\GoogleDrive\TP\07_backtest_code\runs\ad_hoc\nasx_gy_20260710_235429_s05\official_runs\2026-07-11_000536_research_NASDAQ-COMP_nasdaq_ext_subset_earnings_yield_improvement_growth_confirmation_capital_efficiency_Top_2014-03-31,earnings_yield_improvement + growth_confirmation + capital_efficiency,family_subset,family_subset,,0.8602754499090072,38290.0,2014-03-31,2026-06-30,455.8333333333333,"validated theme subset: earnings_yield_improvement, growth_confirmation, capital_efficiency",3142.0,70.47972972972973,0.1947420262664683,True,0.2452287058267648,0.2765494310189337,0.8867445683154395,-0.3741551592360246,0.3246348709205033,0.0232169636259724,-0.3480091647188126,0.1213199921697481,0.2936622000373461,-0.1028884355243725,0.6666666666666666,C:\GoogleDrive\TP\07_backtest_code\runs\ad_hoc\nasx_gy_20260710_235429_s05\official_runs\2026-07-11_000536_research_NASDAQ-COMP_nasdaq_ext_subset_earnings_yield_improvement_growth_confirmation_capital_efficiency_Top_2014-03-31\perf_ptf.parquet,C:\GoogleDrive\TP\07_backtest_code\runs\ad_hoc\nasx_gy_20260710_235429_s05\official_runs\2026-07-11_000536_research_NASDAQ-COMP_nasdaq_ext_subset_earnings_yield_improvement_growth_confirmation_capital_efficiency_Top_2014-03-31\perf_bench.parquet,1.6542129615656145,-0.329602160307757,-0.5009312025440664,0.2315145945715647,,,,,,,,,,,,,,,,,,,,,,,,,,,,,,,,,,,,,,,,,
nasdaq,new,synergy_performance_summary,C:\GoogleDrive\TP\07_backtest_code\runs\ad_hoc\nasdaq_tech_factor_extension_20260710\synergy_performance_summary.csv,NASDAQ COMP,nasdaq_ext_family_subset_3fc092cdb4ec,Worst,success,Run termine avec succes,2014-03-31,C:\GoogleDrive\TP\07_backtest_code\runs\ad_hoc\nasx_gy_20260710_235429_s05\official_runs\2026-07-11_000629_research_NASDAQ-COMP_nasdaq_ext_subset_earnings_yield_improvement_growth_confirmation_capital_efficiency_Worst_2014-03-31,earnings_yield_improvement + growth_confirmation + capital_efficiency,family_subset,family_subset,,0.8602754499090072,38290.0,2014-03-31,2026-06-30,455.8333333333333,"validated theme subset: earnings_yield_improvement, growth_confirmation, capital_efficiency",3142.0,70.47972972972973,0.2129067595436163,True,0.1498460701443058,0.2213678361034342,0.6769098563817113,-0.2892797884079616,-0.5009312025440664,-0.0551599083566315,-0.5693023543712927,0.1008555861178267,-0.5610875729926666,-0.1570875558373681,0.4166666666666667,C:\GoogleDrive\TP\07_backtest_code\runs\ad_hoc\nasx_gy_20260710_235429_s05\official_runs\2026-07-11_000629_research_NASDAQ-COMP_nasdaq_ext_subset_earnings_yield_improvement_growth_confirmation_capital_efficiency_Worst_2014-03-31\perf_ptf.parquet,C:\GoogleDrive\TP\07_backtest_code\runs\ad_hoc\nasx_gy_20260710_235429_s05\official_runs\2026-07-11_000629_research_NASDAQ-COMP_nasdaq_ext_subset_earnings_yield_improvement_growth_confirmation_capital_efficiency_Worst_2014-03-31\perf_bench.parquet,1.6542129615656145,-0.329602160307757,-0.5009312025440664,0.2315145945715647,,,,,,,,,,,,,,,,,,,,,,,,,,,,,,,,,,,,,,,,,
nasdaq,new,synergy_performance_summary,C:\GoogleDrive\TP\07_backtest_code\runs\ad_hoc\nasdaq_tech_factor_extension_20260710\synergy_performance_summary.csv,NASDAQ COMP,nasdaq_ext_family_subset_411dae55f7d8,Top,success,Run termine avec succes,2014-01-31,C:\GoogleDrive\TP\07_backtest_code\runs\ad_hoc\nasx_gy_20260711_002100_s03\official_runs\2026-07-11_002805_research_NASDAQ-COMP_nasdaq_ext_family_subset_411dae55f7d8_Top_2014-01-31,revision + quality_improvement + earnings_yield_improvement + intangible_investment + residual_risk,family_subset,family_subset,,0.9416747174728708,41913.0,2014-01-31,2026-06-30,498.9642857142857,"validated theme subset: revision, quality_improvement, earnings_yield_improvement, intangible_investment, residual_risk",3184.0,69.78,0.219399887179517,True,0.2662548070908623,0.2697763625177379,0.9869463899875808,-0.3761772638547017,0.6078659164697826,0.039016411391578,-0.2921287409298986,0.1141193912813593,0.4297084912045715,-0.0785645780170082,0.75,C:\GoogleDrive\TP\07_backtest_code\runs\ad_hoc\nasx_gy_20260711_002100_s03\official_runs\2026-07-11_002805_research_NASDAQ-COMP_nasdaq_ext_family_subset_411dae55f7d8_Top_2014-01-31\perf_ptf.parquet,C:\GoogleDrive\TP\07_backtest_code\runs\ad_hoc\nasx_gy_20260711_002100_s03\official_runs\2026-07-11_002805_research_NASDAQ-COMP_nasdaq_ext_family_subset_411dae55f7d8_Top_2014-01-31\perf_bench.parquet,2.7064107903804224,-0.2381286110669963,-0.5661932777006747,1.184129860501829,,,,,,,,,,,,,,,,,,,,,,,,,,,,,,,,,,,,,,,,,
nasdaq,new,synergy_performance_summary,C:\GoogleDrive\TP\07_backtest_code\runs\ad_hoc\nasdaq_tech_factor_extension_20260710\synergy_performance_summary.csv,NASDAQ COMP,nasdaq_ext_family_subset_411dae55f7d8,Worst,success,Run termine avec succes,2014-01-31,C:\GoogleDrive\TP\07_backtest_code\runs\ad_hoc\nasx_gy_20260711_002100_s03\official_runs\2026-07-11_002845_research_NASDAQ-COMP_nasdaq_ext_family_subset_411dae55f7d8_Worst_2014-01-31,revision + quality_improvement + earnings_yield_improvement + intangible_investment + residual_risk,family_subset,family_subset,,0.9416747174728708,41913.0,2014-01-31,2026-06-30,498.9642857142857,"validated theme subset: revision, quality_improvement, earnings_yield_improvement, intangible_investment, residual_risk",3184.0,69.78,0.243924272825328,True,0.1393761297903264,0.2178186750330975,0.6398722688453973,-0.3146500868314524,-0.5661932777006747,-0.0650929884169655,-0.6286035644497626,0.1122476430256114,-0.6013245176266303,-0.1615376485005583,0.1666666666666666,C:\GoogleDrive\TP\07_backtest_code\runs\ad_hoc\nasx_gy_20260711_002100_s03\official_runs\2026-07-11_002845_research_NASDAQ-COMP_nasdaq_ext_family_subset_411dae55f7d8_Worst_2014-01-31\perf_ptf.parquet,C:\GoogleDrive\TP\07_backtest_code\runs\ad_hoc\nasx_gy_20260711_002100_s03\official_runs\2026-07-11_002845_research_NASDAQ-COMP_nasdaq_ext_family_subset_411dae55f7d8_Worst_2014-01-31\perf_bench.parquet,2.7064107903804224,-0.2381286110669963,-0.5661932777006747,1.184129860501829,,,,,,,,,,,,,,,,,,,,,,,,,,,,,,,,,,,,,,,,,
nasdaq,new,synergy_performance_summary,C:\GoogleDrive\TP\07_backtest_code\runs\ad_hoc\nasdaq_tech_factor_extension_20260710\synergy_performance_summary.csv,NASDAQ COMP,nasdaq_ext_family_subset_4659825c2b11,Top,success,Run termine avec succes,2013-12-31,C:\GoogleDrive\TP\07_backtest_code\runs\ad_hoc\nasx_gy_20260710_235429_s03\official_runs\2026-07-11_001332_research_NASDAQ-COMP_nasdaq_ext_subset_revision_growth_confirmation_intangible_investment_residual_risk_Top_2013-12-31,revision + growth_confirmation + intangible_investment + residual_risk,family_subset,family_subset,,0.9171852883686444,40823.0,2013-12-31,2026-06-30,485.9880952380952,"validated theme subset: revision, growth_confirmation, intangible_investment, residual_risk",3206.0,69.43708609271523,0.1691191918262951,True,0.2305060771535692,0.2629763220865402,0.8765278764440028,-0.3614281777855688,0.1698091937951795,0.0126308231267571,-0.3528244474315855,0.1080394052747869,0.2037706389242729,-0.1022690075611094,0.6666666666666666,C:\GoogleDrive\TP\07_backtest_code\runs\ad_hoc\nasx_gy_20260710_235429_s03\official_runs\2026-07-11_001332_research_NASDAQ-COMP_nasdaq_ext_subset_revision_growth_confirmation_intangible_investment_residual_risk_Top_2013-12-31\perf_ptf.parquet,C:\GoogleDrive\TP\07_backtest_code\runs\ad_hoc\nasx_gy_20260710_235429_s03\official_runs\2026-07-11_001332_research_NASDAQ-COMP_nasdaq_ext_subset_revision_growth_confirmation_intangible_investment_residual_risk_Top_2013-12-31\perf_bench.parquet,1.956616449322984,-0.3097237774965978,-0.6043419179166623,0.232160110757604,,,,,,,,,,,,,,,,,,,,,,,,,,,,,,,,,,,,,,,,,
nasdaq,new,synergy_performance_summary,C:\GoogleDrive\TP\07_backtest_code\runs\ad_hoc\nasdaq_tech_factor_extension_20260710\synergy_performance_summary.csv,NASDAQ COMP,nasdaq_ext_family_subset_4659825c2b11,Worst,success,Run termine avec succes,2013-12-31,C:\GoogleDrive\TP\07_backtest_code\runs\ad_hoc\nasx_gy_20260710_235429_s03\official_runs\2026-07-11_001409_research_NASDAQ-COMP_nasdaq_ext_subset_revision_growth_confirmation_intangible_investment_residual_risk_Worst_2013-12-31,revision + growth_confirmation + intangible_investment + residual_risk,family_subset,family_subset,,0.9171852883686444,40823.0,2013-12-31,2026-06-30,485.9880952380952,"validated theme subset: revision, growth_confirmation, intangible_investment, residual_risk",3206.0,69.43708609271523,0.1981411761123599,True,0.1282536671721434,0.2184588607202438,0.5870838415493882,-0.3341811187737725,-0.6043419179166623,-0.0715166215780309,-0.6582575972489163,0.1152355211324824,-0.6429462294317934,-0.1785397014432894,0.25,C:\GoogleDrive\TP\07_backtest_code\runs\ad_hoc\nasx_gy_20260710_235429_s03\official_runs\2026-07-11_001409_research_NASDAQ-COMP_nasdaq_ext_subset_revision_growth_confirmation_intangible_investment_residual_risk_Worst_2013-12-31\perf_ptf.parquet,C:\GoogleDrive\TP\07_backtest_code\runs\ad_hoc\nasx_gy_20260710_235429_s03\official_runs\2026-07-11_001409_research_NASDAQ-COMP_nasdaq_ext_subset_revision_growth_confirmation_intangible_investment_residual_risk_Worst_2013-12-31\perf_bench.parquet,1.956616449322984,-0.3097237774965978,-0.6043419179166623,0.232160110757604,,,,,,,,,,,,,,,,,,,,,,,,,,,,,,,,,,,,,,,,,
nasdaq,new,synergy_performance_summary,C:\GoogleDrive\TP\07_backtest_code\runs\ad_hoc\nasdaq_tech_factor_extension_20260710\synergy_performance_summary.csv,NASDAQ COMP,nasdaq_ext_family_subset_480bdc4bdf2a,Top,success,Run termine avec succes,2013-12-31,C:\GoogleDrive\TP\07_backtest_code\runs\ad_hoc\nasx_gy_20260711_002100_s01\official_runs\2026-07-11_003123_research_NASDAQ-COMP_nasdaq_ext_family_subset_480bdc4bdf2a_Top_2013-12-31,quality_improvement + earnings_yield_improvement + growth_confirmation + capital_efficiency + intangible_investment,family_subset,family_subset,,0.9598957514210608,42724.0,2013-12-31,2026-06-30,508.6190476190476,"validated theme subset: quality_improvement, earnings_yield_improvement, growth_confirmation, capital_efficiency, intangible_investment",3206.0,69.43708609271523,0.2056855452726126,True,0.2675253075842039,0.2816760126487289,0.949762477353114,-0.3902927479400094,0.6942157441096533,0.0430953730209013,-0.2918303747839634,0.125220380328253,0.4492324369402051,-0.0816386385619035,0.6666666666666666,C:\GoogleDrive\TP\07_backtest_code\runs\ad_hoc\nasx_gy_20260711_002100_s01\official_runs\2026-07-11_003123_research_NASDAQ-COMP_nasdaq_ext_family_subset_480bdc4bdf2a_Top_2013-12-31\perf_ptf.parquet,C:\GoogleDrive\TP\07_backtest_code\runs\ad_hoc\nasx_gy_20260711_002100_s01\official_runs\2026-07-11_003123_research_NASDAQ-COMP_nasdaq_ext_family_subset_480bdc4bdf2a_Top_2013-12-31\perf_bench.parquet,3.7417281028961353,-0.2755062540045812,-0.642700781794117,1.7745600270996371,,,,,,,,,,,,,,,,,,,,,,,,,,,,,,,,,,,,,,,,,
nasdaq,new,synergy_performance_summary,C:\GoogleDrive\TP\07_backtest_code\runs\ad_hoc\nasdaq_tech_factor_extension_20260710\synergy_performance_summary.csv,NASDAQ COMP,nasdaq_ext_family_subset_480bdc4bdf2a,Worst,success,Run termine avec succes,2013-12-31,C:\GoogleDrive\TP\07_backtest_code\runs\ad_hoc\nasx_gy_20260711_002100_s01\official_runs\2026-07-11_003204_research_NASDAQ-COMP_nasdaq_ext_family_subset_480bdc4bdf2a_Worst_2013-12-31,quality_improvement + earnings_yield_improvement + growth_confirmation + capital_efficiency + intangible_investment,family_subset,family_subset,,0.9598957514210608,42724.0,2013-12-31,2026-06-30,508.6190476190476,"validated theme subset: quality_improvement, earnings_yield_improvement, growth_confirmation, capital_efficiency, intangible_investment",3206.0,69.43708609271523,0.2151377398002271,True,0.119083401555158,0.2125876517467101,0.5601614231904742,-0.3410909111424485,-0.642700781794117,-0.0790631861927299,-0.6946483107088467,0.112058619355403,-0.7441339501339272,-0.1798896758009749,0.1666666666666666,C:\GoogleDrive\TP\07_backtest_code\runs\ad_hoc\nasx_gy_20260711_002100_s01\official_runs\2026-07-11_003204_research_NASDAQ-COMP_nasdaq_ext_family_subset_480bdc4bdf2a_Worst_2013-12-31\perf_ptf.parquet,C:\GoogleDrive\TP\07_backtest_code\runs\ad_hoc\nasx_gy_20260711_002100_s01\official_runs\2026-07-11_003204_research_NASDAQ-COMP_nasdaq_ext_family_subset_480bdc4bdf2a_Worst_2013-12-31\perf_bench.parquet,3.7417281028961353,-0.2755062540045812,-0.642700781794117,1.7745600270996371,,,,,,,,,,,,,,,,,,,,,,,,,,,,,,,,,,,,,,,,,
nasdaq,new,synergy_performance_summary,C:\GoogleDrive\TP\07_backtest_code\runs\ad_hoc\nasdaq_tech_factor_extension_20260710\synergy_performance_summary.csv,NASDAQ COMP,nasdaq_ext_family_subset_4af7b9d060c6,Top,success,Run termine avec succes,2013-12-31,C:\GoogleDrive\TP\07_backtest_code\runs\ad_hoc\nasx_gy_20260711_002100_s00\official_runs\2026-07-11_002844_research_NASDAQ-COMP_nasdaq_ext_family_subset_4af7b9d060c6_Top_2013-12-31,revision + quality_improvement + growth_confirmation + capital_efficiency + intangible_investment,family_subset,family_subset,,0.9615134017839088,42796.0,2013-12-31,2026-06-30,509.4761904761905,"validated theme subset: revision, quality_improvement, growth_confirmation, capital_efficiency, intangible_investment",3206.0,69.43708609271523,0.1842916214440893,True,0.2523788052666915,0.2707474649989402,0.9321557461957376,-0.3971136099587671,0.4579086582075564,0.0306307331511384,-0.3397897001204526,0.1236037548499526,0.3351364051905681,-0.1142124578738073,0.75,C:\GoogleDrive\TP\07_backtest_code\runs\ad_hoc\nasx_gy_20260711_002100_s00\official_runs\2026-07-11_002844_research_NASDAQ-COMP_nasdaq_ext_family_subset_4af7b9d060c6_Top_2013-12-31\perf_ptf.parquet,C:\GoogleDrive\TP\07_backtest_code\runs\ad_hoc\nasx_gy_20260711_002100_s00\official_runs\2026-07-11_002844_research_NASDAQ-COMP_nasdaq_ext_family_subset_4af7b9d060c6_Top_2013-12-31\perf_bench.parquet,3.507415519808829,-0.3130065109698837,-0.6765533038166869,1.294220805147306,,,,,,,,,,,,,,,,,,,,,,,,,,,,,,,,,,,,,,,,,
nasdaq,new,synergy_performance_summary,C:\GoogleDrive\TP\07_backtest_code\runs\ad_hoc\nasdaq_tech_factor_extension_20260710\synergy_performance_summary.csv,NASDAQ COMP,nasdaq_ext_family_subset_4af7b9d060c6,Worst,success,Run termine avec succes,2013-12-31,C:\GoogleDrive\TP\07_backtest_code\runs\ad_hoc\nasx_gy_20260711_002100_s00\official_runs\2026-07-11_002925_research_NASDAQ-COMP_nasdaq_ext_family_subset_4af7b9d060c6_Worst_2013-12-31,revision + quality_improvement + growth_confirmation + capital_efficiency + intangible_investment,family_subset,family_subset,,0.9615134017839088,42796.0,2013-12-31,2026-06-30,509.4761904761905,"validated theme subset: revision, quality_improvement, growth_confirmation, capital_efficiency, intangible_investment",3206.0,69.43708609271523,0.2014619505105176,True,0.1102042235841589,0.2159911231030286,0.5102257074314628,-0.3390834075452921,-0.6765533038166869,-0.0863702035772037,-0.7198984003298633,0.1122589467374053,-0.8061074092153656,-0.1978840745350494,0.1666666666666666,C:\GoogleDrive\TP\07_backtest_code\runs\ad_hoc\nasx_gy_20260711_002100_s00\official_runs\2026-07-11_002925_research_NASDAQ-COMP_nasdaq_ext_family_subset_4af7b9d060c6_Worst_2013-12-31\perf_ptf.parquet,C:\GoogleDrive\TP\07_backtest_code\runs\ad_hoc\nasx_gy_20260711_002100_s00\official_runs\2026-07-11_002925_research_NASDAQ-COMP_nasdaq_ext_family_subset_4af7b9d060c6_Worst_2013-12-31\perf_bench.parquet,3.507415519808829,-0.3130065109698837,-0.6765533038166869,1.294220805147306,,,,,,,,,,,,,,,,,,,,,,,,,,,,,,,,,,,,,,,,,
nasdaq,new,synergy_performance_summary,C:\GoogleDrive\TP\07_backtest_code\runs\ad_hoc\nasdaq_tech_factor_extension_20260710\synergy_performance_summary.csv,NASDAQ COMP,nasdaq_ext_family_subset_4ba80f7df35b,Top,success,Run termine avec succes,2014-01-31,C:\GoogleDrive\TP\07_backtest_code\runs\ad_hoc\nasx_gy_20260711_002100_s02\official_runs\2026-07-11_003119_research_NASDAQ-COMP_nasdaq_ext_family_subset_4ba80f7df35b_Top_2014-01-31,quality_improvement + earnings_yield_improvement + growth_confirmation + capital_efficiency + residual_risk,family_subset,family_subset,,0.9307780448897977,41428.0,2014-01-31,2026-06-30,493.1904761904762,"validated theme subset: quality_improvement, earnings_yield_improvement, growth_confirmation, capital_efficiency, residual_risk",3184.0,69.78,0.2119125371346099,True,0.2532250501538453,0.2707156110376086,0.935391384276936,-0.3817870421890524,0.4142066300782625,0.0283249366440057,-0.3334406224199109,0.1217767347610213,0.3214524199911007,-0.0960916486026509,0.6666666666666666,C:\GoogleDrive\TP\07_backtest_code\runs\ad_hoc\nasx_gy_20260711_002100_s02\official_runs\2026-07-11_003119_research_NASDAQ-COMP_nasdaq_ext_family_subset_4ba80f7df35b_Top_2014-01-31\perf_ptf.parquet,C:\GoogleDrive\TP\07_backtest_code\runs\ad_hoc\nasx_gy_20260711_002100_s02\official_runs\2026-07-11_003119_research_NASDAQ-COMP_nasdaq_ext_family_subset_4ba80f7df35b_Top_2014-01-31\perf_bench.parquet,2.3100907946655944,-0.3147280416889441,-0.5727589610661619,0.6845023992075656,,,,,,,,,,,,,,,,,,,,,,,,,,,,,,,,,,,,,,,,,
nasdaq,new,synergy_performance_summary,C:\GoogleDrive\TP\07_backtest_code\runs\ad_hoc\nasdaq_tech_factor_extension_20260710\synergy_performance_summary.csv,NASDAQ COMP,nasdaq_ext_family_subset_4ba80f7df35b,Worst,success,Run termine avec succes,2014-01-31,C:\GoogleDrive\TP\07_backtest_code\runs\ad_hoc\nasx_gy_20260711_002100_s02\official_runs\2026-07-11_003200_research_NASDAQ-COMP_nasdaq_ext_family_subset_4ba80f7df35b_Worst_2014-01-31,quality_improvement + earnings_yield_improvement + growth_confirmation + capital_efficiency + residual_risk,family_subset,family_subset,,0.9307780448897977,41428.0,2014-01-31,2026-06-30,493.1904761904762,"validated theme subset: quality_improvement, earnings_yield_improvement, growth_confirmation, capital_efficiency, residual_risk",3184.0,69.78,0.2159109048571142,True,0.1379765692959349,0.214327227662708,0.6437659405228345,-0.3298426831284641,-0.5727589610661619,-0.0662413878656903,-0.6490228405443876,0.112969814411379,-0.6149500910587679,-0.1624706322714649,0.1666666666666666,C:\GoogleDrive\TP\07_backtest_code\runs\ad_hoc\nasx_gy_20260711_002100_s02\official_runs\2026-07-11_003200_research_NASDAQ-COMP_nasdaq_ext_family_subset_4ba80f7df35b_Worst_2014-01-31\perf_ptf.parquet,C:\GoogleDrive\TP\07_backtest_code\runs\ad_hoc\nasx_gy_20260711_002100_s02\official_runs\2026-07-11_003200_research_NASDAQ-COMP_nasdaq_ext_family_subset_4ba80f7df35b_Worst_2014-01-31\perf_bench.parquet,2.3100907946655944,-0.3147280416889441,-0.5727589610661619,0.6845023992075656,,,,,,,,,,,,,,,,,,,,,,,,,,,,,,,,,,,,,,,,,
nasdaq,new,synergy_performance_summary,C:\GoogleDrive\TP\07_backtest_code\runs\ad_hoc\nasdaq_tech_factor_extension_20260710\synergy_performance_summary.csv,NASDAQ COMP,nasdaq_ext_family_subset_4cf3e3bb014f,Top,success,Run termine avec succes,2014-07-31,C:\GoogleDrive\TP\07_backtest_code\runs\ad_hoc\nasx_gy_20260710_235429_s01\official_runs\2026-07-11_000718_research_NASDAQ-COMP_nasdaq_ext_subset_earnings_yield_improvement_growth_confirmation_residual_risk_Top_2014-07-31,earnings_yield_improvement + growth_confirmation + residual_risk,family_subset,family_subset,,0.7309308229796221,32533.0,2014-07-31,2026-06-30,387.29761904761904,"validated theme subset: earnings_yield_improvement, growth_confirmation, residual_risk",3057.0,71.9375,0.1882165076775726,True,0.23295580669493,0.2574168102721493,0.9049751119541944,-0.3593466918009983,0.2048634517887406,0.0157714143306944,-0.3628228695141164,0.1101774052892757,0.2079230127245233,-0.1308664808490115,0.5,C:\GoogleDrive\TP\07_backtest_code\runs\ad_hoc\nasx_gy_20260710_235429_s01\official_runs\2026-07-11_000718_research_NASDAQ-COMP_nasdaq_ext_subset_earnings_yield_improvement_growth_confirmation_residual_risk_Top_2014-07-31\perf_ptf.parquet,C:\GoogleDrive\TP\07_backtest_code\runs\ad_hoc\nasx_gy_20260710_235429_s01\official_runs\2026-07-11_000718_research_NASDAQ-COMP_nasdaq_ext_subset_earnings_yield_improvement_growth_confirmation_residual_risk_Top_2014-07-31\perf_bench.parquet,1.2747369898821406,-0.3623955440587288,-0.4703284568071461,-0.1244576784367093,,,,,,,,,,,,,,,,,,,,,,,,,,,,,,,,,,,,,,,,,
nasdaq,new,synergy_performance_summary,C:\GoogleDrive\TP\07_backtest_code\runs\ad_hoc\nasdaq_tech_factor_extension_20260710\synergy_performance_summary.csv,NASDAQ COMP,nasdaq_ext_family_subset_4cf3e3bb014f,Worst,success,Run termine avec succes,2014-07-31,C:\GoogleDrive\TP\07_backtest_code\runs\ad_hoc\nasx_gy_20260710_235429_s01\official_runs\2026-07-11_000812_research_NASDAQ-COMP_nasdaq_ext_subset_earnings_yield_improvement_growth_confirmation_residual_risk_Worst_2014-07-31,earnings_yield_improvement + growth_confirmation + residual_risk,family_subset,family_subset,,0.7309308229796221,32533.0,2014-07-31,2026-06-30,387.29761904761904,"validated theme subset: earnings_yield_improvement, growth_confirmation, residual_risk",3057.0,71.9375,0.1996542998985017,True,0.1507410301497975,0.2261895136870657,0.6664368639049663,-0.3194950379952587,-0.4703284568071461,-0.0519612808694625,-0.5407871090319143,0.1017322502207274,-0.5164287588905468,-0.1348680958612184,0.4166666666666667,C:\GoogleDrive\TP\07_backtest_code\runs\ad_hoc\nasx_gy_20260710_235429_s01\official_runs\2026-07-11_000812_research_NASDAQ-COMP_nasdaq_ext_subset_earnings_yield_improvement_growth_confirmation_residual_risk_Worst_2014-07-31\perf_ptf.parquet,C:\GoogleDrive\TP\07_backtest_code\runs\ad_hoc\nasx_gy_20260710_235429_s01\official_runs\2026-07-11_000812_research_NASDAQ-COMP_nasdaq_ext_subset_earnings_yield_improvement_growth_confirmation_residual_risk_Worst_2014-07-31\perf_bench.parquet,1.2747369898821406,-0.3623955440587288,-0.4703284568071461,-0.1244576784367093,,,,,,,,,,,,,,,,,,,,,,,,,,,,,,,,,,,,,,,,,
nasdaq,new,synergy_performance_summary,C:\GoogleDrive\TP\07_backtest_code\runs\ad_hoc\nasdaq_tech_factor_extension_20260710\synergy_performance_summary.csv,NASDAQ COMP,nasdaq_ext_family_subset_4def6d6181dc,Top,success,Run termine avec succes,2014-01-31,C:\GoogleDrive\TP\07_backtest_code\runs\ad_hoc\nasx_gy_20260710_235429_s00\official_runs\2026-07-11_000531_research_NASDAQ-COMP_nasdaq_ext_subset_quality_improvement_growth_confirmation_intangible_investment_Top_2014-01-31,quality_improvement + growth_confirmation + intangible_investment,family_subset,family_subset,,0.8848098137455346,39382.0,2014-01-31,2026-06-30,468.8333333333333,"validated theme subset: quality_improvement, growth_confirmation, intangible_investment",3184.0,69.78,0.2044600425513127,True,0.2366903483110727,0.2706764867157611,0.8744400046821302,-0.3732769779723685,0.1993410074625563,0.0147575041842018,-0.3987175756504927,0.1279062817631596,0.2036933636946506,-0.1390974472547219,0.5833333333333334,C:\GoogleDrive\TP\07_backtest_code\runs\ad_hoc\nasx_gy_20260710_235429_s00\official_runs\2026-07-11_000531_research_NASDAQ-COMP_nasdaq_ext_subset_quality_improvement_growth_confirmation_intangible_investment_Top_2014-01-31\perf_ptf.parquet,C:\GoogleDrive\TP\07_backtest_code\runs\ad_hoc\nasx_gy_20260710_235429_s00\official_runs\2026-07-11_000531_research_NASDAQ-COMP_nasdaq_ext_subset_quality_improvement_growth_confirmation_intangible_investment_Top_2014-01-31\perf_bench.parquet,2.812131790683696,-0.3439602256498184,-0.685388367109035,0.5409680224855375,,,,,,,,,,,,,,,,,,,,,,,,,,,,,,,,,,,,,,,,,
nasdaq,new,synergy_performance_summary,C:\GoogleDrive\TP\07_backtest_code\runs\ad_hoc\nasdaq_tech_factor_extension_20260710\synergy_performance_summary.csv,NASDAQ COMP,nasdaq_ext_family_subset_4def6d6181dc,Worst,success,Run termine avec succes,2014-01-31,C:\GoogleDrive\TP\07_backtest_code\runs\ad_hoc\nasx_gy_20260710_235429_s00\official_runs\2026-07-11_000625_research_NASDAQ-COMP_nasdaq_ext_subset_quality_improvement_growth_confirmation_intangible_investment_Worst_2014-01-31,quality_improvement + growth_confirmation + intangible_investment,family_subset,family_subset,,0.8848098137455346,39382.0,2014-01-31,2026-06-30,468.8333333333333,"validated theme subset: quality_improvement, growth_confirmation, intangible_investment",3184.0,69.78,0.1953888404755012,True,0.1102546035981584,0.2161034365055576,0.5101936617991865,-0.387019357705755,-0.685388367109035,-0.0889884504274495,-0.7274603910846158,0.1123782943817185,-0.8304917334278995,-0.2096292003583113,0.1666666666666666,C:\GoogleDrive\TP\07_backtest_code\runs\ad_hoc\nasx_gy_20260710_235429_s00\official_runs\2026-07-11_000625_research_NASDAQ-COMP_nasdaq_ext_subset_quality_improvement_growth_confirmation_intangible_investment_Worst_2014-01-31\perf_ptf.parquet,C:\GoogleDrive\TP\07_backtest_code\runs\ad_hoc\nasx_gy_20260710_235429_s00\official_runs\2026-07-11_000625_research_NASDAQ-COMP_nasdaq_ext_subset_quality_improvement_growth_confirmation_intangible_investment_Worst_2014-01-31\perf_bench.parquet,2.812131790683696,-0.3439602256498184,-0.685388367109035,0.5409680224855375,,,,,,,,,,,,,,,,,,,,,,,,,,,,,,,,,,,,,,,,,
nasdaq,new,synergy_performance_summary,C:\GoogleDrive\TP\07_backtest_code\runs\ad_hoc\nasdaq_tech_factor_extension_20260710\synergy_performance_summary.csv,NASDAQ COMP,nasdaq_ext_family_subset_4e3f29e799f5,Top,success,Run termine avec succes,2013-12-31,C:\GoogleDrive\TP\07_backtest_code\runs\ad_hoc\nasx_gy_20260710_235429_s05\official_runs\2026-07-11_000719_research_NASDAQ-COMP_nasdaq_ext_subset_growth_confirmation_capital_efficiency_intangible_investment_Top_2013-12-31,growth_confirmation + capital_efficiency + intangible_investment,family_subset,family_subset,,0.9166460715810284,40799.0,2013-12-31,2026-06-30,485.70238095238096,"validated theme subset: growth_confirmation, capital_efficiency, intangible_investment",3206.0,69.43708609271523,0.1527959133599203,True,0.2412803204314209,0.266931154522494,0.9039046823254512,-0.3851574206629475,0.3044412526675624,0.0214973627087937,-0.334947982112469,0.1195115037605445,0.2646851998364613,-0.1041127020955806,0.75,C:\GoogleDrive\TP\07_backtest_code\runs\ad_hoc\nasx_gy_20260710_235429_s05\official_runs\2026-07-11_000719_research_NASDAQ-COMP_nasdaq_ext_subset_growth_confirmation_capital_efficiency_intangible_investment_Top_2013-12-31\perf_ptf.parquet,C:\GoogleDrive\TP\07_backtest_code\runs\ad_hoc\nasx_gy_20260710_235429_s05\official_runs\2026-07-11_000719_research_NASDAQ-COMP_nasdaq_ext_subset_growth_confirmation_capital_efficiency_intangible_investment_Top_2013-12-31\perf_bench.parquet,1.9417471129176231,-0.3244283408885405,-0.5565760065032177,0.3817946390453108,,,,,,,,,,,,,,,,,,,,,,,,,,,,,,,,,,,,,,,,,
nasdaq,new,synergy_performance_summary,C:\GoogleDrive\TP\07_backtest_code\runs\ad_hoc\nasdaq_tech_factor_extension_20260710\synergy_performance_summary.csv,NASDAQ COMP,nasdaq_ext_family_subset_4e3f29e799f5,Worst,success,Run termine avec succes,2013-12-31,C:\GoogleDrive\TP\07_backtest_code\runs\ad_hoc\nasx_gy_20260710_235429_s05\official_runs\2026-07-11_000813_research_NASDAQ-COMP_nasdaq_ext_subset_growth_confirmation_capital_efficiency_intangible_investment_Worst_2013-12-31,growth_confirmation + capital_efficiency + intangible_investment,family_subset,family_subset,,0.9166460715810284,40799.0,2013-12-31,2026-06-30,485.70238095238096,"validated theme subset: growth_confirmation, capital_efficiency, intangible_investment",3206.0,69.43708609271523,0.1692625351553126,True,0.1385919147110454,0.2138563735634356,0.6480607166469853,-0.3170996875487344,-0.5565760065032177,-0.0630088796746158,-0.6235041104541701,0.1141143040937062,-0.5795832585324651,-0.1663037830502369,0.3333333333333333,C:\GoogleDrive\TP\07_backtest_code\runs\ad_hoc\nasx_gy_20260710_235429_s05\official_runs\2026-07-11_000813_research_NASDAQ-COMP_nasdaq_ext_subset_growth_confirmation_capital_efficiency_intangible_investment_Worst_2013-12-31\perf_ptf.parquet,C:\GoogleDrive\TP\07_backtest_code\runs\ad_hoc\nasx_gy_20260710_235429_s05\official_runs\2026-07-11_000813_research_NASDAQ-COMP_nasdaq_ext_subset_growth_confirmation_capital_efficiency_intangible_investment_Worst_2013-12-31\perf_bench.parquet,1.9417471129176231,-0.3244283408885405,-0.5565760065032177,0.3817946390453108,,,,,,,,,,,,,,,,,,,,,,,,,,,,,,,,,,,,,,,,,
nasdaq,new,synergy_performance_summary,C:\GoogleDrive\TP\07_backtest_code\runs\ad_hoc\nasdaq_tech_factor_extension_20260710\synergy_performance_summary.csv,NASDAQ COMP,nasdaq_ext_family_subset_50bd9c979db7,Top,success,Run termine avec succes,2014-03-31,C:\GoogleDrive\TP\07_backtest_code\runs\ad_hoc\nasx_gy_20260711_001615_s04\official_runs\2026-07-11_001653_research_NASDAQ-COMP_nasdaq_ext_subset_revision_earnings_yield_improvement_capital_efficiency_residual_risk_Top_2014-03-31,revision + earnings_yield_improvement + capital_efficiency + residual_risk,family_subset,family_subset,,0.8967849199038397,39915.0,2014-03-31,2026-06-30,475.1785714285714,"validated theme subset: revision, earnings_yield_improvement, capital_efficiency, residual_risk",3142.0,70.47972972972973,0.2039571569864988,True,0.2561054100886319,0.2729756830303345,0.938198623575464,-0.3929930544422252,0.4735359680967244,0.0321544610166193,-0.2950777217913003,0.1100676508743599,0.3926042006623642,-0.0931338553720757,0.6666666666666666,C:\GoogleDrive\TP\07_backtest_code\runs\ad_hoc\nasx_gy_20260711_001615_s04\official_runs\2026-07-11_001653_research_NASDAQ-COMP_nasdaq_ext_subset_revision_earnings_yield_improvement_capital_efficiency_residual_risk_Top_2014-03-31\perf_ptf.parquet,C:\GoogleDrive\TP\07_backtest_code\runs\ad_hoc\nasx_gy_20260711_001615_s04\official_runs\2026-07-11_001653_research_NASDAQ-COMP_nasdaq_ext_subset_revision_earnings_yield_improvement_capital_efficiency_residual_risk_Top_2014-03-31\perf_bench.parquet,1.959051489349009,-0.2696499885591531,-0.50202422181545,0.6597047629421925,,,,,,,,,,,,,,,,,,,,,,,,,,,,,,,,,,,,,,,,,
nasdaq,new,synergy_performance_summary,C:\GoogleDrive\TP\07_backtest_code\runs\ad_hoc\nasdaq_tech_factor_extension_20260710\synergy_performance_summary.csv,NASDAQ COMP,nasdaq_ext_family_subset_50bd9c979db7,Worst,success,Run termine avec succes,2014-03-31,C:\GoogleDrive\TP\07_backtest_code\runs\ad_hoc\nasx_gy_20260711_001615_s04\official_runs\2026-07-11_001728_research_NASDAQ-COMP_nasdaq_ext_subset_revision_earnings_yield_improvement_capital_efficiency_residual_risk_Worst_2014-03-31,revision + earnings_yield_improvement + capital_efficiency + residual_risk,family_subset,family_subset,,0.8967849199038397,39915.0,2014-03-31,2026-06-30,475.1785714285714,"validated theme subset: revision, earnings_yield_improvement, capital_efficiency, residual_risk",3142.0,70.47972972972973,0.2285452944082888,True,0.1496402734016579,0.2255779653444844,0.6633638758694337,-0.2938155800197011,-0.50202422181545,-0.0553290136118757,-0.5524618036384372,0.1030996441698546,-0.5413534957957375,-0.1556496533925389,0.3333333333333333,C:\GoogleDrive\TP\07_backtest_code\runs\ad_hoc\nasx_gy_20260711_001615_s04\official_runs\2026-07-11_001728_research_NASDAQ-COMP_nasdaq_ext_subset_revision_earnings_yield_improvement_capital_efficiency_residual_risk_Worst_2014-03-31\perf_ptf.parquet,C:\GoogleDrive\TP\07_backtest_code\runs\ad_hoc\nasx_gy_20260711_001615_s04\official_runs\2026-07-11_001728_research_NASDAQ-COMP_nasdaq_ext_subset_revision_earnings_yield_improvement_capital_efficiency_residual_risk_Worst_2014-03-31\perf_bench.parquet,1.959051489349009,-0.2696499885591531,-0.50202422181545,0.6597047629421925,,,,,,,,,,,,,,,,,,,,,,,,,,,,,,,,,,,,,,,,,
nasdaq,new,synergy_performance_summary,C:\GoogleDrive\TP\07_backtest_code\runs\ad_hoc\nasdaq_tech_factor_extension_20260710\synergy_performance_summary.csv,NASDAQ COMP,nasdaq_ext_family_subset_50f48e7c879d,Top,success,Run termine avec succes,2014-07-31,C:\GoogleDrive\TP\07_backtest_code\runs\ad_hoc\nasx_gy_20260710_235429_s04\official_runs\2026-07-11_000536_research_NASDAQ-COMP_nasdaq_ext_subset_quality_improvement_intangible_investment_residual_risk_Top_2014-07-31,quality_improvement + intangible_investment + residual_risk,family_subset,family_subset,,0.7546338942685749,33588.0,2014-07-31,2026-06-30,399.8571428571428,"validated theme subset: quality_improvement, intangible_investment, residual_risk",3057.0,71.9375,0.1909885644741927,True,0.2467520597989403,0.2602046237847312,0.9483000578924364,-0.3889025659359463,0.375600169150651,0.0271374660998087,-0.3728489448421385,0.1119853532849786,0.3088315039224938,-0.1338290673840019,0.75,C:\GoogleDrive\TP\07_backtest_code\runs\ad_hoc\nasx_gy_20260710_235429_s04\official_runs\2026-07-11_000536_research_NASDAQ-COMP_nasdaq_ext_subset_quality_improvement_intangible_investment_residual_risk_Top_2014-07-31\perf_ptf.parquet,C:\GoogleDrive\TP\07_backtest_code\runs\ad_hoc\nasx_gy_20260710_235429_s04\official_runs\2026-07-11_000536_research_NASDAQ-COMP_nasdaq_ext_subset_quality_improvement_intangible_investment_residual_risk_Top_2014-07-31\perf_bench.parquet,3.1026627526790413,-0.3273261803860519,-0.6647055212490027,0.9354192351369142,,,,,,,,,,,,,,,,,,,,,,,,,,,,,,,,,,,,,,,,,
nasdaq,new,synergy_performance_summary,C:\GoogleDrive\TP\07_backtest_code\runs\ad_hoc\nasdaq_tech_factor_extension_20260710\synergy_performance_summary.csv,NASDAQ COMP,nasdaq_ext_family_subset_50f48e7c879d,Worst,success,Run termine avec succes,2014-07-31,C:\GoogleDrive\TP\07_backtest_code\runs\ad_hoc\nasx_gy_20260710_235429_s04\official_runs\2026-07-11_000628_research_NASDAQ-COMP_nasdaq_ext_subset_quality_improvement_intangible_investment_residual_risk_Worst_2014-07-31,quality_improvement + intangible_investment + residual_risk,family_subset,family_subset,,0.7546338942685749,33588.0,2014-07-31,2026-06-30,399.8571428571428,"validated theme subset: quality_improvement, intangible_investment, residual_risk",3057.0,71.9375,0.1924657355574487,True,0.1073979261075037,0.2271862204130217,0.4727308104877825,-0.3966107372876397,-0.6647055212490027,-0.0876695243080829,-0.7155994766371928,0.1209160476179667,-0.7446303468387977,-0.1999462459310456,0.1666666666666666,C:\GoogleDrive\TP\07_backtest_code\runs\ad_hoc\nasx_gy_20260710_235429_s04\official_runs\2026-07-11_000628_research_NASDAQ-COMP_nasdaq_ext_subset_quality_improvement_intangible_investment_residual_risk_Worst_2014-07-31\perf_ptf.parquet,C:\GoogleDrive\TP\07_backtest_code\runs\ad_hoc\nasx_gy_20260710_235429_s04\official_runs\2026-07-11_000628_research_NASDAQ-COMP_nasdaq_ext_subset_quality_improvement_intangible_investment_residual_risk_Worst_2014-07-31\perf_bench.parquet,3.1026627526790413,-0.3273261803860519,-0.6647055212490027,0.9354192351369142,,,,,,,,,,,,,,,,,,,,,,,,,,,,,,,,,,,,,,,,,
nasdaq,new,synergy_performance_summary,C:\GoogleDrive\TP\07_backtest_code\runs\ad_hoc\nasdaq_tech_factor_extension_20260710\synergy_performance_summary.csv,NASDAQ COMP,nasdaq_ext_family_subset_51b25f2fe885,Top,success,Run termine avec succes,2013-12-31,C:\GoogleDrive\TP\07_backtest_code\runs\ad_hoc\nasx_gy_20260711_002100_s03\official_runs\2026-07-11_002924_research_NASDAQ-COMP_nasdaq_ext_family_subset_51b25f2fe885_Top_2013-12-31,revision + quality_improvement + capital_efficiency + intangible_investment + residual_risk,family_subset,family_subset,,0.9529084005482036,42413.0,2013-12-31,2026-06-30,504.9166666666667,"validated theme subset: revision, quality_improvement, capital_efficiency, intangible_investment, residual_risk",3206.0,69.43708609271523,0.2001959159725681,True,0.2386407459574724,0.268296115222139,0.8894677649726198,-0.3987831297600467,0.2702005361007988,0.0193251552553843,-0.3361232006361797,0.120571088217846,0.248114197318961,-0.1114668433364551,0.75,C:\GoogleDrive\TP\07_backtest_code\runs\ad_hoc\nasx_gy_20260711_002100_s03\official_runs\2026-07-11_002924_research_NASDAQ-COMP_nasdaq_ext_family_subset_51b25f2fe885_Top_2013-12-31\perf_ptf.parquet,C:\GoogleDrive\TP\07_backtest_code\runs\ad_hoc\nasx_gy_20260711_002100_s03\official_runs\2026-07-11_002924_research_NASDAQ-COMP_nasdaq_ext_family_subset_51b25f2fe885_Top_2013-12-31\perf_bench.parquet,2.689936113729298,-0.3060129851283764,-0.6557662525985989,0.7108842601387871,,,,,,,,,,,,,,,,,,,,,,,,,,,,,,,,,,,,,,,,,
nasdaq,new,synergy_performance_summary,C:\GoogleDrive\TP\07_backtest_code\runs\ad_hoc\nasdaq_tech_factor_extension_20260710\synergy_performance_summary.csv,NASDAQ COMP,nasdaq_ext_family_subset_51b25f2fe885,Worst,success,Run termine avec succes,2013-12-31,C:\GoogleDrive\TP\07_backtest_code\runs\ad_hoc\nasx_gy_20260711_002100_s03\official_runs\2026-07-11_003004_research_NASDAQ-COMP_nasdaq_ext_family_subset_51b25f2fe885_Worst_2013-12-31,revision + quality_improvement + capital_efficiency + intangible_investment + residual_risk,family_subset,family_subset,,0.9529084005482036,42413.0,2013-12-31,2026-06-30,504.9166666666667,"validated theme subset: revision, quality_improvement, capital_efficiency, intangible_investment, residual_risk",3206.0,69.43708609271523,0.2039739335566044,True,0.1157520763931236,0.2188785271016104,0.5288416270244174,-0.3471348290824644,-0.6557662525985989,-0.0818046619185036,-0.7111316293152337,0.1138021876789928,-0.7466165490915614,-0.1919758973059896,0.1666666666666666,C:\GoogleDrive\TP\07_backtest_code\runs\ad_hoc\nasx_gy_20260711_002100_s03\official_runs\2026-07-11_003004_research_NASDAQ-COMP_nasdaq_ext_family_subset_51b25f2fe885_Worst_2013-12-31\perf_ptf.parquet,C:\GoogleDrive\TP\07_backtest_code\runs\ad_hoc\nasx_gy_20260711_002100_s03\official_runs\2026-07-11_003004_research_NASDAQ-COMP_nasdaq_ext_family_subset_51b25f2fe885_Worst_2013-12-31\perf_bench.parquet,2.689936113729298,-0.3060129851283764,-0.6557662525985989,0.7108842601387871,,,,,,,,,,,,,,,,,,,,,,,,,,,,,,,,,,,,,,,,,
nasdaq,new,synergy_performance_summary,C:\GoogleDrive\TP\07_backtest_code\runs\ad_hoc\nasdaq_tech_factor_extension_20260710\synergy_performance_summary.csv,NASDAQ COMP,nasdaq_ext_family_subset_524094742595,Top,success,Run termine avec succes,2013-12-31,C:\GoogleDrive\TP\07_backtest_code\runs\ad_hoc\nasx_gy_20260711_002100_s02\official_runs\2026-07-11_003000_research_NASDAQ-COMP_nasdaq_ext_family_subset_524094742595_Top_2013-12-31,revision + earnings_yield_improvement + growth_confirmation + intangible_investment + residual_risk,family_subset,family_subset,,0.9509762070592463,42327.0,2013-12-31,2026-06-30,503.8928571428572,"validated theme subset: revision, earnings_yield_improvement, growth_confirmation, intangible_investment, residual_risk",3206.0,69.43708609271523,0.1979363502135711,True,0.253767757593111,0.2710035191994822,0.936400229571616,-0.3915331407453712,0.4782419510626079,0.0317737554926775,-0.2981950954645965,0.1096106831733419,0.3883905790087449,-0.0946586244452719,0.6666666666666666,C:\GoogleDrive\TP\07_backtest_code\runs\ad_hoc\nasx_gy_20260711_002100_s02\official_runs\2026-07-11_003000_research_NASDAQ-COMP_nasdaq_ext_family_subset_524094742595_Top_2013-12-31\perf_ptf.parquet,C:\GoogleDrive\TP\07_backtest_code\runs\ad_hoc\nasx_gy_20260711_002100_s02\official_runs\2026-07-11_003000_research_NASDAQ-COMP_nasdaq_ext_family_subset_524094742595_Top_2013-12-31\perf_bench.parquet,2.3745977378443985,-0.3085406078693161,-0.5619501742430288,0.8648813214370003,,,,,,,,,,,,,,,,,,,,,,,,,,,,,,,,,,,,,,,,,
nasdaq,new,synergy_performance_summary,C:\GoogleDrive\TP\07_backtest_code\runs\ad_hoc\nasdaq_tech_factor_extension_20260710\synergy_performance_summary.csv,NASDAQ COMP,nasdaq_ext_family_subset_524094742595,Worst,success,Run termine avec succes,2013-12-31,C:\GoogleDrive\TP\07_backtest_code\runs\ad_hoc\nasx_gy_20260711_002100_s02\official_runs\2026-07-11_003040_research_NASDAQ-COMP_nasdaq_ext_family_subset_524094742595_Worst_2013-12-31,revision + earnings_yield_improvement + growth_confirmation + intangible_investment + residual_risk,family_subset,family_subset,,0.9509762070592463,42327.0,2013-12-31,2026-06-30,503.8928571428572,"validated theme subset: revision, earnings_yield_improvement, growth_confirmation, intangible_investment, residual_risk",3206.0,69.43708609271523,0.2124117138605522,True,0.1374813650709534,0.2146463687295698,0.6405017046627257,-0.290616747622189,-0.5619501742430288,-0.0639227937275808,-0.625684200004262,0.1158973280874409,-0.5772970626363316,-0.1627364572806739,0.25,C:\GoogleDrive\TP\07_backtest_code\runs\ad_hoc\nasx_gy_20260711_002100_s02\official_runs\2026-07-11_003040_research_NASDAQ-COMP_nasdaq_ext_family_subset_524094742595_Worst_2013-12-31\perf_ptf.parquet,C:\GoogleDrive\TP\07_backtest_code\runs\ad_hoc\nasx_gy_20260711_002100_s02\official_runs\2026-07-11_003040_research_NASDAQ-COMP_nasdaq_ext_family_subset_524094742595_Worst_2013-12-31\perf_bench.parquet,2.3745977378443985,-0.3085406078693161,-0.5619501742430288,0.8648813214370003,,,,,,,,,,,,,,,,,,,,,,,,,,,,,,,,,,,,,,,,,
nasdaq,new,synergy_performance_summary,C:\GoogleDrive\TP\07_backtest_code\runs\ad_hoc\nasdaq_tech_factor_extension_20260710\synergy_performance_summary.csv,NASDAQ COMP,nasdaq_ext_family_subset_585af9383fc6,Top,success,Run termine avec succes,2014-07-31,C:\GoogleDrive\TP\07_backtest_code\runs\ad_hoc\nasx_gy_20260710_235429_s01\official_runs\2026-07-11_000536_research_NASDAQ-COMP_nasdaq_ext_subset_quality_improvement_growth_confirmation_residual_risk_Top_2014-07-31,quality_improvement + growth_confirmation + residual_risk,family_subset,family_subset,,0.7548585679300815,33598.0,2014-07-31,2026-06-30,399.9761904761905,"validated theme subset: quality_improvement, growth_confirmation, residual_risk",3057.0,71.9375,0.1843913018122965,True,0.2423989245099271,0.2740881231093736,0.8843831748710942,-0.3896225224676967,0.3194748955705739,0.0235511328628155,-0.3809101788855727,0.1249501336901485,0.279124862040619,-0.1361520728806239,0.6666666666666666,C:\GoogleDrive\TP\07_backtest_code\runs\ad_hoc\nasx_gy_20260710_235429_s01\official_runs\2026-07-11_000536_research_NASDAQ-COMP_nasdaq_ext_subset_quality_improvement_growth_confirmation_residual_risk_Top_2014-07-31\perf_ptf.parquet,C:\GoogleDrive\TP\07_backtest_code\runs\ad_hoc\nasx_gy_20260710_235429_s01\official_runs\2026-07-11_000536_research_NASDAQ-COMP_nasdaq_ext_subset_quality_improvement_growth_confirmation_residual_risk_Top_2014-07-31\perf_bench.parquet,3.266010563293624,-0.3382792377303738,-0.6907005090601891,0.9295576128754678,,,,,,,,,,,,,,,,,,,,,,,,,,,,,,,,,,,,,,,,,
nasdaq,new,synergy_performance_summary,C:\GoogleDrive\TP\07_backtest_code\runs\ad_hoc\nasdaq_tech_factor_extension_20260710\synergy_performance_summary.csv,NASDAQ COMP,nasdaq_ext_family_subset_585af9383fc6,Worst,success,Run termine avec succes,2014-07-31,C:\GoogleDrive\TP\07_backtest_code\runs\ad_hoc\nasx_gy_20260710_235429_s01\official_runs\2026-07-11_000629_research_NASDAQ-COMP_nasdaq_ext_subset_quality_improvement_growth_confirmation_residual_risk_Worst_2014-07-31,quality_improvement + growth_confirmation + residual_risk,family_subset,family_subset,,0.7548585679300815,33598.0,2014-07-31,2026-06-30,399.9761904761905,"validated theme subset: quality_improvement, growth_confirmation, residual_risk",3057.0,71.9375,0.1808901488460075,True,0.099919622337889,0.2256637858143105,0.4427809361494487,-0.3544020717598023,-0.6907005090601891,-0.0938305295571021,-0.726029594133544,0.1133988020587774,-0.8558241970810562,-0.1872530633432576,0.1666666666666666,C:\GoogleDrive\TP\07_backtest_code\runs\ad_hoc\nasx_gy_20260710_235429_s01\official_runs\2026-07-11_000629_research_NASDAQ-COMP_nasdaq_ext_subset_quality_improvement_growth_confirmation_residual_risk_Worst_2014-07-31\perf_ptf.parquet,C:\GoogleDrive\TP\07_backtest_code\runs\ad_hoc\nasx_gy_20260710_235429_s01\official_runs\2026-07-11_000629_research_NASDAQ-COMP_nasdaq_ext_subset_quality_improvement_growth_confirmation_residual_risk_Worst_2014-07-31\perf_bench.parquet,3.266010563293624,-0.3382792377303738,-0.6907005090601891,0.9295576128754678,,,,,,,,,,,,,,,,,,,,,,,,,,,,,,,,,,,,,,,,,
nasdaq,new,synergy_performance_summary,C:\GoogleDrive\TP\07_backtest_code\runs\ad_hoc\nasdaq_tech_factor_extension_20260710\synergy_performance_summary.csv,NASDAQ COMP,nasdaq_ext_family_subset_59db058605ef,Top,success,Run termine avec succes,2014-03-31,C:\GoogleDrive\TP\07_backtest_code\runs\ad_hoc\nasx_gy_20260710_235429_s03\official_runs\2026-07-11_000023_research_NASDAQ-COMP_nasdaq_ext_subset_revision_earnings_yield_improvement_growth_confirmation_Top_2014-03-31,revision + earnings_yield_improvement + growth_confirmation,family_subset,family_subset,,0.8601631130782539,38285.0,2014-03-31,2026-06-30,455.7738095238095,"validated theme subset: revision, earnings_yield_improvement, growth_confirmation",3142.0,70.47972972972973,0.202319145359222,True,0.2424759317079561,0.2698244306199027,0.8986433554251727,-0.3756665833935868,0.2892081786771641,0.0209549814196392,-0.3301115188800594,0.1159139192733635,0.2726275315870631,-0.1047807907421676,0.5833333333333334,C:\GoogleDrive\TP\07_backtest_code\runs\ad_hoc\nasx_gy_20260710_235429_s03\official_runs\2026-07-11_000023_research_NASDAQ-COMP_nasdaq_ext_subset_revision_earnings_yield_improvement_growth_confirmation_Top_2014-03-31\perf_ptf.parquet,C:\GoogleDrive\TP\07_backtest_code\runs\ad_hoc\nasx_gy_20260710_235429_s03\official_runs\2026-07-11_000023_research_NASDAQ-COMP_nasdaq_ext_subset_revision_earnings_yield_improvement_growth_confirmation_Top_2014-03-31\perf_bench.parquet,1.1836672035041156,-0.3711470269575617,-0.409613252143742,0.0001240326535718,,,,,,,,,,,,,,,,,,,,,,,,,,,,,,,,,,,,,,,,,
nasdaq,new,synergy_performance_summary,C:\GoogleDrive\TP\07_backtest_code\runs\ad_hoc\nasdaq_tech_factor_extension_20260710\synergy_performance_summary.csv,NASDAQ COMP,nasdaq_ext_family_subset_59db058605ef,Worst,success,Run termine avec succes,2014-03-31,C:\GoogleDrive\TP\07_backtest_code\runs\ad_hoc\nasx_gy_20260710_235429_s03\official_runs\2026-07-11_000117_research_NASDAQ-COMP_nasdaq_ext_subset_revision_earnings_yield_improvement_growth_confirmation_Worst_2014-03-31,revision + earnings_yield_improvement + growth_confirmation,family_subset,family_subset,,0.8601631130782539,38285.0,2014-03-31,2026-06-30,455.7738095238095,"validated theme subset: revision, earnings_yield_improvement, growth_confirmation",3142.0,70.47972972972973,0.2270049681206618,True,0.1657283561750195,0.2183112121976727,0.7591380878090617,-0.2848409633165646,-0.409613252143742,-0.0421092740340022,-0.4641467928294683,0.0974109355535111,-0.4492992181413736,-0.1377714336553485,0.3333333333333333,C:\GoogleDrive\TP\07_backtest_code\runs\ad_hoc\nasx_gy_20260710_235429_s03\official_runs\2026-07-11_000117_research_NASDAQ-COMP_nasdaq_ext_subset_revision_earnings_yield_improvement_growth_confirmation_Worst_2014-03-31\perf_ptf.parquet,C:\GoogleDrive\TP\07_backtest_code\runs\ad_hoc\nasx_gy_20260710_235429_s03\official_runs\2026-07-11_000117_research_NASDAQ-COMP_nasdaq_ext_subset_revision_earnings_yield_improvement_growth_confirmation_Worst_2014-03-31\perf_bench.parquet,1.1836672035041156,-0.3711470269575617,-0.409613252143742,0.0001240326535718,,,,,,,,,,,,,,,,,,,,,,,,,,,,,,,,,,,,,,,,,
nasdaq,new,synergy_performance_summary,C:\GoogleDrive\TP\07_backtest_code\runs\ad_hoc\nasdaq_tech_factor_extension_20260710\synergy_performance_summary.csv,NASDAQ COMP,nasdaq_ext_family_subset_5ab821e99238,Top,success,Run termine avec succes,2014-03-31,C:\GoogleDrive\TP\07_backtest_code\runs\ad_hoc\nasx_gy_20260710_235429_s00\official_runs\2026-07-11_001037_research_NASDAQ-COMP_nasdaq_ext_subset_revision_quality_improvement_earnings_yield_improvement_residual_risk_Top_2014-03-31,revision + quality_improvement + earnings_yield_improvement + residual_risk,family_subset,family_subset,,0.8868094093329439,39471.0,2014-03-31,2026-06-30,469.8928571428572,"validated theme subset: revision, quality_improvement, earnings_yield_improvement, residual_risk",3142.0,70.47972972972973,0.2151860806768475,True,0.2477341713805458,0.2679873696450217,0.92442480296253,-0.3774782854843874,0.3576537322313957,0.0252757298947015,-0.3154179401689834,0.1145172374141043,0.3079388970304064,-0.1012598927850171,0.5833333333333334,C:\GoogleDrive\TP\07_backtest_code\runs\ad_hoc\nasx_gy_20260710_235429_s00\official_runs\2026-07-11_001037_research_NASDAQ-COMP_nasdaq_ext_subset_revision_quality_improvement_earnings_yield_improvement_residual_risk_Top_2014-03-31\perf_ptf.parquet,C:\GoogleDrive\TP\07_backtest_code\runs\ad_hoc\nasx_gy_20260710_235429_s00\official_runs\2026-07-11_001037_research_NASDAQ-COMP_nasdaq_ext_subset_revision_quality_improvement_earnings_yield_improvement_residual_risk_Top_2014-03-31\perf_bench.parquet,2.335659204132657,-0.2592392697426148,-0.5929878776137101,0.678870323760636,,,,,,,,,,,,,,,,,,,,,,,,,,,,,,,,,,,,,,,,,
nasdaq,new,synergy_performance_summary,C:\GoogleDrive\TP\07_backtest_code\runs\ad_hoc\nasdaq_tech_factor_extension_20260710\synergy_performance_summary.csv,NASDAQ COMP,nasdaq_ext_family_subset_5ab821e99238,Worst,success,Run termine avec succes,2014-03-31,C:\GoogleDrive\TP\07_backtest_code\runs\ad_hoc\nasx_gy_20260710_235429_s00\official_runs\2026-07-11_001125_research_NASDAQ-COMP_nasdaq_ext_subset_revision_quality_improvement_earnings_yield_improvement_residual_risk_Worst_2014-03-31,revision + quality_improvement + earnings_yield_improvement + residual_risk,family_subset,family_subset,,0.8868094093329439,39471.0,2014-03-31,2026-06-30,469.8928571428572,"validated theme subset: revision, quality_improvement, earnings_yield_improvement, residual_risk",3142.0,70.47972972972973,0.2396073527006408,True,0.1308639975907124,0.2190516594822134,0.5974115781640007,-0.2909120411157192,-0.5929878776137101,-0.0707576684714852,-0.6463688691356917,0.1114473567934982,-0.6590662308328555,-0.157961854899914,0.25,C:\GoogleDrive\TP\07_backtest_code\runs\ad_hoc\nasx_gy_20260710_235429_s00\official_runs\2026-07-11_001125_research_NASDAQ-COMP_nasdaq_ext_subset_revision_quality_improvement_earnings_yield_improvement_residual_risk_Worst_2014-03-31\perf_ptf.parquet,C:\GoogleDrive\TP\07_backtest_code\runs\ad_hoc\nasx_gy_20260710_235429_s00\official_runs\2026-07-11_001125_research_NASDAQ-COMP_nasdaq_ext_subset_revision_quality_improvement_earnings_yield_improvement_residual_risk_Worst_2014-03-31\perf_bench.parquet,2.335659204132657,-0.2592392697426148,-0.5929878776137101,0.678870323760636,,,,,,,,,,,,,,,,,,,,,,,,,,,,,,,,,,,,,,,,,
nasdaq,new,synergy_performance_summary,C:\GoogleDrive\TP\07_backtest_code\runs\ad_hoc\nasdaq_tech_factor_extension_20260710\synergy_performance_summary.csv,NASDAQ COMP,nasdaq_ext_family_subset_5dced8be3980,Top,success,Run termine avec succes,2013-12-31,C:\GoogleDrive\TP\07_backtest_code\runs\ad_hoc\nasx_gy_20260711_002100_s00\official_runs\2026-07-11_003522_research_NASDAQ-COMP_nasdaq_ext_family_subset_5dced8be3980_Top_2013-12-31,revision + earnings_yield_improvement + growth_confirmation + capital_efficiency + intangible_investment + residual_risk,family_subset,family_subset,,0.9593790019995956,42701.0,2013-12-31,2026-06-30,508.3452380952381,"validated theme subset: revision, earnings_yield_improvement, growth_confirmation, capital_efficiency, intangible_investment, residual_risk",3206.0,69.43708609271523,0.1936117171816762,True,0.2407157131779678,0.2605707579462306,0.923801715415972,-0.3702176984718741,0.2970465381690701,0.0210327256635791,-0.3650087715882488,0.1048757420745312,0.2814230422403247,-0.0870565010201358,0.5833333333333334,C:\GoogleDrive\TP\07_backtest_code\runs\ad_hoc\nasx_gy_20260711_002100_s00\official_runs\2026-07-11_003522_research_NASDAQ-COMP_nasdaq_ext_family_subset_5dced8be3980_Top_2013-12-31\perf_ptf.parquet,C:\GoogleDrive\TP\07_backtest_code\runs\ad_hoc\nasx_gy_20260711_002100_s00\official_runs\2026-07-11_003522_research_NASDAQ-COMP_nasdaq_ext_family_subset_5dced8be3980_Top_2013-12-31\perf_bench.parquet,1.9846330078608307,-0.2893204072560205,-0.5654251176767963,0.3674132558283207,,,,,,,,,,,,,,,,,,,,,,,,,,,,,,,,,,,,,,,,,
nasdaq,new,synergy_performance_summary,C:\GoogleDrive\TP\07_backtest_code\runs\ad_hoc\nasdaq_tech_factor_extension_20260710\synergy_performance_summary.csv,NASDAQ COMP,nasdaq_ext_family_subset_5dced8be3980,Worst,success,Run termine avec succes,2013-12-31,C:\GoogleDrive\TP\07_backtest_code\runs\ad_hoc\nasx_gy_20260711_002100_s00\official_runs\2026-07-11_003604_research_NASDAQ-COMP_nasdaq_ext_family_subset_5dced8be3980_Worst_2013-12-31,revision + earnings_yield_improvement + growth_confirmation + capital_efficiency + intangible_investment + residual_risk,family_subset,family_subset,,0.9593790019995956,42701.0,2013-12-31,2026-06-30,508.3452380952381,"validated theme subset: revision, earnings_yield_improvement, growth_confirmation, capital_efficiency, intangible_investment, residual_risk",3206.0,69.43708609271523,0.2098331609618314,True,0.1367565904010361,0.2175013567502331,0.6287620107035934,-0.3045999073031969,-0.5654251176767963,-0.0645192387059572,-0.6282971358407647,0.1129803239328355,-0.5923662593552196,-0.1686420341058344,0.3333333333333333,C:\GoogleDrive\TP\07_backtest_code\runs\ad_hoc\nasx_gy_20260711_002100_s00\official_runs\2026-07-11_003604_research_NASDAQ-COMP_nasdaq_ext_family_subset_5dced8be3980_Worst_2013-12-31\perf_ptf.parquet,C:\GoogleDrive\TP\07_backtest_code\runs\ad_hoc\nasx_gy_20260711_002100_s00\official_runs\2026-07-11_003604_research_NASDAQ-COMP_nasdaq_ext_family_subset_5dced8be3980_Worst_2013-12-31\perf_bench.parquet,1.9846330078608307,-0.2893204072560205,-0.5654251176767963,0.3674132558283207,,,,,,,,,,,,,,,,,,,,,,,,,,,,,,,,,,,,,,,,,
nasdaq,new,synergy_performance_summary,C:\GoogleDrive\TP\07_backtest_code\runs\ad_hoc\nasdaq_tech_factor_extension_20260710\synergy_performance_summary.csv,NASDAQ COMP,nasdaq_ext_family_subset_5e72aced904e,Top,success,Run termine avec succes,2013-12-31,C:\GoogleDrive\TP\07_backtest_code\runs\ad_hoc\nasx_gy_20260711_002100_s01\official_runs\2026-07-11_002448_research_NASDAQ-COMP_nasdaq_ext_family_subset_5e72aced904e_Top_2013-12-31,earnings_yield_improvement + growth_confirmation + capital_efficiency + intangible_investment,family_subset,family_subset,,0.9489990788379878,42239.0,2013-12-31,2026-06-30,502.8452380952381,"validated theme subset: earnings_yield_improvement, growth_confirmation, capital_efficiency, intangible_investment",3206.0,69.43708609271523,0.1943216479403802,True,0.2627684874671174,0.2767587346080563,0.9494496635824275,-0.3703067585604676,0.6164589519879504,0.0391808026176625,-0.2876640259193409,0.1199050382851528,0.4268493254237648,-0.0878270265887267,0.6666666666666666,C:\GoogleDrive\TP\07_backtest_code\runs\ad_hoc\nasx_gy_20260711_002100_s01\official_runs\2026-07-11_002448_research_NASDAQ-COMP_nasdaq_ext_family_subset_5e72aced904e_Top_2013-12-31\perf_ptf.parquet,C:\GoogleDrive\TP\07_backtest_code\runs\ad_hoc\nasx_gy_20260711_002100_s01\official_runs\2026-07-11_002448_research_NASDAQ-COMP_nasdaq_ext_family_subset_5e72aced904e_Top_2013-12-31\perf_bench.parquet,2.7024251410465743,-0.2699446117034131,-0.5634053652922686,1.1846114057986763,,,,,,,,,,,,,,,,,,,,,,,,,,,,,,,,,,,,,,,,,
nasdaq,new,synergy_performance_summary,C:\GoogleDrive\TP\07_backtest_code\runs\ad_hoc\nasdaq_tech_factor_extension_20260710\synergy_performance_summary.csv,NASDAQ COMP,nasdaq_ext_family_subset_5e72aced904e,Worst,success,Run termine avec succes,2013-12-31,C:\GoogleDrive\TP\07_backtest_code\runs\ad_hoc\nasx_gy_20260711_002100_s01\official_runs\2026-07-11_002527_research_NASDAQ-COMP_nasdaq_ext_family_subset_5e72aced904e_Worst_2013-12-31,earnings_yield_improvement + growth_confirmation + capital_efficiency + intangible_investment,family_subset,family_subset,,0.9489990788379878,42239.0,2013-12-31,2026-06-30,502.8452380952381,"validated theme subset: earnings_yield_improvement, growth_confirmation, capital_efficiency, intangible_investment",3206.0,69.43708609271523,0.2040772990638117,True,0.1371784994929941,0.2201286368919721,0.6231742558798212,-0.3307207946358359,-0.5634053652922686,-0.0641720334714552,-0.6358664267640839,0.1026901919745007,-0.6425756067347782,-0.1644524422002894,0.4166666666666667,C:\GoogleDrive\TP\07_backtest_code\runs\ad_hoc\nasx_gy_20260711_002100_s01\official_runs\2026-07-11_002527_research_NASDAQ-COMP_nasdaq_ext_family_subset_5e72aced904e_Worst_2013-12-31\perf_ptf.parquet,C:\GoogleDrive\TP\07_backtest_code\runs\ad_hoc\nasx_gy_20260711_002100_s01\official_runs\2026-07-11_002527_research_NASDAQ-COMP_nasdaq_ext_family_subset_5e72aced904e_Worst_2013-12-31\perf_bench.parquet,2.7024251410465743,-0.2699446117034131,-0.5634053652922686,1.1846114057986763,,,,,,,,,,,,,,,,,,,,,,,,,,,,,,,,,,,,,,,,,
nasdaq,new,synergy_performance_summary,C:\GoogleDrive\TP\07_backtest_code\runs\ad_hoc\nasdaq_tech_factor_extension_20260710\synergy_performance_summary.csv,NASDAQ COMP,nasdaq_ext_family_subset_6265928de533,Top,success,Run termine avec succes,2014-03-31,C:\GoogleDrive\TP\07_backtest_code\runs\ad_hoc\nasx_gy_20260710_235429_s02\official_runs\2026-07-11_000716_research_NASDAQ-COMP_nasdaq_ext_subset_earnings_yield_improvement_capital_efficiency_intangible_investment_Top_2014-03-31,earnings_yield_improvement + capital_efficiency + intangible_investment,family_subset,family_subset,,0.8281471163135545,36860.0,2014-03-31,2026-06-30,438.8095238095238,"validated theme subset: earnings_yield_improvement, capital_efficiency, intangible_investment",3142.0,70.47972972972973,0.2041686653638453,True,0.2370689658138656,0.2711521680644765,0.8743023059933402,-0.3872391414272741,0.2221437234407677,0.0165120231111031,-0.368897642377725,0.1177584184533728,0.2348051066628271,-0.0986157484855966,0.5833333333333334,C:\GoogleDrive\TP\07_backtest_code\runs\ad_hoc\nasx_gy_20260710_235429_s02\official_runs\2026-07-11_000716_research_NASDAQ-COMP_nasdaq_ext_subset_earnings_yield_improvement_capital_efficiency_intangible_investment_Top_2014-03-31\perf_ptf.parquet,C:\GoogleDrive\TP\07_backtest_code\runs\ad_hoc\nasx_gy_20260710_235429_s02\official_runs\2026-07-11_000716_research_NASDAQ-COMP_nasdaq_ext_subset_earnings_yield_improvement_capital_efficiency_intangible_investment_Top_2014-03-31\perf_bench.parquet,1.657662236230034,-0.3443465315258305,-0.5401433234140348,0.0968053898613651,,,,,,,,,,,,,,,,,,,,,,,,,,,,,,,,,,,,,,,,,
nasdaq,new,synergy_performance_summary,C:\GoogleDrive\TP\07_backtest_code\runs\ad_hoc\nasdaq_tech_factor_extension_20260710\synergy_performance_summary.csv,NASDAQ COMP,nasdaq_ext_family_subset_6265928de533,Worst,success,Run termine avec succes,2014-03-31,C:\GoogleDrive\TP\07_backtest_code\runs\ad_hoc\nasx_gy_20260710_235429_s02\official_runs\2026-07-11_000810_research_NASDAQ-COMP_nasdaq_ext_subset_earnings_yield_improvement_capital_efficiency_intangible_investment_Worst_2014-03-31,earnings_yield_improvement + capital_efficiency + intangible_investment,family_subset,family_subset,,0.8281471163135545,36860.0,2014-03-31,2026-06-30,438.8095238095238,"validated theme subset: earnings_yield_improvement, capital_efficiency, intangible_investment",3142.0,70.47972972972973,0.2175200124001679,True,0.1421902478684589,0.2231013130265595,0.6373348768751155,-0.3301846996933988,-0.5401433234140348,-0.0614507745938912,-0.5994673197021934,0.1004704645417504,-0.6246916648117948,-0.1634734204660316,0.4166666666666667,C:\GoogleDrive\TP\07_backtest_code\runs\ad_hoc\nasx_gy_20260710_235429_s02\official_runs\2026-07-11_000810_research_NASDAQ-COMP_nasdaq_ext_subset_earnings_yield_improvement_capital_efficiency_intangible_investment_Worst_2014-03-31\perf_ptf.parquet,C:\GoogleDrive\TP\07_backtest_code\runs\ad_hoc\nasx_gy_20260710_235429_s02\official_runs\2026-07-11_000810_research_NASDAQ-COMP_nasdaq_ext_subset_earnings_yield_improvement_capital_efficiency_intangible_investment_Worst_2014-03-31\perf_bench.parquet,1.657662236230034,-0.3443465315258305,-0.5401433234140348,0.0968053898613651,,,,,,,,,,,,,,,,,,,,,,,,,,,,,,,,,,,,,,,,,
nasdaq,new,synergy_performance_summary,C:\GoogleDrive\TP\07_backtest_code\runs\ad_hoc\nasdaq_tech_factor_extension_20260710\synergy_performance_summary.csv,NASDAQ COMP,nasdaq_ext_family_subset_642039f1e411,Top,success,Run termine avec succes,2013-12-31,C:\GoogleDrive\TP\07_backtest_code\runs\ad_hoc\nasx_gy_20260710_235429_s02\official_runs\2026-07-11_000205_research_NASDAQ-COMP_nasdaq_ext_subset_revision_growth_confirmation_intangible_investment_Top_2013-12-31,revision + growth_confirmation + intangible_investment,family_subset,family_subset,,0.9167359410456312,40803.0,2013-12-31,2026-06-30,485.75,"validated theme subset: revision, growth_confirmation, intangible_investment",3206.0,69.43708609271523,0.1742403712125677,True,0.244555483880448,0.2732718578674235,0.8949164608054624,-0.3782634327743169,0.3481069348830199,0.0241926207988107,-0.3230468613929628,0.1265832303375393,0.2838107782386892,-0.1142058170418199,0.75,C:\GoogleDrive\TP\07_backtest_code\runs\ad_hoc\nasx_gy_20260710_235429_s02\official_runs\2026-07-11_000205_research_NASDAQ-COMP_nasdaq_ext_subset_revision_growth_confirmation_intangible_investment_Top_2013-12-31\perf_ptf.parquet,C:\GoogleDrive\TP\07_backtest_code\runs\ad_hoc\nasx_gy_20260710_235429_s02\official_runs\2026-07-11_000205_research_NASDAQ-COMP_nasdaq_ext_subset_revision_growth_confirmation_intangible_investment_Top_2013-12-31\perf_bench.parquet,2.2802026174124643,-0.3485389000042014,-0.5890171760345546,0.6013254734239671,,,,,,,,,,,,,,,,,,,,,,,,,,,,,,,,,,,,,,,,,
nasdaq,new,synergy_performance_summary,C:\GoogleDrive\TP\07_backtest_code\runs\ad_hoc\nasdaq_tech_factor_extension_20260710\synergy_performance_summary.csv,NASDAQ COMP,nasdaq_ext_family_subset_642039f1e411,Worst,success,Run termine avec succes,2013-12-31,C:\GoogleDrive\TP\07_backtest_code\runs\ad_hoc\nasx_gy_20260710_235429_s02\official_runs\2026-07-11_000258_research_NASDAQ-COMP_nasdaq_ext_subset_revision_growth_confirmation_intangible_investment_Worst_2013-12-31,revision + growth_confirmation + intangible_investment,family_subset,family_subset,,0.9167359410456312,40803.0,2013-12-31,2026-06-30,485.75,"validated theme subset: revision, growth_confirmation, intangible_investment",3206.0,69.43708609271523,0.1945538080433434,True,0.1316900937617489,0.2137291668810703,0.6161540592867601,-0.3393407919644426,-0.5890171760345546,-0.0686886538412959,-0.6534676320476112,0.1135361841609326,-0.6353507945054204,-0.166082709531581,0.25,C:\GoogleDrive\TP\07_backtest_code\runs\ad_hoc\nasx_gy_20260710_235429_s02\official_runs\2026-07-11_000258_research_NASDAQ-COMP_nasdaq_ext_subset_revision_growth_confirmation_intangible_investment_Worst_2013-12-31\perf_ptf.parquet,C:\GoogleDrive\TP\07_backtest_code\runs\ad_hoc\nasx_gy_20260710_235429_s02\official_runs\2026-07-11_000258_research_NASDAQ-COMP_nasdaq_ext_subset_revision_growth_confirmation_intangible_investment_Worst_2013-12-31\perf_bench.parquet,2.2802026174124643,-0.3485389000042014,-0.5890171760345546,0.6013254734239671,,,,,,,,,,,,,,,,,,,,,,,,,,,,,,,,,,,,,,,,,
nasdaq,new,synergy_performance_summary,C:\GoogleDrive\TP\07_backtest_code\runs\ad_hoc\nasdaq_tech_factor_extension_20260710\synergy_performance_summary.csv,NASDAQ COMP,nasdaq_ext_family_subset_65e1714744f3,Top,success,Run termine avec succes,2014-07-31,C:\GoogleDrive\TP\07_backtest_code\runs\ad_hoc\nasx_gy_20260710_235429_s00\official_runs\2026-07-11_000859_research_NASDAQ-COMP_nasdaq_ext_subset_growth_confirmation_capital_efficiency_residual_risk_Top_2014-07-31,growth_confirmation + capital_efficiency + residual_risk,family_subset,family_subset,,0.7674627603406052,34159.0,2014-07-31,2026-06-30,406.6547619047619,"validated theme subset: growth_confirmation, capital_efficiency, residual_risk",3057.0,71.9375,0.1418264315488519,True,0.2388032140766753,0.2714630390705377,0.8796896067115203,-0.3816187328306459,0.2747057308473373,0.0205888045680986,-0.3196644473258635,0.1176599641981543,0.2660418401152881,-0.103985791007941,0.6666666666666666,C:\GoogleDrive\TP\07_backtest_code\runs\ad_hoc\nasx_gy_20260710_235429_s00\official_runs\2026-07-11_000859_research_NASDAQ-COMP_nasdaq_ext_subset_growth_confirmation_capital_efficiency_residual_risk_Top_2014-07-31\perf_ptf.parquet,C:\GoogleDrive\TP\07_backtest_code\runs\ad_hoc\nasx_gy_20260710_235429_s00\official_runs\2026-07-11_000859_research_NASDAQ-COMP_nasdaq_ext_subset_growth_confirmation_capital_efficiency_residual_risk_Top_2014-07-31\perf_bench.parquet,1.8642739830893769,-0.3313942337787816,-0.5549637575269764,0.3458680725342032,,,,,,,,,,,,,,,,,,,,,,,,,,,,,,,,,,,,,,,,,
nasdaq,new,synergy_performance_summary,C:\GoogleDrive\TP\07_backtest_code\runs\ad_hoc\nasdaq_tech_factor_extension_20260710\synergy_performance_summary.csv,NASDAQ COMP,nasdaq_ext_family_subset_65e1714744f3,Worst,success,Run termine avec succes,2014-07-31,C:\GoogleDrive\TP\07_backtest_code\runs\ad_hoc\nasx_gy_20260710_235429_s00\official_runs\2026-07-11_000952_research_NASDAQ-COMP_nasdaq_ext_subset_growth_confirmation_capital_efficiency_residual_risk_Worst_2014-07-31,growth_confirmation + capital_efficiency + residual_risk,family_subset,family_subset,,0.7674627603406052,34159.0,2014-07-31,2026-06-30,406.6547619047619,"validated theme subset: growth_confirmation, capital_efficiency, residual_risk",3057.0,71.9375,0.1597494020618729,True,0.1340412700504558,0.2241879682841937,0.597896805418823,-0.3301124447608853,-0.5549637575269764,-0.0657193886969953,-0.6253945253697599,0.1151396743270646,-0.5850979449855611,-0.1541721935036248,0.25,C:\GoogleDrive\TP\07_backtest_code\runs\ad_hoc\nasx_gy_20260710_235429_s00\official_runs\2026-07-11_000952_research_NASDAQ-COMP_nasdaq_ext_subset_growth_confirmation_capital_efficiency_residual_risk_Worst_2014-07-31\perf_ptf.parquet,C:\GoogleDrive\TP\07_backtest_code\runs\ad_hoc\nasx_gy_20260710_235429_s00\official_runs\2026-07-11_000952_research_NASDAQ-COMP_nasdaq_ext_subset_growth_confirmation_capital_efficiency_residual_risk_Worst_2014-07-31\perf_bench.parquet,1.8642739830893769,-0.3313942337787816,-0.5549637575269764,0.3458680725342032,,,,,,,,,,,,,,,,,,,,,,,,,,,,,,,,,,,,,,,,,
nasdaq,new,synergy_performance_summary,C:\GoogleDrive\TP\07_backtest_code\runs\ad_hoc\nasdaq_tech_factor_extension_20260710\synergy_performance_summary.csv,NASDAQ COMP,nasdaq_ext_family_subset_66c60a8df0dc,Top,success,Run termine avec succes,2014-01-31,C:\GoogleDrive\TP\07_backtest_code\runs\ad_hoc\nasx_gy_20260711_002100_s02\official_runs\2026-07-11_002210_research_NASDAQ-COMP_nasdaq_ext_family_subset_66c60a8df0dc_Top_2014-01-31,quality_improvement + earnings_yield_improvement + capital_efficiency + intangible_investment,family_subset,family_subset,,0.9261273000966096,41221.0,2014-01-31,2026-06-30,490.7261904761905,"validated theme subset: quality_improvement, earnings_yield_improvement, capital_efficiency, intangible_investment",3184.0,69.78,0.2284388355353417,True,0.2628700166034587,0.2670469751493337,0.9843587123818228,-0.3591642423807909,0.5553429299131614,0.0362390455361114,-0.284976543812771,0.1135184714411359,0.4022082036799932,-0.0739125477275266,0.6666666666666666,C:\GoogleDrive\TP\07_backtest_code\runs\ad_hoc\nasx_gy_20260711_002100_s02\official_runs\2026-07-11_002210_research_NASDAQ-COMP_nasdaq_ext_family_subset_66c60a8df0dc_Top_2014-01-31\perf_ptf.parquet,C:\GoogleDrive\TP\07_backtest_code\runs\ad_hoc\nasx_gy_20260711_002100_s02\official_runs\2026-07-11_002210_research_NASDAQ-COMP_nasdaq_ext_family_subset_66c60a8df0dc_Top_2014-01-31\perf_bench.parquet,2.42436782822768,-0.2644776536953371,-0.5458014419209906,1.010142737232797,,,,,,,,,,,,,,,,,,,,,,,,,,,,,,,,,,,,,,,,,
nasdaq,new,synergy_performance_summary,C:\GoogleDrive\TP\07_backtest_code\runs\ad_hoc\nasdaq_tech_factor_extension_20260710\synergy_performance_summary.csv,NASDAQ COMP,nasdaq_ext_family_subset_66c60a8df0dc,Worst,success,Run termine avec succes,2014-01-31,C:\GoogleDrive\TP\07_backtest_code\runs\ad_hoc\nasx_gy_20260711_002100_s02\official_runs\2026-07-11_002250_research_NASDAQ-COMP_nasdaq_ext_family_subset_66c60a8df0dc_Worst_2014-01-31,quality_improvement + earnings_yield_improvement + capital_efficiency + intangible_investment,family_subset,family_subset,,0.9261273000966096,41221.0,2014-01-31,2026-06-30,490.7261904761905,"validated theme subset: quality_improvement, earnings_yield_improvement, capital_efficiency, intangible_investment",3184.0,69.78,0.2319742366794955,True,0.1436020249275282,0.2229293117581829,0.6441594593146057,-0.3478625542875191,-0.5458014419209906,-0.0616254600997701,-0.6158545247730055,0.1016800220183795,-0.6168251137804357,-0.1831902484721183,0.3333333333333333,C:\GoogleDrive\TP\07_backtest_code\runs\ad_hoc\nasx_gy_20260711_002100_s02\official_runs\2026-07-11_002250_research_NASDAQ-COMP_nasdaq_ext_family_subset_66c60a8df0dc_Worst_2014-01-31\perf_ptf.parquet,C:\GoogleDrive\TP\07_backtest_code\runs\ad_hoc\nasx_gy_20260711_002100_s02\official_runs\2026-07-11_002250_research_NASDAQ-COMP_nasdaq_ext_family_subset_66c60a8df0dc_Worst_2014-01-31\perf_bench.parquet,2.42436782822768,-0.2644776536953371,-0.5458014419209906,1.010142737232797,,,,,,,,,,,,,,,,,,,,,,,,,,,,,,,,,,,,,,,,,
nasdaq,new,synergy_performance_summary,C:\GoogleDrive\TP\07_backtest_code\runs\ad_hoc\nasdaq_tech_factor_extension_20260710\synergy_performance_summary.csv,NASDAQ COMP,nasdaq_ext_family_subset_68b5d3139767,Top,success,Run termine avec succes,2014-03-31,C:\GoogleDrive\TP\07_backtest_code\runs\ad_hoc\nasx_gy_20260711_002100_s02\official_runs\2026-07-11_002447_research_NASDAQ-COMP_nasdaq_ext_family_subset_68b5d3139767_Top_2014-03-31,earnings_yield_improvement + growth_confirmation + capital_efficiency + residual_risk,family_subset,family_subset,,0.8972117998607023,39934.0,2014-03-31,2026-06-30,475.4047619047619,"validated theme subset: earnings_yield_improvement, growth_confirmation, capital_efficiency, residual_risk",3142.0,70.47972972972973,0.1887897533609667,True,0.2511058747696515,0.2615573993255379,0.9600411818482784,-0.3422052332954725,0.403281967615859,0.0280462925133631,-0.3281076588212616,0.1027353604190112,0.3524786029161792,-0.0937178272546153,0.6666666666666666,C:\GoogleDrive\TP\07_backtest_code\runs\ad_hoc\nasx_gy_20260711_002100_s02\official_runs\2026-07-11_002447_research_NASDAQ-COMP_nasdaq_ext_family_subset_68b5d3139767_Top_2014-03-31\perf_ptf.parquet,C:\GoogleDrive\TP\07_backtest_code\runs\ad_hoc\nasx_gy_20260711_002100_s02\official_runs\2026-07-11_002447_research_NASDAQ-COMP_nasdaq_ext_family_subset_68b5d3139767_Top_2014-03-31\perf_bench.parquet,1.7740066625439908,-0.2792602037791784,-0.4941317241361869,0.4376167935717046,,,,,,,,,,,,,,,,,,,,,,,,,,,,,,,,,,,,,,,,,
nasdaq,new,synergy_performance_summary,C:\GoogleDrive\TP\07_backtest_code\runs\ad_hoc\nasdaq_tech_factor_extension_20260710\synergy_performance_summary.csv,NASDAQ COMP,nasdaq_ext_family_subset_68b5d3139767,Worst,success,Run termine avec succes,2014-03-31,C:\GoogleDrive\TP\07_backtest_code\runs\ad_hoc\nasx_gy_20260711_002100_s02\official_runs\2026-07-11_002526_research_NASDAQ-COMP_nasdaq_ext_family_subset_68b5d3139767_Worst_2014-03-31,earnings_yield_improvement + growth_confirmation + capital_efficiency + residual_risk,family_subset,family_subset,,0.8972117998607023,39934.0,2014-03-31,2026-06-30,475.4047619047619,"validated theme subset: earnings_yield_improvement, growth_confirmation, capital_efficiency, residual_risk",3142.0,70.47972972972973,0.2070826545199653,True,0.1511170750345107,0.2233877649078793,0.6764787458114746,-0.3133419259276225,-0.4941317241361869,-0.0541155108428063,-0.5823906074193619,0.1038244765238413,-0.5301275532853956,-0.1612593668704434,0.4166666666666667,C:\GoogleDrive\TP\07_backtest_code\runs\ad_hoc\nasx_gy_20260711_002100_s02\official_runs\2026-07-11_002526_research_NASDAQ-COMP_nasdaq_ext_family_subset_68b5d3139767_Worst_2014-03-31\perf_ptf.parquet,C:\GoogleDrive\TP\07_backtest_code\runs\ad_hoc\nasx_gy_20260711_002100_s02\official_runs\2026-07-11_002526_research_NASDAQ-COMP_nasdaq_ext_family_subset_68b5d3139767_Worst_2014-03-31\perf_bench.parquet,1.7740066625439908,-0.2792602037791784,-0.4941317241361869,0.4376167935717046,,,,,,,,,,,,,,,,,,,,,,,,,,,,,,,,,,,,,,,,,
nasdaq,new,synergy_performance_summary,C:\GoogleDrive\TP\07_backtest_code\runs\ad_hoc\nasdaq_tech_factor_extension_20260710\synergy_performance_summary.csv,NASDAQ COMP,nasdaq_ext_family_subset_68e2797a58a3,Top,success,Run termine avec succes,2014-01-31,C:\GoogleDrive\TP\07_backtest_code\runs\ad_hoc\nasx_gy_20260710_235429_s05\official_runs\2026-07-10_235838_research_NASDAQ-COMP_nasdaq_ext_subset_revision_quality_improvement_growth_confirmation_Top_2014-01-31,revision + quality_improvement + growth_confirmation,family_subset,family_subset,,0.9163315284549192,40785.0,2014-01-31,2026-06-30,485.5357142857143,"validated theme subset: revision, quality_improvement, growth_confirmation",3184.0,69.78,0.208002958044923,True,0.2403782014111395,0.2682248870220236,0.8961815739022099,-0.404087064028187,0.2444803939749293,0.0177835459194934,-0.4037792137068858,0.1254621961209199,0.2261099501819766,-0.1460606306626742,0.75,C:\GoogleDrive\TP\07_backtest_code\runs\ad_hoc\nasx_gy_20260710_235429_s05\official_runs\2026-07-10_235838_research_NASDAQ-COMP_nasdaq_ext_subset_revision_quality_improvement_growth_confirmation_Top_2014-01-31\perf_ptf.parquet,C:\GoogleDrive\TP\07_backtest_code\runs\ad_hoc\nasx_gy_20260710_235429_s05\official_runs\2026-07-10_235838_research_NASDAQ-COMP_nasdaq_ext_subset_revision_quality_improvement_growth_confirmation_Top_2014-01-31\perf_bench.parquet,2.816386397549894,-0.3566813323974147,-0.673911322298528,0.5735923385525105,,,,,,,,,,,,,,,,,,,,,,,,,,,,,,,,,,,,,,,,,
nasdaq,new,synergy_performance_summary,C:\GoogleDrive\TP\07_backtest_code\runs\ad_hoc\nasdaq_tech_factor_extension_20260710\synergy_performance_summary.csv,NASDAQ COMP,nasdaq_ext_family_subset_68e2797a58a3,Worst,success,Run termine avec succes,2014-01-31,C:\GoogleDrive\TP\07_backtest_code\runs\ad_hoc\nasx_gy_20260710_235429_s05\official_runs\2026-07-10_235933_research_NASDAQ-COMP_nasdaq_ext_subset_revision_quality_improvement_growth_confirmation_Worst_2014-01-31,revision + quality_improvement + growth_confirmation,family_subset,family_subset,,0.9163315284549192,40785.0,2014-01-31,2026-06-30,485.5357142857143,"validated theme subset: revision, quality_improvement, growth_confirmation",3184.0,69.78,0.2201177102293288,True,0.1134653182553815,0.2152443795307624,0.5271464857885649,-0.316434739413072,-0.673911322298528,-0.0863539212612271,-0.7068959217890405,0.1092975457573996,-0.829692018966336,-0.1932546195124405,0.1666666666666666,C:\GoogleDrive\TP\07_backtest_code\runs\ad_hoc\nasx_gy_20260710_235429_s05\official_runs\2026-07-10_235933_research_NASDAQ-COMP_nasdaq_ext_subset_revision_quality_improvement_growth_confirmation_Worst_2014-01-31\perf_ptf.parquet,C:\GoogleDrive\TP\07_backtest_code\runs\ad_hoc\nasx_gy_20260710_235429_s05\official_runs\2026-07-10_235933_research_NASDAQ-COMP_nasdaq_ext_subset_revision_quality_improvement_growth_confirmation_Worst_2014-01-31\perf_bench.parquet,2.816386397549894,-0.3566813323974147,-0.673911322298528,0.5735923385525105,,,,,,,,,,,,,,,,,,,,,,,,,,,,,,,,,,,,,,,,,
nasdaq,new,synergy_performance_summary,C:\GoogleDrive\TP\07_backtest_code\runs\ad_hoc\nasdaq_tech_factor_extension_20260710\synergy_performance_summary.csv,NASDAQ COMP,nasdaq_ext_family_subset_6b42bd988460,Top,success,Run termine avec succes,2013-12-31,C:\GoogleDrive\TP\07_backtest_code\runs\ad_hoc\nasx_gy_20260711_002100_s02\official_runs\2026-07-11_002841_research_NASDAQ-COMP_nasdaq_ext_family_subset_6b42bd988460_Top_2013-12-31,revision + quality_improvement + growth_confirmation + intangible_investment + residual_risk,family_subset,family_subset,,0.9529982700128063,42417.0,2013-12-31,2026-06-30,504.9642857142857,"validated theme subset: revision, quality_improvement, growth_confirmation, intangible_investment, residual_risk",3206.0,69.43708609271523,0.1947959256103835,True,0.2390980767981194,0.2680803837101835,0.891889490342582,-0.3971136099587669,0.2760731939560159,0.0197015104105549,-0.3469561376663364,0.1211628565984999,0.2493964964471601,-0.1142124578738065,0.75,C:\GoogleDrive\TP\07_backtest_code\runs\ad_hoc\nasx_gy_20260711_002100_s02\official_runs\2026-07-11_002841_research_NASDAQ-COMP_nasdaq_ext_family_subset_6b42bd988460_Top_2013-12-31\perf_ptf.parquet,C:\GoogleDrive\TP\07_backtest_code\runs\ad_hoc\nasx_gy_20260711_002100_s02\official_runs\2026-07-11_002841_research_NASDAQ-COMP_nasdaq_ext_family_subset_6b42bd988460_Top_2013-12-31\perf_bench.parquet,2.996103531016941,-0.3130065109698839,-0.6806706372716833,0.8448373696595071,,,,,,,,,,,,,,,,,,,,,,,,,,,,,,,,,,,,,,,,,
nasdaq,new,synergy_performance_summary,C:\GoogleDrive\TP\07_backtest_code\runs\ad_hoc\nasdaq_tech_factor_extension_20260710\synergy_performance_summary.csv,NASDAQ COMP,nasdaq_ext_family_subset_6b42bd988460,Worst,success,Run termine avec succes,2013-12-31,C:\GoogleDrive\TP\07_backtest_code\runs\ad_hoc\nasx_gy_20260711_002100_s02\official_runs\2026-07-11_002922_research_NASDAQ-COMP_nasdaq_ext_family_subset_6b42bd988460_Worst_2013-12-31,revision + quality_improvement + growth_confirmation + intangible_investment + residual_risk,family_subset,family_subset,,0.9529982700128063,42417.0,2013-12-31,2026-06-30,504.9642857142857,"validated theme subset: revision, quality_improvement, growth_confirmation, intangible_investment, residual_risk",3206.0,69.43708609271523,0.2000542620923726,True,0.1090665514165993,0.2175618694988551,0.5013128066413003,-0.3614396337143162,-0.6806706372716833,-0.0873064378021895,-0.7292158832227209,0.1131602067402204,-0.8055716698769818,-0.2087134498399886,0.1666666666666666,C:\GoogleDrive\TP\07_backtest_code\runs\ad_hoc\nasx_gy_20260711_002100_s02\official_runs\2026-07-11_002922_research_NASDAQ-COMP_nasdaq_ext_family_subset_6b42bd988460_Worst_2013-12-31\perf_ptf.parquet,C:\GoogleDrive\TP\07_backtest_code\runs\ad_hoc\nasx_gy_20260711_002100_s02\official_runs\2026-07-11_002922_research_NASDAQ-COMP_nasdaq_ext_family_subset_6b42bd988460_Worst_2013-12-31\perf_bench.parquet,2.996103531016941,-0.3130065109698839,-0.6806706372716833,0.8448373696595071,,,,,,,,,,,,,,,,,,,,,,,,,,,,,,,,,,,,,,,,,
nasdaq,new,synergy_performance_summary,C:\GoogleDrive\TP\07_backtest_code\runs\ad_hoc\nasdaq_tech_factor_extension_20260710\synergy_performance_summary.csv,NASDAQ COMP,nasdaq_ext_family_subset_6d4a526f5c6c,Top,success,Run termine avec succes,2013-12-31,C:\GoogleDrive\TP\07_backtest_code\runs\ad_hoc\nasx_gy_20260710_235429_s01\official_runs\2026-07-11_001213_research_NASDAQ-COMP_nasdaq_ext_subset_revision_earnings_yield_improvement_growth_confirmation_capital_efficiency_Top_2013-12-31,revision + earnings_yield_improvement + growth_confirmation + capital_efficiency,family_subset,family_subset,,0.9573120043137344,42609.0,2013-12-31,2026-06-30,507.25,"validated theme subset: revision, earnings_yield_improvement, growth_confirmation, capital_efficiency",3206.0,69.43708609271523,0.1947667491100342,True,0.2567041421087879,0.2799794068463799,0.9168679403969064,-0.393296329770861,0.5220901312521802,0.0341902193560699,-0.3480072482813255,0.1237373697594632,0.3827906938988143,-0.1097084901471143,0.6666666666666666,C:\GoogleDrive\TP\07_backtest_code\runs\ad_hoc\nasx_gy_20260710_235429_s01\official_runs\2026-07-11_001213_research_NASDAQ-COMP_nasdaq_ext_subset_revision_earnings_yield_improvement_growth_confirmation_capital_efficiency_Top_2013-12-31\perf_ptf.parquet,C:\GoogleDrive\TP\07_backtest_code\runs\ad_hoc\nasx_gy_20260710_235429_s01\official_runs\2026-07-11_001213_research_NASDAQ-COMP_nasdaq_ext_subset_revision_earnings_yield_improvement_growth_confirmation_capital_efficiency_Top_2013-12-31\perf_bench.parquet,1.9087479086964048,-0.3596143450133057,-0.4767198193072959,0.547003729131154,,,,,,,,,,,,,,,,,,,,,,,,,,,,,,,,,,,,,,,,,
nasdaq,new,synergy_performance_summary,C:\GoogleDrive\TP\07_backtest_code\runs\ad_hoc\nasdaq_tech_factor_extension_20260710\synergy_performance_summary.csv,NASDAQ COMP,nasdaq_ext_family_subset_6d4a526f5c6c,Worst,success,Run termine avec succes,2013-12-31,C:\GoogleDrive\TP\07_backtest_code\runs\ad_hoc\nasx_gy_20260710_235429_s01\official_runs\2026-07-11_001300_research_NASDAQ-COMP_nasdaq_ext_subset_revision_earnings_yield_improvement_growth_confirmation_capital_efficiency_Worst_2013-12-31,revision + earnings_yield_improvement + growth_confirmation + capital_efficiency,family_subset,family_subset,,0.9573120043137344,42609.0,2013-12-31,2026-06-30,507.25,"validated theme subset: revision, earnings_yield_improvement, growth_confirmation, capital_efficiency",3206.0,69.43708609271523,0.2217473436047465,True,0.1537809171072022,0.2179898157139196,0.7054500073940043,-0.2881316038403738,-0.4767198193072959,-0.0505092648539612,-0.5543267783091226,0.1002590224132011,-0.5206648147562629,-0.1625945455577468,0.4166666666666667,C:\GoogleDrive\TP\07_backtest_code\runs\ad_hoc\nasx_gy_20260710_235429_s01\official_runs\2026-07-11_001300_research_NASDAQ-COMP_nasdaq_ext_subset_revision_earnings_yield_improvement_growth_confirmation_capital_efficiency_Worst_2013-12-31\perf_ptf.parquet,C:\GoogleDrive\TP\07_backtest_code\runs\ad_hoc\nasx_gy_20260710_235429_s01\official_runs\2026-07-11_001300_research_NASDAQ-COMP_nasdaq_ext_subset_revision_earnings_yield_improvement_growth_confirmation_capital_efficiency_Worst_2013-12-31\perf_bench.parquet,1.9087479086964048,-0.3596143450133057,-0.4767198193072959,0.547003729131154,,,,,,,,,,,,,,,,,,,,,,,,,,,,,,,,,,,,,,,,,
nasdaq,new,synergy_performance_summary,C:\GoogleDrive\TP\07_backtest_code\runs\ad_hoc\nasdaq_tech_factor_extension_20260710\synergy_performance_summary.csv,NASDAQ COMP,nasdaq_ext_family_subset_720993387dfc,Top,success,Run termine avec succes,2013-12-31,C:\GoogleDrive\TP\07_backtest_code\runs\ad_hoc\nasx_gy_20260710_235429_s04\official_runs\2026-07-11_001040_research_NASDAQ-COMP_nasdaq_ext_subset_revision_quality_improvement_capital_efficiency_intangible_investment_Top_2013-12-31,revision + quality_improvement + capital_efficiency + intangible_investment,family_subset,family_subset,,0.9525938574220943,42399.0,2013-12-31,2026-06-30,504.75,"validated theme subset: revision, quality_improvement, capital_efficiency, intangible_investment",3206.0,69.43708609271523,0.2048715293864235,True,0.2556105902489656,0.2848064036632127,0.8974889151412075,-0.4121771896028842,0.5056224994887746,0.0332902934308725,-0.3220747642224685,0.1295646823512418,0.3692730369566906,-0.0829128915064773,0.75,C:\GoogleDrive\TP\07_backtest_code\runs\ad_hoc\nasx_gy_20260710_235429_s04\official_runs\2026-07-11_001040_research_NASDAQ-COMP_nasdaq_ext_subset_revision_quality_improvement_capital_efficiency_intangible_investment_Top_2013-12-31\perf_ptf.parquet,C:\GoogleDrive\TP\07_backtest_code\runs\ad_hoc\nasx_gy_20260710_235429_s04\official_runs\2026-07-11_001040_research_NASDAQ-COMP_nasdaq_ext_subset_revision_quality_improvement_capital_efficiency_intangible_investment_Top_2013-12-31\perf_bench.parquet,3.671291484873704,-0.3456483426380092,-0.677686030862302,1.4846411396229704,,,,,,,,,,,,,,,,,,,,,,,,,,,,,,,,,,,,,,,,,
nasdaq,new,synergy_performance_summary,C:\GoogleDrive\TP\07_backtest_code\runs\ad_hoc\nasdaq_tech_factor_extension_20260710\synergy_performance_summary.csv,NASDAQ COMP,nasdaq_ext_family_subset_720993387dfc,Worst,success,Run termine avec succes,2013-12-31,C:\GoogleDrive\TP\07_backtest_code\runs\ad_hoc\nasx_gy_20260710_235429_s04\official_runs\2026-07-11_001128_research_NASDAQ-COMP_nasdaq_ext_subset_revision_quality_improvement_capital_efficiency_intangible_investment_Worst_2013-12-31,revision + quality_improvement + capital_efficiency + intangible_investment,family_subset,family_subset,,0.9525938574220943,42399.0,2013-12-31,2026-06-30,504.75,"validated theme subset: revision, quality_improvement, capital_efficiency, intangible_investment",3206.0,69.43708609271523,0.208425400956107,True,0.1098925710779881,0.2185342003160343,0.5028621191514483,-0.3710620447477166,-0.677686030862302,-0.0866266744225841,-0.7263108756375892,0.1120531837572043,-0.8051360382110204,-0.2020993910124594,0.1666666666666666,C:\GoogleDrive\TP\07_backtest_code\runs\ad_hoc\nasx_gy_20260710_235429_s04\official_runs\2026-07-11_001128_research_NASDAQ-COMP_nasdaq_ext_subset_revision_quality_improvement_capital_efficiency_intangible_investment_Worst_2013-12-31\perf_ptf.parquet,C:\GoogleDrive\TP\07_backtest_code\runs\ad_hoc\nasx_gy_20260710_235429_s04\official_runs\2026-07-11_001128_research_NASDAQ-COMP_nasdaq_ext_subset_revision_quality_improvement_capital_efficiency_intangible_investment_Worst_2013-12-31\perf_bench.parquet,3.671291484873704,-0.3456483426380092,-0.677686030862302,1.4846411396229704,,,,,,,,,,,,,,,,,,,,,,,,,,,,,,,,,,,,,,,,,
nasdaq,new,synergy_performance_summary,C:\GoogleDrive\TP\07_backtest_code\runs\ad_hoc\nasdaq_tech_factor_extension_20260710\synergy_performance_summary.csv,NASDAQ COMP,nasdaq_ext_family_subset_727aa382faa2,Top,success,Run termine avec succes,2013-12-31,C:\GoogleDrive\TP\07_backtest_code\runs\ad_hoc\nasx_gy_20260711_002100_s03\official_runs\2026-07-11_003042_research_NASDAQ-COMP_nasdaq_ext_family_subset_727aa382faa2_Top_2013-12-31,revision + earnings_yield_improvement + capital_efficiency + intangible_investment + residual_risk,family_subset,family_subset,,0.9508638702284932,42322.0,2013-12-31,2026-06-30,503.8333333333333,"validated theme subset: revision, earnings_yield_improvement, capital_efficiency, intangible_investment, residual_risk",3206.0,69.43708609271523,0.2008810815740832,True,0.2545333166543058,0.270205699761608,0.941998325271712,-0.3915331407453715,0.4895604108501221,0.0324037635167606,-0.2863908326226322,0.1090493820410866,0.3939307297131325,-0.0875450217754461,0.6666666666666666,C:\GoogleDrive\TP\07_backtest_code\runs\ad_hoc\nasx_gy_20260711_002100_s03\official_runs\2026-07-11_003042_research_NASDAQ-COMP_nasdaq_ext_family_subset_727aa382faa2_Top_2013-12-31\perf_ptf.parquet,C:\GoogleDrive\TP\07_backtest_code\runs\ad_hoc\nasx_gy_20260711_002100_s03\official_runs\2026-07-11_003042_research_NASDAQ-COMP_nasdaq_ext_family_subset_727aa382faa2_Top_2013-12-31\perf_bench.parquet,2.2355850300438025,-0.2912043666122389,-0.5396318140246937,0.8379768568102262,,,,,,,,,,,,,,,,,,,,,,,,,,,,,,,,,,,,,,,,,
nasdaq,new,synergy_performance_summary,C:\GoogleDrive\TP\07_backtest_code\runs\ad_hoc\nasdaq_tech_factor_extension_20260710\synergy_performance_summary.csv,NASDAQ COMP,nasdaq_ext_family_subset_727aa382faa2,Worst,success,Run termine avec succes,2013-12-31,C:\GoogleDrive\TP\07_backtest_code\runs\ad_hoc\nasx_gy_20260711_002100_s03\official_runs\2026-07-11_003123_research_NASDAQ-COMP_nasdaq_ext_family_subset_727aa382faa2_Worst_2013-12-31,revision + earnings_yield_improvement + capital_efficiency + intangible_investment + residual_risk,family_subset,family_subset,,0.9508638702284932,42322.0,2013-12-31,2026-06-30,503.8333333333333,"validated theme subset: revision, earnings_yield_improvement, capital_efficiency, intangible_investment, residual_risk",3206.0,69.43708609271523,0.220972847171046,True,0.1420140541929417,0.2195395286176589,0.6468723654785086,-0.2968109925106208,-0.5396318140246937,-0.0601926693488421,-0.6084769564893588,0.1132866249852987,-0.5467889536389197,-0.1718855464171609,0.25,C:\GoogleDrive\TP\07_backtest_code\runs\ad_hoc\nasx_gy_20260711_002100_s03\official_runs\2026-07-11_003123_research_NASDAQ-COMP_nasdaq_ext_family_subset_727aa382faa2_Worst_2013-12-31\perf_ptf.parquet,C:\GoogleDrive\TP\07_backtest_code\runs\ad_hoc\nasx_gy_20260711_002100_s03\official_runs\2026-07-11_003123_research_NASDAQ-COMP_nasdaq_ext_family_subset_727aa382faa2_Worst_2013-12-31\perf_bench.parquet,2.2355850300438025,-0.2912043666122389,-0.5396318140246937,0.8379768568102262,,,,,,,,,,,,,,,,,,,,,,,,,,,,,,,,,,,,,,,,,
nasdaq,new,synergy_performance_summary,C:\GoogleDrive\TP\07_backtest_code\runs\ad_hoc\nasdaq_tech_factor_extension_20260710\synergy_performance_summary.csv,NASDAQ COMP,nasdaq_ext_family_subset_7c2498714906,Top,success,Run termine avec succes,2014-01-31,C:\GoogleDrive\TP\07_backtest_code\runs\ad_hoc\nasx_gy_20260711_002100_s02\official_runs\2026-07-11_002721_research_NASDAQ-COMP_nasdaq_ext_family_subset_7c2498714906_Top_2014-01-31,revision + quality_improvement + earnings_yield_improvement + capital_efficiency + residual_risk,family_subset,family_subset,,0.9339684108831922,41570.0,2014-01-31,2026-06-30,494.8809523809524,"validated theme subset: revision, quality_improvement, earnings_yield_improvement, capital_efficiency, residual_risk",3184.0,69.78,0.2091242567362545,True,0.2622498369833297,0.2719515159762781,0.9643257035794768,-0.3741126288491317,0.5458921310517821,0.0357301615423717,-0.2921037430614498,0.1154720836801291,0.4028884210889392,-0.0791165489523614,0.6666666666666666,C:\GoogleDrive\TP\07_backtest_code\runs\ad_hoc\nasx_gy_20260711_002100_s02\official_runs\2026-07-11_002721_research_NASDAQ-COMP_nasdaq_ext_family_subset_7c2498714906_Top_2014-01-31\perf_ptf.parquet,C:\GoogleDrive\TP\07_backtest_code\runs\ad_hoc\nasx_gy_20260711_002100_s02\official_runs\2026-07-11_002721_research_NASDAQ-COMP_nasdaq_ext_family_subset_7c2498714906_Top_2014-01-31\perf_bench.parquet,3.0014409328556058,-0.2450424457475951,-0.6136661375259724,1.2678164787241948,,,,,,,,,,,,,,,,,,,,,,,,,,,,,,,,,,,,,,,,,
nasdaq,new,synergy_performance_summary,C:\GoogleDrive\TP\07_backtest_code\runs\ad_hoc\nasdaq_tech_factor_extension_20260710\synergy_performance_summary.csv,NASDAQ COMP,nasdaq_ext_family_subset_7c2498714906,Worst,success,Run termine avec succes,2014-01-31,C:\GoogleDrive\TP\07_backtest_code\runs\ad_hoc\nasx_gy_20260711_002100_s02\official_runs\2026-07-11_002803_research_NASDAQ-COMP_nasdaq_ext_family_subset_7c2498714906_Worst_2014-01-31,revision + quality_improvement + earnings_yield_improvement + capital_efficiency + residual_risk,family_subset,family_subset,,0.9339684108831922,41570.0,2014-01-31,2026-06-30,494.8809523809524,"validated theme subset: revision, quality_improvement, earnings_yield_improvement, capital_efficiency, residual_risk",3184.0,69.78,0.2340294164428999,True,0.1287832614786068,0.2162122195837156,0.5956335942832454,-0.3169981149149007,-0.6136661375259724,-0.0737848914667732,-0.6593287601748072,0.1114864536207969,-0.6909776546482592,-0.1653174838526947,0.1666666666666666,C:\GoogleDrive\TP\07_backtest_code\runs\ad_hoc\nasx_gy_20260711_002100_s02\official_runs\2026-07-11_002803_research_NASDAQ-COMP_nasdaq_ext_family_subset_7c2498714906_Worst_2014-01-31\perf_ptf.parquet,C:\GoogleDrive\TP\07_backtest_code\runs\ad_hoc\nasx_gy_20260711_002100_s02\official_runs\2026-07-11_002803_research_NASDAQ-COMP_nasdaq_ext_family_subset_7c2498714906_Worst_2014-01-31\perf_bench.parquet,3.0014409328556058,-0.2450424457475951,-0.6136661375259724,1.2678164787241948,,,,,,,,,,,,,,,,,,,,,,,,,,,,,,,,,,,,,,,,,
nasdaq,new,synergy_performance_summary,C:\GoogleDrive\TP\07_backtest_code\runs\ad_hoc\nasdaq_tech_factor_extension_20260710\synergy_performance_summary.csv,NASDAQ COMP,nasdaq_ext_family_subset_7e0c8851b902,Top,success,Run termine avec succes,2014-01-31,C:\GoogleDrive\TP\07_backtest_code\runs\ad_hoc\nasx_gy_20260710_235429_s04\official_runs\2026-07-11_000902_research_NASDAQ-COMP_nasdaq_ext_subset_revision_quality_improvement_earnings_yield_improvement_capital_efficiency_Top_2014-01-31,revision + quality_improvement + earnings_yield_improvement + capital_efficiency,family_subset,family_subset,,0.9217910984295312,41028.0,2014-01-31,2026-06-30,488.4285714285714,"validated theme subset: revision, quality_improvement, earnings_yield_improvement, capital_efficiency",3184.0,69.78,0.2188418259690993,True,0.258246019634158,0.2698173740994743,0.9571141239368438,-0.3651175394252605,0.4861383164722159,0.032444857580872,-0.3068670288290531,0.1164344987602303,0.3676449779468771,-0.0830256392116066,0.6666666666666666,C:\GoogleDrive\TP\07_backtest_code\runs\ad_hoc\nasx_gy_20260710_235429_s04\official_runs\2026-07-11_000902_research_NASDAQ-COMP_nasdaq_ext_subset_revision_quality_improvement_earnings_yield_improvement_capital_efficiency_Top_2014-01-31\perf_ptf.parquet,C:\GoogleDrive\TP\07_backtest_code\runs\ad_hoc\nasx_gy_20260710_235429_s04\official_runs\2026-07-11_000902_research_NASDAQ-COMP_nasdaq_ext_subset_revision_quality_improvement_earnings_yield_improvement_capital_efficiency_Top_2014-01-31\perf_bench.parquet,2.733182512631703,-0.2999039253496964,-0.6019111545059274,1.0395353771581242,,,,,,,,,,,,,,,,,,,,,,,,,,,,,,,,,,,,,,,,,
nasdaq,new,synergy_performance_summary,C:\GoogleDrive\TP\07_backtest_code\runs\ad_hoc\nasdaq_tech_factor_extension_20260710\synergy_performance_summary.csv,NASDAQ COMP,nasdaq_ext_family_subset_7e0c8851b902,Worst,success,Run termine avec succes,2014-01-31,C:\GoogleDrive\TP\07_backtest_code\runs\ad_hoc\nasx_gy_20260710_235429_s04\official_runs\2026-07-11_000955_research_NASDAQ-COMP_nasdaq_ext_subset_revision_quality_improvement_earnings_yield_improvement_capital_efficiency_Worst_2014-01-31,revision + quality_improvement + earnings_yield_improvement + capital_efficiency,family_subset,family_subset,,0.9217910984295312,41028.0,2014-01-31,2026-06-30,488.4285714285714,"validated theme subset: revision, quality_improvement, earnings_yield_improvement, capital_efficiency",3184.0,69.78,0.2365898178791315,True,0.1315133070655427,0.2148155948956644,0.6122148958943999,-0.2847580473715236,-0.6019111545059274,-0.0715447719009566,-0.6568048979050369,0.1090636353940628,-0.687294741135585,-0.1670404990149455,0.1666666666666666,C:\GoogleDrive\TP\07_backtest_code\runs\ad_hoc\nasx_gy_20260710_235429_s04\official_runs\2026-07-11_000955_research_NASDAQ-COMP_nasdaq_ext_subset_revision_quality_improvement_earnings_yield_improvement_capital_efficiency_Worst_2014-01-31\perf_ptf.parquet,C:\GoogleDrive\TP\07_backtest_code\runs\ad_hoc\nasx_gy_20260710_235429_s04\official_runs\2026-07-11_000955_research_NASDAQ-COMP_nasdaq_ext_subset_revision_quality_improvement_earnings_yield_improvement_capital_efficiency_Worst_2014-01-31\perf_bench.parquet,2.733182512631703,-0.2999039253496964,-0.6019111545059274,1.0395353771581242,,,,,,,,,,,,,,,,,,,,,,,,,,,,,,,,,,,,,,,,,
nasdaq,new,synergy_performance_summary,C:\GoogleDrive\TP\07_backtest_code\runs\ad_hoc\nasdaq_tech_factor_extension_20260710\synergy_performance_summary.csv,NASDAQ COMP,nasdaq_ext_family_subset_7f5ba66ca4d5,Top,success,Run termine avec succes,2014-07-31,C:\GoogleDrive\TP\07_backtest_code\runs\ad_hoc\nasx_gy_20260710_235429_s01\official_runs\2026-07-11_000902_research_NASDAQ-COMP_nasdaq_ext_subset_growth_confirmation_intangible_investment_residual_risk_Top_2014-07-31,growth_confirmation + intangible_investment + residual_risk,family_subset,family_subset,,0.7672605540452493,34150.0,2014-07-31,2026-06-30,406.54761904761904,"validated theme subset: growth_confirmation, intangible_investment, residual_risk",3057.0,71.9375,0.1468900167879125,True,0.2326297704271438,0.2601490109490514,0.8942173932489135,-0.3466710497327355,0.201074414185536,0.0155028091470745,-0.2559654203331061,0.0974865886123048,0.2396136297788387,-0.0645906098641054,0.6666666666666666,C:\GoogleDrive\TP\07_backtest_code\runs\ad_hoc\nasx_gy_20260710_235429_s01\official_runs\2026-07-11_000902_research_NASDAQ-COMP_nasdaq_ext_subset_growth_confirmation_intangible_investment_residual_risk_Top_2014-07-31\perf_ptf.parquet,C:\GoogleDrive\TP\07_backtest_code\runs\ad_hoc\nasx_gy_20260710_235429_s01\official_runs\2026-07-11_000902_research_NASDAQ-COMP_nasdaq_ext_subset_growth_confirmation_intangible_investment_residual_risk_Top_2014-07-31\perf_bench.parquet,1.419004828084601,-0.2852902106510309,-0.5034840773192825,0.2365687890852141,,,,,,,,,,,,,,,,,,,,,,,,,,,,,,,,,,,,,,,,,
nasdaq,new,synergy_performance_summary,C:\GoogleDrive\TP\07_backtest_code\runs\ad_hoc\nasdaq_tech_factor_extension_20260710\synergy_performance_summary.csv,NASDAQ COMP,nasdaq_ext_family_subset_7f5ba66ca4d5,Worst,success,Run termine avec succes,2014-07-31,C:\GoogleDrive\TP\07_backtest_code\runs\ad_hoc\nasx_gy_20260710_235429_s01\official_runs\2026-07-11_000954_research_NASDAQ-COMP_nasdaq_ext_subset_growth_confirmation_intangible_investment_residual_risk_Worst_2014-07-31,growth_confirmation + intangible_investment + residual_risk,family_subset,family_subset,,0.7672605540452493,34150.0,2014-07-31,2026-06-30,406.54761904761904,"validated theme subset: growth_confirmation, intangible_investment, residual_risk",3057.0,71.9375,0.159204812326191,True,0.1445121189873133,0.2232470914758399,0.6473191566885546,-0.3148935694086411,-0.5034840773192825,-0.0570929732358074,-0.5935744488016077,0.1208428355490923,-0.4844915837713721,-0.1540533051365886,0.3333333333333333,C:\GoogleDrive\TP\07_backtest_code\runs\ad_hoc\nasx_gy_20260710_235429_s01\official_runs\2026-07-11_000954_research_NASDAQ-COMP_nasdaq_ext_subset_growth_confirmation_intangible_investment_residual_risk_Worst_2014-07-31\perf_ptf.parquet,C:\GoogleDrive\TP\07_backtest_code\runs\ad_hoc\nasx_gy_20260710_235429_s01\official_runs\2026-07-11_000954_research_NASDAQ-COMP_nasdaq_ext_subset_growth_confirmation_intangible_investment_residual_risk_Worst_2014-07-31\perf_bench.parquet,1.419004828084601,-0.2852902106510309,-0.5034840773192825,0.2365687890852141,,,,,,,,,,,,,,,,,,,,,,,,,,,,,,,,,,,,,,,,,
nasdaq,new,synergy_performance_summary,C:\GoogleDrive\TP\07_backtest_code\runs\ad_hoc\nasdaq_tech_factor_extension_20260710\synergy_performance_summary.csv,NASDAQ COMP,nasdaq_ext_family_subset_80bd0f78ca79,Top,success,Run termine avec succes,2014-01-31,C:\GoogleDrive\TP\07_backtest_code\runs\ad_hoc\nasx_gy_20260710_235429_s00\official_runs\2026-07-11_001211_research_NASDAQ-COMP_nasdaq_ext_subset_revision_quality_improvement_intangible_investment_residual_risk_Top_2014-01-31,revision + quality_improvement + intangible_investment + residual_risk,family_subset,family_subset,,0.9015704688939316,40128.0,2014-01-31,2026-06-30,477.7142857142857,"validated theme subset: revision, quality_improvement, intangible_investment, residual_risk",3184.0,69.78,0.2062511868149592,True,0.2405396913052988,0.266013006686505,0.9042403388522036,-0.3983395481289028,0.246492271333617,0.0179160553080981,-0.3317590854356612,0.1180504769485994,0.2362526584729381,-0.1108468191317764,0.6666666666666666,C:\GoogleDrive\TP\07_backtest_code\runs\ad_hoc\nasx_gy_20260710_235429_s00\official_runs\2026-07-11_001211_research_NASDAQ-COMP_nasdaq_ext_subset_revision_quality_improvement_intangible_investment_residual_risk_Top_2014-01-31\perf_ptf.parquet,C:\GoogleDrive\TP\07_backtest_code\runs\ad_hoc\nasx_gy_20260710_235429_s00\official_runs\2026-07-11_001211_research_NASDAQ-COMP_nasdaq_ext_subset_revision_quality_improvement_intangible_investment_residual_risk_Top_2014-01-31\perf_bench.parquet,2.7561758202059985,-0.3105680040539348,-0.6681485822287051,0.7321647144849179,,,,,,,,,,,,,,,,,,,,,,,,,,,,,,,,,,,,,,,,,
nasdaq,new,synergy_performance_summary,C:\GoogleDrive\TP\07_backtest_code\runs\ad_hoc\nasdaq_tech_factor_extension_20260710\synergy_performance_summary.csv,NASDAQ COMP,nasdaq_ext_family_subset_80bd0f78ca79,Worst,success,Run termine avec succes,2014-01-31,C:\GoogleDrive\TP\07_backtest_code\runs\ad_hoc\nasx_gy_20260710_235429_s00\official_runs\2026-07-11_001258_research_NASDAQ-COMP_nasdaq_ext_subset_revision_quality_improvement_intangible_investment_residual_risk_Worst_2014-01-31,revision + quality_improvement + intangible_investment + residual_risk,family_subset,family_subset,,0.9015704688939316,40128.0,2014-01-31,2026-06-30,477.7142857142857,"validated theme subset: revision, quality_improvement, intangible_investment, residual_risk",3184.0,69.78,0.2159196092683622,True,0.1150384583836703,0.2234776352122653,0.514764970885805,-0.3522253835121873,-0.6681485822287051,-0.0850630922736033,-0.7094838195032758,0.1141800027538599,-0.7661672599222246,-0.1831259756807891,0.1666666666666666,C:\GoogleDrive\TP\07_backtest_code\runs\ad_hoc\nasx_gy_20260710_235429_s00\official_runs\2026-07-11_001258_research_NASDAQ-COMP_nasdaq_ext_subset_revision_quality_improvement_intangible_investment_residual_risk_Worst_2014-01-31\perf_ptf.parquet,C:\GoogleDrive\TP\07_backtest_code\runs\ad_hoc\nasx_gy_20260710_235429_s00\official_runs\2026-07-11_001258_research_NASDAQ-COMP_nasdaq_ext_subset_revision_quality_improvement_intangible_investment_residual_risk_Worst_2014-01-31\perf_bench.parquet,2.7561758202059985,-0.3105680040539348,-0.6681485822287051,0.7321647144849179,,,,,,,,,,,,,,,,,,,,,,,,,,,,,,,,,,,,,,,,,
nasdaq,new,synergy_performance_summary,C:\GoogleDrive\TP\07_backtest_code\runs\ad_hoc\nasdaq_tech_factor_extension_20260710\synergy_performance_summary.csv,NASDAQ COMP,nasdaq_ext_family_subset_81c2dfde1af0,Top,success,Run termine avec succes,2014-07-31,C:\GoogleDrive\TP\07_backtest_code\runs\ad_hoc\nasx_gy_20260710_235429_s02\official_runs\2026-07-11_000900_research_NASDAQ-COMP_nasdaq_ext_subset_capital_efficiency_intangible_investment_residual_risk_Top_2014-07-31,capital_efficiency + intangible_investment + residual_risk,family_subset,family_subset,,0.767013413017592,34139.0,2014-07-31,2026-06-30,406.4166666666667,"validated theme subset: capital_efficiency, intangible_investment, residual_risk",3057.0,71.9375,0.1490024231125168,True,0.2404910729143909,0.2593281825667598,0.9273618876825332,-0.3493943102729046,0.2955445468578053,0.0219793481297312,-0.2565721056773782,0.0972496519623688,0.30226848862223,-0.0640994640129531,0.75,C:\GoogleDrive\TP\07_backtest_code\runs\ad_hoc\nasx_gy_20260710_235429_s02\official_runs\2026-07-11_000900_research_NASDAQ-COMP_nasdaq_ext_subset_capital_efficiency_intangible_investment_residual_risk_Top_2014-07-31\perf_ptf.parquet,C:\GoogleDrive\TP\07_backtest_code\runs\ad_hoc\nasx_gy_20260710_235429_s02\official_runs\2026-07-11_000900_research_NASDAQ-COMP_nasdaq_ext_subset_capital_efficiency_intangible_investment_residual_risk_Top_2014-07-31\perf_bench.parquet,1.4435142512876835,-0.2634298312811419,-0.4698027457073028,0.3428083451715685,,,,,,,,,,,,,,,,,,,,,,,,,,,,,,,,,,,,,,,,,
nasdaq,new,synergy_performance_summary,C:\GoogleDrive\TP\07_backtest_code\runs\ad_hoc\nasdaq_tech_factor_extension_20260710\synergy_performance_summary.csv,NASDAQ COMP,nasdaq_ext_family_subset_81c2dfde1af0,Worst,success,Run termine avec succes,2014-07-31,C:\GoogleDrive\TP\07_backtest_code\runs\ad_hoc\nasx_gy_20260710_235429_s02\official_runs\2026-07-11_000953_research_NASDAQ-COMP_nasdaq_ext_subset_capital_efficiency_intangible_investment_residual_risk_Worst_2014-07-31,capital_efficiency + intangible_investment + residual_risk,family_subset,family_subset,,0.767013413017592,34139.0,2014-07-31,2026-06-30,406.4166666666667,"validated theme subset: capital_efficiency, intangible_investment, residual_risk",3057.0,71.9375,0.1600654284436319,True,0.1508368866845459,0.2303947163783339,0.6546890009268048,-0.3177784513909617,-0.4698027457073028,-0.051882309403214,-0.5806618964866532,0.1183048567285268,-0.43529309066171,-0.1510261140900716,0.3333333333333333,C:\GoogleDrive\TP\07_backtest_code\runs\ad_hoc\nasx_gy_20260710_235429_s02\official_runs\2026-07-11_000953_research_NASDAQ-COMP_nasdaq_ext_subset_capital_efficiency_intangible_investment_residual_risk_Worst_2014-07-31\perf_ptf.parquet,C:\GoogleDrive\TP\07_backtest_code\runs\ad_hoc\nasx_gy_20260710_235429_s02\official_runs\2026-07-11_000953_research_NASDAQ-COMP_nasdaq_ext_subset_capital_efficiency_intangible_investment_residual_risk_Worst_2014-07-31\perf_bench.parquet,1.4435142512876835,-0.2634298312811419,-0.4698027457073028,0.3428083451715685,,,,,,,,,,,,,,,,,,,,,,,,,,,,,,,,,,,,,,,,,
nasdaq,new,synergy_performance_summary,C:\GoogleDrive\TP\07_backtest_code\runs\ad_hoc\nasdaq_tech_factor_extension_20260710\synergy_performance_summary.csv,NASDAQ COMP,nasdaq_ext_family_subset_8256516c7f2e,Top,success,Run termine avec succes,2013-12-31,C:\GoogleDrive\TP\07_backtest_code\runs\ad_hoc\nasx_gy_20260711_002100_s00\official_runs\2026-07-11_003003_research_NASDAQ-COMP_nasdaq_ext_family_subset_8256516c7f2e_Top_2013-12-31,revision + earnings_yield_improvement + growth_confirmation + capital_efficiency + intangible_investment,family_subset,family_subset,,0.9593790019995956,42701.0,2013-12-31,2026-06-30,508.3452380952381,"validated theme subset: revision, earnings_yield_improvement, growth_confirmation, capital_efficiency, intangible_investment",3206.0,69.43708609271523,0.1944400597716483,True,0.2564295477308891,0.2786231675680624,0.920345389685688,-0.3927693564276813,0.5179395490855319,0.033964245071115,-0.3510013609610459,0.1214549828995055,0.3850546257949613,-0.1081191546899152,0.6666666666666666,C:\GoogleDrive\TP\07_backtest_code\runs\ad_hoc\nasx_gy_20260711_002100_s00\official_runs\2026-07-11_003003_research_NASDAQ-COMP_nasdaq_ext_family_subset_8256516c7f2e_Top_2013-12-31\perf_ptf.parquet,C:\GoogleDrive\TP\07_backtest_code\runs\ad_hoc\nasx_gy_20260711_002100_s00\official_runs\2026-07-11_003003_research_NASDAQ-COMP_nasdaq_ext_family_subset_8256516c7f2e_Top_2013-12-31\perf_bench.parquet,2.231638166120389,-0.3666189959270051,-0.5302879001123346,0.7021817726342136,,,,,,,,,,,,,,,,,,,,,,,,,,,,,,,,,,,,,,,,,
nasdaq,new,synergy_performance_summary,C:\GoogleDrive\TP\07_backtest_code\runs\ad_hoc\nasdaq_tech_factor_extension_20260710\synergy_performance_summary.csv,NASDAQ COMP,nasdaq_ext_family_subset_8256516c7f2e,Worst,success,Run termine avec succes,2013-12-31,C:\GoogleDrive\TP\07_backtest_code\runs\ad_hoc\nasx_gy_20260711_002100_s00\official_runs\2026-07-11_003044_research_NASDAQ-COMP_nasdaq_ext_family_subset_8256516c7f2e_Worst_2013-12-31,revision + earnings_yield_improvement + growth_confirmation + capital_efficiency + intangible_investment,family_subset,family_subset,,0.9593790019995956,42701.0,2013-12-31,2026-06-30,508.3452380952381,"validated theme subset: revision, earnings_yield_improvement, growth_confirmation, capital_efficiency, intangible_investment",3206.0,69.43708609271523,0.2175036014197623,True,0.1438519388956884,0.2180350777166793,0.6597651185403001,-0.3101638374356851,-0.5302879001123346,-0.0586802032717467,-0.5985652808002225,0.1014886604284147,-0.5979954138568601,-0.1679919238724175,0.3333333333333333,C:\GoogleDrive\TP\07_backtest_code\runs\ad_hoc\nasx_gy_20260711_002100_s00\official_runs\2026-07-11_003044_research_NASDAQ-COMP_nasdaq_ext_family_subset_8256516c7f2e_Worst_2013-12-31\perf_ptf.parquet,C:\GoogleDrive\TP\07_backtest_code\runs\ad_hoc\nasx_gy_20260711_002100_s00\official_runs\2026-07-11_003044_research_NASDAQ-COMP_nasdaq_ext_family_subset_8256516c7f2e_Worst_2013-12-31\perf_bench.parquet,2.231638166120389,-0.3666189959270051,-0.5302879001123346,0.7021817726342136,,,,,,,,,,,,,,,,,,,,,,,,,,,,,,,,,,,,,,,,,
nasdaq,new,synergy_performance_summary,C:\GoogleDrive\TP\07_backtest_code\runs\ad_hoc\nasdaq_tech_factor_extension_20260710\synergy_performance_summary.csv,NASDAQ COMP,nasdaq_ext_family_subset_8a625d92f197,Top,success,Run termine avec succes,2014-07-31,C:\GoogleDrive\TP\07_backtest_code\runs\ad_hoc\nasx_gy_20260710_235429_s03\official_runs\2026-07-11_000715_research_NASDAQ-COMP_nasdaq_ext_subset_earnings_yield_improvement_capital_efficiency_residual_risk_Top_2014-07-31,earnings_yield_improvement + capital_efficiency + residual_risk,family_subset,family_subset,,0.7307286166842661,32524.0,2014-07-31,2026-06-30,387.1904761904762,"validated theme subset: earnings_yield_improvement, capital_efficiency, residual_risk",3057.0,71.9375,0.1978432586973562,True,0.2411433600208987,0.2592384570270436,0.930199025199964,-0.3531711532646538,0.3036811400263028,0.0225167352713702,-0.3077367842688137,0.1014195479950879,0.2946703621146246,-0.0844162983772314,0.5,C:\GoogleDrive\TP\07_backtest_code\runs\ad_hoc\nasx_gy_20260710_235429_s03\official_runs\2026-07-11_000715_research_NASDAQ-COMP_nasdaq_ext_subset_earnings_yield_improvement_capital_efficiency_residual_risk_Top_2014-07-31\perf_ptf.parquet,C:\GoogleDrive\TP\07_backtest_code\runs\ad_hoc\nasx_gy_20260710_235429_s03\official_runs\2026-07-11_000715_research_NASDAQ-COMP_nasdaq_ext_subset_earnings_yield_improvement_capital_efficiency_residual_risk_Top_2014-07-31\perf_bench.parquet,1.1560657784229145,-0.2746401961216235,-0.3953425943340656,0.0804046143278134,,,,,,,,,,,,,,,,,,,,,,,,,,,,,,,,,,,,,,,,,
nasdaq,new,synergy_performance_summary,C:\GoogleDrive\TP\07_backtest_code\runs\ad_hoc\nasdaq_tech_factor_extension_20260710\synergy_performance_summary.csv,NASDAQ COMP,nasdaq_ext_family_subset_8a625d92f197,Worst,success,Run termine avec succes,2014-07-31,C:\GoogleDrive\TP\07_backtest_code\runs\ad_hoc\nasx_gy_20260710_235429_s03\official_runs\2026-07-11_000808_research_NASDAQ-COMP_nasdaq_ext_subset_earnings_yield_improvement_capital_efficiency_residual_risk_Worst_2014-07-31,earnings_yield_improvement + capital_efficiency + residual_risk,family_subset,family_subset,,0.7307286166842661,32524.0,2014-07-31,2026-06-30,387.1904761904762,"validated theme subset: earnings_yield_improvement, capital_efficiency, residual_risk",3057.0,71.9375,0.1999154345679024,True,0.1636057140462705,0.2282405316834269,0.7168127099931318,-0.3141020835506809,-0.3953425943340656,-0.0413627029760124,-0.494951918198533,0.101854488024967,-0.4040061586347728,-0.1205357622252492,0.5,C:\GoogleDrive\TP\07_backtest_code\runs\ad_hoc\nasx_gy_20260710_235429_s03\official_runs\2026-07-11_000808_research_NASDAQ-COMP_nasdaq_ext_subset_earnings_yield_improvement_capital_efficiency_residual_risk_Worst_2014-07-31\perf_ptf.parquet,C:\GoogleDrive\TP\07_backtest_code\runs\ad_hoc\nasx_gy_20260710_235429_s03\official_runs\2026-07-11_000808_research_NASDAQ-COMP_nasdaq_ext_subset_earnings_yield_improvement_capital_efficiency_residual_risk_Worst_2014-07-31\perf_bench.parquet,1.1560657784229145,-0.2746401961216235,-0.3953425943340656,0.0804046143278134,,,,,,,,,,,,,,,,,,,,,,,,,,,,,,,,,,,,,,,,,
nasdaq,new,synergy_performance_summary,C:\GoogleDrive\TP\07_backtest_code\runs\ad_hoc\nasdaq_tech_factor_extension_20260710\synergy_performance_summary.csv,NASDAQ COMP,nasdaq_ext_family_subset_8d11279bc3d8,Top,success,Run termine avec succes,2013-12-31,C:\GoogleDrive\TP\07_backtest_code\runs\ad_hoc\nasx_gy_20260711_002100_s00\official_runs\2026-07-11_003123_research_NASDAQ-COMP_nasdaq_ext_family_subset_8d11279bc3d8_Top_2013-12-31,revision + growth_confirmation + capital_efficiency + intangible_investment + residual_risk,family_subset,family_subset,,0.957064863286077,42598.0,2013-12-31,2026-06-30,507.1190476190476,"validated theme subset: revision, growth_confirmation, capital_efficiency, intangible_investment, residual_risk",3206.0,69.43708609271523,0.1694966241475795,True,0.2313414158417492,0.2627971196424055,0.8803042291960474,-0.3589476874139492,0.1797711487982802,0.0133182554922746,-0.3395831590450318,0.1077886398358412,0.2099203866585212,-0.0967216755721314,0.6666666666666666,C:\GoogleDrive\TP\07_backtest_code\runs\ad_hoc\nasx_gy_20260711_002100_s00\official_runs\2026-07-11_003123_research_NASDAQ-COMP_nasdaq_ext_family_subset_8d11279bc3d8_Top_2013-12-31\perf_ptf.parquet,C:\GoogleDrive\TP\07_backtest_code\runs\ad_hoc\nasx_gy_20260711_002100_s00\official_runs\2026-07-11_003123_research_NASDAQ-COMP_nasdaq_ext_family_subset_8d11279bc3d8_Top_2013-12-31\perf_bench.parquet,1.5560458662451229,-0.303498833020036,-0.5384389754588461,0.0741174484228054,,,,,,,,,,,,,,,,,,,,,,,,,,,,,,,,,,,,,,,,,
nasdaq,new,synergy_performance_summary,C:\GoogleDrive\TP\07_backtest_code\runs\ad_hoc\nasdaq_tech_factor_extension_20260710\synergy_performance_summary.csv,NASDAQ COMP,nasdaq_ext_family_subset_8d11279bc3d8,Worst,success,Run termine avec succes,2013-12-31,C:\GoogleDrive\TP\07_backtest_code\runs\ad_hoc\nasx_gy_20260711_002100_s00\official_runs\2026-07-11_003205_research_NASDAQ-COMP_nasdaq_ext_family_subset_8d11279bc3d8_Worst_2013-12-31,revision + growth_confirmation + capital_efficiency + intangible_investment + residual_risk,family_subset,family_subset,,0.957064863286077,42598.0,2013-12-31,2026-06-30,507.1190476190476,"validated theme subset: revision, growth_confirmation, capital_efficiency, intangible_investment, residual_risk",3206.0,69.43708609271523,0.1868169078561064,True,0.1422505782619485,0.2156255617644422,0.659711107987042,-0.3033882405058904,-0.5384389754588461,-0.0599980245867115,-0.6305144638517455,0.1151104800918736,-0.5438238279069113,-0.1619561777819503,0.25,C:\GoogleDrive\TP\07_backtest_code\runs\ad_hoc\nasx_gy_20260711_002100_s00\official_runs\2026-07-11_003205_research_NASDAQ-COMP_nasdaq_ext_family_subset_8d11279bc3d8_Worst_2013-12-31\perf_ptf.parquet,C:\GoogleDrive\TP\07_backtest_code\runs\ad_hoc\nasx_gy_20260711_002100_s00\official_runs\2026-07-11_003205_research_NASDAQ-COMP_nasdaq_ext_family_subset_8d11279bc3d8_Worst_2013-12-31\perf_bench.parquet,1.5560458662451229,-0.303498833020036,-0.5384389754588461,0.0741174484228054,,,,,,,,,,,,,,,,,,,,,,,,,,,,,,,,,,,,,,,,,
nasdaq,new,synergy_performance_summary,C:\GoogleDrive\TP\07_backtest_code\runs\ad_hoc\nasdaq_tech_factor_extension_20260710\synergy_performance_summary.csv,NASDAQ COMP,nasdaq_ext_family_subset_911a611541da,Top,success,Run termine avec succes,2013-12-31,C:\GoogleDrive\TP\07_backtest_code\runs\ad_hoc\nasx_gy_20260711_002100_s02\official_runs\2026-07-11_003514_research_NASDAQ-COMP_nasdaq_ext_family_subset_911a611541da_Top_2013-12-31,revision + quality_improvement + earnings_yield_improvement + growth_confirmation + capital_efficiency + intangible_investment + residual_risk,family_subset,family_subset,,0.970590217708778,43200.0,2013-12-31,2026-06-30,514.2857142857143,"validated theme subset: revision, quality_improvement, earnings_yield_improvement, growth_confirmation, capital_efficiency, intangible_investment, residual_risk",3206.0,69.43708609271523,0.1912450047191183,True,0.2528905864379076,0.2698704062314668,0.9370815791524926,-0.3971136099587674,0.4653706481199522,0.0310518975795728,-0.3397897001204522,0.1231350898191478,0.3377033311987531,-0.1142124578738067,0.6666666666666666,C:\GoogleDrive\TP\07_backtest_code\runs\ad_hoc\nasx_gy_20260711_002100_s02\official_runs\2026-07-11_003514_research_NASDAQ-COMP_nasdaq_ext_family_subset_911a611541da_Top_2013-12-31\perf_ptf.parquet,C:\GoogleDrive\TP\07_backtest_code\runs\ad_hoc\nasx_gy_20260711_002100_s02\official_runs\2026-07-11_003514_research_NASDAQ-COMP_nasdaq_ext_family_subset_911a611541da_Top_2013-12-31\perf_bench.parquet,3.010297102264936,-0.322284334755058,-0.6345979834530613,1.0535922513185612,,,,,,,,,,,,,,,,,,,,,,,,,,,,,,,,,,,,,,,,,
nasdaq,new,synergy_performance_summary,C:\GoogleDrive\TP\07_backtest_code\runs\ad_hoc\nasdaq_tech_factor_extension_20260710\synergy_performance_summary.csv,NASDAQ COMP,nasdaq_ext_family_subset_911a611541da,Worst,success,Run termine avec succes,2013-12-31,C:\GoogleDrive\TP\07_backtest_code\runs\ad_hoc\nasx_gy_20260711_002100_s02\official_runs\2026-07-11_003555_research_NASDAQ-COMP_nasdaq_ext_family_subset_911a611541da_Worst_2013-12-31,revision + quality_improvement + earnings_yield_improvement + growth_confirmation + capital_efficiency + intangible_investment + residual_risk,family_subset,family_subset,,0.970590217708778,43200.0,2013-12-31,2026-06-30,514.2857142857143,"validated theme subset: revision, quality_improvement, earnings_yield_improvement, growth_confirmation, capital_efficiency, intangible_investment, residual_risk",3206.0,69.43708609271523,0.2090071076014946,True,0.1210935180304517,0.2141176733402449,0.565546580725391,-0.3290776703443563,-0.6345979834530613,-0.0774089839593968,-0.7019687241340576,0.1140033570372448,-0.7131482789172449,-0.1764862666121864,0.1666666666666666,C:\GoogleDrive\TP\07_backtest_code\runs\ad_hoc\nasx_gy_20260711_002100_s02\official_runs\2026-07-11_003555_research_NASDAQ-COMP_nasdaq_ext_family_subset_911a611541da_Worst_2013-12-31\perf_ptf.parquet,C:\GoogleDrive\TP\07_backtest_code\runs\ad_hoc\nasx_gy_20260711_002100_s02\official_runs\2026-07-11_003555_research_NASDAQ-COMP_nasdaq_ext_family_subset_911a611541da_Worst_2013-12-31\perf_bench.parquet,3.010297102264936,-0.322284334755058,-0.6345979834530613,1.0535922513185612,,,,,,,,,,,,,,,,,,,,,,,,,,,,,,,,,,,,,,,,,
nasdaq,new,synergy_performance_summary,C:\GoogleDrive\TP\07_backtest_code\runs\ad_hoc\nasdaq_tech_factor_extension_20260710\synergy_performance_summary.csv,NASDAQ COMP,nasdaq_ext_family_subset_92a5c427b8de,Top,success,Run termine avec succes,2014-01-31,C:\GoogleDrive\TP\07_backtest_code\runs\ad_hoc\nasx_gy_20260711_001615_s01\official_runs\2026-07-11_001651_research_NASDAQ-COMP_nasdaq_ext_subset_revision_quality_improvement_capital_efficiency_residual_risk_Top_2014-01-31,revision + quality_improvement + capital_efficiency + residual_risk,family_subset,family_subset,,0.929003122963895,41349.0,2014-01-31,2026-06-30,492.25,"validated theme subset: revision, quality_improvement, capital_efficiency, residual_risk",3184.0,69.78,0.199642472096925,True,0.2405469081645099,0.2679688541954381,0.8976674132026984,-0.4001984659622248,0.2465822503511239,0.0179219770507972,-0.3384924956536913,0.1213722220780122,0.2341607874464238,-0.1142927586611309,0.6666666666666666,C:\GoogleDrive\TP\07_backtest_code\runs\ad_hoc\nasx_gy_20260711_001615_s01\official_runs\2026-07-11_001651_research_NASDAQ-COMP_nasdaq_ext_subset_revision_quality_improvement_capital_efficiency_residual_risk_Top_2014-01-31\perf_ptf.parquet,C:\GoogleDrive\TP\07_backtest_code\runs\ad_hoc\nasx_gy_20260711_001615_s01\official_runs\2026-07-11_001651_research_NASDAQ-COMP_nasdaq_ext_subset_revision_quality_improvement_capital_efficiency_residual_risk_Top_2014-01-31\perf_bench.parquet,2.4609819621368576,-0.3114948464183454,-0.6398183336438232,0.5644232593730268,,,,,,,,,,,,,,,,,,,,,,,,,,,,,,,,,,,,,,,,,
nasdaq,new,synergy_performance_summary,C:\GoogleDrive\TP\07_backtest_code\runs\ad_hoc\nasdaq_tech_factor_extension_20260710\synergy_performance_summary.csv,NASDAQ COMP,nasdaq_ext_family_subset_92a5c427b8de,Worst,success,Run termine avec succes,2014-01-31,C:\GoogleDrive\TP\07_backtest_code\runs\ad_hoc\nasx_gy_20260711_001615_s01\official_runs\2026-07-11_001727_research_NASDAQ-COMP_nasdaq_ext_subset_revision_quality_improvement_capital_efficiency_residual_risk_Worst_2014-01-31,revision + quality_improvement + capital_efficiency + residual_risk,family_subset,family_subset,,0.929003122963895,41349.0,2014-01-31,2026-06-30,492.25,"validated theme subset: revision, quality_improvement, capital_efficiency, residual_risk",3184.0,69.78,0.2155223288490668,True,0.1224246563836444,0.219863532150277,0.5568211116519631,-0.3229746860973208,-0.6398183336438232,-0.0790023998309882,-0.6820431179710112,0.1123110297378425,-0.7283711153058249,-0.1792360306164779,0.25,C:\GoogleDrive\TP\07_backtest_code\runs\ad_hoc\nasx_gy_20260711_001615_s01\official_runs\2026-07-11_001727_research_NASDAQ-COMP_nasdaq_ext_subset_revision_quality_improvement_capital_efficiency_residual_risk_Worst_2014-01-31\perf_ptf.parquet,C:\GoogleDrive\TP\07_backtest_code\runs\ad_hoc\nasx_gy_20260711_001615_s01\official_runs\2026-07-11_001727_research_NASDAQ-COMP_nasdaq_ext_subset_revision_quality_improvement_capital_efficiency_residual_risk_Worst_2014-01-31\perf_bench.parquet,2.4609819621368576,-0.3114948464183454,-0.6398183336438232,0.5644232593730268,,,,,,,,,,,,,,,,,,,,,,,,,,,,,,,,,,,,,,,,,
nasdaq,new,synergy_performance_summary,C:\GoogleDrive\TP\07_backtest_code\runs\ad_hoc\nasdaq_tech_factor_extension_20260710\synergy_performance_summary.csv,NASDAQ COMP,nasdaq_ext_family_subset_9790fba4cbb8,Top,success,Run termine avec succes,2014-01-31,C:\GoogleDrive\TP\07_backtest_code\runs\ad_hoc\nasx_gy_20260710_235429_s05\official_runs\2026-07-11_000352_research_NASDAQ-COMP_nasdaq_ext_subset_quality_improvement_growth_confirmation_capital_efficiency_Top_2014-01-31,quality_improvement + growth_confirmation + capital_efficiency,family_subset,family_subset,,0.916556202116426,40795.0,2014-01-31,2026-06-30,485.6547619047619,"validated theme subset: quality_improvement, growth_confirmation, capital_efficiency",3184.0,69.78,0.1945330966324603,True,0.2469991144994103,0.2713269937291053,0.9103374165049568,-0.3844609617562056,0.329460570562861,0.0232162892493412,-0.3774701197643491,0.1267413611484727,0.2716116290339401,-0.1342431102518789,0.6666666666666666,C:\GoogleDrive\TP\07_backtest_code\runs\ad_hoc\nasx_gy_20260710_235429_s05\official_runs\2026-07-11_000352_research_NASDAQ-COMP_nasdaq_ext_subset_quality_improvement_growth_confirmation_capital_efficiency_Top_2014-01-31\perf_ptf.parquet,C:\GoogleDrive\TP\07_backtest_code\runs\ad_hoc\nasx_gy_20260710_235429_s05\official_runs\2026-07-11_000352_research_NASDAQ-COMP_nasdaq_ext_subset_quality_improvement_growth_confirmation_capital_efficiency_Top_2014-01-31\perf_bench.parquet,3.127872037876076,-0.3309793800145283,-0.6779307695674326,0.877471878571849,,,,,,,,,,,,,,,,,,,,,,,,,,,,,,,,,,,,,,,,,
nasdaq,new,synergy_performance_summary,C:\GoogleDrive\TP\07_backtest_code\runs\ad_hoc\nasdaq_tech_factor_extension_20260710\synergy_performance_summary.csv,NASDAQ COMP,nasdaq_ext_family_subset_9790fba4cbb8,Worst,success,Run termine avec succes,2014-01-31,C:\GoogleDrive\TP\07_backtest_code\runs\ad_hoc\nasx_gy_20260710_235429_s05\official_runs\2026-07-11_000445_research_NASDAQ-COMP_nasdaq_ext_subset_quality_improvement_growth_confirmation_capital_efficiency_Worst_2014-01-31,quality_improvement + growth_confirmation + capital_efficiency,family_subset,family_subset,,0.916556202116426,40795.0,2014-01-31,2026-06-30,485.6547619047619,"validated theme subset: quality_improvement, growth_confirmation, capital_efficiency",3184.0,69.78,0.1949744163153763,True,0.1123528668419653,0.2151658756186945,0.5221686130242653,-0.3431503217127895,-0.6779307695674326,-0.0872667353875328,-0.7160370639187917,0.1099212318010426,-0.8339799724547877,-0.1972412171534396,0.1666666666666666,C:\GoogleDrive\TP\07_backtest_code\runs\ad_hoc\nasx_gy_20260710_235429_s05\official_runs\2026-07-11_000445_research_NASDAQ-COMP_nasdaq_ext_subset_quality_improvement_growth_confirmation_capital_efficiency_Worst_2014-01-31\perf_ptf.parquet,C:\GoogleDrive\TP\07_backtest_code\runs\ad_hoc\nasx_gy_20260710_235429_s05\official_runs\2026-07-11_000445_research_NASDAQ-COMP_nasdaq_ext_subset_quality_improvement_growth_confirmation_capital_efficiency_Worst_2014-01-31\perf_bench.parquet,3.127872037876076,-0.3309793800145283,-0.6779307695674326,0.877471878571849,,,,,,,,,,,,,,,,,,,,,,,,,,,,,,,,,,,,,,,,,
nasdaq,new,synergy_performance_summary,C:\GoogleDrive\TP\07_backtest_code\runs\ad_hoc\nasdaq_tech_factor_extension_20260710\synergy_performance_summary.csv,NASDAQ COMP,nasdaq_ext_family_subset_9d67a6fd95b6,Top,success,Run termine avec succes,2014-03-31,C:\GoogleDrive\TP\07_backtest_code\runs\ad_hoc\nasx_gy_20260710_235429_s03\official_runs\2026-07-11_001210_research_NASDAQ-COMP_nasdaq_ext_subset_revision_earnings_yield_improvement_growth_confirmation_residual_risk_Top_2014-03-31,revision + earnings_yield_improvement + growth_confirmation + residual_risk,family_subset,family_subset,,0.8969421914668944,39922.0,2014-03-31,2026-06-30,475.2619047619048,"validated theme subset: revision, earnings_yield_improvement, growth_confirmation, residual_risk",3142.0,70.47972972972973,0.1993371889007062,True,0.2369349342164517,0.2567569812001711,0.922798410812184,-0.354860313904641,0.2205227470980306,0.0164018879981766,-0.3588836684115479,0.1003471209658428,0.2368631765926302,-0.0934190261798377,0.6666666666666666,C:\GoogleDrive\TP\07_backtest_code\runs\ad_hoc\nasx_gy_20260710_235429_s03\official_runs\2026-07-11_001210_research_NASDAQ-COMP_nasdaq_ext_subset_revision_earnings_yield_improvement_growth_confirmation_residual_risk_Top_2014-03-31\perf_ptf.parquet,C:\GoogleDrive\TP\07_backtest_code\runs\ad_hoc\nasx_gy_20260710_235429_s03\official_runs\2026-07-11_001210_research_NASDAQ-COMP_nasdaq_ext_subset_revision_earnings_yield_improvement_growth_confirmation_residual_risk_Top_2014-03-31\perf_bench.parquet,1.3883406383112802,-0.2715584004866197,-0.4889662188384386,0.0031595822848942,,,,,,,,,,,,,,,,,,,,,,,,,,,,,,,,,,,,,,,,,
nasdaq,new,synergy_performance_summary,C:\GoogleDrive\TP\07_backtest_code\runs\ad_hoc\nasdaq_tech_factor_extension_20260710\synergy_performance_summary.csv,NASDAQ COMP,nasdaq_ext_family_subset_9d67a6fd95b6,Worst,success,Run termine avec succes,2014-03-31,C:\GoogleDrive\TP\07_backtest_code\runs\ad_hoc\nasx_gy_20260710_235429_s03\official_runs\2026-07-11_001257_research_NASDAQ-COMP_nasdaq_ext_subset_revision_earnings_yield_improvement_growth_confirmation_residual_risk_Worst_2014-03-31,revision + earnings_yield_improvement + growth_confirmation + residual_risk,family_subset,family_subset,,0.8969421914668944,39922.0,2014-03-31,2026-06-30,475.2619047619048,"validated theme subset: revision, earnings_yield_improvement, growth_confirmation, residual_risk",3142.0,70.47972972972973,0.2167501530303245,True,0.1520722023615304,0.2235072479618515,0.6803904739030489,-0.2877035762464164,-0.4889662188384386,-0.0533306731026739,-0.5504801895085563,0.1023345304781409,-0.5296169968165293,-0.1509548676149668,0.3333333333333333,C:\GoogleDrive\TP\07_backtest_code\runs\ad_hoc\nasx_gy_20260710_235429_s03\official_runs\2026-07-11_001257_research_NASDAQ-COMP_nasdaq_ext_subset_revision_earnings_yield_improvement_growth_confirmation_residual_risk_Worst_2014-03-31\perf_ptf.parquet,C:\GoogleDrive\TP\07_backtest_code\runs\ad_hoc\nasx_gy_20260710_235429_s03\official_runs\2026-07-11_001257_research_NASDAQ-COMP_nasdaq_ext_subset_revision_earnings_yield_improvement_growth_confirmation_residual_risk_Worst_2014-03-31\perf_bench.parquet,1.3883406383112802,-0.2715584004866197,-0.4889662188384386,0.0031595822848942,,,,,,,,,,,,,,,,,,,,,,,,,,,,,,,,,,,,,,,,,
nasdaq,new,synergy_performance_summary,C:\GoogleDrive\TP\07_backtest_code\runs\ad_hoc\nasdaq_tech_factor_extension_20260710\synergy_performance_summary.csv,NASDAQ COMP,nasdaq_ext_family_subset_a43516f44b1a,Top,success,Run termine avec succes,2013-12-31,C:\GoogleDrive\TP\07_backtest_code\runs\ad_hoc\nasx_gy_20260711_001615_s05\official_runs\2026-07-11_001653_research_NASDAQ-COMP_nasdaq_ext_subset_revision_growth_confirmation_capital_efficiency_residual_risk_Top_2013-12-31,revision + growth_confirmation + capital_efficiency + residual_risk,family_subset,family_subset,,0.9568177222584195,42587.0,2013-12-31,2026-06-30,506.9880952380952,"validated theme subset: revision, growth_confirmation, capital_efficiency, residual_risk",3206.0,69.43708609271523,0.1730826721364573,True,0.2335783674443838,0.2709820098375229,0.8619700163285164,-0.3992390656497723,0.2068338573190913,0.0151591290846349,-0.3487319606093862,0.1252854136879728,0.2124788484334225,-0.1139772096683514,0.75,C:\GoogleDrive\TP\07_backtest_code\runs\ad_hoc\nasx_gy_20260711_001615_s05\official_runs\2026-07-11_001653_research_NASDAQ-COMP_nasdaq_ext_subset_revision_growth_confirmation_capital_efficiency_residual_risk_Top_2013-12-31\perf_ptf.parquet,C:\GoogleDrive\TP\07_backtest_code\runs\ad_hoc\nasx_gy_20260711_001615_s05\official_runs\2026-07-11_001653_research_NASDAQ-COMP_nasdaq_ext_subset_revision_growth_confirmation_capital_efficiency_residual_risk_Top_2013-12-31\perf_bench.parquet,1.728801066542537,-0.3532707185530161,-0.557742089697956,0.1345078460152629,,,,,,,,,,,,,,,,,,,,,,,,,,,,,,,,,,,,,,,,,
nasdaq,new,synergy_performance_summary,C:\GoogleDrive\TP\07_backtest_code\runs\ad_hoc\nasdaq_tech_factor_extension_20260710\synergy_performance_summary.csv,NASDAQ COMP,nasdaq_ext_family_subset_a43516f44b1a,Worst,success,Run termine avec succes,2013-12-31,C:\GoogleDrive\TP\07_backtest_code\runs\ad_hoc\nasx_gy_20260711_001615_s05\official_runs\2026-07-11_001728_research_NASDAQ-COMP_nasdaq_ext_subset_revision_growth_confirmation_capital_efficiency_residual_risk_Worst_2013-12-31,revision + growth_confirmation + capital_efficiency + residual_risk,family_subset,family_subset,,0.9568177222584195,42587.0,2013-12-31,2026-06-30,506.9880952380952,"validated theme subset: revision, growth_confirmation, capital_efficiency, residual_risk",3206.0,69.43708609271523,0.1852287259290615,True,0.1383520043869173,0.2148403342844657,0.6439759314641924,-0.3020312635255427,-0.557742089697956,-0.0632063111164503,-0.6397127636720892,0.1143397940908091,-0.5783727776646916,-0.1783225989998604,0.25,C:\GoogleDrive\TP\07_backtest_code\runs\ad_hoc\nasx_gy_20260711_001615_s05\official_runs\2026-07-11_001728_research_NASDAQ-COMP_nasdaq_ext_subset_revision_growth_confirmation_capital_efficiency_residual_risk_Worst_2013-12-31\perf_ptf.parquet,C:\GoogleDrive\TP\07_backtest_code\runs\ad_hoc\nasx_gy_20260711_001615_s05\official_runs\2026-07-11_001728_research_NASDAQ-COMP_nasdaq_ext_subset_revision_growth_confirmation_capital_efficiency_residual_risk_Worst_2013-12-31\perf_bench.parquet,1.728801066542537,-0.3532707185530161,-0.557742089697956,0.1345078460152629,,,,,,,,,,,,,,,,,,,,,,,,,,,,,,,,,,,,,,,,,
nasdaq,new,synergy_performance_summary,C:\GoogleDrive\TP\07_backtest_code\runs\ad_hoc\nasdaq_tech_factor_extension_20260710\synergy_performance_summary.csv,NASDAQ COMP,nasdaq_ext_family_subset_a738ecb04e33,Top,success,Run termine avec succes,2014-01-31,C:\GoogleDrive\TP\07_backtest_code\runs\ad_hoc\nasx_gy_20260710_235429_s03\official_runs\2026-07-11_000858_research_NASDAQ-COMP_nasdaq_ext_subset_revision_quality_improvement_earnings_yield_improvement_growth_confirmation_Top_2014-01-31,revision + quality_improvement + earnings_yield_improvement + growth_confirmation,family_subset,family_subset,,0.9218585005279832,41031.0,2014-01-31,2026-06-30,488.4642857142857,"validated theme subset: revision, quality_improvement, earnings_yield_improvement, growth_confirmation",3184.0,69.78,0.2156330418834952,True,0.2465701912099109,0.2759427204837417,0.8935557016240937,-0.3874244671730564,0.3237976987288342,0.0228643392827767,-0.3624330861243089,0.1221185210401275,0.2893943983700368,-0.1135954237349604,0.6666666666666666,C:\GoogleDrive\TP\07_backtest_code\runs\ad_hoc\nasx_gy_20260710_235429_s03\official_runs\2026-07-11_000858_research_NASDAQ-COMP_nasdaq_ext_subset_revision_quality_improvement_earnings_yield_improvement_growth_confirmation_Top_2014-01-31\perf_ptf.parquet,C:\GoogleDrive\TP\07_backtest_code\runs\ad_hoc\nasx_gy_20260710_235429_s03\official_runs\2026-07-11_000858_research_NASDAQ-COMP_nasdaq_ext_subset_revision_quality_improvement_earnings_yield_improvement_growth_confirmation_Top_2014-01-31\perf_bench.parquet,2.4203100356856617,-0.3439284091634287,-0.6129597361300448,0.5733725995479593,,,,,,,,,,,,,,,,,,,,,,,,,,,,,,,,,,,,,,,,,
nasdaq,new,synergy_performance_summary,C:\GoogleDrive\TP\07_backtest_code\runs\ad_hoc\nasdaq_tech_factor_extension_20260710\synergy_performance_summary.csv,NASDAQ COMP,nasdaq_ext_family_subset_a738ecb04e33,Worst,success,Run termine avec succes,2014-01-31,C:\GoogleDrive\TP\07_backtest_code\runs\ad_hoc\nasx_gy_20260710_235429_s03\official_runs\2026-07-11_000951_research_NASDAQ-COMP_nasdaq_ext_subset_revision_quality_improvement_earnings_yield_improvement_growth_confirmation_Worst_2014-01-31,revision + quality_improvement + earnings_yield_improvement + growth_confirmation,family_subset,family_subset,,0.9218585005279832,41031.0,2014-01-31,2026-06-30,488.4642857142857,"validated theme subset: revision, quality_improvement, earnings_yield_improvement, growth_confirmation",3184.0,69.78,0.2331302131660513,True,0.1289494629566305,0.2125116874050021,0.6067876291005129,-0.2868876493164769,-0.6129597361300448,-0.0736485160214068,-0.6570448465563172,0.1092659959042657,-0.7109507688744471,-0.164009566283855,0.1666666666666666,C:\GoogleDrive\TP\07_backtest_code\runs\ad_hoc\nasx_gy_20260710_235429_s03\official_runs\2026-07-11_000951_research_NASDAQ-COMP_nasdaq_ext_subset_revision_quality_improvement_earnings_yield_improvement_growth_confirmation_Worst_2014-01-31\perf_ptf.parquet,C:\GoogleDrive\TP\07_backtest_code\runs\ad_hoc\nasx_gy_20260710_235429_s03\official_runs\2026-07-11_000951_research_NASDAQ-COMP_nasdaq_ext_subset_revision_quality_improvement_earnings_yield_improvement_growth_confirmation_Worst_2014-01-31\perf_bench.parquet,2.4203100356856617,-0.3439284091634287,-0.6129597361300448,0.5733725995479593,,,,,,,,,,,,,,,,,,,,,,,,,,,,,,,,,,,,,,,,,
nasdaq,new,synergy_performance_summary,C:\GoogleDrive\TP\07_backtest_code\runs\ad_hoc\nasdaq_tech_factor_extension_20260710\synergy_performance_summary.csv,NASDAQ COMP,nasdaq_ext_family_subset_a7fa4040b218,Top,success,Run termine avec succes,2013-12-31,C:\GoogleDrive\TP\07_backtest_code\runs\ad_hoc\nasx_gy_20260711_002100_s01\official_runs\2026-07-11_002604_research_NASDAQ-COMP_nasdaq_ext_family_subset_a7fa4040b218_Top_2013-12-31,growth_confirmation + capital_efficiency + intangible_investment + residual_risk,family_subset,family_subset,,0.9173425599316992,40830.0,2013-12-31,2026-06-30,486.07142857142856,"validated theme subset: growth_confirmation, capital_efficiency, intangible_investment, residual_risk",3206.0,69.43708609271523,0.1516309177169488,True,0.2372377593011496,0.2655786687125345,0.8932861982147315,-0.3899776697106568,0.2523393435832992,0.0181705835234717,-0.3351318348482288,0.1181113604646046,0.2376751086755771,-0.1035442978056696,0.75,C:\GoogleDrive\TP\07_backtest_code\runs\ad_hoc\nasx_gy_20260711_002100_s01\official_runs\2026-07-11_002604_research_NASDAQ-COMP_nasdaq_ext_family_subset_a7fa4040b218_Top_2013-12-31\perf_ptf.parquet,C:\GoogleDrive\TP\07_backtest_code\runs\ad_hoc\nasx_gy_20260711_002100_s01\official_runs\2026-07-11_002604_research_NASDAQ-COMP_nasdaq_ext_family_subset_a7fa4040b218_Top_2013-12-31\perf_bench.parquet,1.9640572558394376,-0.3230844759697711,-0.5774915139995735,0.342448643536286,,,,,,,,,,,,,,,,,,,,,,,,,,,,,,,,,,,,,,,,,
nasdaq,new,synergy_performance_summary,C:\GoogleDrive\TP\07_backtest_code\runs\ad_hoc\nasdaq_tech_factor_extension_20260710\synergy_performance_summary.csv,NASDAQ COMP,nasdaq_ext_family_subset_a7fa4040b218,Worst,success,Run termine avec succes,2013-12-31,C:\GoogleDrive\TP\07_backtest_code\runs\ad_hoc\nasx_gy_20260711_002100_s01\official_runs\2026-07-11_002644_research_NASDAQ-COMP_nasdaq_ext_family_subset_a7fa4040b218_Worst_2013-12-31,growth_confirmation + capital_efficiency + intangible_investment + residual_risk,family_subset,family_subset,,0.9173425599316992,40830.0,2013-12-31,2026-06-30,486.07142857142856,"validated theme subset: growth_confirmation, capital_efficiency, intangible_investment, residual_risk",3206.0,69.43708609271523,0.16611821967289,True,0.1341977922468793,0.2163552650080854,0.6202658957334095,-0.3264202089189194,-0.5774915139995735,-0.0666249722160693,-0.6518116458954296,0.1156521489777623,-0.6001043054590672,-0.174285545625848,0.3333333333333333,C:\GoogleDrive\TP\07_backtest_code\runs\ad_hoc\nasx_gy_20260711_002100_s01\official_runs\2026-07-11_002644_research_NASDAQ-COMP_nasdaq_ext_family_subset_a7fa4040b218_Worst_2013-12-31\perf_ptf.parquet,C:\GoogleDrive\TP\07_backtest_code\runs\ad_hoc\nasx_gy_20260711_002100_s01\official_runs\2026-07-11_002644_research_NASDAQ-COMP_nasdaq_ext_family_subset_a7fa4040b218_Worst_2013-12-31\perf_bench.parquet,1.9640572558394376,-0.3230844759697711,-0.5774915139995735,0.342448643536286,,,,,,,,,,,,,,,,,,,,,,,,,,,,,,,,,,,,,,,,,
nasdaq,new,synergy_performance_summary,C:\GoogleDrive\TP\07_backtest_code\runs\ad_hoc\nasdaq_tech_factor_extension_20260710\synergy_performance_summary.csv,NASDAQ COMP,nasdaq_ext_family_subset_a86c21e2b496,Top,success,Run termine avec succes,2014-03-31,C:\GoogleDrive\TP\07_backtest_code\runs\ad_hoc\nasx_gy_20260711_002100_s01\official_runs\2026-07-11_002211_research_NASDAQ-COMP_nasdaq_ext_family_subset_a86c21e2b496_Top_2014-03-31,quality_improvement + earnings_yield_improvement + growth_confirmation + residual_risk,family_subset,family_subset,,0.8840009885641106,39346.0,2014-03-31,2026-06-30,468.4047619047619,"validated theme subset: quality_improvement, earnings_yield_improvement, growth_confirmation, residual_risk",3142.0,70.47972972972973,0.2170381003395093,True,0.2404069452264934,0.2545686723082049,0.9443697177924312,-0.3406462862547,0.2631565471453512,0.0192548743987848,-0.3615056417898279,0.10010614195822,0.259128857159463,-0.0796238998382102,0.4166666666666667,C:\GoogleDrive\TP\07_backtest_code\runs\ad_hoc\nasx_gy_20260711_002100_s01\official_runs\2026-07-11_002211_research_NASDAQ-COMP_nasdaq_ext_family_subset_a86c21e2b496_Top_2014-03-31\perf_ptf.parquet,C:\GoogleDrive\TP\07_backtest_code\runs\ad_hoc\nasx_gy_20260711_002100_s01\official_runs\2026-07-11_002211_research_NASDAQ-COMP_nasdaq_ext_family_subset_a86c21e2b496_Top_2014-03-31\perf_bench.parquet,2.499948275551757,-0.2192492377954732,-0.6390927957510406,0.6103893595451436,,,,,,,,,,,,,,,,,,,,,,,,,,,,,,,,,,,,,,,,,
nasdaq,new,synergy_performance_summary,C:\GoogleDrive\TP\07_backtest_code\runs\ad_hoc\nasdaq_tech_factor_extension_20260710\synergy_performance_summary.csv,NASDAQ COMP,nasdaq_ext_family_subset_a86c21e2b496,Worst,success,Run termine avec succes,2014-03-31,C:\GoogleDrive\TP\07_backtest_code\runs\ad_hoc\nasx_gy_20260711_002100_s01\official_runs\2026-07-11_002251_research_NASDAQ-COMP_nasdaq_ext_family_subset_a86c21e2b496_Worst_2014-03-31,quality_improvement + earnings_yield_improvement + growth_confirmation + residual_risk,family_subset,family_subset,,0.8840009885641106,39346.0,2014-03-31,2026-06-30,468.4047619047619,"validated theme subset: quality_improvement, earnings_yield_improvement, growth_confirmation, residual_risk",3142.0,70.47972972972973,0.2296506504023321,True,0.1198191578095242,0.2159651656475064,0.5548077971291462,-0.3393733724716722,-0.6390927957510406,-0.0798333245110233,-0.686508445558482,0.1119328693065059,-0.7485259346782934,-0.1873223388135851,0.1666666666666666,C:\GoogleDrive\TP\07_backtest_code\runs\ad_hoc\nasx_gy_20260711_002100_s01\official_runs\2026-07-11_002251_research_NASDAQ-COMP_nasdaq_ext_family_subset_a86c21e2b496_Worst_2014-03-31\perf_ptf.parquet,C:\GoogleDrive\TP\07_backtest_code\runs\ad_hoc\nasx_gy_20260711_002100_s01\official_runs\2026-07-11_002251_research_NASDAQ-COMP_nasdaq_ext_family_subset_a86c21e2b496_Worst_2014-03-31\perf_bench.parquet,2.499948275551757,-0.2192492377954732,-0.6390927957510406,0.6103893595451436,,,,,,,,,,,,,,,,,,,,,,,,,,,,,,,,,,,,,,,,,
nasdaq,new,synergy_performance_summary,C:\GoogleDrive\TP\07_backtest_code\runs\ad_hoc\nasdaq_tech_factor_extension_20260710\synergy_performance_summary.csv,NASDAQ COMP,nasdaq_ext_family_subset_b1e8aaf5c675,Top,success,Run termine avec succes,2014-01-31,C:\GoogleDrive\TP\07_backtest_code\runs\ad_hoc\nasx_gy_20260710_235429_s02\official_runs\2026-07-11_000533_research_NASDAQ-COMP_nasdaq_ext_subset_quality_improvement_capital_efficiency_intangible_investment_Top_2014-01-31,quality_improvement + capital_efficiency + intangible_investment,family_subset,family_subset,,0.8846300748163293,39374.0,2014-01-31,2026-06-30,468.7380952380952,"validated theme subset: quality_improvement, capital_efficiency, intangible_investment",3184.0,69.78,0.2107390042907906,True,0.2560470487721558,0.2772160321716798,0.9236372325449992,-0.4146475998054439,0.4542311512662553,0.0306405076182909,-0.3173168282470173,0.1214146096822469,0.3550011605831882,-0.0814482983489771,0.6666666666666666,C:\GoogleDrive\TP\07_backtest_code\runs\ad_hoc\nasx_gy_20260710_235429_s02\official_runs\2026-07-11_000533_research_NASDAQ-COMP_nasdaq_ext_subset_quality_improvement_capital_efficiency_intangible_investment_Top_2014-01-31\perf_ptf.parquet,C:\GoogleDrive\TP\07_backtest_code\runs\ad_hoc\nasx_gy_20260710_235429_s02\official_runs\2026-07-11_000533_research_NASDAQ-COMP_nasdaq_ext_subset_quality_improvement_capital_efficiency_intangible_investment_Top_2014-01-31\perf_bench.parquet,3.702530524415759,-0.3403883151933224,-0.6907556168501578,1.467999848948876,,,,,,,,,,,,,,,,,,,,,,,,,,,,,,,,,,,,,,,,,
nasdaq,new,synergy_performance_summary,C:\GoogleDrive\TP\07_backtest_code\runs\ad_hoc\nasdaq_tech_factor_extension_20260710\synergy_performance_summary.csv,NASDAQ COMP,nasdaq_ext_family_subset_b1e8aaf5c675,Worst,success,Run termine avec succes,2014-01-31,C:\GoogleDrive\TP\07_backtest_code\runs\ad_hoc\nasx_gy_20260710_235429_s02\official_runs\2026-07-11_000626_research_NASDAQ-COMP_nasdaq_ext_subset_quality_improvement_capital_efficiency_intangible_investment_Worst_2014-01-31,quality_improvement + capital_efficiency + intangible_investment,family_subset,family_subset,,0.8846300748163293,39374.0,2014-01-31,2026-06-30,468.7380952380952,"validated theme subset: quality_improvement, capital_efficiency, intangible_investment",3184.0,69.78,0.201914304569357,True,0.1087159886332904,0.2178931293550796,0.4989417929563368,-0.3784470120095961,-0.6907556168501578,-0.0902509500368158,-0.7402884085337011,0.112386823452583,-0.8391118880862871,-0.2127425336519252,0.1666666666666666,C:\GoogleDrive\TP\07_backtest_code\runs\ad_hoc\nasx_gy_20260710_235429_s02\official_runs\2026-07-11_000626_research_NASDAQ-COMP_nasdaq_ext_subset_quality_improvement_capital_efficiency_intangible_investment_Worst_2014-01-31\perf_ptf.parquet,C:\GoogleDrive\TP\07_backtest_code\runs\ad_hoc\nasx_gy_20260710_235429_s02\official_runs\2026-07-11_000626_research_NASDAQ-COMP_nasdaq_ext_subset_quality_improvement_capital_efficiency_intangible_investment_Worst_2014-01-31\perf_bench.parquet,3.702530524415759,-0.3403883151933224,-0.6907556168501578,1.467999848948876,,,,,,,,,,,,,,,,,,,,,,,,,,,,,,,,,,,,,,,,,
nasdaq,new,synergy_performance_summary,C:\GoogleDrive\TP\07_backtest_code\runs\ad_hoc\nasdaq_tech_factor_extension_20260710\synergy_performance_summary.csv,NASDAQ COMP,nasdaq_ext_family_subset_beecd2b3ea3f,Top,success,Run termine avec succes,2014-01-31,C:\GoogleDrive\TP\07_backtest_code\runs\ad_hoc\nasx_gy_20260711_002100_s00\official_runs\2026-07-11_002448_research_NASDAQ-COMP_nasdaq_ext_family_subset_beecd2b3ea3f_Top_2014-01-31,quality_improvement + capital_efficiency + intangible_investment + residual_risk,family_subset,family_subset,,0.8975488103529623,39949.0,2014-01-31,2026-06-30,475.5833333333333,"validated theme subset: quality_improvement, capital_efficiency, intangible_investment, residual_risk",3184.0,69.78,0.1948495115733379,True,0.2481436779483428,0.2666873146996134,0.9304667461511718,-0.3940637339318649,0.3446808933745153,0.0241554526788978,-0.3300990059010728,0.1176569683740304,0.2895900403744886,-0.1081283919884151,0.75,C:\GoogleDrive\TP\07_backtest_code\runs\ad_hoc\nasx_gy_20260711_002100_s00\official_runs\2026-07-11_002448_research_NASDAQ-COMP_nasdaq_ext_family_subset_beecd2b3ea3f_Top_2014-01-31\perf_ptf.parquet,C:\GoogleDrive\TP\07_backtest_code\runs\ad_hoc\nasx_gy_20260711_002100_s00\official_runs\2026-07-11_002448_research_NASDAQ-COMP_nasdaq_ext_family_subset_beecd2b3ea3f_Top_2014-01-31\perf_bench.parquet,2.945301380340758,-0.3064143532150154,-0.6591690307678411,0.9313482113803032,,,,,,,,,,,,,,,,,,,,,,,,,,,,,,,,,,,,,,,,,
nasdaq,new,synergy_performance_summary,C:\GoogleDrive\TP\07_backtest_code\runs\ad_hoc\nasdaq_tech_factor_extension_20260710\synergy_performance_summary.csv,NASDAQ COMP,nasdaq_ext_family_subset_beecd2b3ea3f,Worst,success,Run termine avec succes,2014-01-31,C:\GoogleDrive\TP\07_backtest_code\runs\ad_hoc\nasx_gy_20260711_002100_s00\official_runs\2026-07-11_002527_research_NASDAQ-COMP_nasdaq_ext_family_subset_beecd2b3ea3f_Worst_2014-01-31,quality_improvement + capital_efficiency + intangible_investment + residual_risk,family_subset,family_subset,,0.8975488103529623,39949.0,2014-01-31,2026-06-30,475.5833333333333,"validated theme subset: quality_improvement, capital_efficiency, intangible_investment, residual_risk",3184.0,69.78,0.185297232018321,True,0.117440374802151,0.2212424221244414,0.5308221347174314,-0.36677664115797,-0.6591690307678411,-0.0830922167723874,-0.7250592818516455,0.1155571082420187,-0.7430757810903494,-0.1929290814043074,0.25,C:\GoogleDrive\TP\07_backtest_code\runs\ad_hoc\nasx_gy_20260711_002100_s00\official_runs\2026-07-11_002527_research_NASDAQ-COMP_nasdaq_ext_family_subset_beecd2b3ea3f_Worst_2014-01-31\perf_ptf.parquet,C:\GoogleDrive\TP\07_backtest_code\runs\ad_hoc\nasx_gy_20260711_002100_s00\official_runs\2026-07-11_002527_research_NASDAQ-COMP_nasdaq_ext_family_subset_beecd2b3ea3f_Worst_2014-01-31\perf_bench.parquet,2.945301380340758,-0.3064143532150154,-0.6591690307678411,0.9313482113803032,,,,,,,,,,,,,,,,,,,,,,,,,,,,,,,,,,,,,,,,,
nasdaq,new,synergy_performance_summary,C:\GoogleDrive\TP\07_backtest_code\runs\ad_hoc\nasdaq_tech_factor_extension_20260710\synergy_performance_summary.csv,NASDAQ COMP,nasdaq_ext_family_subset_c7a6224a4214,Top,success,Run termine avec succes,2014-07-31,C:\GoogleDrive\TP\07_backtest_code\runs\ad_hoc\nasx_gy_20260710_235429_s00\official_runs\2026-07-11_000205_research_NASDAQ-COMP_nasdaq_ext_subset_revision_earnings_yield_improvement_residual_risk_Top_2014-07-31,revision + earnings_yield_improvement + residual_risk,family_subset,family_subset,,0.7309308229796221,32533.0,2014-07-31,2026-06-30,387.29761904761904,"validated theme subset: revision, earnings_yield_improvement, residual_risk",3057.0,71.9375,0.1968125963439708,True,0.235243249141956,0.2527850642856201,0.9306058085621556,-0.3612174300629696,0.2317564549639752,0.0176559252247581,-0.3056573692119492,0.0987370494778595,0.2385438568123915,-0.0830078121393621,0.4166666666666667,C:\GoogleDrive\TP\07_backtest_code\runs\ad_hoc\nasx_gy_20260710_235429_s00\official_runs\2026-07-11_000205_research_NASDAQ-COMP_nasdaq_ext_subset_revision_earnings_yield_improvement_residual_risk_Top_2014-07-31\perf_ptf.parquet,C:\GoogleDrive\TP\07_backtest_code\runs\ad_hoc\nasx_gy_20260710_235429_s00\official_runs\2026-07-11_000205_research_NASDAQ-COMP_nasdaq_ext_subset_revision_earnings_yield_improvement_residual_risk_Top_2014-07-31\perf_bench.parquet,1.53836332861457,-0.1617961040225826,-0.514743834706963,0.2078785192301402,,,,,,,,,,,,,,,,,,,,,,,,,,,,,,,,,,,,,,,,,
nasdaq,new,synergy_performance_summary,C:\GoogleDrive\TP\07_backtest_code\runs\ad_hoc\nasdaq_tech_factor_extension_20260710\synergy_performance_summary.csv,NASDAQ COMP,nasdaq_ext_family_subset_c7a6224a4214,Worst,success,Run termine avec succes,2014-07-31,C:\GoogleDrive\TP\07_backtest_code\runs\ad_hoc\nasx_gy_20260710_235429_s00\official_runs\2026-07-11_000258_research_NASDAQ-COMP_nasdaq_ext_subset_revision_earnings_yield_improvement_residual_risk_Worst_2014-07-31,revision + earnings_yield_improvement + residual_risk,family_subset,family_subset,,0.7309308229796221,32533.0,2014-07-31,2026-06-30,387.29761904761904,"validated theme subset: revision, earnings_yield_improvement, residual_risk",3057.0,71.9375,0.2156216267554672,True,0.142309848881845,0.2269986519684934,0.6269193567792516,-0.3032713524091055,-0.514743834706963,-0.0589073148428809,-0.5839601255884046,0.1042813164233995,-0.5711200323006426,-0.132129702771694,0.1666666666666666,C:\GoogleDrive\TP\07_backtest_code\runs\ad_hoc\nasx_gy_20260710_235429_s00\official_runs\2026-07-11_000258_research_NASDAQ-COMP_nasdaq_ext_subset_revision_earnings_yield_improvement_residual_risk_Worst_2014-07-31\perf_ptf.parquet,C:\GoogleDrive\TP\07_backtest_code\runs\ad_hoc\nasx_gy_20260710_235429_s00\official_runs\2026-07-11_000258_research_NASDAQ-COMP_nasdaq_ext_subset_revision_earnings_yield_improvement_residual_risk_Worst_2014-07-31\perf_bench.parquet,1.53836332861457,-0.1617961040225826,-0.514743834706963,0.2078785192301402,,,,,,,,,,,,,,,,,,,,,,,,,,,,,,,,,,,,,,,,,
nasdaq,new,synergy_performance_summary,C:\GoogleDrive\TP\07_backtest_code\runs\ad_hoc\nasdaq_tech_factor_extension_20260710\synergy_performance_summary.csv,NASDAQ COMP,nasdaq_ext_family_subset_c92251f2428a,Top,success,Run termine avec succes,2013-12-31,C:\GoogleDrive\TP\07_backtest_code\runs\ad_hoc\nasx_gy_20260711_002100_s01\official_runs\2026-07-11_002844_research_NASDAQ-COMP_nasdaq_ext_family_subset_c92251f2428a_Top_2013-12-31,revision + quality_improvement + growth_confirmation + capital_efficiency + residual_risk,family_subset,family_subset,,0.9573794064121864,42612.0,2013-12-31,2026-06-30,507.2857142857143,"validated theme subset: revision, quality_improvement, growth_confirmation, capital_efficiency, residual_risk",3206.0,69.43708609271523,0.1869229698799966,True,0.2469284574418644,0.2699400081038628,0.9147530933867926,-0.4000208888201522,0.3805800207482208,0.0261454320976493,-0.345005563851111,0.123231744773405,0.2995466809596822,-0.1144131741866388,0.75,C:\GoogleDrive\TP\07_backtest_code\runs\ad_hoc\nasx_gy_20260711_002100_s01\official_runs\2026-07-11_002844_research_NASDAQ-COMP_nasdaq_ext_family_subset_c92251f2428a_Top_2013-12-31\perf_ptf.parquet,C:\GoogleDrive\TP\07_backtest_code\runs\ad_hoc\nasx_gy_20260711_002100_s01\official_runs\2026-07-11_002844_research_NASDAQ-COMP_nasdaq_ext_family_subset_c92251f2428a_Top_2013-12-31\perf_bench.parquet,3.1499774575111443,-0.3146065179679757,-0.6673283084346697,1.027912702841527,,,,,,,,,,,,,,,,,,,,,,,,,,,,,,,,,,,,,,,,,
nasdaq,new,synergy_performance_summary,C:\GoogleDrive\TP\07_backtest_code\runs\ad_hoc\nasdaq_tech_factor_extension_20260710\synergy_performance_summary.csv,NASDAQ COMP,nasdaq_ext_family_subset_c92251f2428a,Worst,success,Run termine avec succes,2013-12-31,C:\GoogleDrive\TP\07_backtest_code\runs\ad_hoc\nasx_gy_20260711_002100_s01\official_runs\2026-07-11_002925_research_NASDAQ-COMP_nasdaq_ext_family_subset_c92251f2428a_Worst_2013-12-31,revision + quality_improvement + growth_confirmation + capital_efficiency + residual_risk,family_subset,family_subset,,0.9573794064121864,42612.0,2013-12-31,2026-06-30,507.2857142857143,"validated theme subset: revision, quality_improvement, growth_confirmation, capital_efficiency, residual_risk",3206.0,69.43708609271523,0.1942442482308002,True,0.112705598663066,0.2177287551499719,0.5176422314334835,-0.3276651859762279,-0.6673283084346697,-0.0843117257263978,-0.7098919661686353,0.1125852469358797,-0.7807773167314453,-0.1833460038413075,0.1666666666666666,C:\GoogleDrive\TP\07_backtest_code\runs\ad_hoc\nasx_gy_20260711_002100_s01\official_runs\2026-07-11_002925_research_NASDAQ-COMP_nasdaq_ext_family_subset_c92251f2428a_Worst_2013-12-31\perf_ptf.parquet,C:\GoogleDrive\TP\07_backtest_code\runs\ad_hoc\nasx_gy_20260711_002100_s01\official_runs\2026-07-11_002925_research_NASDAQ-COMP_nasdaq_ext_family_subset_c92251f2428a_Worst_2013-12-31\perf_bench.parquet,3.1499774575111443,-0.3146065179679757,-0.6673283084346697,1.027912702841527,,,,,,,,,,,,,,,,,,,,,,,,,,,,,,,,,,,,,,,,,
nasdaq,new,synergy_performance_summary,C:\GoogleDrive\TP\07_backtest_code\runs\ad_hoc\nasdaq_tech_factor_extension_20260710\synergy_performance_summary.csv,NASDAQ COMP,nasdaq_ext_family_subset_c96faa5fb4ff,Top,success,Run termine avec succes,2014-01-31,C:\GoogleDrive\TP\07_backtest_code\runs\ad_hoc\nasx_gy_20260710_235429_s01\official_runs\2026-07-11_000025_research_NASDAQ-COMP_nasdaq_ext_subset_revision_quality_improvement_intangible_investment_Top_2014-01-31,revision + quality_improvement + intangible_investment,family_subset,family_subset,,0.8887191354557505,39556.0,2014-01-31,2026-06-30,470.9047619047619,"validated theme subset: revision, quality_improvement, intangible_investment",3184.0,69.78,0.2248880460757125,True,0.2523786589655572,0.2746702061316549,0.918842500320501,-0.4031352835061343,0.4024011873060873,0.0276304363505701,-0.3427518497957659,0.1225190429300297,0.3227026872315028,-0.1040836232009023,0.6666666666666666,C:\GoogleDrive\TP\07_backtest_code\runs\ad_hoc\nasx_gy_20260710_235429_s01\official_runs\2026-07-11_000025_research_NASDAQ-COMP_nasdaq_ext_subset_revision_quality_improvement_intangible_investment_Top_2014-01-31\perf_ptf.parquet,C:\GoogleDrive\TP\07_backtest_code\runs\ad_hoc\nasx_gy_20260710_235429_s01\official_runs\2026-07-11_000025_research_NASDAQ-COMP_nasdaq_ext_subset_revision_quality_improvement_intangible_investment_Top_2014-01-31\perf_bench.parquet,3.6504294303979217,-0.3421710535468536,-0.698436196421093,1.3155095367825842,,,,,,,,,,,,,,,,,,,,,,,,,,,,,,,,,,,,,,,,,
nasdaq,new,synergy_performance_summary,C:\GoogleDrive\TP\07_backtest_code\runs\ad_hoc\nasdaq_tech_factor_extension_20260710\synergy_performance_summary.csv,NASDAQ COMP,nasdaq_ext_family_subset_c96faa5fb4ff,Worst,success,Run termine avec succes,2014-01-31,C:\GoogleDrive\TP\07_backtest_code\runs\ad_hoc\nasx_gy_20260710_235429_s01\official_runs\2026-07-11_000118_research_NASDAQ-COMP_nasdaq_ext_subset_revision_quality_improvement_intangible_investment_Worst_2014-01-31,revision + quality_improvement + intangible_investment,family_subset,family_subset,,0.8887191354557505,39556.0,2014-01-31,2026-06-30,470.9047619047619,"validated theme subset: revision, quality_improvement, intangible_investment",3184.0,69.78,0.2341933634311103,True,0.1064709563379591,0.2203943236428733,0.4830930061088348,-0.3946715506216618,-0.698436196421093,-0.0920930953822005,-0.7347279447997683,0.1046595802281,-0.9148561145624104,-0.2061003083612942,0.1666666666666666,C:\GoogleDrive\TP\07_backtest_code\runs\ad_hoc\nasx_gy_20260710_235429_s01\official_runs\2026-07-11_000118_research_NASDAQ-COMP_nasdaq_ext_subset_revision_quality_improvement_intangible_investment_Worst_2014-01-31\perf_ptf.parquet,C:\GoogleDrive\TP\07_backtest_code\runs\ad_hoc\nasx_gy_20260710_235429_s01\official_runs\2026-07-11_000118_research_NASDAQ-COMP_nasdaq_ext_subset_revision_quality_improvement_intangible_investment_Worst_2014-01-31\perf_bench.parquet,3.6504294303979217,-0.3421710535468536,-0.698436196421093,1.3155095367825842,,,,,,,,,,,,,,,,,,,,,,,,,,,,,,,,,,,,,,,,,
nasdaq,new,synergy_performance_summary,C:\GoogleDrive\TP\07_backtest_code\runs\ad_hoc\nasdaq_tech_factor_extension_20260710\synergy_performance_summary.csv,NASDAQ COMP,nasdaq_ext_family_subset_ca3a9b363764,Top,success,Run termine avec succes,2014-03-31,C:\GoogleDrive\TP\07_backtest_code\runs\ad_hoc\nasx_gy_20260710_235429_s01\official_runs\2026-07-11_000352_research_NASDAQ-COMP_nasdaq_ext_subset_quality_improvement_earnings_yield_improvement_growth_confirmation_Top_2014-03-31,quality_improvement + earnings_yield_improvement + growth_confirmation,family_subset,family_subset,,0.8587252016446112,38221.0,2014-03-31,2026-06-30,455.0119047619048,"validated theme subset: quality_improvement, earnings_yield_improvement, growth_confirmation",3142.0,70.47972972972973,0.2326263531137422,True,0.2566450077061051,0.272500844963345,0.9418136216811632,-0.3651175394252606,0.4813084559042568,0.0325978538111695,-0.32587062942655,0.1183823774609288,0.3672314249739402,-0.0918220014134545,0.6666666666666666,C:\GoogleDrive\TP\07_backtest_code\runs\ad_hoc\nasx_gy_20260710_235429_s01\official_runs\2026-07-11_000352_research_NASDAQ-COMP_nasdaq_ext_subset_quality_improvement_earnings_yield_improvement_growth_confirmation_Top_2014-03-31\perf_ptf.parquet,C:\GoogleDrive\TP\07_backtest_code\runs\ad_hoc\nasx_gy_20260710_235429_s01\official_runs\2026-07-11_000352_research_NASDAQ-COMP_nasdaq_ext_subset_quality_improvement_earnings_yield_improvement_growth_confirmation_Top_2014-03-31\perf_bench.parquet,2.313192458179108,-0.2955545680956751,-0.5529060039215571,0.7759590472663275,,,,,,,,,,,,,,,,,,,,,,,,,,,,,,,,,,,,,,,,,
nasdaq,new,synergy_performance_summary,C:\GoogleDrive\TP\07_backtest_code\runs\ad_hoc\nasdaq_tech_factor_extension_20260710\synergy_performance_summary.csv,NASDAQ COMP,nasdaq_ext_family_subset_ca3a9b363764,Worst,success,Run termine avec succes,2014-03-31,C:\GoogleDrive\TP\07_backtest_code\runs\ad_hoc\nasx_gy_20260710_235429_s01\official_runs\2026-07-11_000445_research_NASDAQ-COMP_nasdaq_ext_subset_quality_improvement_earnings_yield_improvement_growth_confirmation_Worst_2014-03-31,quality_improvement + earnings_yield_improvement + growth_confirmation,family_subset,family_subset,,0.8587252016446112,38221.0,2014-03-31,2026-06-30,455.0119047619048,"validated theme subset: quality_improvement, earnings_yield_improvement, growth_confirmation",3142.0,70.47972972972973,0.2433482646315192,True,0.1395687426671423,0.2214529174629886,0.6302411558450948,-0.3040178157245203,-0.5529060039215571,-0.0636048918092022,-0.6035063087840389,0.1072852282284097,-0.6095665512510067,-0.1707668567050878,0.25,C:\GoogleDrive\TP\07_backtest_code\runs\ad_hoc\nasx_gy_20260710_235429_s01\official_runs\2026-07-11_000445_research_NASDAQ-COMP_nasdaq_ext_subset_quality_improvement_earnings_yield_improvement_growth_confirmation_Worst_2014-03-31\perf_ptf.parquet,C:\GoogleDrive\TP\07_backtest_code\runs\ad_hoc\nasx_gy_20260710_235429_s01\official_runs\2026-07-11_000445_research_NASDAQ-COMP_nasdaq_ext_subset_quality_improvement_earnings_yield_improvement_growth_confirmation_Worst_2014-03-31\perf_bench.parquet,2.313192458179108,-0.2955545680956751,-0.5529060039215571,0.7759590472663275,,,,,,,,,,,,,,,,,,,,,,,,,,,,,,,,,,,,,,,,,
nasdaq,new,synergy_performance_summary,C:\GoogleDrive\TP\07_backtest_code\runs\ad_hoc\nasdaq_tech_factor_extension_20260710\synergy_performance_summary.csv,NASDAQ COMP,nasdaq_ext_family_subset_cd959f484f0b,Top,success,Run termine avec succes,2013-12-31,C:\GoogleDrive\TP\07_backtest_code\runs\ad_hoc\nasx_gy_20260710_235429_s02\official_runs\2026-07-11_001212_research_NASDAQ-COMP_nasdaq_ext_subset_revision_earnings_yield_improvement_growth_confirmation_intangible_investment_Top_2013-12-31,revision + earnings_yield_improvement + growth_confirmation + intangible_investment,family_subset,family_subset,,0.9509312723269452,42325.0,2013-12-31,2026-06-30,503.8690476190476,"validated theme subset: revision, earnings_yield_improvement, growth_confirmation, intangible_investment",3206.0,69.43708609271523,0.2029294320553228,True,0.2584856486772149,0.2716759593142819,0.9514483700716112,-0.3768929824432629,0.549272790914686,0.0356562896959784,-0.3024220090278403,0.1162196146344218,0.3996478364188793,-0.089628374943715,0.6666666666666666,C:\GoogleDrive\TP\07_backtest_code\runs\ad_hoc\nasx_gy_20260710_235429_s02\official_runs\2026-07-11_001212_research_NASDAQ-COMP_nasdaq_ext_subset_revision_earnings_yield_improvement_growth_confirmation_intangible_investment_Top_2013-12-31\perf_ptf.parquet,C:\GoogleDrive\TP\07_backtest_code\runs\ad_hoc\nasx_gy_20260710_235429_s02\official_runs\2026-07-11_001212_research_NASDAQ-COMP_nasdaq_ext_subset_revision_earnings_yield_improvement_growth_confirmation_intangible_investment_Top_2013-12-31\perf_bench.parquet,1.9909335626846607,-0.3325441769044511,-0.4820102959679054,0.734047564623199,,,,,,,,,,,,,,,,,,,,,,,,,,,,,,,,,,,,,,,,,
nasdaq,new,synergy_performance_summary,C:\GoogleDrive\TP\07_backtest_code\runs\ad_hoc\nasdaq_tech_factor_extension_20260710\synergy_performance_summary.csv,NASDAQ COMP,nasdaq_ext_family_subset_cd959f484f0b,Worst,success,Run termine avec succes,2013-12-31,C:\GoogleDrive\TP\07_backtest_code\runs\ad_hoc\nasx_gy_20260711_002100_s01\official_runs\2026-07-11_002134_research_NASDAQ-COMP_nasdaq_ext_family_subset_cd959f484f0b_Worst_2013-12-31,revision + earnings_yield_improvement + growth_confirmation + intangible_investment,family_subset,family_subset,,0.9509312723269452,42325.0,2013-12-31,2026-06-30,503.8690476190476,"validated theme subset: revision, earnings_yield_improvement, growth_confirmation, intangible_investment",3206.0,69.43708609271523,0.2246875640551297,True,0.152843016988535,0.2178872993287366,0.7014774034990161,-0.2941620281765097,-0.4820102959679054,-0.0512810989690543,-0.5447124080328032,0.1006024280115098,-0.5270684852159224,-0.1639234215493433,0.3333333333333333,C:\GoogleDrive\TP\07_backtest_code\runs\ad_hoc\nasx_gy_20260711_002100_s01\official_runs\2026-07-11_002134_research_NASDAQ-COMP_nasdaq_ext_family_subset_cd959f484f0b_Worst_2013-12-31\perf_ptf.parquet,C:\GoogleDrive\TP\07_backtest_code\runs\ad_hoc\nasx_gy_20260711_002100_s01\official_runs\2026-07-11_002134_research_NASDAQ-COMP_nasdaq_ext_family_subset_cd959f484f0b_Worst_2013-12-31\perf_bench.parquet,1.9909335626846607,-0.3325441769044511,-0.4820102959679054,0.734047564623199,,,,,,,,,,,,,,,,,,,,,,,,,,,,,,,,,,,,,,,,,
nasdaq,new,synergy_performance_summary,C:\GoogleDrive\TP\07_backtest_code\runs\ad_hoc\nasdaq_tech_factor_extension_20260710\synergy_performance_summary.csv,NASDAQ COMP,nasdaq_ext_family_subset_cec088edde3e,Top,success,Run termine avec succes,2014-03-31,C:\GoogleDrive\TP\07_backtest_code\runs\ad_hoc\nasx_gy_20260711_002100_s03\official_runs\2026-07-11_002251_research_NASDAQ-COMP_nasdaq_ext_family_subset_cec088edde3e_Top_2014-03-31,quality_improvement + earnings_yield_improvement + capital_efficiency + residual_risk,family_subset,family_subset,,0.8838661843672067,39340.0,2014-03-31,2026-06-30,468.3333333333333,"validated theme subset: quality_improvement, earnings_yield_improvement, capital_efficiency, residual_risk",3142.0,70.47972972972973,0.228450075157128,True,0.2542019302754081,0.2677647996331033,0.9493478254935704,-0.3591642423807907,0.4464159218822316,0.0305903524912565,-0.2921796719649343,0.112275202144208,0.3587285034425805,-0.0797978954891041,0.6666666666666666,C:\GoogleDrive\TP\07_backtest_code\runs\ad_hoc\nasx_gy_20260711_002100_s03\official_runs\2026-07-11_002251_research_NASDAQ-COMP_nasdaq_ext_family_subset_cec088edde3e_Top_2014-03-31\perf_ptf.parquet,C:\GoogleDrive\TP\07_backtest_code\runs\ad_hoc\nasx_gy_20260711_002100_s03\official_runs\2026-07-11_002251_research_NASDAQ-COMP_nasdaq_ext_family_subset_cec088edde3e_Top_2014-03-31\perf_bench.parquet,2.353745702126013,-0.2615902646464846,-0.5687162801385577,0.8468563313820574,,,,,,,,,,,,,,,,,,,,,,,,,,,,,,,,,,,,,,,,,
nasdaq,new,synergy_performance_summary,C:\GoogleDrive\TP\07_backtest_code\runs\ad_hoc\nasdaq_tech_factor_extension_20260710\synergy_performance_summary.csv,NASDAQ COMP,nasdaq_ext_family_subset_cec088edde3e,Worst,success,Run termine avec succes,2014-03-31,C:\GoogleDrive\TP\07_backtest_code\runs\ad_hoc\nasx_gy_20260711_002100_s03\official_runs\2026-07-11_002332_research_NASDAQ-COMP_nasdaq_ext_family_subset_cec088edde3e_Worst_2014-03-31,quality_improvement + earnings_yield_improvement + capital_efficiency + residual_risk,family_subset,family_subset,,0.8838661843672067,39340.0,2014-03-31,2026-06-30,468.3333333333333,"validated theme subset: quality_improvement, earnings_yield_improvement, capital_efficiency, residual_risk",3142.0,70.47972972972973,0.2356693822911488,True,0.1362242385015337,0.2267149862049305,0.6008611992609916,-0.3113414294499349,-0.5687162801385577,-0.0663531045520946,-0.626346853539008,0.1116591772801682,-0.600993650927437,-0.1705703123136388,0.25,C:\GoogleDrive\TP\07_backtest_code\runs\ad_hoc\nasx_gy_20260711_002100_s03\official_runs\2026-07-11_002332_research_NASDAQ-COMP_nasdaq_ext_family_subset_cec088edde3e_Worst_2014-03-31\perf_ptf.parquet,C:\GoogleDrive\TP\07_backtest_code\runs\ad_hoc\nasx_gy_20260711_002100_s03\official_runs\2026-07-11_002332_research_NASDAQ-COMP_nasdaq_ext_family_subset_cec088edde3e_Worst_2014-03-31\perf_bench.parquet,2.353745702126013,-0.2615902646464846,-0.5687162801385577,0.8468563313820574,,,,,,,,,,,,,,,,,,,,,,,,,,,,,,,,,,,,,,,,,
nasdaq,new,synergy_performance_summary,C:\GoogleDrive\TP\07_backtest_code\runs\ad_hoc\nasdaq_tech_factor_extension_20260710\synergy_performance_summary.csv,NASDAQ COMP,nasdaq_ext_family_subset_d14b218a0a06,Top,success,Run termine avec succes,2013-12-31,C:\GoogleDrive\TP\07_backtest_code\runs\ad_hoc\nasx_gy_20260711_002100_s01\official_runs\2026-07-11_002329_research_NASDAQ-COMP_nasdaq_ext_family_subset_d14b218a0a06_Top_2013-12-31,quality_improvement + growth_confirmation + capital_efficiency + intangible_investment,family_subset,family_subset,,0.9487519378103304,42228.0,2013-12-31,2026-06-30,502.7142857142857,"validated theme subset: quality_improvement, growth_confirmation, capital_efficiency, intangible_investment",3206.0,69.43708609271523,0.1920665624074533,True,0.2500939072028252,0.2711079540335849,0.9224882689050264,-0.394063733931865,0.4250183596361387,0.0287504025699798,-0.3354975161095465,0.122694052930306,0.3237774936516655,-0.1081283919884155,0.75,C:\GoogleDrive\TP\07_backtest_code\runs\ad_hoc\nasx_gy_20260711_002100_s01\official_runs\2026-07-11_002329_research_NASDAQ-COMP_nasdaq_ext_family_subset_d14b218a0a06_Top_2013-12-31\perf_ptf.parquet,C:\GoogleDrive\TP\07_backtest_code\runs\ad_hoc\nasx_gy_20260711_002100_s01\official_runs\2026-07-11_002329_research_NASDAQ-COMP_nasdaq_ext_family_subset_d14b218a0a06_Top_2013-12-31\perf_bench.parquet,3.0601407412435133,-0.306414353215016,-0.6490224230011067,1.053271253120081,,,,,,,,,,,,,,,,,,,,,,,,,,,,,,,,,,,,,,,,,
nasdaq,new,synergy_performance_summary,C:\GoogleDrive\TP\07_backtest_code\runs\ad_hoc\nasdaq_tech_factor_extension_20260710\synergy_performance_summary.csv,NASDAQ COMP,nasdaq_ext_family_subset_d14b218a0a06,Worst,success,Run termine avec succes,2013-12-31,C:\GoogleDrive\TP\07_backtest_code\runs\ad_hoc\nasx_gy_20260711_002100_s01\official_runs\2026-07-11_002410_research_NASDAQ-COMP_nasdaq_ext_family_subset_d14b218a0a06_Worst_2013-12-31,quality_improvement + growth_confirmation + capital_efficiency + intangible_investment,family_subset,family_subset,,0.9487519378103304,42228.0,2013-12-31,2026-06-30,502.7142857142857,"validated theme subset: quality_improvement, growth_confirmation, capital_efficiency, intangible_investment",3206.0,69.43708609271523,0.1870858698019459,True,0.1174858119726081,0.2167142871004813,0.5421230577111643,-0.328125110861832,-0.6490224230011067,-0.0803779041644919,-0.701494771137005,0.1121101495504043,-0.7485329348231406,-0.1771088253634285,0.1666666666666666,C:\GoogleDrive\TP\07_backtest_code\runs\ad_hoc\nasx_gy_20260711_002100_s01\official_runs\2026-07-11_002410_research_NASDAQ-COMP_nasdaq_ext_family_subset_d14b218a0a06_Worst_2013-12-31\perf_ptf.parquet,C:\GoogleDrive\TP\07_backtest_code\runs\ad_hoc\nasx_gy_20260711_002100_s01\official_runs\2026-07-11_002410_research_NASDAQ-COMP_nasdaq_ext_family_subset_d14b218a0a06_Worst_2013-12-31\perf_bench.parquet,3.0601407412435133,-0.306414353215016,-0.6490224230011067,1.053271253120081,,,,,,,,,,,,,,,,,,,,,,,,,,,,,,,,,,,,,,,,,
nasdaq,new,synergy_performance_summary,C:\GoogleDrive\TP\07_backtest_code\runs\ad_hoc\nasdaq_tech_factor_extension_20260710\synergy_performance_summary.csv,NASDAQ COMP,nasdaq_ext_family_subset_d27dbe31395d,Top,success,Run termine avec succes,2014-03-31,C:\GoogleDrive\TP\07_backtest_code\runs\ad_hoc\nasx_gy_20260710_235429_s02\official_runs\2026-07-10_235653_research_NASDAQ-COMP_nasdaq_ext_subset_earnings_yield_improvement_intangible_investment_Top_2014-03-31,earnings_yield_improvement + intangible_investment,family_subset,family_subset,,0.8382574310813543,37310.0,2014-03-31,2026-06-30,444.1666666666667,"validated theme subset: earnings_yield_improvement, intangible_investment",3142.0,70.47972972972973,0.2470661039817494,True,0.2234803643013432,0.2650055793292674,0.8433043744474171,-0.3869164454488737,0.0674910933718753,0.0053461324482029,-0.3741114251628425,0.1153542784387613,0.131027292895441,-0.1192736554995678,0.5,C:\GoogleDrive\TP\07_backtest_code\runs\ad_hoc\nasx_gy_20260710_235429_s02\official_runs\2026-07-10_235653_research_NASDAQ-COMP_nasdaq_ext_subset_earnings_yield_improvement_intangible_investment_Top_2014-03-31\perf_ptf.parquet,C:\GoogleDrive\TP\07_backtest_code\runs\ad_hoc\nasx_gy_20260710_235429_s02\official_runs\2026-07-10_235653_research_NASDAQ-COMP_nasdaq_ext_subset_earnings_yield_improvement_intangible_investment_Top_2014-03-31\perf_bench.parquet,1.4343493469063875,-0.2640119051921576,-0.5614881262919552,-0.1981850174389451,,,,,,,,,,,,,,,,,,,,,,,,,,,,,,,,,,,,,,,,,
nasdaq,new,synergy_performance_summary,C:\GoogleDrive\TP\07_backtest_code\runs\ad_hoc\nasdaq_tech_factor_extension_20260710\synergy_performance_summary.csv,NASDAQ COMP,nasdaq_ext_family_subset_d27dbe31395d,Worst,success,Run termine avec succes,2014-03-31,C:\GoogleDrive\TP\07_backtest_code\runs\ad_hoc\nasx_gy_20260710_235429_s02\official_runs\2026-07-10_235746_research_NASDAQ-COMP_nasdaq_ext_subset_earnings_yield_improvement_intangible_investment_Worst_2014-03-31,earnings_yield_improvement + intangible_investment,family_subset,family_subset,,0.8382574310813543,37310.0,2014-03-31,2026-06-30,444.1666666666667,"validated theme subset: earnings_yield_improvement, intangible_investment",3142.0,70.47972972972973,0.2422770164107677,True,0.137767015482449,0.2268131404548195,0.6074031478343374,-0.34834482441617,-0.5614881262919552,-0.0650853891753308,-0.6205416573513317,0.1015916250877875,-0.646955150550244,-0.1726019362390443,0.25,C:\GoogleDrive\TP\07_backtest_code\runs\ad_hoc\nasx_gy_20260710_235429_s02\official_runs\2026-07-10_235746_research_NASDAQ-COMP_nasdaq_ext_subset_earnings_yield_improvement_intangible_investment_Worst_2014-03-31\perf_ptf.parquet,C:\GoogleDrive\TP\07_backtest_code\runs\ad_hoc\nasx_gy_20260710_235429_s02\official_runs\2026-07-10_235746_research_NASDAQ-COMP_nasdaq_ext_subset_earnings_yield_improvement_intangible_investment_Worst_2014-03-31\perf_bench.parquet,1.4343493469063875,-0.2640119051921576,-0.5614881262919552,-0.1981850174389451,,,,,,,,,,,,,,,,,,,,,,,,,,,,,,,,,,,,,,,,,
nasdaq,new,synergy_performance_summary,C:\GoogleDrive\TP\07_backtest_code\runs\ad_hoc\nasdaq_tech_factor_extension_20260710\synergy_performance_summary.csv,NASDAQ COMP,nasdaq_ext_family_subset_d2f1dd295bbd,Top,success,Run termine avec succes,2014-07-31,C:\GoogleDrive\TP\07_backtest_code\runs\ad_hoc\nasx_gy_20260710_235429_s04\official_runs\2026-07-11_000718_research_NASDAQ-COMP_nasdaq_ext_subset_earnings_yield_improvement_intangible_investment_residual_risk_Top_2014-07-31,earnings_yield_improvement + intangible_investment + residual_risk,family_subset,family_subset,,0.7305264103889101,32515.0,2014-07-31,2026-06-30,387.0833333333333,"validated theme subset: earnings_yield_improvement, intangible_investment, residual_risk",3057.0,71.9375,0.2060842282563708,True,0.230639028530037,0.2512638563190443,0.9179156600907264,-0.336246739633969,0.1781747667857616,0.0138627351870743,-0.3498625405824029,0.0963081120372898,0.2021494470415531,-0.0802977389063837,0.5,C:\GoogleDrive\TP\07_backtest_code\runs\ad_hoc\nasx_gy_20260710_235429_s04\official_runs\2026-07-11_000718_research_NASDAQ-COMP_nasdaq_ext_subset_earnings_yield_improvement_intangible_investment_residual_risk_Top_2014-07-31\perf_ptf.parquet,C:\GoogleDrive\TP\07_backtest_code\runs\ad_hoc\nasx_gy_20260710_235429_s04\official_runs\2026-07-11_000718_research_NASDAQ-COMP_nasdaq_ext_subset_earnings_yield_improvement_intangible_investment_residual_risk_Top_2014-07-31\perf_bench.parquet,1.469626057057289,-0.2215112311858763,-0.5229339424003208,0.0366568632059266,,,,,,,,,,,,,,,,,,,,,,,,,,,,,,,,,,,,,,,,,
nasdaq,new,synergy_performance_summary,C:\GoogleDrive\TP\07_backtest_code\runs\ad_hoc\nasdaq_tech_factor_extension_20260710\synergy_performance_summary.csv,NASDAQ COMP,nasdaq_ext_family_subset_d2f1dd295bbd,Worst,success,Run termine avec succes,2014-07-31,C:\GoogleDrive\TP\07_backtest_code\runs\ad_hoc\nasx_gy_20260710_235429_s04\official_runs\2026-07-11_000811_research_NASDAQ-COMP_nasdaq_ext_subset_earnings_yield_improvement_intangible_investment_residual_risk_Worst_2014-07-31,earnings_yield_improvement + intangible_investment + residual_risk,family_subset,family_subset,,0.7305264103889101,32515.0,2014-07-31,2026-06-30,387.0833333333333,"validated theme subset: earnings_yield_improvement, intangible_investment, residual_risk",3057.0,71.9375,0.2189939385618899,True,0.1406783598981635,0.2255004826369201,0.6238494847244772,-0.3244189958649972,-0.5229339424003208,-0.060251418064927,-0.6094525301608973,0.1135399567707933,-0.5399611548720119,-0.1386004382305797,0.1666666666666666,C:\GoogleDrive\TP\07_backtest_code\runs\ad_hoc\nasx_gy_20260710_235429_s04\official_runs\2026-07-11_000811_research_NASDAQ-COMP_nasdaq_ext_subset_earnings_yield_improvement_intangible_investment_residual_risk_Worst_2014-07-31\perf_ptf.parquet,C:\GoogleDrive\TP\07_backtest_code\runs\ad_hoc\nasx_gy_20260710_235429_s04\official_runs\2026-07-11_000811_research_NASDAQ-COMP_nasdaq_ext_subset_earnings_yield_improvement_intangible_investment_residual_risk_Worst_2014-07-31\perf_bench.parquet,1.469626057057289,-0.2215112311858763,-0.5229339424003208,0.0366568632059266,,,,,,,,,,,,,,,,,,,,,,,,,,,,,,,,,,,,,,,,,
nasdaq,new,synergy_performance_summary,C:\GoogleDrive\TP\07_backtest_code\runs\ad_hoc\nasdaq_tech_factor_extension_20260710\synergy_performance_summary.csv,NASDAQ COMP,nasdaq_ext_family_subset_d3d68bcb2e95,Top,success,Run termine avec succes,2014-03-31,C:\GoogleDrive\TP\07_backtest_code\runs\ad_hoc\nasx_gy_20260711_002100_s03\official_runs\2026-07-11_002527_research_NASDAQ-COMP_nasdaq_ext_family_subset_d3d68bcb2e95_Top_2014-03-31,earnings_yield_improvement + growth_confirmation + intangible_investment + residual_risk,family_subset,family_subset,,0.8655103462221124,38523.0,2014-03-31,2026-06-30,458.6071428571428,"validated theme subset: earnings_yield_improvement, growth_confirmation, intangible_investment, residual_risk",3142.0,70.47972972972973,0.1970226594620633,True,0.2468799933765879,0.2609065804172584,0.9462390445720524,-0.3576143004520876,0.3463127796695462,0.0245738432296123,-0.3247647029444156,0.1028983638162236,0.3179815093130201,-0.086994359302137,0.75,C:\GoogleDrive\TP\07_backtest_code\runs\ad_hoc\nasx_gy_20260711_002100_s03\official_runs\2026-07-11_002527_research_NASDAQ-COMP_nasdaq_ext_family_subset_d3d68bcb2e95_Top_2014-03-31\perf_ptf.parquet,C:\GoogleDrive\TP\07_backtest_code\runs\ad_hoc\nasx_gy_20260711_002100_s03\official_runs\2026-07-11_002527_research_NASDAQ-COMP_nasdaq_ext_family_subset_d3d68bcb2e95_Top_2014-03-31\perf_bench.parquet,2.778238189961396,-0.2370488455068841,-0.6436665154551036,0.8960097456430522,,,,,,,,,,,,,,,,,,,,,,,,,,,,,,,,,,,,,,,,,
nasdaq,new,synergy_performance_summary,C:\GoogleDrive\TP\07_backtest_code\runs\ad_hoc\nasdaq_tech_factor_extension_20260710\synergy_performance_summary.csv,NASDAQ COMP,nasdaq_ext_family_subset_d3d68bcb2e95,Worst,success,Run termine avec succes,2014-03-31,C:\GoogleDrive\TP\07_backtest_code\runs\ad_hoc\nasx_gy_20260711_002100_s03\official_runs\2026-07-11_002605_research_NASDAQ-COMP_nasdaq_ext_family_subset_d3d68bcb2e95_Worst_2014-03-31,earnings_yield_improvement + growth_confirmation + intangible_investment + residual_risk,family_subset,family_subset,,0.8655103462221124,38523.0,2014-03-31,2026-06-30,458.6071428571428,"validated theme subset: earnings_yield_improvement, growth_confirmation, intangible_investment, residual_risk",3142.0,70.47972972972973,0.2106191386541852,True,0.1186538072933909,0.2190355976251862,0.5417101538738527,-0.3405149765730377,-0.6436665154551036,-0.0807909047620232,-0.6964032048727542,0.1147278260023445,-0.7332186186887174,-0.1718314604609424,0.25,C:\GoogleDrive\TP\07_backtest_code\runs\ad_hoc\nasx_gy_20260711_002100_s03\official_runs\2026-07-11_002605_research_NASDAQ-COMP_nasdaq_ext_family_subset_d3d68bcb2e95_Worst_2014-03-31\perf_ptf.parquet,C:\GoogleDrive\TP\07_backtest_code\runs\ad_hoc\nasx_gy_20260711_002100_s03\official_runs\2026-07-11_002605_research_NASDAQ-COMP_nasdaq_ext_family_subset_d3d68bcb2e95_Worst_2014-03-31\perf_bench.parquet,2.778238189961396,-0.2370488455068841,-0.6436665154551036,0.8960097456430522,,,,,,,,,,,,,,,,,,,,,,,,,,,,,,,,,,,,,,,,,
nasdaq,new,synergy_performance_summary,C:\GoogleDrive\TP\07_backtest_code\runs\ad_hoc\nasdaq_tech_factor_extension_20260710\synergy_performance_summary.csv,NASDAQ COMP,nasdaq_ext_family_subset_d593131d8f4d,Top,success,Run termine avec succes,2013-12-31,C:\GoogleDrive\TP\07_backtest_code\runs\ad_hoc\nasx_gy_20260711_002100_s01\official_runs\2026-07-11_003003_research_NASDAQ-COMP_nasdaq_ext_family_subset_d593131d8f4d_Top_2013-12-31,revision + earnings_yield_improvement + growth_confirmation + capital_efficiency + residual_risk,family_subset,family_subset,,0.9573569390460356,42611.0,2013-12-31,2026-06-30,507.2738095238095,"validated theme subset: revision, earnings_yield_improvement, growth_confirmation, capital_efficiency, residual_risk",3206.0,69.43708609271523,0.194156265977299,True,0.2353576662574337,0.2621601878023191,0.8977628076575236,-0.3706453207931054,0.2287663911293962,0.0166233825776487,-0.3920438529431851,0.106396613076514,0.2413428606646099,-0.0925455609787218,0.6666666666666666,C:\GoogleDrive\TP\07_backtest_code\runs\ad_hoc\nasx_gy_20260711_002100_s01\official_runs\2026-07-11_003003_research_NASDAQ-COMP_nasdaq_ext_family_subset_d593131d8f4d_Top_2013-12-31\perf_ptf.parquet,C:\GoogleDrive\TP\07_backtest_code\runs\ad_hoc\nasx_gy_20260711_002100_s01\official_runs\2026-07-11_003003_research_NASDAQ-COMP_nasdaq_ext_family_subset_d593131d8f4d_Top_2013-12-31\perf_bench.parquet,1.9222290258257364,-0.245676658725042,-0.5795105789895496,0.2068510241006583,,,,,,,,,,,,,,,,,,,,,,,,,,,,,,,,,,,,,,,,,
nasdaq,new,synergy_performance_summary,C:\GoogleDrive\TP\07_backtest_code\runs\ad_hoc\nasdaq_tech_factor_extension_20260710\synergy_performance_summary.csv,NASDAQ COMP,nasdaq_ext_family_subset_d593131d8f4d,Worst,success,Run termine avec succes,2013-12-31,C:\GoogleDrive\TP\07_backtest_code\runs\ad_hoc\nasx_gy_20260711_002100_s01\official_runs\2026-07-11_003044_research_NASDAQ-COMP_nasdaq_ext_family_subset_d593131d8f4d_Worst_2013-12-31,revision + earnings_yield_improvement + growth_confirmation + capital_efficiency + residual_risk,family_subset,family_subset,,0.9573569390460356,42611.0,2013-12-31,2026-06-30,507.2738095238095,"validated theme subset: revision, earnings_yield_improvement, growth_confirmation, capital_efficiency, residual_risk",3206.0,69.43708609271523,0.2134866372020659,True,0.1337630770996334,0.2187068815025688,0.6116089086024589,-0.3069955975753163,-0.5795105789895496,-0.0669827160464774,-0.646137462177258,0.1102152165969455,-0.6283918030553125,-0.1688542187628342,0.3333333333333333,C:\GoogleDrive\TP\07_backtest_code\runs\ad_hoc\nasx_gy_20260711_002100_s01\official_runs\2026-07-11_003044_research_NASDAQ-COMP_nasdaq_ext_family_subset_d593131d8f4d_Worst_2013-12-31\perf_ptf.parquet,C:\GoogleDrive\TP\07_backtest_code\runs\ad_hoc\nasx_gy_20260711_002100_s01\official_runs\2026-07-11_003044_research_NASDAQ-COMP_nasdaq_ext_family_subset_d593131d8f4d_Worst_2013-12-31\perf_bench.parquet,1.9222290258257364,-0.245676658725042,-0.5795105789895496,0.2068510241006583,,,,,,,,,,,,,,,,,,,,,,,,,,,,,,,,,,,,,,,,,
nasdaq,new,synergy_performance_summary,C:\GoogleDrive\TP\07_backtest_code\runs\ad_hoc\nasdaq_tech_factor_extension_20260710\synergy_performance_summary.csv,NASDAQ COMP,nasdaq_ext_family_subset_d658e6782b9c,Top,success,Run termine avec succes,2013-12-31,C:\GoogleDrive\TP\07_backtest_code\runs\ad_hoc\nasx_gy_20260711_001831_s03\official_runs\2026-07-11_001907_research_NASDAQ-COMP_nasdaq_ext_subset_revision_capital_efficiency_intangible_investment_residual_risk_Top_2013-12-31,revision + capital_efficiency + intangible_investment + residual_risk,family_subset,family_subset,,0.9171403536363432,40821.0,2013-12-31,2026-06-30,485.9642857142857,"validated theme subset: revision, capital_efficiency, intangible_investment, residual_risk",3206.0,69.43708609271523,0.1763003299933708,True,0.2326243633362745,0.2610445840543712,0.8911288628298943,-0.358947687413949,0.1952231991242117,0.0143740423766554,-0.3235274317116854,0.1062042179543166,0.2183311514116111,-0.0952214443619022,0.6666666666666666,C:\GoogleDrive\TP\07_backtest_code\runs\ad_hoc\nasx_gy_20260711_001831_s03\official_runs\2026-07-11_001907_research_NASDAQ-COMP_nasdaq_ext_subset_revision_capital_efficiency_intangible_investment_residual_risk_Top_2013-12-31\perf_ptf.parquet,C:\GoogleDrive\TP\07_backtest_code\runs\ad_hoc\nasx_gy_20260711_001831_s03\official_runs\2026-07-11_001907_research_NASDAQ-COMP_nasdaq_ext_subset_revision_capital_efficiency_intangible_investment_residual_risk_Top_2013-12-31\perf_bench.parquet,1.8796197174020677,-0.3005614892097542,-0.5849371387821595,0.2865525320856557,,,,,,,,,,,,,,,,,,,,,,,,,,,,,,,,,,,,,,,,,
nasdaq,new,synergy_performance_summary,C:\GoogleDrive\TP\07_backtest_code\runs\ad_hoc\nasdaq_tech_factor_extension_20260710\synergy_performance_summary.csv,NASDAQ COMP,nasdaq_ext_family_subset_d658e6782b9c,Worst,success,Run termine avec succes,2013-12-31,C:\GoogleDrive\TP\07_backtest_code\runs\ad_hoc\nasx_gy_20260711_001831_s03\official_runs\2026-07-11_001936_research_NASDAQ-COMP_nasdaq_ext_subset_revision_capital_efficiency_intangible_investment_residual_risk_Worst_2013-12-31,revision + capital_efficiency + intangible_investment + residual_risk,family_subset,family_subset,,0.9171403536363432,40821.0,2013-12-31,2026-06-30,485.9642857142857,"validated theme subset: revision, capital_efficiency, intangible_investment, residual_risk",3206.0,69.43708609271523,0.1995079014692198,True,0.1325851233084829,0.2198343690641327,0.6031137163534407,-0.3400985087240334,-0.5849371387821595,-0.0679520995702853,-0.650834374021334,0.1162424320440192,-0.6023835867664525,-0.177118860817996,0.25,C:\GoogleDrive\TP\07_backtest_code\runs\ad_hoc\nasx_gy_20260711_001831_s03\official_runs\2026-07-11_001936_research_NASDAQ-COMP_nasdaq_ext_subset_revision_capital_efficiency_intangible_investment_residual_risk_Worst_2013-12-31\perf_ptf.parquet,C:\GoogleDrive\TP\07_backtest_code\runs\ad_hoc\nasx_gy_20260711_001831_s03\official_runs\2026-07-11_001936_research_NASDAQ-COMP_nasdaq_ext_subset_revision_capital_efficiency_intangible_investment_residual_risk_Worst_2013-12-31\perf_bench.parquet,1.8796197174020677,-0.3005614892097542,-0.5849371387821595,0.2865525320856557,,,,,,,,,,,,,,,,,,,,,,,,,,,,,,,,,,,,,,,,,
nasdaq,new,synergy_performance_summary,C:\GoogleDrive\TP\07_backtest_code\runs\ad_hoc\nasdaq_tech_factor_extension_20260710\synergy_performance_summary.csv,NASDAQ COMP,nasdaq_ext_family_subset_d88e6a2ce929,Top,success,Run termine avec succes,2014-03-31,C:\GoogleDrive\TP\07_backtest_code\runs\ad_hoc\nasx_gy_20260710_235429_s00\official_runs\2026-07-11_000715_research_NASDAQ-COMP_nasdaq_ext_subset_earnings_yield_improvement_growth_confirmation_intangible_investment_Top_2014-03-31,earnings_yield_improvement + growth_confirmation + intangible_investment,family_subset,family_subset,,0.8283717899750612,36870.0,2014-03-31,2026-06-30,438.9285714285714,"validated theme subset: earnings_yield_improvement, growth_confirmation, intangible_investment",3142.0,70.47972972972973,0.204347698810843,True,0.2460424677178319,0.2724363129747516,0.9031192098853364,-0.3872391414272732,0.3352774557387714,0.0238856399642193,-0.3778181518386846,0.1188969587064887,0.2952975694903029,-0.1033023393211305,0.5833333333333334,C:\GoogleDrive\TP\07_backtest_code\runs\ad_hoc\nasx_gy_20260710_235429_s00\official_runs\2026-07-11_000715_research_NASDAQ-COMP_nasdaq_ext_subset_earnings_yield_improvement_growth_confirmation_intangible_investment_Top_2014-03-31\perf_ptf.parquet,C:\GoogleDrive\TP\07_backtest_code\runs\ad_hoc\nasx_gy_20260710_235429_s00\official_runs\2026-07-11_000715_research_NASDAQ-COMP_nasdaq_ext_subset_earnings_yield_improvement_growth_confirmation_intangible_investment_Top_2014-03-31\perf_bench.parquet,2.1484684863294112,-0.3389628322311266,-0.5758961979335286,0.4316760971984885,,,,,,,,,,,,,,,,,,,,,,,,,,,,,,,,,,,,,,,,,
nasdaq,new,synergy_performance_summary,C:\GoogleDrive\TP\07_backtest_code\runs\ad_hoc\nasdaq_tech_factor_extension_20260710\synergy_performance_summary.csv,NASDAQ COMP,nasdaq_ext_family_subset_d88e6a2ce929,Worst,success,Run termine avec succes,2014-03-31,C:\GoogleDrive\TP\07_backtest_code\runs\ad_hoc\nasx_gy_20260710_235429_s00\official_runs\2026-07-11_000809_research_NASDAQ-COMP_nasdaq_ext_subset_earnings_yield_improvement_growth_confirmation_intangible_investment_Worst_2014-03-31,earnings_yield_improvement + growth_confirmation + intangible_investment,family_subset,family_subset,,0.8283717899750612,36870.0,2014-03-31,2026-06-30,438.9285714285714,"validated theme subset: earnings_yield_improvement, growth_confirmation, intangible_investment",3142.0,70.47972972972973,0.221124208158297,True,0.1346680669322393,0.2217269647461114,0.6073598990832759,-0.3231186940956515,-0.5758961979335286,-0.0676318263969762,-0.6358657347446455,0.1016863372438746,-0.6841277007298743,-0.1725095014493165,0.3333333333333333,C:\GoogleDrive\TP\07_backtest_code\runs\ad_hoc\nasx_gy_20260710_235429_s00\official_runs\2026-07-11_000809_research_NASDAQ-COMP_nasdaq_ext_subset_earnings_yield_improvement_growth_confirmation_intangible_investment_Worst_2014-03-31\perf_ptf.parquet,C:\GoogleDrive\TP\07_backtest_code\runs\ad_hoc\nasx_gy_20260710_235429_s00\official_runs\2026-07-11_000809_research_NASDAQ-COMP_nasdaq_ext_subset_earnings_yield_improvement_growth_confirmation_intangible_investment_Worst_2014-03-31\perf_bench.parquet,2.1484684863294112,-0.3389628322311266,-0.5758961979335286,0.4316760971984885,,,,,,,,,,,,,,,,,,,,,,,,,,,,,,,,,,,,,,,,,
nasdaq,new,synergy_performance_summary,C:\GoogleDrive\TP\07_backtest_code\runs\ad_hoc\nasdaq_tech_factor_extension_20260710\synergy_performance_summary.csv,NASDAQ COMP,nasdaq_ext_family_subset_d99f60e79f51,Top,success,Run termine avec succes,2014-01-31,C:\GoogleDrive\TP\07_backtest_code\runs\ad_hoc\nasx_gy_20260711_002100_s00\official_runs\2026-07-11_002724_research_NASDAQ-COMP_nasdaq_ext_family_subset_d99f60e79f51_Top_2014-01-31,revision + quality_improvement + earnings_yield_improvement + growth_confirmation + residual_risk,family_subset,family_subset,,0.9340358129816442,41573.0,2014-01-31,2026-06-30,494.9166666666667,"validated theme subset: revision, quality_improvement, earnings_yield_improvement, growth_confirmation, residual_risk",3184.0,69.78,0.2113653787623884,True,0.2379636585230808,0.2714195917617121,0.8767372206940636,-0.3981294431033713,0.2147533192153801,0.0158023098581154,-0.368202822415512,0.1242093911045999,0.2198607316524267,-0.1166437114591379,0.6666666666666666,C:\GoogleDrive\TP\07_backtest_code\runs\ad_hoc\nasx_gy_20260711_002100_s00\official_runs\2026-07-11_002724_research_NASDAQ-COMP_nasdaq_ext_family_subset_d99f60e79f51_Top_2014-01-31\perf_ptf.parquet,C:\GoogleDrive\TP\07_backtest_code\runs\ad_hoc\nasx_gy_20260711_002100_s00\official_runs\2026-07-11_002724_research_NASDAQ-COMP_nasdaq_ext_family_subset_d99f60e79f51_Top_2014-01-31\perf_bench.parquet,2.027371726840603,-0.3325949578493188,-0.5987432569164179,0.2511804352409194,,,,,,,,,,,,,,,,,,,,,,,,,,,,,,,,,,,,,,,,,
nasdaq,new,synergy_performance_summary,C:\GoogleDrive\TP\07_backtest_code\runs\ad_hoc\nasdaq_tech_factor_extension_20260710\synergy_performance_summary.csv,NASDAQ COMP,nasdaq_ext_family_subset_d99f60e79f51,Worst,success,Run termine avec succes,2014-01-31,C:\GoogleDrive\TP\07_backtest_code\runs\ad_hoc\nasx_gy_20260711_002100_s00\official_runs\2026-07-11_002805_research_NASDAQ-COMP_nasdaq_ext_family_subset_d99f60e79f51_Worst_2014-01-31,revision + quality_improvement + earnings_yield_improvement + growth_confirmation + residual_risk,family_subset,family_subset,,0.9340358129816442,41573.0,2014-01-31,2026-06-30,494.9166666666667,"validated theme subset: revision, quality_improvement, earnings_yield_improvement, growth_confirmation, residual_risk",3184.0,69.78,0.2282494707995151,True,0.1322363557361092,0.2144918702434555,0.6165098732460886,-0.3059134611940989,-0.5987432569164179,-0.0709514794366384,-0.6526013562635404,0.1128621974213263,-0.6593332774100918,-0.1607101846479407,0.1666666666666666,C:\GoogleDrive\TP\07_backtest_code\runs\ad_hoc\nasx_gy_20260711_002100_s00\official_runs\2026-07-11_002805_research_NASDAQ-COMP_nasdaq_ext_family_subset_d99f60e79f51_Worst_2014-01-31\perf_ptf.parquet,C:\GoogleDrive\TP\07_backtest_code\runs\ad_hoc\nasx_gy_20260711_002100_s00\official_runs\2026-07-11_002805_research_NASDAQ-COMP_nasdaq_ext_family_subset_d99f60e79f51_Worst_2014-01-31\perf_bench.parquet,2.027371726840603,-0.3325949578493188,-0.5987432569164179,0.2511804352409194,,,,,,,,,,,,,,,,,,,,,,,,,,,,,,,,,,,,,,,,,
nasdaq,new,synergy_performance_summary,C:\GoogleDrive\TP\07_backtest_code\runs\ad_hoc\nasdaq_tech_factor_extension_20260710\synergy_performance_summary.csv,NASDAQ COMP,nasdaq_ext_family_subset_da5a55ad596e,Top,success,Run termine avec succes,2013-12-31,C:\GoogleDrive\TP\07_backtest_code\runs\ad_hoc\nasx_gy_20260710_235429_s01\official_runs\2026-07-11_001335_research_NASDAQ-COMP_nasdaq_ext_subset_revision_growth_confirmation_capital_efficiency_intangible_investment_Top_2013-12-31,revision + growth_confirmation + capital_efficiency + intangible_investment,family_subset,family_subset,,0.957064863286077,42598.0,2013-12-31,2026-06-30,507.1190476190476,"validated theme subset: revision, growth_confirmation, capital_efficiency, intangible_investment",3206.0,69.43708609271523,0.1733891757388141,True,0.2428352410370189,0.2746425467363134,0.8841865323589758,-0.3814314529349191,0.325007151187852,0.0227769667367445,-0.3095720749569898,0.1273665495088854,0.2743428776919199,-0.1071936513059834,0.75,C:\GoogleDrive\TP\07_backtest_code\runs\ad_hoc\nasx_gy_20260710_235429_s01\official_runs\2026-07-11_001335_research_NASDAQ-COMP_nasdaq_ext_subset_revision_growth_confirmation_capital_efficiency_intangible_investment_Top_2013-12-31\perf_ptf.parquet,C:\GoogleDrive\TP\07_backtest_code\runs\ad_hoc\nasx_gy_20260710_235429_s01\official_runs\2026-07-11_001335_research_NASDAQ-COMP_nasdaq_ext_subset_revision_growth_confirmation_capital_efficiency_intangible_investment_Top_2013-12-31\perf_bench.parquet,2.1283879994610477,-0.3441888190141245,-0.5764569000341,0.5354968001895272,,,,,,,,,,,,,,,,,,,,,,,,,,,,,,,,,,,,,,,,,
nasdaq,new,synergy_performance_summary,C:\GoogleDrive\TP\07_backtest_code\runs\ad_hoc\nasdaq_tech_factor_extension_20260710\synergy_performance_summary.csv,NASDAQ COMP,nasdaq_ext_family_subset_da5a55ad596e,Worst,success,Run termine avec succes,2013-12-31,C:\GoogleDrive\TP\07_backtest_code\runs\ad_hoc\nasx_gy_20260710_235429_s01\official_runs\2026-07-11_001413_research_NASDAQ-COMP_nasdaq_ext_subset_revision_growth_confirmation_capital_efficiency_intangible_investment_Worst_2013-12-31,revision + growth_confirmation + capital_efficiency + intangible_investment,family_subset,family_subset,,0.957064863286077,42598.0,2013-12-31,2026-06-30,507.1190476190476,"validated theme subset: revision, growth_confirmation, capital_efficiency, intangible_investment",3206.0,69.43708609271523,0.1859647957214207,True,0.1344198099441029,0.2142773168284872,0.627317029789466,-0.3111276191202045,-0.5764569000341,-0.0664422653057481,-0.6440529242567243,0.1138557316541812,-0.6117620639169461,-0.1711957546205971,0.25,C:\GoogleDrive\TP\07_backtest_code\runs\ad_hoc\nasx_gy_20260710_235429_s01\official_runs\2026-07-11_001413_research_NASDAQ-COMP_nasdaq_ext_subset_revision_growth_confirmation_capital_efficiency_intangible_investment_Worst_2013-12-31\perf_ptf.parquet,C:\GoogleDrive\TP\07_backtest_code\runs\ad_hoc\nasx_gy_20260710_235429_s01\official_runs\2026-07-11_001413_research_NASDAQ-COMP_nasdaq_ext_subset_revision_growth_confirmation_capital_efficiency_intangible_investment_Worst_2013-12-31\perf_bench.parquet,2.1283879994610477,-0.3441888190141245,-0.5764569000341,0.5354968001895272,,,,,,,,,,,,,,,,,,,,,,,,,,,,,,,,,,,,,,,,,
nasdaq,new,synergy_performance_summary,C:\GoogleDrive\TP\07_backtest_code\runs\ad_hoc\nasdaq_tech_factor_extension_20260710\synergy_performance_summary.csv,NASDAQ COMP,nasdaq_ext_family_subset_dacb625f4c7c,Top,success,Run termine avec succes,2014-01-31,C:\GoogleDrive\TP\07_backtest_code\runs\ad_hoc\nasx_gy_20260711_002100_s03\official_runs\2026-07-11_002410_research_NASDAQ-COMP_nasdaq_ext_family_subset_dacb625f4c7c_Top_2014-01-31,quality_improvement + growth_confirmation + intangible_investment + residual_risk,family_subset,family_subset,,0.8976611471837157,39954.0,2014-01-31,2026-06-30,475.6428571428572,"validated theme subset: quality_improvement, growth_confirmation, intangible_investment, residual_risk",3184.0,69.78,0.1906114198981353,True,0.2382994893658074,0.268019527274366,0.8891124157601593,-0.3940637339318652,0.218848495246366,0.0160778734769784,-0.3300990059010746,0.1188109796105032,0.2242404754858634,-0.1081283919884157,0.6666666666666666,C:\GoogleDrive\TP\07_backtest_code\runs\ad_hoc\nasx_gy_20260711_002100_s03\official_runs\2026-07-11_002410_research_NASDAQ-COMP_nasdaq_ext_family_subset_dacb625f4c7c_Top_2014-01-31\perf_ptf.parquet,C:\GoogleDrive\TP\07_backtest_code\runs\ad_hoc\nasx_gy_20260711_002100_s03\official_runs\2026-07-11_002410_research_NASDAQ-COMP_nasdaq_ext_family_subset_dacb625f4c7c_Top_2014-01-31\perf_bench.parquet,2.607415167796711,-0.3140890813292131,-0.6621269139945436,0.6354186957436532,,,,,,,,,,,,,,,,,,,,,,,,,,,,,,,,,,,,,,,,,
nasdaq,new,synergy_performance_summary,C:\GoogleDrive\TP\07_backtest_code\runs\ad_hoc\nasdaq_tech_factor_extension_20260710\synergy_performance_summary.csv,NASDAQ COMP,nasdaq_ext_family_subset_dacb625f4c7c,Worst,success,Run termine avec succes,2014-01-31,C:\GoogleDrive\TP\07_backtest_code\runs\ad_hoc\nasx_gy_20260711_002100_s03\official_runs\2026-07-11_002450_research_NASDAQ-COMP_nasdaq_ext_family_subset_dacb625f4c7c_Worst_2014-01-31,quality_improvement + growth_confirmation + intangible_investment + residual_risk,family_subset,family_subset,,0.8976611471837157,39954.0,2014-01-31,2026-06-30,475.6428571428572,"validated theme subset: quality_improvement, growth_confirmation, intangible_investment, residual_risk",3184.0,69.78,0.1861653510103224,True,0.1166556715081688,0.2169579745145522,0.5376878714377205,-0.369330629846656,-0.6621269139945436,-0.0837360995011674,-0.7145498930720187,0.1177928694672064,-0.7427778519564606,-0.1906111335955228,0.25,C:\GoogleDrive\TP\07_backtest_code\runs\ad_hoc\nasx_gy_20260711_002100_s03\official_runs\2026-07-11_002450_research_NASDAQ-COMP_nasdaq_ext_family_subset_dacb625f4c7c_Worst_2014-01-31\perf_ptf.parquet,C:\GoogleDrive\TP\07_backtest_code\runs\ad_hoc\nasx_gy_20260711_002100_s03\official_runs\2026-07-11_002450_research_NASDAQ-COMP_nasdaq_ext_family_subset_dacb625f4c7c_Worst_2014-01-31\perf_bench.parquet,2.607415167796711,-0.3140890813292131,-0.6621269139945436,0.6354186957436532,,,,,,,,,,,,,,,,,,,,,,,,,,,,,,,,,,,,,,,,,
nasdaq,new,synergy_performance_summary,C:\GoogleDrive\TP\07_backtest_code\runs\ad_hoc\nasdaq_tech_factor_extension_20260710\synergy_performance_summary.csv,NASDAQ COMP,nasdaq_ext_family_subset_de1b64a8ee1d,Top,success,Run termine avec succes,2013-12-31,C:\GoogleDrive\TP\07_backtest_code\runs\ad_hoc\nasx_gy_20260711_002100_s03\official_runs\2026-07-11_003441_research_NASDAQ-COMP_nasdaq_ext_family_subset_de1b64a8ee1d_Top_2013-12-31,revision + quality_improvement + growth_confirmation + capital_efficiency + intangible_investment + residual_risk,family_subset,family_subset,,0.9615134017839088,42796.0,2013-12-31,2026-06-30,509.4761904761905,"validated theme subset: revision, quality_improvement, growth_confirmation, capital_efficiency, intangible_investment, residual_risk",3206.0,69.43708609271523,0.1821550481949762,True,0.2440905263686672,0.269244148834138,0.9065769021373752,-0.3971136099587671,0.341827126333087,0.0238099893623511,-0.3397897001204514,0.1223247888270996,0.2819096514437421,-0.1142124578738064,0.6666666666666666,C:\GoogleDrive\TP\07_backtest_code\runs\ad_hoc\nasx_gy_20260711_002100_s03\official_runs\2026-07-11_003441_research_NASDAQ-COMP_nasdaq_ext_family_subset_de1b64a8ee1d_Top_2013-12-31\perf_ptf.parquet,C:\GoogleDrive\TP\07_backtest_code\runs\ad_hoc\nasx_gy_20260711_002100_s03\official_runs\2026-07-11_003441_research_NASDAQ-COMP_nasdaq_ext_family_subset_de1b64a8ee1d_Top_2013-12-31\perf_bench.parquet,2.62811207781991,-0.3130065109698832,-0.6301583033952536,0.7397665183012331,,,,,,,,,,,,,,,,,,,,,,,,,,,,,,,,,,,,,,,,,
nasdaq,new,synergy_performance_summary,C:\GoogleDrive\TP\07_backtest_code\runs\ad_hoc\nasdaq_tech_factor_extension_20260710\synergy_performance_summary.csv,NASDAQ COMP,nasdaq_ext_family_subset_de1b64a8ee1d,Worst,success,Run termine avec succes,2013-12-31,C:\GoogleDrive\TP\07_backtest_code\runs\ad_hoc\nasx_gy_20260711_002100_s03\official_runs\2026-07-11_003521_research_NASDAQ-COMP_nasdaq_ext_family_subset_de1b64a8ee1d_Worst_2013-12-31,revision + quality_improvement + growth_confirmation + capital_efficiency + intangible_investment + residual_risk,family_subset,family_subset,,0.9615134017839088,42796.0,2013-12-31,2026-06-30,509.4761904761905,"validated theme subset: revision, quality_improvement, growth_confirmation, capital_efficiency, intangible_investment, residual_risk",3206.0,69.43708609271523,0.1940076801995248,True,0.1221775746057345,0.2178362548303729,0.5608688723595302,-0.3209283558516372,-0.6301583033952536,-0.0765168720693979,-0.694375113633146,0.1133566068454538,-0.7017823800776157,-0.1814992340216212,0.1666666666666666,C:\GoogleDrive\TP\07_backtest_code\runs\ad_hoc\nasx_gy_20260711_002100_s03\official_runs\2026-07-11_003521_research_NASDAQ-COMP_nasdaq_ext_family_subset_de1b64a8ee1d_Worst_2013-12-31\perf_ptf.parquet,C:\GoogleDrive\TP\07_backtest_code\runs\ad_hoc\nasx_gy_20260711_002100_s03\official_runs\2026-07-11_003521_research_NASDAQ-COMP_nasdaq_ext_family_subset_de1b64a8ee1d_Worst_2013-12-31\perf_bench.parquet,2.62811207781991,-0.3130065109698832,-0.6301583033952536,0.7397665183012331,,,,,,,,,,,,,,,,,,,,,,,,,,,,,,,,,,,,,,,,,
nasdaq,new,synergy_performance_summary,C:\GoogleDrive\TP\07_backtest_code\runs\ad_hoc\nasdaq_tech_factor_extension_20260710\synergy_performance_summary.csv,NASDAQ COMP,nasdaq_ext_family_subset_e15fb8a39d9c,Top,success,Run termine avec succes,2014-01-31,C:\GoogleDrive\TP\07_backtest_code\runs\ad_hoc\nasx_gy_20260711_002100_s00\official_runs\2026-07-11_003243_research_NASDAQ-COMP_nasdaq_ext_family_subset_e15fb8a39d9c_Top_2014-01-31,quality_improvement + earnings_yield_improvement + capital_efficiency + intangible_investment + residual_risk,family_subset,family_subset,,0.9384394167471748,41769.0,2014-01-31,2026-06-30,497.25,"validated theme subset: quality_improvement, earnings_yield_improvement, capital_efficiency, intangible_investment, residual_risk",3184.0,69.78,0.2190403162528224,True,0.2679215021455137,0.266506029690933,1.0053112211240478,-0.361058960306157,0.634323354237978,0.0403840062112543,-0.281328978152081,0.1106378520155284,0.4469152536595245,-0.0748396011678488,0.75,C:\GoogleDrive\TP\07_backtest_code\runs\ad_hoc\nasx_gy_20260711_002100_s00\official_runs\2026-07-11_003243_research_NASDAQ-COMP_nasdaq_ext_family_subset_e15fb8a39d9c_Top_2014-01-31\perf_ptf.parquet,C:\GoogleDrive\TP\07_backtest_code\runs\ad_hoc\nasx_gy_20260711_002100_s00\official_runs\2026-07-11_003243_research_NASDAQ-COMP_nasdaq_ext_family_subset_e15fb8a39d9c_Top_2014-01-31\perf_bench.parquet,3.434502017878448,-0.2580679800498122,-0.6314527882389216,1.603438953689663,,,,,,,,,,,,,,,,,,,,,,,,,,,,,,,,,,,,,,,,,
nasdaq,new,synergy_performance_summary,C:\GoogleDrive\TP\07_backtest_code\runs\ad_hoc\nasdaq_tech_factor_extension_20260710\synergy_performance_summary.csv,NASDAQ COMP,nasdaq_ext_family_subset_e15fb8a39d9c,Worst,success,Run termine avec succes,2014-01-31,C:\GoogleDrive\TP\07_backtest_code\runs\ad_hoc\nasx_gy_20260711_002100_s00\official_runs\2026-07-11_003324_research_NASDAQ-COMP_nasdaq_ext_family_subset_e15fb8a39d9c_Worst_2014-01-31,quality_improvement + earnings_yield_improvement + capital_efficiency + intangible_investment + residual_risk,family_subset,family_subset,,0.9384394167471748,41769.0,2014-01-31,2026-06-30,497.25,"validated theme subset: quality_improvement, earnings_yield_improvement, capital_efficiency, intangible_investment, residual_risk",3184.0,69.78,0.2238378986466365,True,0.1245035715083937,0.2171473635796955,0.5733598117699436,-0.3400270194553232,-0.6314527882389216,-0.0772965607530957,-0.7006159189673699,0.1156898198022811,-0.6964634287290034,-0.1680035144152454,0.1666666666666666,C:\GoogleDrive\TP\07_backtest_code\runs\ad_hoc\nasx_gy_20260711_002100_s00\official_runs\2026-07-11_003324_research_NASDAQ-COMP_nasdaq_ext_family_subset_e15fb8a39d9c_Worst_2014-01-31\perf_ptf.parquet,C:\GoogleDrive\TP\07_backtest_code\runs\ad_hoc\nasx_gy_20260711_002100_s00\official_runs\2026-07-11_003324_research_NASDAQ-COMP_nasdaq_ext_family_subset_e15fb8a39d9c_Worst_2014-01-31\perf_bench.parquet,3.434502017878448,-0.2580679800498122,-0.6314527882389216,1.603438953689663,,,,,,,,,,,,,,,,,,,,,,,,,,,,,,,,,,,,,,,,,
nasdaq,new,synergy_performance_summary,C:\GoogleDrive\TP\07_backtest_code\runs\ad_hoc\nasdaq_tech_factor_extension_20260710\synergy_performance_summary.csv,NASDAQ COMP,nasdaq_ext_family_subset_e1732380b39e,Top,success,Run termine avec succes,2014-07-31,C:\GoogleDrive\TP\07_backtest_code\runs\ad_hoc\nasx_gy_20260710_235429_s04\official_runs\2026-07-11_000352_research_NASDAQ-COMP_nasdaq_ext_subset_quality_improvement_earnings_yield_improvement_residual_risk_Top_2014-07-31,quality_improvement + earnings_yield_improvement + residual_risk,family_subset,family_subset,,0.7302568019951021,32503.0,2014-07-31,2026-06-30,386.9404761904762,"validated theme subset: quality_improvement, earnings_yield_improvement, residual_risk",3057.0,71.9375,0.2248957266775259,True,0.2670021182121678,0.2702924184183774,0.9878268868011064,-0.3645273061551772,0.6665831415272836,0.0438204894190481,-0.2892853104473663,0.1134081363116501,0.467984701318262,-0.0759154298840616,0.6666666666666666,C:\GoogleDrive\TP\07_backtest_code\runs\ad_hoc\nasx_gy_20260710_235429_s04\official_runs\2026-07-11_000352_research_NASDAQ-COMP_nasdaq_ext_subset_quality_improvement_earnings_yield_improvement_residual_risk_Top_2014-07-31\perf_ptf.parquet,C:\GoogleDrive\TP\07_backtest_code\runs\ad_hoc\nasx_gy_20260710_235429_s04\official_runs\2026-07-11_000352_research_NASDAQ-COMP_nasdaq_ext_subset_quality_improvement_earnings_yield_improvement_residual_risk_Top_2014-07-31\perf_bench.parquet,2.0693574326158006,-0.2457845017162012,-0.4570253943650445,0.9333676707447396,,,,,,,,,,,,,,,,,,,,,,,,,,,,,,,,,,,,,,,,,
nasdaq,new,synergy_performance_summary,C:\GoogleDrive\TP\07_backtest_code\runs\ad_hoc\nasdaq_tech_factor_extension_20260710\synergy_performance_summary.csv,NASDAQ COMP,nasdaq_ext_family_subset_e1732380b39e,Worst,success,Run termine avec succes,2014-07-31,C:\GoogleDrive\TP\07_backtest_code\runs\ad_hoc\nasx_gy_20260710_235429_s04\official_runs\2026-07-11_000445_research_NASDAQ-COMP_nasdaq_ext_subset_quality_improvement_earnings_yield_improvement_residual_risk_Worst_2014-07-31,quality_improvement + earnings_yield_improvement + residual_risk,family_subset,family_subset,,0.7302568019951021,32503.0,2014-07-31,2026-06-30,386.9404761904762,"validated theme subset: quality_improvement, earnings_yield_improvement, residual_risk",3057.0,71.9375,0.2372535072981982,True,0.1531402957929053,0.2345631974928654,0.6528743529664892,-0.3143606303781451,-0.4570253943650445,-0.0499846443652008,-0.5375856458362549,0.1126891189434011,-0.4309677511439799,-0.1294467513686396,0.4166666666666667,C:\GoogleDrive\TP\07_backtest_code\runs\ad_hoc\nasx_gy_20260710_235429_s04\official_runs\2026-07-11_000445_research_NASDAQ-COMP_nasdaq_ext_subset_quality_improvement_earnings_yield_improvement_residual_risk_Worst_2014-07-31\perf_ptf.parquet,C:\GoogleDrive\TP\07_backtest_code\runs\ad_hoc\nasx_gy_20260710_235429_s04\official_runs\2026-07-11_000445_research_NASDAQ-COMP_nasdaq_ext_subset_quality_improvement_earnings_yield_improvement_residual_risk_Worst_2014-07-31\perf_bench.parquet,2.0693574326158006,-0.2457845017162012,-0.4570253943650445,0.9333676707447396,,,,,,,,,,,,,,,,,,,,,,,,,,,,,,,,,,,,,,,,,
nasdaq,new,synergy_performance_summary,C:\GoogleDrive\TP\07_backtest_code\runs\ad_hoc\nasdaq_tech_factor_extension_20260710\synergy_performance_summary.csv,NASDAQ COMP,nasdaq_ext_family_subset_e310f0c98a00,Top,success,Run termine avec succes,2013-12-31,C:\GoogleDrive\TP\07_backtest_code\runs\ad_hoc\nasx_gy_20260711_002100_s01\official_runs\2026-07-11_003242_research_NASDAQ-COMP_nasdaq_ext_family_subset_e310f0c98a00_Top_2013-12-31,quality_improvement + growth_confirmation + capital_efficiency + intangible_investment + residual_risk,family_subset,family_subset,,0.94906648093644,42242.0,2013-12-31,2026-06-30,502.8809523809524,"validated theme subset: quality_improvement, growth_confirmation, capital_efficiency, intangible_investment, residual_risk",3206.0,69.43708609271523,0.1829184840728497,True,0.2446525999258004,0.2688045377379922,0.9101505576675456,-0.3940637339318651,0.3494220121707572,0.0242725413313216,-0.3394399916766374,0.120621685246147,0.2885926169023615,-0.1081283919884148,0.75,C:\GoogleDrive\TP\07_backtest_code\runs\ad_hoc\nasx_gy_20260711_002100_s01\official_runs\2026-07-11_003242_research_NASDAQ-COMP_nasdaq_ext_family_subset_e310f0c98a00_Top_2013-12-31\perf_ptf.parquet,C:\GoogleDrive\TP\07_backtest_code\runs\ad_hoc\nasx_gy_20260711_002100_s01\official_runs\2026-07-11_003242_research_NASDAQ-COMP_nasdaq_ext_family_subset_e310f0c98a00_Top_2013-12-31\perf_bench.parquet,3.2079827785579127,-0.306414353215016,-0.6793185516236337,1.0457833408618769,,,,,,,,,,,,,,,,,,,,,,,,,,,,,,,,,,,,,,,,,
nasdaq,new,synergy_performance_summary,C:\GoogleDrive\TP\07_backtest_code\runs\ad_hoc\nasdaq_tech_factor_extension_20260710\synergy_performance_summary.csv,NASDAQ COMP,nasdaq_ext_family_subset_e310f0c98a00,Worst,success,Run termine avec succes,2013-12-31,C:\GoogleDrive\TP\07_backtest_code\runs\ad_hoc\nasx_gy_20260711_002100_s01\official_runs\2026-07-11_003323_research_NASDAQ-COMP_nasdaq_ext_family_subset_e310f0c98a00_Worst_2013-12-31,quality_improvement + growth_confirmation + capital_efficiency + intangible_investment + residual_risk,family_subset,family_subset,,0.94906648093644,42242.0,2013-12-31,2026-06-30,502.8809523809524,"validated theme subset: quality_improvement, growth_confirmation, capital_efficiency, intangible_investment, residual_risk",3206.0,69.43708609271523,0.1824805588752963,True,0.1094416307697443,0.2186301405619546,0.5005788794191034,-0.3582813528994837,-0.6793185516236337,-0.0869977705626163,-0.7269965697419537,0.1137086321164754,-0.7967504340111541,-0.1935909299208771,0.1666666666666666,C:\GoogleDrive\TP\07_backtest_code\runs\ad_hoc\nasx_gy_20260711_002100_s01\official_runs\2026-07-11_003323_research_NASDAQ-COMP_nasdaq_ext_family_subset_e310f0c98a00_Worst_2013-12-31\perf_ptf.parquet,C:\GoogleDrive\TP\07_backtest_code\runs\ad_hoc\nasx_gy_20260711_002100_s01\official_runs\2026-07-11_003323_research_NASDAQ-COMP_nasdaq_ext_family_subset_e310f0c98a00_Worst_2013-12-31\perf_bench.parquet,3.2079827785579127,-0.306414353215016,-0.6793185516236337,1.0457833408618769,,,,,,,,,,,,,,,,,,,,,,,,,,,,,,,,,,,,,,,,,
nasdaq,new,synergy_performance_summary,C:\GoogleDrive\TP\07_backtest_code\runs\ad_hoc\nasdaq_tech_factor_extension_20260710\synergy_performance_summary.csv,NASDAQ COMP,nasdaq_ext_family_subset_e5ed644f3c7c,Top,success,Run termine avec succes,2013-12-31,C:\GoogleDrive\TP\07_backtest_code\runs\ad_hoc\nasx_gy_20260711_002100_s01\official_runs\2026-07-11_002724_research_NASDAQ-COMP_nasdaq_ext_family_subset_e5ed644f3c7c_Top_2013-12-31,revision + quality_improvement + earnings_yield_improvement + capital_efficiency + intangible_investment,family_subset,family_subset,,0.9631984542452088,42871.0,2013-12-31,2026-06-30,510.3690476190476,"validated theme subset: revision, quality_improvement, earnings_yield_improvement, capital_efficiency, intangible_investment",3206.0,69.43708609271523,0.2104285679158821,True,0.2628191359714151,0.2800983563380245,0.9383101686403448,-0.3877684694481941,0.6172692842034209,0.0392224832217238,-0.2883150237907197,0.1254022476389273,0.4156286417104468,-0.089163457400307,0.6666666666666666,C:\GoogleDrive\TP\07_backtest_code\runs\ad_hoc\nasx_gy_20260711_002100_s01\official_runs\2026-07-11_002724_research_NASDAQ-COMP_nasdaq_ext_family_subset_e5ed644f3c7c_Top_2013-12-31\perf_ptf.parquet,C:\GoogleDrive\TP\07_backtest_code\runs\ad_hoc\nasx_gy_20260711_002100_s01\official_runs\2026-07-11_002724_research_NASDAQ-COMP_nasdaq_ext_family_subset_e5ed644f3c7c_Top_2013-12-31\perf_bench.parquet,3.2724284983235723,-0.2784676703642798,-0.6214636980260735,1.4622877807445334,,,,,,,,,,,,,,,,,,,,,,,,,,,,,,,,,,,,,,,,,
nasdaq,new,synergy_performance_summary,C:\GoogleDrive\TP\07_backtest_code\runs\ad_hoc\nasdaq_tech_factor_extension_20260710\synergy_performance_summary.csv,NASDAQ COMP,nasdaq_ext_family_subset_e5ed644f3c7c,Worst,success,Run termine avec succes,2013-12-31,C:\GoogleDrive\TP\07_backtest_code\runs\ad_hoc\nasx_gy_20260711_002100_s01\official_runs\2026-07-11_002806_research_NASDAQ-COMP_nasdaq_ext_family_subset_e5ed644f3c7c_Worst_2013-12-31,revision + quality_improvement + earnings_yield_improvement + capital_efficiency + intangible_investment,family_subset,family_subset,,0.9631984542452088,42871.0,2013-12-31,2026-06-30,510.3690476190476,"validated theme subset: revision, quality_improvement, earnings_yield_improvement, capital_efficiency, intangible_investment",3206.0,69.43708609271523,0.2267553198673954,True,0.1242663341513776,0.2141417274665672,0.5802994849323736,-0.3339410768639039,-0.6214636980260735,-0.0747979514258597,-0.6735297816443737,0.1113183845078999,-0.7053131144610836,-0.1815776950121469,0.1666666666666666,C:\GoogleDrive\TP\07_backtest_code\runs\ad_hoc\nasx_gy_20260711_002100_s01\official_runs\2026-07-11_002806_research_NASDAQ-COMP_nasdaq_ext_family_subset_e5ed644f3c7c_Worst_2013-12-31\perf_ptf.parquet,C:\GoogleDrive\TP\07_backtest_code\runs\ad_hoc\nasx_gy_20260711_002100_s01\official_runs\2026-07-11_002806_research_NASDAQ-COMP_nasdaq_ext_family_subset_e5ed644f3c7c_Worst_2013-12-31\perf_bench.parquet,3.2724284983235723,-0.2784676703642798,-0.6214636980260735,1.4622877807445334,,,,,,,,,,,,,,,,,,,,,,,,,,,,,,,,,,,,,,,,,
nasdaq,new,synergy_performance_summary,C:\GoogleDrive\TP\07_backtest_code\runs\ad_hoc\nasdaq_tech_factor_extension_20260710\synergy_performance_summary.csv,NASDAQ COMP,nasdaq_ext_family_subset_e8445bfe1a2c,Top,success,Run termine avec succes,2014-01-31,C:\GoogleDrive\TP\07_backtest_code\runs\ad_hoc\nasx_gy_20260710_235429_s00\official_runs\2026-07-11_000022_research_NASDAQ-COMP_nasdaq_ext_subset_revision_quality_improvement_capital_efficiency_Top_2014-01-31,revision + quality_improvement + capital_efficiency,family_subset,family_subset,,0.916084387427262,40774.0,2014-01-31,2026-06-30,485.4047619047619,"validated theme subset: revision, quality_improvement, capital_efficiency",3184.0,69.78,0.2035266807500673,True,0.2423082368617926,0.2653244544715866,0.9132525584359248,-0.3759591511810806,0.268721762442208,0.019367222835519,-0.3975130326075436,0.1249081460887011,0.2327147772971837,-0.138051372651102,0.6666666666666666,C:\GoogleDrive\TP\07_backtest_code\runs\ad_hoc\nasx_gy_20260710_235429_s00\official_runs\2026-07-11_000022_research_NASDAQ-COMP_nasdaq_ext_subset_revision_quality_improvement_capital_efficiency_Top_2014-01-31\perf_ptf.parquet,C:\GoogleDrive\TP\07_backtest_code\runs\ad_hoc\nasx_gy_20260710_235429_s00\official_runs\2026-07-11_000022_research_NASDAQ-COMP_nasdaq_ext_subset_revision_quality_improvement_capital_efficiency_Top_2014-01-31\perf_bench.parquet,2.7043989470736403,-0.300789025622185,-0.6575094150038946,0.5629356520241376,,,,,,,,,,,,,,,,,,,,,,,,,,,,,,,,,,,,,,,,,
nasdaq,new,synergy_performance_summary,C:\GoogleDrive\TP\07_backtest_code\runs\ad_hoc\nasdaq_tech_factor_extension_20260710\synergy_performance_summary.csv,NASDAQ COMP,nasdaq_ext_family_subset_e8445bfe1a2c,Worst,success,Run termine avec succes,2014-01-31,C:\GoogleDrive\TP\07_backtest_code\runs\ad_hoc\nasx_gy_20260710_235429_s00\official_runs\2026-07-11_000115_research_NASDAQ-COMP_nasdaq_ext_subset_revision_quality_improvement_capital_efficiency_Worst_2014-01-31,revision + quality_improvement + capital_efficiency,family_subset,family_subset,,0.916084387427262,40774.0,2014-01-31,2026-06-30,485.4047619047619,"validated theme subset: revision, quality_improvement, capital_efficiency",3184.0,69.78,0.2277960199463807,True,0.1178779200543982,0.2165889344699412,0.5442471950050506,-0.3310486347610285,-0.6575094150038946,-0.0827331921153707,-0.695703943029627,0.1098413756550902,-0.78750258072398,-0.192866814349683,0.1666666666666666,C:\GoogleDrive\TP\07_backtest_code\runs\ad_hoc\nasx_gy_20260710_235429_s00\official_runs\2026-07-11_000115_research_NASDAQ-COMP_nasdaq_ext_subset_revision_quality_improvement_capital_efficiency_Worst_2014-01-31\perf_ptf.parquet,C:\GoogleDrive\TP\07_backtest_code\runs\ad_hoc\nasx_gy_20260710_235429_s00\official_runs\2026-07-11_000115_research_NASDAQ-COMP_nasdaq_ext_subset_revision_quality_improvement_capital_efficiency_Worst_2014-01-31\perf_bench.parquet,2.7043989470736403,-0.300789025622185,-0.6575094150038946,0.5629356520241376,,,,,,,,,,,,,,,,,,,,,,,,,,,,,,,,,,,,,,,,,
nasdaq,new,synergy_performance_summary,C:\GoogleDrive\TP\07_backtest_code\runs\ad_hoc\nasdaq_tech_factor_extension_20260710\synergy_performance_summary.csv,NASDAQ COMP,nasdaq_ext_family_subset_e8e7435b064b,Top,success,Run termine avec succes,2014-03-31,C:\GoogleDrive\TP\07_backtest_code\runs\ad_hoc\nasx_gy_20260710_235429_s04\official_runs\2026-07-10_235839_research_NASDAQ-COMP_nasdaq_ext_subset_revision_quality_improvement_earnings_yield_improvement_Top_2014-03-31,revision + quality_improvement + earnings_yield_improvement,family_subset,family_subset,,0.8615336224134444,38346.0,2014-03-31,2026-06-30,456.5,"validated theme subset: revision, quality_improvement, earnings_yield_improvement",3142.0,70.47972972972973,0.2282913124938785,True,0.2521678409329579,0.2744201688539752,0.9189114706329834,-0.4084058033476716,0.4179422323430215,0.0289189208008475,-0.3758664648348188,0.1192371903508686,0.3395634187606612,-0.0985426171384563,0.5833333333333334,C:\GoogleDrive\TP\07_backtest_code\runs\ad_hoc\nasx_gy_20260710_235429_s04\official_runs\2026-07-10_235839_research_NASDAQ-COMP_nasdaq_ext_subset_revision_quality_improvement_earnings_yield_improvement_Top_2014-03-31\perf_ptf.parquet,C:\GoogleDrive\TP\07_backtest_code\runs\ad_hoc\nasx_gy_20260710_235429_s04\official_runs\2026-07-10_235839_research_NASDAQ-COMP_nasdaq_ext_subset_revision_quality_improvement_earnings_yield_improvement_Top_2014-03-31\perf_bench.parquet,2.8377784630555425,-0.2440855667402224,-0.6305304628724995,0.8673187267118302,,,,,,,,,,,,,,,,,,,,,,,,,,,,,,,,,,,,,,,,,
nasdaq,new,synergy_performance_summary,C:\GoogleDrive\TP\07_backtest_code\runs\ad_hoc\nasdaq_tech_factor_extension_20260710\synergy_performance_summary.csv,NASDAQ COMP,nasdaq_ext_family_subset_e8e7435b064b,Worst,success,Run termine avec succes,2014-03-31,C:\GoogleDrive\TP\07_backtest_code\runs\ad_hoc\nasx_gy_20260710_235429_s04\official_runs\2026-07-10_235933_research_NASDAQ-COMP_nasdaq_ext_subset_revision_quality_improvement_earnings_yield_improvement_Worst_2014-03-31,revision + quality_improvement + earnings_yield_improvement,family_subset,family_subset,,0.8615336224134444,38346.0,2014-03-31,2026-06-30,456.5,"validated theme subset: revision, quality_improvement, earnings_yield_improvement",3142.0,70.47972972972973,0.2509810500210115,True,0.1219647784327242,0.221085456010261,0.551663508915139,-0.3337190520664452,-0.6305304628724995,-0.0780702464444073,-0.6680125101704266,0.1025319654495054,-0.787488016852258,-0.1627402095943949,0.1666666666666666,C:\GoogleDrive\TP\07_backtest_code\runs\ad_hoc\nasx_gy_20260710_235429_s04\official_runs\2026-07-10_235933_research_NASDAQ-COMP_nasdaq_ext_subset_revision_quality_improvement_earnings_yield_improvement_Worst_2014-03-31\perf_ptf.parquet,C:\GoogleDrive\TP\07_backtest_code\runs\ad_hoc\nasx_gy_20260710_235429_s04\official_runs\2026-07-10_235933_research_NASDAQ-COMP_nasdaq_ext_subset_revision_quality_improvement_earnings_yield_improvement_Worst_2014-03-31\perf_bench.parquet,2.8377784630555425,-0.2440855667402224,-0.6305304628724995,0.8673187267118302,,,,,,,,,,,,,,,,,,,,,,,,,,,,,,,,,,,,,,,,,
nasdaq,new,synergy_performance_summary,C:\GoogleDrive\TP\07_backtest_code\runs\ad_hoc\nasdaq_tech_factor_extension_20260710\synergy_performance_summary.csv,NASDAQ COMP,nasdaq_ext_family_subset_f24056961b83,Top,success,Run termine avec succes,2013-12-31,C:\GoogleDrive\TP\07_backtest_code\runs\ad_hoc\nasx_gy_20260711_002100_s03\official_runs\2026-07-11_002643_research_NASDAQ-COMP_nasdaq_ext_family_subset_f24056961b83_Top_2013-12-31,revision + quality_improvement + earnings_yield_improvement + growth_confirmation + intangible_investment,family_subset,family_subset,,0.9632883237098115,42875.0,2013-12-31,2026-06-30,510.4166666666667,"validated theme subset: revision, quality_improvement, earnings_yield_improvement, growth_confirmation, intangible_investment",3206.0,69.43708609271523,0.2081034496648626,True,0.2701825005442426,0.2812999921714268,0.9604781658848782,-0.3960750357770468,0.7391347783454048,0.0452820794047943,-0.3088028992432159,0.1256576059029079,0.4632428989075289,-0.0778573428817631,0.75,C:\GoogleDrive\TP\07_backtest_code\runs\ad_hoc\nasx_gy_20260711_002100_s03\official_runs\2026-07-11_002643_research_NASDAQ-COMP_nasdaq_ext_family_subset_f24056961b83_Top_2013-12-31\perf_ptf.parquet,C:\GoogleDrive\TP\07_backtest_code\runs\ad_hoc\nasx_gy_20260711_002100_s03\official_runs\2026-07-11_002643_research_NASDAQ-COMP_nasdaq_ext_family_subset_f24056961b83_Top_2013-12-31\perf_bench.parquet,3.556255601015211,-0.289648273199152,-0.6182973628700954,1.6961418315819077,,,,,,,,,,,,,,,,,,,,,,,,,,,,,,,,,,,,,,,,,
nasdaq,new,synergy_performance_summary,C:\GoogleDrive\TP\07_backtest_code\runs\ad_hoc\nasdaq_tech_factor_extension_20260710\synergy_performance_summary.csv,NASDAQ COMP,nasdaq_ext_family_subset_f24056961b83,Worst,success,Run termine avec succes,2013-12-31,C:\GoogleDrive\TP\07_backtest_code\runs\ad_hoc\nasx_gy_20260711_002100_s03\official_runs\2026-07-11_002725_research_NASDAQ-COMP_nasdaq_ext_family_subset_f24056961b83_Worst_2013-12-31,revision + quality_improvement + earnings_yield_improvement + growth_confirmation + intangible_investment,family_subset,family_subset,,0.9632883237098115,42875.0,2013-12-31,2026-06-30,510.4166666666667,"validated theme subset: revision, quality_improvement, earnings_yield_improvement, growth_confirmation, intangible_investment",3206.0,69.43708609271523,0.2311907066300265,True,0.1250160519806529,0.2122633911110484,0.5889666198503777,-0.311558227044961,-0.6182973628700954,-0.0741809797613817,-0.6752141806077531,0.111080779684852,-0.7045560709950144,-0.172340715394421,0.1666666666666666,C:\GoogleDrive\TP\07_backtest_code\runs\ad_hoc\nasx_gy_20260711_002100_s03\official_runs\2026-07-11_002725_research_NASDAQ-COMP_nasdaq_ext_family_subset_f24056961b83_Worst_2013-12-31\perf_ptf.parquet,C:\GoogleDrive\TP\07_backtest_code\runs\ad_hoc\nasx_gy_20260711_002100_s03\official_runs\2026-07-11_002725_research_NASDAQ-COMP_nasdaq_ext_family_subset_f24056961b83_Worst_2013-12-31\perf_bench.parquet,3.556255601015211,-0.289648273199152,-0.6182973628700954,1.6961418315819077,,,,,,,,,,,,,,,,,,,,,,,,,,,,,,,,,,,,,,,,,
nasdaq,new,synergy_performance_summary,C:\GoogleDrive\TP\07_backtest_code\runs\ad_hoc\nasdaq_tech_factor_extension_20260710\synergy_performance_summary.csv,NASDAQ COMP,nasdaq_ext_family_subset_f54c074f7472,Top,success,Run termine avec succes,2014-03-31,C:\GoogleDrive\TP\07_backtest_code\runs\ad_hoc\nasx_gy_20260711_002100_s00\official_runs\2026-07-11_002604_research_NASDAQ-COMP_nasdaq_ext_family_subset_f54c074f7472_Top_2014-03-31,earnings_yield_improvement + capital_efficiency + intangible_investment + residual_risk,family_subset,family_subset,,0.8654429441236604,38520.0,2014-03-31,2026-06-30,458.57142857142856,"validated theme subset: earnings_yield_improvement, capital_efficiency, intangible_investment, residual_risk",3142.0,70.47972972972973,0.205347249733638,True,0.2467793311242201,0.2687284660484151,0.9183222557440543,-0.3610455462349975,0.3449820295429471,0.0244911280434481,-0.2925276227375998,0.1127666971747358,0.3076870530927375,-0.0866113526051836,0.75,C:\GoogleDrive\TP\07_backtest_code\runs\ad_hoc\nasx_gy_20260711_002100_s00\official_runs\2026-07-11_002604_research_NASDAQ-COMP_nasdaq_ext_family_subset_f54c074f7472_Top_2014-03-31\perf_ptf.parquet,C:\GoogleDrive\TP\07_backtest_code\runs\ad_hoc\nasx_gy_20260711_002100_s00\official_runs\2026-07-11_002604_research_NASDAQ-COMP_nasdaq_ext_family_subset_f54c074f7472_Top_2014-03-31\perf_bench.parquet,1.8856502559209969,-0.3081365281816651,-0.5339067765460452,0.5033738622483265,,,,,,,,,,,,,,,,,,,,,,,,,,,,,,,,,,,,,,,,,
nasdaq,new,synergy_performance_summary,C:\GoogleDrive\TP\07_backtest_code\runs\ad_hoc\nasdaq_tech_factor_extension_20260710\synergy_performance_summary.csv,NASDAQ COMP,nasdaq_ext_family_subset_f54c074f7472,Worst,success,Run termine avec succes,2014-03-31,C:\GoogleDrive\TP\07_backtest_code\runs\ad_hoc\nasx_gy_20260711_002100_s00\official_runs\2026-07-11_002644_research_NASDAQ-COMP_nasdaq_ext_family_subset_f54c074f7472_Worst_2014-03-31,earnings_yield_improvement + capital_efficiency + intangible_investment + residual_risk,family_subset,family_subset,,0.8654429441236604,38520.0,2014-03-31,2026-06-30,458.57142857142856,"validated theme subset: earnings_yield_improvement, capital_efficiency, intangible_investment, residual_risk",3142.0,70.47972972972973,0.2135443216991694,True,0.1434470438484361,0.2254048351781784,0.6363973680291456,-0.3305538805399511,-0.5339067765460452,-0.060418052684645,-0.6166255027505012,0.1043771562827231,-0.5859503660242613,-0.1586530577697993,0.4166666666666667,C:\GoogleDrive\TP\07_backtest_code\runs\ad_hoc\nasx_gy_20260711_002100_s00\official_runs\2026-07-11_002644_research_NASDAQ-COMP_nasdaq_ext_family_subset_f54c074f7472_Worst_2014-03-31\perf_ptf.parquet,C:\GoogleDrive\TP\07_backtest_code\runs\ad_hoc\nasx_gy_20260711_002100_s00\official_runs\2026-07-11_002644_research_NASDAQ-COMP_nasdaq_ext_family_subset_f54c074f7472_Worst_2014-03-31\perf_bench.parquet,1.8856502559209969,-0.3081365281816651,-0.5339067765460452,0.5033738622483265,,,,,,,,,,,,,,,,,,,,,,,,,,,,,,,,,,,,,,,,,
nasdaq,new,synergy_performance_summary,C:\GoogleDrive\TP\07_backtest_code\runs\ad_hoc\nasdaq_tech_factor_extension_20260710\synergy_performance_summary.csv,NASDAQ COMP,nasdaq_ext_family_subset_fb39aefecfee,Top,success,Run termine avec succes,2014-03-31,C:\GoogleDrive\TP\07_backtest_code\runs\ad_hoc\nasx_gy_20260710_235429_s05\official_runs\2026-07-11_000025_research_NASDAQ-COMP_nasdaq_ext_subset_revision_earnings_yield_improvement_intangible_investment_Top_2014-03-31,revision + earnings_yield_improvement + intangible_investment,family_subset,family_subset,,0.8301691792671145,36950.0,2014-03-31,2026-06-30,439.8809523809524,"validated theme subset: revision, earnings_yield_improvement, intangible_investment",3142.0,70.47972972972973,0.2102343374334719,True,0.2376903453295327,0.269662871646258,0.8814351930559181,-0.3816577454141028,0.2296845405430816,0.0170226169147196,-0.3293116759157106,0.1178969950309858,0.2352670078547342,-0.0956443749237788,0.5833333333333334,C:\GoogleDrive\TP\07_backtest_code\runs\ad_hoc\nasx_gy_20260710_235429_s05\official_runs\2026-07-11_000025_research_NASDAQ-COMP_nasdaq_ext_subset_revision_earnings_yield_improvement_intangible_investment_Top_2014-03-31\perf_ptf.parquet,C:\GoogleDrive\TP\07_backtest_code\runs\ad_hoc\nasx_gy_20260710_235429_s05\official_runs\2026-07-11_000025_research_NASDAQ-COMP_nasdaq_ext_subset_revision_earnings_yield_improvement_intangible_investment_Top_2014-03-31\perf_bench.parquet,2.082186614396384,-0.2719600621182941,-0.6010350136492617,0.3986131259550877,,,,,,,,,,,,,,,,,,,,,,,,,,,,,,,,,,,,,,,,,
nasdaq,new,synergy_performance_summary,C:\GoogleDrive\TP\07_backtest_code\runs\ad_hoc\nasdaq_tech_factor_extension_20260710\synergy_performance_summary.csv,NASDAQ COMP,nasdaq_ext_family_subset_fb39aefecfee,Worst,success,Run termine avec succes,2014-03-31,C:\GoogleDrive\TP\07_backtest_code\runs\ad_hoc\nasx_gy_20260710_235429_s05\official_runs\2026-07-11_000118_research_NASDAQ-COMP_nasdaq_ext_subset_revision_earnings_yield_improvement_intangible_investment_Worst_2014-03-31,revision + earnings_yield_improvement + intangible_investment,family_subset,family_subset,,0.8301691792671145,36950.0,2014-03-31,2026-06-30,439.8809523809524,"validated theme subset: revision, earnings_yield_improvement, intangible_investment",3142.0,70.47972972972973,0.2308068007743688,True,0.1290218953644808,0.2196360557256909,0.5874349497771877,-0.3239479329987709,-0.6010350136492617,-0.0722713424157122,-0.6478442297785476,0.1045232638076095,-0.7166222239019719,-0.1553973088419421,0.1666666666666666,C:\GoogleDrive\TP\07_backtest_code\runs\ad_hoc\nasx_gy_20260710_235429_s05\official_runs\2026-07-11_000118_research_NASDAQ-COMP_nasdaq_ext_subset_revision_earnings_yield_improvement_intangible_investment_Worst_2014-03-31\perf_ptf.parquet,C:\GoogleDrive\TP\07_backtest_code\runs\ad_hoc\nasx_gy_20260710_235429_s05\official_runs\2026-07-11_000118_research_NASDAQ-COMP_nasdaq_ext_subset_revision_earnings_yield_improvement_intangible_investment_Worst_2014-03-31\perf_bench.parquet,2.082186614396384,-0.2719600621182941,-0.6010350136492617,0.3986131259550877,,,,,,,,,,,,,,,,,,,,,,,,,,,,,,,,,,,,,,,,,
nasdaq,new,synergy_performance_summary,C:\GoogleDrive\TP\07_backtest_code\runs\ad_hoc\nasdaq_tech_factor_extension_20260710\synergy_performance_summary.csv,NASDAQ COMP,nasdaq_ext_family_subset_fb4aa8fce5e4,Top,success,Run termine avec succes,2013-12-31,C:\GoogleDrive\TP\07_backtest_code\runs\ad_hoc\nasx_gy_20260711_002100_s00\official_runs\2026-07-11_003403_research_NASDAQ-COMP_nasdaq_ext_family_subset_fb4aa8fce5e4_Top_2013-12-31,revision + quality_improvement + earnings_yield_improvement + growth_confirmation + capital_efficiency + residual_risk,family_subset,family_subset,,0.9606371745040329,42757.0,2013-12-31,2026-06-30,509.0119047619048,"validated theme subset: revision, quality_improvement, earnings_yield_improvement, growth_confirmation, capital_efficiency, residual_risk",3206.0,69.43708609271523,0.1974299601504197,True,0.2421137541975144,0.2718745823462632,0.8905347168098082,-0.398129443103371,0.3154277158230858,0.0221832274405904,-0.3816801904124393,0.1250442279344938,0.2690796981834818,-0.1166437114591371,0.6666666666666666,C:\GoogleDrive\TP\07_backtest_code\runs\ad_hoc\nasx_gy_20260711_002100_s00\official_runs\2026-07-11_003403_research_NASDAQ-COMP_nasdaq_ext_family_subset_fb4aa8fce5e4_Top_2013-12-31\perf_ptf.parquet,C:\GoogleDrive\TP\07_backtest_code\runs\ad_hoc\nasx_gy_20260711_002100_s00\official_runs\2026-07-11_003403_research_NASDAQ-COMP_nasdaq_ext_family_subset_fb4aa8fce5e4_Top_2013-12-31\perf_bench.parquet,2.788043349197721,-0.3336875627800076,-0.652742169357253,0.7044010702034366,,,,,,,,,,,,,,,,,,,,,,,,,,,,,,,,,,,,,,,,,
nasdaq,new,synergy_performance_summary,C:\GoogleDrive\TP\07_backtest_code\runs\ad_hoc\nasdaq_tech_factor_extension_20260710\synergy_performance_summary.csv,NASDAQ COMP,nasdaq_ext_family_subset_fb4aa8fce5e4,Worst,success,Run termine avec succes,2013-12-31,C:\GoogleDrive\TP\07_backtest_code\runs\ad_hoc\nasx_gy_20260711_002100_s00\official_runs\2026-07-11_003444_research_NASDAQ-COMP_nasdaq_ext_family_subset_fb4aa8fce5e4_Worst_2013-12-31,revision + quality_improvement + earnings_yield_improvement + growth_confirmation + capital_efficiency + residual_risk,family_subset,family_subset,,0.9606371745040329,42757.0,2013-12-31,2026-06-30,509.0119047619048,"validated theme subset: revision, quality_improvement, earnings_yield_improvement, growth_confirmation, capital_efficiency, residual_risk",3206.0,69.43708609271523,0.2101665812872699,True,0.1165333513624218,0.2136914234296887,0.5453347143843843,-0.3136123212670257,-0.652742169357253,-0.0811617206686087,-0.7053594092987655,0.1132200626414921,-0.7542523896117456,-0.1759443228589132,0.1666666666666666,C:\GoogleDrive\TP\07_backtest_code\runs\ad_hoc\nasx_gy_20260711_002100_s00\official_runs\2026-07-11_003444_research_NASDAQ-COMP_nasdaq_ext_family_subset_fb4aa8fce5e4_Worst_2013-12-31\perf_ptf.parquet,C:\GoogleDrive\TP\07_backtest_code\runs\ad_hoc\nasx_gy_20260711_002100_s00\official_runs\2026-07-11_003444_research_NASDAQ-COMP_nasdaq_ext_family_subset_fb4aa8fce5e4_Worst_2013-12-31\perf_bench.parquet,2.788043349197721,-0.3336875627800076,-0.652742169357253,0.7044010702034366,,,,,,,,,,,,,,,,,,,,,,,,,,,,,,,,,,,,,,,,,
nasdaq,new,synergy_performance_summary,C:\GoogleDrive\TP\07_backtest_code\runs\ad_hoc\nasdaq_tech_factor_extension_20260710\synergy_performance_summary.csv,NASDAQ COMP,nasdaq_ext_family_subset_fcf9dafe8461,Top,success,Run termine avec succes,2014-03-31,C:\GoogleDrive\TP\07_backtest_code\runs\ad_hoc\nasx_gy_20260710_235429_s04\official_runs\2026-07-11_000025_research_NASDAQ-COMP_nasdaq_ext_subset_revision_earnings_yield_improvement_capital_efficiency_Top_2014-03-31,revision + earnings_yield_improvement + capital_efficiency,family_subset,family_subset,,0.8598485699521445,38271.0,2014-03-31,2026-06-30,455.6071428571428,"validated theme subset: revision, earnings_yield_improvement, capital_efficiency",3142.0,70.47972972972973,0.2077653603971461,True,0.2417147254994875,0.2691607711019041,0.8980310336827446,-0.3687554828936632,0.2795666219860033,0.0203294906148756,-0.3076006356605569,0.1152760825050114,0.2673178202381578,-0.0927236073367716,0.6666666666666666,C:\GoogleDrive\TP\07_backtest_code\runs\ad_hoc\nasx_gy_20260710_235429_s04\official_runs\2026-07-11_000025_research_NASDAQ-COMP_nasdaq_ext_subset_revision_earnings_yield_improvement_capital_efficiency_Top_2014-03-31\perf_ptf.parquet,C:\GoogleDrive\TP\07_backtest_code\runs\ad_hoc\nasx_gy_20260710_235429_s04\official_runs\2026-07-11_000025_research_NASDAQ-COMP_nasdaq_ext_subset_revision_earnings_yield_improvement_capital_efficiency_Top_2014-03-31\perf_bench.parquet,1.2006335854063797,-0.323754541025045,-0.4185462630073818,0.0566824535262961,,,,,,,,,,,,,,,,,,,,,,,,,,,,,,,,,,,,,,,,,
nasdaq,new,synergy_performance_summary,C:\GoogleDrive\TP\07_backtest_code\runs\ad_hoc\nasdaq_tech_factor_extension_20260710\synergy_performance_summary.csv,NASDAQ COMP,nasdaq_ext_family_subset_fcf9dafe8461,Worst,success,Run termine avec succes,2014-03-31,C:\GoogleDrive\TP\07_backtest_code\runs\ad_hoc\nasx_gy_20260710_235429_s04\official_runs\2026-07-11_000118_research_NASDAQ-COMP_nasdaq_ext_subset_revision_earnings_yield_improvement_capital_efficiency_Worst_2014-03-31,revision + earnings_yield_improvement + capital_efficiency,family_subset,family_subset,,0.8598485699521445,38271.0,2014-03-31,2026-06-30,455.6071428571428,"validated theme subset: revision, earnings_yield_improvement, capital_efficiency",3142.0,70.47972972972973,0.2306573250374166,True,0.1642782856510269,0.2211337549106008,0.7428910421995087,-0.2938155800197013,-0.4185462630073818,-0.0433008115818119,-0.472892744810366,0.0976596738826333,-0.4543463938852988,-0.1395899336926895,0.3333333333333333,C:\GoogleDrive\TP\07_backtest_code\runs\ad_hoc\nasx_gy_20260710_235429_s04\official_runs\2026-07-11_000118_research_NASDAQ-COMP_nasdaq_ext_subset_revision_earnings_yield_improvement_capital_efficiency_Worst_2014-03-31\perf_ptf.parquet,C:\GoogleDrive\TP\07_backtest_code\runs\ad_hoc\nasx_gy_20260710_235429_s04\official_runs\2026-07-11_000118_research_NASDAQ-COMP_nasdaq_ext_subset_revision_earnings_yield_improvement_capital_efficiency_Worst_2014-03-31\perf_bench.parquet,1.2006335854063797,-0.323754541025045,-0.4185462630073818,0.0566824535262961,,,,,,,,,,,,,,,,,,,,,,,,,,,,,,,,,,,,,,,,,
nasdaq,new,synergy_performance_summary,C:\GoogleDrive\TP\07_backtest_code\runs\ad_hoc\nasdaq_tech_factor_extension_20260710\synergy_performance_summary.csv,NASDAQ COMP,nasdaq_ext_full_theme_composite,Top,success,Run termine avec succes,2013-12-31,C:\GoogleDrive\TP\07_backtest_code\runs\ad_hoc\nasx_gy_20260711_002100_s03\official_runs\2026-07-11_003600_research_NASDAQ-COMP_nasdaq_ext_full_theme_composite_Top_2013-12-31,all validated themes,full_composite,full_composite,,0.9521220427329304,42378.0,2013-12-31,2026-06-30,504.5,all passed themes equal weight,3206.0,69.43708609271523,0.1910714285972519,True,0.2500875876390502,0.269824041251884,0.926854354707372,-0.3971136099587674,0.4249283461225475,0.0287452019576575,-0.3423909071739663,0.123128092377998,0.3197404181632461,-0.1142124578738067,0.6666666666666666,C:\GoogleDrive\TP\07_backtest_code\runs\ad_hoc\nasx_gy_20260711_002100_s03\official_runs\2026-07-11_003600_research_NASDAQ-COMP_nasdaq_ext_full_theme_composite_Top_2013-12-31\perf_ptf.parquet,C:\GoogleDrive\TP\07_backtest_code\runs\ad_hoc\nasx_gy_20260711_002100_s03\official_runs\2026-07-11_003600_research_NASDAQ-COMP_nasdaq_ext_full_theme_composite_Top_2013-12-31\perf_bench.parquet,2.872002268806244,-0.322284334755058,-0.6319918617811504,0.9388071159259318,,,,,,,,,,,,,,,,,,,,,,,,,,,,,,,,,,,,,,,,,
nasdaq,new,synergy_performance_summary,C:\GoogleDrive\TP\07_backtest_code\runs\ad_hoc\nasdaq_tech_factor_extension_20260710\synergy_performance_summary.csv,NASDAQ COMP,nasdaq_ext_full_theme_composite,Worst,success,Run termine avec succes,2013-12-31,C:\GoogleDrive\TP\07_backtest_code\runs\ad_hoc\nasx_gy_20260711_002100_s03\official_runs\2026-07-11_003641_research_NASDAQ-COMP_nasdaq_ext_full_theme_composite_Worst_2013-12-31,all validated themes,full_composite,full_composite,,0.9521220427329304,42378.0,2013-12-31,2026-06-30,504.5,all passed themes equal weight,3206.0,69.43708609271523,0.208945298013416,True,0.1217313253985521,0.2138220903837245,0.5693112679802795,-0.3210104317316686,-0.6319918617811504,-0.0768841077217679,-0.6992011813056694,0.1138849804626004,-0.7095384668930025,-0.1747455773655707,0.1666666666666666,C:\GoogleDrive\TP\07_backtest_code\runs\ad_hoc\nasx_gy_20260711_002100_s03\official_runs\2026-07-11_003641_research_NASDAQ-COMP_nasdaq_ext_full_theme_composite_Worst_2013-12-31\perf_ptf.parquet,C:\GoogleDrive\TP\07_backtest_code\runs\ad_hoc\nasx_gy_20260711_002100_s03\official_runs\2026-07-11_003641_research_NASDAQ-COMP_nasdaq_ext_full_theme_composite_Worst_2013-12-31\perf_bench.parquet,2.872002268806244,-0.322284334755058,-0.6319918617811504,0.9388071159259318,,,,,,,,,,,,,,,,,,,,,,,,,,,,,,,,,,,,,,,,,
nasdaq,new,synergy_performance_summary,C:\GoogleDrive\TP\07_backtest_code\runs\ad_hoc\nasdaq_tech_factor_extension_20260710\synergy_performance_summary.csv,NASDAQ COMP,nasdaq_ext_subset_capital_efficiency_intangible_investment,Top,success,Run termine avec succes,2013-12-31,C:\GoogleDrive\TP\07_backtest_code\runs\ad_hoc\nasx_gy_20260710_235429_s01\official_runs\2026-07-10_235838_research_NASDAQ-COMP_nasdaq_ext_subset_capital_efficiency_intangible_investment_Top_2013-12-31,capital_efficiency + intangible_investment,family_subset,family_subset,,0.9166460715810284,40799.0,2013-12-31,2026-06-30,485.70238095238096,"validated theme subset: capital_efficiency, intangible_investment",3206.0,69.43708609271523,0.1534217253119993,True,0.2558680277716718,0.2797384994027553,0.914668622009315,-0.3930633728487609,0.5094843926165391,0.033502148679182,-0.2760669810125808,0.1238760554179652,0.3759577971373113,-0.0726100001271266,0.75,C:\GoogleDrive\TP\07_backtest_code\runs\ad_hoc\nasx_gy_20260710_235429_s01\official_runs\2026-07-10_235838_research_NASDAQ-COMP_nasdaq_ext_subset_capital_efficiency_intangible_investment_Top_2013-12-31\perf_ptf.parquet,C:\GoogleDrive\TP\07_backtest_code\runs\ad_hoc\nasx_gy_20260710_235429_s01\official_runs\2026-07-10_235838_research_NASDAQ-COMP_nasdaq_ext_subset_capital_efficiency_intangible_investment_Top_2013-12-31\perf_bench.parquet,3.4428048976260683,-0.2997371007148683,-0.6602406751142494,1.4822668238593195,,,,,,,,,,,,,,,,,,,,,,,,,,,,,,,,,,,,,,,,,
nasdaq,new,synergy_performance_summary,C:\GoogleDrive\TP\07_backtest_code\runs\ad_hoc\nasdaq_tech_factor_extension_20260710\synergy_performance_summary.csv,NASDAQ COMP,nasdaq_ext_subset_capital_efficiency_intangible_investment,Worst,success,Run termine avec succes,2013-12-31,C:\GoogleDrive\TP\07_backtest_code\runs\ad_hoc\nasx_gy_20260710_235429_s01\official_runs\2026-07-10_235933_research_NASDAQ-COMP_nasdaq_ext_subset_capital_efficiency_intangible_investment_Worst_2013-12-31,capital_efficiency + intangible_investment,family_subset,family_subset,,0.9166460715810284,40799.0,2013-12-31,2026-06-30,485.70238095238096,"validated theme subset: capital_efficiency, intangible_investment",3206.0,69.43708609271523,0.1610661879070476,True,0.114584443210836,0.2182451102567137,0.5250263938378942,-0.3515757756577637,-0.6602406751142494,-0.0827655522159536,-0.7197097346522878,0.1152783697196562,-0.7472535106274264,-0.1871161285552247,0.1666666666666666,C:\GoogleDrive\TP\07_backtest_code\runs\ad_hoc\nasx_gy_20260710_235429_s01\official_runs\2026-07-10_235933_research_NASDAQ-COMP_nasdaq_ext_subset_capital_efficiency_intangible_investment_Worst_2013-12-31\perf_ptf.parquet,C:\GoogleDrive\TP\07_backtest_code\runs\ad_hoc\nasx_gy_20260710_235429_s01\official_runs\2026-07-10_235933_research_NASDAQ-COMP_nasdaq_ext_subset_capital_efficiency_intangible_investment_Worst_2013-12-31\perf_bench.parquet,3.4428048976260683,-0.2997371007148683,-0.6602406751142494,1.4822668238593195,,,,,,,,,,,,,,,,,,,,,,,,,,,,,,,,,,,,,,,,,
nasdaq,new,synergy_performance_summary,C:\GoogleDrive\TP\07_backtest_code\runs\ad_hoc\nasdaq_tech_factor_extension_20260710\synergy_performance_summary.csv,NASDAQ COMP,nasdaq_ext_subset_capital_efficiency_residual_risk,Top,success,Run termine avec succes,2014-07-31,C:\GoogleDrive\TP\07_backtest_code\runs\ad_hoc\nasx_gy_20260710_235429_s02\official_runs\2026-07-10_235837_research_NASDAQ-COMP_nasdaq_ext_subset_capital_efficiency_residual_risk_Top_2014-07-31,capital_efficiency + residual_risk,family_subset,family_subset,,0.7674627603406052,34159.0,2014-07-31,2026-06-30,406.6547619047619,"validated theme subset: capital_efficiency, residual_risk",3057.0,71.9375,0.1469469931764055,True,0.2393320213168268,0.2666112823931564,0.897681520333778,-0.3556596582751833,0.2812012750459116,0.021024462744426,-0.2864309878914123,0.1043610238425162,0.2913519919724754,-0.0709214110538276,0.5,C:\GoogleDrive\TP\07_backtest_code\runs\ad_hoc\nasx_gy_20260710_235429_s02\official_runs\2026-07-10_235837_research_NASDAQ-COMP_nasdaq_ext_subset_capital_efficiency_residual_risk_Top_2014-07-31\perf_ptf.parquet,C:\GoogleDrive\TP\07_backtest_code\runs\ad_hoc\nasx_gy_20260710_235429_s02\official_runs\2026-07-10_235837_research_NASDAQ-COMP_nasdaq_ext_subset_capital_efficiency_residual_risk_Top_2014-07-31\perf_bench.parquet,1.9404073965167283,-0.2885366170383582,-0.5642776315405644,0.5032605626251072,,,,,,,,,,,,,,,,,,,,,,,,,,,,,,,,,,,,,,,,,
nasdaq,new,synergy_performance_summary,C:\GoogleDrive\TP\07_backtest_code\runs\ad_hoc\nasdaq_tech_factor_extension_20260710\synergy_performance_summary.csv,NASDAQ COMP,nasdaq_ext_subset_capital_efficiency_residual_risk,Worst,success,Run termine avec succes,2014-07-31,C:\GoogleDrive\TP\07_backtest_code\runs\ad_hoc\nasx_gy_20260710_235429_s02\official_runs\2026-07-10_235932_research_NASDAQ-COMP_nasdaq_ext_subset_capital_efficiency_residual_risk_Worst_2014-07-31,capital_efficiency + residual_risk,family_subset,family_subset,,0.7674627603406052,34159.0,2014-07-31,2026-06-30,406.6547619047619,"validated theme subset: capital_efficiency, residual_risk",3057.0,71.9375,0.1508242202697769,True,0.1320291036303496,0.2278991400866353,0.5793312935720557,-0.320446561722156,-0.5642776315405644,-0.0673771132637005,-0.6292493498239979,0.1164080350686836,-0.5864997959269762,-0.1617356409407144,0.3333333333333333,C:\GoogleDrive\TP\07_backtest_code\runs\ad_hoc\nasx_gy_20260710_235429_s02\official_runs\2026-07-10_235932_research_NASDAQ-COMP_nasdaq_ext_subset_capital_efficiency_residual_risk_Worst_2014-07-31\perf_ptf.parquet,C:\GoogleDrive\TP\07_backtest_code\runs\ad_hoc\nasx_gy_20260710_235429_s02\official_runs\2026-07-10_235932_research_NASDAQ-COMP_nasdaq_ext_subset_capital_efficiency_residual_risk_Worst_2014-07-31\perf_bench.parquet,1.9404073965167283,-0.2885366170383582,-0.5642776315405644,0.5032605626251072,,,,,,,,,,,,,,,,,,,,,,,,,,,,,,,,,,,,,,,,,
nasdaq,new,synergy_performance_summary,C:\GoogleDrive\TP\07_backtest_code\runs\ad_hoc\nasdaq_tech_factor_extension_20260710\synergy_performance_summary.csv,NASDAQ COMP,nasdaq_ext_subset_earnings_yield_improvement_capital_efficiency,Top,success,Run termine avec succes,2014-03-31,C:\GoogleDrive\TP\07_backtest_code\runs\ad_hoc\nasx_gy_20260710_235429_s01\official_runs\2026-07-10_235653_research_NASDAQ-COMP_nasdaq_ext_subset_earnings_yield_improvement_capital_efficiency_Top_2014-03-31,earnings_yield_improvement + capital_efficiency,family_subset,family_subset,,0.8602754499090072,38290.0,2014-03-31,2026-06-30,455.8333333333333,"validated theme subset: earnings_yield_improvement, capital_efficiency",3142.0,70.47972972972973,0.2241804111255897,True,0.2391258546065915,0.2738541502221265,0.8731868931423297,-0.3872391414272733,0.2472689824470046,0.018202189339332,-0.3924518847739852,0.1223228969120675,0.245458087459761,-0.1103883044589213,0.5833333333333334,C:\GoogleDrive\TP\07_backtest_code\runs\ad_hoc\nasx_gy_20260710_235429_s01\official_runs\2026-07-10_235653_research_NASDAQ-COMP_nasdaq_ext_subset_earnings_yield_improvement_capital_efficiency_Top_2014-03-31\perf_ptf.parquet,C:\GoogleDrive\TP\07_backtest_code\runs\ad_hoc\nasx_gy_20260710_235429_s01\official_runs\2026-07-10_235653_research_NASDAQ-COMP_nasdaq_ext_subset_earnings_yield_improvement_capital_efficiency_Top_2014-03-31\perf_bench.parquet,1.626030207397435,-0.3492883622628711,-0.5250363156777513,0.042669115226763,,,,,,,,,,,,,,,,,,,,,,,,,,,,,,,,,,,,,,,,,
nasdaq,new,synergy_performance_summary,C:\GoogleDrive\TP\07_backtest_code\runs\ad_hoc\nasdaq_tech_factor_extension_20260710\synergy_performance_summary.csv,NASDAQ COMP,nasdaq_ext_subset_earnings_yield_improvement_capital_efficiency,Worst,success,Run termine avec succes,2014-03-31,C:\GoogleDrive\TP\07_backtest_code\runs\ad_hoc\nasx_gy_20260710_235429_s01\official_runs\2026-07-10_235746_research_NASDAQ-COMP_nasdaq_ext_subset_earnings_yield_improvement_capital_efficiency_Worst_2014-03-31,earnings_yield_improvement + capital_efficiency,family_subset,family_subset,,0.8602754499090072,38290.0,2014-03-31,2026-06-30,455.8333333333333,"validated theme subset: earnings_yield_improvement, capital_efficiency",3142.0,70.47972972972973,0.2293212660884059,True,0.1452082804874614,0.2223121699073731,0.6531728809446773,-0.3210669697339414,-0.5250363156777513,-0.0589708268075208,-0.587388953280962,0.0975833903007934,-0.6184221138850496,-0.1674176748036677,0.4166666666666667,C:\GoogleDrive\TP\07_backtest_code\runs\ad_hoc\nasx_gy_20260710_235429_s01\official_runs\2026-07-10_235746_research_NASDAQ-COMP_nasdaq_ext_subset_earnings_yield_improvement_capital_efficiency_Worst_2014-03-31\perf_ptf.parquet,C:\GoogleDrive\TP\07_backtest_code\runs\ad_hoc\nasx_gy_20260710_235429_s01\official_runs\2026-07-10_235746_research_NASDAQ-COMP_nasdaq_ext_subset_earnings_yield_improvement_capital_efficiency_Worst_2014-03-31\perf_bench.parquet,1.626030207397435,-0.3492883622628711,-0.5250363156777513,0.042669115226763,,,,,,,,,,,,,,,,,,,,,,,,,,,,,,,,,,,,,,,,,
nasdaq,new,synergy_performance_summary,C:\GoogleDrive\TP\07_backtest_code\runs\ad_hoc\nasdaq_tech_factor_extension_20260710\synergy_performance_summary.csv,NASDAQ COMP,nasdaq_ext_subset_earnings_yield_improvement_growth_confirmation,Top,success,Run termine avec succes,2014-03-31,C:\GoogleDrive\TP\07_backtest_code\runs\ad_hoc\nasx_gy_20260710_235429_s00\official_runs\2026-07-10_235652_research_NASDAQ-COMP_nasdaq_ext_subset_earnings_yield_improvement_growth_confirmation_Top_2014-03-31,earnings_yield_improvement + growth_confirmation,family_subset,family_subset,,0.8605899930351165,38304.0,2014-03-31,2026-06-30,456.0,"validated theme subset: earnings_yield_improvement, growth_confirmation",3142.0,70.47972972972973,0.2148633183150584,True,0.2247249388472112,0.2566599215533173,0.8755747196023665,-0.3579023365483459,0.0808687574710507,0.0063688118820053,-0.4408334090754919,0.1148893460516869,0.1217086413687762,-0.1341358060914399,0.4166666666666667,C:\GoogleDrive\TP\07_backtest_code\runs\ad_hoc\nasx_gy_20260710_235429_s00\official_runs\2026-07-10_235652_research_NASDAQ-COMP_nasdaq_ext_subset_earnings_yield_improvement_growth_confirmation_Top_2014-03-31\perf_ptf.parquet,C:\GoogleDrive\TP\07_backtest_code\runs\ad_hoc\nasx_gy_20260710_235429_s00\official_runs\2026-07-10_235652_research_NASDAQ-COMP_nasdaq_ext_subset_earnings_yield_improvement_growth_confirmation_Top_2014-03-31\perf_bench.parquet,0.9330779806278304,-0.3558742547459735,-0.4408561018733433,-0.5832842225091448,,,,,,,,,,,,,,,,,,,,,,,,,,,,,,,,,,,,,,,,,
nasdaq,new,synergy_performance_summary,C:\GoogleDrive\TP\07_backtest_code\runs\ad_hoc\nasdaq_tech_factor_extension_20260710\synergy_performance_summary.csv,NASDAQ COMP,nasdaq_ext_subset_earnings_yield_improvement_growth_confirmation,Worst,success,Run termine avec succes,2014-03-31,C:\GoogleDrive\TP\07_backtest_code\runs\ad_hoc\nasx_gy_20260710_235429_s00\official_runs\2026-07-10_235745_research_NASDAQ-COMP_nasdaq_ext_subset_earnings_yield_improvement_growth_confirmation_Worst_2014-03-31,earnings_yield_improvement + growth_confirmation,family_subset,family_subset,,0.8605899930351165,38304.0,2014-03-31,2026-06-30,456.0,"validated theme subset: earnings_yield_improvement, growth_confirmation",3142.0,70.47972972972973,0.2242424400693806,True,0.1605654390918363,0.22337695409087,0.7188093317205769,-0.291219129622656,-0.4408561018733433,-0.0463516949777115,-0.5222070725883678,0.0908611815686797,-0.5173514028075601,-0.1563947716440971,0.3333333333333333,C:\GoogleDrive\TP\07_backtest_code\runs\ad_hoc\nasx_gy_20260710_235429_s00\official_runs\2026-07-10_235745_research_NASDAQ-COMP_nasdaq_ext_subset_earnings_yield_improvement_growth_confirmation_Worst_2014-03-31\perf_ptf.parquet,C:\GoogleDrive\TP\07_backtest_code\runs\ad_hoc\nasx_gy_20260710_235429_s00\official_runs\2026-07-10_235745_research_NASDAQ-COMP_nasdaq_ext_subset_earnings_yield_improvement_growth_confirmation_Worst_2014-03-31\perf_bench.parquet,0.9330779806278304,-0.3558742547459735,-0.4408561018733433,-0.5832842225091448,,,,,,,,,,,,,,,,,,,,,,,,,,,,,,,,,,,,,,,,,
nasdaq,new,synergy_performance_summary,C:\GoogleDrive\TP\07_backtest_code\runs\ad_hoc\nasdaq_tech_factor_extension_20260710\synergy_performance_summary.csv,NASDAQ COMP,nasdaq_ext_subset_earnings_yield_improvement_residual_risk,Top,success,Run termine avec succes,2014-07-31,C:\GoogleDrive\TP\07_backtest_code\runs\ad_hoc\nasx_gy_20260710_235429_s03\official_runs\2026-07-10_235654_research_NASDAQ-COMP_nasdaq_ext_subset_earnings_yield_improvement_residual_risk_Top_2014-07-31,earnings_yield_improvement + residual_risk,family_subset,family_subset,,0.7309308229796221,32533.0,2014-07-31,2026-06-30,387.29761904761904,"validated theme subset: earnings_yield_improvement, residual_risk",3057.0,71.9375,0.2215414783717188,True,0.2243615498391695,0.2548301835322805,0.8804355384013945,-0.3659653115493761,0.108557849611155,0.0086910304320222,-0.3742184809705872,0.1112735815660673,0.138215119653787,-0.1333513226349186,0.5,C:\GoogleDrive\TP\07_backtest_code\runs\ad_hoc\nasx_gy_20260710_235429_s03\official_runs\2026-07-10_235654_research_NASDAQ-COMP_nasdaq_ext_subset_earnings_yield_improvement_residual_risk_Top_2014-07-31\perf_ptf.parquet,C:\GoogleDrive\TP\07_backtest_code\runs\ad_hoc\nasx_gy_20260710_235429_s03\official_runs\2026-07-10_235654_research_NASDAQ-COMP_nasdaq_ext_subset_earnings_yield_improvement_residual_risk_Top_2014-07-31\perf_bench.parquet,0.746920631362328,-0.2973402086425785,-0.3654217428603775,-0.5110437008498414,,,,,,,,,,,,,,,,,,,,,,,,,,,,,,,,,,,,,,,,,
nasdaq,new,synergy_performance_summary,C:\GoogleDrive\TP\07_backtest_code\runs\ad_hoc\nasdaq_tech_factor_extension_20260710\synergy_performance_summary.csv,NASDAQ COMP,nasdaq_ext_subset_earnings_yield_improvement_residual_risk,Worst,success,Run termine avec succes,2014-07-31,C:\GoogleDrive\TP\07_backtest_code\runs\ad_hoc\nasx_gy_20260710_235429_s03\official_runs\2026-07-10_235747_research_NASDAQ-COMP_nasdaq_ext_subset_earnings_yield_improvement_residual_risk_Worst_2014-07-31,earnings_yield_improvement + residual_risk,family_subset,family_subset,,0.7309308229796221,32533.0,2014-07-31,2026-06-30,387.29761904761904,"validated theme subset: earnings_yield_improvement, residual_risk",3057.0,71.9375,0.227826784034468,True,0.1683342009171118,0.2333037921585923,0.7215236381699434,-0.3079713044162971,-0.3654217428603775,-0.0374671361030085,-0.4676796745229072,0.1105489381732349,-0.3256244199921035,-0.1146677781702933,0.4166666666666667,C:\GoogleDrive\TP\07_backtest_code\runs\ad_hoc\nasx_gy_20260710_235429_s03\official_runs\2026-07-10_235747_research_NASDAQ-COMP_nasdaq_ext_subset_earnings_yield_improvement_residual_risk_Worst_2014-07-31\perf_ptf.parquet,C:\GoogleDrive\TP\07_backtest_code\runs\ad_hoc\nasx_gy_20260710_235429_s03\official_runs\2026-07-10_235747_research_NASDAQ-COMP_nasdaq_ext_subset_earnings_yield_improvement_residual_risk_Worst_2014-07-31\perf_bench.parquet,0.746920631362328,-0.2973402086425785,-0.3654217428603775,-0.5110437008498414,,,,,,,,,,,,,,,,,,,,,,,,,,,,,,,,,,,,,,,,,
nasdaq,new,synergy_performance_summary,C:\GoogleDrive\TP\07_backtest_code\runs\ad_hoc\nasdaq_tech_factor_extension_20260710\synergy_performance_summary.csv,NASDAQ COMP,nasdaq_ext_subset_growth_confirmation_capital_efficiency,Top,success,Run termine avec succes,2013-12-31,C:\GoogleDrive\TP\07_backtest_code\runs\ad_hoc\nasx_gy_20260710_235429_s04\official_runs\2026-07-10_235654_research_NASDAQ-COMP_nasdaq_ext_subset_growth_confirmation_capital_efficiency_Top_2013-12-31,growth_confirmation + capital_efficiency,family_subset,family_subset,,0.9571097980183784,42600.0,2013-12-31,2026-06-30,507.1428571428572,"validated theme subset: growth_confirmation, capital_efficiency",3206.0,69.43708609271523,0.1520751315100948,True,0.2333879698422964,0.2762215001337199,0.8449304986371896,-0.3679216785459605,0.2045083785359085,0.015002443567917,-0.4067603706962425,0.1308331178775128,0.2130316375077526,-0.1149822543816815,0.5,C:\GoogleDrive\TP\07_backtest_code\runs\ad_hoc\nasx_gy_20260710_235429_s04\official_runs\2026-07-10_235654_research_NASDAQ-COMP_nasdaq_ext_subset_growth_confirmation_capital_efficiency_Top_2013-12-31\perf_ptf.parquet,C:\GoogleDrive\TP\07_backtest_code\runs\ad_hoc\nasx_gy_20260710_235429_s04\official_runs\2026-07-10_235654_research_NASDAQ-COMP_nasdaq_ext_subset_growth_confirmation_capital_efficiency_Top_2013-12-31\perf_bench.parquet,1.827942234445521,-0.33508856274439,-0.5740689594488558,0.0591433821069896,,,,,,,,,,,,,,,,,,,,,,,,,,,,,,,,,,,,,,,,,
nasdaq,new,synergy_performance_summary,C:\GoogleDrive\TP\07_backtest_code\runs\ad_hoc\nasdaq_tech_factor_extension_20260710\synergy_performance_summary.csv,NASDAQ COMP,nasdaq_ext_subset_growth_confirmation_capital_efficiency,Worst,success,Run termine avec succes,2013-12-31,C:\GoogleDrive\TP\07_backtest_code\runs\ad_hoc\nasx_gy_20260710_235429_s04\official_runs\2026-07-10_235748_research_NASDAQ-COMP_nasdaq_ext_subset_growth_confirmation_capital_efficiency_Worst_2013-12-31,growth_confirmation + capital_efficiency,family_subset,family_subset,,0.9571097980183784,42600.0,2013-12-31,2026-06-30,507.1428571428572,"validated theme subset: growth_confirmation, capital_efficiency",3206.0,69.43708609271523,0.1715547906380728,True,0.1349303391479017,0.2144729063776533,0.6291253353480019,-0.3188931806186879,-0.5740689594488558,-0.0660221311695,-0.645471532270729,0.1100994180357099,-0.6283097567139527,-0.1680932847301132,0.3333333333333333,C:\GoogleDrive\TP\07_backtest_code\runs\ad_hoc\nasx_gy_20260710_235429_s04\official_runs\2026-07-10_235748_research_NASDAQ-COMP_nasdaq_ext_subset_growth_confirmation_capital_efficiency_Worst_2013-12-31\perf_ptf.parquet,C:\GoogleDrive\TP\07_backtest_code\runs\ad_hoc\nasx_gy_20260710_235429_s04\official_runs\2026-07-10_235748_research_NASDAQ-COMP_nasdaq_ext_subset_growth_confirmation_capital_efficiency_Worst_2013-12-31\perf_bench.parquet,1.827942234445521,-0.33508856274439,-0.5740689594488558,0.0591433821069896,,,,,,,,,,,,,,,,,,,,,,,,,,,,,,,,,,,,,,,,,
nasdaq,new,synergy_performance_summary,C:\GoogleDrive\TP\07_backtest_code\runs\ad_hoc\nasdaq_tech_factor_extension_20260710\synergy_performance_summary.csv,NASDAQ COMP,nasdaq_ext_subset_growth_confirmation_intangible_investment,Top,success,Run termine avec succes,2013-12-31,C:\GoogleDrive\TP\07_backtest_code\runs\ad_hoc\nasx_gy_20260710_235429_s05\official_runs\2026-07-10_235653_research_NASDAQ-COMP_nasdaq_ext_subset_growth_confirmation_intangible_investment_Top_2013-12-31,growth_confirmation + intangible_investment,family_subset,family_subset,,0.9169381473409872,40812.0,2013-12-31,2026-06-30,485.8571428571428,"validated theme subset: growth_confirmation, intangible_investment",3206.0,69.43708609271523,0.153669525032788,True,0.2216952784040793,0.2658804463065945,0.8338156546812623,-0.3501331214735742,0.0693455620911951,0.0053800776361385,-0.396679243198071,0.1105338482910205,0.14197853221857,-0.1172401354630345,0.5833333333333334,C:\GoogleDrive\TP\07_backtest_code\runs\ad_hoc\nasx_gy_20260710_235429_s05\official_runs\2026-07-10_235653_research_NASDAQ-COMP_nasdaq_ext_subset_growth_confirmation_intangible_investment_Top_2013-12-31\perf_ptf.parquet,C:\GoogleDrive\TP\07_backtest_code\runs\ad_hoc\nasx_gy_20260710_235429_s05\official_runs\2026-07-10_235653_research_NASDAQ-COMP_nasdaq_ext_subset_growth_confirmation_intangible_investment_Top_2013-12-31\perf_bench.parquet,1.5554324786707343,-0.3050016418601738,-0.5815402789873598,-0.1740706687236349,,,,,,,,,,,,,,,,,,,,,,,,,,,,,,,,,,,,,,,,,
nasdaq,new,synergy_performance_summary,C:\GoogleDrive\TP\07_backtest_code\runs\ad_hoc\nasdaq_tech_factor_extension_20260710\synergy_performance_summary.csv,NASDAQ COMP,nasdaq_ext_subset_growth_confirmation_intangible_investment,Worst,success,Run termine avec succes,2013-12-31,C:\GoogleDrive\TP\07_backtest_code\runs\ad_hoc\nasx_gy_20260710_235429_s05\official_runs\2026-07-10_235746_research_NASDAQ-COMP_nasdaq_ext_subset_growth_confirmation_intangible_investment_Worst_2013-12-31,growth_confirmation + intangible_investment,family_subset,family_subset,,0.9169381473409872,40812.0,2013-12-31,2026-06-30,485.8571428571428,"validated theme subset: growth_confirmation, intangible_investment",3206.0,69.43708609271523,0.1662448544237407,True,0.1333241323339766,0.2136127064216795,0.624139521320374,-0.3382837708953744,-0.5815402789873598,-0.0673439405927084,-0.655314985917927,0.1151801138738677,-0.6142536013497057,-0.1758934531130355,0.25,C:\GoogleDrive\TP\07_backtest_code\runs\ad_hoc\nasx_gy_20260710_235429_s05\official_runs\2026-07-10_235746_research_NASDAQ-COMP_nasdaq_ext_subset_growth_confirmation_intangible_investment_Worst_2013-12-31\perf_ptf.parquet,C:\GoogleDrive\TP\07_backtest_code\runs\ad_hoc\nasx_gy_20260710_235429_s05\official_runs\2026-07-10_235746_research_NASDAQ-COMP_nasdaq_ext_subset_growth_confirmation_intangible_investment_Worst_2013-12-31\perf_bench.parquet,1.5554324786707343,-0.3050016418601738,-0.5815402789873598,-0.1740706687236349,,,,,,,,,,,,,,,,,,,,,,,,,,,,,,,,,,,,,,,,,
nasdaq,new,synergy_performance_summary,C:\GoogleDrive\TP\07_backtest_code\runs\ad_hoc\nasdaq_tech_factor_extension_20260710\synergy_performance_summary.csv,NASDAQ COMP,nasdaq_ext_subset_growth_confirmation_residual_risk,Top,success,Run termine avec succes,2014-07-31,C:\GoogleDrive\TP\07_backtest_code\runs\ad_hoc\nasx_gy_20260710_235429_s00\official_runs\2026-07-10_235837_research_NASDAQ-COMP_nasdaq_ext_subset_growth_confirmation_residual_risk_Top_2014-07-31,growth_confirmation + residual_risk,family_subset,family_subset,,0.7677099013682626,34170.0,2014-07-31,2026-06-30,406.7857142857143,"validated theme subset: growth_confirmation, residual_risk",3057.0,71.9375,0.1459721734513177,True,0.239672522729712,0.2669233217661887,0.8979077629629268,-0.3570878358232451,0.2853998181682997,0.0213049850469044,-0.2999507717924407,0.1048816252205502,0.2932777208270278,-0.0672503863081491,0.6666666666666666,C:\GoogleDrive\TP\07_backtest_code\runs\ad_hoc\nasx_gy_20260710_235429_s00\official_runs\2026-07-10_235837_research_NASDAQ-COMP_nasdaq_ext_subset_growth_confirmation_residual_risk_Top_2014-07-31\perf_ptf.parquet,C:\GoogleDrive\TP\07_backtest_code\runs\ad_hoc\nasx_gy_20260710_235429_s00\official_runs\2026-07-10_235837_research_NASDAQ-COMP_nasdaq_ext_subset_growth_confirmation_residual_risk_Top_2014-07-31\perf_bench.parquet,1.7895298839629987,-0.2716650504714943,-0.5392055752626776,0.4081312050362183,,,,,,,,,,,,,,,,,,,,,,,,,,,,,,,,,,,,,,,,,
nasdaq,new,synergy_performance_summary,C:\GoogleDrive\TP\07_backtest_code\runs\ad_hoc\nasdaq_tech_factor_extension_20260710\synergy_performance_summary.csv,NASDAQ COMP,nasdaq_ext_subset_growth_confirmation_residual_risk,Worst,success,Run termine avec succes,2014-07-31,C:\GoogleDrive\TP\07_backtest_code\runs\ad_hoc\nasx_gy_20260710_235429_s00\official_runs\2026-07-10_235931_research_NASDAQ-COMP_nasdaq_ext_subset_growth_confirmation_residual_risk_Worst_2014-07-31,growth_confirmation + residual_risk,family_subset,family_subset,,0.7677099013682626,34170.0,2014-07-31,2026-06-30,406.7857142857143,"validated theme subset: growth_confirmation, residual_risk",3057.0,71.9375,0.1586519121236006,True,0.1373594301002005,0.22440233753336,0.6121122962000363,-0.3325903106344705,-0.5392055752626776,-0.0629857204597372,-0.6198220438569607,0.1146102988686259,-0.5623981439406607,-0.1537902859507907,0.3333333333333333,C:\GoogleDrive\TP\07_backtest_code\runs\ad_hoc\nasx_gy_20260710_235429_s00\official_runs\2026-07-10_235931_research_NASDAQ-COMP_nasdaq_ext_subset_growth_confirmation_residual_risk_Worst_2014-07-31\perf_ptf.parquet,C:\GoogleDrive\TP\07_backtest_code\runs\ad_hoc\nasx_gy_20260710_235429_s00\official_runs\2026-07-10_235931_research_NASDAQ-COMP_nasdaq_ext_subset_growth_confirmation_residual_risk_Worst_2014-07-31\perf_bench.parquet,1.7895298839629987,-0.2716650504714943,-0.5392055752626776,0.4081312050362183,,,,,,,,,,,,,,,,,,,,,,,,,,,,,,,,,,,,,,,,,
nasdaq,new,synergy_performance_summary,C:\GoogleDrive\TP\07_backtest_code\runs\ad_hoc\nasdaq_tech_factor_extension_20260710\synergy_performance_summary.csv,NASDAQ COMP,nasdaq_ext_subset_intangible_investment_residual_risk,Top,success,Run termine avec succes,2014-07-31,C:\GoogleDrive\TP\07_backtest_code\runs\ad_hoc\nasx_gy_20260710_235429_s03\official_runs\2026-07-10_235838_research_NASDAQ-COMP_nasdaq_ext_subset_intangible_investment_residual_risk_Top_2014-07-31,intangible_investment + residual_risk,family_subset,family_subset,,0.7672605540452493,34150.0,2014-07-31,2026-06-30,406.54761904761904,"validated theme subset: intangible_investment, residual_risk",3057.0,71.9375,0.1467686017767824,True,0.2314109804790916,0.2497034432943916,0.9267432496165704,-0.3378967800071532,0.1870066819750362,0.0144987082842678,-0.2167887641461208,0.0901365156724173,0.2187017765343408,-0.0633387820449971,0.5833333333333334,C:\GoogleDrive\TP\07_backtest_code\runs\ad_hoc\nasx_gy_20260710_235429_s03\official_runs\2026-07-10_235838_research_NASDAQ-COMP_nasdaq_ext_subset_intangible_investment_residual_risk_Top_2014-07-31\perf_ptf.parquet,C:\GoogleDrive\TP\07_backtest_code\runs\ad_hoc\nasx_gy_20260710_235429_s03\official_runs\2026-07-10_235838_research_NASDAQ-COMP_nasdaq_ext_subset_intangible_investment_residual_risk_Top_2014-07-31\perf_bench.parquet,1.8269141142352057,-0.236882358128371,-0.5801051485795954,0.5134109130829829,,,,,,,,,,,,,,,,,,,,,,,,,,,,,,,,,,,,,,,,,
nasdaq,new,synergy_performance_summary,C:\GoogleDrive\TP\07_backtest_code\runs\ad_hoc\nasdaq_tech_factor_extension_20260710\synergy_performance_summary.csv,NASDAQ COMP,nasdaq_ext_subset_intangible_investment_residual_risk,Worst,success,Run termine avec succes,2014-07-31,C:\GoogleDrive\TP\07_backtest_code\runs\ad_hoc\nasx_gy_20260710_235429_s03\official_runs\2026-07-10_235932_research_NASDAQ-COMP_nasdaq_ext_subset_intangible_investment_residual_risk_Worst_2014-07-31,intangible_investment + residual_risk,family_subset,family_subset,,0.7672605540452493,34150.0,2014-07-31,2026-06-30,406.54761904761904,"validated theme subset: intangible_investment, residual_risk",3057.0,71.9375,0.1595135750507129,True,0.1285175693360802,0.2273021629592188,0.5654040756274638,-0.3567461981849522,-0.5801051485795954,-0.0702700929935435,-0.6701880784370688,0.1274063133528127,-0.560801885127406,-0.1526450397824842,0.3333333333333333,C:\GoogleDrive\TP\07_backtest_code\runs\ad_hoc\nasx_gy_20260710_235429_s03\official_runs\2026-07-10_235932_research_NASDAQ-COMP_nasdaq_ext_subset_intangible_investment_residual_risk_Worst_2014-07-31\perf_ptf.parquet,C:\GoogleDrive\TP\07_backtest_code\runs\ad_hoc\nasx_gy_20260710_235429_s03\official_runs\2026-07-10_235932_research_NASDAQ-COMP_nasdaq_ext_subset_intangible_investment_residual_risk_Worst_2014-07-31\perf_bench.parquet,1.8269141142352057,-0.236882358128371,-0.5801051485795954,0.5134109130829829,,,,,,,,,,,,,,,,,,,,,,,,,,,,,,,,,,,,,,,,,
nasdaq,new,synergy_performance_summary,C:\GoogleDrive\TP\07_backtest_code\runs\ad_hoc\nasdaq_tech_factor_extension_20260710\synergy_performance_summary.csv,NASDAQ COMP,nasdaq_ext_subset_quality_improvement_capital_efficiency,Top,success,Run termine avec succes,2014-01-31,C:\GoogleDrive\TP\07_backtest_code\runs\ad_hoc\nasx_gy_20260710_235429_s03\official_runs\2026-07-10_235511_research_NASDAQ-COMP_nasdaq_ext_subset_quality_improvement_capital_efficiency_Top_2014-01-31,quality_improvement + capital_efficiency,family_subset,family_subset,,0.916556202116426,40795.0,2014-01-31,2026-06-30,485.6547619047619,"validated theme subset: quality_improvement, capital_efficiency",3184.0,69.78,0.2321944487462812,True,0.2492826771424132,0.2657687108325915,0.93796849283525,-0.3654866513147808,0.3599861142215896,0.0250900503985462,-0.3776453345543067,0.1242975228498683,0.2790406096889807,-0.1312930772492563,0.5833333333333334,C:\GoogleDrive\TP\07_backtest_code\runs\ad_hoc\nasx_gy_20260710_235429_s03\official_runs\2026-07-10_235511_research_NASDAQ-COMP_nasdaq_ext_subset_quality_improvement_capital_efficiency_Top_2014-01-31\perf_ptf.parquet,C:\GoogleDrive\TP\07_backtest_code\runs\ad_hoc\nasx_gy_20260710_235429_s03\official_runs\2026-07-10_235511_research_NASDAQ-COMP_nasdaq_ext_subset_quality_improvement_capital_efficiency_Top_2014-01-31\perf_bench.parquet,3.527892130418137,-0.328869175107793,-0.6996425544051115,1.11305091022292,,,,,,,,,,,,,,,,,,,,,,,,,,,,,,,,,,,,,,,,,
nasdaq,new,synergy_performance_summary,C:\GoogleDrive\TP\07_backtest_code\runs\ad_hoc\nasdaq_tech_factor_extension_20260710\synergy_performance_summary.csv,NASDAQ COMP,nasdaq_ext_subset_quality_improvement_capital_efficiency,Worst,success,Run termine avec succes,2014-01-31,C:\GoogleDrive\TP\07_backtest_code\runs\ad_hoc\nasx_gy_20260710_235429_s03\official_runs\2026-07-10_235605_research_NASDAQ-COMP_nasdaq_ext_subset_quality_improvement_capital_efficiency_Worst_2014-01-31,quality_improvement + capital_efficiency,family_subset,family_subset,,0.916556202116426,40795.0,2014-01-31,2026-06-30,485.6547619047619,"validated theme subset: quality_improvement, capital_efficiency",3184.0,69.78,0.2309281905932693,True,0.1061135705321711,0.2160144612020169,0.4912336421446047,-0.3745086416124317,-0.6996425544051115,-0.0923863457733008,-0.7197806546903786,0.107592147957362,-0.9016711861560144,-0.2131748755832518,0.1666666666666666,C:\GoogleDrive\TP\07_backtest_code\runs\ad_hoc\nasx_gy_20260710_235429_s03\official_runs\2026-07-10_235605_research_NASDAQ-COMP_nasdaq_ext_subset_quality_improvement_capital_efficiency_Worst_2014-01-31\perf_ptf.parquet,C:\GoogleDrive\TP\07_backtest_code\runs\ad_hoc\nasx_gy_20260710_235429_s03\official_runs\2026-07-10_235605_research_NASDAQ-COMP_nasdaq_ext_subset_quality_improvement_capital_efficiency_Worst_2014-01-31\perf_bench.parquet,3.527892130418137,-0.328869175107793,-0.6996425544051115,1.11305091022292,,,,,,,,,,,,,,,,,,,,,,,,,,,,,,,,,,,,,,,,,
nasdaq,new,synergy_performance_summary,C:\GoogleDrive\TP\07_backtest_code\runs\ad_hoc\nasdaq_tech_factor_extension_20260710\synergy_performance_summary.csv,NASDAQ COMP,nasdaq_ext_subset_quality_improvement_earnings_yield_improvement,Top,success,Run termine avec succes,2014-03-31,C:\GoogleDrive\TP\07_backtest_code\runs\ad_hoc\nasx_gy_20260710_235429_s01\official_runs\2026-07-10_235508_research_NASDAQ-COMP_nasdaq_ext_subset_quality_improvement_earnings_yield_improvement_Top_2014-03-31,quality_improvement + earnings_yield_improvement,family_subset,family_subset,,0.8859781167853692,39434.0,2014-03-31,2026-06-30,469.45238095238096,"validated theme subset: quality_improvement, earnings_yield_improvement",3142.0,70.47972972972973,0.2761525341349071,True,0.2623784428783,0.2924391857906029,0.8972068574495775,-0.3810528831054115,0.5662517285528625,0.0373090752121769,-0.4213796756684506,0.1645660518233475,0.3239178303757555,-0.110760013053815,0.5833333333333334,C:\GoogleDrive\TP\07_backtest_code\runs\ad_hoc\nasx_gy_20260710_235429_s01\official_runs\2026-07-10_235508_research_NASDAQ-COMP_nasdaq_ext_subset_quality_improvement_earnings_yield_improvement_Top_2014-03-31\perf_ptf.parquet,C:\GoogleDrive\TP\07_backtest_code\runs\ad_hoc\nasx_gy_20260710_235429_s01\official_runs\2026-07-10_235508_research_NASDAQ-COMP_nasdaq_ext_subset_quality_improvement_earnings_yield_improvement_Top_2014-03-31\perf_bench.parquet,2.9027495484308896,-0.2875282871836444,-0.5986799283129562,0.8995410865542436,,,,,,,,,,,,,,,,,,,,,,,,,,,,,,,,,,,,,,,,,
nasdaq,new,synergy_performance_summary,C:\GoogleDrive\TP\07_backtest_code\runs\ad_hoc\nasdaq_tech_factor_extension_20260710\synergy_performance_summary.csv,NASDAQ COMP,nasdaq_ext_subset_quality_improvement_earnings_yield_improvement,Worst,success,Run termine avec succes,2014-03-31,C:\GoogleDrive\TP\07_backtest_code\runs\ad_hoc\nasx_gy_20260710_235429_s01\official_runs\2026-07-10_235603_research_NASDAQ-COMP_nasdaq_ext_subset_quality_improvement_earnings_yield_improvement_Worst_2014-03-31,quality_improvement + earnings_yield_improvement,family_subset,family_subset,,0.8859781167853692,39434.0,2014-03-31,2026-06-30,469.45238095238096,"validated theme subset: quality_improvement, earnings_yield_improvement",3142.0,70.47972972972973,0.2758687072157927,True,0.1295645132948746,0.2274505806568414,0.5696380854281081,-0.3058523001940826,-0.5986799283129562,-0.0718254677996288,-0.6210028341482201,0.1048898407988437,-0.6931918619892868,-0.1655192419251282,0.3333333333333333,C:\GoogleDrive\TP\07_backtest_code\runs\ad_hoc\nasx_gy_20260710_235429_s01\official_runs\2026-07-10_235603_research_NASDAQ-COMP_nasdaq_ext_subset_quality_improvement_earnings_yield_improvement_Worst_2014-03-31\perf_ptf.parquet,C:\GoogleDrive\TP\07_backtest_code\runs\ad_hoc\nasx_gy_20260710_235429_s01\official_runs\2026-07-10_235603_research_NASDAQ-COMP_nasdaq_ext_subset_quality_improvement_earnings_yield_improvement_Worst_2014-03-31\perf_bench.parquet,2.9027495484308896,-0.2875282871836444,-0.5986799283129562,0.8995410865542436,,,,,,,,,,,,,,,,,,,,,,,,,,,,,,,,,,,,,,,,,
nasdaq,new,synergy_performance_summary,C:\GoogleDrive\TP\07_backtest_code\runs\ad_hoc\nasdaq_tech_factor_extension_20260710\synergy_performance_summary.csv,NASDAQ COMP,nasdaq_ext_subset_quality_improvement_growth_confirmation,Top,success,Run termine avec succes,2014-01-31,C:\GoogleDrive\TP\07_backtest_code\runs\ad_hoc\nasx_gy_20260710_235429_s02\official_runs\2026-07-10_235507_research_NASDAQ-COMP_nasdaq_ext_subset_quality_improvement_growth_confirmation_Top_2014-01-31,quality_improvement + growth_confirmation,family_subset,family_subset,,0.9168033431440832,40806.0,2014-01-31,2026-06-30,485.7857142857143,"validated theme subset: quality_improvement, growth_confirmation",3184.0,69.78,0.2270022386066053,True,0.2427526295098057,0.2699884575497527,0.8991222503098005,-0.3863803881535232,0.27436450056771,0.0197318660746221,-0.3827565196226602,0.1264792305431082,0.2427606157007069,-0.1379964873985973,0.6666666666666666,C:\GoogleDrive\TP\07_backtest_code\runs\ad_hoc\nasx_gy_20260710_235429_s02\official_runs\2026-07-10_235507_research_NASDAQ-COMP_nasdaq_ext_subset_quality_improvement_growth_confirmation_Top_2014-01-31\perf_ptf.parquet,C:\GoogleDrive\TP\07_backtest_code\runs\ad_hoc\nasx_gy_20260710_235429_s02\official_runs\2026-07-10_235507_research_NASDAQ-COMP_nasdaq_ext_subset_quality_improvement_growth_confirmation_Top_2014-01-31\perf_bench.parquet,3.6648808300459095,-0.3361771999235668,-0.7268173513973414,1.076816158403639,,,,,,,,,,,,,,,,,,,,,,,,,,,,,,,,,,,,,,,,,
nasdaq,new,synergy_performance_summary,C:\GoogleDrive\TP\07_backtest_code\runs\ad_hoc\nasdaq_tech_factor_extension_20260710\synergy_performance_summary.csv,NASDAQ COMP,nasdaq_ext_subset_quality_improvement_growth_confirmation,Worst,success,Run termine avec succes,2014-01-31,C:\GoogleDrive\TP\07_backtest_code\runs\ad_hoc\nasx_gy_20260710_235429_s02\official_runs\2026-07-10_235603_research_NASDAQ-COMP_nasdaq_ext_subset_quality_improvement_growth_confirmation_Worst_2014-01-31,quality_improvement + growth_confirmation,family_subset,family_subset,,0.9168033431440832,40806.0,2014-01-31,2026-06-30,485.7857142857143,"validated theme subset: quality_improvement, growth_confirmation",3184.0,69.78,0.2152621903667721,True,0.0976918797318464,0.2157892896812721,0.4527188530818214,-0.3805736155814028,-0.7268173513973414,-0.0992967044974711,-0.746614117738299,0.1096077034076607,-0.9540365938348054,-0.2073042373431641,0.0833333333333333,C:\GoogleDrive\TP\07_backtest_code\runs\ad_hoc\nasx_gy_20260710_235429_s02\official_runs\2026-07-10_235603_research_NASDAQ-COMP_nasdaq_ext_subset_quality_improvement_growth_confirmation_Worst_2014-01-31\perf_ptf.parquet,C:\GoogleDrive\TP\07_backtest_code\runs\ad_hoc\nasx_gy_20260710_235429_s02\official_runs\2026-07-10_235603_research_NASDAQ-COMP_nasdaq_ext_subset_quality_improvement_growth_confirmation_Worst_2014-01-31\perf_bench.parquet,3.6648808300459095,-0.3361771999235668,-0.7268173513973414,1.076816158403639,,,,,,,,,,,,,,,,,,,,,,,,,,,,,,,,,,,,,,,,,
nasdaq,new,synergy_performance_summary,C:\GoogleDrive\TP\07_backtest_code\runs\ad_hoc\nasdaq_tech_factor_extension_20260710\synergy_performance_summary.csv,NASDAQ COMP,nasdaq_ext_subset_quality_improvement_intangible_investment,Top,success,Run termine avec succes,2014-01-31,C:\GoogleDrive\TP\07_backtest_code\runs\ad_hoc\nasx_gy_20260710_235429_s04\official_runs\2026-07-10_235513_research_NASDAQ-COMP_nasdaq_ext_subset_quality_improvement_intangible_investment_Top_2014-01-31,quality_improvement + intangible_investment,family_subset,family_subset,,0.8979307555775237,39966.0,2014-01-31,2026-06-30,475.7857142857143,"validated theme subset: quality_improvement, intangible_investment",3184.0,69.78,0.2398165540044838,True,0.2580605419058424,0.2521521930798949,1.023431677328602,-0.3489849392527993,0.4834223776660165,0.0322926651448878,-0.1991697580778534,0.0881360135609502,0.4313558862072651,-0.0499148975296208,0.6666666666666666,C:\GoogleDrive\TP\07_backtest_code\runs\ad_hoc\nasx_gy_20260710_235429_s04\official_runs\2026-07-10_235513_research_NASDAQ-COMP_nasdaq_ext_subset_quality_improvement_intangible_investment_Top_2014-01-31\perf_ptf.parquet,C:\GoogleDrive\TP\07_backtest_code\runs\ad_hoc\nasx_gy_20260710_235429_s04\official_runs\2026-07-10_235513_research_NASDAQ-COMP_nasdaq_ext_subset_quality_improvement_intangible_investment_Top_2014-01-31\perf_bench.parquet,4.410517876240118,-0.1789353208387825,-0.7258261756826728,2.152290888539798,,,,,,,,,,,,,,,,,,,,,,,,,,,,,,,,,,,,,,,,,
nasdaq,new,synergy_performance_summary,C:\GoogleDrive\TP\07_backtest_code\runs\ad_hoc\nasdaq_tech_factor_extension_20260710\synergy_performance_summary.csv,NASDAQ COMP,nasdaq_ext_subset_quality_improvement_intangible_investment,Worst,success,Run termine avec succes,2014-01-31,C:\GoogleDrive\TP\07_backtest_code\runs\ad_hoc\nasx_gy_20260710_235429_s04\official_runs\2026-07-10_235604_research_NASDAQ-COMP_nasdaq_ext_subset_quality_improvement_intangible_investment_Worst_2014-01-31,quality_improvement + intangible_investment,family_subset,family_subset,,0.8979307555775237,39966.0,2014-01-31,2026-06-30,475.7857142857143,"validated theme subset: quality_improvement, intangible_investment",3184.0,69.78,0.246526037867697,True,0.0980123258559633,0.2216998158413813,0.4420947553970354,-0.4535997874908514,-0.7258261756826728,-0.099033764700473,-0.765200084663217,0.1022609383243515,-1.0071005035061358,-0.2172557695614152,0.1666666666666666,C:\GoogleDrive\TP\07_backtest_code\runs\ad_hoc\nasx_gy_20260710_235429_s04\official_runs\2026-07-10_235604_research_NASDAQ-COMP_nasdaq_ext_subset_quality_improvement_intangible_investment_Worst_2014-01-31\perf_ptf.parquet,C:\GoogleDrive\TP\07_backtest_code\runs\ad_hoc\nasx_gy_20260710_235429_s04\official_runs\2026-07-10_235604_research_NASDAQ-COMP_nasdaq_ext_subset_quality_improvement_intangible_investment_Worst_2014-01-31\perf_bench.parquet,4.410517876240118,-0.1789353208387825,-0.7258261756826728,2.152290888539798,,,,,,,,,,,,,,,,,,,,,,,,,,,,,,,,,,,,,,,,,
nasdaq,new,synergy_performance_summary,C:\GoogleDrive\TP\07_backtest_code\runs\ad_hoc\nasdaq_tech_factor_extension_20260710\synergy_performance_summary.csv,NASDAQ COMP,nasdaq_ext_subset_quality_improvement_residual_risk,Top,success,Run termine avec succes,2014-07-31,C:\GoogleDrive\TP\07_backtest_code\runs\ad_hoc\nasx_gy_20260710_235429_s05\official_runs\2026-07-10_235510_research_NASDAQ-COMP_nasdaq_ext_subset_quality_improvement_residual_risk_Top_2014-07-31,quality_improvement + residual_risk,family_subset,family_subset,,0.7548585679300815,33598.0,2014-07-31,2026-06-30,399.9761904761905,"validated theme subset: quality_improvement, residual_risk",3057.0,71.9375,0.2093908898817265,True,0.2439718188455581,0.2428493125698824,1.004622233696267,-0.3487614602615074,0.3395076199691329,0.0248469628473302,-0.2122146036091595,0.0787375407990405,0.3554544866323032,-0.0648051565685157,0.6666666666666666,C:\GoogleDrive\TP\07_backtest_code\runs\ad_hoc\nasx_gy_20260710_235429_s05\official_runs\2026-07-10_235510_research_NASDAQ-COMP_nasdaq_ext_subset_quality_improvement_residual_risk_Top_2014-07-31\perf_ptf.parquet,C:\GoogleDrive\TP\07_backtest_code\runs\ad_hoc\nasx_gy_20260710_235429_s05\official_runs\2026-07-10_235510_research_NASDAQ-COMP_nasdaq_ext_subset_quality_improvement_residual_risk_Top_2014-07-31\perf_bench.parquet,3.297456207774212,-0.17591611768968,-0.688302205954786,1.4202638192703634,,,,,,,,,,,,,,,,,,,,,,,,,,,,,,,,,,,,,,,,,
nasdaq,new,synergy_performance_summary,C:\GoogleDrive\TP\07_backtest_code\runs\ad_hoc\nasdaq_tech_factor_extension_20260710\synergy_performance_summary.csv,NASDAQ COMP,nasdaq_ext_subset_quality_improvement_residual_risk,Worst,success,Run termine avec succes,2014-07-31,C:\GoogleDrive\TP\07_backtest_code\runs\ad_hoc\nasx_gy_20260710_235429_s05\official_runs\2026-07-10_235603_research_NASDAQ-COMP_nasdaq_ext_subset_quality_improvement_residual_risk_Worst_2014-07-31,quality_improvement + residual_risk,family_subset,family_subset,,0.7548585679300815,33598.0,2014-07-31,2026-06-30,399.9761904761905,"validated theme subset: quality_improvement, residual_risk",3057.0,71.9375,0.2211787701374625,True,0.1006332132007155,0.2271095107954428,0.4431043545831757,-0.3599518081991512,-0.688302205954786,-0.0932426372773863,-0.7167632087300488,0.1165726082453449,-0.824126618135598,-0.186327240164467,0.1666666666666666,C:\GoogleDrive\TP\07_backtest_code\runs\ad_hoc\nasx_gy_20260710_235429_s05\official_runs\2026-07-10_235603_research_NASDAQ-COMP_nasdaq_ext_subset_quality_improvement_residual_risk_Worst_2014-07-31\perf_ptf.parquet,C:\GoogleDrive\TP\07_backtest_code\runs\ad_hoc\nasx_gy_20260710_235429_s05\official_runs\2026-07-10_235603_research_NASDAQ-COMP_nasdaq_ext_subset_quality_improvement_residual_risk_Worst_2014-07-31\perf_bench.parquet,3.297456207774212,-0.17591611768968,-0.688302205954786,1.4202638192703634,,,,,,,,,,,,,,,,,,,,,,,,,,,,,,,,,,,,,,,,,
nasdaq,new,synergy_performance_summary,C:\GoogleDrive\TP\07_backtest_code\runs\ad_hoc\nasdaq_tech_factor_extension_20260710\synergy_performance_summary.csv,NASDAQ COMP,nasdaq_ext_subset_revision_capital_efficiency,Top,success,Run termine avec succes,2013-12-31,C:\GoogleDrive\TP\07_backtest_code\runs\ad_hoc\nasx_gy_20260710_234950_s02\official_runs\2026-07-10_235306_research_NASDAQ-COMP_nasdaq_ext_subset_revision_capital_efficiency_Top_2013-12-31,revision + capital_efficiency,family_subset,family_subset,,0.9565705812307624,42576.0,2013-12-31,2026-06-30,506.8571428571428,"validated theme subset: revision, capital_efficiency",3206.0,69.43708609271523,0.182963091240786,True,0.2495669020981907,0.2711689731289365,0.9203372318688012,-0.4084550169016294,0.4175298396883298,0.0283167097806418,-0.332954370455541,0.1236300419143607,0.3182227946294407,-0.1129961327662291,0.6666666666666666,C:\GoogleDrive\TP\07_backtest_code\runs\ad_hoc\nasx_gy_20260710_234950_s02\official_runs\2026-07-10_235306_research_NASDAQ-COMP_nasdaq_ext_subset_revision_capital_efficiency_Top_2013-12-31\perf_ptf.parquet,C:\GoogleDrive\TP\07_backtest_code\runs\ad_hoc\nasx_gy_20260710_234950_s02\official_runs\2026-07-10_235306_research_NASDAQ-COMP_nasdaq_ext_subset_revision_capital_efficiency_Top_2013-12-31\perf_bench.parquet,2.015037276907024,-0.3134605420819154,-0.529846662080907,0.5225135625501699,,,,,,,,,,,,,,,,,,,,,,,,,,,,,,,,,,,,,,,,,
nasdaq,new,synergy_performance_summary,C:\GoogleDrive\TP\07_backtest_code\runs\ad_hoc\nasdaq_tech_factor_extension_20260710\synergy_performance_summary.csv,NASDAQ COMP,nasdaq_ext_subset_revision_capital_efficiency,Worst,success,Run termine avec succes,2013-12-31,C:\GoogleDrive\TP\07_backtest_code\runs\ad_hoc\nasx_gy_20260710_234950_s02\official_runs\2026-07-10_235347_research_NASDAQ-COMP_nasdaq_ext_subset_revision_capital_efficiency_Worst_2013-12-31,revision + capital_efficiency,family_subset,family_subset,,0.9565705812307624,42576.0,2013-12-31,2026-06-30,506.8571428571428,"validated theme subset: revision, capital_efficiency",3206.0,69.43708609271523,0.2060451913610058,True,0.1439378932743007,0.21519625204084,0.6688680305035429,-0.3001866693010495,-0.529846662080907,-0.0586094681045,-0.6050474409451267,0.1111349062207713,-0.5509767857023601,-0.1652006615068252,0.25,C:\GoogleDrive\TP\07_backtest_code\runs\ad_hoc\nasx_gy_20260710_234950_s02\official_runs\2026-07-10_235347_research_NASDAQ-COMP_nasdaq_ext_subset_revision_capital_efficiency_Worst_2013-12-31\perf_ptf.parquet,C:\GoogleDrive\TP\07_backtest_code\runs\ad_hoc\nasx_gy_20260710_234950_s02\official_runs\2026-07-10_235347_research_NASDAQ-COMP_nasdaq_ext_subset_revision_capital_efficiency_Worst_2013-12-31\perf_bench.parquet,2.015037276907024,-0.3134605420819154,-0.529846662080907,0.5225135625501699,,,,,,,,,,,,,,,,,,,,,,,,,,,,,,,,,,,,,,,,,
nasdaq,new,synergy_performance_summary,C:\GoogleDrive\TP\07_backtest_code\runs\ad_hoc\nasdaq_tech_factor_extension_20260710\synergy_performance_summary.csv,NASDAQ COMP,nasdaq_ext_subset_revision_capital_efficiency_residual_risk,Top,success,Run termine avec succes,2014-07-31,C:\GoogleDrive\TP\07_backtest_code\runs\ad_hoc\nasx_gy_20260710_235429_s05\official_runs\2026-07-11_000209_research_NASDAQ-COMP_nasdaq_ext_subset_revision_capital_efficiency_residual_risk_Top_2014-07-31,revision + capital_efficiency + residual_risk,family_subset,family_subset,,0.7674627603406052,34159.0,2014-07-31,2026-06-30,406.6547619047619,"validated theme subset: revision, capital_efficiency, residual_risk",3057.0,71.9375,0.160540771727861,True,0.2404059937631997,0.2659404796732539,0.9039842075135496,-0.3735204941022404,0.2944867106780227,0.0219092556176829,-0.2856393275432072,0.1058284916298209,0.293785009961208,-0.072233631290886,0.5833333333333334,C:\GoogleDrive\TP\07_backtest_code\runs\ad_hoc\nasx_gy_20260710_235429_s05\official_runs\2026-07-11_000209_research_NASDAQ-COMP_nasdaq_ext_subset_revision_capital_efficiency_residual_risk_Top_2014-07-31\perf_ptf.parquet,C:\GoogleDrive\TP\07_backtest_code\runs\ad_hoc\nasx_gy_20260710_235429_s05\official_runs\2026-07-11_000209_research_NASDAQ-COMP_nasdaq_ext_subset_revision_capital_efficiency_residual_risk_Top_2014-07-31\perf_bench.parquet,1.9294073885895924,-0.2869758215522049,-0.5581062860289729,0.5098496269656976,,,,,,,,,,,,,,,,,,,,,,,,,,,,,,,,,,,,,,,,,
nasdaq,new,synergy_performance_summary,C:\GoogleDrive\TP\07_backtest_code\runs\ad_hoc\nasdaq_tech_factor_extension_20260710\synergy_performance_summary.csv,NASDAQ COMP,nasdaq_ext_subset_revision_capital_efficiency_residual_risk,Worst,success,Run termine avec succes,2014-07-31,C:\GoogleDrive\TP\07_backtest_code\runs\ad_hoc\nasx_gy_20260710_235429_s05\official_runs\2026-07-11_000301_research_NASDAQ-COMP_nasdaq_ext_subset_revision_capital_efficiency_residual_risk_Worst_2014-07-31,revision + capital_efficiency + residual_risk,family_subset,family_subset,,0.7674627603406052,34159.0,2014-07-31,2026-06-30,406.6547619047619,"validated theme subset: revision, capital_efficiency, residual_risk",3057.0,71.9375,0.1840681021983481,True,0.1333667073178144,0.2237979687096734,0.5959245657445049,-0.3248790837959773,-0.5581062860289729,-0.06627512762719,-0.6042756437024668,0.1144370685204665,-0.5945388539400025,-0.143295142145199,0.25,C:\GoogleDrive\TP\07_backtest_code\runs\ad_hoc\nasx_gy_20260710_235429_s05\official_runs\2026-07-11_000301_research_NASDAQ-COMP_nasdaq_ext_subset_revision_capital_efficiency_residual_risk_Worst_2014-07-31\perf_ptf.parquet,C:\GoogleDrive\TP\07_backtest_code\runs\ad_hoc\nasx_gy_20260710_235429_s05\official_runs\2026-07-11_000301_research_NASDAQ-COMP_nasdaq_ext_subset_revision_capital_efficiency_residual_risk_Worst_2014-07-31\perf_bench.parquet,1.9294073885895924,-0.2869758215522049,-0.5581062860289729,0.5098496269656976,,,,,,,,,,,,,,,,,,,,,,,,,,,,,,,,,,,,,,,,,
nasdaq,new,synergy_performance_summary,C:\GoogleDrive\TP\07_backtest_code\runs\ad_hoc\nasdaq_tech_factor_extension_20260710\synergy_performance_summary.csv,NASDAQ COMP,nasdaq_ext_subset_revision_earnings_yield_improvement,Top,success,Run termine avec succes,2014-03-31,C:\GoogleDrive\TP\07_backtest_code\runs\ad_hoc\nasx_gy_20260710_234950_s00\official_runs\2026-07-10_235307_research_NASDAQ-COMP_nasdaq_ext_subset_revision_earnings_yield_improvement_Top_2014-03-31,revision + earnings_yield_improvement,family_subset,family_subset,,0.8638028263946618,38447.0,2014-03-31,2026-06-30,457.70238095238096,"validated theme subset: revision, earnings_yield_improvement",3142.0,70.47972972972973,0.2325960787559216,True,0.2366265725216478,0.2743157387257671,0.8626066211906382,-0.431308752357139,0.2168009187850259,0.0161485040891971,-0.3928088456788681,0.1210139282741553,0.232902705250989,-0.1036447529101965,0.5833333333333334,C:\GoogleDrive\TP\07_backtest_code\runs\ad_hoc\nasx_gy_20260710_234950_s00\official_runs\2026-07-10_235307_research_NASDAQ-COMP_nasdaq_ext_subset_revision_earnings_yield_improvement_Top_2014-03-31\perf_ptf.parquet,C:\GoogleDrive\TP\07_backtest_code\runs\ad_hoc\nasx_gy_20260710_234950_s00\official_runs\2026-07-10_235307_research_NASDAQ-COMP_nasdaq_ext_subset_revision_earnings_yield_improvement_Top_2014-03-31\perf_bench.parquet,1.4113922052661063,-0.306576506463987,-0.4953948527627644,-0.0877793511240088,,,,,,,,,,,,,,,,,,,,,,,,,,,,,,,,,,,,,,,,,
nasdaq,new,synergy_performance_summary,C:\GoogleDrive\TP\07_backtest_code\runs\ad_hoc\nasdaq_tech_factor_extension_20260710\synergy_performance_summary.csv,NASDAQ COMP,nasdaq_ext_subset_revision_earnings_yield_improvement,Worst,success,Run termine avec succes,2014-03-31,C:\GoogleDrive\TP\07_backtest_code\runs\ad_hoc\nasx_gy_20260710_234950_s00\official_runs\2026-07-10_235348_research_NASDAQ-COMP_nasdaq_ext_subset_revision_earnings_yield_improvement_Worst_2014-03-31,revision + earnings_yield_improvement,family_subset,family_subset,,0.8638028263946618,38447.0,2014-03-31,2026-06-30,457.70238095238096,"validated theme subset: revision, earnings_yield_improvement",3142.0,70.47972972972973,0.2497229032010745,True,0.150882153772258,0.2194512637983521,0.6875428792740949,-0.3014749876637081,-0.4953948527627644,-0.0543085480090141,-0.5702441798720773,0.1005173159724089,-0.5580802801010553,-0.1486366012393208,0.1666666666666666,C:\GoogleDrive\TP\07_backtest_code\runs\ad_hoc\nasx_gy_20260710_234950_s00\official_runs\2026-07-10_235348_research_NASDAQ-COMP_nasdaq_ext_subset_revision_earnings_yield_improvement_Worst_2014-03-31\perf_ptf.parquet,C:\GoogleDrive\TP\07_backtest_code\runs\ad_hoc\nasx_gy_20260710_234950_s00\official_runs\2026-07-10_235348_research_NASDAQ-COMP_nasdaq_ext_subset_revision_earnings_yield_improvement_Worst_2014-03-31\perf_bench.parquet,1.4113922052661063,-0.306576506463987,-0.4953948527627644,-0.0877793511240088,,,,,,,,,,,,,,,,,,,,,,,,,,,,,,,,,,,,,,,,,
nasdaq,new,synergy_performance_summary,C:\GoogleDrive\TP\07_backtest_code\runs\ad_hoc\nasdaq_tech_factor_extension_20260710\synergy_performance_summary.csv,NASDAQ COMP,nasdaq_ext_subset_revision_growth_confirmation,Top,success,Run termine avec succes,2013-12-31,C:\GoogleDrive\TP\07_backtest_code\runs\ad_hoc\nasx_gy_20260710_234950_s01\official_runs\2026-07-10_235308_research_NASDAQ-COMP_nasdaq_ext_subset_revision_growth_confirmation_Top_2013-12-31,revision + growth_confirmation,family_subset,family_subset,,0.957064863286077,42598.0,2013-12-31,2026-06-30,507.1190476190476,"validated theme subset: revision, growth_confirmation",3206.0,69.43708609271523,0.1817283407702543,True,0.24069034546357,0.2723144967985637,0.8838690128260536,-0.3971959905512786,0.296715201890702,0.0210118495947904,-0.3441015432779519,0.124252947579757,0.262683205913269,-0.1155557303352031,0.75,C:\GoogleDrive\TP\07_backtest_code\runs\ad_hoc\nasx_gy_20260710_234950_s01\official_runs\2026-07-10_235308_research_NASDAQ-COMP_nasdaq_ext_subset_revision_growth_confirmation_Top_2013-12-31\perf_ptf.parquet,C:\GoogleDrive\TP\07_backtest_code\runs\ad_hoc\nasx_gy_20260710_234950_s01\official_runs\2026-07-10_235308_research_NASDAQ-COMP_nasdaq_ext_subset_revision_growth_confirmation_Top_2013-12-31\perf_bench.parquet,2.051968176891193,-0.3364609060218018,-0.5751216504453966,0.3946875258654342,,,,,,,,,,,,,,,,,,,,,,,,,,,,,,,,,,,,,,,,,
nasdaq,new,synergy_performance_summary,C:\GoogleDrive\TP\07_backtest_code\runs\ad_hoc\nasdaq_tech_factor_extension_20260710\synergy_performance_summary.csv,NASDAQ COMP,nasdaq_ext_subset_revision_growth_confirmation,Worst,success,Run termine avec succes,2013-12-31,C:\GoogleDrive\TP\07_backtest_code\runs\ad_hoc\nasx_gy_20260710_234950_s01\official_runs\2026-07-10_235349_research_NASDAQ-COMP_nasdaq_ext_subset_revision_growth_confirmation_Worst_2013-12-31,revision + growth_confirmation,family_subset,family_subset,,0.957064863286077,42598.0,2013-12-31,2026-06-30,507.1190476190476,"validated theme subset: revision, growth_confirmation",3206.0,69.43708609271523,0.2011750790866419,True,0.134705604701816,0.2128760829059874,0.6327888171509907,-0.3071037268440515,-0.5751216504453966,-0.0662070737970498,-0.6413026018986125,0.1112667108891135,-0.626487513451705,-0.1694838082387685,0.3333333333333333,C:\GoogleDrive\TP\07_backtest_code\runs\ad_hoc\nasx_gy_20260710_234950_s01\official_runs\2026-07-10_235349_research_NASDAQ-COMP_nasdaq_ext_subset_revision_growth_confirmation_Worst_2013-12-31\perf_ptf.parquet,C:\GoogleDrive\TP\07_backtest_code\runs\ad_hoc\nasx_gy_20260710_234950_s01\official_runs\2026-07-10_235349_research_NASDAQ-COMP_nasdaq_ext_subset_revision_growth_confirmation_Worst_2013-12-31\perf_bench.parquet,2.051968176891193,-0.3364609060218018,-0.5751216504453966,0.3946875258654342,,,,,,,,,,,,,,,,,,,,,,,,,,,,,,,,,,,,,,,,,
nasdaq,new,synergy_performance_summary,C:\GoogleDrive\TP\07_backtest_code\runs\ad_hoc\nasdaq_tech_factor_extension_20260710\synergy_performance_summary.csv,NASDAQ COMP,nasdaq_ext_subset_revision_growth_confirmation_residual_risk,Top,success,Run termine avec succes,2014-07-31,C:\GoogleDrive\TP\07_backtest_code\runs\ad_hoc\nasx_gy_20260710_235429_s03\official_runs\2026-07-11_000207_research_NASDAQ-COMP_nasdaq_ext_subset_revision_growth_confirmation_residual_risk_Top_2014-07-31,revision + growth_confirmation + residual_risk,family_subset,family_subset,,0.7677099013682626,34170.0,2014-07-31,2026-06-30,406.7857142857143,"validated theme subset: revision, growth_confirmation, residual_risk",3057.0,71.9375,0.158390184591652,True,0.2371971301356903,0.2677551402878511,0.8858733015571267,-0.3745755988905463,0.2551620743422007,0.0192656313064054,-0.3029112049032527,0.1070103883893041,0.2713742934009493,-0.0753347156896079,0.75,C:\GoogleDrive\TP\07_backtest_code\runs\ad_hoc\nasx_gy_20260710_235429_s03\official_runs\2026-07-11_000207_research_NASDAQ-COMP_nasdaq_ext_subset_revision_growth_confirmation_residual_risk_Top_2014-07-31\perf_ptf.parquet,C:\GoogleDrive\TP\07_backtest_code\runs\ad_hoc\nasx_gy_20260710_235429_s03\official_runs\2026-07-11_000207_research_NASDAQ-COMP_nasdaq_ext_subset_revision_growth_confirmation_residual_risk_Top_2014-07-31\perf_bench.parquet,1.9530118514173544,-0.2955931710509588,-0.5749552871791688,0.4435004861654604,,,,,,,,,,,,,,,,,,,,,,,,,,,,,,,,,,,,,,,,,
nasdaq,new,synergy_performance_summary,C:\GoogleDrive\TP\07_backtest_code\runs\ad_hoc\nasdaq_tech_factor_extension_20260710\synergy_performance_summary.csv,NASDAQ COMP,nasdaq_ext_subset_revision_growth_confirmation_residual_risk,Worst,success,Run termine avec succes,2014-07-31,C:\GoogleDrive\TP\07_backtest_code\runs\ad_hoc\nasx_gy_20260710_235429_s03\official_runs\2026-07-11_000259_research_NASDAQ-COMP_nasdaq_ext_subset_revision_growth_confirmation_residual_risk_Worst_2014-07-31,revision + growth_confirmation + residual_risk,family_subset,family_subset,,0.7677099013682626,34170.0,2014-07-31,2026-06-30,406.7857142857143,"validated theme subset: revision, growth_confirmation, residual_risk",3057.0,71.9375,0.1796923294819859,True,0.1296732473177675,0.2215683662649407,0.5852516291188902,-0.3432251846479008,-0.5749552871791688,-0.0693179869637937,-0.6251118265391318,0.1137865520317025,-0.6304998822882969,-0.1441339148930865,0.25,C:\GoogleDrive\TP\07_backtest_code\runs\ad_hoc\nasx_gy_20260710_235429_s03\official_runs\2026-07-11_000259_research_NASDAQ-COMP_nasdaq_ext_subset_revision_growth_confirmation_residual_risk_Worst_2014-07-31\perf_ptf.parquet,C:\GoogleDrive\TP\07_backtest_code\runs\ad_hoc\nasx_gy_20260710_235429_s03\official_runs\2026-07-11_000259_research_NASDAQ-COMP_nasdaq_ext_subset_revision_growth_confirmation_residual_risk_Worst_2014-07-31\perf_bench.parquet,1.9530118514173544,-0.2955931710509588,-0.5749552871791688,0.4435004861654604,,,,,,,,,,,,,,,,,,,,,,,,,,,,,,,,,,,,,,,,,
nasdaq,new,synergy_performance_summary,C:\GoogleDrive\TP\07_backtest_code\runs\ad_hoc\nasdaq_tech_factor_extension_20260710\synergy_performance_summary.csv,NASDAQ COMP,nasdaq_ext_subset_revision_intangible_investment,Top,success,Run termine avec succes,2013-12-31,C:\GoogleDrive\TP\07_backtest_code\runs\ad_hoc\nasx_gy_20260710_234950_s03\official_runs\2026-07-10_235308_research_NASDAQ-COMP_nasdaq_ext_subset_revision_intangible_investment_Top_2013-12-31,revision + intangible_investment,family_subset,family_subset,,0.9217686310633804,41027.0,2013-12-31,2026-06-30,488.4166666666667,"validated theme subset: revision, intangible_investment",3206.0,69.43708609271523,0.1930285887015571,True,0.2615278890432613,0.2879375682320975,0.908279842220699,-0.4277092156931679,0.5967266984692827,0.0381598664138971,-0.3199988861406367,0.1347552024524396,0.3957236037282839,-0.0913118659322147,0.75,C:\GoogleDrive\TP\07_backtest_code\runs\ad_hoc\nasx_gy_20260710_234950_s03\official_runs\2026-07-10_235308_research_NASDAQ-COMP_nasdaq_ext_subset_revision_intangible_investment_Top_2013-12-31\perf_ptf.parquet,C:\GoogleDrive\TP\07_backtest_code\runs\ad_hoc\nasx_gy_20260710_234950_s03\official_runs\2026-07-10_235308_research_NASDAQ-COMP_nasdaq_ext_subset_revision_intangible_investment_Top_2013-12-31\perf_bench.parquet,2.7390134424484303,-0.3745156675032424,-0.572955079449061,1.10016857902757,,,,,,,,,,,,,,,,,,,,,,,,,,,,,,,,,,,,,,,,,
nasdaq,new,synergy_performance_summary,C:\GoogleDrive\TP\07_backtest_code\runs\ad_hoc\nasdaq_tech_factor_extension_20260710\synergy_performance_summary.csv,NASDAQ COMP,nasdaq_ext_subset_revision_intangible_investment,Worst,success,Run termine avec succes,2013-12-31,C:\GoogleDrive\TP\07_backtest_code\runs\ad_hoc\nasx_gy_20260710_234950_s03\official_runs\2026-07-10_235349_research_NASDAQ-COMP_nasdaq_ext_subset_revision_intangible_investment_Worst_2013-12-31,revision + intangible_investment,family_subset,family_subset,,0.9217686310633804,41027.0,2013-12-31,2026-06-30,488.4166666666667,"validated theme subset: revision, intangible_investment",3206.0,69.43708609271523,0.2158435792463258,True,0.1351675808542933,0.2195421806801434,0.6156793215569926,-0.3255228960488847,-0.572955079449061,-0.0658268958359379,-0.6197193306593782,0.1130522550105677,-0.6001286566884264,-0.1658062593767103,0.25,C:\GoogleDrive\TP\07_backtest_code\runs\ad_hoc\nasx_gy_20260710_234950_s03\official_runs\2026-07-10_235349_research_NASDAQ-COMP_nasdaq_ext_subset_revision_intangible_investment_Worst_2013-12-31\perf_ptf.parquet,C:\GoogleDrive\TP\07_backtest_code\runs\ad_hoc\nasx_gy_20260710_234950_s03\official_runs\2026-07-10_235349_research_NASDAQ-COMP_nasdaq_ext_subset_revision_intangible_investment_Worst_2013-12-31\perf_bench.parquet,2.7390134424484303,-0.3745156675032424,-0.572955079449061,1.10016857902757,,,,,,,,,,,,,,,,,,,,,,,,,,,,,,,,,,,,,,,,,
nasdaq,new,synergy_performance_summary,C:\GoogleDrive\TP\07_backtest_code\runs\ad_hoc\nasdaq_tech_factor_extension_20260710\synergy_performance_summary.csv,NASDAQ COMP,nasdaq_ext_subset_revision_intangible_investment_residual_risk,Top,success,Run termine avec succes,2014-07-31,C:\GoogleDrive\TP\07_backtest_code\runs\ad_hoc\nasx_gy_20260710_235429_s00\official_runs\2026-07-11_000349_research_NASDAQ-COMP_nasdaq_ext_subset_revision_intangible_investment_residual_risk_Top_2014-07-31,revision + intangible_investment + residual_risk,family_subset,family_subset,,0.7672605540452493,34150.0,2014-07-31,2026-06-30,406.54761904761904,"validated theme subset: revision, intangible_investment, residual_risk",3057.0,71.9375,0.1713279428862803,True,0.2429162454674749,0.2630294336710664,0.92353255708734,-0.3723699328611046,0.3260331133114051,0.0239773280580186,-0.2728389428455706,0.1017255069972339,0.3176359220562017,-0.0815609398663967,0.6666666666666666,C:\GoogleDrive\TP\07_backtest_code\runs\ad_hoc\nasx_gy_20260710_235429_s00\official_runs\2026-07-11_000349_research_NASDAQ-COMP_nasdaq_ext_subset_revision_intangible_investment_residual_risk_Top_2014-07-31\perf_ptf.parquet,C:\GoogleDrive\TP\07_backtest_code\runs\ad_hoc\nasx_gy_20260710_235429_s00\official_runs\2026-07-11_000349_research_NASDAQ-COMP_nasdaq_ext_subset_revision_intangible_investment_residual_risk_Top_2014-07-31\perf_bench.parquet,1.9470807781542925,-0.2722204720966038,-0.5500519961512973,0.5706091698337793,,,,,,,,,,,,,,,,,,,,,,,,,,,,,,,,,,,,,,,,,
nasdaq,new,synergy_performance_summary,C:\GoogleDrive\TP\07_backtest_code\runs\ad_hoc\nasdaq_tech_factor_extension_20260710\synergy_performance_summary.csv,NASDAQ COMP,nasdaq_ext_subset_revision_intangible_investment_residual_risk,Worst,success,Run termine avec succes,2014-07-31,C:\GoogleDrive\TP\07_backtest_code\runs\ad_hoc\nasx_gy_20260710_235429_s00\official_runs\2026-07-11_000441_research_NASDAQ-COMP_nasdaq_ext_subset_revision_intangible_investment_residual_risk_Worst_2014-07-31,revision + intangible_investment + residual_risk,family_subset,family_subset,,0.7672605540452493,34150.0,2014-07-31,2026-06-30,406.54761904761904,"validated theme subset: revision, intangible_investment, residual_risk",3057.0,71.9375,0.1916992601334835,True,0.135086919702146,0.2278976204945569,0.5927526553765508,-0.3409624079474874,-0.5500519961512973,-0.0648579295758943,-0.5996710785656654,0.1161723468748812,-0.5647336733674,-0.145297273904396,0.3333333333333333,C:\GoogleDrive\TP\07_backtest_code\runs\ad_hoc\nasx_gy_20260710_235429_s00\official_runs\2026-07-11_000441_research_NASDAQ-COMP_nasdaq_ext_subset_revision_intangible_investment_residual_risk_Worst_2014-07-31\perf_ptf.parquet,C:\GoogleDrive\TP\07_backtest_code\runs\ad_hoc\nasx_gy_20260710_235429_s00\official_runs\2026-07-11_000441_research_NASDAQ-COMP_nasdaq_ext_subset_revision_intangible_investment_residual_risk_Worst_2014-07-31\perf_bench.parquet,1.9470807781542925,-0.2722204720966038,-0.5500519961512973,0.5706091698337793,,,,,,,,,,,,,,,,,,,,,,,,,,,,,,,,,,,,,,,,,
nasdaq,new,synergy_performance_summary,C:\GoogleDrive\TP\07_backtest_code\runs\ad_hoc\nasdaq_tech_factor_extension_20260710\synergy_performance_summary.csv,NASDAQ COMP,nasdaq_ext_subset_revision_quality_improvement,Top,success,Run termine avec succes,2014-01-31,C:\GoogleDrive\TP\07_backtest_code\runs\ad_hoc\nasx_gy_20260710_234950_s03\official_runs\2026-07-10_235148_research_NASDAQ-COMP_nasdaq_ext_subset_revision_quality_improvement_Top_2014-01-31,revision + quality_improvement,family_subset,family_subset,,0.9221281089217912,41043.0,2014-01-31,2026-06-30,488.6071428571428,"validated theme subset: revision, quality_improvement",3184.0,69.78,0.2320305467395979,True,0.2453590930529532,0.2645429601803139,0.9274829800260612,-0.3763879397495485,0.3079276362264362,0.021870581269904,-0.4114894444031219,0.1250113998153023,0.2501160128929712,-0.1437954221803205,0.6666666666666666,C:\GoogleDrive\TP\07_backtest_code\runs\ad_hoc\nasx_gy_20260710_234950_s03\official_runs\2026-07-10_235148_research_NASDAQ-COMP_nasdaq_ext_subset_revision_quality_improvement_Top_2014-01-31\perf_ptf.parquet,C:\GoogleDrive\TP\07_backtest_code\runs\ad_hoc\nasx_gy_20260710_234950_s03\official_runs\2026-07-10_235148_research_NASDAQ-COMP_nasdaq_ext_subset_revision_quality_improvement_Top_2014-01-31\perf_bench.parquet,3.2826336421358078,-0.3604504720393099,-0.6945973563187733,0.8574587464924733,,,,,,,,,,,,,,,,,,,,,,,,,,,,,,,,,,,,,,,,,
nasdaq,new,synergy_performance_summary,C:\GoogleDrive\TP\07_backtest_code\runs\ad_hoc\nasdaq_tech_factor_extension_20260710\synergy_performance_summary.csv,NASDAQ COMP,nasdaq_ext_subset_revision_quality_improvement,Worst,success,Run termine avec succes,2014-01-31,C:\GoogleDrive\TP\07_backtest_code\runs\ad_hoc\nasx_gy_20260710_234950_s03\official_runs\2026-07-10_235228_research_NASDAQ-COMP_nasdaq_ext_subset_revision_quality_improvement_Worst_2014-01-31,revision + quality_improvement,family_subset,family_subset,,0.9221281089217912,41043.0,2014-01-31,2026-06-30,488.6071428571428,"validated theme subset: revision, quality_improvement",3184.0,69.78,0.2528328578158807,True,0.1075995376633713,0.2185019726540782,0.4924419507814593,-0.389868037077843,-0.6945973563187733,-0.0911670459708759,-0.7324242450102019,0.1085673512974543,-0.8765393965416864,-0.2061571671613535,0.1666666666666666,C:\GoogleDrive\TP\07_backtest_code\runs\ad_hoc\nasx_gy_20260710_234950_s03\official_runs\2026-07-10_235228_research_NASDAQ-COMP_nasdaq_ext_subset_revision_quality_improvement_Worst_2014-01-31\perf_ptf.parquet,C:\GoogleDrive\TP\07_backtest_code\runs\ad_hoc\nasx_gy_20260710_234950_s03\official_runs\2026-07-10_235228_research_NASDAQ-COMP_nasdaq_ext_subset_revision_quality_improvement_Worst_2014-01-31\perf_bench.parquet,3.2826336421358078,-0.3604504720393099,-0.6945973563187733,0.8574587464924733,,,,,,,,,,,,,,,,,,,,,,,,,,,,,,,,,,,,,,,,,
nasdaq,new,synergy_performance_summary,C:\GoogleDrive\TP\07_backtest_code\runs\ad_hoc\nasdaq_tech_factor_extension_20260710\synergy_performance_summary.csv,NASDAQ COMP,nasdaq_ext_subset_revision_quality_improvement_residual_risk,Top,success,Run termine avec succes,2014-07-31,C:\GoogleDrive\TP\07_backtest_code\runs\ad_hoc\nasx_gy_20260710_235429_s02\official_runs\2026-07-11_000023_research_NASDAQ-COMP_nasdaq_ext_subset_revision_quality_improvement_residual_risk_Top_2014-07-31,revision + quality_improvement + residual_risk,family_subset,family_subset,,0.7548585679300815,33598.0,2014-07-31,2026-06-30,399.9761904761905,"validated theme subset: revision, quality_improvement, residual_risk",3057.0,71.9375,0.1869308193570611,True,0.2384850098996642,0.2698216414998227,0.883861682013453,-0.408666720262501,0.2708116577276007,0.0203266518573743,-0.4006698127336296,0.1245682648757685,0.2458290212625387,-0.1440007318778748,0.75,C:\GoogleDrive\TP\07_backtest_code\runs\ad_hoc\nasx_gy_20260710_235429_s02\official_runs\2026-07-11_000023_research_NASDAQ-COMP_nasdaq_ext_subset_revision_quality_improvement_residual_risk_Top_2014-07-31\perf_ptf.parquet,C:\GoogleDrive\TP\07_backtest_code\runs\ad_hoc\nasx_gy_20260710_235429_s02\official_runs\2026-07-11_000023_research_NASDAQ-COMP_nasdaq_ext_subset_revision_quality_improvement_residual_risk_Top_2014-07-31\perf_bench.parquet,2.5047085456906792,-0.3482648250153144,-0.6373987619340942,0.4532573083520376,,,,,,,,,,,,,,,,,,,,,,,,,,,,,,,,,,,,,,,,,
nasdaq,new,synergy_performance_summary,C:\GoogleDrive\TP\07_backtest_code\runs\ad_hoc\nasdaq_tech_factor_extension_20260710\synergy_performance_summary.csv,NASDAQ COMP,nasdaq_ext_subset_revision_quality_improvement_residual_risk,Worst,success,Run termine avec succes,2014-07-31,C:\GoogleDrive\TP\07_backtest_code\runs\ad_hoc\nasx_gy_20260710_235429_s02\official_runs\2026-07-11_000115_research_NASDAQ-COMP_nasdaq_ext_subset_revision_quality_improvement_residual_risk_Worst_2014-07-31,revision + quality_improvement + residual_risk,family_subset,family_subset,,0.7548585679300815,33598.0,2014-07-31,2026-06-30,399.9761904761905,"validated theme subset: revision, quality_improvement, residual_risk",3057.0,71.9375,0.2047298825218931,True,0.114701987071289,0.225224448476303,0.5092785789787712,-0.3053676649716913,-0.6373987619340942,-0.0816520691038854,-0.6758512380482062,0.1120360254697649,-0.7500741386173551,-0.165028766925907,0.1666666666666666,C:\GoogleDrive\TP\07_backtest_code\runs\ad_hoc\nasx_gy_20260710_235429_s02\official_runs\2026-07-11_000115_research_NASDAQ-COMP_nasdaq_ext_subset_revision_quality_improvement_residual_risk_Worst_2014-07-31\perf_ptf.parquet,C:\GoogleDrive\TP\07_backtest_code\runs\ad_hoc\nasx_gy_20260710_235429_s02\official_runs\2026-07-11_000115_research_NASDAQ-COMP_nasdaq_ext_subset_revision_quality_improvement_residual_risk_Worst_2014-07-31\perf_bench.parquet,2.5047085456906792,-0.3482648250153144,-0.6373987619340942,0.4532573083520376,,,,,,,,,,,,,,,,,,,,,,,,,,,,,,,,,,,,,,,,,
nasdaq,new,synergy_performance_summary,C:\GoogleDrive\TP\07_backtest_code\runs\ad_hoc\nasdaq_tech_factor_extension_20260710\synergy_performance_summary.csv,NASDAQ COMP,nasdaq_ext_subset_revision_residual_risk,Top,success,Run termine avec succes,2014-07-31,C:\GoogleDrive\TP\07_backtest_code\runs\ad_hoc\nasx_gy_20260710_235429_s00\official_runs\2026-07-10_235508_research_NASDAQ-COMP_nasdaq_ext_subset_revision_residual_risk_Top_2014-07-31,revision + residual_risk,family_subset,family_subset,,0.7677099013682626,34170.0,2014-07-31,2026-06-30,406.7857142857143,"validated theme subset: revision, residual_risk",3057.0,71.9375,0.1681764464435157,True,0.2329808044675363,0.264408909650938,0.8811382520169544,-0.3694343501138981,0.2051544154126894,0.0157920087613281,-0.2915795519661757,0.1054338534984838,0.2350830391611124,-0.0717953257885167,0.5833333333333334,C:\GoogleDrive\TP\07_backtest_code\runs\ad_hoc\nasx_gy_20260710_235429_s00\official_runs\2026-07-10_235508_research_NASDAQ-COMP_nasdaq_ext_subset_revision_residual_risk_Top_2014-07-31\perf_ptf.parquet,C:\GoogleDrive\TP\07_backtest_code\runs\ad_hoc\nasx_gy_20260710_235429_s00\official_runs\2026-07-10_235508_research_NASDAQ-COMP_nasdaq_ext_subset_revision_residual_risk_Top_2014-07-31\perf_bench.parquet,1.3833394074839664,-0.2896298016439516,-0.4943420934389946,0.1364358359353206,,,,,,,,,,,,,,,,,,,,,,,,,,,,,,,,,,,,,,,,,
nasdaq,new,synergy_performance_summary,C:\GoogleDrive\TP\07_backtest_code\runs\ad_hoc\nasdaq_tech_factor_extension_20260710\synergy_performance_summary.csv,NASDAQ COMP,nasdaq_ext_subset_revision_residual_risk,Worst,success,Run termine avec succes,2014-07-31,C:\GoogleDrive\TP\07_backtest_code\runs\ad_hoc\nasx_gy_20260710_235429_s00\official_runs\2026-07-10_235603_research_NASDAQ-COMP_nasdaq_ext_subset_revision_residual_risk_Worst_2014-07-31,revision + residual_risk,family_subset,family_subset,,0.7677099013682626,34170.0,2014-07-31,2026-06-30,406.7857142857143,"validated theme subset: revision, residual_risk",3057.0,71.9375,0.1932488861672048,True,0.1462667810954541,0.2277624580210198,0.6421900359099364,-0.305353157379201,-0.4943420934389946,-0.0556473937579536,-0.5445210703169769,0.1144369145531159,-0.489436330799293,-0.137786254516008,0.25,C:\GoogleDrive\TP\07_backtest_code\runs\ad_hoc\nasx_gy_20260710_235429_s00\official_runs\2026-07-10_235603_research_NASDAQ-COMP_nasdaq_ext_subset_revision_residual_risk_Worst_2014-07-31\perf_ptf.parquet,C:\GoogleDrive\TP\07_backtest_code\runs\ad_hoc\nasx_gy_20260710_235429_s00\official_runs\2026-07-10_235603_research_NASDAQ-COMP_nasdaq_ext_subset_revision_residual_risk_Worst_2014-07-31\perf_bench.parquet,1.3833394074839664,-0.2896298016439516,-0.4943420934389946,0.1364358359353206,,,,,,,,,,,,,,,,,,,,,,,,,,,,,,,,,,,,,,,,,
nasdaq,new,synergy_performance_summary,C:\GoogleDrive\TP\07_backtest_code\runs\ad_hoc\nasdaq_tech_factor_extension_20260710\synergy_performance_summary.csv,NASDAQ COMP,nasdaq_ext_theme_capital_efficiency,Top,success,Run termine avec succes,2013-12-31,C:\GoogleDrive\TP\07_backtest_code\runs\ad_hoc\nasx_gy_20260710_234950_s03\official_runs\2026-07-10_235028_research_NASDAQ-COMP_nasdaq_ext_theme_capital_efficiency_Top_2013-12-31,capital_efficiency validated theme,validated_theme,validated_theme,,0.9571097980183784,42600.0,2013-12-31,2026-06-30,507.1428571428572,theme composite; min_count=1,3206.0,69.43708609271523,0.1452455949379524,True,0.2371627055236769,0.2764252238909792,0.8579633297763475,-0.3774114116897707,0.2513903890519842,0.018108818880556,-0.3784397082681494,0.1306606556122242,0.2367544458253793,-0.1079742645311013,0.5833333333333334,C:\GoogleDrive\TP\07_backtest_code\runs\ad_hoc\nasx_gy_20260710_234950_s03\official_runs\2026-07-10_235028_research_NASDAQ-COMP_nasdaq_ext_theme_capital_efficiency_Top_2013-12-31\perf_ptf.parquet,C:\GoogleDrive\TP\07_backtest_code\runs\ad_hoc\nasx_gy_20260710_234950_s03\official_runs\2026-07-10_235028_research_NASDAQ-COMP_nasdaq_ext_theme_capital_efficiency_Top_2013-12-31\perf_bench.parquet,1.8827955069819973,-0.3366453509309354,-0.5659108021983611,0.1972738058633584,,,,,,,,,,,,,,,,,,,,,,,,,,,,,,,,,,,,,,,,,
nasdaq,new,synergy_performance_summary,C:\GoogleDrive\TP\07_backtest_code\runs\ad_hoc\nasdaq_tech_factor_extension_20260710\synergy_performance_summary.csv,NASDAQ COMP,nasdaq_ext_theme_capital_efficiency,Worst,success,Run termine avec succes,2013-12-31,C:\GoogleDrive\TP\07_backtest_code\runs\ad_hoc\nasx_gy_20260710_234950_s03\official_runs\2026-07-10_235110_research_NASDAQ-COMP_nasdaq_ext_theme_capital_efficiency_Worst_2013-12-31,capital_efficiency validated theme,validated_theme,validated_theme,,0.9571097980183784,42600.0,2013-12-31,2026-06-30,507.1428571428572,theme composite; min_count=1,3206.0,69.43708609271523,0.1547269635086711,True,0.1366548660149449,0.2195334167515945,0.622478655126896,-0.2907977370026047,-0.5659108021983611,-0.0646029516194747,-0.6230617878905562,0.1090348995677354,-0.6107112491663161,-0.1688143124827922,0.3333333333333333,C:\GoogleDrive\TP\07_backtest_code\runs\ad_hoc\nasx_gy_20260710_234950_s03\official_runs\2026-07-10_235110_research_NASDAQ-COMP_nasdaq_ext_theme_capital_efficiency_Worst_2013-12-31\perf_ptf.parquet,C:\GoogleDrive\TP\07_backtest_code\runs\ad_hoc\nasx_gy_20260710_234950_s03\official_runs\2026-07-10_235110_research_NASDAQ-COMP_nasdaq_ext_theme_capital_efficiency_Worst_2013-12-31\perf_bench.parquet,1.8827955069819973,-0.3366453509309354,-0.5659108021983611,0.1972738058633584,,,,,,,,,,,,,,,,,,,,,,,,,,,,,,,,,,,,,,,,,
nasdaq,new,synergy_performance_summary,C:\GoogleDrive\TP\07_backtest_code\runs\ad_hoc\nasdaq_tech_factor_extension_20260710\synergy_performance_summary.csv,NASDAQ COMP,nasdaq_ext_theme_earnings_yield_improvement,Top,success,Run termine avec succes,2014-03-31,C:\GoogleDrive\TP\07_backtest_code\runs\ad_hoc\nasx_gy_20260710_234950_s00\official_runs\2026-07-10_235027_research_NASDAQ-COMP_nasdaq_ext_theme_earnings_yield_improvement_Top_2014-03-31,earnings_yield_improvement validated theme,validated_theme,validated_theme,,0.8894156238064211,39587.0,2014-03-31,2026-06-30,471.2738095238095,theme composite; min_count=1,3142.0,70.47972972972973,0.2566807893098235,True,0.2493915775313391,0.2833515800322281,0.8801488860692908,-0.3888789952326302,0.3799098287052447,0.0266376372143561,-0.3873417737161271,0.1543535000702416,0.2631867964610782,-0.1003391573639056,0.5833333333333334,C:\GoogleDrive\TP\07_backtest_code\runs\ad_hoc\nasx_gy_20260710_234950_s00\official_runs\2026-07-10_235027_research_NASDAQ-COMP_nasdaq_ext_theme_earnings_yield_improvement_Top_2014-03-31\perf_ptf.parquet,C:\GoogleDrive\TP\07_backtest_code\runs\ad_hoc\nasx_gy_20260710_234950_s00\official_runs\2026-07-10_235027_research_NASDAQ-COMP_nasdaq_ext_theme_earnings_yield_improvement_Top_2014-03-31\perf_bench.parquet,1.3136429762719637,-0.2633761040770284,-0.4035770242612232,0.0073551119748249,,,,,,,,,,,,,,,,,,,,,,,,,,,,,,,,,,,,,,,,,
nasdaq,new,synergy_performance_summary,C:\GoogleDrive\TP\07_backtest_code\runs\ad_hoc\nasdaq_tech_factor_extension_20260710\synergy_performance_summary.csv,NASDAQ COMP,nasdaq_ext_theme_earnings_yield_improvement,Worst,success,Run termine avec succes,2014-03-31,C:\GoogleDrive\TP\07_backtest_code\runs\ad_hoc\nasx_gy_20260710_234950_s00\official_runs\2026-07-10_235109_research_NASDAQ-COMP_nasdaq_ext_theme_earnings_yield_improvement_Worst_2014-03-31,earnings_yield_improvement validated theme,validated_theme,validated_theme,,0.8894156238064211,39587.0,2014-03-31,2026-06-30,471.2738095238095,theme composite; min_count=1,3142.0,70.47972972972973,0.2413786747232288,True,0.1666968352000855,0.2395164853147456,0.6959722834151948,-0.3146551266036249,-0.4035770242612232,-0.0413134650691698,-0.4585310388736994,0.0976513500706851,-0.3900669783014981,-0.1008840443288131,0.4166666666666667,C:\GoogleDrive\TP\07_backtest_code\runs\ad_hoc\nasx_gy_20260710_234950_s00\official_runs\2026-07-10_235109_research_NASDAQ-COMP_nasdaq_ext_theme_earnings_yield_improvement_Worst_2014-03-31\perf_ptf.parquet,C:\GoogleDrive\TP\07_backtest_code\runs\ad_hoc\nasx_gy_20260710_234950_s00\official_runs\2026-07-10_235109_research_NASDAQ-COMP_nasdaq_ext_theme_earnings_yield_improvement_Worst_2014-03-31\perf_bench.parquet,1.3136429762719637,-0.2633761040770284,-0.4035770242612232,0.0073551119748249,,,,,,,,,,,,,,,,,,,,,,,,,,,,,,,,,,,,,,,,,
nasdaq,new,synergy_performance_summary,C:\GoogleDrive\TP\07_backtest_code\runs\ad_hoc\nasdaq_tech_factor_extension_20260710\synergy_performance_summary.csv,NASDAQ COMP,nasdaq_ext_theme_growth_confirmation,Top,success,Run termine avec succes,2013-12-31,C:\GoogleDrive\TP\07_backtest_code\runs\ad_hoc\nasx_gy_20260710_234950_s00\official_runs\2026-07-10_235147_research_NASDAQ-COMP_nasdaq_ext_theme_growth_confirmation_Top_2013-12-31,growth_confirmation validated theme,validated_theme,validated_theme,,0.9576040800736928,42622.0,2013-12-31,2026-06-30,507.4047619047619,theme composite; min_count=1,3206.0,69.43708609271523,0.1525529772789051,True,0.227500486578619,0.2729565601277048,0.8334677374018091,-0.3853479613360197,0.1346022251304781,0.0101574069328815,-0.3862572529264662,0.1244284444610161,0.17915911998093,-0.1117257208269543,0.6666666666666666,C:\GoogleDrive\TP\07_backtest_code\runs\ad_hoc\nasx_gy_20260710_234950_s00\official_runs\2026-07-10_235147_research_NASDAQ-COMP_nasdaq_ext_theme_growth_confirmation_Top_2013-12-31\perf_ptf.parquet,C:\GoogleDrive\TP\07_backtest_code\runs\ad_hoc\nasx_gy_20260710_234950_s00\official_runs\2026-07-10_235147_research_NASDAQ-COMP_nasdaq_ext_theme_growth_confirmation_Top_2013-12-31\perf_bench.parquet,2.246365264100082,-0.3150564901079864,-0.6505007499687505,0.2491161860396163,,,,,,,,,,,,,,,,,,,,,,,,,,,,,,,,,,,,,,,,,
nasdaq,new,synergy_performance_summary,C:\GoogleDrive\TP\07_backtest_code\runs\ad_hoc\nasdaq_tech_factor_extension_20260710\synergy_performance_summary.csv,NASDAQ COMP,nasdaq_ext_theme_growth_confirmation,Worst,success,Run termine avec succes,2013-12-31,C:\GoogleDrive\TP\07_backtest_code\runs\ad_hoc\nasx_gy_20260710_234950_s00\official_runs\2026-07-10_235227_research_NASDAQ-COMP_nasdaq_ext_theme_growth_confirmation_Worst_2013-12-31,growth_confirmation validated theme,validated_theme,validated_theme,,0.9576040800736928,42622.0,2013-12-31,2026-06-30,507.4047619047619,theme composite; min_count=1,3206.0,69.43708609271523,0.1710718881253145,True,0.117108395696752,0.2153405433538168,0.5438288297821198,-0.3424312031363429,-0.6505007499687505,-0.0806884945477314,-0.7031274464789026,0.1110181634764485,-0.7615686395320416,-0.1722252592763367,0.25,C:\GoogleDrive\TP\07_backtest_code\runs\ad_hoc\nasx_gy_20260710_234950_s00\official_runs\2026-07-10_235227_research_NASDAQ-COMP_nasdaq_ext_theme_growth_confirmation_Worst_2013-12-31\perf_ptf.parquet,C:\GoogleDrive\TP\07_backtest_code\runs\ad_hoc\nasx_gy_20260710_234950_s00\official_runs\2026-07-10_235227_research_NASDAQ-COMP_nasdaq_ext_theme_growth_confirmation_Worst_2013-12-31\perf_bench.parquet,2.246365264100082,-0.3150564901079864,-0.6505007499687505,0.2491161860396163,,,,,,,,,,,,,,,,,,,,,,,,,,,,,,,,,,,,,,,,,
nasdaq,new,synergy_performance_summary,C:\GoogleDrive\TP\07_backtest_code\runs\ad_hoc\nasdaq_tech_factor_extension_20260710\synergy_performance_summary.csv,NASDAQ COMP,nasdaq_ext_theme_intangible_investment,Top,success,Run termine avec succes,2013-12-31,C:\GoogleDrive\TP\07_backtest_code\runs\ad_hoc\nasx_gy_20260710_234950_s01\official_runs\2026-07-10_235148_research_NASDAQ-COMP_nasdaq_ext_theme_intangible_investment_Top_2013-12-31,intangible_investment validated theme,validated_theme,validated_theme,,0.9318564784650296,41476.0,2013-12-31,2026-06-30,493.7619047619048,theme composite; min_count=1,3206.0,69.43708609271523,0.1493273995185685,True,0.2326388632903058,0.264463418110399,0.8796636788275639,-0.3721764477298788,0.1953988982771581,0.0143859749470496,-0.2369012336388232,0.1100332146115661,0.2182671653699056,-0.0730612953291806,0.6666666666666666,C:\GoogleDrive\TP\07_backtest_code\runs\ad_hoc\nasx_gy_20260710_234950_s01\official_runs\2026-07-10_235148_research_NASDAQ-COMP_nasdaq_ext_theme_intangible_investment_Top_2013-12-31\perf_ptf.parquet,C:\GoogleDrive\TP\07_backtest_code\runs\ad_hoc\nasx_gy_20260710_234950_s01\official_runs\2026-07-10_235148_research_NASDAQ-COMP_nasdaq_ext_theme_intangible_investment_Top_2013-12-31\perf_bench.parquet,3.0684577084567524,-0.3481007977792324,-0.7061788559845699,1.0727307752871411,,,,,,,,,,,,,,,,,,,,,,,,,,,,,,,,,,,,,,,,,
nasdaq,new,synergy_performance_summary,C:\GoogleDrive\TP\07_backtest_code\runs\ad_hoc\nasdaq_tech_factor_extension_20260710\synergy_performance_summary.csv,NASDAQ COMP,nasdaq_ext_theme_intangible_investment,Worst,success,Run termine avec succes,2013-12-31,C:\GoogleDrive\TP\07_backtest_code\runs\ad_hoc\nasx_gy_20260710_234950_s01\official_runs\2026-07-10_235228_research_NASDAQ-COMP_nasdaq_ext_theme_intangible_investment_Worst_2013-12-31,intangible_investment validated theme,validated_theme,validated_theme,,0.9318564784650296,41476.0,2013-12-31,2026-06-30,493.7619047619048,theme composite; min_count=1,3206.0,69.43708609271523,0.1659152505405055,True,0.1017019368330831,0.2099011976290715,0.4845228992585668,-0.3830671761038374,-0.7061788559845699,-0.0933670626671788,-0.7751569384796262,0.1341436017270236,-0.740502849790369,-0.1827719073458694,0.1666666666666666,C:\GoogleDrive\TP\07_backtest_code\runs\ad_hoc\nasx_gy_20260710_234950_s01\official_runs\2026-07-10_235228_research_NASDAQ-COMP_nasdaq_ext_theme_intangible_investment_Worst_2013-12-31\perf_ptf.parquet,C:\GoogleDrive\TP\07_backtest_code\runs\ad_hoc\nasx_gy_20260710_234950_s01\official_runs\2026-07-10_235228_research_NASDAQ-COMP_nasdaq_ext_theme_intangible_investment_Worst_2013-12-31\perf_bench.parquet,3.0684577084567524,-0.3481007977792324,-0.7061788559845699,1.0727307752871411,,,,,,,,,,,,,,,,,,,,,,,,,,,,,,,,,,,,,,,,,
nasdaq,new,synergy_performance_summary,C:\GoogleDrive\TP\07_backtest_code\runs\ad_hoc\nasdaq_tech_factor_extension_20260710\synergy_performance_summary.csv,NASDAQ COMP,nasdaq_ext_theme_loo_ex_capital_efficiency,Top,success,Run termine avec succes,2013-12-31,C:\GoogleDrive\TP\07_backtest_code\runs\ad_hoc\nasx_gy_20260711_002100_s00\official_runs\2026-07-11_003801_research_NASDAQ-COMP_nasdaq_ext_theme_loo_ex_capital_efficiency_Top_2013-12-31,leave one theme out: ex capital_efficiency,leave_one_out,leave_one_out,,0.9633332584421128,42877.0,2013-12-31,2026-06-30,510.4404761904762,exclude theme capital_efficiency,3206.0,69.43708609271523,0.2033653693491163,True,0.2598374966200627,0.2808020453631775,0.9253404699527736,-0.3983363673926826,0.5701968574066025,0.0367687774118252,-0.3050622662422627,0.125051616456717,0.4000734853139538,-0.0873048144697797,0.6666666666666666,C:\GoogleDrive\TP\07_backtest_code\runs\ad_hoc\nasx_gy_20260711_002100_s00\official_runs\2026-07-11_003801_research_NASDAQ-COMP_nasdaq_ext_theme_loo_ex_capital_efficiency_Top_2013-12-31\perf_ptf.parquet,C:\GoogleDrive\TP\07_backtest_code\runs\ad_hoc\nasx_gy_20260711_002100_s00\official_runs\2026-07-11_003801_research_NASDAQ-COMP_nasdaq_ext_theme_loo_ex_capital_efficiency_Top_2013-12-31\perf_bench.parquet,3.085657028814726,-0.2975384862177345,-0.6156806980290936,1.2905444084029436,,,,,,,,,,,,,,,,,,,,,,,,,,,,,,,,,,,,,,,,,
nasdaq,new,synergy_performance_summary,C:\GoogleDrive\TP\07_backtest_code\runs\ad_hoc\nasdaq_tech_factor_extension_20260710\synergy_performance_summary.csv,NASDAQ COMP,nasdaq_ext_theme_loo_ex_capital_efficiency,Worst,success,Run termine avec succes,2013-12-31,C:\GoogleDrive\TP\07_backtest_code\runs\ad_hoc\nasx_gy_20260711_002100_s00\official_runs\2026-07-11_003842_research_NASDAQ-COMP_nasdaq_ext_theme_loo_ex_capital_efficiency_Worst_2013-12-31,leave one theme out: ex capital_efficiency,leave_one_out,leave_one_out,,0.9633332584421128,42877.0,2013-12-31,2026-06-30,510.4404761904762,exclude theme capital_efficiency,3206.0,69.43708609271523,0.2223792336932729,True,0.1256313147172416,0.2139478650717728,0.5872052739348266,-0.3179774228335272,-0.6156806980290936,-0.0736746563689509,-0.6769088148660697,0.1130408466465908,-0.6844295559713013,-0.1686161103180489,0.1666666666666666,C:\GoogleDrive\TP\07_backtest_code\runs\ad_hoc\nasx_gy_20260711_002100_s00\official_runs\2026-07-11_003842_research_NASDAQ-COMP_nasdaq_ext_theme_loo_ex_capital_efficiency_Worst_2013-12-31\perf_ptf.parquet,C:\GoogleDrive\TP\07_backtest_code\runs\ad_hoc\nasx_gy_20260711_002100_s00\official_runs\2026-07-11_003842_research_NASDAQ-COMP_nasdaq_ext_theme_loo_ex_capital_efficiency_Worst_2013-12-31\perf_bench.parquet,3.085657028814726,-0.2975384862177345,-0.6156806980290936,1.2905444084029436,,,,,,,,,,,,,,,,,,,,,,,,,,,,,,,,,,,,,,,,,
nasdaq,new,synergy_performance_summary,C:\GoogleDrive\TP\07_backtest_code\runs\ad_hoc\nasdaq_tech_factor_extension_20260710\synergy_performance_summary.csv,NASDAQ COMP,nasdaq_ext_theme_loo_ex_earnings_yield_improvement,Top,success,Run termine avec succes,2013-12-31,C:\GoogleDrive\TP\07_backtest_code\runs\ad_hoc\nasx_gy_20260711_002100_s02\official_runs\2026-07-11_003633_research_NASDAQ-COMP_nasdaq_ext_theme_loo_ex_earnings_yield_improvement_Top_2013-12-31,leave one theme out: ex earnings_yield_improvement,leave_one_out,leave_one_out,,0.9615134017839088,42796.0,2013-12-31,2026-06-30,509.4761904761905,exclude theme earnings_yield_improvement,3206.0,69.43708609271523,0.1821550481949762,True,0.2440905263686672,0.269244148834138,0.9065769021373752,-0.3971136099587671,0.341827126333087,0.0238099893623511,-0.3397897001204514,0.1223247888270996,0.2819096514437421,-0.1142124578738064,0.6666666666666666,C:\GoogleDrive\TP\07_backtest_code\runs\ad_hoc\nasx_gy_20260711_002100_s02\official_runs\2026-07-11_003633_research_NASDAQ-COMP_nasdaq_ext_theme_loo_ex_earnings_yield_improvement_Top_2013-12-31\perf_ptf.parquet,C:\GoogleDrive\TP\07_backtest_code\runs\ad_hoc\nasx_gy_20260711_002100_s02\official_runs\2026-07-11_003633_research_NASDAQ-COMP_nasdaq_ext_theme_loo_ex_earnings_yield_improvement_Top_2013-12-31\perf_bench.parquet,2.62811207781991,-0.3130065109698832,-0.6301583033952536,0.7397665183012331,,,,,,,,,,,,,,,,,,,,,,,,,,,,,,,,,,,,,,,,,
nasdaq,new,synergy_performance_summary,C:\GoogleDrive\TP\07_backtest_code\runs\ad_hoc\nasdaq_tech_factor_extension_20260710\synergy_performance_summary.csv,NASDAQ COMP,nasdaq_ext_theme_loo_ex_earnings_yield_improvement,Worst,success,Run termine avec succes,2013-12-31,C:\GoogleDrive\TP\07_backtest_code\runs\ad_hoc\nasx_gy_20260711_002100_s02\official_runs\2026-07-11_003713_research_NASDAQ-COMP_nasdaq_ext_theme_loo_ex_earnings_yield_improvement_Worst_2013-12-31,leave one theme out: ex earnings_yield_improvement,leave_one_out,leave_one_out,,0.9615134017839088,42796.0,2013-12-31,2026-06-30,509.4761904761905,exclude theme earnings_yield_improvement,3206.0,69.43708609271523,0.1940076801995248,True,0.1221775746057345,0.2178362548303729,0.5608688723595302,-0.3209283558516372,-0.6301583033952536,-0.0765168720693979,-0.694375113633146,0.1133566068454538,-0.7017823800776157,-0.1814992340216212,0.1666666666666666,C:\GoogleDrive\TP\07_backtest_code\runs\ad_hoc\nasx_gy_20260711_002100_s02\official_runs\2026-07-11_003713_research_NASDAQ-COMP_nasdaq_ext_theme_loo_ex_earnings_yield_improvement_Worst_2013-12-31\perf_ptf.parquet,C:\GoogleDrive\TP\07_backtest_code\runs\ad_hoc\nasx_gy_20260711_002100_s02\official_runs\2026-07-11_003713_research_NASDAQ-COMP_nasdaq_ext_theme_loo_ex_earnings_yield_improvement_Worst_2013-12-31\perf_bench.parquet,2.62811207781991,-0.3130065109698832,-0.6301583033952536,0.7397665183012331,,,,,,,,,,,,,,,,,,,,,,,,,,,,,,,,,,,,,,,,,
nasdaq,new,synergy_performance_summary,C:\GoogleDrive\TP\07_backtest_code\runs\ad_hoc\nasdaq_tech_factor_extension_20260710\synergy_performance_summary.csv,NASDAQ COMP,nasdaq_ext_theme_loo_ex_growth_confirmation,Top,success,Run termine avec succes,2013-12-31,C:\GoogleDrive\TP\07_backtest_code\runs\ad_hoc\nasx_gy_20260711_002100_s03\official_runs\2026-07-11_003719_research_NASDAQ-COMP_nasdaq_ext_theme_loo_ex_growth_confirmation_Top_2013-12-31,leave one theme out: ex growth_confirmation,leave_one_out,leave_one_out,,0.9632883237098115,42875.0,2013-12-31,2026-06-30,510.4166666666667,exclude theme growth_confirmation,3206.0,69.43708609271523,0.2092780203605598,True,0.2586736108002254,0.2783873843532897,0.929185822845886,-0.3919662101008292,0.5521666557323321,0.0358109709632024,-0.2976531829893922,0.1232310004275274,0.3930514409782237,-0.0812435844496695,0.5833333333333334,C:\GoogleDrive\TP\07_backtest_code\runs\ad_hoc\nasx_gy_20260711_002100_s03\official_runs\2026-07-11_003719_research_NASDAQ-COMP_nasdaq_ext_theme_loo_ex_growth_confirmation_Top_2013-12-31\perf_ptf.parquet,C:\GoogleDrive\TP\07_backtest_code\runs\ad_hoc\nasx_gy_20260711_002100_s03\official_runs\2026-07-11_003719_research_NASDAQ-COMP_nasdaq_ext_theme_loo_ex_growth_confirmation_Top_2013-12-31\perf_bench.parquet,2.9071268048193746,-0.2749780013058416,-0.6027345071529902,1.205949107286038,,,,,,,,,,,,,,,,,,,,,,,,,,,,,,,,,,,,,,,,,
nasdaq,new,synergy_performance_summary,C:\GoogleDrive\TP\07_backtest_code\runs\ad_hoc\nasdaq_tech_factor_extension_20260710\synergy_performance_summary.csv,NASDAQ COMP,nasdaq_ext_theme_loo_ex_growth_confirmation,Worst,success,Run termine avec succes,2013-12-31,C:\GoogleDrive\TP\07_backtest_code\runs\ad_hoc\nasx_gy_20260711_002100_s03\official_runs\2026-07-11_003759_research_NASDAQ-COMP_nasdaq_ext_theme_loo_ex_growth_confirmation_Worst_2013-12-31,leave one theme out: ex growth_confirmation,leave_one_out,leave_one_out,,0.9632883237098115,42875.0,2013-12-31,2026-06-30,510.4166666666667,exclude theme growth_confirmation,3206.0,69.43708609271523,0.2210395378428446,True,0.1286198078102569,0.2206986760730958,0.5827846822590717,-0.3491700669507648,-0.6027345071529902,-0.0712153103511815,-0.676557778884556,0.1108018451902253,-0.6614416457352471,-0.1775146096331873,0.1666666666666666,C:\GoogleDrive\TP\07_backtest_code\runs\ad_hoc\nasx_gy_20260711_002100_s03\official_runs\2026-07-11_003759_research_NASDAQ-COMP_nasdaq_ext_theme_loo_ex_growth_confirmation_Worst_2013-12-31\perf_ptf.parquet,C:\GoogleDrive\TP\07_backtest_code\runs\ad_hoc\nasx_gy_20260711_002100_s03\official_runs\2026-07-11_003759_research_NASDAQ-COMP_nasdaq_ext_theme_loo_ex_growth_confirmation_Worst_2013-12-31\perf_bench.parquet,2.9071268048193746,-0.2749780013058416,-0.6027345071529902,1.205949107286038,,,,,,,,,,,,,,,,,,,,,,,,,,,,,,,,,,,,,,,,,
nasdaq,new,synergy_performance_summary,C:\GoogleDrive\TP\07_backtest_code\runs\ad_hoc\nasdaq_tech_factor_extension_20260710\synergy_performance_summary.csv,NASDAQ COMP,nasdaq_ext_theme_loo_ex_intangible_investment,Top,success,Run termine avec succes,2013-12-31,C:\GoogleDrive\TP\07_backtest_code\runs\ad_hoc\nasx_gy_20260711_002100_s01\official_runs\2026-07-11_003800_research_NASDAQ-COMP_nasdaq_ext_theme_loo_ex_intangible_investment_Top_2013-12-31,leave one theme out: ex intangible_investment,leave_one_out,leave_one_out,,0.9606371745040329,42757.0,2013-12-31,2026-06-30,509.0119047619048,exclude theme intangible_investment,3206.0,69.43708609271523,0.1974299601504197,True,0.2421137541975144,0.2718745823462632,0.8905347168098082,-0.398129443103371,0.3154277158230858,0.0221832274405904,-0.3816801904124393,0.1250442279344938,0.2690796981834818,-0.1166437114591371,0.6666666666666666,C:\GoogleDrive\TP\07_backtest_code\runs\ad_hoc\nasx_gy_20260711_002100_s01\official_runs\2026-07-11_003800_research_NASDAQ-COMP_nasdaq_ext_theme_loo_ex_intangible_investment_Top_2013-12-31\perf_ptf.parquet,C:\GoogleDrive\TP\07_backtest_code\runs\ad_hoc\nasx_gy_20260711_002100_s01\official_runs\2026-07-11_003800_research_NASDAQ-COMP_nasdaq_ext_theme_loo_ex_intangible_investment_Top_2013-12-31\perf_bench.parquet,2.788043349197721,-0.3336875627800076,-0.652742169357253,0.7044010702034366,,,,,,,,,,,,,,,,,,,,,,,,,,,,,,,,,,,,,,,,,
nasdaq,new,synergy_performance_summary,C:\GoogleDrive\TP\07_backtest_code\runs\ad_hoc\nasdaq_tech_factor_extension_20260710\synergy_performance_summary.csv,NASDAQ COMP,nasdaq_ext_theme_loo_ex_intangible_investment,Worst,success,Run termine avec succes,2013-12-31,C:\GoogleDrive\TP\07_backtest_code\runs\ad_hoc\nasx_gy_20260711_002100_s01\official_runs\2026-07-11_003841_research_NASDAQ-COMP_nasdaq_ext_theme_loo_ex_intangible_investment_Worst_2013-12-31,leave one theme out: ex intangible_investment,leave_one_out,leave_one_out,,0.9606371745040329,42757.0,2013-12-31,2026-06-30,509.0119047619048,exclude theme intangible_investment,3206.0,69.43708609271523,0.2101665812872699,True,0.1165333513624218,0.2136914234296887,0.5453347143843843,-0.3136123212670257,-0.652742169357253,-0.0811617206686087,-0.7053594092987655,0.1132200626414921,-0.7542523896117456,-0.1759443228589132,0.1666666666666666,C:\GoogleDrive\TP\07_backtest_code\runs\ad_hoc\nasx_gy_20260711_002100_s01\official_runs\2026-07-11_003841_research_NASDAQ-COMP_nasdaq_ext_theme_loo_ex_intangible_investment_Worst_2013-12-31\perf_ptf.parquet,C:\GoogleDrive\TP\07_backtest_code\runs\ad_hoc\nasx_gy_20260711_002100_s01\official_runs\2026-07-11_003841_research_NASDAQ-COMP_nasdaq_ext_theme_loo_ex_intangible_investment_Worst_2013-12-31\perf_bench.parquet,2.788043349197721,-0.3336875627800076,-0.652742169357253,0.7044010702034366,,,,,,,,,,,,,,,,,,,,,,,,,,,,,,,,,,,,,,,,,
nasdaq,new,synergy_performance_summary,C:\GoogleDrive\TP\07_backtest_code\runs\ad_hoc\nasdaq_tech_factor_extension_20260710\synergy_performance_summary.csv,NASDAQ COMP,nasdaq_ext_theme_loo_ex_quality_improvement,Top,success,Run termine avec succes,2013-12-31,C:\GoogleDrive\TP\07_backtest_code\runs\ad_hoc\nasx_gy_20260711_002100_s01\official_runs\2026-07-11_003641_research_NASDAQ-COMP_nasdaq_ext_theme_loo_ex_quality_improvement_Top_2013-12-31,leave one theme out: ex quality_improvement,leave_one_out,leave_one_out,,0.9593790019995956,42701.0,2013-12-31,2026-06-30,508.3452380952381,exclude theme quality_improvement,3206.0,69.43708609271523,0.1936117171816762,True,0.2407157131779678,0.2605707579462306,0.923801715415972,-0.3702176984718741,0.2970465381690701,0.0210327256635791,-0.3650087715882488,0.1048757420745312,0.2814230422403247,-0.0870565010201358,0.5833333333333334,C:\GoogleDrive\TP\07_backtest_code\runs\ad_hoc\nasx_gy_20260711_002100_s01\official_runs\2026-07-11_003641_research_NASDAQ-COMP_nasdaq_ext_theme_loo_ex_quality_improvement_Top_2013-12-31\perf_ptf.parquet,C:\GoogleDrive\TP\07_backtest_code\runs\ad_hoc\nasx_gy_20260711_002100_s01\official_runs\2026-07-11_003641_research_NASDAQ-COMP_nasdaq_ext_theme_loo_ex_quality_improvement_Top_2013-12-31\perf_bench.parquet,1.9846330078608307,-0.2893204072560205,-0.5654251176767963,0.3674132558283207,,,,,,,,,,,,,,,,,,,,,,,,,,,,,,,,,,,,,,,,,
nasdaq,new,synergy_performance_summary,C:\GoogleDrive\TP\07_backtest_code\runs\ad_hoc\nasdaq_tech_factor_extension_20260710\synergy_performance_summary.csv,NASDAQ COMP,nasdaq_ext_theme_loo_ex_quality_improvement,Worst,success,Run termine avec succes,2013-12-31,C:\GoogleDrive\TP\07_backtest_code\runs\ad_hoc\nasx_gy_20260711_002100_s01\official_runs\2026-07-11_003722_research_NASDAQ-COMP_nasdaq_ext_theme_loo_ex_quality_improvement_Worst_2013-12-31,leave one theme out: ex quality_improvement,leave_one_out,leave_one_out,,0.9593790019995956,42701.0,2013-12-31,2026-06-30,508.3452380952381,exclude theme quality_improvement,3206.0,69.43708609271523,0.2098331609618314,True,0.1367565904010361,0.2175013567502331,0.6287620107035934,-0.3045999073031969,-0.5654251176767963,-0.0645192387059572,-0.6282971358407647,0.1129803239328355,-0.5923662593552196,-0.1686420341058344,0.3333333333333333,C:\GoogleDrive\TP\07_backtest_code\runs\ad_hoc\nasx_gy_20260711_002100_s01\official_runs\2026-07-11_003722_research_NASDAQ-COMP_nasdaq_ext_theme_loo_ex_quality_improvement_Worst_2013-12-31\perf_ptf.parquet,C:\GoogleDrive\TP\07_backtest_code\runs\ad_hoc\nasx_gy_20260711_002100_s01\official_runs\2026-07-11_003722_research_NASDAQ-COMP_nasdaq_ext_theme_loo_ex_quality_improvement_Worst_2013-12-31\perf_bench.parquet,1.9846330078608307,-0.2893204072560205,-0.5654251176767963,0.3674132558283207,,,,,,,,,,,,,,,,,,,,,,,,,,,,,,,,,,,,,,,,,
nasdaq,new,synergy_performance_summary,C:\GoogleDrive\TP\07_backtest_code\runs\ad_hoc\nasdaq_tech_factor_extension_20260710\synergy_performance_summary.csv,NASDAQ COMP,nasdaq_ext_theme_loo_ex_residual_risk,Top,success,Run termine avec succes,2013-12-31,C:\GoogleDrive\TP\07_backtest_code\runs\ad_hoc\nasx_gy_20260711_002100_s02\official_runs\2026-07-11_003751_research_NASDAQ-COMP_nasdaq_ext_theme_loo_ex_residual_risk_Top_2013-12-31,leave one theme out: ex residual_risk,leave_one_out,leave_one_out,,0.970590217708778,43200.0,2013-12-31,2026-06-30,514.2857142857143,exclude theme residual_risk,3206.0,69.43708609271523,0.1949639822029512,True,0.2629680662779565,0.2880767932864129,0.9128401607015504,-0.4199956325638994,0.6196542057228938,0.0393450437045217,-0.3301395560114452,0.133371151343432,0.4089031434504543,-0.0912507699853677,0.75,C:\GoogleDrive\TP\07_backtest_code\runs\ad_hoc\nasx_gy_20260711_002100_s02\official_runs\2026-07-11_003751_research_NASDAQ-COMP_nasdaq_ext_theme_loo_ex_residual_risk_Top_2013-12-31\perf_ptf.parquet,C:\GoogleDrive\TP\07_backtest_code\runs\ad_hoc\nasx_gy_20260711_002100_s02\official_runs\2026-07-11_003751_research_NASDAQ-COMP_nasdaq_ext_theme_loo_ex_residual_risk_Top_2013-12-31\perf_bench.parquet,3.432490437088833,-0.3468750984312917,-0.6345949915265584,1.4509983909156203,,,,,,,,,,,,,,,,,,,,,,,,,,,,,,,,,,,,,,,,,
nasdaq,new,synergy_performance_summary,C:\GoogleDrive\TP\07_backtest_code\runs\ad_hoc\nasdaq_tech_factor_extension_20260710\synergy_performance_summary.csv,NASDAQ COMP,nasdaq_ext_theme_loo_ex_residual_risk,Worst,success,Run termine avec succes,2013-12-31,C:\GoogleDrive\TP\07_backtest_code\runs\ad_hoc\nasx_gy_20260711_002100_s02\official_runs\2026-07-11_003831_research_NASDAQ-COMP_nasdaq_ext_theme_loo_ex_residual_risk_Worst_2013-12-31,leave one theme out: ex residual_risk,leave_one_out,leave_one_out,,0.970590217708778,43200.0,2013-12-31,2026-06-30,514.2857142857143,exclude theme residual_risk,3206.0,69.43708609271523,0.2156534912811654,True,0.121094252653882,0.2127183673073845,0.5692703182461775,-0.3136251983192817,-0.6345949915265584,-0.0774083794094944,-0.6960323726884128,0.1125059055506225,-0.7252774090809168,-0.1785329286287337,0.1666666666666666,C:\GoogleDrive\TP\07_backtest_code\runs\ad_hoc\nasx_gy_20260711_002100_s02\official_runs\2026-07-11_003831_research_NASDAQ-COMP_nasdaq_ext_theme_loo_ex_residual_risk_Worst_2013-12-31\perf_ptf.parquet,C:\GoogleDrive\TP\07_backtest_code\runs\ad_hoc\nasx_gy_20260711_002100_s02\official_runs\2026-07-11_003831_research_NASDAQ-COMP_nasdaq_ext_theme_loo_ex_residual_risk_Worst_2013-12-31\perf_bench.parquet,3.432490437088833,-0.3468750984312917,-0.6345949915265584,1.4509983909156203,,,,,,,,,,,,,,,,,,,,,,,,,,,,,,,,,,,,,,,,,
nasdaq,new,synergy_performance_summary,C:\GoogleDrive\TP\07_backtest_code\runs\ad_hoc\nasdaq_tech_factor_extension_20260710\synergy_performance_summary.csv,NASDAQ COMP,nasdaq_ext_theme_loo_ex_revision,Top,success,Run termine avec succes,2013-12-31,C:\GoogleDrive\TP\07_backtest_code\runs\ad_hoc\nasx_gy_20260711_002100_s00\official_runs\2026-07-11_003642_research_NASDAQ-COMP_nasdaq_ext_theme_loo_ex_revision_Top_2013-12-31,leave one theme out: ex revision,leave_one_out,leave_one_out,,0.9599856208856636,42728.0,2013-12-31,2026-06-30,508.6666666666667,exclude theme revision,3206.0,69.43708609271523,0.198727493119039,True,0.2654001708910765,0.2801876418149129,0.9472229723336448,-0.3902927479400094,0.6590618398615091,0.0413465162222446,-0.2918303747839648,0.1236482821349492,0.4382128847869592,-0.0872722469126046,0.6666666666666666,C:\GoogleDrive\TP\07_backtest_code\runs\ad_hoc\nasx_gy_20260711_002100_s00\official_runs\2026-07-11_003642_research_NASDAQ-COMP_nasdaq_ext_theme_loo_ex_revision_Top_2013-12-31\perf_ptf.parquet,C:\GoogleDrive\TP\07_backtest_code\runs\ad_hoc\nasx_gy_20260711_002100_s00\official_runs\2026-07-11_003642_research_NASDAQ-COMP_nasdaq_ext_theme_loo_ex_revision_Top_2013-12-31\perf_bench.parquet,3.5642610367755907,-0.2755062540045824,-0.636510307694069,1.6466110796338211,,,,,,,,,,,,,,,,,,,,,,,,,,,,,,,,,,,,,,,,,
nasdaq,new,synergy_performance_summary,C:\GoogleDrive\TP\07_backtest_code\runs\ad_hoc\nasdaq_tech_factor_extension_20260710\synergy_performance_summary.csv,NASDAQ COMP,nasdaq_ext_theme_loo_ex_revision,Worst,success,Run termine avec succes,2013-12-31,C:\GoogleDrive\TP\07_backtest_code\runs\ad_hoc\nasx_gy_20260711_002100_s00\official_runs\2026-07-11_003723_research_NASDAQ-COMP_nasdaq_ext_theme_loo_ex_revision_Worst_2013-12-31,leave one theme out: ex revision,leave_one_out,leave_one_out,,0.9599856208856636,42728.0,2013-12-31,2026-06-30,508.6666666666667,exclude theme revision,3206.0,69.43708609271523,0.2062374870301418,True,0.1206228390979486,0.2147917648189699,0.5615803715734241,-0.3365083048975933,-0.636510307694069,-0.077796323773233,-0.6990648057609692,0.1146628600412517,-0.7113227374576283,-0.1775844085492481,0.1666666666666666,C:\GoogleDrive\TP\07_backtest_code\runs\ad_hoc\nasx_gy_20260711_002100_s00\official_runs\2026-07-11_003723_research_NASDAQ-COMP_nasdaq_ext_theme_loo_ex_revision_Worst_2013-12-31\perf_ptf.parquet,C:\GoogleDrive\TP\07_backtest_code\runs\ad_hoc\nasx_gy_20260711_002100_s00\official_runs\2026-07-11_003723_research_NASDAQ-COMP_nasdaq_ext_theme_loo_ex_revision_Worst_2013-12-31\perf_bench.parquet,3.5642610367755907,-0.2755062540045824,-0.636510307694069,1.6466110796338211,,,,,,,,,,,,,,,,,,,,,,,,,,,,,,,,,,,,,,,,,
nasdaq,new,synergy_performance_summary,C:\GoogleDrive\TP\07_backtest_code\runs\ad_hoc\nasdaq_tech_factor_extension_20260710\synergy_performance_summary.csv,NASDAQ COMP,nasdaq_ext_theme_quality_improvement,Top,success,Run termine avec succes,2014-01-31,C:\GoogleDrive\TP\07_backtest_code\runs\ad_hoc\nasx_gy_20260710_234950_s01\official_runs\2026-07-10_235028_research_NASDAQ-COMP_nasdaq_ext_theme_quality_improvement_Top_2014-01-31,quality_improvement validated theme,validated_theme,validated_theme,,0.9501673818778223,42291.0,2014-01-31,2026-06-30,503.4642857142857,theme composite; min_count=3,3184.0,69.78,0.3188799583601848,True,0.2762577243791753,0.2621088568116606,1.0539808831323902,-0.3248614046049646,0.7727650883902042,0.0472242343085369,-0.2846593708896785,0.1429164795940434,0.3806279146576125,-0.0521261291953479,0.8333333333333334,C:\GoogleDrive\TP\07_backtest_code\runs\ad_hoc\nasx_gy_20260710_234950_s01\official_runs\2026-07-10_235028_research_NASDAQ-COMP_nasdaq_ext_theme_quality_improvement_Top_2014-01-31\perf_ptf.parquet,C:\GoogleDrive\TP\07_backtest_code\runs\ad_hoc\nasx_gy_20260710_234950_s01\official_runs\2026-07-10_235028_research_NASDAQ-COMP_nasdaq_ext_theme_quality_improvement_Top_2014-01-31\perf_bench.parquet,4.840223881196515,-0.2445741079480401,-0.6964559707894264,2.4285156784197133,,,,,,,,,,,,,,,,,,,,,,,,,,,,,,,,,,,,,,,,,
nasdaq,new,synergy_performance_summary,C:\GoogleDrive\TP\07_backtest_code\runs\ad_hoc\nasdaq_tech_factor_extension_20260710\synergy_performance_summary.csv,NASDAQ COMP,nasdaq_ext_theme_quality_improvement,Worst,success,Run termine avec succes,2014-01-31,C:\GoogleDrive\TP\07_backtest_code\runs\ad_hoc\nasx_gy_20260710_234950_s01\official_runs\2026-07-10_235110_research_NASDAQ-COMP_nasdaq_ext_theme_quality_improvement_Worst_2014-01-31,quality_improvement validated theme,validated_theme,validated_theme,,0.9501673818778223,42291.0,2014-01-31,2026-06-30,503.4642857142857,theme composite; min_count=3,3184.0,69.78,0.2935179323564124,True,0.1070547620487671,0.2177475246956197,0.4916462871319185,-0.3693743401020349,-0.6964559707894264,-0.0916140577420693,-0.7290940503392405,0.0928274274014659,-1.0319358195557409,-0.1795567537786163,0.1666666666666666,C:\GoogleDrive\TP\07_backtest_code\runs\ad_hoc\nasx_gy_20260710_234950_s01\official_runs\2026-07-10_235110_research_NASDAQ-COMP_nasdaq_ext_theme_quality_improvement_Worst_2014-01-31\perf_ptf.parquet,C:\GoogleDrive\TP\07_backtest_code\runs\ad_hoc\nasx_gy_20260710_234950_s01\official_runs\2026-07-10_235110_research_NASDAQ-COMP_nasdaq_ext_theme_quality_improvement_Worst_2014-01-31\perf_bench.parquet,4.840223881196515,-0.2445741079480401,-0.6964559707894264,2.4285156784197133,,,,,,,,,,,,,,,,,,,,,,,,,,,,,,,,,,,,,,,,,
nasdaq,new,synergy_performance_summary,C:\GoogleDrive\TP\07_backtest_code\runs\ad_hoc\nasdaq_tech_factor_extension_20260710\synergy_performance_summary.csv,NASDAQ COMP,nasdaq_ext_theme_residual_risk,Top,success,Run termine avec succes,2014-07-31,C:\GoogleDrive\TP\07_backtest_code\runs\ad_hoc\nasx_gy_20260710_234950_s02\official_runs\2026-07-10_235147_research_NASDAQ-COMP_nasdaq_ext_theme_residual_risk_Top_2014-07-31,residual_risk validated theme,validated_theme,validated_theme,,0.7677099013682626,34170.0,2014-07-31,2026-06-30,406.7857142857143,theme composite; min_count=1,3057.0,71.9375,0.1584907953849408,True,0.2267532255528597,0.2532932043324657,0.8952203283560248,-0.3589154649176146,0.1346243553916075,0.0106614139681748,-0.2502182689021751,0.0877382232318722,0.1926368210500092,-0.0756909100222521,0.5,C:\GoogleDrive\TP\07_backtest_code\runs\ad_hoc\nasx_gy_20260710_234950_s02\official_runs\2026-07-10_235147_research_NASDAQ-COMP_nasdaq_ext_theme_residual_risk_Top_2014-07-31\perf_ptf.parquet,C:\GoogleDrive\TP\07_backtest_code\runs\ad_hoc\nasx_gy_20260710_234950_s02\official_runs\2026-07-10_235147_research_NASDAQ-COMP_nasdaq_ext_theme_residual_risk_Top_2014-07-31\perf_bench.parquet,1.450222615479681,-0.2945705289740021,-0.5369300943418638,0.1958699920729732,,,,,,,,,,,,,,,,,,,,,,,,,,,,,,,,,,,,,,,,,
nasdaq,new,synergy_performance_summary,C:\GoogleDrive\TP\07_backtest_code\runs\ad_hoc\nasdaq_tech_factor_extension_20260710\synergy_performance_summary.csv,NASDAQ COMP,nasdaq_ext_theme_residual_risk,Worst,success,Run termine avec succes,2014-07-31,C:\GoogleDrive\TP\07_backtest_code\runs\ad_hoc\nasx_gy_20260710_234950_s02\official_runs\2026-07-10_235227_research_NASDAQ-COMP_nasdaq_ext_theme_residual_risk_Worst_2014-07-31,residual_risk validated theme,validated_theme,validated_theme,,0.7677099013682626,34170.0,2014-07-31,2026-06-30,406.7857142857143,theme composite; min_count=1,3057.0,71.9375,0.1572177520031246,True,0.1378299569292942,0.2301533926672449,0.5988612869529512,-0.3482892213433757,-0.5369300943418638,-0.062598076636598,-0.6072431671569234,0.1227131500627148,-0.5111800232050872,-0.1391794056508268,0.4166666666666667,C:\GoogleDrive\TP\07_backtest_code\runs\ad_hoc\nasx_gy_20260710_234950_s02\official_runs\2026-07-10_235227_research_NASDAQ-COMP_nasdaq_ext_theme_residual_risk_Worst_2014-07-31\perf_ptf.parquet,C:\GoogleDrive\TP\07_backtest_code\runs\ad_hoc\nasx_gy_20260710_234950_s02\official_runs\2026-07-10_235227_research_NASDAQ-COMP_nasdaq_ext_theme_residual_risk_Worst_2014-07-31\perf_bench.parquet,1.450222615479681,-0.2945705289740021,-0.5369300943418638,0.1958699920729732,,,,,,,,,,,,,,,,,,,,,,,,,,,,,,,,,,,,,,,,,
nasdaq,new,synergy_performance_summary,C:\GoogleDrive\TP\07_backtest_code\runs\ad_hoc\nasdaq_tech_factor_extension_20260710\synergy_performance_summary.csv,NASDAQ COMP,nasdaq_ext_theme_revision,Top,success,Run termine avec succes,2013-12-31,C:\GoogleDrive\TP\07_backtest_code\runs\ad_hoc\nasx_gy_20260710_234950_s02\official_runs\2026-07-10_235027_research_NASDAQ-COMP_nasdaq_ext_theme_revision_Top_2013-12-31,revision validated theme,validated_theme,validated_theme,,0.964995843537262,42951.0,2013-12-31,2026-06-30,511.32142857142856,theme composite; min_count=1,3206.0,69.43708609271523,0.1981815667723732,True,0.2294818758860468,0.2775689816337163,0.826756197812024,-0.4013025303224233,0.1577005541326723,0.0117879684738342,-0.4194643510423291,0.1357935770872142,0.1852151210016757,-0.1362405572205256,0.5,C:\GoogleDrive\TP\07_backtest_code\runs\ad_hoc\nasx_gy_20260710_234950_s02\official_runs\2026-07-10_235027_research_NASDAQ-COMP_nasdaq_ext_theme_revision_Top_2013-12-31\perf_ptf.parquet,C:\GoogleDrive\TP\07_backtest_code\runs\ad_hoc\nasx_gy_20260710_234950_s02\official_runs\2026-07-10_235027_research_NASDAQ-COMP_nasdaq_ext_theme_revision_Top_2013-12-31\perf_bench.parquet,1.47961477020438,-0.3433059142149361,-0.5331127366864128,-0.2134548971575358,,,,,,,,,,,,,,,,,,,,,,,,,,,,,,,,,,,,,,,,,
nasdaq,new,synergy_performance_summary,C:\GoogleDrive\TP\07_backtest_code\runs\ad_hoc\nasdaq_tech_factor_extension_20260710\synergy_performance_summary.csv,NASDAQ COMP,nasdaq_ext_theme_revision,Worst,success,Run termine avec succes,2013-12-31,C:\GoogleDrive\TP\07_backtest_code\runs\ad_hoc\nasx_gy_20260710_234950_s02\official_runs\2026-07-10_235109_research_NASDAQ-COMP_nasdaq_ext_theme_revision_Worst_2013-12-31,revision validated theme,validated_theme,validated_theme,,0.964995843537262,42951.0,2013-12-31,2026-06-30,511.32142857142856,theme composite; min_count=1,3206.0,69.43708609271523,0.2260561069501885,True,0.1432998864204089,0.2189555096545359,0.654470338044952,-0.3043500522767075,-0.5331127366864128,-0.0591345085066665,-0.566612030188676,0.1033504061494585,-0.5897807307450318,-0.1479734006070903,0.25,C:\GoogleDrive\TP\07_backtest_code\runs\ad_hoc\nasx_gy_20260710_234950_s02\official_runs\2026-07-10_235109_research_NASDAQ-COMP_nasdaq_ext_theme_revision_Worst_2013-12-31\perf_ptf.parquet,C:\GoogleDrive\TP\07_backtest_code\runs\ad_hoc\nasx_gy_20260710_234950_s02\official_runs\2026-07-10_235109_research_NASDAQ-COMP_nasdaq_ext_theme_revision_Worst_2013-12-31\perf_bench.parquet,1.47961477020438,-0.3433059142149361,-0.5331127366864128,-0.2134548971575358,,,,,,,,,,,,,,,,,,,,,,,,,,,,,,,,,,,,,,,,,
nasdaq,new,tech_validation_gate,C:\GoogleDrive\TP\07_backtest_code\runs\ad_hoc\nasdaq_tech_factor_extension_20260710\tech_validation_gate.csv,,nasdaq_tech_capital_efficient_growth_revision,,,,,,,capital_efficiency,raw_capital_efficiency,,0.9571097980183784,,,,,,,,,,,,,,,,,,,,,,,1.8827955069819973,,,0.1972738058633584,,,,,,,,,,,,,,,,,,,,,,,,,,,,,,,Capital-efficient Growth + Revision,screen,0.018108818880556,True,True,True,True,True,True,True,
nasdaq,new,tech_validation_gate,C:\GoogleDrive\TP\07_backtest_code\runs\ad_hoc\nasdaq_tech_factor_extension_20260710\tech_validation_gate.csv,,nasdaq_tech_growth_confirmation,,,,,,,growth_confirmation,raw_growth_confirmation,,0.9576040800736928,,,,,,,,,,,,,,,,,,,,,,,2.246365264100082,,,0.2491161860396161,,,,,,,,,,,,,,,,,,,,,,,,,,,,,,,Growth + Earnings Revision,screen,0.0101574069328815,True,True,True,True,True,True,True,
nasdaq,new,tech_validation_gate,C:\GoogleDrive\TP\07_backtest_code\runs\ad_hoc\nasdaq_tech_factor_extension_20260710\tech_validation_gate.csv,,nasdaq_tech_asset_light_growth_revision,,,,,,,intangible_investment,raw_intangible_investment,,0.9318564784650296,,,,,,,,,,,,,,,,,,,,,,,3.0684577084567524,,,1.0727307752871411,,,,,,,,,,,,,,,,,,,,,,,,,,,,,,,Asset-light Growth + Revision,screen,0.0143859749470496,True,True,True,True,True,True,True,
nasdaq,new,tech_validation_gate,C:\GoogleDrive\TP\07_backtest_code\runs\ad_hoc\nasdaq_tech_factor_extension_20260710\tech_validation_gate.csv,,nasdaq_tech_downside_aware_growth_revision,,,,,,,residual_risk,raw_residual_risk,,0.7677099013682626,,,,,,,,,,,,,,,,,,,,,,,1.450222615479681,,,0.1958699920729732,,,,,,,,,,,,,,,,,,,,,,,,,,,,,,,Downside-aware Growth + Revision,screen,0.0106614139681748,True,True,True,True,True,True,True,
nasdaq,new,tech_validation_gate,C:\GoogleDrive\TP\07_backtest_code\runs\ad_hoc\nasdaq_tech_factor_extension_20260710\tech_validation_gate.csv,,nasdaq_tech_capital_efficiency,,,,,,,capital_efficiency,raw_capital_efficiency,,0.749443932687771,,,,,,,,,,,,,,,,,,,,,,,1.3104363931096144,,,-0.0619011884558818,,,,,,,,,,,,,,,,,,,,,,,,,,,,,,,Capital Efficiency,screen,-0.0059386864790865,True,True,False,False,True,False,False,coverage;ratio_cagr;robust_score
nasdaq,new,tech_validation_gate,C:\GoogleDrive\TP\07_backtest_code\runs\ad_hoc\nasdaq_tech_factor_extension_20260710\tech_validation_gate.csv,,nasdaq_tech_asset_turnover_delta_1,,,,,,,capital_efficiency,raw_capital_efficiency,,0.9441236603832932,,,,,,,,,,,,,,,,,,,,,,,-0.1775656167846052,,,-1.0662631843603214,,,,,,,,,,,,,,,,,,,,,,,,,,,,,,,Asset Turnover Improvement 1M,screen,-0.0086099830774277,True,True,True,False,False,False,False,ratio_cagr;top_worst_ratio_return;robust_score
nasdaq,new,tech_validation_gate,C:\GoogleDrive\TP\07_backtest_code\runs\ad_hoc\nasdaq_tech_factor_extension_20260710\tech_validation_gate.csv,,nasdaq_tech_cash_funded_growth,,,,,,,capital_efficiency,raw_capital_efficiency,,0.749578736884675,,,,,,,,,,,,,,,,,,,,,,,0.161652560878128,,,-1.1299140503860938,,,,,,,,,,,,,,,,,,,,,,,,,,,,,,,Cash-funded Growth,screen,-0.0226561821170531,True,True,False,False,True,False,False,coverage;ratio_cagr;robust_score
nasdaq,new,tech_validation_gate,C:\GoogleDrive\TP\07_backtest_code\runs\ad_hoc\nasdaq_tech_factor_extension_20260710\tech_validation_gate.csv,,nasdaq_tech_asset_turnover_rank_delta_3,,,,,,,capital_efficiency,raw_capital_efficiency,,0.8774180502819654,,,,,,,,,,,,,,,,,,,,,,,-0.1572402835782271,,,-1.6090158629973803,,,,,,,,,,,,,,,,,,,,,,,,,,,,,,,Asset Turnover Rank Improvement 3M,screen,-0.0388278131313198,True,True,True,False,False,False,False,ratio_cagr;top_worst_ratio_return;robust_score
nasdaq,new,tech_validation_gate,C:\GoogleDrive\TP\07_backtest_code\runs\ad_hoc\nasdaq_tech_factor_extension_20260710\tech_validation_gate.csv,,nasdaq_tech_asset_turnover,,,,,,,capital_efficiency,raw_capital_efficiency,,0.9789256105506752,,,,,,,,,,,,,,,,,,,,,,,-0.1133983965519975,,,-1.8958500271122545,,,,,,,,,,,,,,,,,,,,,,,,,,,,,,,Asset Turnover,screen,-0.0522348511576217,True,True,True,False,False,False,False,ratio_cagr;top_worst_ratio_return;robust_score
nasdaq,new,tech_validation_gate,C:\GoogleDrive\TP\07_backtest_code\runs\ad_hoc\nasdaq_tech_factor_extension_20260710\tech_validation_gate.csv,,nasdaq_tech_asset_light_growth,,,,,,,intangible_investment,raw_intangible_investment,,0.939495382956256,,,,,,,,,,,,,,,,,,,,,,,3.143771838433933,,,0.7777826271729458,,,,,,,,,,,,,,,,,,,,,,,,,,,,,,,Asset-light Growth,screen,-0.0036975075161647,True,True,True,False,True,True,False,ratio_cagr
nasdaq,new,tech_validation_gate,C:\GoogleDrive\TP\07_backtest_code\runs\ad_hoc\nasdaq_tech_factor_extension_20260710\tech_validation_gate.csv,,nasdaq_tech_rd_adjusted_margin_revision,,,,,,,intangible_investment,raw_intangible_investment,,0.4549192298186884,,,,,,,,,,,,,,,,,,,,,,,0.5771814684753571,,,-0.2763779985727041,,,,,,,,,,,,,,,,,,,,,,,,,,,,,,,R&D-adjusted Margin + Revision,screen,0.0084526366494828,True,True,False,True,True,False,False,coverage;robust_score
nasdaq,new,tech_validation_gate,C:\GoogleDrive\TP\07_backtest_code\runs\ad_hoc\nasdaq_tech_factor_extension_20260710\tech_validation_gate.csv,,nasdaq_tech_rd_adjusted_margin,,,,,,,intangible_investment,raw_intangible_investment,,0.4647374688265294,,,,,,,,,,,,,,,,,,,,,,,-0.0427709261879336,,,-1.1961997923770014,,,,,,,,,,,,,,,,,,,,,,,,,,,,,,,R&D-adjusted EBIT Margin,screen,-0.0222886750823639,True,True,False,False,False,False,False,coverage;ratio_cagr;top_worst_ratio_return;robust_score
nasdaq,new,tech_validation_gate,C:\GoogleDrive\TP\07_backtest_code\runs\ad_hoc\nasdaq_tech_factor_extension_20260710\tech_validation_gate.csv,,nasdaq_tech_rd_intensity,,,,,,,intangible_investment,raw_intangible_investment,,0.4937653058931901,,,,,,,,,,,,,,,,,,,,,,,-0.1349832327771412,,,-1.4373967289916176,,,,,,,,,,,,,,,,,,,,,,,,,,,,,,,R&D Intensity,screen,-0.027265742237177,True,True,False,False,False,False,False,coverage;ratio_cagr;top_worst_ratio_return;robust_score
nasdaq,new,tech_validation_gate,C:\GoogleDrive\TP\07_backtest_code\runs\ad_hoc\nasdaq_tech_factor_extension_20260710\tech_validation_gate.csv,,nasdaq_tech_profitable_growth,,,,,,,profitable_growth,raw_profitable_growth,,0.9186906019007391,,,,,,,,,,,,,,,,,,,,,,,0.6959973477879569,,,-0.9141698109386676,,,,,,,,,,,,,,,,,,,,,,,,,,,,,,,Profitable Growth,screen,-0.0184240923891974,True,True,True,False,True,False,False,ratio_cagr;robust_score
nasdaq,new,tech_validation_gate,C:\GoogleDrive\TP\07_backtest_code\runs\ad_hoc\nasdaq_tech_factor_extension_20260710\tech_validation_gate.csv,,nasdaq_tech_residual_momentum_revision,,,,,,,residual_momentum,raw_residual_momentum,,0.947246624278236,,,,,,,,,,,,,,,,,,,,,,,1.90779512249646,,,-0.14404074837619,,,,,,,,,,,,,,,,,,,,,,,,,,,,,,,Residual Momentum + Revision,screen,-0.0054895990323856,True,True,True,False,True,False,False,ratio_cagr;robust_score
nasdaq,new,tech_validation_gate,C:\GoogleDrive\TP\07_backtest_code\runs\ad_hoc\nasdaq_tech_factor_extension_20260710\tech_validation_gate.csv,,nasdaq_tech_residual_momentum_risk_adjusted,,,,,,,residual_momentum,raw_residual_momentum,,0.8296973645779505,,,,,,,,,,,,,,,,,,,,,,,0.3831195214773157,,,-1.0848344075199607,,,,,,,,,,,,,,,,,,,,,,,,,,,,,,,Risk-adjusted Residual Momentum,screen,-0.0224834630477432,True,True,True,False,True,False,False,ratio_cagr;robust_score
nasdaq,new,tech_validation_gate,C:\GoogleDrive\TP\07_backtest_code\runs\ad_hoc\nasdaq_tech_factor_extension_20260710\tech_validation_gate.csv,,nasdaq_tech_residual_momentum_oper_improvement,,,,,,,residual_momentum,raw_residual_momentum,,0.9033229234536836,,,,,,,,,,,,,,,,,,,,,,,0.2040006296903271,,,-1.3029618600403432,,,,,,,,,,,,,,,,,,,,,,,,,,,,,,,Residual Momentum + Margin Improvement,screen,-0.0222016190404568,True,True,True,False,True,False,False,ratio_cagr;robust_score
nasdaq,new,tech_validation_gate,C:\GoogleDrive\TP\07_backtest_code\runs\ad_hoc\nasdaq_tech_factor_extension_20260710\tech_validation_gate.csv,,nasdaq_tech_residual_momentum,,,,,,,residual_momentum,raw_residual_momentum,,0.9816666292210564,,,,,,,,,,,,,,,,,,,,,,,-0.1331852641868316,,,-1.5406061537368234,,,,,,,,,,,,,,,,,,,,,,,,,,,,,,,Benchmark-residual Momentum 12-1,screen,-0.0282774182681834,True,True,True,False,False,False,False,ratio_cagr;top_worst_ratio_return;robust_score
nasdaq,new,tech_validation_gate,C:\GoogleDrive\TP\07_backtest_code\runs\ad_hoc\nasdaq_tech_factor_extension_20260710\tech_validation_gate.csv,,nasdaq_tech_downside_aware_residual_momentum,,,,,,,residual_risk,raw_residual_risk,,0.805365207036779,,,,,,,,,,,,,,,,,,,,,,,0.685621402464551,,,-0.7454048926222894,,,,,,,,,,,,,,,,,,,,,,,,,,,,,,,Downside-aware Residual Momentum,screen,-0.0199607973211182,True,True,True,False,True,False,False,ratio_cagr;robust_score
nasdaq,new,tech_validation_gate,C:\GoogleDrive\TP\07_backtest_code\runs\ad_hoc\nasdaq_tech_factor_extension_20260710\tech_validation_gate.csv,,nasdaq_tech_residual_downside_risk,,,,,,,residual_risk,raw_residual_risk,,0.8296973645779505,,,,,,,,,,,,,,,,,,,,,,,-0.2398346037525403,,,-1.4462322415679183,,,,,,,,,,,,,,,,,,,,,,,,,,,,,,,Low Residual Downside Risk,screen,-0.0373843514402976,True,True,True,False,False,False,False,ratio_cagr;top_worst_ratio_return;robust_score
nasdaq,new,tech_validation_gate,C:\GoogleDrive\TP\07_backtest_code\runs\ad_hoc\nasdaq_tech_factor_extension_20260710\tech_validation_gate.csv,,nasdaq_tech_residual_low_risk,,,,,,,residual_risk,raw_residual_risk,,0.9816666292210564,,,,,,,,,,,,,,,,,,,,,,,-0.6212564302626771,,,-2.469277845842208,,,,,,,,,,,,,,,,,,,,,,,,,,,,,,,Low Residual Volatility,screen,-0.0768825660452674,True,True,True,False,False,False,False,ratio_cagr;top_worst_ratio_return;robust_score
