market,version,candidate_id,date,top,worst,benchmark
nasdaq,old,nasdaq_ext_subset_quality_improvement_earnings_yield_improvement,2014-04-02,100.0,100.0,100.0
nasdaq,old,nasdaq_ext_subset_quality_improvement_earnings_yield_improvement,2014-04-30,98.672,92.965,97.285
nasdaq,old,nasdaq_ext_subset_quality_improvement_earnings_yield_improvement,2014-05-31,106.744,97.679,103.573
nasdaq,old,nasdaq_ext_subset_quality_improvement_earnings_yield_improvement,2014-06-30,109.906,102.273,106.351
nasdaq,old,nasdaq_ext_subset_quality_improvement_earnings_yield_improvement,2014-07-31,115.403,105.791,110.152
nasdaq,old,nasdaq_ext_subset_quality_improvement_earnings_yield_improvement,2014-08-31,124.324,111.902,117.573
nasdaq,old,nasdaq_ext_subset_quality_improvement_earnings_yield_improvement,2014-09-30,128.093,118.29,121.769
nasdaq,old,nasdaq_ext_subset_quality_improvement_earnings_yield_improvement,2014-10-31,131.049,120.035,126.002
nasdaq,old,nasdaq_ext_subset_quality_improvement_earnings_yield_improvement,2014-11-30,139.885,129.184,132.29
nasdaq,old,nasdaq_ext_subset_quality_improvement_earnings_yield_improvement,2014-12-31,142.561,130.822,133.259
nasdaq,old,nasdaq_ext_subset_quality_improvement_earnings_yield_improvement,2015-01-31,148.288,133.84,140.275
nasdaq,old,nasdaq_ext_subset_quality_improvement_earnings_yield_improvement,2015-02-28,164.165,141.675,151.649
nasdaq,old,nasdaq_ext_subset_quality_improvement_earnings_yield_improvement,2015-03-31,165.517,147.812,154.012
nasdaq,old,nasdaq_ext_subset_quality_improvement_earnings_yield_improvement,2015-04-30,157.425,150.017,150.279
nasdaq,old,nasdaq_ext_subset_quality_improvement_earnings_yield_improvement,2015-05-31,172.054,152.557,157.508
nasdaq,old,nasdaq_ext_subset_quality_improvement_earnings_yield_improvement,2015-06-30,162.624,143.371,151.326
nasdaq,old,nasdaq_ext_subset_quality_improvement_earnings_yield_improvement,2015-07-31,166.745,149.616,159.492
nasdaq,old,nasdaq_ext_subset_quality_improvement_earnings_yield_improvement,2015-08-31,155.37,134.386,147.267
nasdaq,old,nasdaq_ext_subset_quality_improvement_earnings_yield_improvement,2015-09-30,157.354,128.358,145.074
nasdaq,old,nasdaq_ext_subset_quality_improvement_earnings_yield_improvement,2015-10-31,176.072,138.003,162.641
nasdaq,old,nasdaq_ext_subset_quality_improvement_earnings_yield_improvement,2015-11-30,186.448,145.73,170.764
nasdaq,old,nasdaq_ext_subset_quality_improvement_earnings_yield_improvement,2015-12-31,182.766,140.722,163.501
nasdaq,old,nasdaq_ext_subset_quality_improvement_earnings_yield_improvement,2016-01-31,170.72,124.693,153.182
nasdaq,old,nasdaq_ext_subset_quality_improvement_earnings_yield_improvement,2016-02-29,170.278,124.186,150.278
nasdaq,old,nasdaq_ext_subset_quality_improvement_earnings_yield_improvement,2016-03-31,173.898,127.2,153.16
nasdaq,old,nasdaq_ext_subset_quality_improvement_earnings_yield_improvement,2016-04-30,173.923,115.617,147.244
nasdaq,old,nasdaq_ext_subset_quality_improvement_earnings_yield_improvement,2016-05-31,195.922,124.238,158.566
nasdaq,old,nasdaq_ext_subset_quality_improvement_earnings_yield_improvement,2016-06-30,195.39,121.733,155.339
nasdaq,old,nasdaq_ext_subset_quality_improvement_earnings_yield_improvement,2016-07-31,208.011,127.531,165.751
nasdaq,old,nasdaq_ext_subset_quality_improvement_earnings_yield_improvement,2016-08-31,214.097,131.21,168.088
nasdaq,old,nasdaq_ext_subset_quality_improvement_earnings_yield_improvement,2016-09-30,221.304,131.329,170.233
nasdaq,old,nasdaq_ext_subset_quality_improvement_earnings_yield_improvement,2016-10-31,224.486,135.959,171.938
nasdaq,old,nasdaq_ext_subset_quality_improvement_earnings_yield_improvement,2016-11-30,259.239,138.421,178.718
nasdaq,old,nasdaq_ext_subset_quality_improvement_earnings_yield_improvement,2016-12-31,271.475,138.73,182.05
nasdaq,old,nasdaq_ext_subset_quality_improvement_earnings_yield_improvement,2017-01-31,284.475,141.934,186.606
nasdaq,old,nasdaq_ext_subset_quality_improvement_earnings_yield_improvement,2017-02-28,297.429,151.855,198.285
nasdaq,old,nasdaq_ext_subset_quality_improvement_earnings_yield_improvement,2017-03-31,312.94,150.482,201.258
nasdaq,old,nasdaq_ext_subset_quality_improvement_earnings_yield_improvement,2017-04-30,315.417,149.175,203.071
nasdaq,old,nasdaq_ext_subset_quality_improvement_earnings_yield_improvement,2017-05-31,326.173,150.323,204.193
nasdaq,old,nasdaq_ext_subset_quality_improvement_earnings_yield_improvement,2017-06-30,313.734,145.311,196.327
nasdaq,old,nasdaq_ext_subset_quality_improvement_earnings_yield_improvement,2017-07-31,325.803,139.814,197.512
nasdaq,old,nasdaq_ext_subset_quality_improvement_earnings_yield_improvement,2017-08-31,327.459,136.771,200.79
nasdaq,old,nasdaq_ext_subset_quality_improvement_earnings_yield_improvement,2017-09-30,348.956,139.008,201.927
nasdaq,old,nasdaq_ext_subset_quality_improvement_earnings_yield_improvement,2017-10-31,370.098,141.982,214.887
nasdaq,old,nasdaq_ext_subset_quality_improvement_earnings_yield_improvement,2017-11-30,355.458,148.636,214.155
nasdaq,old,nasdaq_ext_subset_quality_improvement_earnings_yield_improvement,2017-12-31,354.738,151.606,213.674
nasdaq,old,nasdaq_ext_subset_quality_improvement_earnings_yield_improvement,2018-01-31,377.507,155.053,223.61
nasdaq,old,nasdaq_ext_subset_quality_improvement_earnings_yield_improvement,2018-02-28,384.459,152.344,226.243
nasdaq,old,nasdaq_ext_subset_quality_improvement_earnings_yield_improvement,2018-03-31,368.265,145.612,215.698
nasdaq,old,nasdaq_ext_subset_quality_improvement_earnings_yield_improvement,2018-04-30,357.098,143.187,220.592
nasdaq,old,nasdaq_ext_subset_quality_improvement_earnings_yield_improvement,2018-05-31,398.485,152.629,241.929
nasdaq,old,nasdaq_ext_subset_quality_improvement_earnings_yield_improvement,2018-06-30,389.932,152.478,243.979
nasdaq,old,nasdaq_ext_subset_quality_improvement_earnings_yield_improvement,2018-07-31,396.323,160.308,250.467
nasdaq,old,nasdaq_ext_subset_quality_improvement_earnings_yield_improvement,2018-08-31,398.831,162.923,268.491
nasdaq,old,nasdaq_ext_subset_quality_improvement_earnings_yield_improvement,2018-09-30,381.979,162.666,268.538
nasdaq,old,nasdaq_ext_subset_quality_improvement_earnings_yield_improvement,2018-10-31,333.896,152.815,252.397
nasdaq,old,nasdaq_ext_subset_quality_improvement_earnings_yield_improvement,2018-11-30,333.188,155.533,251.013
nasdaq,old,nasdaq_ext_subset_quality_improvement_earnings_yield_improvement,2018-12-31,292.364,141.139,226.471
nasdaq,old,nasdaq_ext_subset_quality_improvement_earnings_yield_improvement,2019-01-31,326.822,150.783,245.639
nasdaq,old,nasdaq_ext_subset_quality_improvement_earnings_yield_improvement,2019-02-28,340.972,158.433,255.635
nasdaq,old,nasdaq_ext_subset_quality_improvement_earnings_yield_improvement,2019-03-31,356.25,164.534,270.114
nasdaq,old,nasdaq_ext_subset_quality_improvement_earnings_yield_improvement,2019-04-30,375.821,186.373,285.796
nasdaq,old,nasdaq_ext_subset_quality_improvement_earnings_yield_improvement,2019-05-31,321.539,166.446,263.637
nasdaq,old,nasdaq_ext_subset_quality_improvement_earnings_yield_improvement,2019-06-30,350.506,178.706,278.514
nasdaq,old,nasdaq_ext_subset_quality_improvement_earnings_yield_improvement,2019-07-31,373.329,185.263,292.702
nasdaq,old,nasdaq_ext_subset_quality_improvement_earnings_yield_improvement,2019-08-31,368.723,191.859,290.345
nasdaq,old,nasdaq_ext_subset_quality_improvement_earnings_yield_improvement,2019-09-30,372.858,196.363,296.668
nasdaq,old,nasdaq_ext_subset_quality_improvement_earnings_yield_improvement,2019-10-31,381.424,198.924,303.058
nasdaq,old,nasdaq_ext_subset_quality_improvement_earnings_yield_improvement,2019-11-30,400.427,205.883,319.88
nasdaq,old,nasdaq_ext_subset_quality_improvement_earnings_yield_improvement,2019-12-31,418.316,208.162,327.89
nasdaq,old,nasdaq_ext_subset_quality_improvement_earnings_yield_improvement,2020-01-31,417.387,207.68,341.838
nasdaq,old,nasdaq_ext_subset_quality_improvement_earnings_yield_improvement,2020-02-29,417.544,197.347,323.37
nasdaq,old,nasdaq_ext_subset_quality_improvement_earnings_yield_improvement,2020-03-31,368.971,183.527,300.32
nasdaq,old,nasdaq_ext_subset_quality_improvement_earnings_yield_improvement,2020-04-30,414.493,207.313,347.432
nasdaq,old,nasdaq_ext_subset_quality_improvement_earnings_yield_improvement,2020-05-31,455.57,221.116,362.826
nasdaq,old,nasdaq_ext_subset_quality_improvement_earnings_yield_improvement,2020-06-30,482.563,233.924,382.762
nasdaq,old,nasdaq_ext_subset_quality_improvement_earnings_yield_improvement,2020-07-31,480.735,233.887,391.051
nasdaq,old,nasdaq_ext_subset_quality_improvement_earnings_yield_improvement,2020-08-31,515.545,246.705,431.022
nasdaq,old,nasdaq_ext_subset_quality_improvement_earnings_yield_improvement,2020-09-30,523.824,242.186,411.685
nasdaq,old,nasdaq_ext_subset_quality_improvement_earnings_yield_improvement,2020-10-31,516.143,236.679,400.517
nasdaq,old,nasdaq_ext_subset_quality_improvement_earnings_yield_improvement,2020-11-30,576.937,264.272,429.969
nasdaq,old,nasdaq_ext_subset_quality_improvement_earnings_yield_improvement,2020-12-31,597.685,266.788,444.024
nasdaq,old,nasdaq_ext_subset_quality_improvement_earnings_yield_improvement,2021-01-31,611.246,282.11,449.622
nasdaq,old,nasdaq_ext_subset_quality_improvement_earnings_yield_improvement,2021-02-28,671.919,279.558,448.917
nasdaq,old,nasdaq_ext_subset_quality_improvement_earnings_yield_improvement,2021-03-31,690.863,297.567,474.294
nasdaq,old,nasdaq_ext_subset_quality_improvement_earnings_yield_improvement,2021-04-30,686.888,302.918,492.774
nasdaq,old,nasdaq_ext_subset_quality_improvement_earnings_yield_improvement,2021-05-31,695.131,302.213,478.494
nasdaq,old,nasdaq_ext_subset_quality_improvement_earnings_yield_improvement,2021-06-30,765.33,320.494,524.223
nasdaq,old,nasdaq_ext_subset_quality_improvement_earnings_yield_improvement,2021-07-31,736.484,323.307,540.379
nasdaq,old,nasdaq_ext_subset_quality_improvement_earnings_yield_improvement,2021-08-31,773.798,325.858,567.798
nasdaq,old,nasdaq_ext_subset_quality_improvement_earnings_yield_improvement,2021-09-30,746.417,311.028,542.953
nasdaq,old,nasdaq_ext_subset_quality_improvement_earnings_yield_improvement,2021-10-31,801.874,332.365,585.703
nasdaq,old,nasdaq_ext_subset_quality_improvement_earnings_yield_improvement,2021-11-30,920.971,372.583,619.165
nasdaq,old,nasdaq_ext_subset_quality_improvement_earnings_yield_improvement,2021-12-31,894.996,382.051,630.063
nasdaq,old,nasdaq_ext_subset_quality_improvement_earnings_yield_improvement,2022-01-31,812.898,367.166,594.45
nasdaq,old,nasdaq_ext_subset_quality_improvement_earnings_yield_improvement,2022-02-28,790.588,347.354,565.703
nasdaq,old,nasdaq_ext_subset_quality_improvement_earnings_yield_improvement,2022-03-31,820.199,349.115,597.483
nasdaq,old,nasdaq_ext_subset_quality_improvement_earnings_yield_improvement,2022-04-30,711.714,338.794,547.438
nasdaq,old,nasdaq_ext_subset_quality_improvement_earnings_yield_improvement,2022-05-31,721.537,340.922,528.914
nasdaq,old,nasdaq_ext_subset_quality_improvement_earnings_yield_improvement,2022-06-30,635.412,315.69,494.038
nasdaq,old,nasdaq_ext_subset_quality_improvement_earnings_yield_improvement,2022-07-31,730.158,356.929,571.78
nasdaq,old,nasdaq_ext_subset_quality_improvement_earnings_yield_improvement,2022-08-31,675.776,335.797,549.572
nasdaq,old,nasdaq_ext_subset_quality_improvement_earnings_yield_improvement,2022-09-30,608.52,305.266,503.333
nasdaq,old,nasdaq_ext_subset_quality_improvement_earnings_yield_improvement,2022-10-31,626.895,315.015,520.378
nasdaq,old,nasdaq_ext_subset_quality_improvement_earnings_yield_improvement,2022-11-30,719.408,337.338,523.368
nasdaq,old,nasdaq_ext_subset_quality_improvement_earnings_yield_improvement,2022-12-31,630.057,306.025,457.774
nasdaq,old,nasdaq_ext_subset_quality_improvement_earnings_yield_improvement,2023-01-31,673.904,327.322,494.938
nasdaq,old,nasdaq_ext_subset_quality_improvement_earnings_yield_improvement,2023-02-28,675.033,327.87,503.722
nasdaq,old,nasdaq_ext_subset_quality_improvement_earnings_yield_improvement,2023-03-31,694.176,337.168,532.156
nasdaq,old,nasdaq_ext_subset_quality_improvement_earnings_yield_improvement,2023-04-30,666.956,323.107,526.967
nasdaq,old,nasdaq_ext_subset_quality_improvement_earnings_yield_improvement,2023-05-31,688.337,338.415,579.132
nasdaq,old,nasdaq_ext_subset_quality_improvement_earnings_yield_improvement,2023-06-30,704.837,341.709,602.182
nasdaq,old,nasdaq_ext_subset_quality_improvement_earnings_yield_improvement,2023-07-31,738.729,350.626,618.421
nasdaq,old,nasdaq_ext_subset_quality_improvement_earnings_yield_improvement,2023-08-31,732.703,344.314,618.809
nasdaq,old,nasdaq_ext_subset_quality_improvement_earnings_yield_improvement,2023-09-30,721.205,339.831,601.328
nasdaq,old,nasdaq_ext_subset_quality_improvement_earnings_yield_improvement,2023-10-31,693.956,330.292,591.342
nasdaq,old,nasdaq_ext_subset_quality_improvement_earnings_yield_improvement,2023-11-30,720.7,343.754,632.913
nasdaq,old,nasdaq_ext_subset_quality_improvement_earnings_yield_improvement,2023-12-31,747.976,362.966,655.273
nasdaq,old,nasdaq_ext_subset_quality_improvement_earnings_yield_improvement,2024-01-31,734.504,352.181,676.674
nasdaq,old,nasdaq_ext_subset_quality_improvement_earnings_yield_improvement,2024-02-29,770.948,380.515,720.747
nasdaq,old,nasdaq_ext_subset_quality_improvement_earnings_yield_improvement,2024-03-31,798.641,387.14,736.09
nasdaq,old,nasdaq_ext_subset_quality_improvement_earnings_yield_improvement,2024-04-30,748.615,363.93,711.315
nasdaq,old,nasdaq_ext_subset_quality_improvement_earnings_yield_improvement,2024-05-31,902.616,378.93,751.772
nasdaq,old,nasdaq_ext_subset_quality_improvement_earnings_yield_improvement,2024-06-30,949.337,375.766,810.126
nasdaq,old,nasdaq_ext_subset_quality_improvement_earnings_yield_improvement,2024-07-31,943.214,380.9,793.559
nasdaq,old,nasdaq_ext_subset_quality_improvement_earnings_yield_improvement,2024-08-31,915.502,350.582,783.658
nasdaq,old,nasdaq_ext_subset_quality_improvement_earnings_yield_improvement,2024-09-30,960.491,353.449,797.852
nasdaq,old,nasdaq_ext_subset_quality_improvement_earnings_yield_improvement,2024-10-31,992.093,354.928,815.389
nasdaq,old,nasdaq_ext_subset_quality_improvement_earnings_yield_improvement,2024-11-30,1144.288,387.92,888.486
nasdaq,old,nasdaq_ext_subset_quality_improvement_earnings_yield_improvement,2024-12-31,1141.809,388.212,910.769
nasdaq,old,nasdaq_ext_subset_quality_improvement_earnings_yield_improvement,2025-01-31,1195.133,395.017,917.146
nasdaq,old,nasdaq_ext_subset_quality_improvement_earnings_yield_improvement,2025-02-28,1133.602,372.49,881.851
nasdaq,old,nasdaq_ext_subset_quality_improvement_earnings_yield_improvement,2025-03-31,994.583,326.613,778.991
nasdaq,old,nasdaq_ext_subset_quality_improvement_earnings_yield_improvement,2025-04-30,943.222,310.97,746.758
nasdaq,old,nasdaq_ext_subset_quality_improvement_earnings_yield_improvement,2025-05-31,1012.734,328.348,820.756
nasdaq,old,nasdaq_ext_subset_quality_improvement_earnings_yield_improvement,2025-06-30,1047.572,341.747,847.308
nasdaq,old,nasdaq_ext_subset_quality_improvement_earnings_yield_improvement,2025-07-31,1093.798,365.863,902.393
nasdaq,old,nasdaq_ext_subset_quality_improvement_earnings_yield_improvement,2025-08-31,1111.139,369.35,895.742
nasdaq,old,nasdaq_ext_subset_quality_improvement_earnings_yield_improvement,2025-09-30,1196.0,383.584,942.738
nasdaq,old,nasdaq_ext_subset_quality_improvement_earnings_yield_improvement,2025-10-31,1253.155,396.8,1005.612
nasdaq,old,nasdaq_ext_subset_quality_improvement_earnings_yield_improvement,2025-11-30,1187.083,384.305,987.296
nasdaq,old,nasdaq_ext_subset_quality_improvement_earnings_yield_improvement,2025-12-31,1179.833,379.193,971.212
nasdaq,old,nasdaq_ext_subset_quality_improvement_earnings_yield_improvement,2026-01-31,1238.897,383.186,964.677
nasdaq,old,nasdaq_ext_subset_quality_improvement_earnings_yield_improvement,2026-02-28,1243.188,365.777,937.48
nasdaq,old,nasdaq_ext_subset_quality_improvement_earnings_yield_improvement,2026-03-31,1227.931,355.742,915.733
nasdaq,old,nasdaq_ext_subset_quality_improvement_earnings_yield_improvement,2026-04-30,1480.879,409.564,1047.718
nasdaq,old,nasdaq_ext_subset_quality_improvement_earnings_yield_improvement,2026-05-31,1663.403,456.376,1131.211
nasdaq,old,nasdaq_ext_subset_quality_improvement_earnings_yield_improvement,2026-06-30,1847.028,451.767,1120.102
nasdaq,old,nasdaq_ext_subset_quality_improvement_earnings_yield_improvement,2026-07-31,1735.744,444.749,1108.215
nasdaq,old,nasdaq_ext_subset_quality_improvement_earnings_yield_improvement,2026-07-02,1735.744,444.749,1108.215
nasdaq,old,nasdaq_ext_pair_459c506bb7f6,2014-04-02,100.0,100.0,100.0
nasdaq,old,nasdaq_ext_pair_459c506bb7f6,2014-04-30,95.92,95.824,97.285
nasdaq,old,nasdaq_ext_pair_459c506bb7f6,2014-05-31,105.519,100.503,103.573
nasdaq,old,nasdaq_ext_pair_459c506bb7f6,2014-06-30,110.784,103.617,106.351
nasdaq,old,nasdaq_ext_pair_459c506bb7f6,2014-07-31,112.509,106.075,110.152
nasdaq,old,nasdaq_ext_pair_459c506bb7f6,2014-08-31,121.189,110.534,117.573
nasdaq,old,nasdaq_ext_pair_459c506bb7f6,2014-09-30,124.361,115.026,121.769
nasdaq,old,nasdaq_ext_pair_459c506bb7f6,2014-10-31,128.184,119.818,126.002
nasdaq,old,nasdaq_ext_pair_459c506bb7f6,2014-11-30,134.002,126.715,132.29
nasdaq,old,nasdaq_ext_pair_459c506bb7f6,2014-12-31,138.107,128.508,133.259
nasdaq,old,nasdaq_ext_pair_459c506bb7f6,2015-01-31,141.694,127.174,140.275
nasdaq,old,nasdaq_ext_pair_459c506bb7f6,2015-02-28,155.069,139.113,151.649
nasdaq,old,nasdaq_ext_pair_459c506bb7f6,2015-03-31,157.116,139.558,154.012
nasdaq,old,nasdaq_ext_pair_459c506bb7f6,2015-04-30,151.632,135.119,150.279
nasdaq,old,nasdaq_ext_pair_459c506bb7f6,2015-05-31,160.578,137.819,157.508
nasdaq,old,nasdaq_ext_pair_459c506bb7f6,2015-06-30,150.994,132.857,151.326
nasdaq,old,nasdaq_ext_pair_459c506bb7f6,2015-07-31,157.651,138.869,159.492
nasdaq,old,nasdaq_ext_pair_459c506bb7f6,2015-08-31,145.422,125.042,147.267
nasdaq,old,nasdaq_ext_pair_459c506bb7f6,2015-09-30,144.677,119.629,145.074
nasdaq,old,nasdaq_ext_pair_459c506bb7f6,2015-10-31,159.731,136.743,162.641
nasdaq,old,nasdaq_ext_pair_459c506bb7f6,2015-11-30,168.803,141.99,170.764
nasdaq,old,nasdaq_ext_pair_459c506bb7f6,2015-12-31,164.918,139.546,163.501
nasdaq,old,nasdaq_ext_pair_459c506bb7f6,2016-01-31,161.213,123.616,153.182
nasdaq,old,nasdaq_ext_pair_459c506bb7f6,2016-02-29,159.965,122.503,150.278
nasdaq,old,nasdaq_ext_pair_459c506bb7f6,2016-03-31,163.05,123.161,153.16
nasdaq,old,nasdaq_ext_pair_459c506bb7f6,2016-04-30,164.407,113.267,147.244
nasdaq,old,nasdaq_ext_pair_459c506bb7f6,2016-05-31,183.069,124.898,158.566
nasdaq,old,nasdaq_ext_pair_459c506bb7f6,2016-06-30,179.439,122.062,155.339
nasdaq,old,nasdaq_ext_pair_459c506bb7f6,2016-07-31,195.493,127.587,165.751
nasdaq,old,nasdaq_ext_pair_459c506bb7f6,2016-08-31,201.057,131.161,168.088
nasdaq,old,nasdaq_ext_pair_459c506bb7f6,2016-09-30,205.993,133.019,170.233
nasdaq,old,nasdaq_ext_pair_459c506bb7f6,2016-10-31,208.254,136.354,171.938
nasdaq,old,nasdaq_ext_pair_459c506bb7f6,2016-11-30,227.939,141.979,178.718
nasdaq,old,nasdaq_ext_pair_459c506bb7f6,2016-12-31,230.284,143.59,182.05
nasdaq,old,nasdaq_ext_pair_459c506bb7f6,2017-01-31,241.083,144.797,186.606
nasdaq,old,nasdaq_ext_pair_459c506bb7f6,2017-02-28,254.37,152.619,198.285
nasdaq,old,nasdaq_ext_pair_459c506bb7f6,2017-03-31,268.025,149.678,201.258
nasdaq,old,nasdaq_ext_pair_459c506bb7f6,2017-04-30,268.195,146.746,203.071
nasdaq,old,nasdaq_ext_pair_459c506bb7f6,2017-05-31,282.151,150.024,204.193
nasdaq,old,nasdaq_ext_pair_459c506bb7f6,2017-06-30,270.683,144.563,196.327
nasdaq,old,nasdaq_ext_pair_459c506bb7f6,2017-07-31,272.187,143.279,197.512
nasdaq,old,nasdaq_ext_pair_459c506bb7f6,2017-08-31,276.433,139.783,200.79
nasdaq,old,nasdaq_ext_pair_459c506bb7f6,2017-09-30,286.062,140.418,201.927
nasdaq,old,nasdaq_ext_pair_459c506bb7f6,2017-10-31,302.836,145.827,214.887
nasdaq,old,nasdaq_ext_pair_459c506bb7f6,2017-11-30,294.946,152.292,214.155
nasdaq,old,nasdaq_ext_pair_459c506bb7f6,2017-12-31,292.162,151.113,213.674
nasdaq,old,nasdaq_ext_pair_459c506bb7f6,2018-01-31,303.915,151.84,223.61
nasdaq,old,nasdaq_ext_pair_459c506bb7f6,2018-02-28,306.141,150.121,226.243
nasdaq,old,nasdaq_ext_pair_459c506bb7f6,2018-03-31,304.474,142.028,215.698
nasdaq,old,nasdaq_ext_pair_459c506bb7f6,2018-04-30,303.583,143.046,220.592
nasdaq,old,nasdaq_ext_pair_459c506bb7f6,2018-05-31,341.378,149.941,241.929
nasdaq,old,nasdaq_ext_pair_459c506bb7f6,2018-06-30,338.242,151.498,243.979
nasdaq,old,nasdaq_ext_pair_459c506bb7f6,2018-07-31,345.551,157.101,250.467
nasdaq,old,nasdaq_ext_pair_459c506bb7f6,2018-08-31,355.73,162.283,268.491
nasdaq,old,nasdaq_ext_pair_459c506bb7f6,2018-09-30,354.854,165.373,268.538
nasdaq,old,nasdaq_ext_pair_459c506bb7f6,2018-10-31,328.52,152.416,252.397
nasdaq,old,nasdaq_ext_pair_459c506bb7f6,2018-11-30,341.83,159.653,251.013
nasdaq,old,nasdaq_ext_pair_459c506bb7f6,2018-12-31,312.921,147.324,226.471
nasdaq,old,nasdaq_ext_pair_459c506bb7f6,2019-01-31,345.831,155.855,245.639
nasdaq,old,nasdaq_ext_pair_459c506bb7f6,2019-02-28,367.275,161.566,255.635
nasdaq,old,nasdaq_ext_pair_459c506bb7f6,2019-03-31,385.164,168.464,270.114
nasdaq,old,nasdaq_ext_pair_459c506bb7f6,2019-04-30,412.942,189.808,285.796
nasdaq,old,nasdaq_ext_pair_459c506bb7f6,2019-05-31,373.199,167.503,263.637
nasdaq,old,nasdaq_ext_pair_459c506bb7f6,2019-06-30,396.038,180.539,278.514
nasdaq,old,nasdaq_ext_pair_459c506bb7f6,2019-07-31,413.344,183.66,292.702
nasdaq,old,nasdaq_ext_pair_459c506bb7f6,2019-08-31,411.383,187.121,290.345
nasdaq,old,nasdaq_ext_pair_459c506bb7f6,2019-09-30,418.197,189.12,296.668
nasdaq,old,nasdaq_ext_pair_459c506bb7f6,2019-10-31,432.164,189.667,303.058
nasdaq,old,nasdaq_ext_pair_459c506bb7f6,2019-11-30,452.18,200.341,319.88
nasdaq,old,nasdaq_ext_pair_459c506bb7f6,2019-12-31,465.752,202.102,327.89
nasdaq,old,nasdaq_ext_pair_459c506bb7f6,2020-01-31,480.935,206.292,341.838
nasdaq,old,nasdaq_ext_pair_459c506bb7f6,2020-02-29,467.294,199.131,323.37
nasdaq,old,nasdaq_ext_pair_459c506bb7f6,2020-03-31,420.807,190.116,300.32
nasdaq,old,nasdaq_ext_pair_459c506bb7f6,2020-04-30,477.923,219.336,347.432
nasdaq,old,nasdaq_ext_pair_459c506bb7f6,2020-05-31,493.57,228.369,362.826
nasdaq,old,nasdaq_ext_pair_459c506bb7f6,2020-06-30,528.607,238.597,382.762
nasdaq,old,nasdaq_ext_pair_459c506bb7f6,2020-07-31,517.093,244.407,391.051
nasdaq,old,nasdaq_ext_pair_459c506bb7f6,2020-08-31,535.759,257.353,431.022
nasdaq,old,nasdaq_ext_pair_459c506bb7f6,2020-09-30,530.238,252.015,411.685
nasdaq,old,nasdaq_ext_pair_459c506bb7f6,2020-10-31,518.937,247.82,400.517
nasdaq,old,nasdaq_ext_pair_459c506bb7f6,2020-11-30,574.522,264.32,429.969
nasdaq,old,nasdaq_ext_pair_459c506bb7f6,2020-12-31,595.695,272.032,444.024
nasdaq,old,nasdaq_ext_pair_459c506bb7f6,2021-01-31,609.308,279.211,449.622
nasdaq,old,nasdaq_ext_pair_459c506bb7f6,2021-02-28,646.875,269.645,448.917
nasdaq,old,nasdaq_ext_pair_459c506bb7f6,2021-03-31,677.053,281.001,474.294
nasdaq,old,nasdaq_ext_pair_459c506bb7f6,2021-04-30,679.168,285.026,492.774
nasdaq,old,nasdaq_ext_pair_459c506bb7f6,2021-05-31,675.002,284.205,478.494
nasdaq,old,nasdaq_ext_pair_459c506bb7f6,2021-06-30,718.417,303.214,524.223
nasdaq,old,nasdaq_ext_pair_459c506bb7f6,2021-07-31,724.089,298.561,540.379
nasdaq,old,nasdaq_ext_pair_459c506bb7f6,2021-08-31,747.082,304.23,567.798
nasdaq,old,nasdaq_ext_pair_459c506bb7f6,2021-09-30,730.278,291.554,542.953
nasdaq,old,nasdaq_ext_pair_459c506bb7f6,2021-10-31,791.087,301.394,585.703
nasdaq,old,nasdaq_ext_pair_459c506bb7f6,2021-11-30,845.259,333.747,619.165
nasdaq,old,nasdaq_ext_pair_459c506bb7f6,2021-12-31,887.297,334.878,630.063
nasdaq,old,nasdaq_ext_pair_459c506bb7f6,2022-01-31,805.269,320.232,594.45
nasdaq,old,nasdaq_ext_pair_459c506bb7f6,2022-02-28,787.515,316.664,565.703
nasdaq,old,nasdaq_ext_pair_459c506bb7f6,2022-03-31,808.381,312.826,597.483
nasdaq,old,nasdaq_ext_pair_459c506bb7f6,2022-04-30,750.4,299.659,547.438
nasdaq,old,nasdaq_ext_pair_459c506bb7f6,2022-05-31,758.343,300.979,528.914
nasdaq,old,nasdaq_ext_pair_459c506bb7f6,2022-06-30,691.617,280.092,494.038
nasdaq,old,nasdaq_ext_pair_459c506bb7f6,2022-07-31,782.992,318.09,571.78
nasdaq,old,nasdaq_ext_pair_459c506bb7f6,2022-08-31,746.419,301.394,549.572
nasdaq,old,nasdaq_ext_pair_459c506bb7f6,2022-09-30,695.832,276.984,503.333
nasdaq,old,nasdaq_ext_pair_459c506bb7f6,2022-10-31,728.822,280.132,520.378
nasdaq,old,nasdaq_ext_pair_459c506bb7f6,2022-11-30,777.793,295.713,523.368
nasdaq,old,nasdaq_ext_pair_459c506bb7f6,2022-12-31,707.776,266.407,457.774
nasdaq,old,nasdaq_ext_pair_459c506bb7f6,2023-01-31,757.352,285.067,494.938
nasdaq,old,nasdaq_ext_pair_459c506bb7f6,2023-02-28,758.218,285.393,503.722
nasdaq,old,nasdaq_ext_pair_459c506bb7f6,2023-03-31,779.34,293.343,532.156
nasdaq,old,nasdaq_ext_pair_459c506bb7f6,2023-04-30,747.609,284.299,526.967
nasdaq,old,nasdaq_ext_pair_459c506bb7f6,2023-05-31,783.043,302.863,579.132
nasdaq,old,nasdaq_ext_pair_459c506bb7f6,2023-06-30,798.845,307.418,602.182
nasdaq,old,nasdaq_ext_pair_459c506bb7f6,2023-07-31,833.339,316.894,618.421
nasdaq,old,nasdaq_ext_pair_459c506bb7f6,2023-08-31,829.643,310.288,618.809
nasdaq,old,nasdaq_ext_pair_459c506bb7f6,2023-09-30,812.616,305.867,601.328
nasdaq,old,nasdaq_ext_pair_459c506bb7f6,2023-10-31,799.974,295.065,591.342
nasdaq,old,nasdaq_ext_pair_459c506bb7f6,2023-11-30,842.032,305.958,632.913
nasdaq,old,nasdaq_ext_pair_459c506bb7f6,2023-12-31,864.21,319.797,655.273
nasdaq,old,nasdaq_ext_pair_459c506bb7f6,2024-01-31,870.968,309.536,676.674
nasdaq,old,nasdaq_ext_pair_459c506bb7f6,2024-02-29,969.36,320.028,720.747
nasdaq,old,nasdaq_ext_pair_459c506bb7f6,2024-03-31,988.444,319.098,736.09
nasdaq,old,nasdaq_ext_pair_459c506bb7f6,2024-04-30,939.087,297.146,711.315
nasdaq,old,nasdaq_ext_pair_459c506bb7f6,2024-05-31,1159.02,296.0,751.772
nasdaq,old,nasdaq_ext_pair_459c506bb7f6,2024-06-30,1232.75,296.69,810.126
nasdaq,old,nasdaq_ext_pair_459c506bb7f6,2024-07-31,1221.049,299.32,793.559
nasdaq,old,nasdaq_ext_pair_459c506bb7f6,2024-08-31,1217.396,274.511,783.658
nasdaq,old,nasdaq_ext_pair_459c506bb7f6,2024-09-30,1247.865,270.686,797.852
nasdaq,old,nasdaq_ext_pair_459c506bb7f6,2024-10-31,1320.117,270.536,815.389
nasdaq,old,nasdaq_ext_pair_459c506bb7f6,2024-11-30,1546.682,302.348,888.486
nasdaq,old,nasdaq_ext_pair_459c506bb7f6,2024-12-31,1500.654,289.292,910.769
nasdaq,old,nasdaq_ext_pair_459c506bb7f6,2025-01-31,1585.888,292.396,917.146
nasdaq,old,nasdaq_ext_pair_459c506bb7f6,2025-02-28,1512.594,274.944,881.851
nasdaq,old,nasdaq_ext_pair_459c506bb7f6,2025-03-31,1316.157,244.549,778.991
nasdaq,old,nasdaq_ext_pair_459c506bb7f6,2025-04-30,1277.992,231.339,746.758
nasdaq,old,nasdaq_ext_pair_459c506bb7f6,2025-05-31,1391.447,253.331,820.756
nasdaq,old,nasdaq_ext_pair_459c506bb7f6,2025-06-30,1460.787,264.386,847.308
nasdaq,old,nasdaq_ext_pair_459c506bb7f6,2025-07-31,1528.348,272.513,902.393
nasdaq,old,nasdaq_ext_pair_459c506bb7f6,2025-08-31,1564.05,275.268,895.742
nasdaq,old,nasdaq_ext_pair_459c506bb7f6,2025-09-30,1685.794,282.728,942.738
nasdaq,old,nasdaq_ext_pair_459c506bb7f6,2025-10-31,1773.278,290.255,1005.612
nasdaq,old,nasdaq_ext_pair_459c506bb7f6,2025-11-30,1659.955,276.951,987.296
nasdaq,old,nasdaq_ext_pair_459c506bb7f6,2025-12-31,1638.62,275.396,971.212
nasdaq,old,nasdaq_ext_pair_459c506bb7f6,2026-01-31,1634.694,273.708,964.677
nasdaq,old,nasdaq_ext_pair_459c506bb7f6,2026-02-28,1600.447,265.495,937.48
nasdaq,old,nasdaq_ext_pair_459c506bb7f6,2026-03-31,1573.293,254.342,915.733
nasdaq,old,nasdaq_ext_pair_459c506bb7f6,2026-04-30,1850.205,288.979,1047.718
nasdaq,old,nasdaq_ext_pair_459c506bb7f6,2026-05-31,2155.643,314.376,1131.211
nasdaq,old,nasdaq_ext_pair_459c506bb7f6,2026-06-30,2266.033,312.926,1120.102
nasdaq,old,nasdaq_ext_pair_459c506bb7f6,2026-07-31,2175.443,307.803,1108.215
nasdaq,old,nasdaq_ext_pair_459c506bb7f6,2026-07-02,2175.443,307.803,1108.215
nasdaq,old,nasdaq_ext_pair_2c3db0360664,2014-04-02,100.0,100.0,100.0
nasdaq,old,nasdaq_ext_pair_2c3db0360664,2014-04-30,97.266,94.096,97.285
nasdaq,old,nasdaq_ext_pair_2c3db0360664,2014-05-31,105.594,99.127,103.573
nasdaq,old,nasdaq_ext_pair_2c3db0360664,2014-06-30,108.596,104.703,106.351
nasdaq,old,nasdaq_ext_pair_2c3db0360664,2014-07-31,113.697,107.847,110.152
nasdaq,old,nasdaq_ext_pair_2c3db0360664,2014-08-31,121.761,114.025,117.573
nasdaq,old,nasdaq_ext_pair_2c3db0360664,2014-09-30,125.598,120.103,121.769
nasdaq,old,nasdaq_ext_pair_2c3db0360664,2014-10-31,129.721,123.573,126.002
nasdaq,old,nasdaq_ext_pair_2c3db0360664,2014-11-30,137.639,131.717,132.29
nasdaq,old,nasdaq_ext_pair_2c3db0360664,2014-12-31,140.295,132.148,133.259
nasdaq,old,nasdaq_ext_pair_2c3db0360664,2015-01-31,147.092,134.784,140.275
nasdaq,old,nasdaq_ext_pair_2c3db0360664,2015-02-28,162.025,143.908,151.649
nasdaq,old,nasdaq_ext_pair_2c3db0360664,2015-03-31,164.257,145.156,154.012
nasdaq,old,nasdaq_ext_pair_2c3db0360664,2015-04-30,156.581,138.159,150.279
nasdaq,old,nasdaq_ext_pair_2c3db0360664,2015-05-31,174.372,142.861,157.508
nasdaq,old,nasdaq_ext_pair_2c3db0360664,2015-06-30,164.817,133.849,151.326
nasdaq,old,nasdaq_ext_pair_2c3db0360664,2015-07-31,168.483,138.021,159.492
nasdaq,old,nasdaq_ext_pair_2c3db0360664,2015-08-31,153.626,124.185,147.267
nasdaq,old,nasdaq_ext_pair_2c3db0360664,2015-09-30,153.529,116.474,145.074
nasdaq,old,nasdaq_ext_pair_2c3db0360664,2015-10-31,175.971,127.598,162.641
nasdaq,old,nasdaq_ext_pair_2c3db0360664,2015-11-30,184.701,139.797,170.764
nasdaq,old,nasdaq_ext_pair_2c3db0360664,2015-12-31,177.414,131.652,163.501
nasdaq,old,nasdaq_ext_pair_2c3db0360664,2016-01-31,165.17,115.826,153.182
nasdaq,old,nasdaq_ext_pair_2c3db0360664,2016-02-29,162.359,114.266,150.278
nasdaq,old,nasdaq_ext_pair_2c3db0360664,2016-03-31,166.057,115.92,153.16
nasdaq,old,nasdaq_ext_pair_2c3db0360664,2016-04-30,165.606,107.971,147.244
nasdaq,old,nasdaq_ext_pair_2c3db0360664,2016-05-31,181.036,116.967,158.566
nasdaq,old,nasdaq_ext_pair_2c3db0360664,2016-06-30,181.132,115.068,155.339
nasdaq,old,nasdaq_ext_pair_2c3db0360664,2016-07-31,196.267,120.897,165.751
nasdaq,old,nasdaq_ext_pair_2c3db0360664,2016-08-31,200.183,124.587,168.088
nasdaq,old,nasdaq_ext_pair_2c3db0360664,2016-09-30,205.42,125.791,170.233
nasdaq,old,nasdaq_ext_pair_2c3db0360664,2016-10-31,208.507,129.669,171.938
nasdaq,old,nasdaq_ext_pair_2c3db0360664,2016-11-30,235.89,132.705,178.718
nasdaq,old,nasdaq_ext_pair_2c3db0360664,2016-12-31,239.749,132.762,182.05
nasdaq,old,nasdaq_ext_pair_2c3db0360664,2017-01-31,249.924,138.917,186.606
nasdaq,old,nasdaq_ext_pair_2c3db0360664,2017-02-28,258.647,148.679,198.285
nasdaq,old,nasdaq_ext_pair_2c3db0360664,2017-03-31,276.13,146.322,201.258
nasdaq,old,nasdaq_ext_pair_2c3db0360664,2017-04-30,278.249,144.437,203.071
nasdaq,old,nasdaq_ext_pair_2c3db0360664,2017-05-31,280.615,145.293,204.193
nasdaq,old,nasdaq_ext_pair_2c3db0360664,2017-06-30,270.487,140.524,196.327
nasdaq,old,nasdaq_ext_pair_2c3db0360664,2017-07-31,277.34,134.948,197.512
nasdaq,old,nasdaq_ext_pair_2c3db0360664,2017-08-31,279.648,131.339,200.79
nasdaq,old,nasdaq_ext_pair_2c3db0360664,2017-09-30,293.992,133.965,201.927
nasdaq,old,nasdaq_ext_pair_2c3db0360664,2017-10-31,316.568,136.683,214.887
nasdaq,old,nasdaq_ext_pair_2c3db0360664,2017-11-30,306.432,143.658,214.155
nasdaq,old,nasdaq_ext_pair_2c3db0360664,2017-12-31,303.225,147.091,213.674
nasdaq,old,nasdaq_ext_pair_2c3db0360664,2018-01-31,324.676,150.693,223.61
nasdaq,old,nasdaq_ext_pair_2c3db0360664,2018-02-28,333.583,148.763,226.243
nasdaq,old,nasdaq_ext_pair_2c3db0360664,2018-03-31,327.853,142.311,215.698
nasdaq,old,nasdaq_ext_pair_2c3db0360664,2018-04-30,322.915,140.192,220.592
nasdaq,old,nasdaq_ext_pair_2c3db0360664,2018-05-31,367.113,149.357,241.929
nasdaq,old,nasdaq_ext_pair_2c3db0360664,2018-06-30,364.013,149.112,243.979
nasdaq,old,nasdaq_ext_pair_2c3db0360664,2018-07-31,361.698,156.42,250.467
nasdaq,old,nasdaq_ext_pair_2c3db0360664,2018-08-31,373.729,158.25,268.491
nasdaq,old,nasdaq_ext_pair_2c3db0360664,2018-09-30,370.152,158.531,268.538
nasdaq,old,nasdaq_ext_pair_2c3db0360664,2018-10-31,326.937,149.509,252.397
nasdaq,old,nasdaq_ext_pair_2c3db0360664,2018-11-30,327.956,151.522,251.013
nasdaq,old,nasdaq_ext_pair_2c3db0360664,2018-12-31,297.451,137.584,226.471
nasdaq,old,nasdaq_ext_pair_2c3db0360664,2019-01-31,334.58,146.7,245.639
nasdaq,old,nasdaq_ext_pair_2c3db0360664,2019-02-28,354.671,153.426,255.635
nasdaq,old,nasdaq_ext_pair_2c3db0360664,2019-03-31,374.527,159.562,270.114
nasdaq,old,nasdaq_ext_pair_2c3db0360664,2019-04-30,391.501,180.556,285.796
nasdaq,old,nasdaq_ext_pair_2c3db0360664,2019-05-31,347.969,160.525,263.637
nasdaq,old,nasdaq_ext_pair_2c3db0360664,2019-06-30,377.018,172.753,278.514
nasdaq,old,nasdaq_ext_pair_2c3db0360664,2019-07-31,395.699,179.295,292.702
nasdaq,old,nasdaq_ext_pair_2c3db0360664,2019-08-31,393.082,185.327,290.345
nasdaq,old,nasdaq_ext_pair_2c3db0360664,2019-09-30,390.166,189.483,296.668
nasdaq,old,nasdaq_ext_pair_2c3db0360664,2019-10-31,396.549,191.495,303.058
nasdaq,old,nasdaq_ext_pair_2c3db0360664,2019-11-30,416.523,198.693,319.88
nasdaq,old,nasdaq_ext_pair_2c3db0360664,2019-12-31,428.402,200.818,327.89
nasdaq,old,nasdaq_ext_pair_2c3db0360664,2020-01-31,433.115,200.099,341.838
nasdaq,old,nasdaq_ext_pair_2c3db0360664,2020-02-29,428.967,189.915,323.37
nasdaq,old,nasdaq_ext_pair_2c3db0360664,2020-03-31,383.022,179.146,300.32
nasdaq,old,nasdaq_ext_pair_2c3db0360664,2020-04-30,434.854,201.832,347.432
nasdaq,old,nasdaq_ext_pair_2c3db0360664,2020-05-31,463.449,215.166,362.826
nasdaq,old,nasdaq_ext_pair_2c3db0360664,2020-06-30,483.939,226.939,382.762
nasdaq,old,nasdaq_ext_pair_2c3db0360664,2020-07-31,480.978,227.557,391.051
nasdaq,old,nasdaq_ext_pair_2c3db0360664,2020-08-31,518.336,239.641,431.022
nasdaq,old,nasdaq_ext_pair_2c3db0360664,2020-09-30,524.376,234.945,411.685
nasdaq,old,nasdaq_ext_pair_2c3db0360664,2020-10-31,509.726,229.866,400.517
nasdaq,old,nasdaq_ext_pair_2c3db0360664,2020-11-30,566.681,255.718,429.969
nasdaq,old,nasdaq_ext_pair_2c3db0360664,2020-12-31,583.936,258.894,444.024
nasdaq,old,nasdaq_ext_pair_2c3db0360664,2021-01-31,587.355,274.49,449.622
nasdaq,old,nasdaq_ext_pair_2c3db0360664,2021-02-28,633.657,272.142,448.917
nasdaq,old,nasdaq_ext_pair_2c3db0360664,2021-03-31,661.531,289.527,474.294
nasdaq,old,nasdaq_ext_pair_2c3db0360664,2021-04-30,662.122,294.549,492.774
nasdaq,old,nasdaq_ext_pair_2c3db0360664,2021-05-31,673.304,293.036,478.494
nasdaq,old,nasdaq_ext_pair_2c3db0360664,2021-06-30,736.94,310.346,524.223
nasdaq,old,nasdaq_ext_pair_2c3db0360664,2021-07-31,734.01,313.569,540.379
nasdaq,old,nasdaq_ext_pair_2c3db0360664,2021-08-31,770.989,316.93,567.798
nasdaq,old,nasdaq_ext_pair_2c3db0360664,2021-09-30,756.157,302.462,542.953
nasdaq,old,nasdaq_ext_pair_2c3db0360664,2021-10-31,830.136,323.921,585.703
nasdaq,old,nasdaq_ext_pair_2c3db0360664,2021-11-30,926.495,364.211,619.165
nasdaq,old,nasdaq_ext_pair_2c3db0360664,2021-12-31,925.585,373.302,630.063
nasdaq,old,nasdaq_ext_pair_2c3db0360664,2022-01-31,813.84,359.487,594.45
nasdaq,old,nasdaq_ext_pair_2c3db0360664,2022-02-28,787.787,338.765,565.703
nasdaq,old,nasdaq_ext_pair_2c3db0360664,2022-03-31,827.541,340.025,597.483
nasdaq,old,nasdaq_ext_pair_2c3db0360664,2022-04-30,708.131,328.995,547.438
nasdaq,old,nasdaq_ext_pair_2c3db0360664,2022-05-31,714.956,330.637,528.914
nasdaq,old,nasdaq_ext_pair_2c3db0360664,2022-06-30,626.943,305.587,494.038
nasdaq,old,nasdaq_ext_pair_2c3db0360664,2022-07-31,735.892,345.482,571.78
nasdaq,old,nasdaq_ext_pair_2c3db0360664,2022-08-31,683.008,324.399,549.572
nasdaq,old,nasdaq_ext_pair_2c3db0360664,2022-09-30,629.723,294.111,503.333
nasdaq,old,nasdaq_ext_pair_2c3db0360664,2022-10-31,677.585,302.382,520.378
nasdaq,old,nasdaq_ext_pair_2c3db0360664,2022-11-30,742.406,324.37,523.368
nasdaq,old,nasdaq_ext_pair_2c3db0360664,2022-12-31,662.989,294.374,457.774
nasdaq,old,nasdaq_ext_pair_2c3db0360664,2023-01-31,709.128,314.861,494.938
nasdaq,old,nasdaq_ext_pair_2c3db0360664,2023-02-28,709.19,314.888,503.722
nasdaq,old,nasdaq_ext_pair_2c3db0360664,2023-03-31,730.471,324.337,532.156
nasdaq,old,nasdaq_ext_pair_2c3db0360664,2023-04-30,703.552,312.463,526.967
nasdaq,old,nasdaq_ext_pair_2c3db0360664,2023-05-31,723.319,327.763,579.132
nasdaq,old,nasdaq_ext_pair_2c3db0360664,2023-06-30,733.032,331.532,602.182
nasdaq,old,nasdaq_ext_pair_2c3db0360664,2023-07-31,768.608,339.843,618.421
nasdaq,old,nasdaq_ext_pair_2c3db0360664,2023-08-31,760.325,332.671,618.809
nasdaq,old,nasdaq_ext_pair_2c3db0360664,2023-09-30,749.538,328.015,601.328
nasdaq,old,nasdaq_ext_pair_2c3db0360664,2023-10-31,730.725,314.421,591.342
nasdaq,old,nasdaq_ext_pair_2c3db0360664,2023-11-30,765.791,325.977,632.913
nasdaq,old,nasdaq_ext_pair_2c3db0360664,2023-12-31,787.521,346.899,655.273
nasdaq,old,nasdaq_ext_pair_2c3db0360664,2024-01-31,775.11,335.094,676.674
nasdaq,old,nasdaq_ext_pair_2c3db0360664,2024-02-29,835.525,356.445,720.747
nasdaq,old,nasdaq_ext_pair_2c3db0360664,2024-03-31,844.796,358.341,736.09
nasdaq,old,nasdaq_ext_pair_2c3db0360664,2024-04-30,801.456,335.364,711.315
nasdaq,old,nasdaq_ext_pair_2c3db0360664,2024-05-31,965.725,342.149,751.772
nasdaq,old,nasdaq_ext_pair_2c3db0360664,2024-06-30,1024.292,337.826,810.126
nasdaq,old,nasdaq_ext_pair_2c3db0360664,2024-07-31,1013.198,337.14,793.559
nasdaq,old,nasdaq_ext_pair_2c3db0360664,2024-08-31,1004.927,309.589,783.658
nasdaq,old,nasdaq_ext_pair_2c3db0360664,2024-09-30,1044.758,305.238,797.852
nasdaq,old,nasdaq_ext_pair_2c3db0360664,2024-10-31,1103.609,302.056,815.389
nasdaq,old,nasdaq_ext_pair_2c3db0360664,2024-11-30,1291.4,329.99,888.486
nasdaq,old,nasdaq_ext_pair_2c3db0360664,2024-12-31,1283.4,330.056,910.769
nasdaq,old,nasdaq_ext_pair_2c3db0360664,2025-01-31,1314.11,334.059,917.146
nasdaq,old,nasdaq_ext_pair_2c3db0360664,2025-02-28,1255.466,322.426,881.851
nasdaq,old,nasdaq_ext_pair_2c3db0360664,2025-03-31,1095.991,286.237,778.991
nasdaq,old,nasdaq_ext_pair_2c3db0360664,2025-04-30,1047.438,268.649,746.758
nasdaq,old,nasdaq_ext_pair_2c3db0360664,2025-05-31,1135.856,287.808,820.756
nasdaq,old,nasdaq_ext_pair_2c3db0360664,2025-06-30,1182.116,298.683,847.308
nasdaq,old,nasdaq_ext_pair_2c3db0360664,2025-07-31,1226.47,316.737,902.393
nasdaq,old,nasdaq_ext_pair_2c3db0360664,2025-08-31,1260.344,319.15,895.742
nasdaq,old,nasdaq_ext_pair_2c3db0360664,2025-09-30,1339.982,328.187,942.738
nasdaq,old,nasdaq_ext_pair_2c3db0360664,2025-10-31,1402.205,336.905,1005.612
nasdaq,old,nasdaq_ext_pair_2c3db0360664,2025-11-30,1345.148,325.4,987.296
nasdaq,old,nasdaq_ext_pair_2c3db0360664,2025-12-31,1328.759,321.887,971.212
nasdaq,old,nasdaq_ext_pair_2c3db0360664,2026-01-31,1398.615,323.058,964.677
nasdaq,old,nasdaq_ext_pair_2c3db0360664,2026-02-28,1390.809,317.753,937.48
nasdaq,old,nasdaq_ext_pair_2c3db0360664,2026-03-31,1367.661,310.106,915.733
nasdaq,old,nasdaq_ext_pair_2c3db0360664,2026-04-30,1618.16,351.642,1047.718
nasdaq,old,nasdaq_ext_pair_2c3db0360664,2026-05-31,1866.044,382.094,1131.211
nasdaq,old,nasdaq_ext_pair_2c3db0360664,2026-06-30,2023.886,383.048,1120.102
nasdaq,old,nasdaq_ext_pair_2c3db0360664,2026-07-31,1904.367,373.361,1108.215
nasdaq,old,nasdaq_ext_pair_2c3db0360664,2026-07-02,1904.367,373.361,1108.215
nasdaq,old,nasdaq_momentum_eps_ntm_3m_growth_score,2014-01-02,100.0,100.0,100.0
nasdaq,old,nasdaq_momentum_eps_ntm_3m_growth_score,2014-01-31,104.799,99.92,100.621
nasdaq,old,nasdaq_momentum_eps_ntm_3m_growth_score,2014-02-28,107.574,102.532,103.108
nasdaq,old,nasdaq_momentum_eps_ntm_3m_growth_score,2014-03-31,100.971,97.677,100.941
nasdaq,old,nasdaq_momentum_eps_ntm_3m_growth_score,2014-04-30,100.113,94.335,100.219
nasdaq,old,nasdaq_momentum_eps_ntm_3m_growth_score,2014-05-31,106.987,101.925,106.698
nasdaq,old,nasdaq_momentum_eps_ntm_3m_growth_score,2014-06-30,109.917,107.621,109.559
nasdaq,old,nasdaq_momentum_eps_ntm_3m_growth_score,2014-07-31,113.621,111.894,113.475
nasdaq,old,nasdaq_momentum_eps_ntm_3m_growth_score,2014-08-31,121.199,118.132,121.12
nasdaq,old,nasdaq_momentum_eps_ntm_3m_growth_score,2014-09-30,125.982,123.604,125.443
nasdaq,old,nasdaq_momentum_eps_ntm_3m_growth_score,2014-10-31,130.268,127.83,129.803
nasdaq,old,nasdaq_momentum_eps_ntm_3m_growth_score,2014-11-30,136.506,136.652,136.28
nasdaq,old,nasdaq_momentum_eps_ntm_3m_growth_score,2014-12-31,136.412,139.013,137.279
nasdaq,old,nasdaq_momentum_eps_ntm_3m_growth_score,2015-01-31,145.082,143.227,144.507
nasdaq,old,nasdaq_momentum_eps_ntm_3m_growth_score,2015-02-28,160.783,154.401,156.224
nasdaq,old,nasdaq_momentum_eps_ntm_3m_growth_score,2015-03-31,165.517,154.379,158.658
nasdaq,old,nasdaq_momentum_eps_ntm_3m_growth_score,2015-04-30,156.549,153.067,154.813
nasdaq,old,nasdaq_momentum_eps_ntm_3m_growth_score,2015-05-31,169.728,160.045,162.26
nasdaq,old,nasdaq_momentum_eps_ntm_3m_growth_score,2015-06-30,164.73,148.377,155.891
nasdaq,old,nasdaq_momentum_eps_ntm_3m_growth_score,2015-07-31,171.504,155.12,164.304
nasdaq,old,nasdaq_momentum_eps_ntm_3m_growth_score,2015-08-31,157.494,141.694,151.709
nasdaq,old,nasdaq_momentum_eps_ntm_3m_growth_score,2015-09-30,153.855,135.09,149.451
nasdaq,old,nasdaq_momentum_eps_ntm_3m_growth_score,2015-10-31,177.335,148.253,167.547
nasdaq,old,nasdaq_momentum_eps_ntm_3m_growth_score,2015-11-30,186.872,165.877,175.916
nasdaq,old,nasdaq_momentum_eps_ntm_3m_growth_score,2015-12-31,178.94,161.623,168.433
nasdaq,old,nasdaq_momentum_eps_ntm_3m_growth_score,2016-01-31,167.178,142.295,157.803
nasdaq,old,nasdaq_momentum_eps_ntm_3m_growth_score,2016-02-29,166.561,141.553,154.811
nasdaq,old,nasdaq_momentum_eps_ntm_3m_growth_score,2016-03-31,170.589,143.603,157.78
nasdaq,old,nasdaq_momentum_eps_ntm_3m_growth_score,2016-04-30,168.359,133.549,151.685
nasdaq,old,nasdaq_momentum_eps_ntm_3m_growth_score,2016-05-31,185.079,146.13,163.349
nasdaq,old,nasdaq_momentum_eps_ntm_3m_growth_score,2016-06-30,180.624,142.282,160.025
nasdaq,old,nasdaq_momentum_eps_ntm_3m_growth_score,2016-07-31,192.151,152.394,170.751
nasdaq,old,nasdaq_momentum_eps_ntm_3m_growth_score,2016-08-31,197.23,166.863,173.158
nasdaq,old,nasdaq_momentum_eps_ntm_3m_growth_score,2016-09-30,206.102,168.87,175.368
nasdaq,old,nasdaq_momentum_eps_ntm_3m_growth_score,2016-10-31,206.755,174.101,177.124
nasdaq,old,nasdaq_momentum_eps_ntm_3m_growth_score,2016-11-30,222.664,184.487,184.11
nasdaq,old,nasdaq_momentum_eps_ntm_3m_growth_score,2016-12-31,231.719,184.752,187.541
nasdaq,old,nasdaq_momentum_eps_ntm_3m_growth_score,2017-01-31,247.039,189.633,192.235
nasdaq,old,nasdaq_momentum_eps_ntm_3m_growth_score,2017-02-28,253.839,199.507,204.267
nasdaq,old,nasdaq_momentum_eps_ntm_3m_growth_score,2017-03-31,261.418,200.843,207.329
nasdaq,old,nasdaq_momentum_eps_ntm_3m_growth_score,2017-04-30,259.65,202.119,209.197
nasdaq,old,nasdaq_momentum_eps_ntm_3m_growth_score,2017-05-31,269.728,198.179,210.352
nasdaq,old,nasdaq_momentum_eps_ntm_3m_growth_score,2017-06-30,257.622,192.869,202.249
nasdaq,old,nasdaq_momentum_eps_ntm_3m_growth_score,2017-07-31,262.192,192.89,203.47
nasdaq,old,nasdaq_momentum_eps_ntm_3m_growth_score,2017-08-31,264.307,192.584,206.847
nasdaq,old,nasdaq_momentum_eps_ntm_3m_growth_score,2017-09-30,284.003,192.153,208.018
nasdaq,old,nasdaq_momentum_eps_ntm_3m_growth_score,2017-10-31,302.365,196.499,221.369
nasdaq,old,nasdaq_momentum_eps_ntm_3m_growth_score,2017-11-30,286.314,202.781,220.616
nasdaq,old,nasdaq_momentum_eps_ntm_3m_growth_score,2017-12-31,283.847,204.401,220.119
nasdaq,old,nasdaq_momentum_eps_ntm_3m_growth_score,2018-01-31,302.468,210.82,230.356
nasdaq,old,nasdaq_momentum_eps_ntm_3m_growth_score,2018-02-28,312.143,210.529,233.067
nasdaq,old,nasdaq_momentum_eps_ntm_3m_growth_score,2018-03-31,308.455,197.57,222.205
nasdaq,old,nasdaq_momentum_eps_ntm_3m_growth_score,2018-04-30,292.519,201.596,227.246
nasdaq,old,nasdaq_momentum_eps_ntm_3m_growth_score,2018-05-31,326.308,216.916,249.227
nasdaq,old,nasdaq_momentum_eps_ntm_3m_growth_score,2018-06-30,310.473,221.576,251.339
nasdaq,old,nasdaq_momentum_eps_ntm_3m_growth_score,2018-07-31,320.941,220.911,258.022
nasdaq,old,nasdaq_momentum_eps_ntm_3m_growth_score,2018-08-31,322.364,233.416,276.59
nasdaq,old,nasdaq_momentum_eps_ntm_3m_growth_score,2018-09-30,306.065,232.62,276.638
nasdaq,old,nasdaq_momentum_eps_ntm_3m_growth_score,2018-10-31,268.237,222.662,260.011
nasdaq,old,nasdaq_momentum_eps_ntm_3m_growth_score,2018-11-30,267.51,223.997,258.585
nasdaq,old,nasdaq_momentum_eps_ntm_3m_growth_score,2018-12-31,229.981,202.776,233.303
nasdaq,old,nasdaq_momentum_eps_ntm_3m_growth_score,2019-01-31,267.43,221.952,253.049
nasdaq,old,nasdaq_momentum_eps_ntm_3m_growth_score,2019-02-28,285.715,234.437,263.347
nasdaq,old,nasdaq_momentum_eps_ntm_3m_growth_score,2019-03-31,305.097,243.625,278.263
nasdaq,old,nasdaq_momentum_eps_ntm_3m_growth_score,2019-04-30,320.315,271.863,294.418
nasdaq,old,nasdaq_momentum_eps_ntm_3m_growth_score,2019-05-31,279.097,249.392,271.59
nasdaq,old,nasdaq_momentum_eps_ntm_3m_growth_score,2019-06-30,307.478,263.251,286.915
nasdaq,old,nasdaq_momentum_eps_ntm_3m_growth_score,2019-07-31,332.523,272.741,301.531
nasdaq,old,nasdaq_momentum_eps_ntm_3m_growth_score,2019-08-31,334.301,264.205,299.103
nasdaq,old,nasdaq_momentum_eps_ntm_3m_growth_score,2019-09-30,340.336,264.054,305.617
nasdaq,old,nasdaq_momentum_eps_ntm_3m_growth_score,2019-10-31,356.395,263.892,312.2
nasdaq,old,nasdaq_momentum_eps_ntm_3m_growth_score,2019-11-30,369.505,276.619,329.53
nasdaq,old,nasdaq_momentum_eps_ntm_3m_growth_score,2019-12-31,388.391,279.566,337.781
nasdaq,old,nasdaq_momentum_eps_ntm_3m_growth_score,2020-01-31,394.038,283.748,352.15
nasdaq,old,nasdaq_momentum_eps_ntm_3m_growth_score,2020-02-29,390.429,270.017,333.125
nasdaq,old,nasdaq_momentum_eps_ntm_3m_growth_score,2020-03-31,338.241,248.394,309.38
nasdaq,old,nasdaq_momentum_eps_ntm_3m_growth_score,2020-04-30,379.763,285.139,357.913
nasdaq,old,nasdaq_momentum_eps_ntm_3m_growth_score,2020-05-31,423.079,310.571,373.77
nasdaq,old,nasdaq_momentum_eps_ntm_3m_growth_score,2020-06-30,451.995,321.655,394.308
nasdaq,old,nasdaq_momentum_eps_ntm_3m_growth_score,2020-07-31,463.092,324.31,402.847
nasdaq,old,nasdaq_momentum_eps_ntm_3m_growth_score,2020-08-31,479.096,342.315,444.024
nasdaq,old,nasdaq_momentum_eps_ntm_3m_growth_score,2020-09-30,480.723,330.798,424.104
nasdaq,old,nasdaq_momentum_eps_ntm_3m_growth_score,2020-10-31,479.256,328.149,412.599
nasdaq,old,nasdaq_momentum_eps_ntm_3m_growth_score,2020-11-30,563.698,357.7,442.939
nasdaq,old,nasdaq_momentum_eps_ntm_3m_growth_score,2020-12-31,581.256,361.012,457.418
nasdaq,old,nasdaq_momentum_eps_ntm_3m_growth_score,2021-01-31,600.881,357.528,463.186
nasdaq,old,nasdaq_momentum_eps_ntm_3m_growth_score,2021-02-28,658.104,353.413,462.459
nasdaq,old,nasdaq_momentum_eps_ntm_3m_growth_score,2021-03-31,682.568,382.216,488.601
nasdaq,old,nasdaq_momentum_eps_ntm_3m_growth_score,2021-04-30,692.748,388.79,507.639
nasdaq,old,nasdaq_momentum_eps_ntm_3m_growth_score,2021-05-31,694.877,381.635,492.928
nasdaq,old,nasdaq_momentum_eps_ntm_3m_growth_score,2021-06-30,767.001,407.795,540.036
nasdaq,old,nasdaq_momentum_eps_ntm_3m_growth_score,2021-07-31,751.833,418.422,556.68
nasdaq,old,nasdaq_momentum_eps_ntm_3m_growth_score,2021-08-31,785.962,432.979,584.926
nasdaq,old,nasdaq_momentum_eps_ntm_3m_growth_score,2021-09-30,748.645,408.369,559.332
nasdaq,old,nasdaq_momentum_eps_ntm_3m_growth_score,2021-10-31,797.062,420.945,603.371
nasdaq,old,nasdaq_momentum_eps_ntm_3m_growth_score,2021-11-30,912.374,446.956,637.843
nasdaq,old,nasdaq_momentum_eps_ntm_3m_growth_score,2021-12-31,916.192,460.433,649.07
nasdaq,old,nasdaq_momentum_eps_ntm_3m_growth_score,2022-01-31,805.819,439.088,612.382
nasdaq,old,nasdaq_momentum_eps_ntm_3m_growth_score,2022-02-28,784.05,400.026,582.768
nasdaq,old,nasdaq_momentum_eps_ntm_3m_growth_score,2022-03-31,814.595,402.434,615.506
nasdaq,old,nasdaq_momentum_eps_ntm_3m_growth_score,2022-04-30,696.003,385.095,563.952
nasdaq,old,nasdaq_momentum_eps_ntm_3m_growth_score,2022-05-31,708.003,370.921,544.869
nasdaq,old,nasdaq_momentum_eps_ntm_3m_growth_score,2022-06-30,605.188,354.207,508.941
nasdaq,old,nasdaq_momentum_eps_ntm_3m_growth_score,2022-07-31,717.053,386.5,589.028
nasdaq,old,nasdaq_momentum_eps_ntm_3m_growth_score,2022-08-31,653.637,380.865,566.151
nasdaq,old,nasdaq_momentum_eps_ntm_3m_growth_score,2022-09-30,584.61,348.565,518.516
nasdaq,old,nasdaq_momentum_eps_ntm_3m_growth_score,2022-10-31,625.758,358.121,536.075
nasdaq,old,nasdaq_momentum_eps_ntm_3m_growth_score,2022-11-30,705.23,377.217,539.156
nasdaq,old,nasdaq_momentum_eps_ntm_3m_growth_score,2022-12-31,617.117,343.896,471.583
nasdaq,old,nasdaq_momentum_eps_ntm_3m_growth_score,2023-01-31,649.917,370.79,509.868
nasdaq,old,nasdaq_momentum_eps_ntm_3m_growth_score,2023-02-28,656.966,379.41,518.917
nasdaq,old,nasdaq_momentum_eps_ntm_3m_growth_score,2023-03-31,668.036,379.783,548.209
nasdaq,old,nasdaq_momentum_eps_ntm_3m_growth_score,2023-04-30,647.116,367.682,542.864
nasdaq,old,nasdaq_momentum_eps_ntm_3m_growth_score,2023-05-31,688.817,378.317,596.602
nasdaq,old,nasdaq_momentum_eps_ntm_3m_growth_score,2023-06-30,697.861,386.02,620.347
nasdaq,old,nasdaq_momentum_eps_ntm_3m_growth_score,2023-07-31,724.576,398.381,637.076
nasdaq,old,nasdaq_momentum_eps_ntm_3m_growth_score,2023-08-31,719.903,389.374,637.475
nasdaq,old,nasdaq_momentum_eps_ntm_3m_growth_score,2023-09-30,711.539,382.147,619.468
nasdaq,old,nasdaq_momentum_eps_ntm_3m_growth_score,2023-10-31,695.939,366.483,609.181
nasdaq,old,nasdaq_momentum_eps_ntm_3m_growth_score,2023-11-30,735.767,380.332,652.005
nasdaq,old,nasdaq_momentum_eps_ntm_3m_growth_score,2023-12-31,763.578,401.11,675.04
nasdaq,old,nasdaq_momentum_eps_ntm_3m_growth_score,2024-01-31,753.356,386.564,697.086
nasdaq,old,nasdaq_momentum_eps_ntm_3m_growth_score,2024-02-29,818.07,400.881,742.489
nasdaq,old,nasdaq_momentum_eps_ntm_3m_growth_score,2024-03-31,836.433,409.702,758.295
nasdaq,old,nasdaq_momentum_eps_ntm_3m_growth_score,2024-04-30,777.046,380.73,732.773
nasdaq,old,nasdaq_momentum_eps_ntm_3m_growth_score,2024-05-31,802.868,391.345,774.45
nasdaq,old,nasdaq_momentum_eps_ntm_3m_growth_score,2024-06-30,834.838,392.621,834.564
nasdaq,old,nasdaq_momentum_eps_ntm_3m_growth_score,2024-07-31,821.173,409.717,817.498
nasdaq,old,nasdaq_momentum_eps_ntm_3m_growth_score,2024-08-31,796.19,384.21,807.297
nasdaq,old,nasdaq_momentum_eps_ntm_3m_growth_score,2024-09-30,822.798,378.404,821.92
nasdaq,old,nasdaq_momentum_eps_ntm_3m_growth_score,2024-10-31,861.658,391.449,839.986
nasdaq,old,nasdaq_momentum_eps_ntm_3m_growth_score,2024-11-30,1024.892,437.517,915.287
nasdaq,old,nasdaq_momentum_eps_ntm_3m_growth_score,2024-12-31,1036.987,426.248,938.243
nasdaq,old,nasdaq_momentum_eps_ntm_3m_growth_score,2025-01-31,1074.143,435.19,944.813
nasdaq,old,nasdaq_momentum_eps_ntm_3m_growth_score,2025-02-28,1018.094,421.582,908.453
nasdaq,old,nasdaq_momentum_eps_ntm_3m_growth_score,2025-03-31,868.054,375.985,802.49
nasdaq,old,nasdaq_momentum_eps_ntm_3m_growth_score,2025-04-30,850.919,355.088,769.285
nasdaq,old,nasdaq_momentum_eps_ntm_3m_growth_score,2025-05-31,945.082,392.955,845.514
nasdaq,old,nasdaq_momentum_eps_ntm_3m_growth_score,2025-06-30,981.513,413.504,872.867
nasdaq,old,nasdaq_momentum_eps_ntm_3m_growth_score,2025-07-31,1023.244,430.519,929.614
nasdaq,old,nasdaq_momentum_eps_ntm_3m_growth_score,2025-08-31,1047.537,447.918,922.763
nasdaq,old,nasdaq_momentum_eps_ntm_3m_growth_score,2025-09-30,1124.733,493.976,971.176
nasdaq,old,nasdaq_momentum_eps_ntm_3m_growth_score,2025-10-31,1197.29,512.346,1035.947
nasdaq,old,nasdaq_momentum_eps_ntm_3m_growth_score,2025-11-30,1153.013,476.693,1017.079
nasdaq,old,nasdaq_momentum_eps_ntm_3m_growth_score,2025-12-31,1158.187,476.512,1000.509
nasdaq,old,nasdaq_momentum_eps_ntm_3m_growth_score,2026-01-31,1201.008,475.431,993.777
nasdaq,old,nasdaq_momentum_eps_ntm_3m_growth_score,2026-02-28,1205.851,460.167,965.76
nasdaq,old,nasdaq_momentum_eps_ntm_3m_growth_score,2026-03-31,1169.863,462.997,943.357
nasdaq,old,nasdaq_momentum_eps_ntm_3m_growth_score,2026-04-30,1452.303,528.488,1079.323
nasdaq,old,nasdaq_momentum_eps_ntm_3m_growth_score,2026-05-31,1625.959,606.457,1165.335
nasdaq,old,nasdaq_momentum_eps_ntm_3m_growth_score,2026-06-30,1733.171,604.619,1153.891
nasdaq,old,nasdaq_momentum_eps_ntm_3m_growth_score,2026-07-31,1597.747,596.649,1141.645
nasdaq,old,nasdaq_momentum_eps_ntm_3m_growth_score,2026-07-02,1597.747,596.649,1141.645
nasdaq,old,nasdaq_momentum_eps_revision_ratio_score,2014-01-02,100.0,100.0,100.0
nasdaq,old,nasdaq_momentum_eps_revision_ratio_score,2014-01-31,105.857,99.296,100.621
nasdaq,old,nasdaq_momentum_eps_revision_ratio_score,2014-02-28,110.955,102.038,103.108
nasdaq,old,nasdaq_momentum_eps_revision_ratio_score,2014-03-31,104.911,98.253,100.941
nasdaq,old,nasdaq_momentum_eps_revision_ratio_score,2014-04-30,104.014,96.807,100.219
nasdaq,old,nasdaq_momentum_eps_revision_ratio_score,2014-05-31,112.794,102.742,106.698
nasdaq,old,nasdaq_momentum_eps_revision_ratio_score,2014-06-30,115.249,106.531,109.559
nasdaq,old,nasdaq_momentum_eps_revision_ratio_score,2014-07-31,119.879,110.141,113.475
nasdaq,old,nasdaq_momentum_eps_revision_ratio_score,2014-08-31,128.136,116.04,121.12
nasdaq,old,nasdaq_momentum_eps_revision_ratio_score,2014-09-30,133.368,120.768,125.443
nasdaq,old,nasdaq_momentum_eps_revision_ratio_score,2014-10-31,137.688,124.995,129.803
nasdaq,old,nasdaq_momentum_eps_revision_ratio_score,2014-11-30,146.385,132.055,136.28
nasdaq,old,nasdaq_momentum_eps_revision_ratio_score,2014-12-31,146.52,134.378,137.279
nasdaq,old,nasdaq_momentum_eps_revision_ratio_score,2015-01-31,154.051,136.419,144.507
nasdaq,old,nasdaq_momentum_eps_revision_ratio_score,2015-02-28,170.612,149.187,156.224
nasdaq,old,nasdaq_momentum_eps_revision_ratio_score,2015-03-31,175.898,147.687,158.658
nasdaq,old,nasdaq_momentum_eps_revision_ratio_score,2015-04-30,165.033,150.367,154.813
nasdaq,old,nasdaq_momentum_eps_revision_ratio_score,2015-05-31,178.819,152.983,162.26
nasdaq,old,nasdaq_momentum_eps_revision_ratio_score,2015-06-30,170.537,139.238,155.891
nasdaq,old,nasdaq_momentum_eps_revision_ratio_score,2015-07-31,175.706,142.801,164.304
nasdaq,old,nasdaq_momentum_eps_revision_ratio_score,2015-08-31,163.724,130.303,151.709
nasdaq,old,nasdaq_momentum_eps_revision_ratio_score,2015-09-30,160.864,122.406,149.451
nasdaq,old,nasdaq_momentum_eps_revision_ratio_score,2015-10-31,178.522,135.051,167.547
nasdaq,old,nasdaq_momentum_eps_revision_ratio_score,2015-11-30,187.093,149.871,175.916
nasdaq,old,nasdaq_momentum_eps_revision_ratio_score,2015-12-31,178.425,143.123,168.433
nasdaq,old,nasdaq_momentum_eps_revision_ratio_score,2016-01-31,172.877,128.165,157.803
nasdaq,old,nasdaq_momentum_eps_revision_ratio_score,2016-02-29,170.452,127.671,154.811
nasdaq,old,nasdaq_momentum_eps_revision_ratio_score,2016-03-31,175.902,130.951,157.78
nasdaq,old,nasdaq_momentum_eps_revision_ratio_score,2016-04-30,175.519,123.139,151.685
nasdaq,old,nasdaq_momentum_eps_revision_ratio_score,2016-05-31,192.31,133.156,163.349
nasdaq,old,nasdaq_momentum_eps_revision_ratio_score,2016-06-30,192.105,131.087,160.025
nasdaq,old,nasdaq_momentum_eps_revision_ratio_score,2016-07-31,205.232,139.442,170.751
nasdaq,old,nasdaq_momentum_eps_revision_ratio_score,2016-08-31,207.942,145.322,173.158
nasdaq,old,nasdaq_momentum_eps_revision_ratio_score,2016-09-30,216.111,142.712,175.368
nasdaq,old,nasdaq_momentum_eps_revision_ratio_score,2016-10-31,213.917,148.728,177.124
nasdaq,old,nasdaq_momentum_eps_revision_ratio_score,2016-11-30,239.672,154.883,184.11
nasdaq,old,nasdaq_momentum_eps_revision_ratio_score,2016-12-31,250.641,153.366,187.541
nasdaq,old,nasdaq_momentum_eps_revision_ratio_score,2017-01-31,263.992,158.296,192.235
nasdaq,old,nasdaq_momentum_eps_revision_ratio_score,2017-02-28,271.178,168.707,204.267
nasdaq,old,nasdaq_momentum_eps_revision_ratio_score,2017-03-31,281.378,169.843,207.329
nasdaq,old,nasdaq_momentum_eps_revision_ratio_score,2017-04-30,277.905,171.901,209.197
nasdaq,old,nasdaq_momentum_eps_revision_ratio_score,2017-05-31,290.223,173.574,210.352
nasdaq,old,nasdaq_momentum_eps_revision_ratio_score,2017-06-30,273.535,167.574,202.249
nasdaq,old,nasdaq_momentum_eps_revision_ratio_score,2017-07-31,272.078,167.254,203.47
nasdaq,old,nasdaq_momentum_eps_revision_ratio_score,2017-08-31,274.522,166.76,206.847
nasdaq,old,nasdaq_momentum_eps_revision_ratio_score,2017-09-30,289.505,169.555,208.018
nasdaq,old,nasdaq_momentum_eps_revision_ratio_score,2017-10-31,307.52,171.655,221.369
nasdaq,old,nasdaq_momentum_eps_revision_ratio_score,2017-11-30,297.173,177.966,220.616
nasdaq,old,nasdaq_momentum_eps_revision_ratio_score,2017-12-31,293.731,178.495,220.119
nasdaq,old,nasdaq_momentum_eps_revision_ratio_score,2018-01-31,300.889,181.065,230.356
nasdaq,old,nasdaq_momentum_eps_revision_ratio_score,2018-02-28,307.63,179.755,233.067
nasdaq,old,nasdaq_momentum_eps_revision_ratio_score,2018-03-31,306.212,167.669,222.205
nasdaq,old,nasdaq_momentum_eps_revision_ratio_score,2018-04-30,293.67,173.812,227.246
nasdaq,old,nasdaq_momentum_eps_revision_ratio_score,2018-05-31,324.558,186.352,249.227
nasdaq,old,nasdaq_momentum_eps_revision_ratio_score,2018-06-30,309.249,187.519,251.339
nasdaq,old,nasdaq_momentum_eps_revision_ratio_score,2018-07-31,315.926,191.092,258.022
nasdaq,old,nasdaq_momentum_eps_revision_ratio_score,2018-08-31,308.263,200.799,276.59
nasdaq,old,nasdaq_momentum_eps_revision_ratio_score,2018-09-30,298.018,202.319,276.638
nasdaq,old,nasdaq_momentum_eps_revision_ratio_score,2018-10-31,272.32,193.645,260.011
nasdaq,old,nasdaq_momentum_eps_revision_ratio_score,2018-11-30,290.202,194.612,258.585
nasdaq,old,nasdaq_momentum_eps_revision_ratio_score,2018-12-31,260.423,176.598,233.303
nasdaq,old,nasdaq_momentum_eps_revision_ratio_score,2019-01-31,298.329,191.027,253.049
nasdaq,old,nasdaq_momentum_eps_revision_ratio_score,2019-02-28,317.253,200.657,263.347
nasdaq,old,nasdaq_momentum_eps_revision_ratio_score,2019-03-31,333.577,210.396,278.263
nasdaq,old,nasdaq_momentum_eps_revision_ratio_score,2019-04-30,354.402,230.341,294.418
nasdaq,old,nasdaq_momentum_eps_revision_ratio_score,2019-05-31,315.945,210.804,271.59
nasdaq,old,nasdaq_momentum_eps_revision_ratio_score,2019-06-30,342.992,221.127,286.915
nasdaq,old,nasdaq_momentum_eps_revision_ratio_score,2019-07-31,368.212,229.782,301.531
nasdaq,old,nasdaq_momentum_eps_revision_ratio_score,2019-08-31,359.834,224.157,299.103
nasdaq,old,nasdaq_momentum_eps_revision_ratio_score,2019-09-30,364.911,224.951,305.617
nasdaq,old,nasdaq_momentum_eps_revision_ratio_score,2019-10-31,372.31,226.919,312.2
nasdaq,old,nasdaq_momentum_eps_revision_ratio_score,2019-11-30,387.613,234.834,329.53
nasdaq,old,nasdaq_momentum_eps_revision_ratio_score,2019-12-31,404.486,236.774,337.781
nasdaq,old,nasdaq_momentum_eps_revision_ratio_score,2020-01-31,412.233,236.008,352.15
nasdaq,old,nasdaq_momentum_eps_revision_ratio_score,2020-02-29,393.227,222.528,333.125
nasdaq,old,nasdaq_momentum_eps_revision_ratio_score,2020-03-31,324.484,201.815,309.38
nasdaq,old,nasdaq_momentum_eps_revision_ratio_score,2020-04-30,372.136,232.867,357.913
nasdaq,old,nasdaq_momentum_eps_revision_ratio_score,2020-05-31,408.572,252.161,373.77
nasdaq,old,nasdaq_momentum_eps_revision_ratio_score,2020-06-30,436.252,256.573,394.308
nasdaq,old,nasdaq_momentum_eps_revision_ratio_score,2020-07-31,439.987,263.317,402.847
nasdaq,old,nasdaq_momentum_eps_revision_ratio_score,2020-08-31,436.056,274.171,444.024
nasdaq,old,nasdaq_momentum_eps_revision_ratio_score,2020-09-30,438.51,266.675,424.104
nasdaq,old,nasdaq_momentum_eps_revision_ratio_score,2020-10-31,444.546,261.577,412.599
nasdaq,old,nasdaq_momentum_eps_revision_ratio_score,2020-11-30,536.147,281.01,442.939
nasdaq,old,nasdaq_momentum_eps_revision_ratio_score,2020-12-31,565.315,286.302,457.418
nasdaq,old,nasdaq_momentum_eps_revision_ratio_score,2021-01-31,585.368,284.759,463.186
nasdaq,old,nasdaq_momentum_eps_revision_ratio_score,2021-02-28,637.103,283.957,462.459
nasdaq,old,nasdaq_momentum_eps_revision_ratio_score,2021-03-31,658.511,309.733,488.601
nasdaq,old,nasdaq_momentum_eps_revision_ratio_score,2021-04-30,655.388,318.702,507.639
nasdaq,old,nasdaq_momentum_eps_revision_ratio_score,2021-05-31,648.552,312.66,492.928
nasdaq,old,nasdaq_momentum_eps_revision_ratio_score,2021-06-30,687.226,333.976,540.036
nasdaq,old,nasdaq_momentum_eps_revision_ratio_score,2021-07-31,674.563,341.906,556.68
nasdaq,old,nasdaq_momentum_eps_revision_ratio_score,2021-08-31,693.702,352.53,584.926
nasdaq,old,nasdaq_momentum_eps_revision_ratio_score,2021-09-30,663.394,336.291,559.332
nasdaq,old,nasdaq_momentum_eps_revision_ratio_score,2021-10-31,662.801,342.191,603.371
nasdaq,old,nasdaq_momentum_eps_revision_ratio_score,2021-11-30,706.627,368.188,637.843
nasdaq,old,nasdaq_momentum_eps_revision_ratio_score,2021-12-31,768.301,384.83,649.07
nasdaq,old,nasdaq_momentum_eps_revision_ratio_score,2022-01-31,682.432,364.973,612.382
nasdaq,old,nasdaq_momentum_eps_revision_ratio_score,2022-02-28,667.731,338.633,582.768
nasdaq,old,nasdaq_momentum_eps_revision_ratio_score,2022-03-31,679.142,346.723,615.506
nasdaq,old,nasdaq_momentum_eps_revision_ratio_score,2022-04-30,628.172,327.294,563.952
nasdaq,old,nasdaq_momentum_eps_revision_ratio_score,2022-05-31,640.036,318.698,544.869
nasdaq,old,nasdaq_momentum_eps_revision_ratio_score,2022-06-30,545.628,305.96,508.941
nasdaq,old,nasdaq_momentum_eps_revision_ratio_score,2022-07-31,630.408,331.934,589.028
nasdaq,old,nasdaq_momentum_eps_revision_ratio_score,2022-08-31,600.232,326.836,566.151
nasdaq,old,nasdaq_momentum_eps_revision_ratio_score,2022-09-30,554.985,305.782,518.516
nasdaq,old,nasdaq_momentum_eps_revision_ratio_score,2022-10-31,588.792,321.509,536.075
nasdaq,old,nasdaq_momentum_eps_revision_ratio_score,2022-11-30,645.494,333.368,539.156
nasdaq,old,nasdaq_momentum_eps_revision_ratio_score,2022-12-31,580.77,305.977,471.583
nasdaq,old,nasdaq_momentum_eps_revision_ratio_score,2023-01-31,601.016,332.604,509.868
nasdaq,old,nasdaq_momentum_eps_revision_ratio_score,2023-02-28,609.705,337.692,518.917
nasdaq,old,nasdaq_momentum_eps_revision_ratio_score,2023-03-31,621.876,345.968,548.209
nasdaq,old,nasdaq_momentum_eps_revision_ratio_score,2023-04-30,602.49,340.461,542.864
nasdaq,old,nasdaq_momentum_eps_revision_ratio_score,2023-05-31,632.6,361.327,596.602
nasdaq,old,nasdaq_momentum_eps_revision_ratio_score,2023-06-30,650.046,368.638,620.347
nasdaq,old,nasdaq_momentum_eps_revision_ratio_score,2023-07-31,672.329,377.799,637.076
nasdaq,old,nasdaq_momentum_eps_revision_ratio_score,2023-08-31,669.843,367.998,637.475
nasdaq,old,nasdaq_momentum_eps_revision_ratio_score,2023-09-30,660.36,363.195,619.468
nasdaq,old,nasdaq_momentum_eps_revision_ratio_score,2023-10-31,636.984,348.813,609.181
nasdaq,old,nasdaq_momentum_eps_revision_ratio_score,2023-11-30,669.479,358.532,652.005
nasdaq,old,nasdaq_momentum_eps_revision_ratio_score,2023-12-31,691.764,379.49,675.04
nasdaq,old,nasdaq_momentum_eps_revision_ratio_score,2024-01-31,701.206,364.68,697.086
nasdaq,old,nasdaq_momentum_eps_revision_ratio_score,2024-02-29,768.973,371.685,742.489
nasdaq,old,nasdaq_momentum_eps_revision_ratio_score,2024-03-31,782.215,372.158,758.295
nasdaq,old,nasdaq_momentum_eps_revision_ratio_score,2024-04-30,730.752,352.193,732.773
nasdaq,old,nasdaq_momentum_eps_revision_ratio_score,2024-05-31,760.105,358.74,774.45
nasdaq,old,nasdaq_momentum_eps_revision_ratio_score,2024-06-30,800.687,357.341,834.564
nasdaq,old,nasdaq_momentum_eps_revision_ratio_score,2024-07-31,786.597,368.501,817.498
nasdaq,old,nasdaq_momentum_eps_revision_ratio_score,2024-08-31,772.727,348.105,807.297
nasdaq,old,nasdaq_momentum_eps_revision_ratio_score,2024-09-30,801.018,350.126,821.92
nasdaq,old,nasdaq_momentum_eps_revision_ratio_score,2024-10-31,824.446,353.972,839.986
nasdaq,old,nasdaq_momentum_eps_revision_ratio_score,2024-11-30,947.017,396.678,915.287
nasdaq,old,nasdaq_momentum_eps_revision_ratio_score,2024-12-31,949.162,382.575,938.243
nasdaq,old,nasdaq_momentum_eps_revision_ratio_score,2025-01-31,981.854,393.059,944.813
nasdaq,old,nasdaq_momentum_eps_revision_ratio_score,2025-02-28,920.038,384.424,908.453
nasdaq,old,nasdaq_momentum_eps_revision_ratio_score,2025-03-31,805.551,346.407,802.49
nasdaq,old,nasdaq_momentum_eps_revision_ratio_score,2025-04-30,793.85,321.798,769.285
nasdaq,old,nasdaq_momentum_eps_revision_ratio_score,2025-05-31,867.778,348.953,845.514
nasdaq,old,nasdaq_momentum_eps_revision_ratio_score,2025-06-30,884.573,361.654,872.867
nasdaq,old,nasdaq_momentum_eps_revision_ratio_score,2025-07-31,889.441,377.685,929.614
nasdaq,old,nasdaq_momentum_eps_revision_ratio_score,2025-08-31,887.302,387.866,922.763
nasdaq,old,nasdaq_momentum_eps_revision_ratio_score,2025-09-30,936.307,408.566,971.176
nasdaq,old,nasdaq_momentum_eps_revision_ratio_score,2025-10-31,977.564,422.437,1035.947
nasdaq,old,nasdaq_momentum_eps_revision_ratio_score,2025-11-30,964.4,399.642,1017.079
nasdaq,old,nasdaq_momentum_eps_revision_ratio_score,2025-12-31,968.483,404.356,1000.509
nasdaq,old,nasdaq_momentum_eps_revision_ratio_score,2026-01-31,1010.027,410.369,993.777
nasdaq,old,nasdaq_momentum_eps_revision_ratio_score,2026-02-28,1032.067,398.868,965.76
nasdaq,old,nasdaq_momentum_eps_revision_ratio_score,2026-03-31,1003.492,399.02,943.357
nasdaq,old,nasdaq_momentum_eps_revision_ratio_score,2026-04-30,1189.427,436.634,1079.323
nasdaq,old,nasdaq_momentum_eps_revision_ratio_score,2026-05-31,1314.441,484.913,1165.335
nasdaq,old,nasdaq_momentum_eps_revision_ratio_score,2026-06-30,1430.211,472.193,1153.891
nasdaq,old,nasdaq_momentum_eps_revision_ratio_score,2026-07-31,1339.67,470.208,1141.645
nasdaq,old,nasdaq_momentum_eps_revision_ratio_score,2026-07-02,1339.67,470.208,1141.645
nasdaq,new,nasdaq_tech_capital_efficient_growth_revision,2014-01-02,100.0,100.0,100.0
nasdaq,new,nasdaq_tech_capital_efficient_growth_revision,2014-01-31,105.70549,99.21982,100.62103
nasdaq,new,nasdaq_tech_capital_efficient_growth_revision,2014-02-28,111.09765,103.33358,103.10837
nasdaq,new,nasdaq_tech_capital_efficient_growth_revision,2014-03-31,105.04097,101.26559,100.94142
nasdaq,new,nasdaq_tech_capital_efficient_growth_revision,2014-04-30,103.82867,100.04061,100.21917
nasdaq,new,nasdaq_tech_capital_efficient_growth_revision,2014-05-30,111.57333,104.71968,106.69781
nasdaq,new,nasdaq_tech_capital_efficient_growth_revision,2014-06-30,115.28227,109.19767,109.55914
nasdaq,new,nasdaq_tech_capital_efficient_growth_revision,2014-07-31,117.37051,113.42001,113.47504
nasdaq,new,nasdaq_tech_capital_efficient_growth_revision,2014-08-29,126.3851,118.16064,121.11989
nasdaq,new,nasdaq_tech_capital_efficient_growth_revision,2014-09-30,129.66236,124.32041,125.44257
nasdaq,new,nasdaq_tech_capital_efficient_growth_revision,2014-10-31,131.60593,128.27782,129.80309
nasdaq,new,nasdaq_tech_capital_efficient_growth_revision,2014-11-28,138.90443,137.64177,136.28033
nasdaq,new,nasdaq_tech_capital_efficient_growth_revision,2014-12-31,139.09227,142.77232,137.27863
nasdaq,new,nasdaq_tech_capital_efficient_growth_revision,2015-01-30,150.48657,141.19879,144.50698
nasdaq,new,nasdaq_tech_capital_efficient_growth_revision,2015-02-27,164.01937,153.18258,156.22393
nasdaq,new,nasdaq_tech_capital_efficient_growth_revision,2015-03-31,173.76341,152.12509,158.65825
nasdaq,new,nasdaq_tech_capital_efficient_growth_revision,2015-04-30,162.54194,148.31896,154.81267
nasdaq,new,nasdaq_tech_capital_efficient_growth_revision,2015-05-29,174.83679,154.19558,162.25955
nasdaq,new,nasdaq_tech_capital_efficient_growth_revision,2015-06-30,167.57767,145.57992,155.89077
nasdaq,new,nasdaq_tech_capital_efficient_growth_revision,2015-07-31,172.1548,148.6693,164.30368
nasdaq,new,nasdaq_tech_capital_efficient_growth_revision,2015-08-31,159.12259,137.07053,151.70931
nasdaq,new,nasdaq_tech_capital_efficient_growth_revision,2015-09-30,155.92607,131.37293,149.45055
nasdaq,new,nasdaq_tech_capital_efficient_growth_revision,2015-10-30,170.09639,146.4729,167.54709
nasdaq,new,nasdaq_tech_capital_efficient_growth_revision,2015-11-30,180.22508,148.86695,175.91566
nasdaq,new,nasdaq_tech_capital_efficient_growth_revision,2015-12-31,170.92672,143.2572,168.43326
nasdaq,new,nasdaq_tech_capital_efficient_growth_revision,2016-01-29,162.82608,130.7966,157.80319
nasdaq,new,nasdaq_tech_capital_efficient_growth_revision,2016-02-29,157.43608,132.23666,154.81095
nasdaq,new,nasdaq_tech_capital_efficient_growth_revision,2016-03-31,157.10612,133.95742,157.7805
nasdaq,new,nasdaq_tech_capital_efficient_growth_revision,2016-04-29,155.90764,131.73969,151.68549
nasdaq,new,nasdaq_tech_capital_efficient_growth_revision,2016-05-31,169.34865,140.91744,163.3493
nasdaq,new,nasdaq_tech_capital_efficient_growth_revision,2016-06-30,168.70314,140.42689,160.02457
nasdaq,new,nasdaq_tech_capital_efficient_growth_revision,2016-07-29,178.47456,153.61696,170.75081
nasdaq,new,nasdaq_tech_capital_efficient_growth_revision,2016-08-31,182.78736,164.02576,173.15804
nasdaq,new,nasdaq_tech_capital_efficient_growth_revision,2016-09-30,187.52682,165.01159,175.36798
nasdaq,new,nasdaq_tech_capital_efficient_growth_revision,2016-10-31,190.68467,166.79846,177.12441
nasdaq,new,nasdaq_tech_capital_efficient_growth_revision,2016-11-30,211.55844,174.91303,184.10958
nasdaq,new,nasdaq_tech_capital_efficient_growth_revision,2016-12-30,219.40403,175.56781,187.54133
nasdaq,new,nasdaq_tech_capital_efficient_growth_revision,2017-01-31,235.54255,176.02682,192.23466
nasdaq,new,nasdaq_tech_capital_efficient_growth_revision,2017-02-28,248.366,184.90055,204.26653
nasdaq,new,nasdaq_tech_capital_efficient_growth_revision,2017-03-31,261.94699,183.85303,207.32931
nasdaq,new,nasdaq_tech_capital_efficient_growth_revision,2017-04-28,264.04492,182.97479,209.19722
nasdaq,new,nasdaq_tech_capital_efficient_growth_revision,2017-05-31,275.83893,179.92264,210.35215
nasdaq,new,nasdaq_tech_capital_efficient_growth_revision,2017-06-30,260.87771,176.30884,202.24944
nasdaq,new,nasdaq_tech_capital_efficient_growth_revision,2017-07-31,261.80469,172.73229,203.47025
nasdaq,new,nasdaq_tech_capital_efficient_growth_revision,2017-08-31,265.72726,174.52083,206.84682
nasdaq,new,nasdaq_tech_capital_efficient_growth_revision,2017-09-29,282.48893,176.05001,208.01849
nasdaq,new,nasdaq_tech_capital_efficient_growth_revision,2017-10-31,301.91666,178.41861,221.36896
nasdaq,new,nasdaq_tech_capital_efficient_growth_revision,2017-11-30,285.41837,182.72859,220.61555
nasdaq,new,nasdaq_tech_capital_efficient_growth_revision,2017-12-29,285.44906,180.85387,220.11934
nasdaq,new,nasdaq_tech_capital_efficient_growth_revision,2018-01-31,295.6239,187.29884,230.35571
nasdaq,new,nasdaq_tech_capital_efficient_growth_revision,2018-02-28,304.07437,189.33395,233.0674
nasdaq,new,nasdaq_tech_capital_efficient_growth_revision,2018-03-29,302.33275,178.64821,222.20503
nasdaq,new,nasdaq_tech_capital_efficient_growth_revision,2018-04-30,283.9,180.16603,227.24645
nasdaq,new,nasdaq_tech_capital_efficient_growth_revision,2018-05-31,314.41216,189.94555,249.22716
nasdaq,new,nasdaq_tech_capital_efficient_growth_revision,2018-06-29,300.91647,190.44848,251.33926
nasdaq,new,nasdaq_tech_capital_efficient_growth_revision,2018-07-31,308.20932,201.70032,258.02206
nasdaq,new,nasdaq_tech_capital_efficient_growth_revision,2018-08-31,302.23029,218.40578,276.58992
nasdaq,new,nasdaq_tech_capital_efficient_growth_revision,2018-09-28,281.42049,224.5441,276.63843
nasdaq,new,nasdaq_tech_capital_efficient_growth_revision,2018-10-31,255.53273,212.59489,260.01084
nasdaq,new,nasdaq_tech_capital_efficient_growth_revision,2018-11-30,271.64055,218.94829,258.58452
nasdaq,new,nasdaq_tech_capital_efficient_growth_revision,2018-12-31,237.07652,197.02638,233.3028
nasdaq,new,nasdaq_tech_capital_efficient_growth_revision,2019-01-31,278.24988,208.38265,253.04922
nasdaq,new,nasdaq_tech_capital_efficient_growth_revision,2019-02-28,298.12076,223.72128,263.34654
nasdaq,new,nasdaq_tech_capital_efficient_growth_revision,2019-03-29,307.03943,230.62381,278.26264
nasdaq,new,nasdaq_tech_capital_efficient_growth_revision,2019-04-30,327.80083,253.32229,294.41756
nasdaq,new,nasdaq_tech_capital_efficient_growth_revision,2019-05-31,292.24779,231.10156,271.58953
nasdaq,new,nasdaq_tech_capital_efficient_growth_revision,2019-06-28,321.31766,241.91227,286.91515
nasdaq,new,nasdaq_tech_capital_efficient_growth_revision,2019-07-31,348.0368,247.23833,301.53124
nasdaq,new,nasdaq_tech_capital_efficient_growth_revision,2019-08-30,343.00424,240.14073,299.10317
nasdaq,new,nasdaq_tech_capital_efficient_growth_revision,2019-09-30,347.76249,246.08553,305.61709
nasdaq,new,nasdaq_tech_capital_efficient_growth_revision,2019-10-31,355.01947,245.12427,312.2004
nasdaq,new,nasdaq_tech_capital_efficient_growth_revision,2019-11-29,369.89512,257.73509,329.52973
nasdaq,new,nasdaq_tech_capital_efficient_growth_revision,2019-12-31,390.02986,260.64304,337.78097
nasdaq,new,nasdaq_tech_capital_efficient_growth_revision,2020-01-31,393.61025,260.60118,352.15031
nasdaq,new,nasdaq_tech_capital_efficient_growth_revision,2020-02-28,384.19754,243.51483,333.12459
nasdaq,new,nasdaq_tech_capital_efficient_growth_revision,2020-03-31,319.57384,221.13817,309.37967
nasdaq,new,nasdaq_tech_capital_efficient_growth_revision,2020-04-30,363.08474,251.36479,357.91252
nasdaq,new,nasdaq_tech_capital_efficient_growth_revision,2020-05-29,394.46674,266.41091,373.77044
nasdaq,new,nasdaq_tech_capital_efficient_growth_revision,2020-06-30,421.54605,275.25354,394.30802
nasdaq,new,nasdaq_tech_capital_efficient_growth_revision,2020-07-31,422.11888,276.68224,402.84695
nasdaq,new,nasdaq_tech_capital_efficient_growth_revision,2020-08-31,414.35353,281.65151,444.02426
nasdaq,new,nasdaq_tech_capital_efficient_growth_revision,2020-09-30,413.64716,277.01189,424.10392
nasdaq,new,nasdaq_tech_capital_efficient_growth_revision,2020-10-30,421.61476,272.2639,412.59913
nasdaq,new,nasdaq_tech_capital_efficient_growth_revision,2020-11-30,506.55775,302.38148,442.93913
nasdaq,new,nasdaq_tech_capital_efficient_growth_revision,2020-12-31,533.13124,310.69059,457.41815
nasdaq,new,nasdaq_tech_capital_efficient_growth_revision,2021-01-29,549.82675,309.72351,463.18568
nasdaq,new,nasdaq_tech_capital_efficient_growth_revision,2021-02-26,612.60479,299.11362,462.45922
nasdaq,new,nasdaq_tech_capital_efficient_growth_revision,2021-03-31,637.22172,322.45288,488.60109
nasdaq,new,nasdaq_tech_capital_efficient_growth_revision,2021-04-30,634.1032,323.41492,507.6387
nasdaq,new,nasdaq_tech_capital_efficient_growth_revision,2021-05-31,631.37121,318.78507,492.92827
nasdaq,new,nasdaq_tech_capital_efficient_growth_revision,2021-06-30,670.94882,341.41106,540.03626
nasdaq,new,nasdaq_tech_capital_efficient_growth_revision,2021-07-30,652.84561,356.46434,556.68
nasdaq,new,nasdaq_tech_capital_efficient_growth_revision,2021-08-31,655.08296,363.65504,584.92626
nasdaq,new,nasdaq_tech_capital_efficient_growth_revision,2021-09-30,630.10384,341.43233,559.3316
nasdaq,new,nasdaq_tech_capital_efficient_growth_revision,2021-10-29,631.02517,356.31334,603.37128
nasdaq,new,nasdaq_tech_capital_efficient_growth_revision,2021-11-30,687.96926,374.08607,637.84284
nasdaq,new,nasdaq_tech_capital_efficient_growth_revision,2021-12-31,721.31954,395.56324,649.06972
nasdaq,new,nasdaq_tech_capital_efficient_growth_revision,2022-01-31,645.81401,373.68992,612.38166
nasdaq,new,nasdaq_tech_capital_efficient_growth_revision,2022-02-28,629.9985,363.86309,582.76758
nasdaq,new,nasdaq_tech_capital_efficient_growth_revision,2022-03-31,621.19965,359.48659,615.50649
nasdaq,new,nasdaq_tech_capital_efficient_growth_revision,2022-04-29,584.3297,341.42203,563.95238
nasdaq,new,nasdaq_tech_capital_efficient_growth_revision,2022-05-31,602.6624,338.60231,544.86881
nasdaq,new,nasdaq_tech_capital_efficient_growth_revision,2022-06-30,518.76594,318.29862,508.94136
nasdaq,new,nasdaq_tech_capital_efficient_growth_revision,2022-07-29,599.03974,361.285,589.02775
nasdaq,new,nasdaq_tech_capital_efficient_growth_revision,2022-08-31,560.20824,349.36132,566.15078
nasdaq,new,nasdaq_tech_capital_efficient_growth_revision,2022-09-30,511.01368,323.50013,518.51636
nasdaq,new,nasdaq_tech_capital_efficient_growth_revision,2022-10-31,536.78309,356.60355,536.07537
nasdaq,new,nasdaq_tech_capital_efficient_growth_revision,2022-11-30,591.71496,363.43975,539.15596
nasdaq,new,nasdaq_tech_capital_efficient_growth_revision,2022-12-30,522.68824,324.22311,471.58321
nasdaq,new,nasdaq_tech_capital_efficient_growth_revision,2023-01-31,548.31186,352.84701,509.86803
nasdaq,new,nasdaq_tech_capital_efficient_growth_revision,2023-02-28,564.03849,355.08732,518.91688
nasdaq,new,nasdaq_tech_capital_efficient_growth_revision,2023-03-31,565.74585,357.0193,548.20864
nasdaq,new,nasdaq_tech_capital_efficient_growth_revision,2023-04-28,541.68766,346.89323,542.86354
nasdaq,new,nasdaq_tech_capital_efficient_growth_revision,2023-05-31,567.10689,361.58808,596.60204
nasdaq,new,nasdaq_tech_capital_efficient_growth_revision,2023-06-30,582.64311,364.73877,620.34701
nasdaq,new,nasdaq_tech_capital_efficient_growth_revision,2023-07-31,602.11876,375.43015,637.07633
nasdaq,new,nasdaq_tech_capital_efficient_growth_revision,2023-08-31,601.95972,361.74725,637.4754
nasdaq,new,nasdaq_tech_capital_efficient_growth_revision,2023-09-29,593.06736,357.68538,619.46798
nasdaq,new,nasdaq_tech_capital_efficient_growth_revision,2023-10-31,586.13495,341.924,609.18073
nasdaq,new,nasdaq_tech_capital_efficient_growth_revision,2023-11-30,624.35399,355.99259,652.00541
nasdaq,new,nasdaq_tech_capital_efficient_growth_revision,2023-12-29,641.87378,380.94788,675.03998
nasdaq,new,nasdaq_tech_capital_efficient_growth_revision,2024-01-31,664.34917,368.60924,697.08593
nasdaq,new,nasdaq_tech_capital_efficient_growth_revision,2024-02-29,730.75224,375.59746,742.48905
nasdaq,new,nasdaq_tech_capital_efficient_growth_revision,2024-03-28,737.36015,386.5063,758.29467
nasdaq,new,nasdaq_tech_capital_efficient_growth_revision,2024-04-30,692.79769,357.42897,732.77251
nasdaq,new,nasdaq_tech_capital_efficient_growth_revision,2024-05-31,712.21738,370.83281,774.44966
nasdaq,new,nasdaq_tech_capital_efficient_growth_revision,2024-06-28,758.17529,372.7766,834.56399
nasdaq,new,nasdaq_tech_capital_efficient_growth_revision,2024-07-31,738.48621,388.85844,817.49753
nasdaq,new,nasdaq_tech_capital_efficient_growth_revision,2024-08-30,727.8708,366.17784,807.29735
nasdaq,new,nasdaq_tech_capital_efficient_growth_revision,2024-09-30,757.22354,363.18117,821.92037
nasdaq,new,nasdaq_tech_capital_efficient_growth_revision,2024-10-31,782.67568,367.97203,839.98589
nasdaq,new,nasdaq_tech_capital_efficient_growth_revision,2024-11-29,884.91797,408.30227,915.28748
nasdaq,new,nasdaq_tech_capital_efficient_growth_revision,2024-12-31,890.96378,397.56442,938.24323
nasdaq,new,nasdaq_tech_capital_efficient_growth_revision,2025-01-31,943.27754,403.51014,944.81282
nasdaq,new,nasdaq_tech_capital_efficient_growth_revision,2025-02-28,896.9504,392.56638,908.45258
nasdaq,new,nasdaq_tech_capital_efficient_growth_revision,2025-03-31,781.82137,358.02683,802.48995
nasdaq,new,nasdaq_tech_capital_efficient_growth_revision,2025-04-30,769.78598,332.95091,769.28474
nasdaq,new,nasdaq_tech_capital_efficient_growth_revision,2025-05-30,885.96464,354.67072,845.51426
nasdaq,new,nasdaq_tech_capital_efficient_growth_revision,2025-06-30,921.38469,370.70368,872.86743
nasdaq,new,nasdaq_tech_capital_efficient_growth_revision,2025-07-31,949.47393,386.21358,929.61423
nasdaq,new,nasdaq_tech_capital_efficient_growth_revision,2025-08-29,952.5764,399.69042,922.76263
nasdaq,new,nasdaq_tech_capital_efficient_growth_revision,2025-09-30,1016.85207,421.97978,971.1762
nasdaq,new,nasdaq_tech_capital_efficient_growth_revision,2025-10-31,1069.5883,433.77704,1035.94732
nasdaq,new,nasdaq_tech_capital_efficient_growth_revision,2025-11-28,1044.17856,408.12818,1017.07876
nasdaq,new,nasdaq_tech_capital_efficient_growth_revision,2025-12-31,1038.16144,411.75158,1000.50916
nasdaq,new,nasdaq_tech_capital_efficient_growth_revision,2026-01-30,1079.09015,418.6626,993.77686
nasdaq,new,nasdaq_tech_capital_efficient_growth_revision,2026-02-27,1060.7237,419.10974,965.76001
nasdaq,new,nasdaq_tech_capital_efficient_growth_revision,2026-03-31,1023.31459,412.25244,943.35716
nasdaq,new,nasdaq_tech_capital_efficient_growth_revision,2026-04-30,1264.41309,471.89732,1079.32316
nasdaq,new,nasdaq_tech_capital_efficient_growth_revision,2026-05-29,1431.05759,521.97452,1165.33492
nasdaq,new,nasdaq_tech_capital_efficient_growth_revision,2026-06-30,1520.77138,499.00485,1153.8908
nasdaq,new,nasdaq_tech_capital_efficient_growth_revision,2026-07-02,1428.64405,495.57593,1141.64538
nasdaq,new,nasdaq_tech_growth_confirmation,2014-01-02,100.0,100.0,100.0
nasdaq,new,nasdaq_tech_growth_confirmation,2014-01-31,104.09249,100.05114,100.62103
nasdaq,new,nasdaq_tech_growth_confirmation,2014-02-28,108.41783,103.52604,103.10837
nasdaq,new,nasdaq_tech_growth_confirmation,2014-03-31,101.49072,102.62954,100.94142
nasdaq,new,nasdaq_tech_growth_confirmation,2014-04-30,99.57917,101.09597,100.21917
nasdaq,new,nasdaq_tech_growth_confirmation,2014-05-30,105.87715,106.1938,106.69781
nasdaq,new,nasdaq_tech_growth_confirmation,2014-06-30,111.61918,111.17971,109.55914
nasdaq,new,nasdaq_tech_growth_confirmation,2014-07-31,115.96408,116.571,113.47504
nasdaq,new,nasdaq_tech_growth_confirmation,2014-08-29,124.72589,122.43047,121.11989
nasdaq,new,nasdaq_tech_growth_confirmation,2014-09-30,130.27509,127.16974,125.44257
nasdaq,new,nasdaq_tech_growth_confirmation,2014-10-31,133.05034,132.50597,129.80309
nasdaq,new,nasdaq_tech_growth_confirmation,2014-11-28,137.90143,141.52947,136.28033
nasdaq,new,nasdaq_tech_growth_confirmation,2014-12-31,138.18185,147.00777,137.27863
nasdaq,new,nasdaq_tech_growth_confirmation,2015-01-30,148.7105,146.10946,144.50698
nasdaq,new,nasdaq_tech_growth_confirmation,2015-02-27,158.38624,157.71308,156.22393
nasdaq,new,nasdaq_tech_growth_confirmation,2015-03-31,164.95735,157.1195,158.65825
nasdaq,new,nasdaq_tech_growth_confirmation,2015-04-30,154.94401,152.98759,154.81267
nasdaq,new,nasdaq_tech_growth_confirmation,2015-05-29,163.29263,156.96779,162.25955
nasdaq,new,nasdaq_tech_growth_confirmation,2015-06-30,160.10761,146.20047,155.89077
nasdaq,new,nasdaq_tech_growth_confirmation,2015-07-31,168.89739,148.13133,164.30368
nasdaq,new,nasdaq_tech_growth_confirmation,2015-08-31,155.31338,136.31763,151.70931
nasdaq,new,nasdaq_tech_growth_confirmation,2015-09-30,151.68713,129.04645,149.45055
nasdaq,new,nasdaq_tech_growth_confirmation,2015-10-30,167.24996,136.76009,167.54709
nasdaq,new,nasdaq_tech_growth_confirmation,2015-11-30,177.10533,139.16921,175.91566
nasdaq,new,nasdaq_tech_growth_confirmation,2015-12-31,169.71073,132.67579,168.43326
nasdaq,new,nasdaq_tech_growth_confirmation,2016-01-29,161.79744,119.11198,157.80319
nasdaq,new,nasdaq_tech_growth_confirmation,2016-02-29,158.07081,121.41508,154.81095
nasdaq,new,nasdaq_tech_growth_confirmation,2016-03-31,158.67232,122.28792,157.7805
nasdaq,new,nasdaq_tech_growth_confirmation,2016-04-29,158.69608,114.80849,151.68549
nasdaq,new,nasdaq_tech_growth_confirmation,2016-05-31,174.20286,123.38217,163.3493
nasdaq,new,nasdaq_tech_growth_confirmation,2016-06-30,170.97696,122.74301,160.02457
nasdaq,new,nasdaq_tech_growth_confirmation,2016-07-29,182.22676,129.21778,170.75081
nasdaq,new,nasdaq_tech_growth_confirmation,2016-08-31,184.48099,136.46565,173.15804
nasdaq,new,nasdaq_tech_growth_confirmation,2016-09-30,189.7016,136.97358,175.36798
nasdaq,new,nasdaq_tech_growth_confirmation,2016-10-31,193.37289,141.3429,177.12441
nasdaq,new,nasdaq_tech_growth_confirmation,2016-11-30,210.75806,147.0557,184.10958
nasdaq,new,nasdaq_tech_growth_confirmation,2016-12-30,215.20559,147.09365,187.54133
nasdaq,new,nasdaq_tech_growth_confirmation,2017-01-31,227.62356,147.20532,192.23466
nasdaq,new,nasdaq_tech_growth_confirmation,2017-02-28,235.81963,154.93574,204.26653
nasdaq,new,nasdaq_tech_growth_confirmation,2017-03-31,251.69409,154.12404,207.32931
nasdaq,new,nasdaq_tech_growth_confirmation,2017-04-28,253.70182,153.78466,209.19722
nasdaq,new,nasdaq_tech_growth_confirmation,2017-05-31,262.69791,151.87857,210.35215
nasdaq,new,nasdaq_tech_growth_confirmation,2017-06-30,248.44654,148.21782,202.24944
nasdaq,new,nasdaq_tech_growth_confirmation,2017-07-31,251.74007,143.83841,203.47025
nasdaq,new,nasdaq_tech_growth_confirmation,2017-08-31,253.8659,144.12748,206.84682
nasdaq,new,nasdaq_tech_growth_confirmation,2017-09-29,268.06767,145.19083,208.01849
nasdaq,new,nasdaq_tech_growth_confirmation,2017-10-31,280.93681,146.51052,221.36896
nasdaq,new,nasdaq_tech_growth_confirmation,2017-11-30,270.8928,154.60795,220.61555
nasdaq,new,nasdaq_tech_growth_confirmation,2017-12-29,267.90977,154.34359,220.11934
nasdaq,new,nasdaq_tech_growth_confirmation,2018-01-31,273.2942,157.97044,230.35571
nasdaq,new,nasdaq_tech_growth_confirmation,2018-02-28,278.67204,158.44742,233.0674
nasdaq,new,nasdaq_tech_growth_confirmation,2018-03-29,276.24722,151.37148,222.20503
nasdaq,new,nasdaq_tech_growth_confirmation,2018-04-30,261.39596,155.12245,227.24645
nasdaq,new,nasdaq_tech_growth_confirmation,2018-05-31,288.52026,163.7658,249.22716
nasdaq,new,nasdaq_tech_growth_confirmation,2018-06-29,278.64069,163.42342,251.33926
nasdaq,new,nasdaq_tech_growth_confirmation,2018-07-31,280.31992,171.59564,258.02206
nasdaq,new,nasdaq_tech_growth_confirmation,2018-08-31,276.47484,185.01333,276.58992
nasdaq,new,nasdaq_tech_growth_confirmation,2018-09-28,265.0308,188.78389,276.63843
nasdaq,new,nasdaq_tech_growth_confirmation,2018-10-31,242.62403,181.3133,260.01084
nasdaq,new,nasdaq_tech_growth_confirmation,2018-11-30,256.07261,187.0089,258.58452
nasdaq,new,nasdaq_tech_growth_confirmation,2018-12-31,231.25012,166.18602,233.3028
nasdaq,new,nasdaq_tech_growth_confirmation,2019-01-31,266.37651,174.49075,253.04922
nasdaq,new,nasdaq_tech_growth_confirmation,2019-02-28,283.77731,186.18281,263.34654
nasdaq,new,nasdaq_tech_growth_confirmation,2019-03-29,298.55675,189.07259,278.26264
nasdaq,new,nasdaq_tech_growth_confirmation,2019-04-30,317.18793,207.85482,294.41756
nasdaq,new,nasdaq_tech_growth_confirmation,2019-05-31,280.92528,190.21985,271.58953
nasdaq,new,nasdaq_tech_growth_confirmation,2019-06-28,306.43415,200.03408,286.91515
nasdaq,new,nasdaq_tech_growth_confirmation,2019-07-31,328.08696,206.04486,301.53124
nasdaq,new,nasdaq_tech_growth_confirmation,2019-08-30,323.20881,199.56918,299.10317
nasdaq,new,nasdaq_tech_growth_confirmation,2019-09-30,324.76905,204.26116,305.61709
nasdaq,new,nasdaq_tech_growth_confirmation,2019-10-31,330.96422,203.3809,312.2004
nasdaq,new,nasdaq_tech_growth_confirmation,2019-11-29,349.49613,212.7691,329.52973
nasdaq,new,nasdaq_tech_growth_confirmation,2019-12-31,362.84984,214.57263,337.78097
nasdaq,new,nasdaq_tech_growth_confirmation,2020-01-31,365.97372,217.08992,352.15031
nasdaq,new,nasdaq_tech_growth_confirmation,2020-02-28,351.84925,202.24571,333.12459
nasdaq,new,nasdaq_tech_growth_confirmation,2020-03-31,293.42556,193.67182,309.37967
nasdaq,new,nasdaq_tech_growth_confirmation,2020-04-30,334.078,215.498,357.91252
nasdaq,new,nasdaq_tech_growth_confirmation,2020-05-29,365.20113,229.51224,373.77044
nasdaq,new,nasdaq_tech_growth_confirmation,2020-06-30,392.37991,236.93049,394.30802
nasdaq,new,nasdaq_tech_growth_confirmation,2020-07-31,392.05793,234.22937,402.84695
nasdaq,new,nasdaq_tech_growth_confirmation,2020-08-31,386.73625,239.5743,444.02426
nasdaq,new,nasdaq_tech_growth_confirmation,2020-09-30,389.19747,233.8527,424.10392
nasdaq,new,nasdaq_tech_growth_confirmation,2020-10-30,392.39453,224.19952,412.59913
nasdaq,new,nasdaq_tech_growth_confirmation,2020-11-30,469.48233,250.53207,442.93913
nasdaq,new,nasdaq_tech_growth_confirmation,2020-12-31,496.2179,255.27602,457.41815
nasdaq,new,nasdaq_tech_growth_confirmation,2021-01-29,512.83652,257.58902,463.18568
nasdaq,new,nasdaq_tech_growth_confirmation,2021-02-26,560.12973,249.52978,462.45922
nasdaq,new,nasdaq_tech_growth_confirmation,2021-03-31,579.45479,271.72834,488.60109
nasdaq,new,nasdaq_tech_growth_confirmation,2021-04-30,576.98669,271.79256,507.6387
nasdaq,new,nasdaq_tech_growth_confirmation,2021-05-31,571.94152,265.97593,492.92827
nasdaq,new,nasdaq_tech_growth_confirmation,2021-06-30,607.27295,282.29362,540.03626
nasdaq,new,nasdaq_tech_growth_confirmation,2021-07-30,592.52618,289.78304,556.68
nasdaq,new,nasdaq_tech_growth_confirmation,2021-08-31,603.7079,294.19693,584.92626
nasdaq,new,nasdaq_tech_growth_confirmation,2021-09-30,582.65258,280.44048,559.3316
nasdaq,new,nasdaq_tech_growth_confirmation,2021-10-29,580.01162,289.98165,603.37128
nasdaq,new,nasdaq_tech_growth_confirmation,2021-11-30,615.52901,305.78042,637.84284
nasdaq,new,nasdaq_tech_growth_confirmation,2021-12-31,663.04214,324.83374,649.06972
nasdaq,new,nasdaq_tech_growth_confirmation,2022-01-31,596.32663,309.09954,612.38166
nasdaq,new,nasdaq_tech_growth_confirmation,2022-02-28,578.57332,298.31407,582.76758
nasdaq,new,nasdaq_tech_growth_confirmation,2022-03-31,583.4256,300.41524,615.50649
nasdaq,new,nasdaq_tech_growth_confirmation,2022-04-29,545.19025,288.04116,563.95238
nasdaq,new,nasdaq_tech_growth_confirmation,2022-05-31,557.83209,280.24192,544.86881
nasdaq,new,nasdaq_tech_growth_confirmation,2022-06-30,479.99198,265.00356,508.94136
nasdaq,new,nasdaq_tech_growth_confirmation,2022-07-29,556.27835,297.13671,589.02775
nasdaq,new,nasdaq_tech_growth_confirmation,2022-08-31,523.83034,287.74903,566.15078
nasdaq,new,nasdaq_tech_growth_confirmation,2022-09-30,484.69645,270.02896,518.51636
nasdaq,new,nasdaq_tech_growth_confirmation,2022-10-31,510.90336,295.65102,536.07537
nasdaq,new,nasdaq_tech_growth_confirmation,2022-11-30,557.38718,301.83154,539.15596
nasdaq,new,nasdaq_tech_growth_confirmation,2022-12-30,503.9118,269.70474,471.58321
nasdaq,new,nasdaq_tech_growth_confirmation,2023-01-31,528.01494,291.64338,509.86803
nasdaq,new,nasdaq_tech_growth_confirmation,2023-02-28,540.73354,295.71807,518.91688
nasdaq,new,nasdaq_tech_growth_confirmation,2023-03-31,541.72648,299.09073,548.20864
nasdaq,new,nasdaq_tech_growth_confirmation,2023-04-28,518.67679,291.78465,542.86354
nasdaq,new,nasdaq_tech_growth_confirmation,2023-05-31,543.13238,306.18719,596.60204
nasdaq,new,nasdaq_tech_growth_confirmation,2023-06-30,553.84884,308.57665,620.34701
nasdaq,new,nasdaq_tech_growth_confirmation,2023-07-31,575.60887,316.78534,637.07633
nasdaq,new,nasdaq_tech_growth_confirmation,2023-08-31,571.70115,311.34158,637.4754
nasdaq,new,nasdaq_tech_growth_confirmation,2023-09-29,562.37132,307.36859,619.46798
nasdaq,new,nasdaq_tech_growth_confirmation,2023-10-31,553.92262,295.67685,609.18073
nasdaq,new,nasdaq_tech_growth_confirmation,2023-11-30,590.3941,305.95093,652.00541
nasdaq,new,nasdaq_tech_growth_confirmation,2023-12-29,606.71402,325.56363,675.03998
nasdaq,new,nasdaq_tech_growth_confirmation,2024-01-31,625.39784,317.24634,697.08593
nasdaq,new,nasdaq_tech_growth_confirmation,2024-02-29,688.95997,315.67766,742.48905
nasdaq,new,nasdaq_tech_growth_confirmation,2024-03-28,690.35415,323.62287,758.29467
nasdaq,new,nasdaq_tech_growth_confirmation,2024-04-30,643.65659,305.30215,732.77251
nasdaq,new,nasdaq_tech_growth_confirmation,2024-05-31,657.36201,319.88017,774.44966
nasdaq,new,nasdaq_tech_growth_confirmation,2024-06-28,702.65799,316.49497,834.56399
nasdaq,new,nasdaq_tech_growth_confirmation,2024-07-31,673.48791,331.81589,817.49753
nasdaq,new,nasdaq_tech_growth_confirmation,2024-08-30,661.43227,306.75375,807.29735
nasdaq,new,nasdaq_tech_growth_confirmation,2024-09-30,692.11172,302.98802,821.92037
nasdaq,new,nasdaq_tech_growth_confirmation,2024-10-31,719.25052,304.50038,839.98589
nasdaq,new,nasdaq_tech_growth_confirmation,2024-11-29,819.16741,335.01875,915.28748
nasdaq,new,nasdaq_tech_growth_confirmation,2024-12-31,831.04163,323.79647,938.24323
nasdaq,new,nasdaq_tech_growth_confirmation,2025-01-31,866.87395,328.00166,944.81282
nasdaq,new,nasdaq_tech_growth_confirmation,2025-02-28,809.6136,315.0652,908.45258
nasdaq,new,nasdaq_tech_growth_confirmation,2025-03-31,702.26323,284.85092,802.48995
nasdaq,new,nasdaq_tech_growth_confirmation,2025-04-30,688.20986,260.79629,769.28474
nasdaq,new,nasdaq_tech_growth_confirmation,2025-05-30,786.50418,282.00834,845.51426
nasdaq,new,nasdaq_tech_growth_confirmation,2025-06-30,838.54021,285.57477,872.86743
nasdaq,new,nasdaq_tech_growth_confirmation,2025-07-31,855.16672,297.69096,929.61423
nasdaq,new,nasdaq_tech_growth_confirmation,2025-08-29,857.88482,310.14058,922.76263
nasdaq,new,nasdaq_tech_growth_confirmation,2025-09-30,910.6572,327.75645,971.1762
nasdaq,new,nasdaq_tech_growth_confirmation,2025-10-31,971.0387,341.09315,1035.94732
nasdaq,new,nasdaq_tech_growth_confirmation,2025-11-28,935.61278,332.54885,1017.07876
nasdaq,new,nasdaq_tech_growth_confirmation,2025-12-31,936.20272,338.63032,1000.50916
nasdaq,new,nasdaq_tech_growth_confirmation,2026-01-30,966.27822,342.81027,993.77686
nasdaq,new,nasdaq_tech_growth_confirmation,2026-02-27,945.41663,339.94171,965.76001
nasdaq,new,nasdaq_tech_growth_confirmation,2026-03-31,925.91928,334.29043,943.35716
nasdaq,new,nasdaq_tech_growth_confirmation,2026-04-30,1154.98472,381.94625,1079.32316
nasdaq,new,nasdaq_tech_growth_confirmation,2026-05-29,1307.88414,416.64769,1165.33492
nasdaq,new,nasdaq_tech_growth_confirmation,2026-06-30,1378.49888,400.37144,1153.8908
nasdaq,new,nasdaq_tech_growth_confirmation,2026-07-02,1295.31339,399.0042,1141.64538
nasdaq,new,nasdaq_tech_asset_light_growth_revision,2014-01-02,100.0,100.0,100.0
nasdaq,new,nasdaq_tech_asset_light_growth_revision,2014-01-31,102.18699,99.16616,100.62103
nasdaq,new,nasdaq_tech_asset_light_growth_revision,2014-02-28,108.84441,102.00537,103.10837
nasdaq,new,nasdaq_tech_asset_light_growth_revision,2014-03-31,101.94895,100.64656,100.94142
nasdaq,new,nasdaq_tech_asset_light_growth_revision,2014-04-30,99.57871,97.43479,100.21917
nasdaq,new,nasdaq_tech_asset_light_growth_revision,2014-05-30,105.64861,103.07475,106.69781
nasdaq,new,nasdaq_tech_asset_light_growth_revision,2014-06-30,108.86907,108.35516,109.55914
nasdaq,new,nasdaq_tech_asset_light_growth_revision,2014-07-31,111.90439,112.35532,113.47504
nasdaq,new,nasdaq_tech_asset_light_growth_revision,2014-08-29,120.59556,117.77241,121.11989
nasdaq,new,nasdaq_tech_asset_light_growth_revision,2014-09-30,125.47518,122.50865,125.44257
nasdaq,new,nasdaq_tech_asset_light_growth_revision,2014-10-31,128.28356,124.87147,129.80309
nasdaq,new,nasdaq_tech_asset_light_growth_revision,2014-11-28,133.6442,131.53381,136.28033
nasdaq,new,nasdaq_tech_asset_light_growth_revision,2014-12-31,132.62133,135.88701,137.27863
nasdaq,new,nasdaq_tech_asset_light_growth_revision,2015-01-30,140.22107,137.66894,144.50698
nasdaq,new,nasdaq_tech_asset_light_growth_revision,2015-02-27,152.40104,145.69703,156.22393
nasdaq,new,nasdaq_tech_asset_light_growth_revision,2015-03-31,158.03699,141.21969,158.65825
nasdaq,new,nasdaq_tech_asset_light_growth_revision,2015-04-30,148.15356,139.64866,154.81267
nasdaq,new,nasdaq_tech_asset_light_growth_revision,2015-05-29,155.69428,142.57667,162.25955
nasdaq,new,nasdaq_tech_asset_light_growth_revision,2015-06-30,152.1324,128.27527,155.89077
nasdaq,new,nasdaq_tech_asset_light_growth_revision,2015-07-31,156.86844,134.01141,164.30368
nasdaq,new,nasdaq_tech_asset_light_growth_revision,2015-08-31,144.80072,121.65969,151.70931
nasdaq,new,nasdaq_tech_asset_light_growth_revision,2015-09-30,142.28042,112.73033,149.45055
nasdaq,new,nasdaq_tech_asset_light_growth_revision,2015-10-30,156.86387,122.0254,167.54709
nasdaq,new,nasdaq_tech_asset_light_growth_revision,2015-11-30,163.87014,127.43737,175.91566
nasdaq,new,nasdaq_tech_asset_light_growth_revision,2015-12-31,156.67204,122.09223,168.43326
nasdaq,new,nasdaq_tech_asset_light_growth_revision,2016-01-29,154.32175,106.51901,157.80319
nasdaq,new,nasdaq_tech_asset_light_growth_revision,2016-02-29,153.95463,105.98629,154.81095
nasdaq,new,nasdaq_tech_asset_light_growth_revision,2016-03-31,157.21566,106.16056,157.7805
nasdaq,new,nasdaq_tech_asset_light_growth_revision,2016-04-29,155.03696,97.8169,151.68549
nasdaq,new,nasdaq_tech_asset_light_growth_revision,2016-05-31,170.5993,106.38664,163.3493
nasdaq,new,nasdaq_tech_asset_light_growth_revision,2016-06-30,169.76563,105.84428,160.02457
nasdaq,new,nasdaq_tech_asset_light_growth_revision,2016-07-29,183.3843,109.62887,170.75081
nasdaq,new,nasdaq_tech_asset_light_growth_revision,2016-08-31,187.8822,117.38395,173.15804
nasdaq,new,nasdaq_tech_asset_light_growth_revision,2016-09-30,191.59501,115.23558,175.36798
nasdaq,new,nasdaq_tech_asset_light_growth_revision,2016-10-31,193.89591,119.30308,177.12441
nasdaq,new,nasdaq_tech_asset_light_growth_revision,2016-11-30,208.23337,125.95312,184.10958
nasdaq,new,nasdaq_tech_asset_light_growth_revision,2016-12-30,210.83203,125.43831,187.54133
nasdaq,new,nasdaq_tech_asset_light_growth_revision,2017-01-31,222.6954,130.41383,192.23466
nasdaq,new,nasdaq_tech_asset_light_growth_revision,2017-02-28,236.3064,135.50409,204.26653
nasdaq,new,nasdaq_tech_asset_light_growth_revision,2017-03-31,241.01723,135.93856,207.32931
nasdaq,new,nasdaq_tech_asset_light_growth_revision,2017-04-28,236.94285,136.30302,209.19722
nasdaq,new,nasdaq_tech_asset_light_growth_revision,2017-05-31,239.21432,136.99694,210.35215
nasdaq,new,nasdaq_tech_asset_light_growth_revision,2017-06-30,227.11995,131.36305,202.24944
nasdaq,new,nasdaq_tech_asset_light_growth_revision,2017-07-31,235.89138,129.8103,203.47025
nasdaq,new,nasdaq_tech_asset_light_growth_revision,2017-08-31,232.40685,128.2164,206.84682
nasdaq,new,nasdaq_tech_asset_light_growth_revision,2017-09-29,240.70311,133.41023,208.01849
nasdaq,new,nasdaq_tech_asset_light_growth_revision,2017-10-31,252.92435,135.46726,221.36896
nasdaq,new,nasdaq_tech_asset_light_growth_revision,2017-11-30,246.43235,136.37036,220.61555
nasdaq,new,nasdaq_tech_asset_light_growth_revision,2017-12-29,247.76845,137.88478,220.11934
nasdaq,new,nasdaq_tech_asset_light_growth_revision,2018-01-31,261.43772,142.26338,230.35571
nasdaq,new,nasdaq_tech_asset_light_growth_revision,2018-02-28,260.89713,141.463,233.0674
nasdaq,new,nasdaq_tech_asset_light_growth_revision,2018-03-29,253.56025,136.63005,222.20503
nasdaq,new,nasdaq_tech_asset_light_growth_revision,2018-04-30,244.19745,141.58899,227.24645
nasdaq,new,nasdaq_tech_asset_light_growth_revision,2018-05-31,263.4563,146.55247,249.22716
nasdaq,new,nasdaq_tech_asset_light_growth_revision,2018-06-29,260.0796,147.90333,251.33926
nasdaq,new,nasdaq_tech_asset_light_growth_revision,2018-07-31,270.60663,151.53768,258.02206
nasdaq,new,nasdaq_tech_asset_light_growth_revision,2018-08-31,274.11299,153.83588,276.58992
nasdaq,new,nasdaq_tech_asset_light_growth_revision,2018-09-28,268.22173,152.26593,276.63843
nasdaq,new,nasdaq_tech_asset_light_growth_revision,2018-10-31,240.92798,142.02343,260.01084
nasdaq,new,nasdaq_tech_asset_light_growth_revision,2018-11-30,243.56518,146.86158,258.58452
nasdaq,new,nasdaq_tech_asset_light_growth_revision,2018-12-31,215.99746,131.16838,233.3028
nasdaq,new,nasdaq_tech_asset_light_growth_revision,2019-01-31,245.91383,140.92079,253.04922
nasdaq,new,nasdaq_tech_asset_light_growth_revision,2019-02-28,260.08448,146.71655,263.34654
nasdaq,new,nasdaq_tech_asset_light_growth_revision,2019-03-29,277.16206,150.69767,278.26264
nasdaq,new,nasdaq_tech_asset_light_growth_revision,2019-04-30,295.90507,155.75769,294.41756
nasdaq,new,nasdaq_tech_asset_light_growth_revision,2019-05-31,262.92698,143.52452,271.58953
nasdaq,new,nasdaq_tech_asset_light_growth_revision,2019-06-28,284.1422,148.90165,286.91515
nasdaq,new,nasdaq_tech_asset_light_growth_revision,2019-07-31,296.81464,152.36233,301.53124
nasdaq,new,nasdaq_tech_asset_light_growth_revision,2019-08-30,297.12992,151.55077,299.10317
nasdaq,new,nasdaq_tech_asset_light_growth_revision,2019-09-30,306.99892,154.07609,305.61709
nasdaq,new,nasdaq_tech_asset_light_growth_revision,2019-10-31,317.54776,157.03579,312.2004
nasdaq,new,nasdaq_tech_asset_light_growth_revision,2019-11-29,332.0474,164.68026,329.52973
nasdaq,new,nasdaq_tech_asset_light_growth_revision,2019-12-31,342.76066,162.57507,337.78097
nasdaq,new,nasdaq_tech_asset_light_growth_revision,2020-01-31,346.31384,164.09412,352.15031
nasdaq,new,nasdaq_tech_asset_light_growth_revision,2020-02-28,346.16851,152.78377,333.12459
nasdaq,new,nasdaq_tech_asset_light_growth_revision,2020-03-31,311.31583,145.414,309.37967
nasdaq,new,nasdaq_tech_asset_light_growth_revision,2020-04-30,351.20364,161.53556,357.91252
nasdaq,new,nasdaq_tech_asset_light_growth_revision,2020-05-29,395.06283,169.06067,373.77044
nasdaq,new,nasdaq_tech_asset_light_growth_revision,2020-06-30,424.46626,169.8951,394.30802
nasdaq,new,nasdaq_tech_asset_light_growth_revision,2020-07-31,436.33155,168.91864,402.84695
nasdaq,new,nasdaq_tech_asset_light_growth_revision,2020-08-31,461.86054,169.73126,444.02426
nasdaq,new,nasdaq_tech_asset_light_growth_revision,2020-09-30,459.67989,170.42316,424.10392
nasdaq,new,nasdaq_tech_asset_light_growth_revision,2020-10-30,453.64921,162.34934,412.59913
nasdaq,new,nasdaq_tech_asset_light_growth_revision,2020-11-30,517.0629,171.54772,442.93913
nasdaq,new,nasdaq_tech_asset_light_growth_revision,2020-12-31,526.22587,179.80377,457.41815
nasdaq,new,nasdaq_tech_asset_light_growth_revision,2021-01-29,542.28224,183.01573,463.18568
nasdaq,new,nasdaq_tech_asset_light_growth_revision,2021-02-26,570.2157,186.91332,462.45922
nasdaq,new,nasdaq_tech_asset_light_growth_revision,2021-03-31,583.8922,199.32362,488.60109
nasdaq,new,nasdaq_tech_asset_light_growth_revision,2021-04-30,599.28474,204.24074,507.6387
nasdaq,new,nasdaq_tech_asset_light_growth_revision,2021-05-31,606.34746,198.67871,492.92827
nasdaq,new,nasdaq_tech_asset_light_growth_revision,2021-06-30,670.73131,204.6176,540.03626
nasdaq,new,nasdaq_tech_asset_light_growth_revision,2021-07-30,658.34814,201.67323,556.68
nasdaq,new,nasdaq_tech_asset_light_growth_revision,2021-08-31,696.49743,203.37924,584.92626
nasdaq,new,nasdaq_tech_asset_light_growth_revision,2021-09-30,665.58067,201.51122,559.3316
nasdaq,new,nasdaq_tech_asset_light_growth_revision,2021-10-29,714.85142,207.81516,603.37128
nasdaq,new,nasdaq_tech_asset_light_growth_revision,2021-11-30,808.2024,215.54426,637.84284
nasdaq,new,nasdaq_tech_asset_light_growth_revision,2021-12-31,794.00962,234.07274,649.06972
nasdaq,new,nasdaq_tech_asset_light_growth_revision,2022-01-31,715.18167,229.55488,612.38166
nasdaq,new,nasdaq_tech_asset_light_growth_revision,2022-02-28,683.02825,224.68285,582.76758
nasdaq,new,nasdaq_tech_asset_light_growth_revision,2022-03-31,724.30274,227.42536,615.50649
nasdaq,new,nasdaq_tech_asset_light_growth_revision,2022-04-29,631.97413,220.56961,563.95238
nasdaq,new,nasdaq_tech_asset_light_growth_revision,2022-05-31,644.91601,216.77971,544.86881
nasdaq,new,nasdaq_tech_asset_light_growth_revision,2022-06-30,571.77771,211.92021,508.94136
nasdaq,new,nasdaq_tech_asset_light_growth_revision,2022-07-29,670.93115,227.75721,589.02775
nasdaq,new,nasdaq_tech_asset_light_growth_revision,2022-08-31,616.07504,219.99293,566.15078
nasdaq,new,nasdaq_tech_asset_light_growth_revision,2022-09-30,554.17036,206.76889,518.51636
nasdaq,new,nasdaq_tech_asset_light_growth_revision,2022-10-31,577.99943,219.621,536.07537
nasdaq,new,nasdaq_tech_asset_light_growth_revision,2022-11-30,649.10468,225.39965,539.15596
nasdaq,new,nasdaq_tech_asset_light_growth_revision,2022-12-30,578.13639,208.77713,471.58321
nasdaq,new,nasdaq_tech_asset_light_growth_revision,2023-01-31,602.87923,224.01948,509.86803
nasdaq,new,nasdaq_tech_asset_light_growth_revision,2023-02-28,612.96392,223.11339,518.91688
nasdaq,new,nasdaq_tech_asset_light_growth_revision,2023-03-31,624.32367,224.32306,548.20864
nasdaq,new,nasdaq_tech_asset_light_growth_revision,2023-04-28,603.58068,217.76628,542.86354
nasdaq,new,nasdaq_tech_asset_light_growth_revision,2023-05-31,637.45904,222.10562,596.60204
nasdaq,new,nasdaq_tech_asset_light_growth_revision,2023-06-30,657.47518,224.64494,620.34701
nasdaq,new,nasdaq_tech_asset_light_growth_revision,2023-07-31,681.90526,231.88636,637.07633
nasdaq,new,nasdaq_tech_asset_light_growth_revision,2023-08-31,683.60583,226.09177,637.4754
nasdaq,new,nasdaq_tech_asset_light_growth_revision,2023-09-29,675.72476,222.8908,619.46798
nasdaq,new,nasdaq_tech_asset_light_growth_revision,2023-10-31,663.8218,216.91848,609.18073
nasdaq,new,nasdaq_tech_asset_light_growth_revision,2023-11-30,699.69579,221.84427,652.00541
nasdaq,new,nasdaq_tech_asset_light_growth_revision,2023-12-29,718.31816,230.88794,675.03998
nasdaq,new,nasdaq_tech_asset_light_growth_revision,2024-01-31,745.21135,222.19914,697.08593
nasdaq,new,nasdaq_tech_asset_light_growth_revision,2024-02-29,813.70444,222.11826,742.48905
nasdaq,new,nasdaq_tech_asset_light_growth_revision,2024-03-28,830.09171,232.20536,758.29467
nasdaq,new,nasdaq_tech_asset_light_growth_revision,2024-04-30,782.92191,212.77458,732.77251
nasdaq,new,nasdaq_tech_asset_light_growth_revision,2024-05-31,808.68423,226.24846,774.44966
nasdaq,new,nasdaq_tech_asset_light_growth_revision,2024-06-28,866.77516,225.65567,834.56399
nasdaq,new,nasdaq_tech_asset_light_growth_revision,2024-07-31,840.38287,234.56814,817.49753
nasdaq,new,nasdaq_tech_asset_light_growth_revision,2024-08-30,821.53608,219.77193,807.29735
nasdaq,new,nasdaq_tech_asset_light_growth_revision,2024-09-30,839.38402,214.80229,821.92037
nasdaq,new,nasdaq_tech_asset_light_growth_revision,2024-10-31,868.26336,217.39026,839.98589
nasdaq,new,nasdaq_tech_asset_light_growth_revision,2024-11-29,974.36864,243.78356,915.28748
nasdaq,new,nasdaq_tech_asset_light_growth_revision,2024-12-31,977.06824,233.15989,938.24323
nasdaq,new,nasdaq_tech_asset_light_growth_revision,2025-01-31,1027.75175,235.59837,944.81282
nasdaq,new,nasdaq_tech_asset_light_growth_revision,2025-02-28,979.18111,227.08425,908.45258
nasdaq,new,nasdaq_tech_asset_light_growth_revision,2025-03-31,876.31114,201.32912,802.48995
nasdaq,new,nasdaq_tech_asset_light_growth_revision,2025-04-30,861.98755,185.1311,769.28474
nasdaq,new,nasdaq_tech_asset_light_growth_revision,2025-05-30,974.17265,199.53197,845.51426
nasdaq,new,nasdaq_tech_asset_light_growth_revision,2025-06-30,998.00311,209.14957,872.86743
nasdaq,new,nasdaq_tech_asset_light_growth_revision,2025-07-31,1042.35431,217.74812,929.61423
nasdaq,new,nasdaq_tech_asset_light_growth_revision,2025-08-29,1049.02386,226.48579,922.76263
nasdaq,new,nasdaq_tech_asset_light_growth_revision,2025-09-30,1092.42241,243.76621,971.1762
nasdaq,new,nasdaq_tech_asset_light_growth_revision,2025-10-31,1129.23921,257.92662,1035.94732
nasdaq,new,nasdaq_tech_asset_light_growth_revision,2025-11-28,1093.06184,247.22287,1017.07876
nasdaq,new,nasdaq_tech_asset_light_growth_revision,2025-12-31,1085.98626,245.72929,1000.50916
nasdaq,new,nasdaq_tech_asset_light_growth_revision,2026-01-30,1071.89514,258.25252,993.77686
nasdaq,new,nasdaq_tech_asset_light_growth_revision,2026-02-27,1039.79847,262.30673,965.76001
nasdaq,new,nasdaq_tech_asset_light_growth_revision,2026-03-31,1020.04391,256.23069,943.35716
nasdaq,new,nasdaq_tech_asset_light_growth_revision,2026-04-30,1204.73998,305.56979,1079.32316
nasdaq,new,nasdaq_tech_asset_light_growth_revision,2026-05-29,1357.5554,344.86541,1165.33492
nasdaq,new,nasdaq_tech_asset_light_growth_revision,2026-06-30,1416.45362,340.15376,1153.8908
nasdaq,new,nasdaq_tech_asset_light_growth_revision,2026-07-02,1364.72163,335.43955,1141.64538
nasdaq,new,nasdaq_tech_downside_aware_growth_revision,2014-08-04,100.0,100.0,100.0
nasdaq,new,nasdaq_tech_downside_aware_growth_revision,2014-08-29,107.15022,105.07642,106.63493
nasdaq,new,nasdaq_tech_downside_aware_growth_revision,2014-09-30,112.08528,109.36672,110.44066
nasdaq,new,nasdaq_tech_downside_aware_growth_revision,2014-10-31,115.51397,112.92898,114.2797
nasdaq,new,nasdaq_tech_downside_aware_growth_revision,2014-11-28,122.87035,118.71775,119.98231
nasdaq,new,nasdaq_tech_downside_aware_growth_revision,2014-12-31,123.55852,123.40988,120.86122
nasdaq,new,nasdaq_tech_downside_aware_growth_revision,2015-01-30,131.23824,120.62495,127.22512
nasdaq,new,nasdaq_tech_downside_aware_growth_revision,2015-02-27,144.70688,129.73239,137.54082
nasdaq,new,nasdaq_tech_downside_aware_growth_revision,2015-03-31,147.97014,126.95387,139.68401
nasdaq,new,nasdaq_tech_downside_aware_growth_revision,2015-04-30,139.34722,124.15999,136.29833
nasdaq,new,nasdaq_tech_downside_aware_growth_revision,2015-05-29,147.28904,128.62697,142.85462
nasdaq,new,nasdaq_tech_downside_aware_growth_revision,2015-06-30,144.90978,118.5039,137.24751
nasdaq,new,nasdaq_tech_downside_aware_growth_revision,2015-07-31,151.30103,120.96968,144.6543
nasdaq,new,nasdaq_tech_downside_aware_growth_revision,2015-08-31,139.6144,110.00688,133.56611
nasdaq,new,nasdaq_tech_downside_aware_growth_revision,2015-09-30,137.85219,103.80337,131.57748
nasdaq,new,nasdaq_tech_downside_aware_growth_revision,2015-10-30,154.84406,112.16163,147.50982
nasdaq,new,nasdaq_tech_downside_aware_growth_revision,2015-11-30,163.68319,115.81462,154.87757
nasdaq,new,nasdaq_tech_downside_aware_growth_revision,2015-12-31,154.52294,113.49979,148.29001
nasdaq,new,nasdaq_tech_downside_aware_growth_revision,2016-01-29,152.15052,99.20876,138.93121
nasdaq,new,nasdaq_tech_downside_aware_growth_revision,2016-02-29,145.27208,100.48884,136.29682
nasdaq,new,nasdaq_tech_downside_aware_growth_revision,2016-03-31,149.06508,99.85886,138.91123
nasdaq,new,nasdaq_tech_downside_aware_growth_revision,2016-04-29,146.63365,93.67051,133.54514
nasdaq,new,nasdaq_tech_downside_aware_growth_revision,2016-05-31,157.94628,101.83613,143.81405
nasdaq,new,nasdaq_tech_downside_aware_growth_revision,2016-06-30,157.21409,100.61726,140.88693
nasdaq,new,nasdaq_tech_downside_aware_growth_revision,2016-07-29,167.8878,108.4972,150.3304
nasdaq,new,nasdaq_tech_downside_aware_growth_revision,2016-08-31,171.30935,115.72909,152.44974
nasdaq,new,nasdaq_tech_downside_aware_growth_revision,2016-09-30,173.61013,117.75694,154.3954
nasdaq,new,nasdaq_tech_downside_aware_growth_revision,2016-10-31,175.12079,122.28517,155.94177
nasdaq,new,nasdaq_tech_downside_aware_growth_revision,2016-11-30,188.12308,128.86666,162.09157
nasdaq,new,nasdaq_tech_downside_aware_growth_revision,2016-12-30,192.48042,127.56384,165.11292
nasdaq,new,nasdaq_tech_downside_aware_growth_revision,2017-01-31,200.74639,128.10382,169.24496
nasdaq,new,nasdaq_tech_downside_aware_growth_revision,2017-02-28,209.00309,132.61699,179.83792
nasdaq,new,nasdaq_tech_downside_aware_growth_revision,2017-03-31,214.22663,132.83278,182.53441
nasdaq,new,nasdaq_tech_downside_aware_growth_revision,2017-04-28,214.32855,131.35266,184.17894
nasdaq,new,nasdaq_tech_downside_aware_growth_revision,2017-05-31,219.68184,129.14842,185.19574
nasdaq,new,nasdaq_tech_downside_aware_growth_revision,2017-06-30,208.32103,126.30656,178.06205
nasdaq,new,nasdaq_tech_downside_aware_growth_revision,2017-07-31,210.51933,119.77117,179.13686
nasdaq,new,nasdaq_tech_downside_aware_growth_revision,2017-08-31,207.855,119.80235,182.10963
nasdaq,new,nasdaq_tech_downside_aware_growth_revision,2017-09-29,216.95618,122.74074,183.14117
nasdaq,new,nasdaq_tech_downside_aware_growth_revision,2017-10-31,233.88129,125.79305,194.89503
nasdaq,new,nasdaq_tech_downside_aware_growth_revision,2017-11-30,230.09866,135.57404,194.23173
nasdaq,new,nasdaq_tech_downside_aware_growth_revision,2017-12-29,226.67255,137.16335,193.79485
nasdaq,new,nasdaq_tech_downside_aware_growth_revision,2018-01-31,236.12028,143.95736,202.80704
nasdaq,new,nasdaq_tech_downside_aware_growth_revision,2018-02-28,240.51258,143.77289,205.19443
nasdaq,new,nasdaq_tech_downside_aware_growth_revision,2018-03-29,235.97255,138.23204,195.63112
nasdaq,new,nasdaq_tech_downside_aware_growth_revision,2018-04-30,229.82824,142.23116,200.06963
nasdaq,new,nasdaq_tech_downside_aware_growth_revision,2018-05-31,255.57524,150.61671,219.42162
nasdaq,new,nasdaq_tech_downside_aware_growth_revision,2018-06-29,250.14656,151.10561,221.28113
nasdaq,new,nasdaq_tech_downside_aware_growth_revision,2018-07-31,257.60655,159.13529,227.16472
nasdaq,new,nasdaq_tech_downside_aware_growth_revision,2018-08-31,257.69021,170.12397,243.51202
nasdaq,new,nasdaq_tech_downside_aware_growth_revision,2018-09-28,251.81666,172.14217,243.55472
nasdaq,new,nasdaq_tech_downside_aware_growth_revision,2018-10-31,233.76668,163.6807,228.91566
nasdaq,new,nasdaq_tech_downside_aware_growth_revision,2018-11-30,242.0229,169.01029,227.65991
nasdaq,new,nasdaq_tech_downside_aware_growth_revision,2018-12-31,219.48678,152.6418,205.40168
nasdaq,new,nasdaq_tech_downside_aware_growth_revision,2019-01-31,246.5685,158.95245,222.78659
nasdaq,new,nasdaq_tech_downside_aware_growth_revision,2019-02-28,259.79548,170.87776,231.85244
nasdaq,new,nasdaq_tech_downside_aware_growth_revision,2019-03-29,276.59949,176.20562,244.98469
nasdaq,new,nasdaq_tech_downside_aware_growth_revision,2019-04-30,291.91924,192.38881,259.20762
nasdaq,new,nasdaq_tech_downside_aware_growth_revision,2019-05-31,268.0961,177.22764,239.10963
nasdaq,new,nasdaq_tech_downside_aware_growth_revision,2019-06-28,284.49528,186.68419,252.60243
nasdaq,new,nasdaq_tech_downside_aware_growth_revision,2019-07-31,307.66582,191.90365,265.47056
nasdaq,new,nasdaq_tech_downside_aware_growth_revision,2019-08-30,301.98589,187.53967,263.33286
nasdaq,new,nasdaq_tech_downside_aware_growth_revision,2019-09-30,302.53523,192.47013,269.06778
nasdaq,new,nasdaq_tech_downside_aware_growth_revision,2019-10-31,307.71397,193.04176,274.86377
nasdaq,new,nasdaq_tech_downside_aware_growth_revision,2019-11-29,323.79809,198.31788,290.12065
nasdaq,new,nasdaq_tech_downside_aware_growth_revision,2019-12-31,332.98142,199.55126,297.38512
nasdaq,new,nasdaq_tech_downside_aware_growth_revision,2020-01-31,345.3578,199.75342,310.036
nasdaq,new,nasdaq_tech_downside_aware_growth_revision,2020-02-28,330.46063,182.87915,293.2856
nasdaq,new,nasdaq_tech_downside_aware_growth_revision,2020-03-31,278.66747,176.56562,272.38037
nasdaq,new,nasdaq_tech_downside_aware_growth_revision,2020-04-30,319.58392,197.17682,315.10909
nasdaq,new,nasdaq_tech_downside_aware_growth_revision,2020-05-29,348.69162,209.84159,329.07053
nasdaq,new,nasdaq_tech_downside_aware_growth_revision,2020-06-30,374.01401,212.10491,347.15199
nasdaq,new,nasdaq_tech_downside_aware_growth_revision,2020-07-31,382.32319,211.62658,354.66973
nasdaq,new,nasdaq_tech_downside_aware_growth_revision,2020-08-31,392.07014,215.13593,390.92257
nasdaq,new,nasdaq_tech_downside_aware_growth_revision,2020-09-30,389.39104,212.39867,373.38454
nasdaq,new,nasdaq_tech_downside_aware_growth_revision,2020-10-30,396.54669,203.37551,363.25563
nasdaq,new,nasdaq_tech_downside_aware_growth_revision,2020-11-30,454.80224,225.32286,389.96722
nasdaq,new,nasdaq_tech_downside_aware_growth_revision,2020-12-31,471.80595,229.31146,402.71466
nasdaq,new,nasdaq_tech_downside_aware_growth_revision,2021-01-29,481.1857,234.11745,407.79244
nasdaq,new,nasdaq_tech_downside_aware_growth_revision,2021-02-26,517.93403,231.26058,407.15286
nasdaq,new,nasdaq_tech_downside_aware_growth_revision,2021-03-31,538.04022,251.62307,430.16837
nasdaq,new,nasdaq_tech_downside_aware_growth_revision,2021-04-30,548.4138,256.55244,446.92924
nasdaq,new,nasdaq_tech_downside_aware_growth_revision,2021-05-31,538.64206,252.39866,433.97806
nasdaq,new,nasdaq_tech_downside_aware_growth_revision,2021-06-30,587.20179,267.2646,475.45232
nasdaq,new,nasdaq_tech_downside_aware_growth_revision,2021-07-30,597.28898,273.27784,490.1056
nasdaq,new,nasdaq_tech_downside_aware_growth_revision,2021-08-31,621.60184,277.50041,514.97383
nasdaq,new,nasdaq_tech_downside_aware_growth_revision,2021-09-30,587.12376,267.36793,492.44009
nasdaq,new,nasdaq_tech_downside_aware_growth_revision,2021-10-29,608.65841,275.75621,531.21298
nasdaq,new,nasdaq_tech_downside_aware_growth_revision,2021-11-30,630.17396,302.59305,561.56202
nasdaq,new,nasdaq_tech_downside_aware_growth_revision,2021-12-31,650.11583,321.41922,571.44626
nasdaq,new,nasdaq_tech_downside_aware_growth_revision,2022-01-31,586.57181,305.40435,539.14579
nasdaq,new,nasdaq_tech_downside_aware_growth_revision,2022-02-28,568.69614,295.63546,513.07332
nasdaq,new,nasdaq_tech_downside_aware_growth_revision,2022-03-31,576.12206,296.95532,541.89692
nasdaq,new,nasdaq_tech_downside_aware_growth_revision,2022-04-29,520.66032,284.276,496.50827
nasdaq,new,nasdaq_tech_downside_aware_growth_revision,2022-05-31,521.81419,274.78434,479.70693
nasdaq,new,nasdaq_tech_downside_aware_growth_revision,2022-06-30,460.70377,262.85999,448.07611
nasdaq,new,nasdaq_tech_downside_aware_growth_revision,2022-07-29,528.36081,293.33847,518.58482
nasdaq,new,nasdaq_tech_downside_aware_growth_revision,2022-08-31,497.8797,282.65567,498.44375
nasdaq,new,nasdaq_tech_downside_aware_growth_revision,2022-09-30,448.5197,266.84894,456.50602
nasdaq,new,nasdaq_tech_downside_aware_growth_revision,2022-10-31,474.19903,290.2773,471.96512
nasdaq,new,nasdaq_tech_downside_aware_growth_revision,2022-11-30,510.61299,298.04986,474.67729
nasdaq,new,nasdaq_tech_downside_aware_growth_revision,2022-12-30,459.78344,270.10973,415.1857
nasdaq,new,nasdaq_tech_downside_aware_growth_revision,2023-01-31,493.34554,301.55551,448.89197
nasdaq,new,nasdaq_tech_downside_aware_growth_revision,2023-02-28,499.86182,301.23887,456.85864
nasdaq,new,nasdaq_tech_downside_aware_growth_revision,2023-03-31,512.48711,302.8511,482.64735
nasdaq,new,nasdaq_tech_downside_aware_growth_revision,2023-04-28,496.99049,288.62454,477.94148
nasdaq,new,nasdaq_tech_downside_aware_growth_revision,2023-05-31,534.0174,307.90054,525.25329
nasdaq,new,nasdaq_tech_downside_aware_growth_revision,2023-06-30,556.64049,320.81024,546.15855
nasdaq,new,nasdaq_tech_downside_aware_growth_revision,2023-07-31,581.52117,338.9633,560.88718
nasdaq,new,nasdaq_tech_downside_aware_growth_revision,2023-08-31,578.26184,331.78499,561.23853
nasdaq,new,nasdaq_tech_downside_aware_growth_revision,2023-09-29,565.323,321.46061,545.38465
nasdaq,new,nasdaq_tech_downside_aware_growth_revision,2023-10-31,545.8405,299.44988,536.32767
nasdaq,new,nasdaq_tech_downside_aware_growth_revision,2023-11-30,586.52336,321.98767,574.03087
nasdaq,new,nasdaq_tech_downside_aware_growth_revision,2023-12-29,615.52732,350.24012,594.31069
nasdaq,new,nasdaq_tech_downside_aware_growth_revision,2024-01-31,631.16531,336.53231,613.72013
nasdaq,new,nasdaq_tech_downside_aware_growth_revision,2024-02-29,706.88511,347.04758,653.6934
nasdaq,new,nasdaq_tech_downside_aware_growth_revision,2024-03-28,713.23182,356.02217,667.6088
nasdaq,new,nasdaq_tech_downside_aware_growth_revision,2024-04-30,666.96532,327.98744,645.13888
nasdaq,new,nasdaq_tech_downside_aware_growth_revision,2024-05-31,685.21408,342.95777,681.83178
nasdaq,new,nasdaq_tech_downside_aware_growth_revision,2024-06-28,732.66957,340.00637,734.75693
nasdaq,new,nasdaq_tech_downside_aware_growth_revision,2024-07-31,712.76094,356.39432,719.73147
nasdaq,new,nasdaq_tech_downside_aware_growth_revision,2024-08-30,708.54367,325.71621,710.75116
nasdaq,new,nasdaq_tech_downside_aware_growth_revision,2024-09-30,721.02025,324.03345,723.62538
nasdaq,new,nasdaq_tech_downside_aware_growth_revision,2024-10-31,738.41639,326.83823,739.53041
nasdaq,new,nasdaq_tech_downside_aware_growth_revision,2024-11-29,826.79102,366.79347,805.82655
nasdaq,new,nasdaq_tech_downside_aware_growth_revision,2024-12-31,839.79804,352.09092,826.03697
nasdaq,new,nasdaq_tech_downside_aware_growth_revision,2025-01-31,873.78142,359.60963,831.8209
nasdaq,new,nasdaq_tech_downside_aware_growth_revision,2025-02-28,836.56755,343.38766,799.80904
nasdaq,new,nasdaq_tech_downside_aware_growth_revision,2025-03-31,747.82372,307.60308,706.51868
nasdaq,new,nasdaq_tech_downside_aware_growth_revision,2025-04-30,731.7429,283.7031,677.28454
nasdaq,new,nasdaq_tech_downside_aware_growth_revision,2025-05-30,804.8721,307.82727,744.39764
nasdaq,new,nasdaq_tech_downside_aware_growth_revision,2025-06-30,825.99918,322.47099,768.47959
nasdaq,new,nasdaq_tech_downside_aware_growth_revision,2025-07-31,837.31517,337.55574,818.43993
nasdaq,new,nasdaq_tech_downside_aware_growth_revision,2025-08-29,830.73006,350.05149,812.40772
nasdaq,new,nasdaq_tech_downside_aware_growth_revision,2025-09-30,868.37224,377.02855,855.03143
nasdaq,new,nasdaq_tech_downside_aware_growth_revision,2025-10-31,902.58633,393.32313,912.05645
nasdaq,new,nasdaq_tech_downside_aware_growth_revision,2025-11-28,885.55916,374.68228,895.44441
nasdaq,new,nasdaq_tech_downside_aware_growth_revision,2025-12-31,878.44837,380.35073,880.8564
nasdaq,new,nasdaq_tech_downside_aware_growth_revision,2026-01-30,906.83264,380.35178,874.92923
nasdaq,new,nasdaq_tech_downside_aware_growth_revision,2026-02-27,893.48279,375.39515,850.26297
nasdaq,new,nasdaq_tech_downside_aware_growth_revision,2026-03-31,876.83859,373.28391,830.53932
nasdaq,new,nasdaq_tech_downside_aware_growth_revision,2026-04-30,1026.00602,434.69222,950.24489
nasdaq,new,nasdaq_tech_downside_aware_growth_revision,2026-05-29,1129.26897,482.54558,1025.97034
nasdaq,new,nasdaq_tech_downside_aware_growth_revision,2026-06-30,1194.66614,471.85694,1015.89485
nasdaq,new,nasdaq_tech_downside_aware_growth_revision,2026-07-02,1140.42669,465.43799,1005.11388
nasdaq,new,nasdaq_ext_subset_quality_improvement_intangible_investment,2014-02-03,100.0,100.0,100.0
nasdaq,new,nasdaq_ext_subset_quality_improvement_intangible_investment,2014-02-28,109.17844,105.86041,105.09658
nasdaq,new,nasdaq_ext_subset_quality_improvement_intangible_investment,2014-03-31,104.30408,105.12831,102.88785
nasdaq,new,nasdaq_ext_subset_quality_improvement_intangible_investment,2014-04-30,101.39571,99.99362,102.15167
nasdaq,new,nasdaq_ext_subset_quality_improvement_intangible_investment,2014-05-30,110.2156,104.30641,108.75523
nasdaq,new,nasdaq_ext_subset_quality_improvement_intangible_investment,2014-06-30,114.65175,107.53521,111.67175
nasdaq,new,nasdaq_ext_subset_quality_improvement_intangible_investment,2014-07-31,116.95178,110.20722,115.66315
nasdaq,new,nasdaq_ext_subset_quality_improvement_intangible_investment,2014-08-29,125.90598,115.66671,123.45541
nasdaq,new,nasdaq_ext_subset_quality_improvement_intangible_investment,2014-09-30,128.93958,120.25803,127.86144
nasdaq,new,nasdaq_ext_subset_quality_improvement_intangible_investment,2014-10-31,133.48973,123.93263,132.30605
nasdaq,new,nasdaq_ext_subset_quality_improvement_intangible_investment,2014-11-28,137.2915,132.92476,138.90819
nasdaq,new,nasdaq_ext_subset_quality_improvement_intangible_investment,2014-12-31,137.98589,138.34383,139.92573
nasdaq,new,nasdaq_ext_subset_quality_improvement_intangible_investment,2015-01-30,145.59703,136.43992,147.29348
nasdaq,new,nasdaq_ext_subset_quality_improvement_intangible_investment,2015-02-27,160.96231,145.97759,159.23635
nasdaq,new,nasdaq_ext_subset_quality_improvement_intangible_investment,2015-03-31,164.52986,142.97895,161.71761
nasdaq,new,nasdaq_ext_subset_quality_improvement_intangible_investment,2015-04-30,157.23587,142.64014,157.79788
nasdaq,new,nasdaq_ext_subset_quality_improvement_intangible_investment,2015-05-29,166.96737,142.70646,165.38835
nasdaq,new,nasdaq_ext_subset_quality_improvement_intangible_investment,2015-06-30,160.55435,130.39824,158.89678
nasdaq,new,nasdaq_ext_subset_quality_improvement_intangible_investment,2015-07-31,165.73875,137.08881,167.47191
nasdaq,new,nasdaq_ext_subset_quality_improvement_intangible_investment,2015-08-31,151.76109,125.52329,154.63468
nasdaq,new,nasdaq_ext_subset_quality_improvement_intangible_investment,2015-09-30,151.22421,115.04161,152.33237
nasdaq,new,nasdaq_ext_subset_quality_improvement_intangible_investment,2015-10-30,165.65731,127.47418,170.77786
nasdaq,new,nasdaq_ext_subset_quality_improvement_intangible_investment,2015-11-30,175.3935,128.80988,179.30779
nasdaq,new,nasdaq_ext_subset_quality_improvement_intangible_investment,2015-12-31,167.80332,128.66062,171.68111
nasdaq,new,nasdaq_ext_subset_quality_improvement_intangible_investment,2016-01-29,165.43598,113.04086,160.84607
nasdaq,new,nasdaq_ext_subset_quality_improvement_intangible_investment,2016-02-29,167.27211,114.4744,157.79613
nasdaq,new,nasdaq_ext_subset_quality_improvement_intangible_investment,2016-03-31,169.65449,115.36602,160.82294
nasdaq,new,nasdaq_ext_subset_quality_improvement_intangible_investment,2016-04-29,169.68545,107.69541,154.6104
nasdaq,new,nasdaq_ext_subset_quality_improvement_intangible_investment,2016-05-31,187.64919,115.41448,166.49912
nasdaq,new,nasdaq_ext_subset_quality_improvement_intangible_investment,2016-06-30,188.93574,113.98834,163.11028
nasdaq,new,nasdaq_ext_subset_quality_improvement_intangible_investment,2016-07-29,201.59199,121.50534,174.04336
nasdaq,new,nasdaq_ext_subset_quality_improvement_intangible_investment,2016-08-31,204.08047,123.52125,176.497
nasdaq,new,nasdaq_ext_subset_quality_improvement_intangible_investment,2016-09-30,210.55288,123.58603,178.74956
nasdaq,new,nasdaq_ext_subset_quality_improvement_intangible_investment,2016-10-31,218.89592,129.54523,180.53985
nasdaq,new,nasdaq_ext_subset_quality_improvement_intangible_investment,2016-11-30,233.9058,134.4112,187.65971
nasdaq,new,nasdaq_ext_subset_quality_improvement_intangible_investment,2016-12-30,234.65864,134.44149,191.15764
nasdaq,new,nasdaq_ext_subset_quality_improvement_intangible_investment,2017-01-31,245.50734,138.09364,195.94147
nasdaq,new,nasdaq_ext_subset_quality_improvement_intangible_investment,2017-02-28,257.15716,145.83504,208.20535
nasdaq,new,nasdaq_ext_subset_quality_improvement_intangible_investment,2017-03-31,269.55394,145.05922,211.32718
nasdaq,new,nasdaq_ext_subset_quality_improvement_intangible_investment,2017-04-28,272.91838,143.40439,213.23112
nasdaq,new,nasdaq_ext_subset_quality_improvement_intangible_investment,2017-05-31,288.35599,143.65485,214.40832
nasdaq,new,nasdaq_ext_subset_quality_improvement_intangible_investment,2017-06-30,278.31116,135.98907,206.14937
nasdaq,new,nasdaq_ext_subset_quality_improvement_intangible_investment,2017-07-31,282.33605,132.13645,207.39372
nasdaq,new,nasdaq_ext_subset_quality_improvement_intangible_investment,2017-08-31,284.06687,131.3846,210.8354
nasdaq,new,nasdaq_ext_subset_quality_improvement_intangible_investment,2017-09-29,290.61521,132.38866,212.02966
nasdaq,new,nasdaq_ext_subset_quality_improvement_intangible_investment,2017-10-31,304.00396,136.7167,225.63756
nasdaq,new,nasdaq_ext_subset_quality_improvement_intangible_investment,2017-11-30,292.24465,143.22864,224.86963
nasdaq,new,nasdaq_ext_subset_quality_improvement_intangible_investment,2017-12-29,291.22584,142.89553,224.36384
nasdaq,new,nasdaq_ext_subset_quality_improvement_intangible_investment,2018-01-31,310.9014,148.93577,234.7976
nasdaq,new,nasdaq_ext_subset_quality_improvement_intangible_investment,2018-02-28,306.93854,145.76843,237.56158
nasdaq,new,nasdaq_ext_subset_quality_improvement_intangible_investment,2018-03-29,301.93643,136.59159,226.48975
nasdaq,new,nasdaq_ext_subset_quality_improvement_intangible_investment,2018-04-30,297.93658,138.08024,231.62839
nasdaq,new,nasdaq_ext_subset_quality_improvement_intangible_investment,2018-05-31,327.68248,150.53188,254.03294
nasdaq,new,nasdaq_ext_subset_quality_improvement_intangible_investment,2018-06-29,321.94903,151.52779,256.18577
nasdaq,new,nasdaq_ext_subset_quality_improvement_intangible_investment,2018-07-31,334.89873,162.19706,262.99743
nasdaq,new,nasdaq_ext_subset_quality_improvement_intangible_investment,2018-08-31,345.50172,170.16832,281.92334
nasdaq,new,nasdaq_ext_subset_quality_improvement_intangible_investment,2018-09-28,342.48586,170.39454,281.97278
nasdaq,new,nasdaq_ext_subset_quality_improvement_intangible_investment,2018-10-31,309.50465,157.77999,265.02456
nasdaq,new,nasdaq_ext_subset_quality_improvement_intangible_investment,2018-11-30,313.61055,160.08704,263.57074
nasdaq,new,nasdaq_ext_subset_quality_improvement_intangible_investment,2018-12-31,275.16004,144.49659,237.80151
nasdaq,new,nasdaq_ext_subset_quality_improvement_intangible_investment,2019-01-31,303.91864,152.58854,257.9287
nasdaq,new,nasdaq_ext_subset_quality_improvement_intangible_investment,2019-02-28,324.66844,156.81802,268.42459
nasdaq,new,nasdaq_ext_subset_quality_improvement_intangible_investment,2019-03-29,343.44444,162.47059,283.62831
nasdaq,new,nasdaq_ext_subset_quality_improvement_intangible_investment,2019-04-30,371.31915,180.06265,300.09474
nasdaq,new,nasdaq_ext_subset_quality_improvement_intangible_investment,2019-05-31,332.01617,166.08861,276.82652
nasdaq,new,nasdaq_ext_subset_quality_improvement_intangible_investment,2019-06-28,356.3344,172.7784,292.44766
nasdaq,new,nasdaq_ext_subset_quality_improvement_intangible_investment,2019-07-31,372.06327,180.20293,307.34559
nasdaq,new,nasdaq_ext_subset_quality_improvement_intangible_investment,2019-08-30,365.84657,179.68929,304.8707
nasdaq,new,nasdaq_ext_subset_quality_improvement_intangible_investment,2019-09-30,379.35371,182.11973,311.51023
nasdaq,new,nasdaq_ext_subset_quality_improvement_intangible_investment,2019-10-31,389.44313,185.46242,318.22048
nasdaq,new,nasdaq_ext_subset_quality_improvement_intangible_investment,2019-11-29,404.58788,192.74041,335.88396
nasdaq,new,nasdaq_ext_subset_quality_improvement_intangible_investment,2019-12-31,421.94352,193.76322,344.29432
nasdaq,new,nasdaq_ext_subset_quality_improvement_intangible_investment,2020-01-31,437.49514,202.33692,358.94074
nasdaq,new,nasdaq_ext_subset_quality_improvement_intangible_investment,2020-02-28,429.91963,189.89988,339.54815
nasdaq,new,nasdaq_ext_subset_quality_improvement_intangible_investment,2020-03-31,387.25489,181.28148,315.34535
nasdaq,new,nasdaq_ext_subset_quality_improvement_intangible_investment,2020-04-30,438.21809,206.89244,364.81405
nasdaq,new,nasdaq_ext_subset_quality_improvement_intangible_investment,2020-05-29,466.58098,214.78196,380.97776
nasdaq,new,nasdaq_ext_subset_quality_improvement_intangible_investment,2020-06-30,493.9155,220.94125,401.91136
nasdaq,new,nasdaq_ext_subset_quality_improvement_intangible_investment,2020-07-31,492.41962,226.05403,410.61494
nasdaq,new,nasdaq_ext_subset_quality_improvement_intangible_investment,2020-08-31,531.22322,240.82232,452.58626
nasdaq,new,nasdaq_ext_subset_quality_improvement_intangible_investment,2020-09-30,525.07283,232.29533,432.2818
nasdaq,new,nasdaq_ext_subset_quality_improvement_intangible_investment,2020-10-30,508.03762,229.92769,420.55517
nasdaq,new,nasdaq_ext_subset_quality_improvement_intangible_investment,2020-11-30,560.73522,245.89048,451.48021
nasdaq,new,nasdaq_ext_subset_quality_improvement_intangible_investment,2020-12-31,567.40589,247.09679,466.23843
nasdaq,new,nasdaq_ext_subset_quality_improvement_intangible_investment,2021-01-29,575.48439,252.06774,472.11717
nasdaq,new,nasdaq_ext_subset_quality_improvement_intangible_investment,2021-02-26,612.49899,246.69994,471.3767
nasdaq,new,nasdaq_ext_subset_quality_improvement_intangible_investment,2021-03-31,638.42731,261.20023,498.02266
nasdaq,new,nasdaq_ext_subset_quality_improvement_intangible_investment,2021-04-30,660.28831,272.66771,517.42737
nasdaq,new,nasdaq_ext_subset_quality_improvement_intangible_investment,2021-05-31,670.996,263.90738,502.43328
nasdaq,new,nasdaq_ext_subset_quality_improvement_intangible_investment,2021-06-30,736.19964,283.69148,550.44964
nasdaq,new,nasdaq_ext_subset_quality_improvement_intangible_investment,2021-07-30,734.89299,291.36404,567.41431
nasdaq,new,nasdaq_ext_subset_quality_improvement_intangible_investment,2021-08-31,782.53253,300.88524,596.20524
nasdaq,new,nasdaq_ext_subset_quality_improvement_intangible_investment,2021-09-30,746.83326,285.84597,570.11705
nasdaq,new,nasdaq_ext_subset_quality_improvement_intangible_investment,2021-10-29,833.68719,298.89442,615.00593
nasdaq,new,nasdaq_ext_subset_quality_improvement_intangible_investment,2021-11-30,939.57972,318.9936,650.1422
nasdaq,new,nasdaq_ext_subset_quality_improvement_intangible_investment,2021-12-31,929.10186,325.70552,661.58556
nasdaq,new,nasdaq_ext_subset_quality_improvement_intangible_investment,2022-01-31,842.08513,312.88477,624.19005
nasdaq,new,nasdaq_ext_subset_quality_improvement_intangible_investment,2022-02-28,818.05284,309.14656,594.00493
nasdaq,new,nasdaq_ext_subset_quality_improvement_intangible_investment,2022-03-31,866.52882,315.19666,627.37514
nasdaq,new,nasdaq_ext_subset_quality_improvement_intangible_investment,2022-04-29,772.71056,289.63323,574.82693
nasdaq,new,nasdaq_ext_subset_quality_improvement_intangible_investment,2022-05-31,772.08554,282.02164,555.37537
nasdaq,new,nasdaq_ext_subset_quality_improvement_intangible_investment,2022-06-30,704.15969,269.50812,518.75514
nasdaq,new,nasdaq_ext_subset_quality_improvement_intangible_investment,2022-07-29,804.04722,304.41201,600.38582
nasdaq,new,nasdaq_ext_subset_quality_improvement_intangible_investment,2022-08-31,745.53135,290.07183,577.06771
nasdaq,new,nasdaq_ext_subset_quality_improvement_intangible_investment,2022-09-30,672.96938,266.9681,528.51478
nasdaq,new,nasdaq_ext_subset_quality_improvement_intangible_investment,2022-10-31,700.09747,273.30431,546.41238
nasdaq,new,nasdaq_ext_subset_quality_improvement_intangible_investment,2022-11-30,768.09404,275.94217,549.55236
nasdaq,new,nasdaq_ext_subset_quality_improvement_intangible_investment,2022-12-30,680.16762,239.65706,480.67663
nasdaq,new,nasdaq_ext_subset_quality_improvement_intangible_investment,2023-01-31,728.81379,256.79761,519.69969
nasdaq,new,nasdaq_ext_subset_quality_improvement_intangible_investment,2023-02-28,747.51605,258.3487,528.92302
nasdaq,new,nasdaq_ext_subset_quality_improvement_intangible_investment,2023-03-31,758.78344,260.81821,558.7796
nasdaq,new,nasdaq_ext_subset_quality_improvement_intangible_investment,2023-04-28,727.80148,250.89476,553.33144
nasdaq,new,nasdaq_ext_subset_quality_improvement_intangible_investment,2023-05-31,752.76357,260.67706,608.10617
nasdaq,new,nasdaq_ext_subset_quality_improvement_intangible_investment,2023-06-30,769.80341,262.22768,632.309
nasdaq,new,nasdaq_ext_subset_quality_improvement_intangible_investment,2023-07-31,800.25395,270.31592,649.3609
nasdaq,new,nasdaq_ext_subset_quality_improvement_intangible_investment,2023-08-31,805.09678,263.85986,649.76767
nasdaq,new,nasdaq_ext_subset_quality_improvement_intangible_investment,2023-09-29,793.80022,260.07507,631.41302
nasdaq,new,nasdaq_ext_subset_quality_improvement_intangible_investment,2023-10-31,775.61933,250.17585,620.9274
nasdaq,new,nasdaq_ext_subset_quality_improvement_intangible_investment,2023-11-30,816.52259,259.74669,664.57786
nasdaq,new,nasdaq_ext_subset_quality_improvement_intangible_investment,2023-12-29,840.26455,274.44928,688.0566
nasdaq,new,nasdaq_ext_subset_quality_improvement_intangible_investment,2024-01-31,845.89501,266.4184,710.52766
nasdaq,new,nasdaq_ext_subset_quality_improvement_intangible_investment,2024-02-29,939.09174,271.42789,756.80627
nasdaq,new,nasdaq_ext_subset_quality_improvement_intangible_investment,2024-03-28,961.92739,273.50877,772.91667
nasdaq,new,nasdaq_ext_subset_quality_improvement_intangible_investment,2024-04-30,924.36555,250.78868,746.90237
nasdaq,new,nasdaq_ext_subset_quality_improvement_intangible_investment,2024-05-31,961.3411,262.88342,789.38317
nasdaq,new,nasdaq_ext_subset_quality_improvement_intangible_investment,2024-06-28,1021.43376,257.74783,850.65667
nasdaq,new,nasdaq_ext_subset_quality_improvement_intangible_investment,2024-07-31,1008.39718,264.00854,833.26112
nasdaq,new,nasdaq_ext_subset_quality_improvement_intangible_investment,2024-08-30,999.97156,241.88029,822.86426
nasdaq,new,nasdaq_ext_subset_quality_improvement_intangible_investment,2024-09-30,1038.58871,237.21122,837.76925
nasdaq,new,nasdaq_ext_subset_quality_improvement_intangible_investment,2024-10-31,1092.9893,236.36995,856.18312
nasdaq,new,nasdaq_ext_subset_quality_improvement_intangible_investment,2024-11-29,1232.26796,259.842,932.93673
nasdaq,new,nasdaq_ext_subset_quality_improvement_intangible_investment,2024-12-31,1216.22416,251.52074,956.33513
nasdaq,new,nasdaq_ext_subset_quality_improvement_intangible_investment,2025-01-31,1295.28912,254.29556,963.0314
nasdaq,new,nasdaq_ext_subset_quality_improvement_intangible_investment,2025-02-28,1222.12417,242.30472,925.97004
nasdaq,new,nasdaq_ext_subset_quality_improvement_intangible_investment,2025-03-31,1067.67133,215.41651,817.96416
nasdaq,new,nasdaq_ext_subset_quality_improvement_intangible_investment,2025-04-30,1041.69706,200.22028,784.11866
nasdaq,new,nasdaq_ext_subset_quality_improvement_intangible_investment,2025-05-30,1186.58115,215.15924,861.8181
nasdaq,new,nasdaq_ext_subset_quality_improvement_intangible_investment,2025-06-30,1222.43384,225.45109,889.6987
nasdaq,new,nasdaq_ext_subset_quality_improvement_intangible_investment,2025-07-31,1274.14284,236.34895,947.53974
nasdaq,new,nasdaq_ext_subset_quality_improvement_intangible_investment,2025-08-29,1289.749,241.71191,940.55602
nasdaq,new,nasdaq_ext_subset_quality_improvement_intangible_investment,2025-09-30,1373.81301,253.19354,989.90314
nasdaq,new,nasdaq_ext_subset_quality_improvement_intangible_investment,2025-10-31,1468.68051,264.53577,1055.92322
nasdaq,new,nasdaq_ext_subset_quality_improvement_intangible_investment,2025-11-28,1394.59525,253.87886,1036.69082
nasdaq,new,nasdaq_ext_subset_quality_improvement_intangible_investment,2025-12-31,1389.67364,253.89977,1019.80172
nasdaq,new,nasdaq_ext_subset_quality_improvement_intangible_investment,2026-01-30,1364.56859,261.59672,1012.93959
nasdaq,new,nasdaq_ext_subset_quality_improvement_intangible_investment,2026-02-27,1343.04203,258.77931,984.38251
nasdaq,new,nasdaq_ext_subset_quality_improvement_intangible_investment,2026-03-31,1320.76968,252.89203,961.54767
nasdaq,new,nasdaq_ext_subset_quality_improvement_intangible_investment,2026-04-30,1549.41974,296.98573,1100.13547
nasdaq,new,nasdaq_ext_subset_quality_improvement_intangible_investment,2026-05-29,1726.98944,325.0853,1187.80577
nasdaq,new,nasdaq_ext_subset_quality_improvement_intangible_investment,2026-06-30,1797.09218,323.97744,1176.14098
nasdaq,new,nasdaq_ext_subset_quality_improvement_intangible_investment,2026-07-02,1726.19844,319.04496,1163.65943
nasdaq,new,nasdaq_ext_family_subset_480bdc4bdf2a,2014-01-02,100.0,100.0,100.0
nasdaq,new,nasdaq_ext_family_subset_480bdc4bdf2a,2014-01-31,104.94134,99.5301,100.62103
nasdaq,new,nasdaq_ext_family_subset_480bdc4bdf2a,2014-02-28,111.24968,103.19007,103.10837
nasdaq,new,nasdaq_ext_family_subset_480bdc4bdf2a,2014-03-31,105.06697,101.79564,100.94142
nasdaq,new,nasdaq_ext_family_subset_480bdc4bdf2a,2014-04-30,104.34771,100.04391,100.21917
nasdaq,new,nasdaq_ext_family_subset_480bdc4bdf2a,2014-05-30,112.78072,104.6879,106.69781
nasdaq,new,nasdaq_ext_family_subset_480bdc4bdf2a,2014-06-30,117.32575,110.89059,109.55914
nasdaq,new,nasdaq_ext_family_subset_480bdc4bdf2a,2014-07-31,119.72594,114.52957,113.47504
nasdaq,new,nasdaq_ext_family_subset_480bdc4bdf2a,2014-08-29,128.91343,119.29813,121.11989
nasdaq,new,nasdaq_ext_family_subset_480bdc4bdf2a,2014-09-30,133.03038,123.48176,125.44257
nasdaq,new,nasdaq_ext_family_subset_480bdc4bdf2a,2014-10-31,137.18042,125.58841,129.80309
nasdaq,new,nasdaq_ext_family_subset_480bdc4bdf2a,2014-11-28,144.02683,134.78003,136.28033
nasdaq,new,nasdaq_ext_family_subset_480bdc4bdf2a,2014-12-31,144.53149,138.76478,137.27863
nasdaq,new,nasdaq_ext_family_subset_480bdc4bdf2a,2015-01-30,154.95187,139.3045,144.50698
nasdaq,new,nasdaq_ext_family_subset_480bdc4bdf2a,2015-02-27,170.38193,149.73982,156.22393
nasdaq,new,nasdaq_ext_family_subset_480bdc4bdf2a,2015-03-31,175.07014,147.56245,158.65825
nasdaq,new,nasdaq_ext_family_subset_480bdc4bdf2a,2015-04-30,164.40079,146.71789,154.81267
nasdaq,new,nasdaq_ext_family_subset_480bdc4bdf2a,2015-05-29,176.2782,147.70514,162.25955
nasdaq,new,nasdaq_ext_family_subset_480bdc4bdf2a,2015-06-30,170.19909,137.42434,155.89077
nasdaq,new,nasdaq_ext_family_subset_480bdc4bdf2a,2015-07-31,176.32895,143.77056,164.30368
nasdaq,new,nasdaq_ext_family_subset_480bdc4bdf2a,2015-08-31,164.32401,133.25735,151.70931
nasdaq,new,nasdaq_ext_family_subset_480bdc4bdf2a,2015-09-30,162.29373,126.62208,149.45055
nasdaq,new,nasdaq_ext_family_subset_480bdc4bdf2a,2015-10-30,178.54835,135.08047,167.54709
nasdaq,new,nasdaq_ext_family_subset_480bdc4bdf2a,2015-11-30,187.11026,143.17605,175.91566
nasdaq,new,nasdaq_ext_family_subset_480bdc4bdf2a,2015-12-31,177.6435,138.28806,168.43326
nasdaq,new,nasdaq_ext_family_subset_480bdc4bdf2a,2016-01-29,167.10672,121.06204,157.80319
nasdaq,new,nasdaq_ext_family_subset_480bdc4bdf2a,2016-02-29,165.17826,124.47424,154.81095
nasdaq,new,nasdaq_ext_family_subset_480bdc4bdf2a,2016-03-31,167.07387,127.90161,157.7805
nasdaq,new,nasdaq_ext_family_subset_480bdc4bdf2a,2016-04-29,166.05301,117.09154,151.68549
nasdaq,new,nasdaq_ext_family_subset_480bdc4bdf2a,2016-05-31,184.90657,125.77783,163.3493
nasdaq,new,nasdaq_ext_family_subset_480bdc4bdf2a,2016-06-30,185.78241,124.02099,160.02457
nasdaq,new,nasdaq_ext_family_subset_480bdc4bdf2a,2016-07-29,196.60187,131.50565,170.75081
nasdaq,new,nasdaq_ext_family_subset_480bdc4bdf2a,2016-08-31,203.48487,137.34636,173.15804
nasdaq,new,nasdaq_ext_family_subset_480bdc4bdf2a,2016-09-30,209.26028,136.881,175.36798
nasdaq,new,nasdaq_ext_family_subset_480bdc4bdf2a,2016-10-31,212.4006,141.12109,177.12441
nasdaq,new,nasdaq_ext_family_subset_480bdc4bdf2a,2016-11-30,238.46267,143.94063,184.10958
nasdaq,new,nasdaq_ext_family_subset_480bdc4bdf2a,2016-12-30,245.77326,142.74566,187.54133
nasdaq,new,nasdaq_ext_family_subset_480bdc4bdf2a,2017-01-31,256.42606,145.18933,192.23466
nasdaq,new,nasdaq_ext_family_subset_480bdc4bdf2a,2017-02-28,269.64002,152.6463,204.26653
nasdaq,new,nasdaq_ext_family_subset_480bdc4bdf2a,2017-03-31,287.35098,151.25437,207.32931
nasdaq,new,nasdaq_ext_family_subset_480bdc4bdf2a,2017-04-28,287.9147,149.77968,209.19722
nasdaq,new,nasdaq_ext_family_subset_480bdc4bdf2a,2017-05-31,297.5419,148.37399,210.35215
nasdaq,new,nasdaq_ext_family_subset_480bdc4bdf2a,2017-06-30,289.4379,144.43271,202.24944
nasdaq,new,nasdaq_ext_family_subset_480bdc4bdf2a,2017-07-31,297.796,137.98232,203.47025
nasdaq,new,nasdaq_ext_family_subset_480bdc4bdf2a,2017-08-31,300.33216,138.25247,206.84682
nasdaq,new,nasdaq_ext_family_subset_480bdc4bdf2a,2017-09-29,318.03176,140.99559,208.01849
nasdaq,new,nasdaq_ext_family_subset_480bdc4bdf2a,2017-10-31,341.84166,143.50008,221.36896
nasdaq,new,nasdaq_ext_family_subset_480bdc4bdf2a,2017-11-30,330.36484,151.92026,220.61555
nasdaq,new,nasdaq_ext_family_subset_480bdc4bdf2a,2017-12-29,324.38326,154.62923,220.11934
nasdaq,new,nasdaq_ext_family_subset_480bdc4bdf2a,2018-01-31,342.52348,161.11909,230.35571
nasdaq,new,nasdaq_ext_family_subset_480bdc4bdf2a,2018-02-28,348.6253,161.91773,233.0674
nasdaq,new,nasdaq_ext_family_subset_480bdc4bdf2a,2018-03-29,341.77812,155.02033,222.20503
nasdaq,new,nasdaq_ext_family_subset_480bdc4bdf2a,2018-04-30,327.17156,157.7048,227.24645
nasdaq,new,nasdaq_ext_family_subset_480bdc4bdf2a,2018-05-31,366.02366,165.90083,249.22716
nasdaq,new,nasdaq_ext_family_subset_480bdc4bdf2a,2018-06-29,352.89716,165.49351,251.33926
nasdaq,new,nasdaq_ext_family_subset_480bdc4bdf2a,2018-07-31,360.00497,171.36802,258.02206
nasdaq,new,nasdaq_ext_family_subset_480bdc4bdf2a,2018-08-31,363.4671,181.38845,276.58992
nasdaq,new,nasdaq_ext_family_subset_480bdc4bdf2a,2018-09-28,353.93365,182.23684,276.63843
nasdaq,new,nasdaq_ext_family_subset_480bdc4bdf2a,2018-10-31,315.01516,174.25105,260.01084
nasdaq,new,nasdaq_ext_family_subset_480bdc4bdf2a,2018-11-30,316.82184,178.05561,258.58452
nasdaq,new,nasdaq_ext_family_subset_480bdc4bdf2a,2018-12-31,283.12714,160.57373,233.3028
nasdaq,new,nasdaq_ext_family_subset_480bdc4bdf2a,2019-01-31,320.30749,170.24066,253.04922
nasdaq,new,nasdaq_ext_family_subset_480bdc4bdf2a,2019-02-28,341.1519,181.89976,263.34654
nasdaq,new,nasdaq_ext_family_subset_480bdc4bdf2a,2019-03-29,364.10366,188.07839,278.26264
nasdaq,new,nasdaq_ext_family_subset_480bdc4bdf2a,2019-04-30,383.91533,206.87589,294.41756
nasdaq,new,nasdaq_ext_family_subset_480bdc4bdf2a,2019-05-31,338.88176,189.9148,271.58953
nasdaq,new,nasdaq_ext_family_subset_480bdc4bdf2a,2019-06-28,369.16127,201.50291,286.91515
nasdaq,new,nasdaq_ext_family_subset_480bdc4bdf2a,2019-07-31,392.2049,209.10202,301.53124
nasdaq,new,nasdaq_ext_family_subset_480bdc4bdf2a,2019-08-30,386.16416,205.4265,299.10317
nasdaq,new,nasdaq_ext_family_subset_480bdc4bdf2a,2019-09-30,389.22211,209.83458,305.61709
nasdaq,new,nasdaq_ext_family_subset_480bdc4bdf2a,2019-10-31,407.63578,209.44787,312.2004
nasdaq,new,nasdaq_ext_family_subset_480bdc4bdf2a,2019-11-29,430.71511,213.78493,329.52973
nasdaq,new,nasdaq_ext_family_subset_480bdc4bdf2a,2019-12-31,446.51545,215.64545,337.78097
nasdaq,new,nasdaq_ext_family_subset_480bdc4bdf2a,2020-01-31,452.12702,217.33012,352.15031
nasdaq,new,nasdaq_ext_family_subset_480bdc4bdf2a,2020-02-28,446.9741,201.99521,333.12459
nasdaq,new,nasdaq_ext_family_subset_480bdc4bdf2a,2020-03-31,383.271,196.55725,309.37967
nasdaq,new,nasdaq_ext_family_subset_480bdc4bdf2a,2020-04-30,433.42303,218.62918,357.91252
nasdaq,new,nasdaq_ext_family_subset_480bdc4bdf2a,2020-05-29,485.45523,233.53375,373.77044
nasdaq,new,nasdaq_ext_family_subset_480bdc4bdf2a,2020-06-30,521.2599,237.00537,394.30802
nasdaq,new,nasdaq_ext_family_subset_480bdc4bdf2a,2020-07-31,530.59514,236.18241,402.84695
nasdaq,new,nasdaq_ext_family_subset_480bdc4bdf2a,2020-08-31,551.39211,241.68959,444.02426
nasdaq,new,nasdaq_ext_family_subset_480bdc4bdf2a,2020-09-30,557.09636,238.51121,424.10392
nasdaq,new,nasdaq_ext_family_subset_480bdc4bdf2a,2020-10-30,552.96325,227.86819,412.59913
nasdaq,new,nasdaq_ext_family_subset_480bdc4bdf2a,2020-11-30,644.81784,252.34525,442.93913
nasdaq,new,nasdaq_ext_family_subset_480bdc4bdf2a,2020-12-31,664.53162,255.36676,457.41815
nasdaq,new,nasdaq_ext_family_subset_480bdc4bdf2a,2021-01-29,680.42169,261.42662,463.18568
nasdaq,new,nasdaq_ext_family_subset_480bdc4bdf2a,2021-02-26,738.08517,256.69287,462.45922
nasdaq,new,nasdaq_ext_family_subset_480bdc4bdf2a,2021-03-31,761.2612,280.24586,488.60109
nasdaq,new,nasdaq_ext_family_subset_480bdc4bdf2a,2021-04-30,771.23835,282.766,507.6387
nasdaq,new,nasdaq_ext_family_subset_480bdc4bdf2a,2021-05-31,771.35928,280.50103,492.92827
nasdaq,new,nasdaq_ext_family_subset_480bdc4bdf2a,2021-06-30,848.24806,297.75191,540.03626
nasdaq,new,nasdaq_ext_family_subset_480bdc4bdf2a,2021-07-30,832.6219,302.71753,556.68
nasdaq,new,nasdaq_ext_family_subset_480bdc4bdf2a,2021-08-31,878.27511,312.06678,584.92626
nasdaq,new,nasdaq_ext_family_subset_480bdc4bdf2a,2021-09-30,841.94129,297.14074,559.3316
nasdaq,new,nasdaq_ext_family_subset_480bdc4bdf2a,2021-10-29,890.30043,306.59047,603.37128
nasdaq,new,nasdaq_ext_family_subset_480bdc4bdf2a,2021-11-30,1010.27569,333.22225,637.84284
nasdaq,new,nasdaq_ext_family_subset_480bdc4bdf2a,2021-12-31,1032.12486,350.43543,649.06972
nasdaq,new,nasdaq_ext_family_subset_480bdc4bdf2a,2022-01-31,907.91421,333.38053,612.38166
nasdaq,new,nasdaq_ext_family_subset_480bdc4bdf2a,2022-02-28,890.35723,323.17623,582.76758
nasdaq,new,nasdaq_ext_family_subset_480bdc4bdf2a,2022-03-31,931.69991,321.90062,615.50649
nasdaq,new,nasdaq_ext_family_subset_480bdc4bdf2a,2022-04-29,802.69334,306.71989,563.95238
nasdaq,new,nasdaq_ext_family_subset_480bdc4bdf2a,2022-05-31,809.00689,296.72008,544.86881
nasdaq,new,nasdaq_ext_family_subset_480bdc4bdf2a,2022-06-30,690.42054,281.24167,508.94136
nasdaq,new,nasdaq_ext_family_subset_480bdc4bdf2a,2022-07-29,812.11326,312.37214,589.02775
nasdaq,new,nasdaq_ext_family_subset_480bdc4bdf2a,2022-08-31,748.78545,299.15389,566.15078
nasdaq,new,nasdaq_ext_family_subset_480bdc4bdf2a,2022-09-30,677.95057,275.6407,518.51636
nasdaq,new,nasdaq_ext_family_subset_480bdc4bdf2a,2022-10-31,724.09155,296.31144,536.07537
nasdaq,new,nasdaq_ext_family_subset_480bdc4bdf2a,2022-11-30,812.12509,306.95664,539.15596
nasdaq,new,nasdaq_ext_family_subset_480bdc4bdf2a,2022-12-30,717.68468,276.29716,471.58321
nasdaq,new,nasdaq_ext_family_subset_480bdc4bdf2a,2023-01-31,756.04282,299.75906,509.86803
nasdaq,new,nasdaq_ext_family_subset_480bdc4bdf2a,2023-02-28,774.29217,303.24061,518.91688
nasdaq,new,nasdaq_ext_family_subset_480bdc4bdf2a,2023-03-31,776.23974,306.21315,548.20864
nasdaq,new,nasdaq_ext_family_subset_480bdc4bdf2a,2023-04-28,742.27152,294.08301,542.86354
nasdaq,new,nasdaq_ext_family_subset_480bdc4bdf2a,2023-05-31,771.39221,309.75316,596.60204
nasdaq,new,nasdaq_ext_family_subset_480bdc4bdf2a,2023-06-30,793.1452,313.45059,620.34701
nasdaq,new,nasdaq_ext_family_subset_480bdc4bdf2a,2023-07-31,828.46182,321.27406,637.07633
nasdaq,new,nasdaq_ext_family_subset_480bdc4bdf2a,2023-08-31,827.68684,312.38795,637.4754
nasdaq,new,nasdaq_ext_family_subset_480bdc4bdf2a,2023-09-29,821.67035,309.85599,619.46798
nasdaq,new,nasdaq_ext_family_subset_480bdc4bdf2a,2023-10-31,803.97987,297.34975,609.18073
nasdaq,new,nasdaq_ext_family_subset_480bdc4bdf2a,2023-11-30,856.36172,306.36218,652.00541
nasdaq,new,nasdaq_ext_family_subset_480bdc4bdf2a,2023-12-29,880.01713,324.42559,675.03998
nasdaq,new,nasdaq_ext_family_subset_480bdc4bdf2a,2024-01-31,892.35915,311.2038,697.08593
nasdaq,new,nasdaq_ext_family_subset_480bdc4bdf2a,2024-02-29,972.99281,317.99105,742.48905
nasdaq,new,nasdaq_ext_family_subset_480bdc4bdf2a,2024-03-28,983.55608,329.27813,758.29467
nasdaq,new,nasdaq_ext_family_subset_480bdc4bdf2a,2024-04-30,931.56916,310.49602,732.77251
nasdaq,new,nasdaq_ext_family_subset_480bdc4bdf2a,2024-05-31,954.79924,322.71394,774.44966
nasdaq,new,nasdaq_ext_family_subset_480bdc4bdf2a,2024-06-28,1009.71558,322.47136,834.56399
nasdaq,new,nasdaq_ext_family_subset_480bdc4bdf2a,2024-07-31,984.00405,333.96444,817.49753
nasdaq,new,nasdaq_ext_family_subset_480bdc4bdf2a,2024-08-30,970.33346,304.1363,807.29735
nasdaq,new,nasdaq_ext_family_subset_480bdc4bdf2a,2024-09-30,1009.54426,300.98265,821.92037
nasdaq,new,nasdaq_ext_family_subset_480bdc4bdf2a,2024-10-31,1045.91411,297.70304,839.98589
nasdaq,new,nasdaq_ext_family_subset_480bdc4bdf2a,2024-11-29,1205.64111,326.94606,915.28748
nasdaq,new,nasdaq_ext_family_subset_480bdc4bdf2a,2024-12-31,1206.83391,317.89177,938.24323
nasdaq,new,nasdaq_ext_family_subset_480bdc4bdf2a,2025-01-31,1242.03373,318.50895,944.81282
nasdaq,new,nasdaq_ext_family_subset_480bdc4bdf2a,2025-02-28,1175.84357,308.85708,908.45258
nasdaq,new,nasdaq_ext_family_subset_480bdc4bdf2a,2025-03-31,1022.37913,274.80156,802.48995
nasdaq,new,nasdaq_ext_family_subset_480bdc4bdf2a,2025-04-30,1002.32132,254.98395,769.28474
nasdaq,new,nasdaq_ext_family_subset_480bdc4bdf2a,2025-05-30,1146.73701,273.61662,845.51426
nasdaq,new,nasdaq_ext_family_subset_480bdc4bdf2a,2025-06-30,1186.29449,287.28503,872.86743
nasdaq,new,nasdaq_ext_family_subset_480bdc4bdf2a,2025-07-31,1220.15872,298.71305,929.61423
nasdaq,new,nasdaq_ext_family_subset_480bdc4bdf2a,2025-08-29,1237.77796,310.16067,922.76263
nasdaq,new,nasdaq_ext_family_subset_480bdc4bdf2a,2025-09-30,1319.61543,326.17752,971.1762
nasdaq,new,nasdaq_ext_family_subset_480bdc4bdf2a,2025-10-31,1394.63543,339.64163,1035.94732
nasdaq,new,nasdaq_ext_family_subset_480bdc4bdf2a,2025-11-28,1350.30121,329.39623,1017.07876
nasdaq,new,nasdaq_ext_family_subset_480bdc4bdf2a,2025-12-31,1363.33042,333.74303,1000.50916
nasdaq,new,nasdaq_ext_family_subset_480bdc4bdf2a,2026-01-30,1425.94511,345.17708,993.77686
nasdaq,new,nasdaq_ext_family_subset_480bdc4bdf2a,2026-02-27,1427.13594,344.36898,965.76001
nasdaq,new,nasdaq_ext_family_subset_480bdc4bdf2a,2026-03-31,1381.50899,339.96372,943.35716
nasdaq,new,nasdaq_ext_family_subset_480bdc4bdf2a,2026-04-30,1711.98143,388.46001,1079.32316
nasdaq,new,nasdaq_ext_family_subset_480bdc4bdf2a,2026-05-29,1919.62582,426.58655,1165.33492
nasdaq,new,nasdaq_ext_family_subset_480bdc4bdf2a,2026-06-30,2065.87403,410.78919,1153.8908
nasdaq,new,nasdaq_ext_family_subset_480bdc4bdf2a,2026-07-02,1934.19357,407.909,1141.64538
nasdaq,new,nasdaq_ext_family_subset_2b9206da665a,2014-02-03,100.0,100.0,100.0
nasdaq,new,nasdaq_ext_family_subset_2b9206da665a,2014-02-28,107.99759,105.3124,105.09658
nasdaq,new,nasdaq_ext_family_subset_2b9206da665a,2014-03-31,101.49304,105.22824,102.88785
nasdaq,new,nasdaq_ext_family_subset_2b9206da665a,2014-04-30,101.46024,102.61265,102.15167
nasdaq,new,nasdaq_ext_family_subset_2b9206da665a,2014-05-30,109.73456,108.11648,108.75523
nasdaq,new,nasdaq_ext_family_subset_2b9206da665a,2014-06-30,113.54846,113.33378,111.67175
nasdaq,new,nasdaq_ext_family_subset_2b9206da665a,2014-07-31,115.99807,116.97939,115.66315
nasdaq,new,nasdaq_ext_family_subset_2b9206da665a,2014-08-29,123.26183,122.56259,123.45541
nasdaq,new,nasdaq_ext_family_subset_2b9206da665a,2014-09-30,127.57518,127.48273,127.86144
nasdaq,new,nasdaq_ext_family_subset_2b9206da665a,2014-10-31,131.14211,130.89709,132.30605
nasdaq,new,nasdaq_ext_family_subset_2b9206da665a,2014-11-28,137.90745,140.22943,138.90819
nasdaq,new,nasdaq_ext_family_subset_2b9206da665a,2014-12-31,138.72461,143.47081,139.92573
nasdaq,new,nasdaq_ext_family_subset_2b9206da665a,2015-01-30,147.75787,141.15577,147.29348
nasdaq,new,nasdaq_ext_family_subset_2b9206da665a,2015-02-27,163.34963,152.23765,159.23635
nasdaq,new,nasdaq_ext_family_subset_2b9206da665a,2015-03-31,166.53865,149.315,161.71761
nasdaq,new,nasdaq_ext_family_subset_2b9206da665a,2015-04-30,156.05252,150.21595,157.79788
nasdaq,new,nasdaq_ext_family_subset_2b9206da665a,2015-05-29,165.9464,150.78346,165.38835
nasdaq,new,nasdaq_ext_family_subset_2b9206da665a,2015-06-30,160.30856,138.65152,158.89678
nasdaq,new,nasdaq_ext_family_subset_2b9206da665a,2015-07-31,166.7156,143.08896,167.47191
nasdaq,new,nasdaq_ext_family_subset_2b9206da665a,2015-08-31,154.68646,131.75122,154.63468
nasdaq,new,nasdaq_ext_family_subset_2b9206da665a,2015-09-30,153.5462,124.213,152.33237
nasdaq,new,nasdaq_ext_family_subset_2b9206da665a,2015-10-30,171.73595,136.38479,170.77786
nasdaq,new,nasdaq_ext_family_subset_2b9206da665a,2015-11-30,177.86977,144.54745,179.30779
nasdaq,new,nasdaq_ext_family_subset_2b9206da665a,2015-12-31,169.50052,139.85147,171.68111
nasdaq,new,nasdaq_ext_family_subset_2b9206da665a,2016-01-29,162.13016,122.68447,160.84607
nasdaq,new,nasdaq_ext_family_subset_2b9206da665a,2016-02-29,159.35011,124.2957,157.79613
nasdaq,new,nasdaq_ext_family_subset_2b9206da665a,2016-03-31,164.36187,126.56011,160.82294
nasdaq,new,nasdaq_ext_family_subset_2b9206da665a,2016-04-29,162.42269,114.80896,154.6104
nasdaq,new,nasdaq_ext_family_subset_2b9206da665a,2016-05-31,182.17239,123.55718,166.49912
nasdaq,new,nasdaq_ext_family_subset_2b9206da665a,2016-06-30,182.69428,121.66639,163.11028
nasdaq,new,nasdaq_ext_family_subset_2b9206da665a,2016-07-29,193.17186,126.98049,174.04336
nasdaq,new,nasdaq_ext_family_subset_2b9206da665a,2016-08-31,198.37279,132.46921,176.497
nasdaq,new,nasdaq_ext_family_subset_2b9206da665a,2016-09-30,203.18156,130.52882,178.74956
nasdaq,new,nasdaq_ext_family_subset_2b9206da665a,2016-10-31,204.94118,136.3075,180.53985
nasdaq,new,nasdaq_ext_family_subset_2b9206da665a,2016-11-30,229.16822,139.37295,187.65971
nasdaq,new,nasdaq_ext_family_subset_2b9206da665a,2016-12-30,233.93606,137.49394,191.15764
nasdaq,new,nasdaq_ext_family_subset_2b9206da665a,2017-01-31,243.76129,138.53082,195.94147
nasdaq,new,nasdaq_ext_family_subset_2b9206da665a,2017-02-28,256.5311,145.37764,208.20535
nasdaq,new,nasdaq_ext_family_subset_2b9206da665a,2017-03-31,273.36432,144.00454,211.32718
nasdaq,new,nasdaq_ext_family_subset_2b9206da665a,2017-04-28,277.98955,142.30924,213.23112
nasdaq,new,nasdaq_ext_family_subset_2b9206da665a,2017-05-31,282.26156,140.68762,214.40832
nasdaq,new,nasdaq_ext_family_subset_2b9206da665a,2017-06-30,269.12544,136.35254,206.14937
nasdaq,new,nasdaq_ext_family_subset_2b9206da665a,2017-07-31,275.70615,130.75538,207.39372
nasdaq,new,nasdaq_ext_family_subset_2b9206da665a,2017-08-31,278.43169,131.31518,210.8354
nasdaq,new,nasdaq_ext_family_subset_2b9206da665a,2017-09-29,290.22397,133.26914,212.02966
nasdaq,new,nasdaq_ext_family_subset_2b9206da665a,2017-10-31,313.12488,135.50833,225.63756
nasdaq,new,nasdaq_ext_family_subset_2b9206da665a,2017-11-30,306.41863,142.86937,224.86963
nasdaq,new,nasdaq_ext_family_subset_2b9206da665a,2017-12-29,301.08544,145.38749,224.36384
nasdaq,new,nasdaq_ext_family_subset_2b9206da665a,2018-01-31,320.79657,151.62109,234.7976
nasdaq,new,nasdaq_ext_family_subset_2b9206da665a,2018-02-28,328.0564,152.47632,237.56158
nasdaq,new,nasdaq_ext_family_subset_2b9206da665a,2018-03-29,321.42212,146.16525,226.48975
nasdaq,new,nasdaq_ext_family_subset_2b9206da665a,2018-04-30,312.24065,148.1899,231.62839
nasdaq,new,nasdaq_ext_family_subset_2b9206da665a,2018-05-31,351.04555,156.35274,254.03294
nasdaq,new,nasdaq_ext_family_subset_2b9206da665a,2018-06-29,342.06463,155.92712,256.18577
nasdaq,new,nasdaq_ext_family_subset_2b9206da665a,2018-07-31,346.13032,161.24451,262.99743
nasdaq,new,nasdaq_ext_family_subset_2b9206da665a,2018-08-31,355.71806,171.257,281.92334
nasdaq,new,nasdaq_ext_family_subset_2b9206da665a,2018-09-28,351.54893,172.02695,281.97278
nasdaq,new,nasdaq_ext_family_subset_2b9206da665a,2018-10-31,314.21888,164.5457,265.02456
nasdaq,new,nasdaq_ext_family_subset_2b9206da665a,2018-11-30,314.79388,167.96186,263.57074
nasdaq,new,nasdaq_ext_family_subset_2b9206da665a,2018-12-31,281.89966,151.47565,237.80151
nasdaq,new,nasdaq_ext_family_subset_2b9206da665a,2019-01-31,314.88255,160.79971,257.9287
nasdaq,new,nasdaq_ext_family_subset_2b9206da665a,2019-02-28,336.06454,171.98959,268.42459
nasdaq,new,nasdaq_ext_family_subset_2b9206da665a,2019-03-29,357.31636,177.50512,283.62831
nasdaq,new,nasdaq_ext_family_subset_2b9206da665a,2019-04-30,375.48292,194.97457,300.09474
nasdaq,new,nasdaq_ext_family_subset_2b9206da665a,2019-05-31,337.10475,178.86346,276.82652
nasdaq,new,nasdaq_ext_family_subset_2b9206da665a,2019-06-28,366.22447,189.76826,292.44766
nasdaq,new,nasdaq_ext_family_subset_2b9206da665a,2019-07-31,385.10451,197.12075,307.34559
nasdaq,new,nasdaq_ext_family_subset_2b9206da665a,2019-08-30,376.5324,193.6794,304.8707
nasdaq,new,nasdaq_ext_family_subset_2b9206da665a,2019-09-30,374.09436,197.57292,311.51023
nasdaq,new,nasdaq_ext_family_subset_2b9206da665a,2019-10-31,384.00836,197.37551,318.22048
nasdaq,new,nasdaq_ext_family_subset_2b9206da665a,2019-11-29,412.42161,201.64483,335.88396
nasdaq,new,nasdaq_ext_family_subset_2b9206da665a,2019-12-31,426.08733,203.23581,344.29432
nasdaq,new,nasdaq_ext_family_subset_2b9206da665a,2020-01-31,435.39484,204.49449,358.94074
nasdaq,new,nasdaq_ext_family_subset_2b9206da665a,2020-02-28,430.15492,190.33148,339.54815
nasdaq,new,nasdaq_ext_family_subset_2b9206da665a,2020-03-31,375.31299,185.60171,315.34535
nasdaq,new,nasdaq_ext_family_subset_2b9206da665a,2020-04-30,425.72128,206.93224,364.81405
nasdaq,new,nasdaq_ext_family_subset_2b9206da665a,2020-05-29,476.45003,220.95234,380.97776
nasdaq,new,nasdaq_ext_family_subset_2b9206da665a,2020-06-30,510.54106,224.41682,401.91136
nasdaq,new,nasdaq_ext_family_subset_2b9206da665a,2020-07-31,510.94993,223.48641,410.61494
nasdaq,new,nasdaq_ext_family_subset_2b9206da665a,2020-08-31,548.47203,228.62288,452.58626
nasdaq,new,nasdaq_ext_family_subset_2b9206da665a,2020-09-30,550.21244,225.51098,432.2818
nasdaq,new,nasdaq_ext_family_subset_2b9206da665a,2020-10-30,536.64962,215.24072,420.55517
nasdaq,new,nasdaq_ext_family_subset_2b9206da665a,2020-11-30,608.2536,238.17961,451.48021
nasdaq,new,nasdaq_ext_family_subset_2b9206da665a,2020-12-31,626.69413,241.03886,466.23843
nasdaq,new,nasdaq_ext_family_subset_2b9206da665a,2021-01-29,631.20425,246.74862,472.11717
nasdaq,new,nasdaq_ext_family_subset_2b9206da665a,2021-02-26,670.45439,242.04022,471.3767
nasdaq,new,nasdaq_ext_family_subset_2b9206da665a,2021-03-31,689.80396,263.8556,498.02266
nasdaq,new,nasdaq_ext_family_subset_2b9206da665a,2021-04-30,701.6254,266.2112,517.42737
nasdaq,new,nasdaq_ext_family_subset_2b9206da665a,2021-05-31,695.89536,264.06892,502.43328
nasdaq,new,nasdaq_ext_family_subset_2b9206da665a,2021-06-30,780.54106,280.46626,550.44964
nasdaq,new,nasdaq_ext_family_subset_2b9206da665a,2021-07-30,775.89524,284.88332,567.41431
nasdaq,new,nasdaq_ext_family_subset_2b9206da665a,2021-08-31,830.44858,293.87429,596.20524
nasdaq,new,nasdaq_ext_family_subset_2b9206da665a,2021-09-30,785.69487,279.73859,570.11705
nasdaq,new,nasdaq_ext_family_subset_2b9206da665a,2021-10-29,843.73455,288.68654,615.00593
nasdaq,new,nasdaq_ext_family_subset_2b9206da665a,2021-11-30,935.54529,314.2574,650.1422
nasdaq,new,nasdaq_ext_family_subset_2b9206da665a,2021-12-31,927.71106,330.34129,661.58556
nasdaq,new,nasdaq_ext_family_subset_2b9206da665a,2022-01-31,830.83277,314.35195,624.19005
nasdaq,new,nasdaq_ext_family_subset_2b9206da665a,2022-02-28,805.27248,304.54431,594.00493
nasdaq,new,nasdaq_ext_family_subset_2b9206da665a,2022-03-31,843.08255,303.84602,627.37514
nasdaq,new,nasdaq_ext_family_subset_2b9206da665a,2022-04-29,728.27048,289.80512,574.82693
nasdaq,new,nasdaq_ext_family_subset_2b9206da665a,2022-05-31,728.44273,280.38752,555.37537
nasdaq,new,nasdaq_ext_family_subset_2b9206da665a,2022-06-30,627.82041,265.94069,518.75514
nasdaq,new,nasdaq_ext_family_subset_2b9206da665a,2022-07-29,733.79789,295.40436,600.38582
nasdaq,new,nasdaq_ext_family_subset_2b9206da665a,2022-08-31,680.57363,282.87605,577.06771
nasdaq,new,nasdaq_ext_family_subset_2b9206da665a,2022-09-30,607.24076,260.72579,528.51478
nasdaq,new,nasdaq_ext_family_subset_2b9206da665a,2022-10-31,651.82218,280.3021,546.41238
nasdaq,new,nasdaq_ext_family_subset_2b9206da665a,2022-11-30,723.97552,290.50355,549.55236
nasdaq,new,nasdaq_ext_family_subset_2b9206da665a,2022-12-30,646.44925,261.45325,480.67663
nasdaq,new,nasdaq_ext_family_subset_2b9206da665a,2023-01-31,696.48904,288.40271,519.69969
nasdaq,new,nasdaq_ext_family_subset_2b9206da665a,2023-02-28,721.18101,293.84895,528.92302
nasdaq,new,nasdaq_ext_family_subset_2b9206da665a,2023-03-31,725.56984,296.90746,558.7796
nasdaq,new,nasdaq_ext_family_subset_2b9206da665a,2023-04-28,693.53968,285.72491,553.33144
nasdaq,new,nasdaq_ext_family_subset_2b9206da665a,2023-05-31,721.02659,298.1316,608.10617
nasdaq,new,nasdaq_ext_family_subset_2b9206da665a,2023-06-30,736.02023,301.79342,632.309
nasdaq,new,nasdaq_ext_family_subset_2b9206da665a,2023-07-31,770.06401,310.20929,649.3609
nasdaq,new,nasdaq_ext_family_subset_2b9206da665a,2023-08-31,772.0822,302.35956,649.76767
nasdaq,new,nasdaq_ext_family_subset_2b9206da665a,2023-09-29,765.07584,298.86223,631.41302
nasdaq,new,nasdaq_ext_family_subset_2b9206da665a,2023-10-31,751.04324,287.19187,620.9274
nasdaq,new,nasdaq_ext_family_subset_2b9206da665a,2023-11-30,795.0429,295.57601,664.57786
nasdaq,new,nasdaq_ext_family_subset_2b9206da665a,2023-12-29,816.98283,313.15961,688.0566
nasdaq,new,nasdaq_ext_family_subset_2b9206da665a,2024-01-31,827.69849,302.07207,710.52766
nasdaq,new,nasdaq_ext_family_subset_2b9206da665a,2024-02-29,911.20635,313.26993,756.80627
nasdaq,new,nasdaq_ext_family_subset_2b9206da665a,2024-03-28,926.3511,323.74573,772.91667
nasdaq,new,nasdaq_ext_family_subset_2b9206da665a,2024-04-30,873.8834,304.44695,746.90237
nasdaq,new,nasdaq_ext_family_subset_2b9206da665a,2024-05-31,892.96894,314.59871,789.38317
nasdaq,new,nasdaq_ext_family_subset_2b9206da665a,2024-06-28,952.05471,312.9749,850.65667
nasdaq,new,nasdaq_ext_family_subset_2b9206da665a,2024-07-31,935.30521,326.95232,833.26112
nasdaq,new,nasdaq_ext_family_subset_2b9206da665a,2024-08-30,921.80833,297.42243,822.86426
nasdaq,new,nasdaq_ext_family_subset_2b9206da665a,2024-09-30,964.17894,294.58289,837.76925
nasdaq,new,nasdaq_ext_family_subset_2b9206da665a,2024-10-31,997.98178,290.83343,856.18312
nasdaq,new,nasdaq_ext_family_subset_2b9206da665a,2024-11-29,1150.10285,321.19447,932.93673
nasdaq,new,nasdaq_ext_family_subset_2b9206da665a,2024-12-31,1152.40123,309.96534,956.33513
nasdaq,new,nasdaq_ext_family_subset_2b9206da665a,2025-01-31,1197.4254,309.01825,963.0314
nasdaq,new,nasdaq_ext_family_subset_2b9206da665a,2025-02-28,1142.63512,296.17446,925.97004
nasdaq,new,nasdaq_ext_family_subset_2b9206da665a,2025-03-31,995.45443,259.49508,817.96416
nasdaq,new,nasdaq_ext_family_subset_2b9206da665a,2025-04-30,977.68039,241.2722,784.11866
nasdaq,new,nasdaq_ext_family_subset_2b9206da665a,2025-05-30,1110.31781,259.26688,861.8181
nasdaq,new,nasdaq_ext_family_subset_2b9206da665a,2025-06-30,1143.64365,268.93884,889.6987
nasdaq,new,nasdaq_ext_family_subset_2b9206da665a,2025-07-31,1173.85919,279.68755,947.53974
nasdaq,new,nasdaq_ext_family_subset_2b9206da665a,2025-08-29,1183.1419,288.22805,940.55602
nasdaq,new,nasdaq_ext_family_subset_2b9206da665a,2025-09-30,1266.03662,306.53099,989.90314
nasdaq,new,nasdaq_ext_family_subset_2b9206da665a,2025-10-31,1332.89962,319.38862,1055.92322
nasdaq,new,nasdaq_ext_family_subset_2b9206da665a,2025-11-28,1297.60156,311.08713,1036.69082
nasdaq,new,nasdaq_ext_family_subset_2b9206da665a,2025-12-31,1307.48269,313.56269,1019.80172
nasdaq,new,nasdaq_ext_family_subset_2b9206da665a,2026-01-30,1373.34352,322.81091,1012.93959
nasdaq,new,nasdaq_ext_family_subset_2b9206da665a,2026-02-27,1369.31167,321.98215,984.38251
nasdaq,new,nasdaq_ext_family_subset_2b9206da665a,2026-03-31,1335.81925,314.84079,961.54767
nasdaq,new,nasdaq_ext_family_subset_2b9206da665a,2026-04-30,1653.35137,368.43133,1100.13547
nasdaq,new,nasdaq_ext_family_subset_2b9206da665a,2026-05-29,1832.48937,408.86031,1187.80577
nasdaq,new,nasdaq_ext_family_subset_2b9206da665a,2026-06-30,1965.65908,396.33262,1176.14098
nasdaq,new,nasdaq_ext_family_subset_2b9206da665a,2026-07-02,1846.85598,394.19524,1163.65943
nasdaq,new,nasdaq_ext_family_subset_f24056961b83,2014-01-02,100.0,100.0,100.0
nasdaq,new,nasdaq_ext_family_subset_f24056961b83,2014-01-31,104.69231,100.11197,100.62103
nasdaq,new,nasdaq_ext_family_subset_f24056961b83,2014-02-28,110.84285,103.74491,103.10837
nasdaq,new,nasdaq_ext_family_subset_f24056961b83,2014-03-31,104.57879,103.21176,100.94142
nasdaq,new,nasdaq_ext_family_subset_f24056961b83,2014-04-30,103.67649,100.82475,100.21917
nasdaq,new,nasdaq_ext_family_subset_f24056961b83,2014-05-30,112.02946,105.82925,106.69781
nasdaq,new,nasdaq_ext_family_subset_f24056961b83,2014-06-30,115.69322,110.43712,109.55914
nasdaq,new,nasdaq_ext_family_subset_f24056961b83,2014-07-31,120.38891,113.79863,113.47504
nasdaq,new,nasdaq_ext_family_subset_f24056961b83,2014-08-29,128.37144,120.20829,121.11989
nasdaq,new,nasdaq_ext_family_subset_f24056961b83,2014-09-30,132.81079,125.88479,125.44257
nasdaq,new,nasdaq_ext_family_subset_f24056961b83,2014-10-31,136.29381,129.11536,129.80309
nasdaq,new,nasdaq_ext_family_subset_f24056961b83,2014-11-28,143.80963,138.06053,136.28033
nasdaq,new,nasdaq_ext_family_subset_f24056961b83,2014-12-31,144.20245,141.467,137.27863
nasdaq,new,nasdaq_ext_family_subset_f24056961b83,2015-01-30,153.84902,142.32395,144.50698
nasdaq,new,nasdaq_ext_family_subset_f24056961b83,2015-02-27,170.67024,152.4484,156.22393
nasdaq,new,nasdaq_ext_family_subset_f24056961b83,2015-03-31,175.0285,150.73254,158.65825
nasdaq,new,nasdaq_ext_family_subset_f24056961b83,2015-04-30,164.17699,151.47119,154.81267
nasdaq,new,nasdaq_ext_family_subset_f24056961b83,2015-05-29,176.46742,152.81108,162.25955
nasdaq,new,nasdaq_ext_family_subset_f24056961b83,2015-06-30,170.20013,140.84797,155.89077
nasdaq,new,nasdaq_ext_family_subset_f24056961b83,2015-07-31,177.46021,145.26814,164.30368
nasdaq,new,nasdaq_ext_family_subset_f24056961b83,2015-08-31,165.93304,133.66698,151.70931
nasdaq,new,nasdaq_ext_family_subset_f24056961b83,2015-09-30,167.38126,125.53665,149.45055
nasdaq,new,nasdaq_ext_family_subset_f24056961b83,2015-10-30,187.2356,137.63528,167.54709
nasdaq,new,nasdaq_ext_family_subset_f24056961b83,2015-11-30,196.41728,149.63124,175.91566
nasdaq,new,nasdaq_ext_family_subset_f24056961b83,2015-12-31,186.74022,146.8384,168.43326
nasdaq,new,nasdaq_ext_family_subset_f24056961b83,2016-01-29,180.27408,127.58777,157.80319
nasdaq,new,nasdaq_ext_family_subset_f24056961b83,2016-02-29,175.53535,130.21741,154.81095
nasdaq,new,nasdaq_ext_family_subset_f24056961b83,2016-03-31,180.18443,132.16983,157.7805
nasdaq,new,nasdaq_ext_family_subset_f24056961b83,2016-04-29,177.7363,120.39589,151.68549
nasdaq,new,nasdaq_ext_family_subset_f24056961b83,2016-05-31,199.58563,130.44533,163.3493
nasdaq,new,nasdaq_ext_family_subset_f24056961b83,2016-06-30,199.016,128.22088,160.02457
nasdaq,new,nasdaq_ext_family_subset_f24056961b83,2016-07-29,210.92476,135.67374,170.75081
nasdaq,new,nasdaq_ext_family_subset_f24056961b83,2016-08-31,215.90236,140.37439,173.15804
nasdaq,new,nasdaq_ext_family_subset_f24056961b83,2016-09-30,222.54085,140.26398,175.36798
nasdaq,new,nasdaq_ext_family_subset_f24056961b83,2016-10-31,221.74341,144.85662,177.12441
nasdaq,new,nasdaq_ext_family_subset_f24056961b83,2016-11-30,247.28901,150.0323,184.10958
nasdaq,new,nasdaq_ext_family_subset_f24056961b83,2016-12-30,256.68551,148.75389,187.54133
nasdaq,new,nasdaq_ext_family_subset_f24056961b83,2017-01-31,269.71104,150.36997,192.23466
nasdaq,new,nasdaq_ext_family_subset_f24056961b83,2017-02-28,283.64996,158.98848,204.26653
nasdaq,new,nasdaq_ext_family_subset_f24056961b83,2017-03-31,300.9657,157.92403,207.32931
nasdaq,new,nasdaq_ext_family_subset_f24056961b83,2017-04-28,301.6476,157.18969,209.19722
nasdaq,new,nasdaq_ext_family_subset_f24056961b83,2017-05-31,311.00873,155.73177,210.35215
nasdaq,new,nasdaq_ext_family_subset_f24056961b83,2017-06-30,301.63193,149.73021,202.24944
nasdaq,new,nasdaq_ext_family_subset_f24056961b83,2017-07-31,310.21946,143.54648,203.47025
nasdaq,new,nasdaq_ext_family_subset_f24056961b83,2017-08-31,314.49439,144.16103,206.84682
nasdaq,new,nasdaq_ext_family_subset_f24056961b83,2017-09-29,332.99048,146.30614,208.01849
nasdaq,new,nasdaq_ext_family_subset_f24056961b83,2017-10-31,356.39699,148.76438,221.36896
nasdaq,new,nasdaq_ext_family_subset_f24056961b83,2017-11-30,343.15333,156.8455,220.61555
nasdaq,new,nasdaq_ext_family_subset_f24056961b83,2017-12-29,336.88663,159.60996,220.11934
nasdaq,new,nasdaq_ext_family_subset_f24056961b83,2018-01-31,354.33597,166.45337,230.35571
nasdaq,new,nasdaq_ext_family_subset_f24056961b83,2018-02-28,362.29611,167.39225,233.0674
nasdaq,new,nasdaq_ext_family_subset_f24056961b83,2018-03-29,356.13781,160.46381,222.20503
nasdaq,new,nasdaq_ext_family_subset_f24056961b83,2018-04-30,341.26869,162.68652,227.24645
nasdaq,new,nasdaq_ext_family_subset_f24056961b83,2018-05-31,381.78694,171.64789,249.22716
nasdaq,new,nasdaq_ext_family_subset_f24056961b83,2018-06-29,366.45765,171.18063,251.33926
nasdaq,new,nasdaq_ext_family_subset_f24056961b83,2018-07-31,373.85733,177.01819,258.02206
nasdaq,new,nasdaq_ext_family_subset_f24056961b83,2018-08-31,375.00154,188.01014,276.58992
nasdaq,new,nasdaq_ext_family_subset_f24056961b83,2018-09-28,363.6486,188.85542,276.63843
nasdaq,new,nasdaq_ext_family_subset_f24056961b83,2018-10-31,321.20365,180.64232,260.01084
nasdaq,new,nasdaq_ext_family_subset_f24056961b83,2018-11-30,324.87819,184.39266,258.58452
nasdaq,new,nasdaq_ext_family_subset_f24056961b83,2018-12-31,288.99932,166.2937,233.3028
nasdaq,new,nasdaq_ext_family_subset_f24056961b83,2019-01-31,329.66395,176.52988,253.04922
nasdaq,new,nasdaq_ext_family_subset_f24056961b83,2019-02-28,351.10742,188.8144,263.34654
nasdaq,new,nasdaq_ext_family_subset_f24056961b83,2019-03-29,374.39705,194.86949,278.26264
nasdaq,new,nasdaq_ext_family_subset_f24056961b83,2019-04-30,396.5314,214.04788,294.41756
nasdaq,new,nasdaq_ext_family_subset_f24056961b83,2019-05-31,345.046,196.36071,271.58953
nasdaq,new,nasdaq_ext_family_subset_f24056961b83,2019-06-28,377.09906,208.33226,286.91515
nasdaq,new,nasdaq_ext_family_subset_f24056961b83,2019-07-31,401.16733,216.40401,301.53124
nasdaq,new,nasdaq_ext_family_subset_f24056961b83,2019-08-30,394.01763,212.62601,299.10317
nasdaq,new,nasdaq_ext_family_subset_f24056961b83,2019-09-30,397.87898,216.90041,305.61709
nasdaq,new,nasdaq_ext_family_subset_f24056961b83,2019-10-31,418.26063,216.68369,312.2004
nasdaq,new,nasdaq_ext_family_subset_f24056961b83,2019-11-29,439.93953,221.37065,329.52973
nasdaq,new,nasdaq_ext_family_subset_f24056961b83,2019-12-31,455.72198,223.11727,337.78097
nasdaq,new,nasdaq_ext_family_subset_f24056961b83,2020-01-31,460.87169,224.49909,352.15031
nasdaq,new,nasdaq_ext_family_subset_f24056961b83,2020-02-28,454.50753,208.95058,333.12459
nasdaq,new,nasdaq_ext_family_subset_f24056961b83,2020-03-31,390.23734,203.75813,309.37967
nasdaq,new,nasdaq_ext_family_subset_f24056961b83,2020-04-30,443.33292,227.1753,357.91252
nasdaq,new,nasdaq_ext_family_subset_f24056961b83,2020-05-29,496.62752,242.56691,373.77044
nasdaq,new,nasdaq_ext_family_subset_f24056961b83,2020-06-30,531.37342,246.3703,394.30802
nasdaq,new,nasdaq_ext_family_subset_f24056961b83,2020-07-31,541.08092,245.34887,402.84695
nasdaq,new,nasdaq_ext_family_subset_f24056961b83,2020-08-31,566.27551,250.98782,444.02426
nasdaq,new,nasdaq_ext_family_subset_f24056961b83,2020-09-30,572.72582,247.5715,424.10392
nasdaq,new,nasdaq_ext_family_subset_f24056961b83,2020-10-30,568.57598,236.29655,412.59913
nasdaq,new,nasdaq_ext_family_subset_f24056961b83,2020-11-30,664.21781,261.47944,442.93913
nasdaq,new,nasdaq_ext_family_subset_f24056961b83,2020-12-31,687.0083,264.61838,457.41815
nasdaq,new,nasdaq_ext_family_subset_f24056961b83,2021-01-29,705.07465,270.88671,463.18568
nasdaq,new,nasdaq_ext_family_subset_f24056961b83,2021-02-26,764.24215,265.7177,462.45922
nasdaq,new,nasdaq_ext_family_subset_f24056961b83,2021-03-31,787.52572,289.66717,488.60109
nasdaq,new,nasdaq_ext_family_subset_f24056961b83,2021-04-30,798.72485,292.2532,507.6387
nasdaq,new,nasdaq_ext_family_subset_f24056961b83,2021-05-31,801.08789,289.90136,492.92827
nasdaq,new,nasdaq_ext_family_subset_f24056961b83,2021-06-30,880.35034,307.90276,540.03626
nasdaq,new,nasdaq_ext_family_subset_f24056961b83,2021-07-30,860.82166,312.75192,556.68
nasdaq,new,nasdaq_ext_family_subset_f24056961b83,2021-08-31,908.79901,322.62243,584.92626
nasdaq,new,nasdaq_ext_family_subset_f24056961b83,2021-09-30,867.98775,307.10391,559.3316
nasdaq,new,nasdaq_ext_family_subset_f24056961b83,2021-10-29,917.5651,316.92719,603.37128
nasdaq,new,nasdaq_ext_family_subset_f24056961b83,2021-11-30,1041.3242,344.9995,637.84284
nasdaq,new,nasdaq_ext_family_subset_f24056961b83,2021-12-31,1062.88377,362.6568,649.06972
nasdaq,new,nasdaq_ext_family_subset_f24056961b83,2022-01-31,934.03082,345.10331,612.38166
nasdaq,new,nasdaq_ext_family_subset_f24056961b83,2022-02-28,915.44238,334.33624,582.76758
nasdaq,new,nasdaq_ext_family_subset_f24056961b83,2022-03-31,957.32854,333.56963,615.50649
nasdaq,new,nasdaq_ext_family_subset_f24056961b83,2022-04-29,821.34986,318.15519,563.95238
nasdaq,new,nasdaq_ext_family_subset_f24056961b83,2022-05-31,829.1,307.81631,544.86881
nasdaq,new,nasdaq_ext_family_subset_f24056961b83,2022-06-30,708.13526,291.95623,508.94136
nasdaq,new,nasdaq_ext_family_subset_f24056961b83,2022-07-29,831.47254,324.30217,589.02775
nasdaq,new,nasdaq_ext_family_subset_f24056961b83,2022-08-31,764.98312,310.54828,566.15078
nasdaq,new,nasdaq_ext_family_subset_f24056961b83,2022-09-30,693.29498,286.23119,518.51636
nasdaq,new,nasdaq_ext_family_subset_f24056961b83,2022-10-31,740.09362,307.72254,536.07537
nasdaq,new,nasdaq_ext_family_subset_f24056961b83,2022-11-30,832.24441,318.92195,539.15596
nasdaq,new,nasdaq_ext_family_subset_f24056961b83,2022-12-30,736.11294,287.02981,471.58321
nasdaq,new,nasdaq_ext_family_subset_f24056961b83,2023-01-31,773.82531,312.88237,509.86803
nasdaq,new,nasdaq_ext_family_subset_f24056961b83,2023-02-28,786.86415,316.29387,518.91688
nasdaq,new,nasdaq_ext_family_subset_f24056961b83,2023-03-31,794.9257,320.45766,548.20864
nasdaq,new,nasdaq_ext_family_subset_f24056961b83,2023-04-28,765.86535,307.84311,542.86354
nasdaq,new,nasdaq_ext_family_subset_f24056961b83,2023-05-31,810.72918,324.13492,596.60204
nasdaq,new,nasdaq_ext_family_subset_f24056961b83,2023-06-30,835.44181,328.3679,620.34701
nasdaq,new,nasdaq_ext_family_subset_f24056961b83,2023-07-31,870.47528,336.37017,637.07633
nasdaq,new,nasdaq_ext_family_subset_f24056961b83,2023-08-31,871.63304,328.04804,637.4754
nasdaq,new,nasdaq_ext_family_subset_f24056961b83,2023-09-29,862.59913,324.92565,619.46798
nasdaq,new,nasdaq_ext_family_subset_f24056961b83,2023-10-31,842.61421,313.30948,609.18073
nasdaq,new,nasdaq_ext_family_subset_f24056961b83,2023-11-30,896.70941,322.71324,652.00541
nasdaq,new,nasdaq_ext_family_subset_f24056961b83,2023-12-29,921.17031,343.87756,675.03998
nasdaq,new,nasdaq_ext_family_subset_f24056961b83,2024-01-31,935.3343,326.56049,697.08593
nasdaq,new,nasdaq_ext_family_subset_f24056961b83,2024-02-29,1026.34979,337.24009,742.48905
nasdaq,new,nasdaq_ext_family_subset_f24056961b83,2024-03-28,1048.6232,349.44364,758.29467
nasdaq,new,nasdaq_ext_family_subset_f24056961b83,2024-04-30,993.08329,328.22706,732.77251
nasdaq,new,nasdaq_ext_family_subset_f24056961b83,2024-05-31,1022.7005,339.56336,774.44966
nasdaq,new,nasdaq_ext_family_subset_f24056961b83,2024-06-28,1082.62785,337.39252,834.56399
nasdaq,new,nasdaq_ext_family_subset_f24056961b83,2024-07-31,1054.99936,352.28103,817.49753
nasdaq,new,nasdaq_ext_family_subset_f24056961b83,2024-08-30,1034.59146,322.687,807.29735
nasdaq,new,nasdaq_ext_family_subset_f24056961b83,2024-09-30,1074.01348,319.10168,821.92037
nasdaq,new,nasdaq_ext_family_subset_f24056961b83,2024-10-31,1108.45266,319.07779,839.98589
nasdaq,new,nasdaq_ext_family_subset_f24056961b83,2024-11-29,1270.60526,350.856,915.28748
nasdaq,new,nasdaq_ext_family_subset_f24056961b83,2024-12-31,1286.87509,339.7853,938.24323
nasdaq,new,nasdaq_ext_family_subset_f24056961b83,2025-01-31,1322.43097,340.73769,944.81282
nasdaq,new,nasdaq_ext_family_subset_f24056961b83,2025-02-28,1241.19299,336.6494,908.45258
nasdaq,new,nasdaq_ext_family_subset_f24056961b83,2025-03-31,1075.7851,297.94865,802.48995
nasdaq,new,nasdaq_ext_family_subset_f24056961b83,2025-04-30,1064.71516,275.37747,769.28474
nasdaq,new,nasdaq_ext_family_subset_f24056961b83,2025-05-30,1206.0392,296.52914,845.51426
nasdaq,new,nasdaq_ext_family_subset_f24056961b83,2025-06-30,1248.85589,307.80763,872.86743
nasdaq,new,nasdaq_ext_family_subset_f24056961b83,2025-07-31,1270.72743,323.70263,929.61423
nasdaq,new,nasdaq_ext_family_subset_f24056961b83,2025-08-29,1287.23379,334.31979,922.76263
nasdaq,new,nasdaq_ext_family_subset_f24056961b83,2025-09-30,1368.87589,349.24759,971.1762
nasdaq,new,nasdaq_ext_family_subset_f24056961b83,2025-10-31,1428.66711,363.44273,1035.94732
nasdaq,new,nasdaq_ext_family_subset_f24056961b83,2025-11-28,1381.00968,351.41972,1017.07876
nasdaq,new,nasdaq_ext_family_subset_f24056961b83,2025-12-31,1396.29216,354.19999,1000.50916
nasdaq,new,nasdaq_ext_family_subset_f24056961b83,2026-01-30,1463.81249,362.87463,993.77686
nasdaq,new,nasdaq_ext_family_subset_f24056961b83,2026-02-27,1471.26292,354.84234,965.76001
nasdaq,new,nasdaq_ext_family_subset_f24056961b83,2026-03-31,1425.02347,350.39769,943.35716
nasdaq,new,nasdaq_ext_family_subset_f24056961b83,2026-04-30,1745.4157,395.8592,1079.32316
nasdaq,new,nasdaq_ext_family_subset_f24056961b83,2026-05-29,1956.78584,444.54553,1165.33492
nasdaq,new,nasdaq_ext_family_subset_f24056961b83,2026-06-30,2121.46295,437.77039,1153.8908
nasdaq,new,nasdaq_ext_family_subset_f24056961b83,2026-07-02,1985.47518,435.76905,1141.64538
nasdaq,new,nasdaq_ext_family_subset_39d76e444771,2014-01-02,100.0,100.0,100.0
nasdaq,new,nasdaq_ext_family_subset_39d76e444771,2014-01-31,104.94134,99.5301,100.62103
nasdaq,new,nasdaq_ext_family_subset_39d76e444771,2014-02-28,111.24968,103.19007,103.10837
nasdaq,new,nasdaq_ext_family_subset_39d76e444771,2014-03-31,105.06697,101.79564,100.94142
nasdaq,new,nasdaq_ext_family_subset_39d76e444771,2014-04-30,104.34771,100.04391,100.21917
nasdaq,new,nasdaq_ext_family_subset_39d76e444771,2014-05-30,112.78072,104.6879,106.69781
nasdaq,new,nasdaq_ext_family_subset_39d76e444771,2014-06-30,117.32575,110.89059,109.55914
nasdaq,new,nasdaq_ext_family_subset_39d76e444771,2014-07-31,119.72594,114.52957,113.47504
nasdaq,new,nasdaq_ext_family_subset_39d76e444771,2014-08-29,128.50935,119.67441,121.11989
nasdaq,new,nasdaq_ext_family_subset_39d76e444771,2014-09-30,132.85524,124.43673,125.44257
nasdaq,new,nasdaq_ext_family_subset_39d76e444771,2014-10-31,136.77073,128.08418,129.80309
nasdaq,new,nasdaq_ext_family_subset_39d76e444771,2014-11-28,144.44773,137.28112,136.28033
nasdaq,new,nasdaq_ext_family_subset_39d76e444771,2014-12-31,146.08387,141.7903,137.27863
nasdaq,new,nasdaq_ext_family_subset_39d76e444771,2015-01-30,156.40569,140.75702,144.50698
nasdaq,new,nasdaq_ext_family_subset_39d76e444771,2015-02-27,173.87285,151.80167,156.22393
nasdaq,new,nasdaq_ext_family_subset_39d76e444771,2015-03-31,176.9321,149.73491,158.65825
nasdaq,new,nasdaq_ext_family_subset_39d76e444771,2015-04-30,165.0904,149.37487,154.81267
nasdaq,new,nasdaq_ext_family_subset_39d76e444771,2015-05-29,176.67696,150.67182,162.25955
nasdaq,new,nasdaq_ext_family_subset_39d76e444771,2015-06-30,172.41048,138.13865,155.89077
nasdaq,new,nasdaq_ext_family_subset_39d76e444771,2015-07-31,178.71551,141.67453,164.30368
nasdaq,new,nasdaq_ext_family_subset_39d76e444771,2015-08-31,164.60068,131.36963,151.70931
nasdaq,new,nasdaq_ext_family_subset_39d76e444771,2015-09-30,162.52869,123.22141,149.45055
nasdaq,new,nasdaq_ext_family_subset_39d76e444771,2015-10-30,181.0219,131.76404,167.54709
nasdaq,new,nasdaq_ext_family_subset_39d76e444771,2015-11-30,188.12818,137.1856,175.91566
nasdaq,new,nasdaq_ext_family_subset_39d76e444771,2015-12-31,177.92919,132.42859,168.43326
nasdaq,new,nasdaq_ext_family_subset_39d76e444771,2016-01-29,166.9949,116.07944,157.80319
nasdaq,new,nasdaq_ext_family_subset_39d76e444771,2016-02-29,165.03252,117.8944,154.81095
nasdaq,new,nasdaq_ext_family_subset_39d76e444771,2016-03-31,168.18155,120.15357,157.7805
nasdaq,new,nasdaq_ext_family_subset_39d76e444771,2016-04-29,166.8362,112.0709,151.68549
nasdaq,new,nasdaq_ext_family_subset_39d76e444771,2016-05-31,185.85124,120.68519,163.3493
nasdaq,new,nasdaq_ext_family_subset_39d76e444771,2016-06-30,187.01209,118.77009,160.02457
nasdaq,new,nasdaq_ext_family_subset_39d76e444771,2016-07-29,197.75607,126.86375,170.75081
nasdaq,new,nasdaq_ext_family_subset_39d76e444771,2016-08-31,203.03415,131.78685,173.15804
nasdaq,new,nasdaq_ext_family_subset_39d76e444771,2016-09-30,208.75318,131.65216,175.36798
nasdaq,new,nasdaq_ext_family_subset_39d76e444771,2016-10-31,212.75116,136.0845,177.12441
nasdaq,new,nasdaq_ext_family_subset_39d76e444771,2016-11-30,239.12936,142.72366,184.10958
nasdaq,new,nasdaq_ext_family_subset_39d76e444771,2016-12-30,244.91504,141.32726,187.54133
nasdaq,new,nasdaq_ext_family_subset_39d76e444771,2017-01-31,257.97292,143.74665,192.23466
nasdaq,new,nasdaq_ext_family_subset_39d76e444771,2017-02-28,264.97278,151.31033,204.26653
nasdaq,new,nasdaq_ext_family_subset_39d76e444771,2017-03-31,281.41663,149.96556,207.32931
nasdaq,new,nasdaq_ext_family_subset_39d76e444771,2017-04-28,286.39507,148.33973,209.19722
nasdaq,new,nasdaq_ext_family_subset_39d76e444771,2017-05-31,295.05743,145.81291,210.35215
nasdaq,new,nasdaq_ext_family_subset_39d76e444771,2017-06-30,282.27224,142.20336,202.24944
nasdaq,new,nasdaq_ext_family_subset_39d76e444771,2017-07-31,291.14315,135.99754,203.47025
nasdaq,new,nasdaq_ext_family_subset_39d76e444771,2017-08-31,293.62265,136.2638,206.84682
nasdaq,new,nasdaq_ext_family_subset_39d76e444771,2017-09-29,310.92684,138.96746,208.01849
nasdaq,new,nasdaq_ext_family_subset_39d76e444771,2017-10-31,334.20482,141.43593,221.36896
nasdaq,new,nasdaq_ext_family_subset_39d76e444771,2017-11-30,322.98439,149.73498,220.61555
nasdaq,new,nasdaq_ext_family_subset_39d76e444771,2017-12-29,317.13644,152.40499,220.11934
nasdaq,new,nasdaq_ext_family_subset_39d76e444771,2018-01-31,334.8714,158.80149,230.35571
nasdaq,new,nasdaq_ext_family_subset_39d76e444771,2018-02-28,340.83691,159.58865,233.0674
nasdaq,new,nasdaq_ext_family_subset_39d76e444771,2018-03-29,334.1427,152.79047,222.20503
nasdaq,new,nasdaq_ext_family_subset_39d76e444771,2018-04-30,319.86245,155.43631,227.24645
nasdaq,new,nasdaq_ext_family_subset_39d76e444771,2018-05-31,357.84659,163.51445,249.22716
nasdaq,new,nasdaq_ext_family_subset_39d76e444771,2018-06-29,345.01334,163.11299,251.33926
nasdaq,new,nasdaq_ext_family_subset_39d76e444771,2018-07-31,351.96236,168.903,258.02206
nasdaq,new,nasdaq_ext_family_subset_39d76e444771,2018-08-31,355.34714,178.7793,276.58992
nasdaq,new,nasdaq_ext_family_subset_39d76e444771,2018-09-28,346.02667,179.61548,276.63843
nasdaq,new,nasdaq_ext_family_subset_39d76e444771,2018-10-31,307.97763,171.74456,260.01084
nasdaq,new,nasdaq_ext_family_subset_39d76e444771,2018-11-30,309.74394,175.49439,258.58452
nasdaq,new,nasdaq_ext_family_subset_39d76e444771,2018-12-31,276.80199,158.26398,233.3028
nasdaq,new,nasdaq_ext_family_subset_39d76e444771,2019-01-31,313.15173,167.79186,253.04922
nasdaq,new,nasdaq_ext_family_subset_39d76e444771,2019-02-28,333.53047,179.28324,263.34654
nasdaq,new,nasdaq_ext_family_subset_39d76e444771,2019-03-29,355.96948,185.373,278.26264
nasdaq,new,nasdaq_ext_family_subset_39d76e444771,2019-04-30,375.33855,203.90011,294.41756
nasdaq,new,nasdaq_ext_family_subset_39d76e444771,2019-05-31,331.31104,187.183,271.58953
nasdaq,new,nasdaq_ext_family_subset_39d76e444771,2019-06-28,360.9141,198.60442,286.91515
nasdaq,new,nasdaq_ext_family_subset_39d76e444771,2019-07-31,383.44293,206.09422,301.53124
nasdaq,new,nasdaq_ext_family_subset_39d76e444771,2019-08-30,377.53714,202.47157,299.10317
nasdaq,new,nasdaq_ext_family_subset_39d76e444771,2019-09-30,380.52678,206.81624,305.61709
nasdaq,new,nasdaq_ext_family_subset_39d76e444771,2019-10-31,398.52908,206.4351,312.2004
nasdaq,new,nasdaq_ext_family_subset_39d76e444771,2019-11-29,421.09281,210.70977,329.52973
nasdaq,new,nasdaq_ext_family_subset_39d76e444771,2019-12-31,436.54017,212.54353,337.78097
nasdaq,new,nasdaq_ext_family_subset_39d76e444771,2020-01-31,442.02637,214.20397,352.15031
nasdaq,new,nasdaq_ext_family_subset_39d76e444771,2020-02-28,436.98857,199.08964,333.12459
nasdaq,new,nasdaq_ext_family_subset_39d76e444771,2020-03-31,374.70862,193.7299,309.37967
nasdaq,new,nasdaq_ext_family_subset_39d76e444771,2020-04-30,423.74023,215.48434,357.91252
nasdaq,new,nasdaq_ext_family_subset_39d76e444771,2020-05-29,474.61002,230.17451,373.77044
nasdaq,new,nasdaq_ext_family_subset_39d76e444771,2020-06-30,509.6148,233.5962,394.30802
nasdaq,new,nasdaq_ext_family_subset_39d76e444771,2020-07-31,518.74149,232.78507,402.84695
nasdaq,new,nasdaq_ext_family_subset_39d76e444771,2020-08-31,539.07385,238.21304,444.02426
nasdaq,new,nasdaq_ext_family_subset_39d76e444771,2020-09-30,544.65066,235.08038,424.10392
nasdaq,new,nasdaq_ext_family_subset_39d76e444771,2020-10-30,540.60989,224.59045,412.59913
nasdaq,new,nasdaq_ext_family_subset_39d76e444771,2020-11-30,630.41242,248.71543,442.93913
nasdaq,new,nasdaq_ext_family_subset_39d76e444771,2020-12-31,649.68579,251.69347,457.41815
nasdaq,new,nasdaq_ext_family_subset_39d76e444771,2021-01-29,665.22087,257.66616,463.18568
nasdaq,new,nasdaq_ext_family_subset_39d76e444771,2021-02-26,721.59613,253.0005,462.45922
nasdaq,new,nasdaq_ext_family_subset_39d76e444771,2021-03-31,744.2544,276.21471,488.60109
nasdaq,new,nasdaq_ext_family_subset_39d76e444771,2021-04-30,754.00866,278.69859,507.6387
nasdaq,new,nasdaq_ext_family_subset_39d76e444771,2021-05-31,754.12689,276.4662,492.92827
nasdaq,new,nasdaq_ext_family_subset_39d76e444771,2021-06-30,829.29795,293.46894,540.03626
nasdaq,new,nasdaq_ext_family_subset_39d76e444771,2021-07-30,814.02088,298.36314,556.68
nasdaq,new,nasdaq_ext_family_subset_39d76e444771,2021-08-31,858.65419,307.5779,584.92626
nasdaq,new,nasdaq_ext_family_subset_39d76e444771,2021-09-30,823.13207,292.86656,559.3316
nasdaq,new,nasdaq_ext_family_subset_39d76e444771,2021-10-29,870.41086,302.18036,603.37128
nasdaq,new,nasdaq_ext_family_subset_39d76e444771,2021-11-30,987.70584,328.42906,637.84284
nasdaq,new,nasdaq_ext_family_subset_39d76e444771,2021-12-31,1009.06689,345.39464,649.06972
nasdaq,new,nasdaq_ext_family_subset_39d76e444771,2022-01-31,887.63114,328.58506,612.38166
nasdaq,new,nasdaq_ext_family_subset_39d76e444771,2022-02-28,870.46639,318.52754,582.76758
nasdaq,new,nasdaq_ext_family_subset_39d76e444771,2022-03-31,910.88546,317.27028,615.50649
nasdaq,new,nasdaq_ext_family_subset_39d76e444771,2022-04-29,784.76093,302.30792,563.95238
nasdaq,new,nasdaq_ext_family_subset_39d76e444771,2022-05-31,790.93345,292.45195,544.86881
nasdaq,new,nasdaq_ext_family_subset_39d76e444771,2022-06-30,674.99634,277.19619,508.94136
nasdaq,new,nasdaq_ext_family_subset_39d76e444771,2022-07-29,793.97041,307.87886,589.02775
nasdaq,new,nasdaq_ext_family_subset_39d76e444771,2022-08-31,732.05736,294.85075,566.15078
nasdaq,new,nasdaq_ext_family_subset_39d76e444771,2022-09-30,662.80496,271.67579,518.51636
nasdaq,new,nasdaq_ext_family_subset_39d76e444771,2022-10-31,707.91513,292.04919,536.07537
nasdaq,new,nasdaq_ext_family_subset_39d76e444771,2022-11-30,793.98198,302.54127,539.15596
nasdaq,new,nasdaq_ext_family_subset_39d76e444771,2022-12-30,701.6514,272.32281,471.58321
nasdaq,new,nasdaq_ext_family_subset_39d76e444771,2023-01-31,736.05477,297.89287,509.86803
nasdaq,new,nasdaq_ext_family_subset_39d76e444771,2023-02-28,752.33791,303.84185,518.91688
nasdaq,new,nasdaq_ext_family_subset_39d76e444771,2023-03-31,755.42786,303.79961,548.20864
nasdaq,new,nasdaq_ext_family_subset_39d76e444771,2023-04-28,722.75976,291.41293,542.86354
nasdaq,new,nasdaq_ext_family_subset_39d76e444771,2023-05-31,748.28943,306.67865,596.60204
nasdaq,new,nasdaq_ext_family_subset_39d76e444771,2023-06-30,764.00427,309.8382,620.34701
nasdaq,new,nasdaq_ext_family_subset_39d76e444771,2023-07-31,795.24318,318.38998,637.07633
nasdaq,new,nasdaq_ext_family_subset_39d76e444771,2023-08-31,793.46193,309.23219,637.4754
nasdaq,new,nasdaq_ext_family_subset_39d76e444771,2023-09-29,785.44877,305.73324,619.46798
nasdaq,new,nasdaq_ext_family_subset_39d76e444771,2023-10-31,769.22006,292.47982,609.18073
nasdaq,new,nasdaq_ext_family_subset_39d76e444771,2023-11-30,819.08459,302.39446,652.00541
nasdaq,new,nasdaq_ext_family_subset_39d76e444771,2023-12-29,838.84746,320.25076,675.03998
nasdaq,new,nasdaq_ext_family_subset_39d76e444771,2024-01-31,848.97833,309.12154,697.08593
nasdaq,new,nasdaq_ext_family_subset_39d76e444771,2024-02-29,928.82764,318.03581,742.48905
nasdaq,new,nasdaq_ext_family_subset_39d76e444771,2024-03-28,939.01344,330.15887,758.29467
nasdaq,new,nasdaq_ext_family_subset_39d76e444771,2024-04-30,888.07015,310.20092,732.77251
nasdaq,new,nasdaq_ext_family_subset_39d76e444771,2024-05-31,914.3285,322.25522,774.44966
nasdaq,new,nasdaq_ext_family_subset_39d76e444771,2024-06-28,976.61045,320.86597,834.56399
nasdaq,new,nasdaq_ext_family_subset_39d76e444771,2024-07-31,955.25689,334.35175,817.49753
nasdaq,new,nasdaq_ext_family_subset_39d76e444771,2024-08-30,939.99183,303.8388,807.29735
nasdaq,new,nasdaq_ext_family_subset_39d76e444771,2024-09-30,978.73169,301.29139,821.92037
nasdaq,new,nasdaq_ext_family_subset_39d76e444771,2024-10-31,1012.76556,300.50729,839.98589
nasdaq,new,nasdaq_ext_family_subset_39d76e444771,2024-11-29,1168.71481,330.79786,915.28748
nasdaq,new,nasdaq_ext_family_subset_39d76e444771,2024-12-31,1173.85201,321.57776,938.24323
nasdaq,new,nasdaq_ext_family_subset_39d76e444771,2025-01-31,1218.98178,322.15238,944.81282
nasdaq,new,nasdaq_ext_family_subset_39d76e444771,2025-02-28,1170.08632,312.58842,908.45258
nasdaq,new,nasdaq_ext_family_subset_39d76e444771,2025-03-31,1016.32879,275.13105,802.48995
nasdaq,new,nasdaq_ext_family_subset_39d76e444771,2025-04-30,999.38881,255.38057,769.28474
nasdaq,new,nasdaq_ext_family_subset_39d76e444771,2025-05-30,1136.78366,275.66544,845.51426
nasdaq,new,nasdaq_ext_family_subset_39d76e444771,2025-06-30,1173.96344,286.2869,872.86743
nasdaq,new,nasdaq_ext_family_subset_39d76e444771,2025-07-31,1199.5038,297.6706,929.61423
nasdaq,new,nasdaq_ext_family_subset_39d76e444771,2025-08-29,1204.6943,307.33131,922.76263
nasdaq,new,nasdaq_ext_family_subset_39d76e444771,2025-09-30,1277.636,326.11732,971.1762
nasdaq,new,nasdaq_ext_family_subset_39d76e444771,2025-10-31,1342.16399,339.65181,1035.94732
nasdaq,new,nasdaq_ext_family_subset_39d76e444771,2025-11-28,1307.88475,327.91498,1017.07876
nasdaq,new,nasdaq_ext_family_subset_39d76e444771,2025-12-31,1319.84965,332.73605,1000.50916
nasdaq,new,nasdaq_ext_family_subset_39d76e444771,2026-01-30,1384.20765,344.18488,993.77686
nasdaq,new,nasdaq_ext_family_subset_39d76e444771,2026-02-27,1387.84862,345.55828,965.76001
nasdaq,new,nasdaq_ext_family_subset_39d76e444771,2026-03-31,1352.74594,339.90201,943.35716
nasdaq,new,nasdaq_ext_family_subset_39d76e444771,2026-04-30,1686.34509,391.63341,1079.32316
nasdaq,new,nasdaq_ext_family_subset_39d76e444771,2026-05-29,1890.39489,432.02139,1165.33492
nasdaq,new,nasdaq_ext_family_subset_39d76e444771,2026-06-30,2022.37806,418.02663,1153.8908
nasdaq,new,nasdaq_ext_family_subset_39d76e444771,2026-07-02,1894.06028,414.97633,1141.64538
