market,version,candidate_id,component,bucket,weight
eu-small,old,eu_small_syn_subset_ee96431827,EV To EBITDA NTM directional_delta lag1,value_improvement,0.1111111111111111
eu-small,old,eu_small_syn_subset_ee96431827,NetDebt to EBITDA exFIN directional_delta lag1,deleveraging,0.1111111111111111
eu-small,old,eu_small_syn_subset_ee96431827,NetDebt to EBITDA exFIN score_delta lag1,deleveraging,0.1111111111111111
eu-small,old,eu_small_syn_subset_ee96431827,NetDebt to EBITDA exFIN score_delta lag3,deleveraging,0.1111111111111111
eu-small,old,eu_small_syn_subset_ee96431827,PB LTM directional_delta lag1,value_improvement,0.1111111111111111
eu-small,old,eu_small_syn_subset_ee96431827,PB LTM directional_delta lag3,value_improvement,0.1111111111111111
eu-small,old,eu_small_syn_subset_ee96431827,Oper Margin directional_delta lag1,quality_improvement,0.08333333333333333
eu-small,old,eu_small_syn_subset_ee96431827,Oper Margin directional_delta lag3,quality_improvement,0.08333333333333333
eu-small,old,eu_small_syn_subset_ee96431827,ROE avg FY0 directional_delta lag1,quality_improvement,0.08333333333333333
eu-small,old,eu_small_syn_subset_ee96431827,ROE avg FY0 directional_delta lag3,quality_improvement,0.08333333333333333
eu-small,old,eu_small_syn_subset_08e95a53d5,NetDebt to EBITDA exFIN directional_delta lag1,deleveraging,0.16666666666666666
eu-small,old,eu_small_syn_subset_08e95a53d5,NetDebt to EBITDA exFIN score_delta lag1,deleveraging,0.16666666666666666
eu-small,old,eu_small_syn_subset_08e95a53d5,NetDebt to EBITDA exFIN score_delta lag3,deleveraging,0.16666666666666666
eu-small,old,eu_small_syn_subset_08e95a53d5,Oper Margin directional_delta lag1,quality_improvement,0.125
eu-small,old,eu_small_syn_subset_08e95a53d5,Oper Margin directional_delta lag3,quality_improvement,0.125
eu-small,old,eu_small_syn_subset_08e95a53d5,ROE avg FY0 directional_delta lag1,quality_improvement,0.125
eu-small,old,eu_small_syn_subset_08e95a53d5,ROE avg FY0 directional_delta lag3,quality_improvement,0.125
eu-small,old,eu_small_syn_full_bucket_equal,Daily Vol 260J score_delta lag12,risk_decline,0.125
eu-small,old,eu_small_syn_full_bucket_equal,growth: EPS Growth FY1,growth,0.125
eu-small,old,eu_small_syn_full_bucket_equal,momentum: EPS Revision Ratio,revision,0.125
eu-small,old,eu_small_syn_full_bucket_equal,momentum: PMOM 12M1M,pmom,0.125
eu-small,old,eu_small_syn_full_bucket_equal,EV To EBITDA NTM directional_delta lag1,value_improvement,0.041666666666666664
eu-small,old,eu_small_syn_full_bucket_equal,Earns Yield FY1 score_delta lag1,earnings_yield_improvement,0.041666666666666664
eu-small,old,eu_small_syn_full_bucket_equal,Earns Yield NTM directional_delta lag1,earnings_yield_improvement,0.041666666666666664
eu-small,old,eu_small_syn_full_bucket_equal,Earns Yield NTM score_delta lag1,earnings_yield_improvement,0.041666666666666664
eu-small,old,eu_small_syn_full_bucket_equal,NetDebt to EBITDA exFIN directional_delta lag1,deleveraging,0.041666666666666664
eu-small,old,eu_small_syn_full_bucket_equal,NetDebt to EBITDA exFIN score_delta lag1,deleveraging,0.041666666666666664
eu-small,old,eu_small_syn_full_bucket_equal,NetDebt to EBITDA exFIN score_delta lag3,deleveraging,0.041666666666666664
eu-small,old,eu_small_syn_full_bucket_equal,PB LTM directional_delta lag1,value_improvement,0.041666666666666664
eu-small,old,eu_small_syn_full_bucket_equal,PB LTM directional_delta lag3,value_improvement,0.041666666666666664
eu-small,old,eu_small_syn_full_bucket_equal,Oper Margin directional_delta lag1,quality_improvement,0.03125
eu-small,old,eu_small_syn_full_bucket_equal,Oper Margin directional_delta lag3,quality_improvement,0.03125
eu-small,old,eu_small_syn_full_bucket_equal,ROE avg FY0 directional_delta lag1,quality_improvement,0.03125
eu-small,old,eu_small_syn_full_bucket_equal,ROE avg FY0 directional_delta lag3,quality_improvement,0.03125
eu-small,old,eu_small_syn_subset_e797b03b9e,EV To EBITDA NTM directional_delta lag1,value_improvement,0.16666666666666666
eu-small,old,eu_small_syn_subset_e797b03b9e,PB LTM directional_delta lag1,value_improvement,0.16666666666666666
eu-small,old,eu_small_syn_subset_e797b03b9e,PB LTM directional_delta lag3,value_improvement,0.16666666666666666
eu-small,old,eu_small_syn_subset_e797b03b9e,Oper Margin directional_delta lag1,quality_improvement,0.125
eu-small,old,eu_small_syn_subset_e797b03b9e,Oper Margin directional_delta lag3,quality_improvement,0.125
eu-small,old,eu_small_syn_subset_e797b03b9e,ROE avg FY0 directional_delta lag1,quality_improvement,0.125
eu-small,old,eu_small_syn_subset_e797b03b9e,ROE avg FY0 directional_delta lag3,quality_improvement,0.125
eu-small,old,eu_small_syn_loo_without_growth,Daily Vol 260J score_delta lag12,risk_decline,0.14285714285714285
eu-small,old,eu_small_syn_loo_without_growth,momentum: EPS Revision Ratio,revision,0.14285714285714285
eu-small,old,eu_small_syn_loo_without_growth,momentum: PMOM 12M1M,pmom,0.14285714285714285
eu-small,old,eu_small_syn_loo_without_growth,EV To EBITDA NTM directional_delta lag1,value_improvement,0.047619047619047616
eu-small,old,eu_small_syn_loo_without_growth,Earns Yield FY1 score_delta lag1,earnings_yield_improvement,0.047619047619047616
eu-small,old,eu_small_syn_loo_without_growth,Earns Yield NTM directional_delta lag1,earnings_yield_improvement,0.047619047619047616
eu-small,old,eu_small_syn_loo_without_growth,Earns Yield NTM score_delta lag1,earnings_yield_improvement,0.047619047619047616
eu-small,old,eu_small_syn_loo_without_growth,NetDebt to EBITDA exFIN directional_delta lag1,deleveraging,0.047619047619047616
eu-small,old,eu_small_syn_loo_without_growth,NetDebt to EBITDA exFIN score_delta lag1,deleveraging,0.047619047619047616
eu-small,old,eu_small_syn_loo_without_growth,NetDebt to EBITDA exFIN score_delta lag3,deleveraging,0.047619047619047616
eu-small,old,eu_small_syn_loo_without_growth,PB LTM directional_delta lag1,value_improvement,0.047619047619047616
eu-small,old,eu_small_syn_loo_without_growth,PB LTM directional_delta lag3,value_improvement,0.047619047619047616
eu-small,old,eu_small_syn_loo_without_growth,Oper Margin directional_delta lag1,quality_improvement,0.03571428571428571
eu-small,old,eu_small_syn_loo_without_growth,Oper Margin directional_delta lag3,quality_improvement,0.03571428571428571
eu-small,old,eu_small_syn_loo_without_growth,ROE avg FY0 directional_delta lag1,quality_improvement,0.03571428571428571
eu-small,old,eu_small_syn_loo_without_growth,ROE avg FY0 directional_delta lag3,quality_improvement,0.03571428571428571
eu-small,old,eu_small_syn_subset_6d32f9616c,Earns Yield FY1 score_delta lag1,earnings_yield_improvement,0.1111111111111111
eu-small,old,eu_small_syn_subset_6d32f9616c,Earns Yield NTM directional_delta lag1,earnings_yield_improvement,0.1111111111111111
eu-small,old,eu_small_syn_subset_6d32f9616c,Earns Yield NTM score_delta lag1,earnings_yield_improvement,0.1111111111111111
eu-small,old,eu_small_syn_subset_6d32f9616c,NetDebt to EBITDA exFIN directional_delta lag1,deleveraging,0.1111111111111111
eu-small,old,eu_small_syn_subset_6d32f9616c,NetDebt to EBITDA exFIN score_delta lag1,deleveraging,0.1111111111111111
eu-small,old,eu_small_syn_subset_6d32f9616c,NetDebt to EBITDA exFIN score_delta lag3,deleveraging,0.1111111111111111
eu-small,old,eu_small_syn_subset_6d32f9616c,Oper Margin directional_delta lag1,quality_improvement,0.08333333333333333
eu-small,old,eu_small_syn_subset_6d32f9616c,Oper Margin directional_delta lag3,quality_improvement,0.08333333333333333
eu-small,old,eu_small_syn_subset_6d32f9616c,ROE avg FY0 directional_delta lag1,quality_improvement,0.08333333333333333
eu-small,old,eu_small_syn_subset_6d32f9616c,ROE avg FY0 directional_delta lag3,quality_improvement,0.08333333333333333
eu-small,old,eu_small_syn_subset_b3c0d0fc7d,momentum: EPS Revision Ratio,revision,0.3333333333333333
eu-small,old,eu_small_syn_subset_b3c0d0fc7d,NetDebt to EBITDA exFIN directional_delta lag1,deleveraging,0.1111111111111111
eu-small,old,eu_small_syn_subset_b3c0d0fc7d,NetDebt to EBITDA exFIN score_delta lag1,deleveraging,0.1111111111111111
eu-small,old,eu_small_syn_subset_b3c0d0fc7d,NetDebt to EBITDA exFIN score_delta lag3,deleveraging,0.1111111111111111
eu-small,old,eu_small_syn_subset_b3c0d0fc7d,Oper Margin directional_delta lag1,quality_improvement,0.08333333333333333
eu-small,old,eu_small_syn_subset_b3c0d0fc7d,Oper Margin directional_delta lag3,quality_improvement,0.08333333333333333
eu-small,old,eu_small_syn_subset_b3c0d0fc7d,ROE avg FY0 directional_delta lag1,quality_improvement,0.08333333333333333
eu-small,old,eu_small_syn_subset_b3c0d0fc7d,ROE avg FY0 directional_delta lag3,quality_improvement,0.08333333333333333
eu-small,old,eu_small_syn_subset_af05547f2a,momentum: PMOM 12M1M,pmom,0.3333333333333333
eu-small,old,eu_small_syn_subset_af05547f2a,EV To EBITDA NTM directional_delta lag1,value_improvement,0.1111111111111111
eu-small,old,eu_small_syn_subset_af05547f2a,PB LTM directional_delta lag1,value_improvement,0.1111111111111111
eu-small,old,eu_small_syn_subset_af05547f2a,PB LTM directional_delta lag3,value_improvement,0.1111111111111111
eu-small,old,eu_small_syn_subset_af05547f2a,Oper Margin directional_delta lag1,quality_improvement,0.08333333333333333
eu-small,old,eu_small_syn_subset_af05547f2a,Oper Margin directional_delta lag3,quality_improvement,0.08333333333333333
eu-small,old,eu_small_syn_subset_af05547f2a,ROE avg FY0 directional_delta lag1,quality_improvement,0.08333333333333333
eu-small,old,eu_small_syn_subset_af05547f2a,ROE avg FY0 directional_delta lag3,quality_improvement,0.08333333333333333
eu-small,old,eu_small_syn_loo_without_risk_decline,growth: EPS Growth FY1,growth,0.14285714285714285
eu-small,old,eu_small_syn_loo_without_risk_decline,momentum: EPS Revision Ratio,revision,0.14285714285714285
eu-small,old,eu_small_syn_loo_without_risk_decline,momentum: PMOM 12M1M,pmom,0.14285714285714285
eu-small,old,eu_small_syn_loo_without_risk_decline,EV To EBITDA NTM directional_delta lag1,value_improvement,0.047619047619047616
eu-small,old,eu_small_syn_loo_without_risk_decline,Earns Yield FY1 score_delta lag1,earnings_yield_improvement,0.047619047619047616
eu-small,old,eu_small_syn_loo_without_risk_decline,Earns Yield NTM directional_delta lag1,earnings_yield_improvement,0.047619047619047616
eu-small,old,eu_small_syn_loo_without_risk_decline,Earns Yield NTM score_delta lag1,earnings_yield_improvement,0.047619047619047616
eu-small,old,eu_small_syn_loo_without_risk_decline,NetDebt to EBITDA exFIN directional_delta lag1,deleveraging,0.047619047619047616
eu-small,old,eu_small_syn_loo_without_risk_decline,NetDebt to EBITDA exFIN score_delta lag1,deleveraging,0.047619047619047616
eu-small,old,eu_small_syn_loo_without_risk_decline,NetDebt to EBITDA exFIN score_delta lag3,deleveraging,0.047619047619047616
eu-small,old,eu_small_syn_loo_without_risk_decline,PB LTM directional_delta lag1,value_improvement,0.047619047619047616
eu-small,old,eu_small_syn_loo_without_risk_decline,PB LTM directional_delta lag3,value_improvement,0.047619047619047616
eu-small,old,eu_small_syn_loo_without_risk_decline,Oper Margin directional_delta lag1,quality_improvement,0.03571428571428571
eu-small,old,eu_small_syn_loo_without_risk_decline,Oper Margin directional_delta lag3,quality_improvement,0.03571428571428571
eu-small,old,eu_small_syn_loo_without_risk_decline,ROE avg FY0 directional_delta lag1,quality_improvement,0.03571428571428571
eu-small,old,eu_small_syn_loo_without_risk_decline,ROE avg FY0 directional_delta lag3,quality_improvement,0.03571428571428571
eu-small,old,eu_small_syn_subset_e5c1a446e9,momentum: EPS Revision Ratio,revision,0.3333333333333333
eu-small,old,eu_small_syn_subset_e5c1a446e9,EV To EBITDA NTM directional_delta lag1,value_improvement,0.1111111111111111
eu-small,old,eu_small_syn_subset_e5c1a446e9,PB LTM directional_delta lag1,value_improvement,0.1111111111111111
eu-small,old,eu_small_syn_subset_e5c1a446e9,PB LTM directional_delta lag3,value_improvement,0.1111111111111111
eu-small,old,eu_small_syn_subset_e5c1a446e9,Oper Margin directional_delta lag1,quality_improvement,0.08333333333333333
eu-small,old,eu_small_syn_subset_e5c1a446e9,Oper Margin directional_delta lag3,quality_improvement,0.08333333333333333
eu-small,old,eu_small_syn_subset_e5c1a446e9,ROE avg FY0 directional_delta lag1,quality_improvement,0.08333333333333333
eu-small,old,eu_small_syn_subset_e5c1a446e9,ROE avg FY0 directional_delta lag3,quality_improvement,0.08333333333333333
eu-small,old,eu_small_syn_loo_without_earnings_yield_improvement,Daily Vol 260J score_delta lag12,risk_decline,0.14285714285714285
eu-small,old,eu_small_syn_loo_without_earnings_yield_improvement,growth: EPS Growth FY1,growth,0.14285714285714285
eu-small,old,eu_small_syn_loo_without_earnings_yield_improvement,momentum: EPS Revision Ratio,revision,0.14285714285714285
eu-small,old,eu_small_syn_loo_without_earnings_yield_improvement,momentum: PMOM 12M1M,pmom,0.14285714285714285
eu-small,old,eu_small_syn_loo_without_earnings_yield_improvement,EV To EBITDA NTM directional_delta lag1,value_improvement,0.047619047619047616
eu-small,old,eu_small_syn_loo_without_earnings_yield_improvement,NetDebt to EBITDA exFIN directional_delta lag1,deleveraging,0.047619047619047616
eu-small,old,eu_small_syn_loo_without_earnings_yield_improvement,NetDebt to EBITDA exFIN score_delta lag1,deleveraging,0.047619047619047616
eu-small,old,eu_small_syn_loo_without_earnings_yield_improvement,NetDebt to EBITDA exFIN score_delta lag3,deleveraging,0.047619047619047616
eu-small,old,eu_small_syn_loo_without_earnings_yield_improvement,PB LTM directional_delta lag1,value_improvement,0.047619047619047616
eu-small,old,eu_small_syn_loo_without_earnings_yield_improvement,PB LTM directional_delta lag3,value_improvement,0.047619047619047616
eu-small,old,eu_small_syn_loo_without_earnings_yield_improvement,Oper Margin directional_delta lag1,quality_improvement,0.03571428571428571
eu-small,old,eu_small_syn_loo_without_earnings_yield_improvement,Oper Margin directional_delta lag3,quality_improvement,0.03571428571428571
eu-small,old,eu_small_syn_loo_without_earnings_yield_improvement,ROE avg FY0 directional_delta lag1,quality_improvement,0.03571428571428571
eu-small,old,eu_small_syn_loo_without_earnings_yield_improvement,ROE avg FY0 directional_delta lag3,quality_improvement,0.03571428571428571
eu-small,old,eu_small_syn_loo_without_revision,Daily Vol 260J score_delta lag12,risk_decline,0.14285714285714285
eu-small,old,eu_small_syn_loo_without_revision,growth: EPS Growth FY1,growth,0.14285714285714285
eu-small,old,eu_small_syn_loo_without_revision,momentum: PMOM 12M1M,pmom,0.14285714285714285
eu-small,old,eu_small_syn_loo_without_revision,EV To EBITDA NTM directional_delta lag1,value_improvement,0.047619047619047616
eu-small,old,eu_small_syn_loo_without_revision,Earns Yield FY1 score_delta lag1,earnings_yield_improvement,0.047619047619047616
eu-small,old,eu_small_syn_loo_without_revision,Earns Yield NTM directional_delta lag1,earnings_yield_improvement,0.047619047619047616
eu-small,old,eu_small_syn_loo_without_revision,Earns Yield NTM score_delta lag1,earnings_yield_improvement,0.047619047619047616
eu-small,old,eu_small_syn_loo_without_revision,NetDebt to EBITDA exFIN directional_delta lag1,deleveraging,0.047619047619047616
eu-small,old,eu_small_syn_loo_without_revision,NetDebt to EBITDA exFIN score_delta lag1,deleveraging,0.047619047619047616
eu-small,old,eu_small_syn_loo_without_revision,NetDebt to EBITDA exFIN score_delta lag3,deleveraging,0.047619047619047616
eu-small,old,eu_small_syn_loo_without_revision,PB LTM directional_delta lag1,value_improvement,0.047619047619047616
eu-small,old,eu_small_syn_loo_without_revision,PB LTM directional_delta lag3,value_improvement,0.047619047619047616
eu-small,old,eu_small_syn_loo_without_revision,Oper Margin directional_delta lag1,quality_improvement,0.03571428571428571
eu-small,old,eu_small_syn_loo_without_revision,Oper Margin directional_delta lag3,quality_improvement,0.03571428571428571
eu-small,old,eu_small_syn_loo_without_revision,ROE avg FY0 directional_delta lag1,quality_improvement,0.03571428571428571
eu-small,old,eu_small_syn_loo_without_revision,ROE avg FY0 directional_delta lag3,quality_improvement,0.03571428571428571
eu-small,old,eu_small_syn_loo_without_pmom,Daily Vol 260J score_delta lag12,risk_decline,0.14285714285714285
eu-small,old,eu_small_syn_loo_without_pmom,growth: EPS Growth FY1,growth,0.14285714285714285
eu-small,old,eu_small_syn_loo_without_pmom,momentum: EPS Revision Ratio,revision,0.14285714285714285
eu-small,old,eu_small_syn_loo_without_pmom,EV To EBITDA NTM directional_delta lag1,value_improvement,0.047619047619047616
eu-small,old,eu_small_syn_loo_without_pmom,Earns Yield FY1 score_delta lag1,earnings_yield_improvement,0.047619047619047616
eu-small,old,eu_small_syn_loo_without_pmom,Earns Yield NTM directional_delta lag1,earnings_yield_improvement,0.047619047619047616
eu-small,old,eu_small_syn_loo_without_pmom,Earns Yield NTM score_delta lag1,earnings_yield_improvement,0.047619047619047616
eu-small,old,eu_small_syn_loo_without_pmom,NetDebt to EBITDA exFIN directional_delta lag1,deleveraging,0.047619047619047616
eu-small,old,eu_small_syn_loo_without_pmom,NetDebt to EBITDA exFIN score_delta lag1,deleveraging,0.047619047619047616
eu-small,old,eu_small_syn_loo_without_pmom,NetDebt to EBITDA exFIN score_delta lag3,deleveraging,0.047619047619047616
eu-small,old,eu_small_syn_loo_without_pmom,PB LTM directional_delta lag1,value_improvement,0.047619047619047616
eu-small,old,eu_small_syn_loo_without_pmom,PB LTM directional_delta lag3,value_improvement,0.047619047619047616
eu-small,old,eu_small_syn_loo_without_pmom,Oper Margin directional_delta lag1,quality_improvement,0.03571428571428571
eu-small,old,eu_small_syn_loo_without_pmom,Oper Margin directional_delta lag3,quality_improvement,0.03571428571428571
eu-small,old,eu_small_syn_loo_without_pmom,ROE avg FY0 directional_delta lag1,quality_improvement,0.03571428571428571
eu-small,old,eu_small_syn_loo_without_pmom,ROE avg FY0 directional_delta lag3,quality_improvement,0.03571428571428571
eu-small,old,eu_small_validated_qvm,EPS Revision Ratio（高为好）,momentum,0.15
eu-small,old,eu_small_validated_qvm,PMOM 12M1M（高为好）,momentum,0.15
eu-small,old,eu_small_validated_qvm,NetDebt to EBITDA exFIN（低为好）,quality,0.13333333333333333
eu-small,old,eu_small_validated_qvm,Oper Margin（高为好）,quality,0.13333333333333333
eu-small,old,eu_small_validated_qvm,ROE avg FY0（高为好）,quality,0.13333333333333333
eu-small,old,eu_small_validated_qvm,Earns Yield FY1（高为好）,value,0.09999999999999999
eu-small,old,eu_small_validated_qvm,Earns Yield NTM（高为好）,value,0.09999999999999999
eu-small,old,eu_small_validated_qvm,PFCF LTM（低为好）,value,0.09999999999999999
eu-small,old,eu_small_syn_subset_cdefeb1ebb,EV To EBITDA NTM directional_delta lag1,value_improvement,0.1111111111111111
eu-small,old,eu_small_syn_subset_cdefeb1ebb,Earns Yield FY1 score_delta lag1,earnings_yield_improvement,0.1111111111111111
eu-small,old,eu_small_syn_subset_cdefeb1ebb,Earns Yield NTM directional_delta lag1,earnings_yield_improvement,0.1111111111111111
eu-small,old,eu_small_syn_subset_cdefeb1ebb,Earns Yield NTM score_delta lag1,earnings_yield_improvement,0.1111111111111111
eu-small,old,eu_small_syn_subset_cdefeb1ebb,PB LTM directional_delta lag1,value_improvement,0.1111111111111111
eu-small,old,eu_small_syn_subset_cdefeb1ebb,PB LTM directional_delta lag3,value_improvement,0.1111111111111111
eu-small,old,eu_small_syn_subset_cdefeb1ebb,Oper Margin directional_delta lag1,quality_improvement,0.08333333333333333
eu-small,old,eu_small_syn_subset_cdefeb1ebb,Oper Margin directional_delta lag3,quality_improvement,0.08333333333333333
eu-small,old,eu_small_syn_subset_cdefeb1ebb,ROE avg FY0 directional_delta lag1,quality_improvement,0.08333333333333333
eu-small,old,eu_small_syn_subset_cdefeb1ebb,ROE avg FY0 directional_delta lag3,quality_improvement,0.08333333333333333
eu-small,old,eu_small_syn_subset_eba89b8a51,momentum: PMOM 12M1M,pmom,0.3333333333333333
eu-small,old,eu_small_syn_subset_eba89b8a51,NetDebt to EBITDA exFIN directional_delta lag1,deleveraging,0.1111111111111111
eu-small,old,eu_small_syn_subset_eba89b8a51,NetDebt to EBITDA exFIN score_delta lag1,deleveraging,0.1111111111111111
eu-small,old,eu_small_syn_subset_eba89b8a51,NetDebt to EBITDA exFIN score_delta lag3,deleveraging,0.1111111111111111
eu-small,old,eu_small_syn_subset_eba89b8a51,Oper Margin directional_delta lag1,quality_improvement,0.08333333333333333
eu-small,old,eu_small_syn_subset_eba89b8a51,Oper Margin directional_delta lag3,quality_improvement,0.08333333333333333
eu-small,old,eu_small_syn_subset_eba89b8a51,ROE avg FY0 directional_delta lag1,quality_improvement,0.08333333333333333
eu-small,old,eu_small_syn_subset_eba89b8a51,ROE avg FY0 directional_delta lag3,quality_improvement,0.08333333333333333
eu-small,old,eu_small_syn_subset_8cd5bfe02a,momentum: EPS Revision Ratio,revision,0.3333333333333333
eu-small,old,eu_small_syn_subset_8cd5bfe02a,EV To EBITDA NTM directional_delta lag1,value_improvement,0.1111111111111111
eu-small,old,eu_small_syn_subset_8cd5bfe02a,NetDebt to EBITDA exFIN directional_delta lag1,deleveraging,0.1111111111111111
eu-small,old,eu_small_syn_subset_8cd5bfe02a,NetDebt to EBITDA exFIN score_delta lag1,deleveraging,0.1111111111111111
eu-small,old,eu_small_syn_subset_8cd5bfe02a,NetDebt to EBITDA exFIN score_delta lag3,deleveraging,0.1111111111111111
eu-small,old,eu_small_syn_subset_8cd5bfe02a,PB LTM directional_delta lag1,value_improvement,0.1111111111111111
eu-small,old,eu_small_syn_subset_8cd5bfe02a,PB LTM directional_delta lag3,value_improvement,0.1111111111111111
eu-small,old,eu_small_syn_pair_674e67cd8d37,NetDebt to EBITDA exFIN score_delta lag1,NetDebt to EBITDA exFIN score_delta lag1,0.5
eu-small,old,eu_small_syn_pair_674e67cd8d37,Oper Margin directional_delta lag1,Oper Margin directional_delta lag1,0.5
eu-small,old,eu_small_syn_loo_without_value_improvement,Daily Vol 260J score_delta lag12,risk_decline,0.14285714285714285
eu-small,old,eu_small_syn_loo_without_value_improvement,growth: EPS Growth FY1,growth,0.14285714285714285
eu-small,old,eu_small_syn_loo_without_value_improvement,momentum: EPS Revision Ratio,revision,0.14285714285714285
eu-small,old,eu_small_syn_loo_without_value_improvement,momentum: PMOM 12M1M,pmom,0.14285714285714285
eu-small,old,eu_small_syn_loo_without_value_improvement,Earns Yield FY1 score_delta lag1,earnings_yield_improvement,0.047619047619047616
eu-small,old,eu_small_syn_loo_without_value_improvement,Earns Yield NTM directional_delta lag1,earnings_yield_improvement,0.047619047619047616
eu-small,old,eu_small_syn_loo_without_value_improvement,Earns Yield NTM score_delta lag1,earnings_yield_improvement,0.047619047619047616
eu-small,old,eu_small_syn_loo_without_value_improvement,NetDebt to EBITDA exFIN directional_delta lag1,deleveraging,0.047619047619047616
eu-small,old,eu_small_syn_loo_without_value_improvement,NetDebt to EBITDA exFIN score_delta lag1,deleveraging,0.047619047619047616
eu-small,old,eu_small_syn_loo_without_value_improvement,NetDebt to EBITDA exFIN score_delta lag3,deleveraging,0.047619047619047616
eu-small,old,eu_small_syn_loo_without_value_improvement,Oper Margin directional_delta lag1,quality_improvement,0.03571428571428571
eu-small,old,eu_small_syn_loo_without_value_improvement,Oper Margin directional_delta lag3,quality_improvement,0.03571428571428571
eu-small,old,eu_small_syn_loo_without_value_improvement,ROE avg FY0 directional_delta lag1,quality_improvement,0.03571428571428571
eu-small,old,eu_small_syn_loo_without_value_improvement,ROE avg FY0 directional_delta lag3,quality_improvement,0.03571428571428571
eu-small,old,eu_small_syn_pair_5c2034907e5f,NetDebt to EBITDA exFIN directional_delta lag1,NetDebt to EBITDA exFIN directional_delta lag1,0.5
eu-small,old,eu_small_syn_pair_5c2034907e5f,Oper Margin directional_delta lag3,Oper Margin directional_delta lag3,0.5
eu-small,old,eu_small_validated_loo_growth,dividend: DPS 1Y Growth FY1,eu_small_validated_dividend,0.08333333333333333
eu-small,old,eu_small_validated_loo_growth,dividend: DVD Yield FY1,eu_small_validated_dividend,0.08333333333333333
eu-small,old,eu_small_validated_loo_growth,dividend: DVD Yield NTM,eu_small_validated_dividend,0.08333333333333333
eu-small,old,eu_small_validated_loo_growth,momentum: EPS Revision Ratio,eu_small_validated_momentum,0.125
eu-small,old,eu_small_validated_loo_growth,momentum: PMOM 12M1M,eu_small_validated_momentum,0.125
eu-small,old,eu_small_validated_loo_growth,quality: NetDebt to EBITDA exFIN,eu_small_validated_quality,0.08333333333333333
eu-small,old,eu_small_validated_loo_growth,quality: Oper Margin,eu_small_validated_quality,0.08333333333333333
eu-small,old,eu_small_validated_loo_growth,quality: ROE avg FY0,eu_small_validated_quality,0.08333333333333333
eu-small,old,eu_small_validated_loo_growth,value: Earns Yield FY1,eu_small_validated_value,0.08333333333333333
eu-small,old,eu_small_validated_loo_growth,value: Earns Yield NTM,eu_small_validated_value,0.08333333333333333
eu-small,old,eu_small_validated_loo_growth,value: PFCF LTM,eu_small_validated_value,0.08333333333333333
eu-small,old,eu_small_syn_subset_693104f7b4,momentum: EPS Revision Ratio,revision,0.5
eu-small,old,eu_small_syn_subset_693104f7b4,Oper Margin directional_delta lag1,quality_improvement,0.125
eu-small,old,eu_small_syn_subset_693104f7b4,Oper Margin directional_delta lag3,quality_improvement,0.125
eu-small,old,eu_small_syn_subset_693104f7b4,ROE avg FY0 directional_delta lag1,quality_improvement,0.125
eu-small,old,eu_small_syn_subset_693104f7b4,ROE avg FY0 directional_delta lag3,quality_improvement,0.125
eu-small,old,eu_small_syn_loo_without_deleveraging,Daily Vol 260J score_delta lag12,risk_decline,0.14285714285714285
eu-small,old,eu_small_syn_loo_without_deleveraging,growth: EPS Growth FY1,growth,0.14285714285714285
eu-small,old,eu_small_syn_loo_without_deleveraging,momentum: EPS Revision Ratio,revision,0.14285714285714285
eu-small,old,eu_small_syn_loo_without_deleveraging,momentum: PMOM 12M1M,pmom,0.14285714285714285
eu-small,old,eu_small_syn_loo_without_deleveraging,EV To EBITDA NTM directional_delta lag1,value_improvement,0.047619047619047616
eu-small,old,eu_small_syn_loo_without_deleveraging,Earns Yield FY1 score_delta lag1,earnings_yield_improvement,0.047619047619047616
eu-small,old,eu_small_syn_loo_without_deleveraging,Earns Yield NTM directional_delta lag1,earnings_yield_improvement,0.047619047619047616
eu-small,old,eu_small_syn_loo_without_deleveraging,Earns Yield NTM score_delta lag1,earnings_yield_improvement,0.047619047619047616
eu-small,old,eu_small_syn_loo_without_deleveraging,PB LTM directional_delta lag1,value_improvement,0.047619047619047616
eu-small,old,eu_small_syn_loo_without_deleveraging,PB LTM directional_delta lag3,value_improvement,0.047619047619047616
eu-small,old,eu_small_syn_loo_without_deleveraging,Oper Margin directional_delta lag1,quality_improvement,0.03571428571428571
eu-small,old,eu_small_syn_loo_without_deleveraging,Oper Margin directional_delta lag3,quality_improvement,0.03571428571428571
eu-small,old,eu_small_syn_loo_without_deleveraging,ROE avg FY0 directional_delta lag1,quality_improvement,0.03571428571428571
eu-small,old,eu_small_syn_loo_without_deleveraging,ROE avg FY0 directional_delta lag3,quality_improvement,0.03571428571428571
eu-small,old,eu_small_syn_pair_3ec53d9c2684,NetDebt to EBITDA exFIN directional_delta lag1,NetDebt to EBITDA exFIN directional_delta lag1,0.5
eu-small,old,eu_small_syn_pair_3ec53d9c2684,ROE avg FY0 directional_delta lag3,ROE avg FY0 directional_delta lag3,0.5
eu-small,old,eu_small_validated_quality_momentum,momentum: EPS Revision Ratio,eu_small_validated_momentum,0.25
eu-small,old,eu_small_validated_quality_momentum,momentum: PMOM 12M1M,eu_small_validated_momentum,0.25
eu-small,old,eu_small_validated_quality_momentum,quality: NetDebt to EBITDA exFIN,eu_small_validated_quality,0.16666666666666666
eu-small,old,eu_small_validated_quality_momentum,quality: Oper Margin,eu_small_validated_quality,0.16666666666666666
eu-small,old,eu_small_validated_quality_momentum,quality: ROE avg FY0,eu_small_validated_quality,0.16666666666666666
eu-small,old,eu_small_syn_subset_1e7b64c9ba,momentum: PMOM 12M1M,pmom,0.5
eu-small,old,eu_small_syn_subset_1e7b64c9ba,Oper Margin directional_delta lag1,quality_improvement,0.125
eu-small,old,eu_small_syn_subset_1e7b64c9ba,Oper Margin directional_delta lag3,quality_improvement,0.125
eu-small,old,eu_small_syn_subset_1e7b64c9ba,ROE avg FY0 directional_delta lag1,quality_improvement,0.125
eu-small,old,eu_small_syn_subset_1e7b64c9ba,ROE avg FY0 directional_delta lag3,quality_improvement,0.125
eu-small,old,eu_small_syn_pair_f1d2ba88715b,NetDebt to EBITDA exFIN score_delta lag3,NetDebt to EBITDA exFIN score_delta lag3,0.5
eu-small,old,eu_small_syn_pair_f1d2ba88715b,Oper Margin directional_delta lag1,Oper Margin directional_delta lag1,0.5
eu-small,old,eu_small_syn_pair_17e1d2a6cf0a,NetDebt to EBITDA exFIN score_delta lag1,NetDebt to EBITDA exFIN score_delta lag1,0.5
eu-small,old,eu_small_syn_pair_17e1d2a6cf0a,Oper Margin directional_delta lag3,Oper Margin directional_delta lag3,0.5
eu-small,old,eu_small_validated_all_equal,dividend: DPS 1Y Growth FY1,eu_small_validated_dividend,0.06666666666666667
eu-small,old,eu_small_validated_all_equal,dividend: DVD Yield FY1,eu_small_validated_dividend,0.06666666666666667
eu-small,old,eu_small_validated_all_equal,dividend: DVD Yield NTM,eu_small_validated_dividend,0.06666666666666667
eu-small,old,eu_small_validated_all_equal,growth: EPS Growth FY1,eu_small_validated_growth,0.2
eu-small,old,eu_small_validated_all_equal,momentum: EPS Revision Ratio,eu_small_validated_momentum,0.1
eu-small,old,eu_small_validated_all_equal,momentum: PMOM 12M1M,eu_small_validated_momentum,0.1
eu-small,old,eu_small_validated_all_equal,quality: NetDebt to EBITDA exFIN,eu_small_validated_quality,0.06666666666666667
eu-small,old,eu_small_validated_all_equal,quality: Oper Margin,eu_small_validated_quality,0.06666666666666667
eu-small,old,eu_small_validated_all_equal,quality: ROE avg FY0,eu_small_validated_quality,0.06666666666666667
eu-small,old,eu_small_validated_all_equal,value: Earns Yield FY1,eu_small_validated_value,0.06666666666666667
eu-small,old,eu_small_validated_all_equal,value: Earns Yield NTM,eu_small_validated_value,0.06666666666666667
eu-small,old,eu_small_validated_all_equal,value: PFCF LTM,eu_small_validated_value,0.06666666666666667
eu-small,old,eu_small_syn_pair_a663a366b8d1,Oper Margin directional_delta lag1,Oper Margin directional_delta lag1,0.5
eu-small,old,eu_small_syn_pair_a663a366b8d1,momentum: EPS Revision Ratio,momentum: EPS Revision Ratio,0.5
eu-small,old,eu_small_syn_pair_8e94a0221f4c,NetDebt to EBITDA exFIN directional_delta lag1,NetDebt to EBITDA exFIN directional_delta lag1,0.5
eu-small,old,eu_small_syn_pair_8e94a0221f4c,Oper Margin directional_delta lag1,Oper Margin directional_delta lag1,0.5
eu-small,old,eu_small_syn_pair_fe187ab32528,NetDebt to EBITDA exFIN score_delta lag3,NetDebt to EBITDA exFIN score_delta lag3,0.5
eu-small,old,eu_small_syn_pair_fe187ab32528,Oper Margin directional_delta lag3,Oper Margin directional_delta lag3,0.5
eu-small,old,eu_small_syn_loo_without_quality_improvement,Daily Vol 260J score_delta lag12,risk_decline,0.14285714285714285
eu-small,old,eu_small_syn_loo_without_quality_improvement,growth: EPS Growth FY1,growth,0.14285714285714285
eu-small,old,eu_small_syn_loo_without_quality_improvement,momentum: EPS Revision Ratio,revision,0.14285714285714285
eu-small,old,eu_small_syn_loo_without_quality_improvement,momentum: PMOM 12M1M,pmom,0.14285714285714285
eu-small,old,eu_small_syn_loo_without_quality_improvement,EV To EBITDA NTM directional_delta lag1,value_improvement,0.047619047619047616
eu-small,old,eu_small_syn_loo_without_quality_improvement,Earns Yield FY1 score_delta lag1,earnings_yield_improvement,0.047619047619047616
eu-small,old,eu_small_syn_loo_without_quality_improvement,Earns Yield NTM directional_delta lag1,earnings_yield_improvement,0.047619047619047616
eu-small,old,eu_small_syn_loo_without_quality_improvement,Earns Yield NTM score_delta lag1,earnings_yield_improvement,0.047619047619047616
eu-small,old,eu_small_syn_loo_without_quality_improvement,NetDebt to EBITDA exFIN directional_delta lag1,deleveraging,0.047619047619047616
eu-small,old,eu_small_syn_loo_without_quality_improvement,NetDebt to EBITDA exFIN score_delta lag1,deleveraging,0.047619047619047616
eu-small,old,eu_small_syn_loo_without_quality_improvement,NetDebt to EBITDA exFIN score_delta lag3,deleveraging,0.047619047619047616
eu-small,old,eu_small_syn_loo_without_quality_improvement,PB LTM directional_delta lag1,value_improvement,0.047619047619047616
eu-small,old,eu_small_syn_loo_without_quality_improvement,PB LTM directional_delta lag3,value_improvement,0.047619047619047616
eu-small,old,eu_small_syn_subset_2543debc1d,momentum: PMOM 12M1M,pmom,0.3333333333333333
eu-small,old,eu_small_syn_subset_2543debc1d,Earns Yield FY1 score_delta lag1,earnings_yield_improvement,0.1111111111111111
eu-small,old,eu_small_syn_subset_2543debc1d,Earns Yield NTM directional_delta lag1,earnings_yield_improvement,0.1111111111111111
eu-small,old,eu_small_syn_subset_2543debc1d,Earns Yield NTM score_delta lag1,earnings_yield_improvement,0.1111111111111111
eu-small,old,eu_small_syn_subset_2543debc1d,Oper Margin directional_delta lag1,quality_improvement,0.08333333333333333
eu-small,old,eu_small_syn_subset_2543debc1d,Oper Margin directional_delta lag3,quality_improvement,0.08333333333333333
eu-small,old,eu_small_syn_subset_2543debc1d,ROE avg FY0 directional_delta lag1,quality_improvement,0.08333333333333333
eu-small,old,eu_small_syn_subset_2543debc1d,ROE avg FY0 directional_delta lag3,quality_improvement,0.08333333333333333
eu-small,old,eu_small_syn_subset_63b970fc78,Earns Yield FY1 score_delta lag1,earnings_yield_improvement,0.16666666666666666
eu-small,old,eu_small_syn_subset_63b970fc78,Earns Yield NTM directional_delta lag1,earnings_yield_improvement,0.16666666666666666
eu-small,old,eu_small_syn_subset_63b970fc78,Earns Yield NTM score_delta lag1,earnings_yield_improvement,0.16666666666666666
eu-small,old,eu_small_syn_subset_63b970fc78,Oper Margin directional_delta lag1,quality_improvement,0.125
eu-small,old,eu_small_syn_subset_63b970fc78,Oper Margin directional_delta lag3,quality_improvement,0.125
eu-small,old,eu_small_syn_subset_63b970fc78,ROE avg FY0 directional_delta lag1,quality_improvement,0.125
eu-small,old,eu_small_syn_subset_63b970fc78,ROE avg FY0 directional_delta lag3,quality_improvement,0.125
eu-small,old,eu_small_reldelta_quality_oper_margin_lag1_score,Oper Margin directional_delta lag1,,1.0
eu-small,old,eu_small_syn_subset_f0f16e6b36,momentum: PMOM 12M1M,pmom,0.3333333333333333
eu-small,old,eu_small_syn_subset_f0f16e6b36,EV To EBITDA NTM directional_delta lag1,value_improvement,0.1111111111111111
eu-small,old,eu_small_syn_subset_f0f16e6b36,NetDebt to EBITDA exFIN directional_delta lag1,deleveraging,0.1111111111111111
eu-small,old,eu_small_syn_subset_f0f16e6b36,NetDebt to EBITDA exFIN score_delta lag1,deleveraging,0.1111111111111111
eu-small,old,eu_small_syn_subset_f0f16e6b36,NetDebt to EBITDA exFIN score_delta lag3,deleveraging,0.1111111111111111
eu-small,old,eu_small_syn_subset_f0f16e6b36,PB LTM directional_delta lag1,value_improvement,0.1111111111111111
eu-small,old,eu_small_syn_subset_f0f16e6b36,PB LTM directional_delta lag3,value_improvement,0.1111111111111111
eu-small,old,eu_small_syn_pair_bcb4ae3dacad,ROE avg FY0 directional_delta lag1,ROE avg FY0 directional_delta lag1,0.5
eu-small,old,eu_small_syn_pair_bcb4ae3dacad,momentum: EPS Revision Ratio,momentum: EPS Revision Ratio,0.5
eu-small,old,eu_small_validated_quality_value,quality: NetDebt to EBITDA exFIN,eu_small_validated_quality,0.16666666666666666
eu-small,old,eu_small_validated_quality_value,quality: Oper Margin,eu_small_validated_quality,0.16666666666666666
eu-small,old,eu_small_validated_quality_value,quality: ROE avg FY0,eu_small_validated_quality,0.16666666666666666
eu-small,old,eu_small_validated_quality_value,value: Earns Yield FY1,eu_small_validated_value,0.16666666666666666
eu-small,old,eu_small_validated_quality_value,value: Earns Yield NTM,eu_small_validated_value,0.16666666666666666
eu-small,old,eu_small_validated_quality_value,value: PFCF LTM,eu_small_validated_value,0.16666666666666666
eu-small,old,eu_small_syn_subset_899194f687,momentum: EPS Revision Ratio,revision,0.3333333333333333
eu-small,old,eu_small_syn_subset_899194f687,Earns Yield FY1 score_delta lag1,earnings_yield_improvement,0.1111111111111111
eu-small,old,eu_small_syn_subset_899194f687,Earns Yield NTM directional_delta lag1,earnings_yield_improvement,0.1111111111111111
eu-small,old,eu_small_syn_subset_899194f687,Earns Yield NTM score_delta lag1,earnings_yield_improvement,0.1111111111111111
eu-small,old,eu_small_syn_subset_899194f687,Oper Margin directional_delta lag1,quality_improvement,0.08333333333333333
eu-small,old,eu_small_syn_subset_899194f687,Oper Margin directional_delta lag3,quality_improvement,0.08333333333333333
eu-small,old,eu_small_syn_subset_899194f687,ROE avg FY0 directional_delta lag1,quality_improvement,0.08333333333333333
eu-small,old,eu_small_syn_subset_899194f687,ROE avg FY0 directional_delta lag3,quality_improvement,0.08333333333333333
eu-small,old,eu_small_syn_pair_e89e3c049b0f,Oper Margin directional_delta lag3,Oper Margin directional_delta lag3,0.5
eu-small,old,eu_small_syn_pair_e89e3c049b0f,momentum: EPS Revision Ratio,momentum: EPS Revision Ratio,0.5
eu-small,old,eu_small_syn_subset_27b784f1d4,growth: EPS Growth FY1,growth,0.3333333333333333
eu-small,old,eu_small_syn_subset_27b784f1d4,NetDebt to EBITDA exFIN directional_delta lag1,deleveraging,0.1111111111111111
eu-small,old,eu_small_syn_subset_27b784f1d4,NetDebt to EBITDA exFIN score_delta lag1,deleveraging,0.1111111111111111
eu-small,old,eu_small_syn_subset_27b784f1d4,NetDebt to EBITDA exFIN score_delta lag3,deleveraging,0.1111111111111111
eu-small,old,eu_small_syn_subset_27b784f1d4,Oper Margin directional_delta lag1,quality_improvement,0.08333333333333333
eu-small,old,eu_small_syn_subset_27b784f1d4,Oper Margin directional_delta lag3,quality_improvement,0.08333333333333333
eu-small,old,eu_small_syn_subset_27b784f1d4,ROE avg FY0 directional_delta lag1,quality_improvement,0.08333333333333333
eu-small,old,eu_small_syn_subset_27b784f1d4,ROE avg FY0 directional_delta lag3,quality_improvement,0.08333333333333333
eu-small,old,eu_small_syn_subset_c04f0d771c,momentum: PMOM 12M1M,pmom,0.3333333333333333
eu-small,old,eu_small_syn_subset_c04f0d771c,Earns Yield FY1 score_delta lag1,earnings_yield_improvement,0.1111111111111111
eu-small,old,eu_small_syn_subset_c04f0d771c,Earns Yield NTM directional_delta lag1,earnings_yield_improvement,0.1111111111111111
eu-small,old,eu_small_syn_subset_c04f0d771c,Earns Yield NTM score_delta lag1,earnings_yield_improvement,0.1111111111111111
eu-small,old,eu_small_syn_subset_c04f0d771c,NetDebt to EBITDA exFIN directional_delta lag1,deleveraging,0.1111111111111111
eu-small,old,eu_small_syn_subset_c04f0d771c,NetDebt to EBITDA exFIN score_delta lag1,deleveraging,0.1111111111111111
eu-small,old,eu_small_syn_subset_c04f0d771c,NetDebt to EBITDA exFIN score_delta lag3,deleveraging,0.1111111111111111
eu-small,old,eu_small_syn_subset_d768d01d37,momentum: EPS Revision Ratio,revision,0.3333333333333333
eu-small,old,eu_small_syn_subset_d768d01d37,momentum: PMOM 12M1M,pmom,0.3333333333333333
eu-small,old,eu_small_syn_subset_d768d01d37,Oper Margin directional_delta lag1,quality_improvement,0.08333333333333333
eu-small,old,eu_small_syn_subset_d768d01d37,Oper Margin directional_delta lag3,quality_improvement,0.08333333333333333
eu-small,old,eu_small_syn_subset_d768d01d37,ROE avg FY0 directional_delta lag1,quality_improvement,0.08333333333333333
eu-small,old,eu_small_syn_subset_d768d01d37,ROE avg FY0 directional_delta lag3,quality_improvement,0.08333333333333333
eu-small,old,eu_small_syn_pair_709d119ceb15,NetDebt to EBITDA exFIN score_delta lag1,NetDebt to EBITDA exFIN score_delta lag1,0.5
eu-small,old,eu_small_syn_pair_709d119ceb15,ROE avg FY0 directional_delta lag3,ROE avg FY0 directional_delta lag3,0.5
eu-small,old,eu_small_syn_pair_40b927c0721f,NetDebt to EBITDA exFIN score_delta lag3,NetDebt to EBITDA exFIN score_delta lag3,0.5
eu-small,old,eu_small_syn_pair_40b927c0721f,ROE avg FY0 directional_delta lag1,ROE avg FY0 directional_delta lag1,0.5
eu-small,old,eu_small_syn_pair_0aba5845ec15,ROE avg FY0 directional_delta lag3,ROE avg FY0 directional_delta lag3,0.5
eu-small,old,eu_small_syn_pair_0aba5845ec15,momentum: EPS Revision Ratio,momentum: EPS Revision Ratio,0.5
eu-small,old,eu_small_syn_pair_3b21d9e4a2b9,NetDebt to EBITDA exFIN directional_delta lag1,NetDebt to EBITDA exFIN directional_delta lag1,0.5
eu-small,old,eu_small_syn_pair_3b21d9e4a2b9,ROE avg FY0 directional_delta lag1,ROE avg FY0 directional_delta lag1,0.5
eu-small,old,eu_small_syn_pair_20d3b3b417b2,NetDebt to EBITDA exFIN score_delta lag1,NetDebt to EBITDA exFIN score_delta lag1,0.5
eu-small,old,eu_small_syn_pair_20d3b3b417b2,ROE avg FY0 directional_delta lag1,ROE avg FY0 directional_delta lag1,0.5
eu-small,old,eu_small_syn_pair_8dc05f4571bb,ROE avg FY0 directional_delta lag1,ROE avg FY0 directional_delta lag1,0.5
eu-small,old,eu_small_syn_pair_8dc05f4571bb,momentum: PMOM 12M1M,momentum: PMOM 12M1M,0.5
eu-small,old,eu_small_syn_pair_033424e05f56,NetDebt to EBITDA exFIN directional_delta lag1,NetDebt to EBITDA exFIN directional_delta lag1,0.5
eu-small,old,eu_small_syn_pair_033424e05f56,momentum: EPS Revision Ratio,momentum: EPS Revision Ratio,0.5
eu-small,old,eu_small_reldelta_quality_oper_margin_lag3_score,Oper Margin directional_delta lag3,,1.0
eu-small,old,eu_small_reldelta_quality_roe_avg_fy0_lag3_score,ROE avg FY0 directional_delta lag3,,1.0
eu-small,old,eu_small_validated_value_momentum,momentum: EPS Revision Ratio,eu_small_validated_momentum,0.25
eu-small,old,eu_small_validated_value_momentum,momentum: PMOM 12M1M,eu_small_validated_momentum,0.25
eu-small,old,eu_small_validated_value_momentum,value: Earns Yield FY1,eu_small_validated_value,0.16666666666666666
eu-small,old,eu_small_validated_value_momentum,value: Earns Yield NTM,eu_small_validated_value,0.16666666666666666
eu-small,old,eu_small_validated_value_momentum,value: PFCF LTM,eu_small_validated_value,0.16666666666666666
eu-small,old,eu_small_reldelta_quality_roe_avg_fy0_lag1_score,ROE avg FY0 directional_delta lag1,,1.0
eu-small,old,eu_small_syn_pair_9e22c0691ee6,NetDebt to EBITDA exFIN directional_delta lag1,NetDebt to EBITDA exFIN directional_delta lag1,0.5
eu-small,old,eu_small_syn_pair_9e22c0691ee6,momentum: PMOM 12M1M,momentum: PMOM 12M1M,0.5
eu-small,old,eu_small_syn_pair_60a4c7e63ace,NetDebt to EBITDA exFIN score_delta lag1,NetDebt to EBITDA exFIN score_delta lag1,0.5
eu-small,old,eu_small_syn_pair_60a4c7e63ace,momentum: EPS Revision Ratio,momentum: EPS Revision Ratio,0.5
eu-small,old,eu_small_syn_pair_4a95877d504c,NetDebt to EBITDA exFIN score_delta lag3,NetDebt to EBITDA exFIN score_delta lag3,0.5
eu-small,old,eu_small_syn_pair_4a95877d504c,momentum: EPS Revision Ratio,momentum: EPS Revision Ratio,0.5
eu-small,old,eu_small_syn_pair_6592975eda25,NetDebt to EBITDA exFIN score_delta lag3,NetDebt to EBITDA exFIN score_delta lag3,0.5
eu-small,old,eu_small_syn_pair_6592975eda25,PB LTM directional_delta lag1,PB LTM directional_delta lag1,0.5
eu-small,old,eu_small_syn_pair_0bb87ca525aa,Earns Yield NTM directional_delta lag1,Earns Yield NTM directional_delta lag1,0.5
eu-small,old,eu_small_syn_pair_0bb87ca525aa,NetDebt to EBITDA exFIN directional_delta lag1,NetDebt to EBITDA exFIN directional_delta lag1,0.5
eu-small,old,eu_small_relrank_quality_netdebt_to_ebitda_exfin_lag1_score,NetDebt to EBITDA exFIN score_delta lag1,,1.0
eu-small,old,eu_small_relrank_quality_netdebt_to_ebitda_exfin_lag3_score,NetDebt to EBITDA exFIN score_delta lag3,,1.0
eu-small,old,eu_small_syn_pair_7b4db3fbb664,PB LTM directional_delta lag1,PB LTM directional_delta lag1,0.5
eu-small,old,eu_small_syn_pair_7b4db3fbb664,momentum: EPS Revision Ratio,momentum: EPS Revision Ratio,0.5
eu-small,old,eu_small_syn_pair_b75b44284c53,Earns Yield NTM score_delta lag1,Earns Yield NTM score_delta lag1,0.5
eu-small,old,eu_small_syn_pair_b75b44284c53,NetDebt to EBITDA exFIN directional_delta lag1,NetDebt to EBITDA exFIN directional_delta lag1,0.5
eu-small,old,eu_small_momentum_eps_revision_ratio_score,momentum: EPS Revision Ratio,,1.0
eu-small,old,eu_small_reldelta_quality_netdebt_to_ebitda_exfin_lag1_score,NetDebt to EBITDA exFIN directional_delta lag1,,1.0
eu-small,old,eu_small_syn_pair_4ed704150f77,EV To EBITDA NTM directional_delta lag1,EV To EBITDA NTM directional_delta lag1,0.5
eu-small,old,eu_small_syn_pair_4ed704150f77,momentum: EPS Revision Ratio,momentum: EPS Revision Ratio,0.5
eu-small,old,eu_small_momentum_pmom_12m1m_score,momentum: PMOM 12M1M,,1.0
eu-small,old,eu_small_syn_pair_27402c3dc717,EV To EBITDA NTM directional_delta lag1,EV To EBITDA NTM directional_delta lag1,0.5
eu-small,old,eu_small_syn_pair_27402c3dc717,momentum: PMOM 12M1M,momentum: PMOM 12M1M,0.5
eu-small,old,eu_small_syn_pair_857c47955c38,PB LTM directional_delta lag1,PB LTM directional_delta lag1,0.5
eu-small,old,eu_small_syn_pair_857c47955c38,momentum: PMOM 12M1M,momentum: PMOM 12M1M,0.5
eu-small,old,eu_small_syn_pair_4912ecc63b08,PB LTM directional_delta lag3,PB LTM directional_delta lag3,0.5
eu-small,old,eu_small_syn_pair_4912ecc63b08,momentum: EPS Revision Ratio,momentum: EPS Revision Ratio,0.5
eu-small,old,eu_small_syn_pair_08251593d3b6,PB LTM directional_delta lag3,PB LTM directional_delta lag3,0.5
eu-small,old,eu_small_syn_pair_08251593d3b6,momentum: PMOM 12M1M,momentum: PMOM 12M1M,0.5
eu-small,old,eu_small_syn_pair_da841af42fe8,Earns Yield NTM directional_delta lag1,Earns Yield NTM directional_delta lag1,0.5
eu-small,old,eu_small_syn_pair_da841af42fe8,momentum: EPS Revision Ratio,momentum: EPS Revision Ratio,0.5
eu-small,old,eu_small_syn_pair_a2e7341e650f,Earns Yield NTM score_delta lag1,Earns Yield NTM score_delta lag1,0.5
eu-small,old,eu_small_syn_pair_a2e7341e650f,momentum: PMOM 12M1M,momentum: PMOM 12M1M,0.5
eu-small,old,eu_small_syn_pair_b209c4d71bad,Earns Yield NTM directional_delta lag1,Earns Yield NTM directional_delta lag1,0.5
eu-small,old,eu_small_syn_pair_b209c4d71bad,PB LTM directional_delta lag1,PB LTM directional_delta lag1,0.5
eu-small,old,eu_small_syn_pair_c50ef985a596,Earns Yield NTM score_delta lag1,Earns Yield NTM score_delta lag1,0.5
eu-small,old,eu_small_syn_pair_c50ef985a596,momentum: EPS Revision Ratio,momentum: EPS Revision Ratio,0.5
eu-small,old,eu_small_syn_pair_0e147cfca1c1,Earns Yield NTM directional_delta lag1,Earns Yield NTM directional_delta lag1,0.5
eu-small,old,eu_small_syn_pair_0e147cfca1c1,momentum: PMOM 12M1M,momentum: PMOM 12M1M,0.5
eu-small,old,eu_small_syn_pair_f29bdf453460,Earns Yield FY1 score_delta lag1,Earns Yield FY1 score_delta lag1,0.5
eu-small,old,eu_small_syn_pair_f29bdf453460,momentum: EPS Revision Ratio,momentum: EPS Revision Ratio,0.5
eu-small,old,eu_small_syn_pair_d3a2e8defd33,Earns Yield NTM score_delta lag1,Earns Yield NTM score_delta lag1,0.5
eu-small,old,eu_small_syn_pair_d3a2e8defd33,PB LTM directional_delta lag1,PB LTM directional_delta lag1,0.5
eu-small,old,eu_small_syn_pair_91245eec653a,PB LTM directional_delta lag1,PB LTM directional_delta lag1,0.5
eu-small,old,eu_small_syn_pair_91245eec653a,growth: EPS Growth FY1,growth: EPS Growth FY1,0.5
eu-small,old,eu_small_syn_pair_bf9420a88eff,Earns Yield FY1 score_delta lag1,Earns Yield FY1 score_delta lag1,0.5
eu-small,old,eu_small_syn_pair_bf9420a88eff,momentum: PMOM 12M1M,momentum: PMOM 12M1M,0.5
eu-small,old,eu_small_syn_pair_bfa692da76d4,Earns Yield NTM directional_delta lag1,Earns Yield NTM directional_delta lag1,0.5
eu-small,old,eu_small_syn_pair_bfa692da76d4,PB LTM directional_delta lag3,PB LTM directional_delta lag3,0.5
eu-small,old,eu_small_syn_pair_5b66d31a1488,EV To EBITDA NTM directional_delta lag1,EV To EBITDA NTM directional_delta lag1,0.5
eu-small,old,eu_small_syn_pair_5b66d31a1488,growth: EPS Growth FY1,growth: EPS Growth FY1,0.5
eu-small,old,eu_small_syn_pair_adb8a91b6300,EV To EBITDA NTM directional_delta lag1,EV To EBITDA NTM directional_delta lag1,0.5
eu-small,old,eu_small_syn_pair_adb8a91b6300,Earns Yield NTM score_delta lag1,Earns Yield NTM score_delta lag1,0.5
eu-small,old,eu_small_reldelta_value_pb_ltm_lag1_score,PB LTM directional_delta lag1,,1.0
eu-small,old,eu_small_reldelta_value_pb_ltm_lag3_score,PB LTM directional_delta lag3,,1.0
eu-small,old,eu_small_syn_pair_68008e68e7fb,EV To EBITDA NTM directional_delta lag1,EV To EBITDA NTM directional_delta lag1,0.5
eu-small,old,eu_small_syn_pair_68008e68e7fb,Earns Yield NTM directional_delta lag1,Earns Yield NTM directional_delta lag1,0.5
eu-small,old,eu_small_syn_pair_9911cd8710b9,Daily Vol 260J score_delta lag12,Daily Vol 260J score_delta lag12,0.5
eu-small,old,eu_small_syn_pair_9911cd8710b9,momentum: PMOM 12M1M,momentum: PMOM 12M1M,0.5
eu-small,old,eu_small_reldelta_value_ev_to_ebitda_ntm_lag1_score,EV To EBITDA NTM directional_delta lag1,,1.0
eu-small,old,eu_small_relrank_value_earns_yield_ntm_lag1_score,Earns Yield NTM score_delta lag1,,1.0
eu-small,old,eu_small_reldelta_value_earns_yield_ntm_lag1_score,Earns Yield NTM directional_delta lag1,,1.0
eu-small,old,eu_small_syn_pair_53ce5cd0d068,Earns Yield FY1 score_delta lag1,Earns Yield FY1 score_delta lag1,0.5
eu-small,old,eu_small_syn_pair_53ce5cd0d068,growth: EPS Growth FY1,growth: EPS Growth FY1,0.5
eu-small,old,eu_small_syn_pair_bd66853715f9,Daily Vol 260J score_delta lag12,Daily Vol 260J score_delta lag12,0.5
eu-small,old,eu_small_syn_pair_bd66853715f9,momentum: EPS Revision Ratio,momentum: EPS Revision Ratio,0.5
eu-small,old,eu_small_growth_eps_growth_fy1_score,growth: EPS Growth FY1,,1.0
eu-small,old,eu_small_relrank_value_earns_yield_fy1_lag1_score,Earns Yield FY1 score_delta lag1,,1.0
eu-small,old,eu_small_relrank_lowvol_daily_vol_260j_lag12_score,Daily Vol 260J score_delta lag12,,1.0
eu-small,new,eu_small_ext_country_quality_repair,Oper Margin 3M improvement (country-first / industry fallback),quality_improvement,0.5
eu-small,new,eu_small_ext_country_quality_repair,NetDebt / EBITDA 3M improvement (country-first / industry fallback),quality_improvement,0.5
eu-small,new,eu_small_ext_country_roe,ROE avg FY0 (country-first / industry fallback),quality_level,1.0
eu-small,new,eu_small_ext_country_margin_improvement,Oper Margin 3M improvement (country-first / industry fallback),quality_improvement,1.0
eu-small,new,eu_small_ext_downside_aware_revision,EPS Revision Ratio,residual_risk,0.5
eu-small,new,eu_small_ext_downside_aware_revision,MSCI EUR SMALL-residual Downside Volatility (lower is better),residual_risk,0.5
eu-small,new,eu_small_ext_country_pfcf,PFCF LTM (country-first / industry fallback),value_level,1.0
eu-small,new,eu_small_ext_country_revision,EPS Revision Ratio (country-first / industry fallback),revision,1.0
eu-small,new,eu_small_ext_country_deleveraging,NetDebt / EBITDA 3M improvement (country-first / industry fallback),deleveraging,1.0
eu-small,new,eu_small_ext_country_pmom,PMOM 12M1M (country-first / industry fallback),pmom,1.0
eu-small,new,eu_small_ext_residual_momentum_revision,MSCI EUR SMALL-residual Momentum 12-1,residual_momentum,0.5
eu-small,new,eu_small_ext_residual_momentum_revision,EPS Revision Ratio,residual_momentum,0.5
eu-small,new,eu_small_ext_low_residual_downside_risk,MSCI EUR SMALL-residual Downside Volatility (lower is better),residual_risk,1.0
eu-small,new,eu_small_ext_low_residual_volatility,MSCI EUR SMALL-residual Volatility (lower is better),residual_risk,1.0
eu-small,new,eu_small_ext_country_growth_confirmation,Sales / Gross Income Growth + EPS Revision (country-first / industry fallback),growth,1.0
eu-small,new,eu_small_ext_capital_efficient_growth_revision,Sales Growth FY1,capital_efficiency,0.25
eu-small,new,eu_small_ext_capital_efficient_growth_revision,Gross Income Growth FY1,capital_efficiency,0.25
eu-small,new,eu_small_ext_capital_efficient_growth_revision,Asset TO exFIN (country-first / industry fallback),capital_efficiency,0.25
eu-small,new,eu_small_ext_capital_efficient_growth_revision,EPS Revision Ratio,capital_efficiency,0.25
eu-small,new,eu_small_ext_country_value_improvement,Earns Yield FY1 1M improvement (country-first / industry fallback),value_improvement,1.0
eu-small,new,eu_small_factor_extension_20260711:eu_small_syn_loo_without_revision,PMOM + country-aware PMOM,pmom,0.125
eu-small,new,eu_small_factor_extension_20260711:eu_small_syn_loo_without_revision,Oper Margin improvement + country-aware quality repair,quality_improvement,0.125
eu-small,new,eu_small_factor_extension_20260711:eu_small_syn_loo_without_revision,NetDebt / EBITDA improvement + country-aware deleveraging,deleveraging,0.125
eu-small,new,eu_small_factor_extension_20260711:eu_small_syn_loo_without_revision,Value improvement + country-aware earnings-yield improvement,value_improvement,0.125
eu-small,new,eu_small_factor_extension_20260711:eu_small_syn_loo_without_revision,Country-aware ROE,quality_level,0.125
eu-small,new,eu_small_factor_extension_20260711:eu_small_syn_loo_without_revision,MSCI EUR SMALL-residual Momentum + Revision,residual_momentum,0.125
eu-small,new,eu_small_factor_extension_20260711:eu_small_syn_loo_without_revision,Residual downside risk + downside-aware revision,residual_risk,0.125
eu-small,new,eu_small_factor_extension_20260711:eu_small_syn_loo_without_revision,Country-aware P/FCF,value_level,0.125
eu-small,new,eu_small_factor_extension_20260711:eu_small_syn_loo_without_residual_momentum,EPS Revision + country-aware EPS Revision,revision,0.125
eu-small,new,eu_small_factor_extension_20260711:eu_small_syn_loo_without_residual_momentum,PMOM + country-aware PMOM,pmom,0.125
eu-small,new,eu_small_factor_extension_20260711:eu_small_syn_loo_without_residual_momentum,Oper Margin improvement + country-aware quality repair,quality_improvement,0.125
eu-small,new,eu_small_factor_extension_20260711:eu_small_syn_loo_without_residual_momentum,NetDebt / EBITDA improvement + country-aware deleveraging,deleveraging,0.125
eu-small,new,eu_small_factor_extension_20260711:eu_small_syn_loo_without_residual_momentum,Value improvement + country-aware earnings-yield improvement,value_improvement,0.125
eu-small,new,eu_small_factor_extension_20260711:eu_small_syn_loo_without_residual_momentum,Country-aware ROE,quality_level,0.125
eu-small,new,eu_small_factor_extension_20260711:eu_small_syn_loo_without_residual_momentum,Residual downside risk + downside-aware revision,residual_risk,0.125
eu-small,new,eu_small_factor_extension_20260711:eu_small_syn_loo_without_residual_momentum,Country-aware P/FCF,value_level,0.125
eu-small,new,eu_small_factor_extension_20260711:eu_small_ext_subset_f05fb2faed38,Oper Margin improvement + country-aware quality repair,quality_improvement,0.3333333333333333
eu-small,new,eu_small_factor_extension_20260711:eu_small_ext_subset_f05fb2faed38,Value improvement + country-aware earnings-yield improvement,value_improvement,0.3333333333333333
eu-small,new,eu_small_factor_extension_20260711:eu_small_ext_subset_f05fb2faed38,Country-aware ROE,quality_level,0.3333333333333333
eu-small,new,eu_small_factor_extension_20260711:eu_small_ext_subset_6f93efffce26,Oper Margin improvement + country-aware quality repair,quality_improvement,0.5
eu-small,new,eu_small_factor_extension_20260711:eu_small_ext_subset_6f93efffce26,Country-aware ROE,quality_level,0.5
eu-small,new,eu_small_factor_extension_20260711:eu_small_ext_subset_d2bc34379630,Oper Margin improvement + country-aware quality repair,quality_improvement,0.3333333333333333
eu-small,new,eu_small_factor_extension_20260711:eu_small_ext_subset_d2bc34379630,NetDebt / EBITDA improvement + country-aware deleveraging,deleveraging,0.3333333333333333
eu-small,new,eu_small_factor_extension_20260711:eu_small_ext_subset_d2bc34379630,Country-aware ROE,quality_level,0.3333333333333333
sp500,old,sp500_syn_subset_08e95a53d5,Net Debt to Tot Equity score_delta lag3,deleveraging,0.16666666666666666
sp500,old,sp500_syn_subset_08e95a53d5,NetDebt to EBITDA exFIN directional_delta lag1,deleveraging,0.16666666666666666
sp500,old,sp500_syn_subset_08e95a53d5,quality: NetDebt to EBITDA exFIN,deleveraging,0.16666666666666666
sp500,old,sp500_syn_subset_08e95a53d5,Cont Op Earning Margin directional_delta lag1,quality_improvement,0.125
sp500,old,sp500_syn_subset_08e95a53d5,Gross Margin directional_delta lag1,quality_improvement,0.125
sp500,old,sp500_syn_subset_08e95a53d5,Oper Margin directional_delta lag1,quality_improvement,0.125
sp500,old,sp500_syn_subset_08e95a53d5,ROE avg FY0 directional_delta lag1,quality_improvement,0.125
sp500,old,sp500_syn_subset_6d32f9616c,Earns Yield FY1 directional_delta lag1,earnings_yield_improvement,0.16666666666666666
sp500,old,sp500_syn_subset_6d32f9616c,Earns Yield NTM directional_delta lag1,earnings_yield_improvement,0.16666666666666666
sp500,old,sp500_syn_subset_6d32f9616c,Net Debt to Tot Equity score_delta lag3,deleveraging,0.1111111111111111
sp500,old,sp500_syn_subset_6d32f9616c,NetDebt to EBITDA exFIN directional_delta lag1,deleveraging,0.1111111111111111
sp500,old,sp500_syn_subset_6d32f9616c,quality: NetDebt to EBITDA exFIN,deleveraging,0.1111111111111111
sp500,old,sp500_syn_subset_6d32f9616c,Cont Op Earning Margin directional_delta lag1,quality_improvement,0.08333333333333333
sp500,old,sp500_syn_subset_6d32f9616c,Gross Margin directional_delta lag1,quality_improvement,0.08333333333333333
sp500,old,sp500_syn_subset_6d32f9616c,Oper Margin directional_delta lag1,quality_improvement,0.08333333333333333
sp500,old,sp500_syn_subset_6d32f9616c,ROE avg FY0 directional_delta lag1,quality_improvement,0.08333333333333333
sp500,old,sp500_syn_full_bucket_equal,Daily Vol 60J directional_delta lag1,risk_decline,0.1
sp500,old,sp500_syn_full_bucket_equal,dividend: DPS 1Y Growth FY1,dividend_growth,0.1
sp500,old,sp500_syn_full_bucket_equal,quality: FCF Conversion,quality_level,0.1
sp500,old,sp500_syn_full_bucket_equal,value: EV To EBITDA NTM,value_level,0.1
sp500,old,sp500_syn_full_bucket_equal,Earns Yield FY1 directional_delta lag1,earnings_yield_improvement,0.05
sp500,old,sp500_syn_full_bucket_equal,Earns Yield NTM directional_delta lag1,earnings_yield_improvement,0.05
sp500,old,sp500_syn_full_bucket_equal,momentum: EPS NTM 3M Growth,revision,0.05
sp500,old,sp500_syn_full_bucket_equal,momentum: EPS Revision Ratio,revision,0.05
sp500,old,sp500_syn_full_bucket_equal,EV To EBITDA FY1 directional_delta lag1,value_improvement,0.03333333333333333
sp500,old,sp500_syn_full_bucket_equal,EV To EBITDA NTM directional_delta lag1,value_improvement,0.03333333333333333
sp500,old,sp500_syn_full_bucket_equal,Net Debt to Tot Equity score_delta lag3,deleveraging,0.03333333333333333
sp500,old,sp500_syn_full_bucket_equal,NetDebt to EBITDA exFIN directional_delta lag1,deleveraging,0.03333333333333333
sp500,old,sp500_syn_full_bucket_equal,PE NTM directional_delta lag1,value_improvement,0.03333333333333333
sp500,old,sp500_syn_full_bucket_equal,growth: EPS Growth FY1,growth,0.03333333333333333
sp500,old,sp500_syn_full_bucket_equal,growth: EPS Growth NTM,growth,0.03333333333333333
sp500,old,sp500_syn_full_bucket_equal,growth: Gross Income Growth FY1,growth,0.03333333333333333
sp500,old,sp500_syn_full_bucket_equal,quality: NetDebt to EBITDA exFIN,deleveraging,0.03333333333333333
sp500,old,sp500_syn_full_bucket_equal,Cont Op Earning Margin directional_delta lag1,quality_improvement,0.025
sp500,old,sp500_syn_full_bucket_equal,Gross Margin directional_delta lag1,quality_improvement,0.025
sp500,old,sp500_syn_full_bucket_equal,Oper Margin directional_delta lag1,quality_improvement,0.025
sp500,old,sp500_syn_full_bucket_equal,ROE avg FY0 directional_delta lag1,quality_improvement,0.025
sp500,old,sp500_syn_pair_38d49f1c93b4,NetDebt to EBITDA exFIN directional_delta lag1,NetDebt to EBITDA exFIN directional_delta lag1,0.5
sp500,old,sp500_syn_pair_38d49f1c93b4,Oper Margin directional_delta lag1,Oper Margin directional_delta lag1,0.5
sp500,old,sp500_reldelta_quality_oper_margin_lag1_score,Oper Margin directional_delta lag1,,1.0
sp500,old,sp500_reldelta_quality_roe_avg_fy0_lag1_score,ROE avg FY0 directional_delta lag1,,1.0
sp500,old,sp500_syn_subset_b3c0d0fc7d,momentum: EPS NTM 3M Growth,revision,0.16666666666666666
sp500,old,sp500_syn_subset_b3c0d0fc7d,momentum: EPS Revision Ratio,revision,0.16666666666666666
sp500,old,sp500_syn_subset_b3c0d0fc7d,Net Debt to Tot Equity score_delta lag3,deleveraging,0.1111111111111111
sp500,old,sp500_syn_subset_b3c0d0fc7d,NetDebt to EBITDA exFIN directional_delta lag1,deleveraging,0.1111111111111111
sp500,old,sp500_syn_subset_b3c0d0fc7d,quality: NetDebt to EBITDA exFIN,deleveraging,0.1111111111111111
sp500,old,sp500_syn_subset_b3c0d0fc7d,Cont Op Earning Margin directional_delta lag1,quality_improvement,0.08333333333333333
sp500,old,sp500_syn_subset_b3c0d0fc7d,Gross Margin directional_delta lag1,quality_improvement,0.08333333333333333
sp500,old,sp500_syn_subset_b3c0d0fc7d,Oper Margin directional_delta lag1,quality_improvement,0.08333333333333333
sp500,old,sp500_syn_subset_b3c0d0fc7d,ROE avg FY0 directional_delta lag1,quality_improvement,0.08333333333333333
sp500,old,sp500_syn_subset_ee96431827,EV To EBITDA FY1 directional_delta lag1,value_improvement,0.1111111111111111
sp500,old,sp500_syn_subset_ee96431827,EV To EBITDA NTM directional_delta lag1,value_improvement,0.1111111111111111
sp500,old,sp500_syn_subset_ee96431827,Net Debt to Tot Equity score_delta lag3,deleveraging,0.1111111111111111
sp500,old,sp500_syn_subset_ee96431827,NetDebt to EBITDA exFIN directional_delta lag1,deleveraging,0.1111111111111111
sp500,old,sp500_syn_subset_ee96431827,PE NTM directional_delta lag1,value_improvement,0.1111111111111111
sp500,old,sp500_syn_subset_ee96431827,quality: NetDebt to EBITDA exFIN,deleveraging,0.1111111111111111
sp500,old,sp500_syn_subset_ee96431827,Cont Op Earning Margin directional_delta lag1,quality_improvement,0.08333333333333333
sp500,old,sp500_syn_subset_ee96431827,Gross Margin directional_delta lag1,quality_improvement,0.08333333333333333
sp500,old,sp500_syn_subset_ee96431827,Oper Margin directional_delta lag1,quality_improvement,0.08333333333333333
sp500,old,sp500_syn_subset_ee96431827,ROE avg FY0 directional_delta lag1,quality_improvement,0.08333333333333333
sp500,old,sp500_reldelta_quality_netdebt_to_ebitda_exfin_lag1_score,NetDebt to EBITDA exFIN directional_delta lag1,,1.0
sp500,old,sp500_syn_subset_27b784f1d4,Net Debt to Tot Equity score_delta lag3,deleveraging,0.1111111111111111
sp500,old,sp500_syn_subset_27b784f1d4,NetDebt to EBITDA exFIN directional_delta lag1,deleveraging,0.1111111111111111
sp500,old,sp500_syn_subset_27b784f1d4,growth: EPS Growth FY1,growth,0.1111111111111111
sp500,old,sp500_syn_subset_27b784f1d4,growth: EPS Growth NTM,growth,0.1111111111111111
sp500,old,sp500_syn_subset_27b784f1d4,growth: Gross Income Growth FY1,growth,0.1111111111111111
sp500,old,sp500_syn_subset_27b784f1d4,quality: NetDebt to EBITDA exFIN,deleveraging,0.1111111111111111
sp500,old,sp500_syn_subset_27b784f1d4,Cont Op Earning Margin directional_delta lag1,quality_improvement,0.08333333333333333
sp500,old,sp500_syn_subset_27b784f1d4,Gross Margin directional_delta lag1,quality_improvement,0.08333333333333333
sp500,old,sp500_syn_subset_27b784f1d4,Oper Margin directional_delta lag1,quality_improvement,0.08333333333333333
sp500,old,sp500_syn_subset_27b784f1d4,ROE avg FY0 directional_delta lag1,quality_improvement,0.08333333333333333
sp500,old,sp500_syn_subset_9ddbd3a47c,Daily Vol 60J directional_delta lag1,risk_decline,0.3333333333333333
sp500,old,sp500_syn_subset_9ddbd3a47c,Net Debt to Tot Equity score_delta lag3,deleveraging,0.1111111111111111
sp500,old,sp500_syn_subset_9ddbd3a47c,NetDebt to EBITDA exFIN directional_delta lag1,deleveraging,0.1111111111111111
sp500,old,sp500_syn_subset_9ddbd3a47c,quality: NetDebt to EBITDA exFIN,deleveraging,0.1111111111111111
sp500,old,sp500_syn_subset_9ddbd3a47c,Cont Op Earning Margin directional_delta lag1,quality_improvement,0.08333333333333333
sp500,old,sp500_syn_subset_9ddbd3a47c,Gross Margin directional_delta lag1,quality_improvement,0.08333333333333333
sp500,old,sp500_syn_subset_9ddbd3a47c,Oper Margin directional_delta lag1,quality_improvement,0.08333333333333333
sp500,old,sp500_syn_subset_9ddbd3a47c,ROE avg FY0 directional_delta lag1,quality_improvement,0.08333333333333333
sp500,old,sp500_syn_loo_without_earnings_yield_improvement,Daily Vol 60J directional_delta lag1,risk_decline,0.11111111111111112
sp500,old,sp500_syn_loo_without_earnings_yield_improvement,dividend: DPS 1Y Growth FY1,dividend_growth,0.11111111111111112
sp500,old,sp500_syn_loo_without_earnings_yield_improvement,quality: FCF Conversion,quality_level,0.11111111111111112
sp500,old,sp500_syn_loo_without_earnings_yield_improvement,value: EV To EBITDA NTM,value_level,0.11111111111111112
sp500,old,sp500_syn_loo_without_earnings_yield_improvement,momentum: EPS NTM 3M Growth,revision,0.05555555555555556
sp500,old,sp500_syn_loo_without_earnings_yield_improvement,momentum: EPS Revision Ratio,revision,0.05555555555555556
sp500,old,sp500_syn_loo_without_earnings_yield_improvement,EV To EBITDA FY1 directional_delta lag1,value_improvement,0.03703703703703704
sp500,old,sp500_syn_loo_without_earnings_yield_improvement,EV To EBITDA NTM directional_delta lag1,value_improvement,0.03703703703703704
sp500,old,sp500_syn_loo_without_earnings_yield_improvement,Net Debt to Tot Equity score_delta lag3,deleveraging,0.03703703703703704
sp500,old,sp500_syn_loo_without_earnings_yield_improvement,NetDebt to EBITDA exFIN directional_delta lag1,deleveraging,0.03703703703703704
sp500,old,sp500_syn_loo_without_earnings_yield_improvement,PE NTM directional_delta lag1,value_improvement,0.03703703703703704
sp500,old,sp500_syn_loo_without_earnings_yield_improvement,growth: EPS Growth FY1,growth,0.03703703703703704
sp500,old,sp500_syn_loo_without_earnings_yield_improvement,growth: EPS Growth NTM,growth,0.03703703703703704
sp500,old,sp500_syn_loo_without_earnings_yield_improvement,growth: Gross Income Growth FY1,growth,0.03703703703703704
sp500,old,sp500_syn_loo_without_earnings_yield_improvement,quality: NetDebt to EBITDA exFIN,deleveraging,0.03703703703703704
sp500,old,sp500_syn_loo_without_earnings_yield_improvement,Cont Op Earning Margin directional_delta lag1,quality_improvement,0.02777777777777778
sp500,old,sp500_syn_loo_without_earnings_yield_improvement,Gross Margin directional_delta lag1,quality_improvement,0.02777777777777778
sp500,old,sp500_syn_loo_without_earnings_yield_improvement,Oper Margin directional_delta lag1,quality_improvement,0.02777777777777778
sp500,old,sp500_syn_loo_without_earnings_yield_improvement,ROE avg FY0 directional_delta lag1,quality_improvement,0.02777777777777778
sp500,old,sp500_syn_loo_without_growth,Daily Vol 60J directional_delta lag1,risk_decline,0.11111111111111112
sp500,old,sp500_syn_loo_without_growth,dividend: DPS 1Y Growth FY1,dividend_growth,0.11111111111111112
sp500,old,sp500_syn_loo_without_growth,quality: FCF Conversion,quality_level,0.11111111111111112
sp500,old,sp500_syn_loo_without_growth,value: EV To EBITDA NTM,value_level,0.11111111111111112
sp500,old,sp500_syn_loo_without_growth,Earns Yield FY1 directional_delta lag1,earnings_yield_improvement,0.05555555555555556
sp500,old,sp500_syn_loo_without_growth,Earns Yield NTM directional_delta lag1,earnings_yield_improvement,0.05555555555555556
sp500,old,sp500_syn_loo_without_growth,momentum: EPS NTM 3M Growth,revision,0.05555555555555556
sp500,old,sp500_syn_loo_without_growth,momentum: EPS Revision Ratio,revision,0.05555555555555556
sp500,old,sp500_syn_loo_without_growth,EV To EBITDA FY1 directional_delta lag1,value_improvement,0.03703703703703704
sp500,old,sp500_syn_loo_without_growth,EV To EBITDA NTM directional_delta lag1,value_improvement,0.03703703703703704
sp500,old,sp500_syn_loo_without_growth,Net Debt to Tot Equity score_delta lag3,deleveraging,0.03703703703703704
sp500,old,sp500_syn_loo_without_growth,NetDebt to EBITDA exFIN directional_delta lag1,deleveraging,0.03703703703703704
sp500,old,sp500_syn_loo_without_growth,PE NTM directional_delta lag1,value_improvement,0.03703703703703704
sp500,old,sp500_syn_loo_without_growth,quality: NetDebt to EBITDA exFIN,deleveraging,0.03703703703703704
sp500,old,sp500_syn_loo_without_growth,Cont Op Earning Margin directional_delta lag1,quality_improvement,0.02777777777777778
sp500,old,sp500_syn_loo_without_growth,Gross Margin directional_delta lag1,quality_improvement,0.02777777777777778
sp500,old,sp500_syn_loo_without_growth,Oper Margin directional_delta lag1,quality_improvement,0.02777777777777778
sp500,old,sp500_syn_loo_without_growth,ROE avg FY0 directional_delta lag1,quality_improvement,0.02777777777777778
sp500,old,sp500_syn_loo_without_dividend_growth,Daily Vol 60J directional_delta lag1,risk_decline,0.11111111111111112
sp500,old,sp500_syn_loo_without_dividend_growth,quality: FCF Conversion,quality_level,0.11111111111111112
sp500,old,sp500_syn_loo_without_dividend_growth,value: EV To EBITDA NTM,value_level,0.11111111111111112
sp500,old,sp500_syn_loo_without_dividend_growth,Earns Yield FY1 directional_delta lag1,earnings_yield_improvement,0.05555555555555556
sp500,old,sp500_syn_loo_without_dividend_growth,Earns Yield NTM directional_delta lag1,earnings_yield_improvement,0.05555555555555556
sp500,old,sp500_syn_loo_without_dividend_growth,momentum: EPS NTM 3M Growth,revision,0.05555555555555556
sp500,old,sp500_syn_loo_without_dividend_growth,momentum: EPS Revision Ratio,revision,0.05555555555555556
sp500,old,sp500_syn_loo_without_dividend_growth,EV To EBITDA FY1 directional_delta lag1,value_improvement,0.03703703703703704
sp500,old,sp500_syn_loo_without_dividend_growth,EV To EBITDA NTM directional_delta lag1,value_improvement,0.03703703703703704
sp500,old,sp500_syn_loo_without_dividend_growth,Net Debt to Tot Equity score_delta lag3,deleveraging,0.03703703703703704
sp500,old,sp500_syn_loo_without_dividend_growth,NetDebt to EBITDA exFIN directional_delta lag1,deleveraging,0.03703703703703704
sp500,old,sp500_syn_loo_without_dividend_growth,PE NTM directional_delta lag1,value_improvement,0.03703703703703704
sp500,old,sp500_syn_loo_without_dividend_growth,growth: EPS Growth FY1,growth,0.03703703703703704
sp500,old,sp500_syn_loo_without_dividend_growth,growth: EPS Growth NTM,growth,0.03703703703703704
sp500,old,sp500_syn_loo_without_dividend_growth,growth: Gross Income Growth FY1,growth,0.03703703703703704
sp500,old,sp500_syn_loo_without_dividend_growth,quality: NetDebt to EBITDA exFIN,deleveraging,0.03703703703703704
sp500,old,sp500_syn_loo_without_dividend_growth,Cont Op Earning Margin directional_delta lag1,quality_improvement,0.02777777777777778
sp500,old,sp500_syn_loo_without_dividend_growth,Gross Margin directional_delta lag1,quality_improvement,0.02777777777777778
sp500,old,sp500_syn_loo_without_dividend_growth,Oper Margin directional_delta lag1,quality_improvement,0.02777777777777778
sp500,old,sp500_syn_loo_without_dividend_growth,ROE avg FY0 directional_delta lag1,quality_improvement,0.02777777777777778
sp500,old,sp500_syn_subset_cdefeb1ebb,Earns Yield FY1 directional_delta lag1,earnings_yield_improvement,0.16666666666666666
sp500,old,sp500_syn_subset_cdefeb1ebb,Earns Yield NTM directional_delta lag1,earnings_yield_improvement,0.16666666666666666
sp500,old,sp500_syn_subset_cdefeb1ebb,EV To EBITDA FY1 directional_delta lag1,value_improvement,0.1111111111111111
sp500,old,sp500_syn_subset_cdefeb1ebb,EV To EBITDA NTM directional_delta lag1,value_improvement,0.1111111111111111
sp500,old,sp500_syn_subset_cdefeb1ebb,PE NTM directional_delta lag1,value_improvement,0.1111111111111111
sp500,old,sp500_syn_subset_cdefeb1ebb,Cont Op Earning Margin directional_delta lag1,quality_improvement,0.08333333333333333
sp500,old,sp500_syn_subset_cdefeb1ebb,Gross Margin directional_delta lag1,quality_improvement,0.08333333333333333
sp500,old,sp500_syn_subset_cdefeb1ebb,Oper Margin directional_delta lag1,quality_improvement,0.08333333333333333
sp500,old,sp500_syn_subset_cdefeb1ebb,ROE avg FY0 directional_delta lag1,quality_improvement,0.08333333333333333
sp500,old,sp500_syn_loo_without_revision,Daily Vol 60J directional_delta lag1,risk_decline,0.11111111111111112
sp500,old,sp500_syn_loo_without_revision,dividend: DPS 1Y Growth FY1,dividend_growth,0.11111111111111112
sp500,old,sp500_syn_loo_without_revision,quality: FCF Conversion,quality_level,0.11111111111111112
sp500,old,sp500_syn_loo_without_revision,value: EV To EBITDA NTM,value_level,0.11111111111111112
sp500,old,sp500_syn_loo_without_revision,Earns Yield FY1 directional_delta lag1,earnings_yield_improvement,0.05555555555555556
sp500,old,sp500_syn_loo_without_revision,Earns Yield NTM directional_delta lag1,earnings_yield_improvement,0.05555555555555556
sp500,old,sp500_syn_loo_without_revision,EV To EBITDA FY1 directional_delta lag1,value_improvement,0.03703703703703704
sp500,old,sp500_syn_loo_without_revision,EV To EBITDA NTM directional_delta lag1,value_improvement,0.03703703703703704
sp500,old,sp500_syn_loo_without_revision,Net Debt to Tot Equity score_delta lag3,deleveraging,0.03703703703703704
sp500,old,sp500_syn_loo_without_revision,NetDebt to EBITDA exFIN directional_delta lag1,deleveraging,0.03703703703703704
sp500,old,sp500_syn_loo_without_revision,PE NTM directional_delta lag1,value_improvement,0.03703703703703704
sp500,old,sp500_syn_loo_without_revision,growth: EPS Growth FY1,growth,0.03703703703703704
sp500,old,sp500_syn_loo_without_revision,growth: EPS Growth NTM,growth,0.03703703703703704
sp500,old,sp500_syn_loo_without_revision,growth: Gross Income Growth FY1,growth,0.03703703703703704
sp500,old,sp500_syn_loo_without_revision,quality: NetDebt to EBITDA exFIN,deleveraging,0.03703703703703704
sp500,old,sp500_syn_loo_without_revision,Cont Op Earning Margin directional_delta lag1,quality_improvement,0.02777777777777778
sp500,old,sp500_syn_loo_without_revision,Gross Margin directional_delta lag1,quality_improvement,0.02777777777777778
sp500,old,sp500_syn_loo_without_revision,Oper Margin directional_delta lag1,quality_improvement,0.02777777777777778
sp500,old,sp500_syn_loo_without_revision,ROE avg FY0 directional_delta lag1,quality_improvement,0.02777777777777778
sp500,old,sp500_reldelta_quality_gross_margin_lag1_score,Gross Margin directional_delta lag1,,1.0
sp500,old,sp500_syn_subset_80578e9e0e,value: EV To EBITDA NTM,value_level,0.3333333333333333
sp500,old,sp500_syn_subset_80578e9e0e,Net Debt to Tot Equity score_delta lag3,deleveraging,0.1111111111111111
sp500,old,sp500_syn_subset_80578e9e0e,NetDebt to EBITDA exFIN directional_delta lag1,deleveraging,0.1111111111111111
sp500,old,sp500_syn_subset_80578e9e0e,quality: NetDebt to EBITDA exFIN,deleveraging,0.1111111111111111
sp500,old,sp500_syn_subset_80578e9e0e,Cont Op Earning Margin directional_delta lag1,quality_improvement,0.08333333333333333
sp500,old,sp500_syn_subset_80578e9e0e,Gross Margin directional_delta lag1,quality_improvement,0.08333333333333333
sp500,old,sp500_syn_subset_80578e9e0e,Oper Margin directional_delta lag1,quality_improvement,0.08333333333333333
sp500,old,sp500_syn_subset_80578e9e0e,ROE avg FY0 directional_delta lag1,quality_improvement,0.08333333333333333
sp500,old,sp500_syn_loo_without_quality_level,Daily Vol 60J directional_delta lag1,risk_decline,0.11111111111111112
sp500,old,sp500_syn_loo_without_quality_level,dividend: DPS 1Y Growth FY1,dividend_growth,0.11111111111111112
sp500,old,sp500_syn_loo_without_quality_level,value: EV To EBITDA NTM,value_level,0.11111111111111112
sp500,old,sp500_syn_loo_without_quality_level,Earns Yield FY1 directional_delta lag1,earnings_yield_improvement,0.05555555555555556
sp500,old,sp500_syn_loo_without_quality_level,Earns Yield NTM directional_delta lag1,earnings_yield_improvement,0.05555555555555556
sp500,old,sp500_syn_loo_without_quality_level,momentum: EPS NTM 3M Growth,revision,0.05555555555555556
sp500,old,sp500_syn_loo_without_quality_level,momentum: EPS Revision Ratio,revision,0.05555555555555556
sp500,old,sp500_syn_loo_without_quality_level,EV To EBITDA FY1 directional_delta lag1,value_improvement,0.03703703703703704
sp500,old,sp500_syn_loo_without_quality_level,EV To EBITDA NTM directional_delta lag1,value_improvement,0.03703703703703704
sp500,old,sp500_syn_loo_without_quality_level,Net Debt to Tot Equity score_delta lag3,deleveraging,0.03703703703703704
sp500,old,sp500_syn_loo_without_quality_level,NetDebt to EBITDA exFIN directional_delta lag1,deleveraging,0.03703703703703704
sp500,old,sp500_syn_loo_without_quality_level,PE NTM directional_delta lag1,value_improvement,0.03703703703703704
sp500,old,sp500_syn_loo_without_quality_level,growth: EPS Growth FY1,growth,0.03703703703703704
sp500,old,sp500_syn_loo_without_quality_level,growth: EPS Growth NTM,growth,0.03703703703703704
sp500,old,sp500_syn_loo_without_quality_level,growth: Gross Income Growth FY1,growth,0.03703703703703704
sp500,old,sp500_syn_loo_without_quality_level,quality: NetDebt to EBITDA exFIN,deleveraging,0.03703703703703704
sp500,old,sp500_syn_loo_without_quality_level,Cont Op Earning Margin directional_delta lag1,quality_improvement,0.02777777777777778
sp500,old,sp500_syn_loo_without_quality_level,Gross Margin directional_delta lag1,quality_improvement,0.02777777777777778
sp500,old,sp500_syn_loo_without_quality_level,Oper Margin directional_delta lag1,quality_improvement,0.02777777777777778
sp500,old,sp500_syn_loo_without_quality_level,ROE avg FY0 directional_delta lag1,quality_improvement,0.02777777777777778
sp500,old,sp500_syn_subset_e797b03b9e,EV To EBITDA FY1 directional_delta lag1,value_improvement,0.16666666666666666
sp500,old,sp500_syn_subset_e797b03b9e,EV To EBITDA NTM directional_delta lag1,value_improvement,0.16666666666666666
sp500,old,sp500_syn_subset_e797b03b9e,PE NTM directional_delta lag1,value_improvement,0.16666666666666666
sp500,old,sp500_syn_subset_e797b03b9e,Cont Op Earning Margin directional_delta lag1,quality_improvement,0.125
sp500,old,sp500_syn_subset_e797b03b9e,Gross Margin directional_delta lag1,quality_improvement,0.125
sp500,old,sp500_syn_subset_e797b03b9e,Oper Margin directional_delta lag1,quality_improvement,0.125
sp500,old,sp500_syn_subset_e797b03b9e,ROE avg FY0 directional_delta lag1,quality_improvement,0.125
sp500,old,sp500_syn_subset_9b8021eb58,EV To EBITDA FY1 directional_delta lag1,value_improvement,0.1111111111111111
sp500,old,sp500_syn_subset_9b8021eb58,EV To EBITDA NTM directional_delta lag1,value_improvement,0.1111111111111111
sp500,old,sp500_syn_subset_9b8021eb58,PE NTM directional_delta lag1,value_improvement,0.1111111111111111
sp500,old,sp500_syn_subset_9b8021eb58,growth: EPS Growth FY1,growth,0.1111111111111111
sp500,old,sp500_syn_subset_9b8021eb58,growth: EPS Growth NTM,growth,0.1111111111111111
sp500,old,sp500_syn_subset_9b8021eb58,growth: Gross Income Growth FY1,growth,0.1111111111111111
sp500,old,sp500_syn_subset_9b8021eb58,Cont Op Earning Margin directional_delta lag1,quality_improvement,0.08333333333333333
sp500,old,sp500_syn_subset_9b8021eb58,Gross Margin directional_delta lag1,quality_improvement,0.08333333333333333
sp500,old,sp500_syn_subset_9b8021eb58,Oper Margin directional_delta lag1,quality_improvement,0.08333333333333333
sp500,old,sp500_syn_subset_9b8021eb58,ROE avg FY0 directional_delta lag1,quality_improvement,0.08333333333333333
sp500,old,sp500_syn_subset_e5c1a446e9,momentum: EPS NTM 3M Growth,revision,0.16666666666666666
sp500,old,sp500_syn_subset_e5c1a446e9,momentum: EPS Revision Ratio,revision,0.16666666666666666
sp500,old,sp500_syn_subset_e5c1a446e9,EV To EBITDA FY1 directional_delta lag1,value_improvement,0.1111111111111111
sp500,old,sp500_syn_subset_e5c1a446e9,EV To EBITDA NTM directional_delta lag1,value_improvement,0.1111111111111111
sp500,old,sp500_syn_subset_e5c1a446e9,PE NTM directional_delta lag1,value_improvement,0.1111111111111111
sp500,old,sp500_syn_subset_e5c1a446e9,Cont Op Earning Margin directional_delta lag1,quality_improvement,0.08333333333333333
sp500,old,sp500_syn_subset_e5c1a446e9,Gross Margin directional_delta lag1,quality_improvement,0.08333333333333333
sp500,old,sp500_syn_subset_e5c1a446e9,Oper Margin directional_delta lag1,quality_improvement,0.08333333333333333
sp500,old,sp500_syn_subset_e5c1a446e9,ROE avg FY0 directional_delta lag1,quality_improvement,0.08333333333333333
sp500,old,sp500_syn_subset_32764adaa1,quality: FCF Conversion,quality_level,0.3333333333333333
sp500,old,sp500_syn_subset_32764adaa1,Net Debt to Tot Equity score_delta lag3,deleveraging,0.1111111111111111
sp500,old,sp500_syn_subset_32764adaa1,NetDebt to EBITDA exFIN directional_delta lag1,deleveraging,0.1111111111111111
sp500,old,sp500_syn_subset_32764adaa1,quality: NetDebt to EBITDA exFIN,deleveraging,0.1111111111111111
sp500,old,sp500_syn_subset_32764adaa1,Cont Op Earning Margin directional_delta lag1,quality_improvement,0.08333333333333333
sp500,old,sp500_syn_subset_32764adaa1,Gross Margin directional_delta lag1,quality_improvement,0.08333333333333333
sp500,old,sp500_syn_subset_32764adaa1,Oper Margin directional_delta lag1,quality_improvement,0.08333333333333333
sp500,old,sp500_syn_subset_32764adaa1,ROE avg FY0 directional_delta lag1,quality_improvement,0.08333333333333333
sp500,old,sp500_syn_subset_63b970fc78,Earns Yield FY1 directional_delta lag1,earnings_yield_improvement,0.25
sp500,old,sp500_syn_subset_63b970fc78,Earns Yield NTM directional_delta lag1,earnings_yield_improvement,0.25
sp500,old,sp500_syn_subset_63b970fc78,Cont Op Earning Margin directional_delta lag1,quality_improvement,0.125
sp500,old,sp500_syn_subset_63b970fc78,Gross Margin directional_delta lag1,quality_improvement,0.125
sp500,old,sp500_syn_subset_63b970fc78,Oper Margin directional_delta lag1,quality_improvement,0.125
sp500,old,sp500_syn_subset_63b970fc78,ROE avg FY0 directional_delta lag1,quality_improvement,0.125
sp500,old,sp500_syn_loo_without_risk_decline,dividend: DPS 1Y Growth FY1,dividend_growth,0.11111111111111112
sp500,old,sp500_syn_loo_without_risk_decline,quality: FCF Conversion,quality_level,0.11111111111111112
sp500,old,sp500_syn_loo_without_risk_decline,value: EV To EBITDA NTM,value_level,0.11111111111111112
sp500,old,sp500_syn_loo_without_risk_decline,Earns Yield FY1 directional_delta lag1,earnings_yield_improvement,0.05555555555555556
sp500,old,sp500_syn_loo_without_risk_decline,Earns Yield NTM directional_delta lag1,earnings_yield_improvement,0.05555555555555556
sp500,old,sp500_syn_loo_without_risk_decline,momentum: EPS NTM 3M Growth,revision,0.05555555555555556
sp500,old,sp500_syn_loo_without_risk_decline,momentum: EPS Revision Ratio,revision,0.05555555555555556
sp500,old,sp500_syn_loo_without_risk_decline,EV To EBITDA FY1 directional_delta lag1,value_improvement,0.03703703703703704
sp500,old,sp500_syn_loo_without_risk_decline,EV To EBITDA NTM directional_delta lag1,value_improvement,0.03703703703703704
sp500,old,sp500_syn_loo_without_risk_decline,Net Debt to Tot Equity score_delta lag3,deleveraging,0.03703703703703704
sp500,old,sp500_syn_loo_without_risk_decline,NetDebt to EBITDA exFIN directional_delta lag1,deleveraging,0.03703703703703704
sp500,old,sp500_syn_loo_without_risk_decline,PE NTM directional_delta lag1,value_improvement,0.03703703703703704
sp500,old,sp500_syn_loo_without_risk_decline,growth: EPS Growth FY1,growth,0.03703703703703704
sp500,old,sp500_syn_loo_without_risk_decline,growth: EPS Growth NTM,growth,0.03703703703703704
sp500,old,sp500_syn_loo_without_risk_decline,growth: Gross Income Growth FY1,growth,0.03703703703703704
sp500,old,sp500_syn_loo_without_risk_decline,quality: NetDebt to EBITDA exFIN,deleveraging,0.03703703703703704
sp500,old,sp500_syn_loo_without_risk_decline,Cont Op Earning Margin directional_delta lag1,quality_improvement,0.02777777777777778
sp500,old,sp500_syn_loo_without_risk_decline,Gross Margin directional_delta lag1,quality_improvement,0.02777777777777778
sp500,old,sp500_syn_loo_without_risk_decline,Oper Margin directional_delta lag1,quality_improvement,0.02777777777777778
sp500,old,sp500_syn_loo_without_risk_decline,ROE avg FY0 directional_delta lag1,quality_improvement,0.02777777777777778
sp500,old,sp500_syn_subset_6983056933,dividend: DPS 1Y Growth FY1,dividend_growth,0.3333333333333333
sp500,old,sp500_syn_subset_6983056933,Net Debt to Tot Equity score_delta lag3,deleveraging,0.1111111111111111
sp500,old,sp500_syn_subset_6983056933,NetDebt to EBITDA exFIN directional_delta lag1,deleveraging,0.1111111111111111
sp500,old,sp500_syn_subset_6983056933,quality: NetDebt to EBITDA exFIN,deleveraging,0.1111111111111111
sp500,old,sp500_syn_subset_6983056933,Cont Op Earning Margin directional_delta lag1,quality_improvement,0.08333333333333333
sp500,old,sp500_syn_subset_6983056933,Gross Margin directional_delta lag1,quality_improvement,0.08333333333333333
sp500,old,sp500_syn_subset_6983056933,Oper Margin directional_delta lag1,quality_improvement,0.08333333333333333
sp500,old,sp500_syn_subset_6983056933,ROE avg FY0 directional_delta lag1,quality_improvement,0.08333333333333333
sp500,old,sp500_syn_loo_without_value_level,Daily Vol 60J directional_delta lag1,risk_decline,0.11111111111111112
sp500,old,sp500_syn_loo_without_value_level,dividend: DPS 1Y Growth FY1,dividend_growth,0.11111111111111112
sp500,old,sp500_syn_loo_without_value_level,quality: FCF Conversion,quality_level,0.11111111111111112
sp500,old,sp500_syn_loo_without_value_level,Earns Yield FY1 directional_delta lag1,earnings_yield_improvement,0.05555555555555556
sp500,old,sp500_syn_loo_without_value_level,Earns Yield NTM directional_delta lag1,earnings_yield_improvement,0.05555555555555556
sp500,old,sp500_syn_loo_without_value_level,momentum: EPS NTM 3M Growth,revision,0.05555555555555556
sp500,old,sp500_syn_loo_without_value_level,momentum: EPS Revision Ratio,revision,0.05555555555555556
sp500,old,sp500_syn_loo_without_value_level,EV To EBITDA FY1 directional_delta lag1,value_improvement,0.03703703703703704
sp500,old,sp500_syn_loo_without_value_level,EV To EBITDA NTM directional_delta lag1,value_improvement,0.03703703703703704
sp500,old,sp500_syn_loo_without_value_level,Net Debt to Tot Equity score_delta lag3,deleveraging,0.03703703703703704
sp500,old,sp500_syn_loo_without_value_level,NetDebt to EBITDA exFIN directional_delta lag1,deleveraging,0.03703703703703704
sp500,old,sp500_syn_loo_without_value_level,PE NTM directional_delta lag1,value_improvement,0.03703703703703704
sp500,old,sp500_syn_loo_without_value_level,growth: EPS Growth FY1,growth,0.03703703703703704
sp500,old,sp500_syn_loo_without_value_level,growth: EPS Growth NTM,growth,0.03703703703703704
sp500,old,sp500_syn_loo_without_value_level,growth: Gross Income Growth FY1,growth,0.03703703703703704
sp500,old,sp500_syn_loo_without_value_level,quality: NetDebt to EBITDA exFIN,deleveraging,0.03703703703703704
sp500,old,sp500_syn_loo_without_value_level,Cont Op Earning Margin directional_delta lag1,quality_improvement,0.02777777777777778
sp500,old,sp500_syn_loo_without_value_level,Gross Margin directional_delta lag1,quality_improvement,0.02777777777777778
sp500,old,sp500_syn_loo_without_value_level,Oper Margin directional_delta lag1,quality_improvement,0.02777777777777778
sp500,old,sp500_syn_loo_without_value_level,ROE avg FY0 directional_delta lag1,quality_improvement,0.02777777777777778
sp500,old,sp500_syn_loo_without_deleveraging,Daily Vol 60J directional_delta lag1,risk_decline,0.11111111111111112
sp500,old,sp500_syn_loo_without_deleveraging,dividend: DPS 1Y Growth FY1,dividend_growth,0.11111111111111112
sp500,old,sp500_syn_loo_without_deleveraging,quality: FCF Conversion,quality_level,0.11111111111111112
sp500,old,sp500_syn_loo_without_deleveraging,value: EV To EBITDA NTM,value_level,0.11111111111111112
sp500,old,sp500_syn_loo_without_deleveraging,Earns Yield FY1 directional_delta lag1,earnings_yield_improvement,0.05555555555555556
sp500,old,sp500_syn_loo_without_deleveraging,Earns Yield NTM directional_delta lag1,earnings_yield_improvement,0.05555555555555556
sp500,old,sp500_syn_loo_without_deleveraging,momentum: EPS NTM 3M Growth,revision,0.05555555555555556
sp500,old,sp500_syn_loo_without_deleveraging,momentum: EPS Revision Ratio,revision,0.05555555555555556
sp500,old,sp500_syn_loo_without_deleveraging,EV To EBITDA FY1 directional_delta lag1,value_improvement,0.03703703703703704
sp500,old,sp500_syn_loo_without_deleveraging,EV To EBITDA NTM directional_delta lag1,value_improvement,0.03703703703703704
sp500,old,sp500_syn_loo_without_deleveraging,PE NTM directional_delta lag1,value_improvement,0.03703703703703704
sp500,old,sp500_syn_loo_without_deleveraging,growth: EPS Growth FY1,growth,0.03703703703703704
sp500,old,sp500_syn_loo_without_deleveraging,growth: EPS Growth NTM,growth,0.03703703703703704
sp500,old,sp500_syn_loo_without_deleveraging,growth: Gross Income Growth FY1,growth,0.03703703703703704
sp500,old,sp500_syn_loo_without_deleveraging,Cont Op Earning Margin directional_delta lag1,quality_improvement,0.02777777777777778
sp500,old,sp500_syn_loo_without_deleveraging,Gross Margin directional_delta lag1,quality_improvement,0.02777777777777778
sp500,old,sp500_syn_loo_without_deleveraging,Oper Margin directional_delta lag1,quality_improvement,0.02777777777777778
sp500,old,sp500_syn_loo_without_deleveraging,ROE avg FY0 directional_delta lag1,quality_improvement,0.02777777777777778
sp500,old,sp500_syn_subset_974828f354,Daily Vol 60J directional_delta lag1,risk_decline,0.3333333333333333
sp500,old,sp500_syn_subset_974828f354,momentum: EPS NTM 3M Growth,revision,0.16666666666666666
sp500,old,sp500_syn_subset_974828f354,momentum: EPS Revision Ratio,revision,0.16666666666666666
sp500,old,sp500_syn_subset_974828f354,Cont Op Earning Margin directional_delta lag1,quality_improvement,0.08333333333333333
sp500,old,sp500_syn_subset_974828f354,Gross Margin directional_delta lag1,quality_improvement,0.08333333333333333
sp500,old,sp500_syn_subset_974828f354,Oper Margin directional_delta lag1,quality_improvement,0.08333333333333333
sp500,old,sp500_syn_subset_974828f354,ROE avg FY0 directional_delta lag1,quality_improvement,0.08333333333333333
sp500,old,sp500_reldelta_quality_cont_op_earning_margin_lag1_score,Cont Op Earning Margin directional_delta lag1,,1.0
sp500,old,sp500_syn_subset_693104f7b4,momentum: EPS NTM 3M Growth,revision,0.25
sp500,old,sp500_syn_subset_693104f7b4,momentum: EPS Revision Ratio,revision,0.25
sp500,old,sp500_syn_subset_693104f7b4,Cont Op Earning Margin directional_delta lag1,quality_improvement,0.125
sp500,old,sp500_syn_subset_693104f7b4,Gross Margin directional_delta lag1,quality_improvement,0.125
sp500,old,sp500_syn_subset_693104f7b4,Oper Margin directional_delta lag1,quality_improvement,0.125
sp500,old,sp500_syn_subset_693104f7b4,ROE avg FY0 directional_delta lag1,quality_improvement,0.125
sp500,old,sp500_syn_loo_without_quality_improvement,Daily Vol 60J directional_delta lag1,risk_decline,0.11111111111111112
sp500,old,sp500_syn_loo_without_quality_improvement,dividend: DPS 1Y Growth FY1,dividend_growth,0.11111111111111112
sp500,old,sp500_syn_loo_without_quality_improvement,quality: FCF Conversion,quality_level,0.11111111111111112
sp500,old,sp500_syn_loo_without_quality_improvement,value: EV To EBITDA NTM,value_level,0.11111111111111112
sp500,old,sp500_syn_loo_without_quality_improvement,Earns Yield FY1 directional_delta lag1,earnings_yield_improvement,0.05555555555555556
sp500,old,sp500_syn_loo_without_quality_improvement,Earns Yield NTM directional_delta lag1,earnings_yield_improvement,0.05555555555555556
sp500,old,sp500_syn_loo_without_quality_improvement,momentum: EPS NTM 3M Growth,revision,0.05555555555555556
sp500,old,sp500_syn_loo_without_quality_improvement,momentum: EPS Revision Ratio,revision,0.05555555555555556
sp500,old,sp500_syn_loo_without_quality_improvement,EV To EBITDA FY1 directional_delta lag1,value_improvement,0.03703703703703704
sp500,old,sp500_syn_loo_without_quality_improvement,EV To EBITDA NTM directional_delta lag1,value_improvement,0.03703703703703704
sp500,old,sp500_syn_loo_without_quality_improvement,Net Debt to Tot Equity score_delta lag3,deleveraging,0.03703703703703704
sp500,old,sp500_syn_loo_without_quality_improvement,NetDebt to EBITDA exFIN directional_delta lag1,deleveraging,0.03703703703703704
sp500,old,sp500_syn_loo_without_quality_improvement,PE NTM directional_delta lag1,value_improvement,0.03703703703703704
sp500,old,sp500_syn_loo_without_quality_improvement,growth: EPS Growth FY1,growth,0.03703703703703704
sp500,old,sp500_syn_loo_without_quality_improvement,growth: EPS Growth NTM,growth,0.03703703703703704
sp500,old,sp500_syn_loo_without_quality_improvement,growth: Gross Income Growth FY1,growth,0.03703703703703704
sp500,old,sp500_syn_loo_without_quality_improvement,quality: NetDebt to EBITDA exFIN,deleveraging,0.03703703703703704
sp500,old,sp500_syn_loo_without_value_improvement,Daily Vol 60J directional_delta lag1,risk_decline,0.11111111111111112
sp500,old,sp500_syn_loo_without_value_improvement,dividend: DPS 1Y Growth FY1,dividend_growth,0.11111111111111112
sp500,old,sp500_syn_loo_without_value_improvement,quality: FCF Conversion,quality_level,0.11111111111111112
sp500,old,sp500_syn_loo_without_value_improvement,value: EV To EBITDA NTM,value_level,0.11111111111111112
sp500,old,sp500_syn_loo_without_value_improvement,Earns Yield FY1 directional_delta lag1,earnings_yield_improvement,0.05555555555555556
sp500,old,sp500_syn_loo_without_value_improvement,Earns Yield NTM directional_delta lag1,earnings_yield_improvement,0.05555555555555556
sp500,old,sp500_syn_loo_without_value_improvement,momentum: EPS NTM 3M Growth,revision,0.05555555555555556
sp500,old,sp500_syn_loo_without_value_improvement,momentum: EPS Revision Ratio,revision,0.05555555555555556
sp500,old,sp500_syn_loo_without_value_improvement,Net Debt to Tot Equity score_delta lag3,deleveraging,0.03703703703703704
sp500,old,sp500_syn_loo_without_value_improvement,NetDebt to EBITDA exFIN directional_delta lag1,deleveraging,0.03703703703703704
sp500,old,sp500_syn_loo_without_value_improvement,growth: EPS Growth FY1,growth,0.03703703703703704
sp500,old,sp500_syn_loo_without_value_improvement,growth: EPS Growth NTM,growth,0.03703703703703704
sp500,old,sp500_syn_loo_without_value_improvement,growth: Gross Income Growth FY1,growth,0.03703703703703704
sp500,old,sp500_syn_loo_without_value_improvement,quality: NetDebt to EBITDA exFIN,deleveraging,0.03703703703703704
sp500,old,sp500_syn_loo_without_value_improvement,Cont Op Earning Margin directional_delta lag1,quality_improvement,0.02777777777777778
sp500,old,sp500_syn_loo_without_value_improvement,Gross Margin directional_delta lag1,quality_improvement,0.02777777777777778
sp500,old,sp500_syn_loo_without_value_improvement,Oper Margin directional_delta lag1,quality_improvement,0.02777777777777778
sp500,old,sp500_syn_loo_without_value_improvement,ROE avg FY0 directional_delta lag1,quality_improvement,0.02777777777777778
sp500,old,sp500_syn_subset_80e5ee3500,Earns Yield FY1 directional_delta lag1,earnings_yield_improvement,0.16666666666666666
sp500,old,sp500_syn_subset_80e5ee3500,Earns Yield NTM directional_delta lag1,earnings_yield_improvement,0.16666666666666666
sp500,old,sp500_syn_subset_80e5ee3500,EV To EBITDA FY1 directional_delta lag1,value_improvement,0.1111111111111111
sp500,old,sp500_syn_subset_80e5ee3500,EV To EBITDA NTM directional_delta lag1,value_improvement,0.1111111111111111
sp500,old,sp500_syn_subset_80e5ee3500,Net Debt to Tot Equity score_delta lag3,deleveraging,0.1111111111111111
sp500,old,sp500_syn_subset_80e5ee3500,NetDebt to EBITDA exFIN directional_delta lag1,deleveraging,0.1111111111111111
sp500,old,sp500_syn_subset_80e5ee3500,PE NTM directional_delta lag1,value_improvement,0.1111111111111111
sp500,old,sp500_syn_subset_80e5ee3500,quality: NetDebt to EBITDA exFIN,deleveraging,0.1111111111111111
sp500,old,sp500_syn_subset_0a017d4ef0,Daily Vol 60J directional_delta lag1,risk_decline,0.3333333333333333
sp500,old,sp500_syn_subset_0a017d4ef0,quality: FCF Conversion,quality_level,0.3333333333333333
sp500,old,sp500_syn_subset_0a017d4ef0,Cont Op Earning Margin directional_delta lag1,quality_improvement,0.08333333333333333
sp500,old,sp500_syn_subset_0a017d4ef0,Gross Margin directional_delta lag1,quality_improvement,0.08333333333333333
sp500,old,sp500_syn_subset_0a017d4ef0,Oper Margin directional_delta lag1,quality_improvement,0.08333333333333333
sp500,old,sp500_syn_subset_0a017d4ef0,ROE avg FY0 directional_delta lag1,quality_improvement,0.08333333333333333
sp500,old,sp500_syn_subset_a14f7a807e,Daily Vol 60J directional_delta lag1,risk_decline,0.3333333333333333
sp500,old,sp500_syn_subset_a14f7a807e,growth: EPS Growth FY1,growth,0.1111111111111111
sp500,old,sp500_syn_subset_a14f7a807e,growth: EPS Growth NTM,growth,0.1111111111111111
sp500,old,sp500_syn_subset_a14f7a807e,growth: Gross Income Growth FY1,growth,0.1111111111111111
sp500,old,sp500_syn_subset_a14f7a807e,Cont Op Earning Margin directional_delta lag1,quality_improvement,0.08333333333333333
sp500,old,sp500_syn_subset_a14f7a807e,Gross Margin directional_delta lag1,quality_improvement,0.08333333333333333
sp500,old,sp500_syn_subset_a14f7a807e,Oper Margin directional_delta lag1,quality_improvement,0.08333333333333333
sp500,old,sp500_syn_subset_a14f7a807e,ROE avg FY0 directional_delta lag1,quality_improvement,0.08333333333333333
sp500,old,sp500_syn_pair_6008f825ce17,EV To EBITDA NTM directional_delta lag1,EV To EBITDA NTM directional_delta lag1,0.5
sp500,old,sp500_syn_pair_6008f825ce17,Earns Yield NTM directional_delta lag1,Earns Yield NTM directional_delta lag1,0.5
sp500,old,sp500_syn_pair_e8a3e3ce4cc2,Net Debt to Tot Equity score_delta lag3,Net Debt to Tot Equity score_delta lag3,0.5
sp500,old,sp500_syn_pair_e8a3e3ce4cc2,growth: EPS Growth NTM,growth: EPS Growth NTM,0.5
sp500,old,sp500_syn_pair_12030a2418d0,EV To EBITDA NTM directional_delta lag1,EV To EBITDA NTM directional_delta lag1,0.5
sp500,old,sp500_syn_pair_12030a2418d0,momentum: EPS Revision Ratio,momentum: EPS Revision Ratio,0.5
sp500,old,sp500_syn_pair_e5ebe217f186,EV To EBITDA FY1 directional_delta lag1,EV To EBITDA FY1 directional_delta lag1,0.5
sp500,old,sp500_syn_pair_e5ebe217f186,Earns Yield NTM directional_delta lag1,Earns Yield NTM directional_delta lag1,0.5
sp500,old,sp500_syn_pair_ff7363c4272c,Net Debt to Tot Equity score_delta lag3,Net Debt to Tot Equity score_delta lag3,0.5
sp500,old,sp500_syn_pair_ff7363c4272c,growth: EPS Growth FY1,growth: EPS Growth FY1,0.5
sp500,old,sp500_syn_pair_1f545872caf8,Daily Vol 60J directional_delta lag1,Daily Vol 60J directional_delta lag1,0.5
sp500,old,sp500_syn_pair_1f545872caf8,Net Debt to Tot Equity score_delta lag3,Net Debt to Tot Equity score_delta lag3,0.5
sp500,old,sp500_syn_pair_a7bb82e9143d,EV To EBITDA FY1 directional_delta lag1,EV To EBITDA FY1 directional_delta lag1,0.5
sp500,old,sp500_syn_pair_a7bb82e9143d,momentum: EPS Revision Ratio,momentum: EPS Revision Ratio,0.5
sp500,old,sp500_syn_pair_35554006e6c9,Daily Vol 60J directional_delta lag1,Daily Vol 60J directional_delta lag1,0.5
sp500,old,sp500_syn_pair_35554006e6c9,quality: NetDebt to EBITDA exFIN,quality: NetDebt to EBITDA exFIN,0.5
sp500,old,sp500_syn_pair_9e0fda484804,EV To EBITDA FY1 directional_delta lag1,EV To EBITDA FY1 directional_delta lag1,0.5
sp500,old,sp500_syn_pair_9e0fda484804,Net Debt to Tot Equity score_delta lag3,Net Debt to Tot Equity score_delta lag3,0.5
sp500,old,sp500_syn_pair_aaf30c02c2d6,EV To EBITDA NTM directional_delta lag1,EV To EBITDA NTM directional_delta lag1,0.5
sp500,old,sp500_syn_pair_aaf30c02c2d6,Net Debt to Tot Equity score_delta lag3,Net Debt to Tot Equity score_delta lag3,0.5
sp500,old,sp500_syn_pair_c55856038742,Earns Yield NTM directional_delta lag1,Earns Yield NTM directional_delta lag1,0.5
sp500,old,sp500_syn_pair_c55856038742,Net Debt to Tot Equity score_delta lag3,Net Debt to Tot Equity score_delta lag3,0.5
sp500,old,sp500_syn_pair_3b3ad80622f2,Earns Yield NTM directional_delta lag1,Earns Yield NTM directional_delta lag1,0.5
sp500,old,sp500_syn_pair_3b3ad80622f2,quality: NetDebt to EBITDA exFIN,quality: NetDebt to EBITDA exFIN,0.5
sp500,old,sp500_syn_pair_0541907f1cfb,EV To EBITDA NTM directional_delta lag1,EV To EBITDA NTM directional_delta lag1,0.5
sp500,old,sp500_syn_pair_0541907f1cfb,momentum: EPS NTM 3M Growth,momentum: EPS NTM 3M Growth,0.5
sp500,old,sp500_syn_pair_af8697cd9cf2,EV To EBITDA NTM directional_delta lag1,EV To EBITDA NTM directional_delta lag1,0.5
sp500,old,sp500_syn_pair_af8697cd9cf2,growth: EPS Growth NTM,growth: EPS Growth NTM,0.5
sp500,old,sp500_syn_pair_c935959dc50f,EV To EBITDA FY1 directional_delta lag1,EV To EBITDA FY1 directional_delta lag1,0.5
sp500,old,sp500_syn_pair_c935959dc50f,quality: NetDebt to EBITDA exFIN,quality: NetDebt to EBITDA exFIN,0.5
sp500,old,sp500_syn_pair_8ccf3386d7aa,EV To EBITDA NTM directional_delta lag1,EV To EBITDA NTM directional_delta lag1,0.5
sp500,old,sp500_syn_pair_8ccf3386d7aa,growth: EPS Growth FY1,growth: EPS Growth FY1,0.5
sp500,old,sp500_syn_pair_a22bf616e1b1,EV To EBITDA NTM directional_delta lag1,EV To EBITDA NTM directional_delta lag1,0.5
sp500,old,sp500_syn_pair_a22bf616e1b1,quality: NetDebt to EBITDA exFIN,quality: NetDebt to EBITDA exFIN,0.5
sp500,old,sp500_syn_pair_137c2bcd2f4c,Earns Yield NTM directional_delta lag1,Earns Yield NTM directional_delta lag1,0.5
sp500,old,sp500_syn_pair_137c2bcd2f4c,PE NTM directional_delta lag1,PE NTM directional_delta lag1,0.5
sp500,old,sp500_syn_pair_7e22529a80d0,Daily Vol 60J directional_delta lag1,Daily Vol 60J directional_delta lag1,0.5
sp500,old,sp500_syn_pair_7e22529a80d0,growth: EPS Growth NTM,growth: EPS Growth NTM,0.5
sp500,old,sp500_syn_pair_44e158effc8b,Earns Yield FY1 directional_delta lag1,Earns Yield FY1 directional_delta lag1,0.5
sp500,old,sp500_syn_pair_44e158effc8b,quality: NetDebt to EBITDA exFIN,quality: NetDebt to EBITDA exFIN,0.5
sp500,old,sp500_syn_pair_811dc614db2f,Daily Vol 60J directional_delta lag1,Daily Vol 60J directional_delta lag1,0.5
sp500,old,sp500_syn_pair_811dc614db2f,EV To EBITDA NTM directional_delta lag1,EV To EBITDA NTM directional_delta lag1,0.5
sp500,old,sp500_quality_netdebt_to_ebitda_exfin_score,quality: NetDebt to EBITDA exFIN,,1.0
sp500,old,sp500_syn_pair_03c84bf09047,EV To EBITDA NTM directional_delta lag1,EV To EBITDA NTM directional_delta lag1,0.5
sp500,old,sp500_syn_pair_03c84bf09047,Earns Yield FY1 directional_delta lag1,Earns Yield FY1 directional_delta lag1,0.5
sp500,old,sp500_syn_pair_607177c2bea3,Daily Vol 60J directional_delta lag1,Daily Vol 60J directional_delta lag1,0.5
sp500,old,sp500_syn_pair_607177c2bea3,EV To EBITDA FY1 directional_delta lag1,EV To EBITDA FY1 directional_delta lag1,0.5
sp500,old,sp500_relrank_quality_net_debt_to_tot_equity_lag3_score,Net Debt to Tot Equity score_delta lag3,,1.0
sp500,old,sp500_syn_pair_7a1d9c48e037,Daily Vol 60J directional_delta lag1,Daily Vol 60J directional_delta lag1,0.5
sp500,old,sp500_syn_pair_7a1d9c48e037,growth: EPS Growth FY1,growth: EPS Growth FY1,0.5
sp500,old,sp500_syn_pair_e410acfddbf8,Daily Vol 60J directional_delta lag1,Daily Vol 60J directional_delta lag1,0.5
sp500,old,sp500_syn_pair_e410acfddbf8,momentum: EPS Revision Ratio,momentum: EPS Revision Ratio,0.5
sp500,old,sp500_syn_pair_f482a6419f70,PE NTM directional_delta lag1,PE NTM directional_delta lag1,0.5
sp500,old,sp500_syn_pair_f482a6419f70,quality: NetDebt to EBITDA exFIN,quality: NetDebt to EBITDA exFIN,0.5
sp500,old,sp500_syn_pair_a0b98f134e1d,PE NTM directional_delta lag1,PE NTM directional_delta lag1,0.5
sp500,old,sp500_syn_pair_a0b98f134e1d,growth: EPS Growth FY1,growth: EPS Growth FY1,0.5
sp500,old,sp500_growth_eps_growth_fy1_score,growth: EPS Growth FY1,,1.0
sp500,old,sp500_reldelta_value_earns_yield_ntm_lag1_score,Earns Yield NTM directional_delta lag1,,1.0
sp500,old,sp500_syn_pair_599aa369bcf1,Earns Yield FY1 directional_delta lag1,Earns Yield FY1 directional_delta lag1,0.5
sp500,old,sp500_syn_pair_599aa369bcf1,growth: EPS Growth NTM,growth: EPS Growth NTM,0.5
sp500,old,sp500_syn_pair_f17d1dbab6bc,Daily Vol 60J directional_delta lag1,Daily Vol 60J directional_delta lag1,0.5
sp500,old,sp500_syn_pair_f17d1dbab6bc,momentum: EPS NTM 3M Growth,momentum: EPS NTM 3M Growth,0.5
sp500,old,sp500_syn_pair_dfb0c4a7b182,Earns Yield FY1 directional_delta lag1,Earns Yield FY1 directional_delta lag1,0.5
sp500,old,sp500_syn_pair_dfb0c4a7b182,momentum: EPS NTM 3M Growth,momentum: EPS NTM 3M Growth,0.5
sp500,old,sp500_syn_pair_e1803de2b1be,Daily Vol 60J directional_delta lag1,Daily Vol 60J directional_delta lag1,0.5
sp500,old,sp500_syn_pair_e1803de2b1be,quality: FCF Conversion,quality: FCF Conversion,0.5
sp500,old,sp500_momentum_eps_ntm_3m_growth_score,momentum: EPS NTM 3M Growth,,1.0
sp500,old,sp500_reldelta_value_ev_to_ebitda_fy1_lag1_score,EV To EBITDA FY1 directional_delta lag1,,1.0
sp500,old,sp500_reldelta_value_ev_to_ebitda_ntm_lag1_score,EV To EBITDA NTM directional_delta lag1,,1.0
sp500,old,sp500_syn_pair_2c170e261686,Daily Vol 60J directional_delta lag1,Daily Vol 60J directional_delta lag1,0.5
sp500,old,sp500_syn_pair_2c170e261686,growth: Gross Income Growth FY1,growth: Gross Income Growth FY1,0.5
sp500,old,sp500_syn_pair_92c22fda7682,PE NTM directional_delta lag1,PE NTM directional_delta lag1,0.5
sp500,old,sp500_syn_pair_92c22fda7682,growth: EPS Growth NTM,growth: EPS Growth NTM,0.5
sp500,old,sp500_syn_pair_ea2a2877d7fa,PE NTM directional_delta lag1,PE NTM directional_delta lag1,0.5
sp500,old,sp500_syn_pair_ea2a2877d7fa,momentum: EPS NTM 3M Growth,momentum: EPS NTM 3M Growth,0.5
sp500,old,sp500_growth_eps_growth_ntm_score,growth: EPS Growth NTM,,1.0
sp500,old,sp500_syn_pair_ba227c57d585,PE NTM directional_delta lag1,PE NTM directional_delta lag1,0.5
sp500,old,sp500_syn_pair_ba227c57d585,momentum: EPS Revision Ratio,momentum: EPS Revision Ratio,0.5
sp500,old,sp500_quality_fcf_conversion_score,quality: FCF Conversion,,1.0
sp500,old,sp500_growth_gross_income_growth_fy1_score,growth: Gross Income Growth FY1,,1.0
sp500,old,sp500_momentum_eps_revision_ratio_score,momentum: EPS Revision Ratio,,1.0
sp500,old,sp500_reldelta_value_earns_yield_fy1_lag1_score,Earns Yield FY1 directional_delta lag1,,1.0
sp500,old,sp500_syn_pair_0f3f8ee9403f,PE NTM directional_delta lag1,PE NTM directional_delta lag1,0.5
sp500,old,sp500_syn_pair_0f3f8ee9403f,growth: Gross Income Growth FY1,growth: Gross Income Growth FY1,0.5
sp500,old,sp500_reldelta_lowvol_daily_vol_60j_lag1_score,Daily Vol 60J directional_delta lag1,,1.0
sp500,old,sp500_dividend_dps_1y_growth_fy1_score,dividend: DPS 1Y Growth FY1,,1.0
sp500,old,sp500_reldelta_value_pe_ntm_lag1_score,PE NTM directional_delta lag1,,1.0
sp500,old,sp500_value_ev_to_ebitda_ntm_score,value: EV To EBITDA NTM,,1.0
sp500,new,sp500_ext_size_quality_repair,Oper Margin 3M improvement (sector × size rank),quality_improvement,0.5
sp500,new,sp500_ext_size_quality_repair,NetDebt / EBITDA 3M improvement (sector × size rank),quality_improvement,0.5
sp500,new,sp500_ext_size_margin_improvement,Oper Margin 3M improvement (sector × size rank),quality_improvement,1.0
sp500,new,sp500_ext_size_deleveraging,NetDebt / EBITDA 3M improvement (sector × size rank),deleveraging,1.0
sp500,new,sp500_ext_cash_backed_margin_improvement,Oper Margin 3M improvement (sector × size rank),accrual_quality,0.5
sp500,new,sp500_ext_cash_backed_margin_improvement,(Net Income - CFO) / Total Assets (lower is better),accrual_quality,0.5
sp500,new,sp500_ext_size_growth_confirmation,Sales / Gross Income Growth + EPS Revision (sector × size rank),growth,1.0
sp500,new,sp500_ext_capital_efficient_growth_revision,Sales Growth FY1,capital_efficiency,0.25
sp500,new,sp500_ext_capital_efficient_growth_revision,Gross Income Growth FY1,capital_efficiency,0.25
sp500,new,sp500_ext_capital_efficient_growth_revision,Asset TO exFIN (sector × size rank),capital_efficiency,0.25
sp500,new,sp500_ext_capital_efficient_growth_revision,EPS Revision Ratio,capital_efficiency,0.25
sp500,new,sp500_ext_size_asset_turnover,Asset TO exFIN (sector × size rank),capital_efficiency,1.0
sp500,new,sp500_ext_size_value_improvement,Earns Yield FY1 1M improvement (sector × size rank),value_improvement,1.0
sp500,new,sp500_ext_asset_turnover,Asset TO exFIN,capital_efficiency,1.0
sp500,new,sp500_ext_size_revision,EPS Revision Ratio (sector × size rank),revision,1.0
sp500,new,sp500_ext_cash_earnings_growth,EPS Growth FY1,accrual_quality,0.3333333333333333
sp500,new,sp500_ext_cash_earnings_growth,(Net Income - CFO) / Total Assets (lower is better),accrual_quality,0.3333333333333333
sp500,new,sp500_ext_cash_earnings_growth,FCF Conversion,accrual_quality,0.3333333333333333
sp500,new,sp500_ext_size_pmom,PMOM 12M1M (sector × size rank),revision,1.0
sp500,new,sp500_ext_low_operating_accruals,(Net Income - CFO) / Total Assets (lower is better),accrual_quality,1.0
sp500,new,sp500_ext_residual_momentum_revision,SP500-residual Momentum 12-1,residual_momentum,0.5
sp500,new,sp500_ext_residual_momentum_revision,EPS Revision Ratio,residual_momentum,0.5
sp500,new,sp500_factor_extension_20260711:sp500_ext_subset_08e95a53d586,Oper Margin improvement + quality repair,quality_improvement,0.5
sp500,new,sp500_factor_extension_20260711:sp500_ext_subset_08e95a53d586,NetDebt / EBITDA improvement,deleveraging,0.5
sp500,new,sp500_factor_extension_20260711:sp500_ext_subset_ee96431827d3,Oper Margin improvement + quality repair,quality_improvement,0.3333333333333333
sp500,new,sp500_factor_extension_20260711:sp500_ext_subset_ee96431827d3,NetDebt / EBITDA improvement,deleveraging,0.3333333333333333
sp500,new,sp500_factor_extension_20260711:sp500_ext_subset_ee96431827d3,Earns Yield FY1 improvement,value_improvement,0.3333333333333333
sp500,new,sp500_factor_extension_20260711:sp500_ext_subset_b3c0d0fc7d48,EPS Revision Ratio + size-aware PMOM,revision,0.3333333333333333
sp500,new,sp500_factor_extension_20260711:sp500_ext_subset_b3c0d0fc7d48,Oper Margin improvement + quality repair,quality_improvement,0.3333333333333333
sp500,new,sp500_factor_extension_20260711:sp500_ext_subset_b3c0d0fc7d48,NetDebt / EBITDA improvement,deleveraging,0.3333333333333333
sp500,new,sp500_factor_extension_20260711:sp500_ext_subset_5e7ca9b3d675,NetDebt / EBITDA improvement,deleveraging,0.5
sp500,new,sp500_factor_extension_20260711:sp500_ext_subset_5e7ca9b3d675,(Net Income - CFO) / Assets + cash-backed margin,accrual_quality,0.5
sp500,new,sp500_factor_extension_20260711:sp500_ext_subset_d2419acc8234,NetDebt / EBITDA improvement,deleveraging,0.3333333333333333
sp500,new,sp500_factor_extension_20260711:sp500_ext_subset_d2419acc8234,Earns Yield FY1 improvement,value_improvement,0.3333333333333333
sp500,new,sp500_factor_extension_20260711:sp500_ext_subset_d2419acc8234,(Net Income - CFO) / Assets + cash-backed margin,accrual_quality,0.3333333333333333
stoxx600,old,stoxx600_syn_subset_e5c1a446e9,momentum: EPS Revision Ratio,revision,0.16666666666666666
stoxx600,old,stoxx600_syn_subset_e5c1a446e9,momentum: EPS NTM 3M Growth,revision,0.16666666666666666
stoxx600,old,stoxx600_syn_subset_e5c1a446e9,Oper Margin directional_delta lag3,quality_improvement,0.08333333333333333
stoxx600,old,stoxx600_syn_subset_e5c1a446e9,ROE avg FY0 directional_delta lag3,quality_improvement,0.08333333333333333
stoxx600,old,stoxx600_syn_subset_e5c1a446e9,Cont Op Earning Margin directional_delta lag1,quality_improvement,0.08333333333333333
stoxx600,old,stoxx600_syn_subset_e5c1a446e9,ROE avg FY0 directional_delta lag1,quality_improvement,0.08333333333333333
stoxx600,old,stoxx600_syn_subset_e5c1a446e9,PB LTM directional_delta lag3,value_improvement,0.1111111111111111
stoxx600,old,stoxx600_syn_subset_e5c1a446e9,EV To EBITDA NTM directional_delta lag3,value_improvement,0.1111111111111111
stoxx600,old,stoxx600_syn_subset_e5c1a446e9,EV To EBITDA NTM directional_delta lag1,value_improvement,0.1111111111111111
stoxx600,old,stoxx600_syn_subset_eba89b8a51,momentum: PMOM 12M1M,pmom,0.3333333333333333
stoxx600,old,stoxx600_syn_subset_eba89b8a51,Oper Margin directional_delta lag3,quality_improvement,0.08333333333333333
stoxx600,old,stoxx600_syn_subset_eba89b8a51,ROE avg FY0 directional_delta lag3,quality_improvement,0.08333333333333333
stoxx600,old,stoxx600_syn_subset_eba89b8a51,Cont Op Earning Margin directional_delta lag1,quality_improvement,0.08333333333333333
stoxx600,old,stoxx600_syn_subset_eba89b8a51,ROE avg FY0 directional_delta lag1,quality_improvement,0.08333333333333333
stoxx600,old,stoxx600_syn_subset_eba89b8a51,NetDebt to EBITDA exFIN directional_delta lag3,deleveraging,0.1111111111111111
stoxx600,old,stoxx600_syn_subset_eba89b8a51,NetDebt to EBITDA exFIN score_delta lag3,deleveraging,0.1111111111111111
stoxx600,old,stoxx600_syn_subset_eba89b8a51,NetDebt to EBITDA exFIN directional_delta lag1,deleveraging,0.1111111111111111
stoxx600,old,stoxx600_syn_subset_b3c0d0fc7d,momentum: EPS Revision Ratio,revision,0.16666666666666666
stoxx600,old,stoxx600_syn_subset_b3c0d0fc7d,momentum: EPS NTM 3M Growth,revision,0.16666666666666666
stoxx600,old,stoxx600_syn_subset_b3c0d0fc7d,Oper Margin directional_delta lag3,quality_improvement,0.08333333333333333
stoxx600,old,stoxx600_syn_subset_b3c0d0fc7d,ROE avg FY0 directional_delta lag3,quality_improvement,0.08333333333333333
stoxx600,old,stoxx600_syn_subset_b3c0d0fc7d,Cont Op Earning Margin directional_delta lag1,quality_improvement,0.08333333333333333
stoxx600,old,stoxx600_syn_subset_b3c0d0fc7d,ROE avg FY0 directional_delta lag1,quality_improvement,0.08333333333333333
stoxx600,old,stoxx600_syn_subset_b3c0d0fc7d,NetDebt to EBITDA exFIN directional_delta lag3,deleveraging,0.1111111111111111
stoxx600,old,stoxx600_syn_subset_b3c0d0fc7d,NetDebt to EBITDA exFIN score_delta lag3,deleveraging,0.1111111111111111
stoxx600,old,stoxx600_syn_subset_b3c0d0fc7d,NetDebt to EBITDA exFIN directional_delta lag1,deleveraging,0.1111111111111111
stoxx600,old,stoxx600_syn_subset_2543debc1d,momentum: PMOM 12M1M,pmom,0.3333333333333333
stoxx600,old,stoxx600_syn_subset_2543debc1d,Oper Margin directional_delta lag3,quality_improvement,0.08333333333333333
stoxx600,old,stoxx600_syn_subset_2543debc1d,ROE avg FY0 directional_delta lag3,quality_improvement,0.08333333333333333
stoxx600,old,stoxx600_syn_subset_2543debc1d,Cont Op Earning Margin directional_delta lag1,quality_improvement,0.08333333333333333
stoxx600,old,stoxx600_syn_subset_2543debc1d,ROE avg FY0 directional_delta lag1,quality_improvement,0.08333333333333333
stoxx600,old,stoxx600_syn_subset_2543debc1d,Earns Yield FY1 directional_delta lag1,earnings_yield_improvement,0.1111111111111111
stoxx600,old,stoxx600_syn_subset_2543debc1d,Earns Yield NTM directional_delta lag1,earnings_yield_improvement,0.1111111111111111
stoxx600,old,stoxx600_syn_subset_2543debc1d,Earns Yield FY1 directional_delta lag3,earnings_yield_improvement,0.1111111111111111
stoxx600,old,stoxx600_syn_pair_8dbe63d33df5,NetDebt to EBITDA exFIN directional_delta lag3,deleveraging,0.5
stoxx600,old,stoxx600_syn_pair_8dbe63d33df5,Oper Margin directional_delta lag3,quality_improvement,0.5
stoxx600,old,stoxx600_syn_pair_56f732432d80,Oper Margin directional_delta lag3,quality_improvement,0.5
stoxx600,old,stoxx600_syn_pair_56f732432d80,momentum: EPS NTM 3M Growth,revision,0.5
stoxx600,old,stoxx600_syn_pair_86df394a53f2,momentum: PMOM 12M1M,pmom,0.5
stoxx600,old,stoxx600_syn_pair_86df394a53f2,Oper Margin directional_delta lag3,quality_improvement,0.5
stoxx600,old,stoxx600_syn_pair_5937db8297d4,momentum: PMOM 12M1M,pmom,0.5
stoxx600,old,stoxx600_syn_pair_5937db8297d4,ROE avg FY0 directional_delta lag3,quality_improvement,0.5
stoxx600,old,stoxx600_syn_pair_97a8dca0503b,Earns Yield FY1 directional_delta lag1,earnings_yield_improvement,0.5
stoxx600,old,stoxx600_syn_pair_97a8dca0503b,Oper Margin directional_delta lag3,quality_improvement,0.5
stoxx600,old,stoxx600_syn_full_bucket_equal,momentum: EPS Revision Ratio,revision,0.0625
stoxx600,old,stoxx600_syn_full_bucket_equal,momentum: EPS NTM 3M Growth,revision,0.0625
stoxx600,old,stoxx600_syn_full_bucket_equal,momentum: PMOM 12M1M,pmom,0.125
stoxx600,old,stoxx600_syn_full_bucket_equal,growth: EPS Growth FY1,growth,0.041666666666666664
stoxx600,old,stoxx600_syn_full_bucket_equal,growth: Gross Income Growth FY1,growth,0.041666666666666664
stoxx600,old,stoxx600_syn_full_bucket_equal,growth: Sales Growth FY1,growth,0.041666666666666664
stoxx600,old,stoxx600_syn_full_bucket_equal,Oper Margin directional_delta lag3,quality_improvement,0.03125
stoxx600,old,stoxx600_syn_full_bucket_equal,ROE avg FY0 directional_delta lag3,quality_improvement,0.03125
stoxx600,old,stoxx600_syn_full_bucket_equal,Cont Op Earning Margin directional_delta lag1,quality_improvement,0.03125
stoxx600,old,stoxx600_syn_full_bucket_equal,ROE avg FY0 directional_delta lag1,quality_improvement,0.03125
stoxx600,old,stoxx600_syn_full_bucket_equal,Earns Yield FY1 directional_delta lag1,earnings_yield_improvement,0.041666666666666664
stoxx600,old,stoxx600_syn_full_bucket_equal,Earns Yield NTM directional_delta lag1,earnings_yield_improvement,0.041666666666666664
stoxx600,old,stoxx600_syn_full_bucket_equal,Earns Yield FY1 directional_delta lag3,earnings_yield_improvement,0.041666666666666664
stoxx600,old,stoxx600_syn_full_bucket_equal,NetDebt to EBITDA exFIN directional_delta lag3,deleveraging,0.041666666666666664
stoxx600,old,stoxx600_syn_full_bucket_equal,NetDebt to EBITDA exFIN score_delta lag3,deleveraging,0.041666666666666664
stoxx600,old,stoxx600_syn_full_bucket_equal,NetDebt to EBITDA exFIN directional_delta lag1,deleveraging,0.041666666666666664
stoxx600,old,stoxx600_syn_full_bucket_equal,PB LTM directional_delta lag3,value_improvement,0.041666666666666664
stoxx600,old,stoxx600_syn_full_bucket_equal,EV To EBITDA NTM directional_delta lag3,value_improvement,0.041666666666666664
stoxx600,old,stoxx600_syn_full_bucket_equal,EV To EBITDA NTM directional_delta lag1,value_improvement,0.041666666666666664
stoxx600,old,stoxx600_syn_full_bucket_equal,Daily Vol 260J directional_delta lag1,risk_decline,0.0625
stoxx600,old,stoxx600_syn_full_bucket_equal,Daily Vol 60J score_delta lag12,risk_decline,0.0625
stoxx600,new,stoxx_ext_country_quality_repair,Oper Margin 3M improvement (country-first / industry fallback),quality_improvement,0.5
stoxx600,new,stoxx_ext_country_quality_repair,NetDebt / EBITDA 3M improvement (country-first / industry fallback),quality_improvement,0.5
stoxx600,new,stoxx_ext_country_margin_improvement,Oper Margin 3M improvement (country-first / industry fallback),quality_improvement,1.0
stoxx600,new,stoxx_ext_country_deleveraging,NetDebt / EBITDA 3M improvement (country-first / industry fallback),deleveraging,1.0
stoxx600,new,stoxx_ext_residual_momentum_revision,STOXX-residual Momentum 12-1,residual_momentum,0.5
stoxx600,new,stoxx_ext_residual_momentum_revision,EPS Revision Ratio,residual_momentum,0.5
stoxx600,new,stoxx_ext_country_earnings_yield_improvement,Earns Yield FY1 1M improvement (country-first / industry fallback),earnings_yield_improvement,1.0
stoxx600,new,stoxx_ext_country_value_confirmation,Earns Yield FY1 1M improvement (country-first / industry fallback),earnings_yield_improvement,0.5
stoxx600,new,stoxx_ext_country_value_confirmation,EPS Revision Ratio (country-first / industry fallback),earnings_yield_improvement,0.5
stoxx600,new,stoxx_ext_country_revision,EPS Revision Ratio (country-first / industry fallback),revision,1.0
stoxx600,new,stoxx_ext_country_pmom,PMOM 12M1M (country-first / industry fallback),pmom,1.0
stoxx600,new,stoxx_ext_downside_aware_revision,EPS Revision Ratio,residual_risk,0.5
stoxx600,new,stoxx_ext_downside_aware_revision,STOXX-residual Downside Volatility (lower is better),residual_risk,0.5
stoxx600,new,stoxx_ext_capital_efficient_growth_revision,Sales Growth FY1,capital_efficiency,0.25
stoxx600,new,stoxx_ext_capital_efficient_growth_revision,Gross Income Growth FY1,capital_efficiency,0.25
stoxx600,new,stoxx_ext_capital_efficient_growth_revision,Asset TO exFIN (country-first / industry fallback),capital_efficiency,0.25
stoxx600,new,stoxx_ext_capital_efficient_growth_revision,EPS Revision Ratio,capital_efficiency,0.25
stoxx600,new,stoxx_ext_dividend_revision_quality,DPS 1Y Growth FY1,dividend_sustainability,0.3333333333333333
stoxx600,new,stoxx_ext_dividend_revision_quality,EPS Revision Ratio,dividend_sustainability,0.3333333333333333
stoxx600,new,stoxx_ext_dividend_revision_quality,DVD Payout FY0 (lower is better),dividend_sustainability,0.3333333333333333
stoxx600,new,stoxx_ext_cash_productivity,FCF / Sales,capital_efficiency,1.0
stoxx600,new,stoxx_ext_residual_momentum_risk_adjusted,STOXX-residual Momentum / Residual Volatility,residual_momentum,1.0
stoxx600,new,stoxx_ext_low_residual_downside_risk,STOXX-residual Downside Volatility (lower is better),residual_risk,1.0
stoxx600,new,stoxx_ext_residual_momentum,STOXX-residual Momentum 12-1,residual_momentum,1.0
stoxx600,new,stoxx600_syn_loo_without_revision,PMOM 12M1M + country-aware PMOM,pmom,0.125
stoxx600,new,stoxx600_syn_loo_without_revision,Oper Margin / ROE improvement + country-aware quality repair,quality_improvement,0.125
stoxx600,new,stoxx600_syn_loo_without_revision,Earns Yield improvement + country-aware value confirmation,earnings_yield_improvement,0.125
stoxx600,new,stoxx600_syn_loo_without_revision,NetDebt / EBITDA improvement + country-aware deleveraging,deleveraging,0.125
stoxx600,new,stoxx600_syn_loo_without_revision,Asset TO exFIN + FCF / Sales + capital-efficient growth,capital_efficiency,0.125
stoxx600,new,stoxx600_syn_loo_without_revision,DPS 1Y Growth FY1 + EPS Revision Ratio + DVD Payout FY0,dividend_sustainability,0.125
stoxx600,new,stoxx600_syn_loo_without_revision,STOXX-residual Momentum 12-1 + risk-adjusted residual momentum,residual_momentum,0.125
stoxx600,new,stoxx600_syn_loo_without_revision,STOXX-residual Downside Volatility + downside-aware revision,residual_risk,0.125
nasdaq,new,nasdaq_tech_capital_efficient_growth_revision,Sales Growth FY1,capital_efficiency,0.25
nasdaq,new,nasdaq_tech_capital_efficient_growth_revision,Gross Income Growth FY1,capital_efficiency,0.25
nasdaq,new,nasdaq_tech_capital_efficient_growth_revision,Asset TO exFIN,capital_efficiency,0.25
nasdaq,new,nasdaq_tech_capital_efficient_growth_revision,EPS Revision Ratio,capital_efficiency,0.25
nasdaq,new,nasdaq_tech_growth_confirmation,Sales Growth FY1,growth_confirmation,0.3333333333333333
nasdaq,new,nasdaq_tech_growth_confirmation,Gross Income Growth FY1,growth_confirmation,0.3333333333333333
nasdaq,new,nasdaq_tech_growth_confirmation,EPS Revision Ratio,growth_confirmation,0.3333333333333333
nasdaq,new,nasdaq_tech_asset_light_growth_revision,Sales Growth FY1,intangible_investment,0.2
nasdaq,new,nasdaq_tech_asset_light_growth_revision,Oper Margin,intangible_investment,0.2
nasdaq,new,nasdaq_tech_asset_light_growth_revision,tech_capex_intensity_raw,intangible_investment,0.2
nasdaq,new,nasdaq_tech_asset_light_growth_revision,tech_rd_intensity_raw,intangible_investment,0.2
nasdaq,new,nasdaq_tech_asset_light_growth_revision,EPS Revision Ratio,intangible_investment,0.2
nasdaq,new,nasdaq_tech_downside_aware_growth_revision,Sales Growth FY1,residual_risk,0.3333333333333333
nasdaq,new,nasdaq_tech_downside_aware_growth_revision,EPS Revision Ratio,residual_risk,0.3333333333333333
nasdaq,new,nasdaq_tech_downside_aware_growth_revision,benchmark_residual_downside_volatility_252_raw,residual_risk,0.3333333333333333
nasdaq,new,nasdaq_ext_subset_quality_improvement_intangible_investment,Oper Margin directional_delta lag1,quality_improvement,0.08333333333333333
nasdaq,new,nasdaq_ext_subset_quality_improvement_intangible_investment,Oper Margin directional_delta lag3,quality_improvement,0.08333333333333333
nasdaq,new,nasdaq_ext_subset_quality_improvement_intangible_investment,ROE avg FY0 directional_delta lag1,quality_improvement,0.08333333333333333
nasdaq,new,nasdaq_ext_subset_quality_improvement_intangible_investment,ROE avg FY0 score_delta lag3,quality_improvement,0.08333333333333333
nasdaq,new,nasdaq_ext_subset_quality_improvement_intangible_investment,Oper Margin score_delta lag3,quality_improvement,0.08333333333333333
nasdaq,new,nasdaq_ext_subset_quality_improvement_intangible_investment,ROE avg FY0 score_delta lag1,quality_improvement,0.08333333333333333
nasdaq,new,nasdaq_ext_subset_quality_improvement_intangible_investment,Asset-light Growth + Revision,intangible_investment,0.5
nasdaq,new,nasdaq_ext_family_subset_480bdc4bdf2a,Oper Margin directional_delta lag1,quality_improvement,0.03333333333333333
nasdaq,new,nasdaq_ext_family_subset_480bdc4bdf2a,Oper Margin directional_delta lag3,quality_improvement,0.03333333333333333
nasdaq,new,nasdaq_ext_family_subset_480bdc4bdf2a,ROE avg FY0 directional_delta lag1,quality_improvement,0.03333333333333333
nasdaq,new,nasdaq_ext_family_subset_480bdc4bdf2a,ROE avg FY0 score_delta lag3,quality_improvement,0.03333333333333333
nasdaq,new,nasdaq_ext_family_subset_480bdc4bdf2a,Oper Margin score_delta lag3,quality_improvement,0.03333333333333333
nasdaq,new,nasdaq_ext_family_subset_480bdc4bdf2a,ROE avg FY0 score_delta lag1,quality_improvement,0.03333333333333333
nasdaq,new,nasdaq_ext_family_subset_480bdc4bdf2a,Earns Yield FY1 directional_delta lag3,earnings_yield_improvement,0.2
nasdaq,new,nasdaq_ext_family_subset_480bdc4bdf2a,Growth + Earnings Revision,growth_confirmation,0.2
nasdaq,new,nasdaq_ext_family_subset_480bdc4bdf2a,Capital-efficient Growth + Revision,capital_efficiency,0.2
nasdaq,new,nasdaq_ext_family_subset_480bdc4bdf2a,Asset-light Growth + Revision,intangible_investment,0.2
nasdaq,new,nasdaq_ext_family_subset_2b9206da665a,Oper Margin directional_delta lag1,quality_improvement,0.03333333333333333
nasdaq,new,nasdaq_ext_family_subset_2b9206da665a,Oper Margin directional_delta lag3,quality_improvement,0.03333333333333333
nasdaq,new,nasdaq_ext_family_subset_2b9206da665a,ROE avg FY0 directional_delta lag1,quality_improvement,0.03333333333333333
nasdaq,new,nasdaq_ext_family_subset_2b9206da665a,ROE avg FY0 score_delta lag3,quality_improvement,0.03333333333333333
nasdaq,new,nasdaq_ext_family_subset_2b9206da665a,Oper Margin score_delta lag3,quality_improvement,0.03333333333333333
nasdaq,new,nasdaq_ext_family_subset_2b9206da665a,ROE avg FY0 score_delta lag1,quality_improvement,0.03333333333333333
nasdaq,new,nasdaq_ext_family_subset_2b9206da665a,Earns Yield FY1 directional_delta lag3,earnings_yield_improvement,0.2
nasdaq,new,nasdaq_ext_family_subset_2b9206da665a,Growth + Earnings Revision,growth_confirmation,0.2
nasdaq,new,nasdaq_ext_family_subset_2b9206da665a,Asset-light Growth + Revision,intangible_investment,0.2
nasdaq,new,nasdaq_ext_family_subset_2b9206da665a,Downside-aware Growth + Revision,residual_risk,0.2
nasdaq,new,nasdaq_ext_family_subset_f24056961b83,momentum: EPS NTM 3M Growth,revision,0.1
nasdaq,new,nasdaq_ext_family_subset_f24056961b83,momentum: EPS Revision Ratio,revision,0.1
nasdaq,new,nasdaq_ext_family_subset_f24056961b83,Oper Margin directional_delta lag1,quality_improvement,0.03333333333333333
nasdaq,new,nasdaq_ext_family_subset_f24056961b83,Oper Margin directional_delta lag3,quality_improvement,0.03333333333333333
nasdaq,new,nasdaq_ext_family_subset_f24056961b83,ROE avg FY0 directional_delta lag1,quality_improvement,0.03333333333333333
nasdaq,new,nasdaq_ext_family_subset_f24056961b83,ROE avg FY0 score_delta lag3,quality_improvement,0.03333333333333333
nasdaq,new,nasdaq_ext_family_subset_f24056961b83,Oper Margin score_delta lag3,quality_improvement,0.03333333333333333
nasdaq,new,nasdaq_ext_family_subset_f24056961b83,ROE avg FY0 score_delta lag1,quality_improvement,0.03333333333333333
nasdaq,new,nasdaq_ext_family_subset_f24056961b83,Earns Yield FY1 directional_delta lag3,earnings_yield_improvement,0.2
nasdaq,new,nasdaq_ext_family_subset_f24056961b83,Growth + Earnings Revision,growth_confirmation,0.2
nasdaq,new,nasdaq_ext_family_subset_f24056961b83,Asset-light Growth + Revision,intangible_investment,0.2
nasdaq,new,nasdaq_ext_family_subset_39d76e444771,Oper Margin directional_delta lag1,quality_improvement,0.027777777777777776
nasdaq,new,nasdaq_ext_family_subset_39d76e444771,Oper Margin directional_delta lag3,quality_improvement,0.027777777777777776
nasdaq,new,nasdaq_ext_family_subset_39d76e444771,ROE avg FY0 directional_delta lag1,quality_improvement,0.027777777777777776
nasdaq,new,nasdaq_ext_family_subset_39d76e444771,ROE avg FY0 score_delta lag3,quality_improvement,0.027777777777777776
nasdaq,new,nasdaq_ext_family_subset_39d76e444771,Oper Margin score_delta lag3,quality_improvement,0.027777777777777776
nasdaq,new,nasdaq_ext_family_subset_39d76e444771,ROE avg FY0 score_delta lag1,quality_improvement,0.027777777777777776
nasdaq,new,nasdaq_ext_family_subset_39d76e444771,Earns Yield FY1 directional_delta lag3,earnings_yield_improvement,0.16666666666666666
nasdaq,new,nasdaq_ext_family_subset_39d76e444771,Growth + Earnings Revision,growth_confirmation,0.16666666666666666
nasdaq,new,nasdaq_ext_family_subset_39d76e444771,Capital-efficient Growth + Revision,capital_efficiency,0.16666666666666666
nasdaq,new,nasdaq_ext_family_subset_39d76e444771,Asset-light Growth + Revision,intangible_investment,0.16666666666666666
nasdaq,new,nasdaq_ext_family_subset_39d76e444771,Downside-aware Growth + Revision,residual_risk,0.16666666666666666
