market,benchmark,version,version_label,candidate_id,label,group,kind,top_cagr,active_cagr,top_worst_cagr,top_worst_terminal,robust_score,coverage,turnover,start_date,end_date,series_points,component_count,subset_keys,thesis,economics,source_run,source_document
eu-small,MSCI EUR SMALL,old,旧基线,eu_small_syn_subset_ee96431827,quality_improvement + deleveraging + value_improvement,旧基线 · 最新核心组合,family_subset,0.1622333992497269,0.07981122012135611,0.1941578954033385,30.453454870179105,25.321209122358464,0.8311274242966235,0.400225849107003,2007-04-30,2026-07-31,232,10,quality_improvement|deleveraging|value_improvement,3-bucket subset,利润率或 ROE 改善表明经营效率正在变好，可过滤静态高质量但边际恶化的公司。 去杠杆降低再融资、违约和股权稀释风险；这一机制在融资渠道更窄的小盘公司中尤其重要。 估值相对自身历史变得更便宜，表达的是折价正在形成而非长期停留在便宜状态；仍需基本面催化。,C:\GoogleDrive\TP\07_backtest_code\runs\ad_hoc\eu_small_relative_synergy_20260709,C:\GoogleDrive\TP\09_reports\factor_explorer_sources\eu-small-factor-explorer.html
eu-small,MSCI EUR SMALL,old,旧基线,eu_small_syn_subset_08e95a53d5,quality_improvement + deleveraging,旧基线 · 最新核心组合,family_subset,0.1636370326496488,0.08111531196310762,0.2020919481098986,34.59438990182328,24.97607396679472,0.8360498934631476,0.3524048069739258,2007-04-30,2026-07-31,232,7,quality_improvement|deleveraging,2-bucket subset,利润率或 ROE 改善表明经营效率正在变好，可过滤静态高质量但边际恶化的公司。 去杠杆降低再融资、违约和股权稀释风险；这一机制在融资渠道更窄的小盘公司中尤其重要。,C:\GoogleDrive\TP\07_backtest_code\runs\ad_hoc\eu_small_relative_synergy_20260709,C:\GoogleDrive\TP\09_reports\factor_explorer_sources\eu-small-factor-explorer.html
eu-small,MSCI EUR SMALL,old,旧基线,eu_small_syn_full_bucket_equal,all selected buckets equal-weight,旧基线 · 最新核心组合,full_model,0.13830134535571936,0.05757635719969123,0.18176320942852042,24.9113707902154,18.33185309786658,0.9784126786630792,0.3164495285762379,2007-04-30,2026-07-31,232,17,,full selected synergy model,盈利预期上修捕捉信息扩散和分析师纠错，是基本面改善能否进入市场定价的确认层。 价格动量确认投资者已开始吸收新信息，可减少过早押注尚未被市场认可的变化。 近端盈利增长代表兑现能力，但欧洲小盘的广义 growth 证据较弱，只宜作为有门槛的补充信号。 利润率或 ROE 改善表明经营效率正在变好，可过滤静态高质量但边际恶化的公司。 远期盈利收益率改善提供估值纪律，避免为改善预期支付过高价格。 去杠杆降低再融资、违约和股权稀释风险；这一机制在融资渠道更窄的小盘公司中尤其重要。 估值相对自身历史变得更便宜，表达的是折价正在形成而非长期停留在便宜状态；仍需基本面催化。 波动下降主要是风险过滤器；单独作为 alpha 核心的证据弱于质量改善和去杠杆。,C:\GoogleDrive\TP\07_backtest_code\runs\ad_hoc\eu_small_relative_synergy_20260709,C:\GoogleDrive\TP\09_reports\factor_explorer_sources\eu-small-factor-explorer.html
eu-small,MSCI EUR SMALL,old,旧基线,eu_small_syn_subset_e797b03b9e,quality_improvement + value_improvement,旧基线 · 领先 family subset,family_subset,0.15703924666047242,0.0749854215782062,0.19640606374431946,31.576431604806604,23.8761266571706,0.968007838623886,0.4022186153938439,2007-04-30,2026-07-31,232,7,quality_improvement|value_improvement,2-bucket subset,利润率或 ROE 改善表明经营效率正在变好，可过滤静态高质量但边际恶化的公司。 估值相对自身历史变得更便宜，表达的是折价正在形成而非长期停留在便宜状态；仍需基本面催化。,C:\GoogleDrive\TP\07_backtest_code\runs\ad_hoc\eu_small_relative_synergy_20260709,C:\GoogleDrive\TP\09_reports\factor_explorer_sources\eu-small-factor-explorer.html
eu-small,MSCI EUR SMALL,old,旧基线,eu_small_syn_loo_without_growth,full model without growth,旧基线 · 最新 leave-one-out,leave_one_out,0.14245816921152898,0.06143839131647777,0.18743657512449174,27.317573820139646,20.504307345032675,0.9778527769569342,0.3366346320296864,2007-04-30,2026-07-31,232,16,,leave one bucket out: growth,盈利预期上修捕捉信息扩散和分析师纠错，是基本面改善能否进入市场定价的确认层。 价格动量确认投资者已开始吸收新信息，可减少过早押注尚未被市场认可的变化。 利润率或 ROE 改善表明经营效率正在变好，可过滤静态高质量但边际恶化的公司。 远期盈利收益率改善提供估值纪律，避免为改善预期支付过高价格。 去杠杆降低再融资、违约和股权稀释风险；这一机制在融资渠道更窄的小盘公司中尤其重要。 估值相对自身历史变得更便宜，表达的是折价正在形成而非长期停留在便宜状态；仍需基本面催化。 波动下降主要是风险过滤器；单独作为 alpha 核心的证据弱于质量改善和去杠杆。,C:\GoogleDrive\TP\07_backtest_code\runs\ad_hoc\eu_small_relative_synergy_20260709,C:\GoogleDrive\TP\09_reports\factor_explorer_sources\eu-small-factor-explorer.html
eu-small,MSCI EUR SMALL,old,旧基线,eu_small_syn_subset_6d32f9616c,quality_improvement + earnings_yield_improvement + deleveraging,旧基线 · 领先 family subset,family_subset,0.1591433459877385,0.07694030436104349,0.18328497835999547,25.536278869175973,20.447552342493044,0.8307697093176976,0.413119940643546,2007-04-30,2026-07-31,232,10,quality_improvement|earnings_yield_improvement|deleveraging,3-bucket subset,利润率或 ROE 改善表明经营效率正在变好，可过滤静态高质量但边际恶化的公司。 远期盈利收益率改善提供估值纪律，避免为改善预期支付过高价格。 去杠杆降低再融资、违约和股权稀释风险；这一机制在融资渠道更窄的小盘公司中尤其重要。,C:\GoogleDrive\TP\07_backtest_code\runs\ad_hoc\eu_small_relative_synergy_20260709,C:\GoogleDrive\TP\09_reports\factor_explorer_sources\eu-small-factor-explorer.html
eu-small,MSCI EUR SMALL,old,旧基线,eu_small_syn_subset_b3c0d0fc7d,revision + quality_improvement + deleveraging,旧基线 · 领先 family subset,family_subset,0.15731508504171687,0.07524169831160599,0.18298913370826608,25.41363948432375,19.63957254423689,0.8228610977184005,0.313648988414151,2007-04-30,2026-07-31,232,8,revision|quality_improvement|deleveraging,3-bucket subset,盈利预期上修捕捉信息扩散和分析师纠错，是基本面改善能否进入市场定价的确认层。 利润率或 ROE 改善表明经营效率正在变好，可过滤静态高质量但边际恶化的公司。 去杠杆降低再融资、违约和股权稀释风险；这一机制在融资渠道更窄的小盘公司中尤其重要。,C:\GoogleDrive\TP\07_backtest_code\runs\ad_hoc\eu_small_relative_synergy_20260709,C:\GoogleDrive\TP\09_reports\factor_explorer_sources\eu-small-factor-explorer.html
eu-small,MSCI EUR SMALL,old,旧基线,eu_small_syn_subset_af05547f2a,pmom + quality_improvement + value_improvement,旧基线 · 领先 family subset,family_subset,0.14381077226544448,0.06269507173448274,0.19602456007464286,31.383142033914318,19.367050634413857,0.9586605906963,0.3380124712282996,2007-04-30,2026-07-31,232,8,pmom|quality_improvement|value_improvement,3-bucket subset,价格动量确认投资者已开始吸收新信息，可减少过早押注尚未被市场认可的变化。 利润率或 ROE 改善表明经营效率正在变好，可过滤静态高质量但边际恶化的公司。 估值相对自身历史变得更便宜，表达的是折价正在形成而非长期停留在便宜状态；仍需基本面催化。,C:\GoogleDrive\TP\07_backtest_code\runs\ad_hoc\eu_small_relative_synergy_20260709,C:\GoogleDrive\TP\09_reports\factor_explorer_sources\eu-small-factor-explorer.html
eu-small,MSCI EUR SMALL,old,旧基线,eu_small_syn_loo_without_risk_decline,full model without risk_decline,旧基线 · 最新 leave-one-out,leave_one_out,0.1429917327882766,0.061934116131469485,0.18443021782513336,26.016336820374374,19.361917036938824,0.9769351602718632,0.3259515183403854,2007-04-30,2026-07-31,232,16,,leave one bucket out: risk_decline,盈利预期上修捕捉信息扩散和分析师纠错，是基本面改善能否进入市场定价的确认层。 价格动量确认投资者已开始吸收新信息，可减少过早押注尚未被市场认可的变化。 近端盈利增长代表兑现能力，但欧洲小盘的广义 growth 证据较弱，只宜作为有门槛的补充信号。 利润率或 ROE 改善表明经营效率正在变好，可过滤静态高质量但边际恶化的公司。 远期盈利收益率改善提供估值纪律，避免为改善预期支付过高价格。 去杠杆降低再融资、违约和股权稀释风险；这一机制在融资渠道更窄的小盘公司中尤其重要。 估值相对自身历史变得更便宜，表达的是折价正在形成而非长期停留在便宜状态；仍需基本面催化。,C:\GoogleDrive\TP\07_backtest_code\runs\ad_hoc\eu_small_relative_synergy_20260709,C:\GoogleDrive\TP\09_reports\factor_explorer_sources\eu-small-factor-explorer.html
eu-small,MSCI EUR SMALL,old,旧基线,eu_small_syn_subset_e5c1a446e9,revision + quality_improvement + value_improvement,旧基线 · 领先 family subset,family_subset,0.14610023299352348,0.06482217063200424,0.18703990279652705,27.142416321075494,18.685646567229018,0.9527194114810956,0.352549765146251,2007-04-30,2026-07-31,232,8,revision|quality_improvement|value_improvement,3-bucket subset,盈利预期上修捕捉信息扩散和分析师纠错，是基本面改善能否进入市场定价的确认层。 利润率或 ROE 改善表明经营效率正在变好，可过滤静态高质量但边际恶化的公司。 估值相对自身历史变得更便宜，表达的是折价正在形成而非长期停留在便宜状态；仍需基本面催化。,C:\GoogleDrive\TP\07_backtest_code\runs\ad_hoc\eu_small_relative_synergy_20260709,C:\GoogleDrive\TP\09_reports\factor_explorer_sources\eu-small-factor-explorer.html
eu-small,MSCI EUR SMALL,old,旧基线,eu_small_syn_loo_without_earnings_yield_improvement,full model without earnings_yield_improvement,旧基线 · 最新 leave-one-out,leave_one_out,0.13749507648977066,0.05682726655365755,0.18311711130435548,25.46662260409782,17.514157000500184,0.974547801608162,0.2907782972955146,2007-04-30,2026-07-31,232,14,,leave one bucket out: earnings_yield_improvement,盈利预期上修捕捉信息扩散和分析师纠错，是基本面改善能否进入市场定价的确认层。 价格动量确认投资者已开始吸收新信息，可减少过早押注尚未被市场认可的变化。 近端盈利增长代表兑现能力，但欧洲小盘的广义 growth 证据较弱，只宜作为有门槛的补充信号。 利润率或 ROE 改善表明经营效率正在变好，可过滤静态高质量但边际恶化的公司。 去杠杆降低再融资、违约和股权稀释风险；这一机制在融资渠道更窄的小盘公司中尤其重要。 估值相对自身历史变得更便宜，表达的是折价正在形成而非长期停留在便宜状态；仍需基本面催化。 波动下降主要是风险过滤器；单独作为 alpha 核心的证据弱于质量改善和去杠杆。,C:\GoogleDrive\TP\07_backtest_code\runs\ad_hoc\eu_small_relative_synergy_20260709,C:\GoogleDrive\TP\09_reports\factor_explorer_sources\eu-small-factor-explorer.html
eu-small,MSCI EUR SMALL,old,旧基线,eu_small_syn_loo_without_revision,full model without revision,旧基线 · 最新 leave-one-out,leave_one_out,0.14306683659252162,0.06200389379450155,0.18079381232259428,24.520881215314763,16.458577398217088,0.9757998040344028,0.3309103560775399,2007-04-30,2026-07-31,232,16,,leave one bucket out: revision,价格动量确认投资者已开始吸收新信息，可减少过早押注尚未被市场认可的变化。 近端盈利增长代表兑现能力，但欧洲小盘的广义 growth 证据较弱，只宜作为有门槛的补充信号。 利润率或 ROE 改善表明经营效率正在变好，可过滤静态高质量但边际恶化的公司。 远期盈利收益率改善提供估值纪律，避免为改善预期支付过高价格。 去杠杆降低再融资、违约和股权稀释风险；这一机制在融资渠道更窄的小盘公司中尤其重要。 估值相对自身历史变得更便宜，表达的是折价正在形成而非长期停留在便宜状态；仍需基本面催化。 波动下降主要是风险过滤器；单独作为 alpha 核心的证据弱于质量改善和去杠杆。,C:\GoogleDrive\TP\07_backtest_code\runs\ad_hoc\eu_small_relative_synergy_20260709,C:\GoogleDrive\TP\09_reports\factor_explorer_sources\eu-small-factor-explorer.html
eu-small,MSCI EUR SMALL,old,旧基线,eu_small_syn_loo_without_pmom,full model without pmom,旧基线 · 最新 leave-one-out,leave_one_out,0.13958914039643622,0.05877282559844854,0.17059523472140103,20.749400580137827,16.230727959015177,0.9738245952377248,0.3472484012421712,2007-04-30,2026-07-31,232,16,,leave one bucket out: pmom,盈利预期上修捕捉信息扩散和分析师纠错，是基本面改善能否进入市场定价的确认层。 近端盈利增长代表兑现能力，但欧洲小盘的广义 growth 证据较弱，只宜作为有门槛的补充信号。 利润率或 ROE 改善表明经营效率正在变好，可过滤静态高质量但边际恶化的公司。 远期盈利收益率改善提供估值纪律，避免为改善预期支付过高价格。 去杠杆降低再融资、违约和股权稀释风险；这一机制在融资渠道更窄的小盘公司中尤其重要。 估值相对自身历史变得更便宜，表达的是折价正在形成而非长期停留在便宜状态；仍需基本面催化。 波动下降主要是风险过滤器；单独作为 alpha 核心的证据弱于质量改善和去杠杆。,C:\GoogleDrive\TP\07_backtest_code\runs\ad_hoc\eu_small_relative_synergy_20260709,C:\GoogleDrive\TP\09_reports\factor_explorer_sources\eu-small-factor-explorer.html
eu-small,MSCI EUR SMALL,old,旧基线,eu_small_validated_qvm,Quality + value + momentum,旧基线 · 历史生产候选,validated_candidate,0.12689790331522555,0.04698161377614318,0.1782876221846823,23.53806220208599,15.858621730536935,0.9924802090299704,0.1971737450714898,2007-04-30,2026-07-31,232,8,,robust quality/value with momentum confirmation; min_count=2,高盈利能力和利润率提供经营韧性，但静态水平不等同于边际改善。 估值提供安全边际，其中现金流估值比纯账面或企业价值倍数更可靠；静态便宜仍可能是价值陷阱。 盈利修正和价格趋势表达信息扩散，但需要质量或估值约束来控制拥挤与反转风险。,C:\GoogleDrive\TP\07_backtest_code\runs\ad_hoc\eu_small_relative_synergy_20260709,C:\GoogleDrive\TP\09_reports\factor_explorer_sources\eu-small-factor-explorer.html
eu-small,MSCI EUR SMALL,old,旧基线,eu_small_syn_subset_cdefeb1ebb,quality_improvement + earnings_yield_improvement + value_improvement,旧基线 · 领先 family subset,family_subset,0.1443750931792238,0.0632193726664998,0.1699152333585252,20.51856836953197,14.80828569597614,0.9624321508001928,0.4564147556045688,2007-04-30,2026-07-31,232,10,quality_improvement|earnings_yield_improvement|value_improvement,3-bucket subset,利润率或 ROE 改善表明经营效率正在变好，可过滤静态高质量但边际恶化的公司。 远期盈利收益率改善提供估值纪律，避免为改善预期支付过高价格。 估值相对自身历史变得更便宜，表达的是折价正在形成而非长期停留在便宜状态；仍需基本面催化。,C:\GoogleDrive\TP\07_backtest_code\runs\ad_hoc\eu_small_relative_synergy_20260709,C:\GoogleDrive\TP\09_reports\factor_explorer_sources\eu-small-factor-explorer.html
eu-small,MSCI EUR SMALL,old,旧基线,eu_small_syn_subset_eba89b8a51,pmom + quality_improvement + deleveraging,旧基线 · 领先 family subset,family_subset,0.14172359373856547,0.060755909778566375,0.1699282497818293,20.52296395834333,14.598688617279246,0.8279624243743876,0.2890110099232037,2007-04-30,2026-07-31,232,8,pmom|quality_improvement|deleveraging,3-bucket subset,价格动量确认投资者已开始吸收新信息，可减少过早押注尚未被市场认可的变化。 利润率或 ROE 改善表明经营效率正在变好，可过滤静态高质量但边际恶化的公司。 去杠杆降低再融资、违约和股权稀释风险；这一机制在融资渠道更窄的小盘公司中尤其重要。,C:\GoogleDrive\TP\07_backtest_code\runs\ad_hoc\eu_small_relative_synergy_20260709,C:\GoogleDrive\TP\09_reports\factor_explorer_sources\eu-small-factor-explorer.html
eu-small,MSCI EUR SMALL,old,旧基线,eu_small_syn_subset_8cd5bfe02a,revision + deleveraging + value_improvement,旧基线 · 领先 family subset,family_subset,0.14772297463488182,0.0663298322022432,0.156206398005581,16.35281916548553,13.726880887808049,0.8206837021945036,0.3706640502701462,2007-04-30,2026-07-31,232,7,revision|deleveraging|value_improvement,3-bucket subset,盈利预期上修捕捉信息扩散和分析师纠错，是基本面改善能否进入市场定价的确认层。 去杠杆降低再融资、违约和股权稀释风险；这一机制在融资渠道更窄的小盘公司中尤其重要。 估值相对自身历史变得更便宜，表达的是折价正在形成而非长期停留在便宜状态；仍需基本面催化。,C:\GoogleDrive\TP\07_backtest_code\runs\ad_hoc\eu_small_relative_synergy_20260709,C:\GoogleDrive\TP\09_reports\factor_explorer_sources\eu-small-factor-explorer.html
eu-small,MSCI EUR SMALL,old,旧基线,eu_small_syn_pair_674e67cd8d37,NetDebt to EBITDA exFIN score_delta lag1 + Oper Margin directional_delta lag1,旧基线 · 已证实协同 pair,pair_synergy,0.14512573368540904,0.06391677995266076,0.15277418382723806,15.44312330199725,13.71609109447887,0.8327760237647168,0.5111044623321906,2007-04-30,2026-07-31,232,2,,deleveraging + quality_improvement,长期最稳的结构是质量改善 + 去杠杆 + 估值改善。盈利修正和价格动量更适合作为确认层；广义 growth 与 low-vol 不应被机械纳入等权核心。,C:\GoogleDrive\TP\07_backtest_code\runs\ad_hoc\eu_small_relative_synergy_20260709,C:\GoogleDrive\TP\09_reports\factor_explorer_sources\eu-small-factor-explorer.html
eu-small,MSCI EUR SMALL,old,旧基线,eu_small_syn_loo_without_value_improvement,full model without value_improvement,旧基线 · 最新 leave-one-out,leave_one_out,0.13002133388256443,0.04988353982134197,0.17017198359838592,20.605436847568498,13.640742490640836,0.9749599514751854,0.2968724205683464,2007-04-30,2026-07-31,232,14,,leave one bucket out: value_improvement,盈利预期上修捕捉信息扩散和分析师纠错，是基本面改善能否进入市场定价的确认层。 价格动量确认投资者已开始吸收新信息，可减少过早押注尚未被市场认可的变化。 近端盈利增长代表兑现能力，但欧洲小盘的广义 growth 证据较弱，只宜作为有门槛的补充信号。 利润率或 ROE 改善表明经营效率正在变好，可过滤静态高质量但边际恶化的公司。 远期盈利收益率改善提供估值纪律，避免为改善预期支付过高价格。 去杠杆降低再融资、违约和股权稀释风险；这一机制在融资渠道更窄的小盘公司中尤其重要。 波动下降主要是风险过滤器；单独作为 alpha 核心的证据弱于质量改善和去杠杆。,C:\GoogleDrive\TP\07_backtest_code\runs\ad_hoc\eu_small_relative_synergy_20260709,C:\GoogleDrive\TP\09_reports\factor_explorer_sources\eu-small-factor-explorer.html
eu-small,MSCI EUR SMALL,old,旧基线,eu_small_syn_pair_5c2034907e5f,NetDebt to EBITDA exFIN directional_delta lag1 + Oper Margin directional_delta lag3,旧基线 · 已证实协同 pair,pair_synergy,0.1507141385137758,0.06910887152406642,0.16022407447526077,17.48222529468282,12.378060424914038,0.804695397919032,0.3177365366317942,2007-04-30,2026-07-31,232,2,,deleveraging + quality_improvement,长期最稳的结构是质量改善 + 去杠杆 + 估值改善。盈利修正和价格动量更适合作为确认层；广义 growth 与 low-vol 不应被机械纳入等权核心。,C:\GoogleDrive\TP\07_backtest_code\runs\ad_hoc\eu_small_relative_synergy_20260709,C:\GoogleDrive\TP\09_reports\factor_explorer_sources\eu-small-factor-explorer.html
eu-small,MSCI EUR SMALL,old,旧基线,eu_small_validated_loo_growth,Leave-one-family-out: no growth,旧基线 · 历史生产候选,validated_candidate,0.12218812289883219,0.04260583715398414,0.16632264959928134,19.338895427034295,12.075092176471044,0.9553011804594304,0.1938439457276954,2007-04-30,2026-07-31,232,11,,family subset evidence; not a synergy claim; min_count=4,长期最稳的结构是质量改善 + 去杠杆 + 估值改善。盈利修正和价格动量更适合作为确认层；广义 growth 与 low-vol 不应被机械纳入等权核心。,C:\GoogleDrive\TP\07_backtest_code\runs\ad_hoc\eu_small_relative_synergy_20260709,C:\GoogleDrive\TP\09_reports\factor_explorer_sources\eu-small-factor-explorer.html
eu-small,MSCI EUR SMALL,old,旧基线,eu_small_syn_subset_693104f7b4,revision + quality_improvement,旧基线 · 领先 family subset,family_subset,0.13690520537843343,0.05627922736905089,0.16911862663967536,20.251250085622306,12.047587635020758,0.9590338585003966,0.2969222752911798,2007-04-30,2026-07-31,232,5,revision|quality_improvement,2-bucket subset,盈利预期上修捕捉信息扩散和分析师纠错，是基本面改善能否进入市场定价的确认层。 利润率或 ROE 改善表明经营效率正在变好，可过滤静态高质量但边际恶化的公司。,C:\GoogleDrive\TP\07_backtest_code\runs\ad_hoc\eu_small_relative_synergy_20260709,C:\GoogleDrive\TP\09_reports\factor_explorer_sources\eu-small-factor-explorer.html
eu-small,MSCI EUR SMALL,old,旧基线,eu_small_syn_loo_without_deleveraging,full model without deleveraging,旧基线 · 最新 leave-one-out,leave_one_out,0.12812315631047877,0.048119975427611594,0.1612868379703758,17.793120916745277,12.001857004850782,0.9762119539014262,0.3084442790134003,2007-04-30,2026-07-31,232,14,,leave one bucket out: deleveraging,盈利预期上修捕捉信息扩散和分析师纠错，是基本面改善能否进入市场定价的确认层。 价格动量确认投资者已开始吸收新信息，可减少过早押注尚未被市场认可的变化。 近端盈利增长代表兑现能力，但欧洲小盘的广义 growth 证据较弱，只宜作为有门槛的补充信号。 利润率或 ROE 改善表明经营效率正在变好，可过滤静态高质量但边际恶化的公司。 远期盈利收益率改善提供估值纪律，避免为改善预期支付过高价格。 估值相对自身历史变得更便宜，表达的是折价正在形成而非长期停留在便宜状态；仍需基本面催化。 波动下降主要是风险过滤器；单独作为 alpha 核心的证据弱于质量改善和去杠杆。,C:\GoogleDrive\TP\07_backtest_code\runs\ad_hoc\eu_small_relative_synergy_20260709,C:\GoogleDrive\TP\09_reports\factor_explorer_sources\eu-small-factor-explorer.html
eu-small,MSCI EUR SMALL,old,旧基线,eu_small_syn_pair_3ec53d9c2684,NetDebt to EBITDA exFIN directional_delta lag1 + ROE avg FY0 directional_delta lag3,旧基线 · 已证实协同 pair,pair_synergy,0.15051565504099074,0.06892446391621387,0.15355282425575756,15.64519047669146,11.652378164627642,0.7954103612921287,0.3247862677659354,2007-04-30,2026-07-31,232,2,,deleveraging + quality_improvement,长期最稳的结构是质量改善 + 去杠杆 + 估值改善。盈利修正和价格动量更适合作为确认层；广义 growth 与 low-vol 不应被机械纳入等权核心。,C:\GoogleDrive\TP\07_backtest_code\runs\ad_hoc\eu_small_relative_synergy_20260709,C:\GoogleDrive\TP\09_reports\factor_explorer_sources\eu-small-factor-explorer.html
eu-small,MSCI EUR SMALL,old,旧基线,eu_small_validated_quality_momentum,Quality + momentum,旧基线 · 历史生产候选,validated_candidate,0.11712540705269037,0.037902154246162834,0.1550828117772125,16.049566177030215,11.137267857181223,0.9578596202000094,0.2045099091368502,2007-04-30,2026-07-31,232,5,,profitable companies with positive trend/revision; min_count=2,长期最稳的结构是质量改善 + 去杠杆 + 估值改善。盈利修正和价格动量更适合作为确认层；广义 growth 与 low-vol 不应被机械纳入等权核心。,C:\GoogleDrive\TP\07_backtest_code\runs\ad_hoc\eu_small_relative_synergy_20260709,C:\GoogleDrive\TP\09_reports\factor_explorer_sources\eu-small-factor-explorer.html
eu-small,MSCI EUR SMALL,old,旧基线,eu_small_syn_subset_1e7b64c9ba,pmom + quality_improvement,旧基线 · 领先 family subset,family_subset,0.12364449742035544,0.04395892987189676,0.16784395099844018,19.830362772710078,10.94098130936022,0.9681944725259344,0.265432070437653,2007-04-30,2026-07-31,232,5,pmom|quality_improvement,2-bucket subset,价格动量确认投资者已开始吸收新信息，可减少过早押注尚未被市场认可的变化。 利润率或 ROE 改善表明经营效率正在变好，可过滤静态高质量但边际恶化的公司。,C:\GoogleDrive\TP\07_backtest_code\runs\ad_hoc\eu_small_relative_synergy_20260709,C:\GoogleDrive\TP\09_reports\factor_explorer_sources\eu-small-factor-explorer.html
eu-small,MSCI EUR SMALL,old,旧基线,eu_small_syn_pair_f1d2ba88715b,NetDebt to EBITDA exFIN score_delta lag3 + Oper Margin directional_delta lag1,旧基线 · 已证实协同 pair,pair_synergy,0.14861673985484658,0.06716021421784801,0.16480443244897836,18.85995208232414,10.77965555711594,0.7964524005785651,0.3264290967751752,2007-04-30,2026-07-31,232,2,,deleveraging + quality_improvement,长期最稳的结构是质量改善 + 去杠杆 + 估值改善。盈利修正和价格动量更适合作为确认层；广义 growth 与 low-vol 不应被机械纳入等权核心。,C:\GoogleDrive\TP\07_backtest_code\runs\ad_hoc\eu_small_relative_synergy_20260709,C:\GoogleDrive\TP\09_reports\factor_explorer_sources\eu-small-factor-explorer.html
eu-small,MSCI EUR SMALL,old,旧基线,eu_small_syn_pair_17e1d2a6cf0a,NetDebt to EBITDA exFIN score_delta lag1 + Oper Margin directional_delta lag3,旧基线 · 已证实协同 pair,pair_synergy,0.14213406165841214,0.06113726851910539,0.15269991641167402,15.423979750220882,10.730346900846229,0.804695397919032,0.389504996154533,2007-04-30,2026-07-31,232,2,,deleveraging + quality_improvement,长期最稳的结构是质量改善 + 去杠杆 + 估值改善。盈利修正和价格动量更适合作为确认层；广义 growth 与 low-vol 不应被机械纳入等权核心。,C:\GoogleDrive\TP\07_backtest_code\runs\ad_hoc\eu_small_relative_synergy_20260709,C:\GoogleDrive\TP\09_reports\factor_explorer_sources\eu-small-factor-explorer.html
eu-small,MSCI EUR SMALL,old,旧基线,eu_small_validated_all_equal,All validated families equal weight,旧基线 · 历史生产候选,validated_candidate,0.12370898265452634,0.044018842002657266,0.1549808919530229,16.022323624705265,10.624060103270388,0.9676656764701308,0.2068050627843553,2007-04-30,2026-07-31,232,12,,all families that passed raw gates; min_count=4,长期最稳的结构是质量改善 + 去杠杆 + 估值改善。盈利修正和价格动量更适合作为确认层；广义 growth 与 low-vol 不应被机械纳入等权核心。,C:\GoogleDrive\TP\07_backtest_code\runs\ad_hoc\eu_small_relative_synergy_20260709,C:\GoogleDrive\TP\09_reports\factor_explorer_sources\eu-small-factor-explorer.html
eu-small,MSCI EUR SMALL,old,旧基线,eu_small_syn_pair_a663a366b8d1,Oper Margin directional_delta lag1 + momentum: EPS Revision Ratio,旧基线 · 已证实协同 pair,pair_synergy,0.13381687810444665,0.053409915194740254,0.16050451449090142,17.56375985977213,10.571297453307965,0.9537770035927026,0.3409962681312583,2007-04-30,2026-07-31,232,2,,quality_improvement + revision,长期最稳的结构是质量改善 + 去杠杆 + 估值改善。盈利修正和价格动量更适合作为确认层；广义 growth 与 low-vol 不应被机械纳入等权核心。,C:\GoogleDrive\TP\07_backtest_code\runs\ad_hoc\eu_small_relative_synergy_20260709,C:\GoogleDrive\TP\09_reports\factor_explorer_sources\eu-small-factor-explorer.html
eu-small,MSCI EUR SMALL,old,旧基线,eu_small_syn_pair_8e94a0221f4c,NetDebt to EBITDA exFIN directional_delta lag1 + Oper Margin directional_delta lag1,旧基线 · 已证实协同 pair,pair_synergy,0.145422786841356,0.06419276697125009,0.13773314873093812,11.992832485704499,10.412043167243212,0.8327760237647168,0.4890905796040351,2007-04-30,2026-07-31,232,2,,deleveraging + quality_improvement,长期最稳的结构是质量改善 + 去杠杆 + 估值改善。盈利修正和价格动量更适合作为确认层；广义 growth 与 low-vol 不应被机械纳入等权核心。,C:\GoogleDrive\TP\07_backtest_code\runs\ad_hoc\eu_small_relative_synergy_20260709,C:\GoogleDrive\TP\09_reports\factor_explorer_sources\eu-small-factor-explorer.html
eu-small,MSCI EUR SMALL,old,旧基线,eu_small_syn_pair_fe187ab32528,NetDebt to EBITDA exFIN score_delta lag3 + Oper Margin directional_delta lag3,旧基线 · 已证实协同 pair,pair_synergy,0.1429763296812645,0.061919805367566694,0.1596684082699833,17.321730738723495,10.402704564741796,0.79656127035476,0.2636245748717736,2007-04-30,2026-07-31,232,2,,deleveraging + quality_improvement,长期最稳的结构是质量改善 + 去杠杆 + 估值改善。盈利修正和价格动量更适合作为确认层；广义 growth 与 low-vol 不应被机械纳入等权核心。,C:\GoogleDrive\TP\07_backtest_code\runs\ad_hoc\eu_small_relative_synergy_20260709,C:\GoogleDrive\TP\09_reports\factor_explorer_sources\eu-small-factor-explorer.html
eu-small,MSCI EUR SMALL,old,旧基线,eu_small_syn_loo_without_quality_improvement,full model without quality_improvement,旧基线 · 最新 leave-one-out,leave_one_out,0.12408619143612776,0.04436930024535135,0.14725975000995817,14.081274440099536,9.946834866237474,0.9730314011540196,0.3269983604130591,2007-04-30,2026-07-31,232,13,,leave one bucket out: quality_improvement,盈利预期上修捕捉信息扩散和分析师纠错，是基本面改善能否进入市场定价的确认层。 价格动量确认投资者已开始吸收新信息，可减少过早押注尚未被市场认可的变化。 近端盈利增长代表兑现能力，但欧洲小盘的广义 growth 证据较弱，只宜作为有门槛的补充信号。 远期盈利收益率改善提供估值纪律，避免为改善预期支付过高价格。 去杠杆降低再融资、违约和股权稀释风险；这一机制在融资渠道更窄的小盘公司中尤其重要。 估值相对自身历史变得更便宜，表达的是折价正在形成而非长期停留在便宜状态；仍需基本面催化。 波动下降主要是风险过滤器；单独作为 alpha 核心的证据弱于质量改善和去杠杆。,C:\GoogleDrive\TP\07_backtest_code\runs\ad_hoc\eu_small_relative_synergy_20260709,C:\GoogleDrive\TP\09_reports\factor_explorer_sources\eu-small-factor-explorer.html
eu-small,MSCI EUR SMALL,old,旧基线,eu_small_syn_subset_2543debc1d,pmom + quality_improvement + earnings_yield_improvement,旧基线 · 领先 family subset,family_subset,0.12527467873449072,0.0454735035151701,0.1575790050765824,16.730655814033696,9.907782390518904,0.9647884038135528,0.3498092951399351,2007-04-30,2026-07-31,232,8,pmom|quality_improvement|earnings_yield_improvement,3-bucket subset,价格动量确认投资者已开始吸收新信息，可减少过早押注尚未被市场认可的变化。 利润率或 ROE 改善表明经营效率正在变好，可过滤静态高质量但边际恶化的公司。 远期盈利收益率改善提供估值纪律，避免为改善预期支付过高价格。,C:\GoogleDrive\TP\07_backtest_code\runs\ad_hoc\eu_small_relative_synergy_20260709,C:\GoogleDrive\TP\09_reports\factor_explorer_sources\eu-small-factor-explorer.html
eu-small,MSCI EUR SMALL,old,旧基线,eu_small_syn_subset_63b970fc78,quality_improvement + earnings_yield_improvement,旧基线 · 领先 family subset,family_subset,0.13622393124678522,0.055646267197877686,0.1490414977313419,14.508327541699762,9.7887509759336,0.9714527893991944,0.4421286378094037,2007-04-30,2026-07-31,232,7,quality_improvement|earnings_yield_improvement,2-bucket subset,利润率或 ROE 改善表明经营效率正在变好，可过滤静态高质量但边际恶化的公司。 远期盈利收益率改善提供估值纪律，避免为改善预期支付过高价格。,C:\GoogleDrive\TP\07_backtest_code\runs\ad_hoc\eu_small_relative_synergy_20260709,C:\GoogleDrive\TP\09_reports\factor_explorer_sources\eu-small-factor-explorer.html
eu-small,MSCI EUR SMALL,old,旧基线,eu_small_reldelta_quality_oper_margin_lag1_score,Oper Margin directional_delta lag1,旧基线 · 通过 gate 的单变量,official candidate,0.13550504536655983,0.05497836259286881,0.15421575157479528,15.819201687578763,9.668359551962638,0.972074902406022,0.481482451844921,2007-04-30,2026-07-31,232,1,,direction-adjusted level change versus lag 1 screen observations,长期最稳的结构是质量改善 + 去杠杆 + 估值改善。盈利修正和价格动量更适合作为确认层；广义 growth 与 low-vol 不应被机械纳入等权核心。,C:\GoogleDrive\TP\07_backtest_code\runs\ad_hoc\eu_small_relative_synergy_20260709,C:\GoogleDrive\TP\09_reports\factor_explorer_sources\eu-small-factor-explorer.html
eu-small,MSCI EUR SMALL,old,旧基线,eu_small_syn_subset_f0f16e6b36,pmom + deleveraging + value_improvement,旧基线 · 领先 family subset,family_subset,0.12782253887495298,0.04784067689768268,0.14323007161924628,13.158966368004156,9.378831191211232,0.8233121296483507,0.3592743316899165,2007-04-30,2026-07-31,232,7,pmom|deleveraging|value_improvement,3-bucket subset,价格动量确认投资者已开始吸收新信息，可减少过早押注尚未被市场认可的变化。 去杠杆降低再融资、违约和股权稀释风险；这一机制在融资渠道更窄的小盘公司中尤其重要。 估值相对自身历史变得更便宜，表达的是折价正在形成而非长期停留在便宜状态；仍需基本面催化。,C:\GoogleDrive\TP\07_backtest_code\runs\ad_hoc\eu_small_relative_synergy_20260709,C:\GoogleDrive\TP\09_reports\factor_explorer_sources\eu-small-factor-explorer.html
eu-small,MSCI EUR SMALL,old,旧基线,eu_small_syn_pair_bcb4ae3dacad,ROE avg FY0 directional_delta lag1 + momentum: EPS Revision Ratio,旧基线 · 已证实协同 pair,pair_synergy,0.12790549455270228,0.047917749602411686,0.14747672638878173,14.132635155836562,9.262342353745453,0.9475092150489136,0.3551878781276607,2007-04-30,2026-07-31,232,2,,quality_improvement + revision,长期最稳的结构是质量改善 + 去杠杆 + 估值改善。盈利修正和价格动量更适合作为确认层；广义 growth 与 low-vol 不应被机械纳入等权核心。,C:\GoogleDrive\TP\07_backtest_code\runs\ad_hoc\eu_small_relative_synergy_20260709,C:\GoogleDrive\TP\09_reports\factor_explorer_sources\eu-small-factor-explorer.html
eu-small,MSCI EUR SMALL,old,旧基线,eu_small_validated_quality_value,Quality + value,旧基线 · 历史生产候选,validated_candidate,0.12462290260970899,0.04486794943885375,0.1536333949620161,15.666242121419941,9.0814324489164,0.9820520397530212,0.1522227598643274,2007-04-30,2026-07-31,232,6,,profitability plus valuation; min_count=2,长期最稳的结构是质量改善 + 去杠杆 + 估值改善。盈利修正和价格动量更适合作为确认层；广义 growth 与 low-vol 不应被机械纳入等权核心。,C:\GoogleDrive\TP\07_backtest_code\runs\ad_hoc\eu_small_relative_synergy_20260709,C:\GoogleDrive\TP\09_reports\factor_explorer_sources\eu-small-factor-explorer.html
eu-small,MSCI EUR SMALL,old,旧基线,eu_small_syn_subset_899194f687,revision + quality_improvement + earnings_yield_improvement,旧基线 · 领先 family subset,family_subset,0.13166587453506384,0.051411454480876584,0.14395964405404849,13.321587313313387,9.014737521079628,0.9535592640403128,0.3712514955064667,2007-04-30,2026-07-31,232,8,revision|quality_improvement|earnings_yield_improvement,3-bucket subset,盈利预期上修捕捉信息扩散和分析师纠错，是基本面改善能否进入市场定价的确认层。 利润率或 ROE 改善表明经营效率正在变好，可过滤静态高质量但边际恶化的公司。 远期盈利收益率改善提供估值纪律，避免为改善预期支付过高价格。,C:\GoogleDrive\TP\07_backtest_code\runs\ad_hoc\eu_small_relative_synergy_20260709,C:\GoogleDrive\TP\09_reports\factor_explorer_sources\eu-small-factor-explorer.html
eu-small,MSCI EUR SMALL,old,旧基线,eu_small_syn_pair_e89e3c049b0f,Oper Margin directional_delta lag3 + momentum: EPS Revision Ratio,旧基线 · 已证实协同 pair,pair_synergy,0.13065866092894507,0.05047566950545934,0.15484087922590906,15.984970542262833,8.988829583188688,0.9193586014899606,0.2829420514191427,2007-04-30,2026-07-31,232,2,,quality_improvement + revision,长期最稳的结构是质量改善 + 去杠杆 + 估值改善。盈利修正和价格动量更适合作为确认层；广义 growth 与 low-vol 不应被机械纳入等权核心。,C:\GoogleDrive\TP\07_backtest_code\runs\ad_hoc\eu_small_relative_synergy_20260709,C:\GoogleDrive\TP\09_reports\factor_explorer_sources\eu-small-factor-explorer.html
eu-small,MSCI EUR SMALL,old,旧基线,eu_small_syn_subset_27b784f1d4,growth + quality_improvement + deleveraging,旧基线 · 领先 family subset,family_subset,0.14056973293101738,0.059683877390533935,0.13753905341899353,11.953503838261005,8.72010595851861,0.7665132121249825,0.2794795934820302,2007-04-30,2026-07-31,232,8,growth|quality_improvement|deleveraging,3-bucket subset,近端盈利增长代表兑现能力，但欧洲小盘的广义 growth 证据较弱，只宜作为有门槛的补充信号。 利润率或 ROE 改善表明经营效率正在变好，可过滤静态高质量但边际恶化的公司。 去杠杆降低再融资、违约和股权稀释风险；这一机制在融资渠道更窄的小盘公司中尤其重要。,C:\GoogleDrive\TP\07_backtest_code\runs\ad_hoc\eu_small_relative_synergy_20260709,C:\GoogleDrive\TP\09_reports\factor_explorer_sources\eu-small-factor-explorer.html
eu-small,MSCI EUR SMALL,old,旧基线,eu_small_syn_subset_c04f0d771c,pmom + earnings_yield_improvement + deleveraging,旧基线 · 领先 family subset,family_subset,0.12702493055035724,0.047099632612845665,0.13769419609393507,11.984929864524638,8.655713601538555,0.8252795620324432,0.3632634469105902,2007-04-30,2026-07-31,232,7,pmom|earnings_yield_improvement|deleveraging,3-bucket subset,价格动量确认投资者已开始吸收新信息，可减少过早押注尚未被市场认可的变化。 远期盈利收益率改善提供估值纪律，避免为改善预期支付过高价格。 去杠杆降低再融资、违约和股权稀释风险；这一机制在融资渠道更窄的小盘公司中尤其重要。,C:\GoogleDrive\TP\07_backtest_code\runs\ad_hoc\eu_small_relative_synergy_20260709,C:\GoogleDrive\TP\09_reports\factor_explorer_sources\eu-small-factor-explorer.html
eu-small,MSCI EUR SMALL,old,旧基线,eu_small_syn_subset_d768d01d37,revision + pmom + quality_improvement,旧基线 · 领先 family subset,family_subset,0.11762225302630025,0.03836376536258945,0.14797670498015392,14.251662618309743,8.619308124366496,0.9497721511112494,0.2615012417282249,2007-04-30,2026-07-31,232,6,revision|pmom|quality_improvement,3-bucket subset,盈利预期上修捕捉信息扩散和分析师纠错，是基本面改善能否进入市场定价的确认层。 价格动量确认投资者已开始吸收新信息，可减少过早押注尚未被市场认可的变化。 利润率或 ROE 改善表明经营效率正在变好，可过滤静态高质量但边际恶化的公司。,C:\GoogleDrive\TP\07_backtest_code\runs\ad_hoc\eu_small_relative_synergy_20260709,C:\GoogleDrive\TP\09_reports\factor_explorer_sources\eu-small-factor-explorer.html
eu-small,MSCI EUR SMALL,old,旧基线,eu_small_syn_pair_709d119ceb15,NetDebt to EBITDA exFIN score_delta lag1 + ROE avg FY0 directional_delta lag3,旧基线 · 已证实协同 pair,pair_synergy,0.14023533005072664,0.05937318938035285,0.14080857581839012,12.632601956844411,8.078454631322199,0.7954103612921287,0.3938269606961723,2007-04-30,2026-07-31,232,2,,deleveraging + quality_improvement,长期最稳的结构是质量改善 + 去杠杆 + 估值改善。盈利修正和价格动量更适合作为确认层；广义 growth 与 low-vol 不应被机械纳入等权核心。,C:\GoogleDrive\TP\07_backtest_code\runs\ad_hoc\eu_small_relative_synergy_20260709,C:\GoogleDrive\TP\09_reports\factor_explorer_sources\eu-small-factor-explorer.html
eu-small,MSCI EUR SMALL,old,旧基线,eu_small_syn_pair_40b927c0721f,NetDebt to EBITDA exFIN score_delta lag3 + ROE avg FY0 directional_delta lag1,旧基线 · 已证实协同 pair,pair_synergy,0.14200879727897475,0.061020887521548994,0.14584092753517108,13.749760010239562,7.723914838003132,0.7880227693360499,0.3559848801108162,2007-04-30,2026-07-31,232,2,,deleveraging + quality_improvement,长期最稳的结构是质量改善 + 去杠杆 + 估值改善。盈利修正和价格动量更适合作为确认层；广义 growth 与 low-vol 不应被机械纳入等权核心。,C:\GoogleDrive\TP\07_backtest_code\runs\ad_hoc\eu_small_relative_synergy_20260709,C:\GoogleDrive\TP\09_reports\factor_explorer_sources\eu-small-factor-explorer.html
eu-small,MSCI EUR SMALL,old,旧基线,eu_small_syn_pair_0aba5845ec15,ROE avg FY0 directional_delta lag3 + momentum: EPS Revision Ratio,旧基线 · 已证实协同 pair,pair_synergy,0.13037341570476135,0.05021065303479322,0.14034510239590436,12.534159136932605,7.6688782875687505,0.9127408743798312,0.2888346499191122,2007-04-30,2026-07-31,232,2,,quality_improvement + revision,长期最稳的结构是质量改善 + 去杠杆 + 估值改善。盈利修正和价格动量更适合作为确认层；广义 growth 与 low-vol 不应被机械纳入等权核心。,C:\GoogleDrive\TP\07_backtest_code\runs\ad_hoc\eu_small_relative_synergy_20260709,C:\GoogleDrive\TP\09_reports\factor_explorer_sources\eu-small-factor-explorer.html
eu-small,MSCI EUR SMALL,old,旧基线,eu_small_syn_pair_3b21d9e4a2b9,NetDebt to EBITDA exFIN directional_delta lag1 + ROE avg FY0 directional_delta lag1,旧基线 · 已证实协同 pair,pair_synergy,0.13997199911006653,0.05912853309658628,0.12111913896803883,9.034912483044272,7.621807235714329,0.8236853974524473,0.4984103487904028,2007-04-30,2026-07-31,232,2,,deleveraging + quality_improvement,长期最稳的结构是质量改善 + 去杠杆 + 估值改善。盈利修正和价格动量更适合作为确认层；广义 growth 与 low-vol 不应被机械纳入等权核心。,C:\GoogleDrive\TP\07_backtest_code\runs\ad_hoc\eu_small_relative_synergy_20260709,C:\GoogleDrive\TP\09_reports\factor_explorer_sources\eu-small-factor-explorer.html
eu-small,MSCI EUR SMALL,old,旧基线,eu_small_syn_pair_20d3b3b417b2,NetDebt to EBITDA exFIN score_delta lag1 + ROE avg FY0 directional_delta lag1,旧基线 · 已证实协同 pair,pair_synergy,0.13505764676324827,0.05456269218446863,0.1280728598814962,10.177110434296166,7.547537563855111,0.8236853974524473,0.507305844266097,2007-04-30,2026-07-31,232,2,,deleveraging + quality_improvement,长期最稳的结构是质量改善 + 去杠杆 + 估值改善。盈利修正和价格动量更适合作为确认层；广义 growth 与 low-vol 不应被机械纳入等权核心。,C:\GoogleDrive\TP\07_backtest_code\runs\ad_hoc\eu_small_relative_synergy_20260709,C:\GoogleDrive\TP\09_reports\factor_explorer_sources\eu-small-factor-explorer.html
eu-small,MSCI EUR SMALL,old,旧基线,eu_small_syn_pair_8dc05f4571bb,momentum: PMOM 12M1M + ROE avg FY0 directional_delta lag1,旧基线 · 已证实协同 pair,pair_synergy,0.12008522253498488,0.040652068307601485,0.14288942791160175,13.08368342693731,7.234518381139486,0.9569031214520116,0.328401981075636,2007-04-30,2026-07-31,232,2,,pmom + quality_improvement,长期最稳的结构是质量改善 + 去杠杆 + 估值改善。盈利修正和价格动量更适合作为确认层；广义 growth 与 low-vol 不应被机械纳入等权核心。,C:\GoogleDrive\TP\07_backtest_code\runs\ad_hoc\eu_small_relative_synergy_20260709,C:\GoogleDrive\TP\09_reports\factor_explorer_sources\eu-small-factor-explorer.html
eu-small,MSCI EUR SMALL,old,旧基线,eu_small_syn_pair_033424e05f56,NetDebt to EBITDA exFIN directional_delta lag1 + momentum: EPS Revision Ratio,旧基线 · 已证实协同 pair,pair_synergy,0.12819295448159007,0.04818482371742894,0.12529909188595223,9.705993204465635,7.212449556176347,0.8197194270339208,0.3419696963464019,2007-04-30,2026-07-31,232,2,,deleveraging + revision,长期最稳的结构是质量改善 + 去杠杆 + 估值改善。盈利修正和价格动量更适合作为确认层；广义 growth 与 low-vol 不应被机械纳入等权核心。,C:\GoogleDrive\TP\07_backtest_code\runs\ad_hoc\eu_small_relative_synergy_20260709,C:\GoogleDrive\TP\09_reports\factor_explorer_sources\eu-small-factor-explorer.html
eu-small,MSCI EUR SMALL,old,旧基线,eu_small_reldelta_quality_oper_margin_lag3_score,Oper Margin directional_delta lag3,旧基线 · 通过 gate 的单变量,official candidate,0.12786755441702202,0.04788250006972139,0.14171216823659383,12.82663850454051,7.186781937190251,0.936015677247772,0.2457500814992021,2007-04-30,2026-07-31,232,1,,direction-adjusted level change versus lag 3 screen observations,长期最稳的结构是质量改善 + 去杠杆 + 估值改善。盈利修正和价格动量更适合作为确认层；广义 growth 与 low-vol 不应被机械纳入等权核心。,C:\GoogleDrive\TP\07_backtest_code\runs\ad_hoc\eu_small_relative_synergy_20260709,C:\GoogleDrive\TP\09_reports\factor_explorer_sources\eu-small-factor-explorer.html
eu-small,MSCI EUR SMALL,old,旧基线,eu_small_reldelta_quality_roe_avg_fy0_lag3_score,ROE avg FY0 directional_delta lag3,旧基线 · 通过 gate 的单变量,official candidate,0.13320159956986966,0.05283827040672695,0.1417275228625492,12.829960028649985,7.178383970139914,0.9296701245781296,0.2592127388168636,2007-04-30,2026-07-31,232,1,,direction-adjusted level change versus lag 3 screen observations,长期最稳的结构是质量改善 + 去杠杆 + 估值改善。盈利修正和价格动量更适合作为确认层；广义 growth 与 low-vol 不应被机械纳入等权核心。,C:\GoogleDrive\TP\07_backtest_code\runs\ad_hoc\eu_small_relative_synergy_20260709,C:\GoogleDrive\TP\09_reports\factor_explorer_sources\eu-small-factor-explorer.html
eu-small,MSCI EUR SMALL,old,旧基线,eu_small_validated_value_momentum,Value + momentum,旧基线 · 历史生产候选,validated_candidate,0.1059537916695572,0.027522797014323697,0.12307834664115003,9.343786966340467,6.742810816732286,0.9632486741216542,0.22040674342876,2007-04-30,2026-07-31,232,5,,cheap plus improving sentiment; min_count=2,长期最稳的结构是质量改善 + 去杠杆 + 估值改善。盈利修正和价格动量更适合作为确认层；广义 growth 与 low-vol 不应被机械纳入等权核心。,C:\GoogleDrive\TP\07_backtest_code\runs\ad_hoc\eu_small_relative_synergy_20260709,C:\GoogleDrive\TP\09_reports\factor_explorer_sources\eu-small-factor-explorer.html
eu-small,MSCI EUR SMALL,old,旧基线,eu_small_reldelta_quality_roe_avg_fy0_lag1_score,ROE avg FY0 directional_delta lag1,旧基线 · 通过 gate 的单变量,official candidate,0.1294157549854933,0.04932090680103096,0.13339617937321946,11.142641598270751,6.677932827836986,0.9659315364635986,0.5013504530500911,2007-04-30,2026-07-31,232,1,,direction-adjusted level change versus lag 1 screen observations,长期最稳的结构是质量改善 + 去杠杆 + 估值改善。盈利修正和价格动量更适合作为确认层；广义 growth 与 low-vol 不应被机械纳入等权核心。,C:\GoogleDrive\TP\07_backtest_code\runs\ad_hoc\eu_small_relative_synergy_20260709,C:\GoogleDrive\TP\09_reports\factor_explorer_sources\eu-small-factor-explorer.html
eu-small,MSCI EUR SMALL,old,旧基线,eu_small_syn_pair_9e22c0691ee6,NetDebt to EBITDA exFIN directional_delta lag1 + momentum: PMOM 12M1M,旧基线 · 已证实协同 pair,pair_synergy,0.11667496490704132,0.03748365613450866,0.11717019345693513,8.441522945032776,6.522407920449552,0.8247740952143957,0.3146470205198913,2007-04-30,2026-07-31,232,2,,deleveraging + pmom,长期最稳的结构是质量改善 + 去杠杆 + 估值改善。盈利修正和价格动量更适合作为确认层；广义 growth 与 low-vol 不应被机械纳入等权核心。,C:\GoogleDrive\TP\07_backtest_code\runs\ad_hoc\eu_small_relative_synergy_20260709,C:\GoogleDrive\TP\09_reports\factor_explorer_sources\eu-small-factor-explorer.html
eu-small,MSCI EUR SMALL,old,旧基线,eu_small_syn_pair_60a4c7e63ace,NetDebt to EBITDA exFIN score_delta lag1 + momentum: EPS Revision Ratio,旧基线 · 已证实协同 pair,pair_synergy,0.11994643374870417,0.040523122014413104,0.11709692229039947,8.430870157197672,6.16550875291851,0.8197194270339208,0.3863788787437648,2007-04-30,2026-07-31,232,2,,deleveraging + revision,长期最稳的结构是质量改善 + 去杠杆 + 估值改善。盈利修正和价格动量更适合作为确认层；广义 growth 与 low-vol 不应被机械纳入等权核心。,C:\GoogleDrive\TP\07_backtest_code\runs\ad_hoc\eu_small_relative_synergy_20260709,C:\GoogleDrive\TP\09_reports\factor_explorer_sources\eu-small-factor-explorer.html
eu-small,MSCI EUR SMALL,old,旧基线,eu_small_syn_pair_4a95877d504c,NetDebt to EBITDA exFIN score_delta lag3 + momentum: EPS Revision Ratio,旧基线 · 已证实协同 pair,pair_synergy,0.12219793995878336,0.04261495801687687,0.11935930956038554,8.765745687972036,5.460627180699016,0.7847955581131313,0.2978802172419599,2007-04-30,2026-07-31,232,2,,deleveraging + revision,长期最稳的结构是质量改善 + 去杠杆 + 估值改善。盈利修正和价格动量更适合作为确认层；广义 growth 与 low-vol 不应被机械纳入等权核心。,C:\GoogleDrive\TP\07_backtest_code\runs\ad_hoc\eu_small_relative_synergy_20260709,C:\GoogleDrive\TP\09_reports\factor_explorer_sources\eu-small-factor-explorer.html
eu-small,MSCI EUR SMALL,old,旧基线,eu_small_syn_pair_6592975eda25,NetDebt to EBITDA exFIN score_delta lag3 + PB LTM directional_delta lag1,旧基线 · 已证实协同 pair,pair_synergy,0.12523086603151978,0.045432797880413434,0.10889486376017699,7.315683034130955,5.151121043902281,0.7089055476927384,0.3365830573570443,2007-04-30,2026-07-31,232,2,,deleveraging + value_improvement,长期最稳的结构是质量改善 + 去杠杆 + 估值改善。盈利修正和价格动量更适合作为确认层；广义 growth 与 low-vol 不应被机械纳入等权核心。,C:\GoogleDrive\TP\07_backtest_code\runs\ad_hoc\eu_small_relative_synergy_20260709,C:\GoogleDrive\TP\09_reports\factor_explorer_sources\eu-small-factor-explorer.html
eu-small,MSCI EUR SMALL,old,旧基线,eu_small_syn_pair_0bb87ca525aa,NetDebt to EBITDA exFIN directional_delta lag1 + Earns Yield NTM directional_delta lag1,旧基线 · 已证实协同 pair,pair_synergy,0.12138852257990895,0.041862942141206894,0.1022771028816103,6.5193782859769565,5.135980593415794,0.827612485808047,0.4563589814014707,2007-04-30,2026-07-31,232,2,,deleveraging + earnings_yield_improvement,长期最稳的结构是质量改善 + 去杠杆 + 估值改善。盈利修正和价格动量更适合作为确认层；广义 growth 与 low-vol 不应被机械纳入等权核心。,C:\GoogleDrive\TP\07_backtest_code\runs\ad_hoc\eu_small_relative_synergy_20260709,C:\GoogleDrive\TP\09_reports\factor_explorer_sources\eu-small-factor-explorer.html
eu-small,MSCI EUR SMALL,old,旧基线,eu_small_relrank_quality_netdebt_to_ebitda_exfin_lag1_score,NetDebt to EBITDA exFIN score_delta lag1,旧基线 · 通过 gate 的单变量,official candidate,0.1218969529534446,0.04233531612594055,0.09835812402360933,6.087317258022696,5.03843984513485,0.8328615643031557,0.51509416827499,2007-04-30,2026-07-31,232,1,,sector-rank score change versus lag 1 screen observations,长期最稳的结构是质量改善 + 去杠杆 + 估值改善。盈利修正和价格动量更适合作为确认层；广义 growth 与 low-vol 不应被机械纳入等权核心。,C:\GoogleDrive\TP\07_backtest_code\runs\ad_hoc\eu_small_relative_synergy_20260709,C:\GoogleDrive\TP\09_reports\factor_explorer_sources\eu-small-factor-explorer.html
eu-small,MSCI EUR SMALL,old,旧基线,eu_small_relrank_quality_netdebt_to_ebitda_exfin_lag3_score,NetDebt to EBITDA exFIN score_delta lag3,旧基线 · 通过 gate 的单变量,official candidate,0.1251063089735529,0.04531707404316632,0.11400864635171692,7.993282490683898,4.880869914963926,0.7966390344806134,0.2794206403253547,2007-04-30,2026-07-31,232,1,,sector-rank score change versus lag 3 screen observations,长期最稳的结构是质量改善 + 去杠杆 + 估值改善。盈利修正和价格动量更适合作为确认层；广义 growth 与 low-vol 不应被机械纳入等权核心。,C:\GoogleDrive\TP\07_backtest_code\runs\ad_hoc\eu_small_relative_synergy_20260709,C:\GoogleDrive\TP\09_reports\factor_explorer_sources\eu-small-factor-explorer.html
eu-small,MSCI EUR SMALL,old,旧基线,eu_small_syn_pair_7b4db3fbb664,momentum: EPS Revision Ratio + PB LTM directional_delta lag1,旧基线 · 已证实协同 pair,pair_synergy,0.1169661566882707,0.037754197449860305,0.1093305551204038,7.371221016842217,4.8385180228522975,0.8515405073331571,0.3668497681944955,2007-04-30,2026-07-31,232,2,,revision + value_improvement,长期最稳的结构是质量改善 + 去杠杆 + 估值改善。盈利修正和价格动量更适合作为确认层；广义 growth 与 low-vol 不应被机械纳入等权核心。,C:\GoogleDrive\TP\07_backtest_code\runs\ad_hoc\eu_small_relative_synergy_20260709,C:\GoogleDrive\TP\09_reports\factor_explorer_sources\eu-small-factor-explorer.html
eu-small,MSCI EUR SMALL,old,旧基线,eu_small_syn_pair_b75b44284c53,NetDebt to EBITDA exFIN directional_delta lag1 + Earns Yield NTM score_delta lag1,旧基线 · 已证实协同 pair,pair_synergy,0.11814406324483495,0.03884857033301237,0.09602850153550091,5.8434964330447094,4.631571293421302,0.827612485808047,0.4901738233937323,2007-04-30,2026-07-31,232,2,,deleveraging + earnings_yield_improvement,长期最稳的结构是质量改善 + 去杠杆 + 估值改善。盈利修正和价格动量更适合作为确认层；广义 growth 与 low-vol 不应被机械纳入等权核心。,C:\GoogleDrive\TP\07_backtest_code\runs\ad_hoc\eu_small_relative_synergy_20260709,C:\GoogleDrive\TP\09_reports\factor_explorer_sources\eu-small-factor-explorer.html
eu-small,MSCI EUR SMALL,old,旧基线,eu_small_momentum_eps_revision_ratio_score,momentum: EPS Revision Ratio,旧基线 · 通过 gate 的单变量,core,0.10847382553368368,0.029026990688002074,0.10099859343579731,6.375327001070983,4.520792427908214,0.9790581209076628,0.2971693722868479,2007-04-30,2026-07-31,232,1,,earnings revision,长期最稳的结构是质量改善 + 去杠杆 + 估值改善。盈利修正和价格动量更适合作为确认层；广义 growth 与 low-vol 不应被机械纳入等权核心。,C:\GoogleDrive\TP\07_backtest_code\runs\ad_hoc\eu_small_relative_synergy_20260709,C:\GoogleDrive\TP\09_reports\factor_explorer_sources\eu-small-factor-explorer.html
eu-small,MSCI EUR SMALL,old,旧基线,eu_small_reldelta_quality_netdebt_to_ebitda_exfin_lag1_score,NetDebt to EBITDA exFIN directional_delta lag1,旧基线 · 通过 gate 的单变量,official candidate,0.11830979765422556,0.039002551344860414,0.08765246010792693,5.041142576066334,3.966960027086161,0.8328615643031557,0.4784973244945237,2007-04-30,2026-07-31,232,1,,direction-adjusted level change versus lag 1 screen observations,长期最稳的结构是质量改善 + 去杠杆 + 估值改善。盈利修正和价格动量更适合作为确认层；广义 growth 与 low-vol 不应被机械纳入等权核心。,C:\GoogleDrive\TP\07_backtest_code\runs\ad_hoc\eu_small_relative_synergy_20260709,C:\GoogleDrive\TP\09_reports\factor_explorer_sources\eu-small-factor-explorer.html
eu-small,MSCI EUR SMALL,old,旧基线,eu_small_syn_pair_4ed704150f77,momentum: EPS Revision Ratio + EV To EBITDA NTM directional_delta lag1,旧基线 · 已证实协同 pair,pair_synergy,0.105778917658788,0.027360324554783322,0.10022482613003847,6.289616990379378,3.4496101501257312,0.8777392413331881,0.428735920952264,2007-04-30,2026-07-31,232,2,,revision + value_improvement,长期最稳的结构是质量改善 + 去杠杆 + 估值改善。盈利修正和价格动量更适合作为确认层；广义 growth 与 low-vol 不应被机械纳入等权核心。,C:\GoogleDrive\TP\07_backtest_code\runs\ad_hoc\eu_small_relative_synergy_20260709,C:\GoogleDrive\TP\09_reports\factor_explorer_sources\eu-small-factor-explorer.html
eu-small,MSCI EUR SMALL,old,旧基线,eu_small_momentum_pmom_12m1m_score,momentum: PMOM 12M1M,旧基线 · 通过 gate 的单变量,core,0.0910059781013366,0.01281110352580317,0.10039192420552867,6.308033397801783,3.107827011720124,0.986274631786864,0.2330263772237028,2007-04-30,2026-07-31,232,1,,12M minus 1M price momentum,长期最稳的结构是质量改善 + 去杠杆 + 估值改善。盈利修正和价格动量更适合作为确认层；广义 growth 与 low-vol 不应被机械纳入等权核心。,C:\GoogleDrive\TP\07_backtest_code\runs\ad_hoc\eu_small_relative_synergy_20260709,C:\GoogleDrive\TP\09_reports\factor_explorer_sources\eu-small-factor-explorer.html
eu-small,MSCI EUR SMALL,old,旧基线,eu_small_syn_pair_27402c3dc717,momentum: PMOM 12M1M + EV To EBITDA NTM directional_delta lag1,旧基线 · 已证实协同 pair,pair_synergy,0.10204491378053704,0.02389112526459347,0.0947599738483651,5.714654110191867,3.1073156759840543,0.8696517722444282,0.4213518618253258,2007-04-30,2026-07-31,232,2,,pmom + value_improvement,长期最稳的结构是质量改善 + 去杠杆 + 估值改善。盈利修正和价格动量更适合作为确认层；广义 growth 与 low-vol 不应被机械纳入等权核心。,C:\GoogleDrive\TP\07_backtest_code\runs\ad_hoc\eu_small_relative_synergy_20260709,C:\GoogleDrive\TP\09_reports\factor_explorer_sources\eu-small-factor-explorer.html
eu-small,MSCI EUR SMALL,old,旧基线,eu_small_syn_pair_857c47955c38,momentum: PMOM 12M1M + PB LTM directional_delta lag1,旧基线 · 已证实协同 pair,pair_synergy,0.10765267697898984,0.029101202367335377,0.09186058419395482,5.430206452983025,2.941672312436597,0.8581815636810427,0.3389190709485116,2007-04-30,2026-07-31,232,2,,pmom + value_improvement,长期最稳的结构是质量改善 + 去杠杆 + 估值改善。盈利修正和价格动量更适合作为确认层；广义 growth 与 low-vol 不应被机械纳入等权核心。,C:\GoogleDrive\TP\07_backtest_code\runs\ad_hoc\eu_small_relative_synergy_20260709,C:\GoogleDrive\TP\09_reports\factor_explorer_sources\eu-small-factor-explorer.html
eu-small,MSCI EUR SMALL,old,旧基线,eu_small_syn_pair_4912ecc63b08,momentum: EPS Revision Ratio + PB LTM directional_delta lag3,旧基线 · 已证实协同 pair,pair_synergy,0.10300114442105723,0.02477954283659245,0.09141699153774407,5.387889668679614,2.8753614052140657,0.8227522279422057,0.3029646021328509,2007-04-30,2026-07-31,232,2,,revision + value_improvement,长期最稳的结构是质量改善 + 去杠杆 + 估值改善。盈利修正和价格动量更适合作为确认层；广义 growth 与 low-vol 不应被机械纳入等权核心。,C:\GoogleDrive\TP\07_backtest_code\runs\ad_hoc\eu_small_relative_synergy_20260709,C:\GoogleDrive\TP\09_reports\factor_explorer_sources\eu-small-factor-explorer.html
eu-small,MSCI EUR SMALL,old,旧基线,eu_small_syn_pair_08251593d3b6,momentum: PMOM 12M1M + PB LTM directional_delta lag3,旧基线 · 已证实协同 pair,pair_synergy,0.10677829359732471,0.02828882768698371,0.0939712624733553,5.635908789373147,2.792969240265808,0.8319050655551581,0.2686854509114544,2007-04-30,2026-07-31,232,2,,pmom + value_improvement,长期最稳的结构是质量改善 + 去杠杆 + 估值改善。盈利修正和价格动量更适合作为确认层；广义 growth 与 low-vol 不应被机械纳入等权核心。,C:\GoogleDrive\TP\07_backtest_code\runs\ad_hoc\eu_small_relative_synergy_20260709,C:\GoogleDrive\TP\09_reports\factor_explorer_sources\eu-small-factor-explorer.html
eu-small,MSCI EUR SMALL,old,旧基线,eu_small_syn_pair_da841af42fe8,Earns Yield NTM directional_delta lag1 + momentum: EPS Revision Ratio,旧基线 · 已证实协同 pair,pair_synergy,0.10128783834838062,0.023187739398511376,0.07976546746073598,4.382048213369806,2.559833166329603,0.9547801608162124,0.401539851816576,2007-04-30,2026-07-31,232,2,,earnings_yield_improvement + revision,长期最稳的结构是质量改善 + 去杠杆 + 估值改善。盈利修正和价格动量更适合作为确认层；广义 growth 与 low-vol 不应被机械纳入等权核心。,C:\GoogleDrive\TP\07_backtest_code\runs\ad_hoc\eu_small_relative_synergy_20260709,C:\GoogleDrive\TP\09_reports\factor_explorer_sources\eu-small-factor-explorer.html
eu-small,MSCI EUR SMALL,old,旧基线,eu_small_syn_pair_a2e7341e650f,Earns Yield NTM score_delta lag1 + momentum: PMOM 12M1M,旧基线 · 已证实协同 pair,pair_synergy,0.08967222073766723,0.012395867273012007,0.08978894077795063,5.235244603884002,2.1693438017202658,0.9659704185265252,0.4110878765749047,2007-04-30,2026-07-31,232,2,,earnings_yield_improvement + pmom,长期最稳的结构是质量改善 + 去杠杆 + 估值改善。盈利修正和价格动量更适合作为确认层；广义 growth 与 low-vol 不应被机械纳入等权核心。,C:\GoogleDrive\TP\07_backtest_code\runs\ad_hoc\eu_small_relative_synergy_20260709,C:\GoogleDrive\TP\09_reports\factor_explorer_sources\eu-small-factor-explorer.html
eu-small,MSCI EUR SMALL,old,旧基线,eu_small_syn_pair_b209c4d71bad,Earns Yield NTM directional_delta lag1 + PB LTM directional_delta lag1,旧基线 · 已证实协同 pair,pair_synergy,0.10304338870087437,0.024818791276158825,0.06916824823348189,3.624190929635562,2.142088345751402,0.8627463178686409,0.4785417587320319,2007-04-30,2026-07-31,232,2,,earnings_yield_improvement + value_improvement,长期最稳的结构是质量改善 + 去杠杆 + 估值改善。盈利修正和价格动量更适合作为确认层；广义 growth 与 low-vol 不应被机械纳入等权核心。,C:\GoogleDrive\TP\07_backtest_code\runs\ad_hoc\eu_small_relative_synergy_20260709,C:\GoogleDrive\TP\09_reports\factor_explorer_sources\eu-small-factor-explorer.html
eu-small,MSCI EUR SMALL,old,旧基线,eu_small_syn_pair_c50ef985a596,Earns Yield NTM score_delta lag1 + momentum: EPS Revision Ratio,旧基线 · 已证实协同 pair,pair_synergy,0.0921952455768027,0.014739966600825216,0.0788659050407825,4.312294247211236,2.004954350375257,0.9547801608162124,0.4247985097196048,2007-04-30,2026-07-31,232,2,,earnings_yield_improvement + revision,长期最稳的结构是质量改善 + 去杠杆 + 估值改善。盈利修正和价格动量更适合作为确认层；广义 growth 与 low-vol 不应被机械纳入等权核心。,C:\GoogleDrive\TP\07_backtest_code\runs\ad_hoc\eu_small_relative_synergy_20260709,C:\GoogleDrive\TP\09_reports\factor_explorer_sources\eu-small-factor-explorer.html
eu-small,MSCI EUR SMALL,old,旧基线,eu_small_syn_pair_0e147cfca1c1,Earns Yield NTM directional_delta lag1 + momentum: PMOM 12M1M,旧基线 · 已证实协同 pair,pair_synergy,0.08695183963169706,0.009868407605161389,0.08258685524529463,4.607829346166303,1.9706969035694475,0.9659704185265252,0.380346245540575,2007-04-30,2026-07-31,232,2,,earnings_yield_improvement + pmom,长期最稳的结构是质量改善 + 去杠杆 + 估值改善。盈利修正和价格动量更适合作为确认层；广义 growth 与 low-vol 不应被机械纳入等权核心。,C:\GoogleDrive\TP\07_backtest_code\runs\ad_hoc\eu_small_relative_synergy_20260709,C:\GoogleDrive\TP\09_reports\factor_explorer_sources\eu-small-factor-explorer.html
eu-small,MSCI EUR SMALL,old,旧基线,eu_small_syn_pair_f29bdf453460,Earns Yield FY1 score_delta lag1 + momentum: EPS Revision Ratio,旧基线 · 已证实协同 pair,pair_synergy,0.09334921459127532,0.01581209952206497,0.07358629303629116,3.923653000175963,1.965340951922871,0.9547801608162124,0.4309416929374123,2007-04-30,2026-07-31,232,2,,earnings_yield_improvement + revision,长期最稳的结构是质量改善 + 去杠杆 + 估值改善。盈利修正和价格动量更适合作为确认层；广义 growth 与 low-vol 不应被机械纳入等权核心。,C:\GoogleDrive\TP\07_backtest_code\runs\ad_hoc\eu_small_relative_synergy_20260709,C:\GoogleDrive\TP\09_reports\factor_explorer_sources\eu-small-factor-explorer.html
eu-small,MSCI EUR SMALL,old,旧基线,eu_small_syn_pair_d3a2e8defd33,Earns Yield NTM score_delta lag1 + PB LTM directional_delta lag1,旧基线 · 已证实协同 pair,pair_synergy,0.10023330277880471,0.02220798839429805,0.05569448477245387,2.83904176050331,1.683279660194977,0.8627463178686409,0.5045621779868018,2007-04-30,2026-07-31,232,2,,earnings_yield_improvement + value_improvement,长期最稳的结构是质量改善 + 去杠杆 + 估值改善。盈利修正和价格动量更适合作为确认层；广义 growth 与 low-vol 不应被机械纳入等权核心。,C:\GoogleDrive\TP\07_backtest_code\runs\ad_hoc\eu_small_relative_synergy_20260709,C:\GoogleDrive\TP\09_reports\factor_explorer_sources\eu-small-factor-explorer.html
eu-small,MSCI EUR SMALL,old,旧基线,eu_small_syn_pair_91245eec653a,growth: EPS Growth FY1 + PB LTM directional_delta lag1,旧基线 · 已证实协同 pair,pair_synergy,0.10235242094753683,0.02417682492647577,0.05569122457010467,2.8388729674840945,1.5210478800847589,0.7733642316126724,0.3231993635316789,2007-04-30,2026-07-31,232,2,,growth + value_improvement,长期最稳的结构是质量改善 + 去杠杆 + 估值改善。盈利修正和价格动量更适合作为确认层；广义 growth 与 low-vol 不应被机械纳入等权核心。,C:\GoogleDrive\TP\07_backtest_code\runs\ad_hoc\eu_small_relative_synergy_20260709,C:\GoogleDrive\TP\09_reports\factor_explorer_sources\eu-small-factor-explorer.html
eu-small,MSCI EUR SMALL,old,旧基线,eu_small_syn_pair_bf9420a88eff,Earns Yield FY1 score_delta lag1 + momentum: PMOM 12M1M,旧基线 · 已证实协同 pair,pair_synergy,0.08881194312013307,0.011596598017428406,0.08041127902395329,4.432784004272878,1.4830449798189655,0.9659704185265252,0.4217737086792428,2007-04-30,2026-07-31,232,2,,earnings_yield_improvement + pmom,长期最稳的结构是质量改善 + 去杠杆 + 估值改善。盈利修正和价格动量更适合作为确认层；广义 growth 与 low-vol 不应被机械纳入等权核心。,C:\GoogleDrive\TP\07_backtest_code\runs\ad_hoc\eu_small_relative_synergy_20260709,C:\GoogleDrive\TP\09_reports\factor_explorer_sources\eu-small-factor-explorer.html
eu-small,MSCI EUR SMALL,old,旧基线,eu_small_syn_pair_bfa692da76d4,Earns Yield NTM directional_delta lag1 + PB LTM directional_delta lag3,旧基线 · 已证实协同 pair,pair_synergy,0.09853389775563248,0.020629100184118787,0.06213463937996688,3.1917140153990102,1.4630790306574608,0.8343857411698835,0.4071524382123984,2007-04-30,2026-07-31,232,2,,earnings_yield_improvement + value_improvement,长期最稳的结构是质量改善 + 去杠杆 + 估值改善。盈利修正和价格动量更适合作为确认层；广义 growth 与 low-vol 不应被机械纳入等权核心。,C:\GoogleDrive\TP\07_backtest_code\runs\ad_hoc\eu_small_relative_synergy_20260709,C:\GoogleDrive\TP\09_reports\factor_explorer_sources\eu-small-factor-explorer.html
eu-small,MSCI EUR SMALL,old,旧基线,eu_small_syn_pair_5b66d31a1488,growth: EPS Growth FY1 + EV To EBITDA NTM directional_delta lag1,旧基线 · 已证实协同 pair,pair_synergy,0.09376747071880587,0.01620069415347336,0.05721240668162131,2.918672397573893,1.2917800617408433,0.7927041697124283,0.3936848593244049,2007-04-30,2026-07-31,232,2,,growth + value_improvement,长期最稳的结构是质量改善 + 去杠杆 + 估值改善。盈利修正和价格动量更适合作为确认层；广义 growth 与 low-vol 不应被机械纳入等权核心。,C:\GoogleDrive\TP\07_backtest_code\runs\ad_hoc\eu_small_relative_synergy_20260709,C:\GoogleDrive\TP\09_reports\factor_explorer_sources\eu-small-factor-explorer.html
eu-small,MSCI EUR SMALL,old,旧基线,eu_small_syn_pair_adb8a91b6300,Earns Yield NTM score_delta lag1 + EV To EBITDA NTM directional_delta lag1,旧基线 · 已证实协同 pair,pair_synergy,0.08756540473021546,0.01043846046896868,0.058345587480219896,2.9794949506908024,1.2688194122281085,0.873376673872809,0.504435260038327,2007-04-30,2026-07-31,232,2,,earnings_yield_improvement + value_improvement,长期最稳的结构是质量改善 + 去杠杆 + 估值改善。盈利修正和价格动量更适合作为确认层；广义 growth 与 low-vol 不应被机械纳入等权核心。,C:\GoogleDrive\TP\07_backtest_code\runs\ad_hoc\eu_small_relative_synergy_20260709,C:\GoogleDrive\TP\09_reports\factor_explorer_sources\eu-small-factor-explorer.html
eu-small,MSCI EUR SMALL,old,旧基线,eu_small_reldelta_value_pb_ltm_lag1_score,PB LTM directional_delta lag1,旧基线 · 通过 gate 的单变量,official candidate,0.10111619290287321,0.023028266543866804,0.0489720778411169,2.510492395960231,1.2216503107217347,0.8668289344759476,0.4769307774715342,2007-04-30,2026-07-31,232,1,,direction-adjusted level change versus lag 1 screen observations,长期最稳的结构是质量改善 + 去杠杆 + 估值改善。盈利修正和价格动量更适合作为确认层；广义 growth 与 low-vol 不应被机械纳入等权核心。,C:\GoogleDrive\TP\07_backtest_code\runs\ad_hoc\eu_small_relative_synergy_20260709,C:\GoogleDrive\TP\09_reports\factor_explorer_sources\eu-small-factor-explorer.html
eu-small,MSCI EUR SMALL,old,旧基线,eu_small_reldelta_value_pb_ltm_lag3_score,PB LTM directional_delta lag3,旧基线 · 通过 gate 的单变量,official candidate,0.1015820732497652,0.023461108024874555,0.04942253677411035,2.5313297096750107,1.1824060834407923,0.8368353111342676,0.2547484368572653,2007-04-30,2026-07-31,232,1,,direction-adjusted level change versus lag 3 screen observations,长期最稳的结构是质量改善 + 去杠杆 + 估值改善。盈利修正和价格动量更适合作为确认层；广义 growth 与 low-vol 不应被机械纳入等权核心。,C:\GoogleDrive\TP\07_backtest_code\runs\ad_hoc\eu_small_relative_synergy_20260709,C:\GoogleDrive\TP\09_reports\factor_explorer_sources\eu-small-factor-explorer.html
eu-small,MSCI EUR SMALL,old,旧基线,eu_small_syn_pair_68008e68e7fb,Earns Yield NTM directional_delta lag1 + EV To EBITDA NTM directional_delta lag1,旧基线 · 已证实协同 pair,pair_synergy,0.08349187864863361,0.006653816892912001,0.06262194202560578,3.220024755879521,1.095333866025598,0.873376673872809,0.4907593713180553,2007-04-30,2026-07-31,232,2,,earnings_yield_improvement + value_improvement,长期最稳的结构是质量改善 + 去杠杆 + 估值改善。盈利修正和价格动量更适合作为确认层；广义 growth 与 low-vol 不应被机械纳入等权核心。,C:\GoogleDrive\TP\07_backtest_code\runs\ad_hoc\eu_small_relative_synergy_20260709,C:\GoogleDrive\TP\09_reports\factor_explorer_sources\eu-small-factor-explorer.html
eu-small,MSCI EUR SMALL,old,旧基线,eu_small_syn_pair_9911cd8710b9,momentum: PMOM 12M1M + Daily Vol 260J score_delta lag12,旧基线 · 已证实协同 pair,pair_synergy,0.15034132459699223,0.01196414673868662,0.07026688020008964,3.280651606658705,1.0604555382804006,0.8013126584444065,0.2263290748855936,2009-01-31,2026-07-31,211,2,,pmom + risk_decline,长期最稳的结构是质量改善 + 去杠杆 + 估值改善。盈利修正和价格动量更适合作为确认层；广义 growth 与 low-vol 不应被机械纳入等权核心。,C:\GoogleDrive\TP\07_backtest_code\runs\ad_hoc\eu_small_relative_synergy_20260709,C:\GoogleDrive\TP\09_reports\factor_explorer_sources\eu-small-factor-explorer.html
eu-small,MSCI EUR SMALL,old,旧基线,eu_small_reldelta_value_ev_to_ebitda_ntm_lag1_score,EV To EBITDA NTM directional_delta lag1,旧基线 · 通过 gate 的单变量,official candidate,0.07858370930688818,0.002093720505307317,0.05560911370789978,2.834624913289069,0.8034942968564611,0.878275813801577,0.4849775998956532,2007-04-30,2026-07-31,232,1,,direction-adjusted level change versus lag 1 screen observations,长期最稳的结构是质量改善 + 去杠杆 + 估值改善。盈利修正和价格动量更适合作为确认层；广义 growth 与 low-vol 不应被机械纳入等权核心。,C:\GoogleDrive\TP\07_backtest_code\runs\ad_hoc\eu_small_relative_synergy_20260709,C:\GoogleDrive\TP\09_reports\factor_explorer_sources\eu-small-factor-explorer.html
eu-small,MSCI EUR SMALL,old,旧基线,eu_small_relrank_value_earns_yield_ntm_lag1_score,Earns Yield NTM score_delta lag1,旧基线 · 通过 gate 的单变量,official candidate,0.08888257168450875,0.011662217811458708,0.0403846676600228,2.14302649640198,0.6705155636404743,0.9727358974757764,0.5062407639199377,2007-04-30,2026-07-31,232,1,,sector-rank score change versus lag 1 screen observations,长期最稳的结构是质量改善 + 去杠杆 + 估值改善。盈利修正和价格动量更适合作为确认层；广义 growth 与 low-vol 不应被机械纳入等权核心。,C:\GoogleDrive\TP\07_backtest_code\runs\ad_hoc\eu_small_relative_synergy_20260709,C:\GoogleDrive\TP\09_reports\factor_explorer_sources\eu-small-factor-explorer.html
eu-small,MSCI EUR SMALL,old,旧基线,eu_small_reldelta_value_earns_yield_ntm_lag1_score,Earns Yield NTM directional_delta lag1,旧基线 · 通过 gate 的单变量,official candidate,0.08759244590275572,0.01046358396097391,0.04468886699049013,2.320319771460167,0.6509612856990526,0.9727358974757764,0.4619839778257419,2007-04-30,2026-07-31,232,1,,direction-adjusted level change versus lag 1 screen observations,长期最稳的结构是质量改善 + 去杠杆 + 估值改善。盈利修正和价格动量更适合作为确认层；广义 growth 与 low-vol 不应被机械纳入等权核心。,C:\GoogleDrive\TP\07_backtest_code\runs\ad_hoc\eu_small_relative_synergy_20260709,C:\GoogleDrive\TP\09_reports\factor_explorer_sources\eu-small-factor-explorer.html
eu-small,MSCI EUR SMALL,old,旧基线,eu_small_syn_pair_53ce5cd0d068,Earns Yield FY1 score_delta lag1 + growth: EPS Growth FY1,旧基线 · 已证实协同 pair,pair_synergy,0.08846870610246005,0.011277702360941833,0.03742098301528163,2.028501056990215,0.6423833218950616,0.8642627183227833,0.4138642421617264,2007-04-30,2026-07-31,232,2,,earnings_yield_improvement + growth,长期最稳的结构是质量改善 + 去杠杆 + 估值改善。盈利修正和价格动量更适合作为确认层；广义 growth 与 low-vol 不应被机械纳入等权核心。,C:\GoogleDrive\TP\07_backtest_code\runs\ad_hoc\eu_small_relative_synergy_20260709,C:\GoogleDrive\TP\09_reports\factor_explorer_sources\eu-small-factor-explorer.html
eu-small,MSCI EUR SMALL,old,旧基线,eu_small_syn_pair_bd66853715f9,momentum: EPS Revision Ratio + Daily Vol 260J score_delta lag12,旧基线 · 已证实协同 pair,pair_synergy,0.14517615831708364,0.007420310074345071,0.05596523843709589,2.5926684137804203,0.602203298421347,0.7882405088884396,0.2635812335203029,2009-01-31,2026-07-31,211,2,,revision + risk_decline,长期最稳的结构是质量改善 + 去杠杆 + 估值改善。盈利修正和价格动量更适合作为确认层；广义 growth 与 low-vol 不应被机械纳入等权核心。,C:\GoogleDrive\TP\07_backtest_code\runs\ad_hoc\eu_small_relative_synergy_20260709,C:\GoogleDrive\TP\09_reports\factor_explorer_sources\eu-small-factor-explorer.html
eu-small,MSCI EUR SMALL,old,旧基线,eu_small_growth_eps_growth_fy1_score,growth: EPS Growth FY1,旧基线 · 通过 gate 的单变量,core,0.08381836575416135,0.006138643668408994,0.0353735870845826,1.952799130946754,0.2905749951899582,0.8834160225204909,0.193429270188972,2007-04-30,2026-07-31,232,1,,forward EPS growth,长期最稳的结构是质量改善 + 去杠杆 + 估值改善。盈利修正和价格动量更适合作为确认层；广义 growth 与 low-vol 不应被机械纳入等权核心。,C:\GoogleDrive\TP\07_backtest_code\runs\ad_hoc\eu_small_relative_synergy_20260709,C:\GoogleDrive\TP\09_reports\factor_explorer_sources\eu-small-factor-explorer.html
eu-small,MSCI EUR SMALL,old,旧基线,eu_small_relrank_value_earns_yield_fy1_lag1_score,Earns Yield FY1 score_delta lag1,旧基线 · 通过 gate 的单变量,official candidate,0.08150039335975046,0.004803561891609576,0.027627918297032927,1.6899402487268267,0.2441098335673796,0.9727358974757764,0.520164936024163,2007-04-30,2026-07-31,232,1,,sector-rank score change versus lag 1 screen observations,长期最稳的结构是质量改善 + 去杠杆 + 估值改善。盈利修正和价格动量更适合作为确认层；广义 growth 与 low-vol 不应被机械纳入等权核心。,C:\GoogleDrive\TP\07_backtest_code\runs\ad_hoc\eu_small_relative_synergy_20260709,C:\GoogleDrive\TP\09_reports\factor_explorer_sources\eu-small-factor-explorer.html
eu-small,MSCI EUR SMALL,old,旧基线,eu_small_relrank_lowvol_daily_vol_260j_lag12_score,Daily Vol 260J score_delta lag12,旧基线 · 通过 gate 的单变量,official candidate,0.13788451967303095,0.0010057992496201873,0.022546934823908682,1.4770907812767378,0.0108616270816091,0.8014759631086987,0.212302989069177,2009-01-31,2026-07-31,211,1,,sector-rank score change versus lag 12 screen observations,长期最稳的结构是质量改善 + 去杠杆 + 估值改善。盈利修正和价格动量更适合作为确认层；广义 growth 与 low-vol 不应被机械纳入等权核心。,C:\GoogleDrive\TP\07_backtest_code\runs\ad_hoc\eu_small_relative_synergy_20260709,C:\GoogleDrive\TP\09_reports\factor_explorer_sources\eu-small-factor-explorer.html
eu-small,MSCI EUR SMALL,new,新扩展,eu_small_ext_country_quality_repair,Country-aware Quality Repair,新扩展 · quality_improvement,extension_candidate,0.1450748115222067,0.06235850566362222,0.16084865959436923,15.923502034056108,9.492243296276998,0.79656127035476,,2007-04-02,2026-07-02,233,2,,Margin improvement jointly confirmed by deleveraging.,Margin improvement jointly confirmed by deleveraging.。,C:\GoogleDrive\TP\07_backtest_code\runs\ad_hoc\eu_small_factor_extension_20260711,C:\GoogleDrive\TP\09_reports\factor_explorer_sources\eu-small-factor-explorer.html
eu-small,MSCI EUR SMALL,new,新扩展,eu_small_ext_country_roe,Country-aware ROE,新扩展 · quality_level,extension_candidate,0.10899251665680221,0.028882674344334225,0.1395359991203391,13.16266696380492,6.611016875332368,0.9852325925004277,,2007-04-02,2026-07-02,233,1,,静态质量必须在本地国家同业中仍然突出。,欧洲小盘的 ROE 会受到国家融资结构影响；国家优先、行业回退的排序减少把国家差异误当公司质量。,C:\GoogleDrive\TP\07_backtest_code\runs\ad_hoc\eu_small_factor_extension_20260711,C:\GoogleDrive\TP\09_reports\factor_explorer_sources\eu-small-factor-explorer.html
eu-small,MSCI EUR SMALL,new,新扩展,eu_small_ext_country_margin_improvement,Country-aware Margin Improvement,新扩展 · quality_improvement,extension_candidate,0.12775290478682977,0.04628787593477002,0.13635253892927746,12.02972689929618,6.568928986074035,0.936015677247772,,2007-04-02,2026-07-02,233,1,,Operating-margin improvement with country exposure control.,Operating-margin improvement with country exposure control.。,C:\GoogleDrive\TP\07_backtest_code\runs\ad_hoc\eu_small_factor_extension_20260711,C:\GoogleDrive\TP\09_reports\factor_explorer_sources\eu-small-factor-explorer.html
eu-small,MSCI EUR SMALL,new,新扩展,eu_small_ext_downside_aware_revision,Downside-aware Revision,新扩展 · residual_risk,extension_candidate,0.10514707849171967,0.02531501953023385,0.11523428205751007,10.498618722820458,5.038418120447112,0.9648817207645769,,2007-04-02,2026-07-02,233,2,,在基本面改善中约束公司特有下行风险。,残差下行风险用于避免把高 beta 或尾部脆弱性误当作更强的预期回报。,C:\GoogleDrive\TP\07_backtest_code\runs\ad_hoc\eu_small_factor_extension_20260711,C:\GoogleDrive\TP\09_reports\factor_explorer_sources\eu-small-factor-explorer.html
eu-small,MSCI EUR SMALL,new,新扩展,eu_small_ext_country_pfcf,Country-aware P/FCF,新扩展 · value_level,extension_candidate,0.13821282502725118,0.055992207017464324,0.0928398725466335,6.83300461836923,4.42912376226384,0.7707591333965815,,2007-04-02,2026-07-02,233,1,,P/FCF 在本地国家同业中比较。,现金流估值适合融资约束更强的小盘公司；国家调整用于减少税制、利率和市场结构差异。,C:\GoogleDrive\TP\07_backtest_code\runs\ad_hoc\eu_small_factor_extension_20260711,C:\GoogleDrive\TP\09_reports\factor_explorer_sources\eu-small-factor-explorer.html
eu-small,MSCI EUR SMALL,new,新扩展,eu_small_ext_country_revision,Country-aware EPS Revision,新扩展 · revision,extension_candidate,0.10713872649636169,0.027162796008603163,0.09602225106817053,8.110641089693587,3.9646958401372236,0.9790581209076629,,2007-04-02,2026-07-02,233,1,,在国家与行业同组内比较盈利预期修正。,欧洲国家会计、行业权重与宏观暴露不同，同组排序更聚焦公司层面的盈利信息。,C:\GoogleDrive\TP\07_backtest_code\runs\ad_hoc\eu_small_factor_extension_20260711,C:\GoogleDrive\TP\09_reports\factor_explorer_sources\eu-small-factor-explorer.html
eu-small,MSCI EUR SMALL,new,新扩展,eu_small_ext_country_deleveraging,Country-aware Deleveraging,新扩展 · deleveraging,extension_candidate,0.12218481232403011,0.04112200339489913,0.10672135521413373,6.433612816531556,3.661301942865532,0.7966390344806134,,2007-04-02,2026-07-02,233,1,,在国家与行业同组内寻找负债改善。,国家中性化降低欧洲融资制度差异的干扰，净负债改善则直接约束再融资脆弱性。,C:\GoogleDrive\TP\07_backtest_code\runs\ad_hoc\eu_small_factor_extension_20260711,C:\GoogleDrive\TP\09_reports\factor_explorer_sources\eu-small-factor-explorer.html
eu-small,MSCI EUR SMALL,new,新扩展,eu_small_ext_country_pmom,Country-aware PMOM,新扩展 · pmom,extension_candidate,0.0919958500363407,0.01311379013906011,0.10126458803000338,7.561500931721937,3.0368179433610387,0.986274631786864,,2007-04-02,2026-07-02,233,1,,价格动量在国家与行业同组内作相对确认。,欧洲市场分散在多个国家，同组相对趋势更接近公司特有信息，而不是国家指数方向。,C:\GoogleDrive\TP\07_backtest_code\runs\ad_hoc\eu_small_factor_extension_20260711,C:\GoogleDrive\TP\09_reports\factor_explorer_sources\eu-small-factor-explorer.html
eu-small,MSCI EUR SMALL,new,新扩展,eu_small_ext_residual_momentum_revision,Residual Momentum + Revision,新扩展 · residual_momentum,extension_candidate,0.08997205149384402,0.011236184880604405,0.09233129614816282,5.842083054359295,2.3663146259919605,0.9730780596295318,,2007-04-02,2026-07-02,233,2,,剔除 STOXX 市场共同波动后再观察趋势。,残差动量更接近公司特有信息扩散，Revision 确认可过滤纯 beta 驱动的价格上涨。,C:\GoogleDrive\TP\07_backtest_code\runs\ad_hoc\eu_small_factor_extension_20260711,C:\GoogleDrive\TP\09_reports\factor_explorer_sources\eu-small-factor-explorer.html
eu-small,MSCI EUR SMALL,new,新扩展,eu_small_ext_low_residual_downside_risk,Low Residual Downside Risk,新扩展 · residual_risk,extension_candidate,0.08413159806940218,0.005817623454387411,0.08320795425898742,5.168488743320362,1.838793948323329,0.9832418308785791,,2007-04-02,2026-07-02,233,1,,在基本面改善中约束公司特有下行风险。,残差下行风险用于避免把高 beta 或尾部脆弱性误当作更强的预期回报。,C:\GoogleDrive\TP\07_backtest_code\runs\ad_hoc\eu_small_factor_extension_20260711,C:\GoogleDrive\TP\09_reports\factor_explorer_sources\eu-small-factor-explorer.html
eu-small,MSCI EUR SMALL,new,新扩展,eu_small_ext_low_residual_volatility,Low Residual Volatility,新扩展 · residual_risk,extension_candidate,0.07982690071799614,0.0018238854580865382,0.07520051407637651,4.422741022200974,1.2461933078366139,0.9934600370157239,,2007-04-02,2026-07-02,233,1,,在基本面改善中约束公司特有下行风险。,残差下行风险用于避免把高 beta 或尾部脆弱性误当作更强的预期回报。,C:\GoogleDrive\TP\07_backtest_code\runs\ad_hoc\eu_small_factor_extension_20260711,C:\GoogleDrive\TP\09_reports\factor_explorer_sources\eu-small-factor-explorer.html
eu-small,MSCI EUR SMALL,new,新扩展,eu_small_ext_country_growth_confirmation,Country-aware Growth Confirmation,新扩展 · growth,extension_candidate,0.09013542601372837,0.011387756063569343,0.0625027047437714,3.7395637823101784,1.1802269514067754,0.9716394233012426,,2007-04-02,2026-07-02,233,1,,增长信号需要控制 mega-cap 与行业规模暴露。,sector × size 排序用于判断盈利增长是否来自公司信息，而不是指数集中度和巨头领导。,C:\GoogleDrive\TP\07_backtest_code\runs\ad_hoc\eu_small_factor_extension_20260711,C:\GoogleDrive\TP\09_reports\factor_explorer_sources\eu-small-factor-explorer.html
eu-small,MSCI EUR SMALL,new,新扩展,eu_small_ext_capital_efficient_growth_revision,Capital-efficient Growth + Revision,新扩展 · capital_efficiency,extension_candidate,0.08492889817809535,0.006557329642714604,0.05823692067650943,3.4329240089459163,0.9769561588719342,0.9688088091201766,,2007-04-02,2026-07-02,233,4,,增长需要资本生产率和现金转化共同确认。,欧洲行业结构差异很大；资本效率用于区分可自我融资的增长与依赖持续资本投入的扩张。,C:\GoogleDrive\TP\07_backtest_code\runs\ad_hoc\eu_small_factor_extension_20260711,C:\GoogleDrive\TP\09_reports\factor_explorer_sources\eu-small-factor-explorer.html
eu-small,MSCI EUR SMALL,new,新扩展,eu_small_ext_country_value_improvement,Country-aware Earnings-yield Improvement,新扩展 · value_improvement,extension_candidate,0.07806115832776861,0.00018569296324844053,0.03316686497407395,2.259971916910738,0.11395209747778096,0.9727358974757765,,2007-04-02,2026-07-02,233,1,,估值改善在行业和规模同组内比较。,规模中性化减少 mega-cap 长久期估值对横截面排序的干扰。,C:\GoogleDrive\TP\07_backtest_code\runs\ad_hoc\eu_small_factor_extension_20260711,C:\GoogleDrive\TP\09_reports\factor_explorer_sources\eu-small-factor-explorer.html
eu-small,MSCI EUR SMALL,new,新扩展,eu_small_factor_extension_20260711:eu_small_syn_loo_without_revision,新扩展：full model without revision,新扩展 · 组合模型,leave_one_out,0.15772452941588289,0.0740944543315873,0.25177504819942986,100.7660303419092,52.62578888698742,0.992923464547335,0.2819509064093247,2007-04-02,2026-07-02,233,8,pmom|quality_improvement|deleveraging|value_improvement|quality_level|residual_momentum|residual_risk|value_level,只保留通过主题 Gate、并在组合矩阵中保持较高 Robust 的精简 sleeve。,该组合用于升级欧洲小盘核心：质量改善、静态 ROE、现金流估值和去杠杆共同约束融资脆弱性；LOO 用于删除与 PMOM、残差确认重复的独立主题。,C:\GoogleDrive\TP\07_backtest_code\runs\ad_hoc\eu_small_factor_extension_20260711,C:\GoogleDrive\TP\09_reports\factor_explorer_sources\eu-small-factor-explorer.html
eu-small,MSCI EUR SMALL,new,新扩展,eu_small_factor_extension_20260711:eu_small_syn_loo_without_residual_momentum,新扩展：full model without residual_momentum,新扩展 · 组合模型,leave_one_out,0.1592475467817931,0.0755074525077765,0.2431399364304081,96.96396282141464,50.82000196815749,0.994587616840599,0.2652191864577174,2007-04-02,2026-07-02,233,8,revision|pmom|quality_improvement|deleveraging|value_improvement|quality_level|residual_risk|value_level,只保留通过主题 Gate、并在组合矩阵中保持较高 Robust 的精简 sleeve。,该组合用于升级欧洲小盘核心：质量改善、静态 ROE、现金流估值和去杠杆共同约束融资脆弱性；LOO 用于删除与 PMOM、残差确认重复的独立主题。,C:\GoogleDrive\TP\07_backtest_code\runs\ad_hoc\eu_small_factor_extension_20260711,C:\GoogleDrive\TP\09_reports\factor_explorer_sources\eu-small-factor-explorer.html
eu-small,MSCI EUR SMALL,new,新扩展,eu_small_factor_extension_20260711:eu_small_ext_subset_f05fb2faed38,新扩展：quality_improvement + value_improvement + quality_level,新扩展 · 组合模型,family_subset,0.15762160844250594,0.0739989654469688,0.21329568385329,47.55603414985612,26.083204406029253,0.9660870647153056,0.2933859645847549,2007-04-02,2026-07-02,233,3,quality_improvement|value_improvement|quality_level,只保留通过主题 Gate、并在组合矩阵中保持较高 Robust 的精简 sleeve。,该组合用于升级欧洲小盘核心：质量改善、静态 ROE、现金流估值和去杠杆共同约束融资脆弱性；LOO 用于删除与 PMOM、残差确认重复的独立主题。,C:\GoogleDrive\TP\07_backtest_code\runs\ad_hoc\eu_small_factor_extension_20260711,C:\GoogleDrive\TP\09_reports\factor_explorer_sources\eu-small-factor-explorer.html
eu-small,MSCI EUR SMALL,new,新扩展,eu_small_factor_extension_20260711:eu_small_ext_subset_6f93efffce26,新扩展：quality_improvement + quality_level,新扩展 · 组合模型,family_subset,0.15252642081801504,0.0692718367104254,0.21247607766706533,46.232284741651256,25.0864118171442,0.9670435634633032,0.2054612448052117,2007-04-02,2026-07-02,233,2,quality_improvement|quality_level,只保留通过主题 Gate、并在组合矩阵中保持较高 Robust 的精简 sleeve。,该组合用于升级欧洲小盘核心：质量改善、静态 ROE、现金流估值和去杠杆共同约束融资脆弱性；LOO 用于删除与 PMOM、残差确认重复的独立主题。,C:\GoogleDrive\TP\07_backtest_code\runs\ad_hoc\eu_small_factor_extension_20260711,C:\GoogleDrive\TP\09_reports\factor_explorer_sources\eu-small-factor-explorer.html
eu-small,MSCI EUR SMALL,new,新扩展,eu_small_factor_extension_20260711:eu_small_ext_subset_d2bc34379630,新扩展：quality_improvement + deleveraging + quality_level,新扩展 · 组合模型,family_subset,0.15931956585994267,0.0755742708501998,0.18880896770594902,40.67028041290409,22.75141951655869,0.8273714170179013,0.2494583318406819,2007-04-02,2026-07-02,233,3,quality_improvement|deleveraging|quality_level,只保留通过主题 Gate、并在组合矩阵中保持较高 Robust 的精简 sleeve。,该组合用于升级欧洲小盘核心：质量改善、静态 ROE、现金流估值和去杠杆共同约束融资脆弱性；LOO 用于删除与 PMOM、残差确认重复的独立主题。,C:\GoogleDrive\TP\07_backtest_code\runs\ad_hoc\eu_small_factor_extension_20260711,C:\GoogleDrive\TP\09_reports\factor_explorer_sources\eu-small-factor-explorer.html
sp500,SP500,old,旧基线,sp500_syn_subset_08e95a53d5,quality_improvement + deleveraging,旧基线 · 最新核心组合,family_subset,0.2477949908594279,0.07310098124333164,0.14455286736984752,9.925889751445487,6.564291033817125,,0.5639694566270068,2009-07-31,2026-07-31,205,7,quality_improvement|deleveraging,质量改善 + 去杠杆是最稳健的精简 bucket sleeve。,它把经营改善与资本结构修复结合，避免把静态低估值或高增长当作无条件信号。,C:\GoogleDrive\TP\07_backtest_code\runs\ad_hoc\sp500_relative_synergy_20260710,C:\GoogleDrive\TP\09_reports\factor_explorer_sources\sp500-factor-explorer.html
sp500,SP500,old,旧基线,sp500_syn_subset_6d32f9616c,quality_improvement + earnings_yield_improvement + deleveraging,旧基线 · 最新核心组合,family_subset,0.24695758301364723,0.07238081231526983,0.1337179911865749,8.444002426145284,5.788555909769062,,0.6620898797870777,2009-07-31,2026-07-31,205,9,quality_improvement|earnings_yield_improvement|deleveraging,3-bucket subset,全样本证据首先支持盈利能力、资本结构与估值状态的变化；静态 growth / value / quality 只构成候选池，不能因为属于同一 family 就自动获得组合资格。,C:\GoogleDrive\TP\07_backtest_code\runs\ad_hoc\sp500_relative_synergy_20260710,C:\GoogleDrive\TP\09_reports\factor_explorer_sources\sp500-factor-explorer.html
sp500,SP500,old,旧基线,sp500_syn_full_bucket_equal,all selected buckets equal-weight,旧基线 · 最新核心组合,full_model,0.2364816395247642,0.06185611778370115,0.10394687683124193,5.506903486961024,3.639303536193531,,0.5318825182805674,2009-04-30,2026-07-31,208,21,,完整模型提供广泛分散，但没有证明所有 bucket 合在一起会产生乘数效应。,更宽的组合牺牲一部分集中度，换取跨情景的覆盖；LOO 用来识别哪些 bucket 真正支撑全模型。,C:\GoogleDrive\TP\07_backtest_code\runs\ad_hoc\sp500_relative_synergy_20260710,C:\GoogleDrive\TP\09_reports\factor_explorer_sources\sp500-factor-explorer.html
sp500,SP500,old,旧基线,sp500_syn_pair_38d49f1c93b4,Oper Margin directional_delta lag1 + NetDebt to EBITDA exFIN directional_delta lag1,旧基线 · 已证实协同 pair,pair,0.26338158853529237,0.08650542138192763,0.15749270355925904,12.01619531934496,7.864358136593736,,0.8461280878417028,2009-07-31,2026-07-31,205,2,,经营改善与去杠杆是有严格 pair 证据的互补组合。,一条腿捕捉盈利质量在改善，另一条腿排除由杠杆堆出的表面回报；两者共同指向更可持续的企业基本面修复。,C:\GoogleDrive\TP\07_backtest_code\runs\ad_hoc\sp500_relative_synergy_20260710,C:\GoogleDrive\TP\09_reports\factor_explorer_sources\sp500-factor-explorer.html
sp500,SP500,old,旧基线,sp500_reldelta_quality_oper_margin_lag1_score,Oper Margin directional_delta lag1,旧基线 · 通过 gate 的单变量,official candidate,0.2675102495200288,0.09005606085908258,0.13936167409488776,9.187736440794247,6.886513386898592,0.9891400908319607,0.8654765110752893,2009-07-31,2026-07-31,205,1,,利润率改善是全样本中最强的单变量相对状态信号。,同一行业内的利润率改善通常意味着定价、成本控制或经营杠杆兑现；相对变化比单纯的高利润率更接近边际盈利能力的再定价。,C:\GoogleDrive\TP\07_backtest_code\runs\ad_hoc\sp500_relative_synergy_20260710,C:\GoogleDrive\TP\09_reports\factor_explorer_sources\sp500-factor-explorer.html
sp500,SP500,old,旧基线,sp500_reldelta_quality_roe_avg_fy0_lag1_score,ROE avg FY0 directional_delta lag1,旧基线 · 通过 gate 的单变量,official candidate,0.24374668908456654,0.06961945051208485,0.11981004948818863,6.845741465806139,4.873388756360927,0.9537755152967012,0.8395887741171878,2009-07-31,2026-07-31,205,1,,direction-adjusted level change versus lag 1 screen observations,全样本证据首先支持盈利能力、资本结构与估值状态的变化；静态 growth / value / quality 只构成候选池，不能因为属于同一 family 就自动获得组合资格。,C:\GoogleDrive\TP\07_backtest_code\runs\ad_hoc\sp500_relative_synergy_20260710,C:\GoogleDrive\TP\09_reports\factor_explorer_sources\sp500-factor-explorer.html
sp500,SP500,old,旧基线,sp500_syn_subset_b3c0d0fc7d,revision + quality_improvement + deleveraging,旧基线 · 领先 family subset,family_subset,0.23938641497089108,0.0658696242472332,0.12263522006198802,7.145339784694203,4.856934950424421,,0.4545681275157543,2009-07-31,2026-07-31,205,9,revision|quality_improvement|deleveraging,3-bucket subset,全样本证据首先支持盈利能力、资本结构与估值状态的变化；静态 growth / value / quality 只构成候选池，不能因为属于同一 family 就自动获得组合资格。,C:\GoogleDrive\TP\07_backtest_code\runs\ad_hoc\sp500_relative_synergy_20260710,C:\GoogleDrive\TP\09_reports\factor_explorer_sources\sp500-factor-explorer.html
sp500,SP500,old,旧基线,sp500_syn_subset_ee96431827,quality_improvement + deleveraging + value_improvement,旧基线 · 领先 family subset,family_subset,0.2359837700023324,0.06294335696668574,0.12946428995004156,7.921298637312484,4.850301492217029,,0.7356501822165804,2009-07-31,2026-07-31,205,10,quality_improvement|deleveraging|value_improvement,3-bucket subset,全样本证据首先支持盈利能力、资本结构与估值状态的变化；静态 growth / value / quality 只构成候选池，不能因为属于同一 family 就自动获得组合资格。,C:\GoogleDrive\TP\07_backtest_code\runs\ad_hoc\sp500_relative_synergy_20260710,C:\GoogleDrive\TP\09_reports\factor_explorer_sources\sp500-factor-explorer.html
sp500,SP500,old,旧基线,sp500_reldelta_quality_netdebt_to_ebitda_exfin_lag1_score,NetDebt to EBITDA exFIN directional_delta lag1,旧基线 · 通过 gate 的单变量,official candidate,0.2549521765738172,0.07925614540836956,0.11592261945389248,6.452778657216737,4.823578517517519,0.8099815341618006,0.8396303472151273,2009-07-31,2026-07-31,205,1,,direction-adjusted level change versus lag 1 screen observations,全样本证据首先支持盈利能力、资本结构与估值状态的变化；静态 growth / value / quality 只构成候选池，不能因为属于同一 family 就自动获得组合资格。,C:\GoogleDrive\TP\07_backtest_code\runs\ad_hoc\sp500_relative_synergy_20260710,C:\GoogleDrive\TP\09_reports\factor_explorer_sources\sp500-factor-explorer.html
sp500,SP500,old,旧基线,sp500_syn_subset_27b784f1d4,growth + quality_improvement + deleveraging,旧基线 · 领先 family subset,family_subset,0.23586900012463952,0.06284465512121296,0.11991998834820383,6.857175511305299,4.398372567340738,,0.3914563849420294,2009-07-31,2026-07-31,205,10,growth|quality_improvement|deleveraging,3-bucket subset,全样本证据首先支持盈利能力、资本结构与估值状态的变化；静态 growth / value / quality 只构成候选池，不能因为属于同一 family 就自动获得组合资格。,C:\GoogleDrive\TP\07_backtest_code\runs\ad_hoc\sp500_relative_synergy_20260710,C:\GoogleDrive\TP\09_reports\factor_explorer_sources\sp500-factor-explorer.html
sp500,SP500,old,旧基线,sp500_syn_subset_9ddbd3a47c,quality_improvement + deleveraging + risk_decline,旧基线 · 领先 family subset,family_subset,0.23211751198113273,0.05961838346808901,0.11614125160074917,6.4743034482501685,4.237033314783142,,0.7435211124641523,2009-07-31,2026-07-31,205,8,quality_improvement|deleveraging|risk_decline,3-bucket subset,全样本证据首先支持盈利能力、资本结构与估值状态的变化；静态 growth / value / quality 只构成候选池，不能因为属于同一 family 就自动获得组合资格。,C:\GoogleDrive\TP\07_backtest_code\runs\ad_hoc\sp500_relative_synergy_20260710,C:\GoogleDrive\TP\09_reports\factor_explorer_sources\sp500-factor-explorer.html
sp500,SP500,old,旧基线,sp500_syn_loo_without_earnings_yield_improvement,full model without earnings_yield_improvement,旧基线 · 最新 leave-one-out,leave_one_out,0.23686865164662785,0.0621884730537845,0.10332759702982153,5.453853291277502,3.673537444442762,,0.5220845730749377,2009-04-30,2026-07-31,208,19,,leave one bucket out: earnings_yield_improvement,全样本证据首先支持盈利能力、资本结构与估值状态的变化；静态 growth / value / quality 只构成候选池，不能因为属于同一 family 就自动获得组合资格。,C:\GoogleDrive\TP\07_backtest_code\runs\ad_hoc\sp500_relative_synergy_20260710,C:\GoogleDrive\TP\09_reports\factor_explorer_sources\sp500-factor-explorer.html
sp500,SP500,old,旧基线,sp500_syn_loo_without_growth,full model without growth,旧基线 · 最新 leave-one-out,leave_one_out,0.22859243602574142,0.05508108875609863,0.10971796928064537,6.025204957695074,3.6098964046428303,,0.5776498307149475,2009-04-30,2026-07-31,208,18,,leave one bucket out: growth,全样本证据首先支持盈利能力、资本结构与估值状态的变化；静态 growth / value / quality 只构成候选池，不能因为属于同一 family 就自动获得组合资格。,C:\GoogleDrive\TP\07_backtest_code\runs\ad_hoc\sp500_relative_synergy_20260710,C:\GoogleDrive\TP\09_reports\factor_explorer_sources\sp500-factor-explorer.html
sp500,SP500,old,旧基线,sp500_syn_loo_without_dividend_growth,full model without dividend_growth,旧基线 · 最新 leave-one-out,leave_one_out,0.23077163742743512,0.05695252644373028,0.09966806496934977,5.1500595269647835,3.3721396857611983,,0.550562097443515,2009-04-30,2026-07-31,208,20,,leave one bucket out: dividend_growth,全样本证据首先支持盈利能力、资本结构与估值状态的变化；静态 growth / value / quality 只构成候选池，不能因为属于同一 family 就自动获得组合资格。,C:\GoogleDrive\TP\07_backtest_code\runs\ad_hoc\sp500_relative_synergy_20260710,C:\GoogleDrive\TP\09_reports\factor_explorer_sources\sp500-factor-explorer.html
sp500,SP500,old,旧基线,sp500_syn_subset_cdefeb1ebb,quality_improvement + earnings_yield_improvement + value_improvement,旧基线 · 领先 family subset,family_subset,0.22923039643593168,0.05713547037161604,0.10268094980834563,5.267672457984684,3.363290940861475,,0.7646899169821072,2009-07-31,2026-07-31,205,9,quality_improvement|earnings_yield_improvement|value_improvement,3-bucket subset,全样本证据首先支持盈利能力、资本结构与估值状态的变化；静态 growth / value / quality 只构成候选池，不能因为属于同一 family 就自动获得组合资格。,C:\GoogleDrive\TP\07_backtest_code\runs\ad_hoc\sp500_relative_synergy_20260710,C:\GoogleDrive\TP\09_reports\factor_explorer_sources\sp500-factor-explorer.html
sp500,SP500,old,旧基线,sp500_syn_loo_without_revision,full model without revision,旧基线 · 最新 leave-one-out,leave_one_out,0.22871546746921934,0.05518674474544838,0.10120217845066093,5.275419082173034,3.341149158911428,,0.5774267072475532,2009-04-30,2026-07-31,208,19,,leave one bucket out: revision,全样本证据首先支持盈利能力、资本结构与估值状态的变化；静态 growth / value / quality 只构成候选池，不能因为属于同一 family 就自动获得组合资格。,C:\GoogleDrive\TP\07_backtest_code\runs\ad_hoc\sp500_relative_synergy_20260710,C:\GoogleDrive\TP\09_reports\factor_explorer_sources\sp500-factor-explorer.html
sp500,SP500,old,旧基线,sp500_reldelta_quality_gross_margin_lag1_score,Gross Margin directional_delta lag1,旧基线 · 通过 gate 的单变量,official candidate,0.24397975661392102,0.06981988808097905,0.08283187891455346,3.868244406196213,3.2407639655446,0.8648400459150571,0.8318069191906801,2009-07-31,2026-07-31,205,1,,direction-adjusted level change versus lag 1 screen observations,全样本证据首先支持盈利能力、资本结构与估值状态的变化；静态 growth / value / quality 只构成候选池，不能因为属于同一 family 就自动获得组合资格。,C:\GoogleDrive\TP\07_backtest_code\runs\ad_hoc\sp500_relative_synergy_20260710,C:\GoogleDrive\TP\09_reports\factor_explorer_sources\sp500-factor-explorer.html
sp500,SP500,old,旧基线,sp500_syn_subset_80578e9e0e,value_level + quality_improvement + deleveraging,旧基线 · 领先 family subset,family_subset,0.23782428530674582,0.06452619612987154,0.09088288548672385,4.387350422562824,3.1262171633864426,,0.3909196547533286,2009-07-31,2026-07-31,205,8,value_level|quality_improvement|deleveraging,3-bucket subset,全样本证据首先支持盈利能力、资本结构与估值状态的变化；静态 growth / value / quality 只构成候选池，不能因为属于同一 family 就自动获得组合资格。,C:\GoogleDrive\TP\07_backtest_code\runs\ad_hoc\sp500_relative_synergy_20260710,C:\GoogleDrive\TP\09_reports\factor_explorer_sources\sp500-factor-explorer.html
sp500,SP500,old,旧基线,sp500_syn_loo_without_quality_level,full model without quality_level,旧基线 · 最新 leave-one-out,leave_one_out,0.23017226239774158,0.05643779980179531,0.0981037113610792,5.025122256195982,3.116230460925105,,0.5450446363120305,2009-04-30,2026-07-31,208,20,,leave one bucket out: quality_level,全样本证据首先支持盈利能力、资本结构与估值状态的变化；静态 growth / value / quality 只构成候选池，不能因为属于同一 family 就自动获得组合资格。,C:\GoogleDrive\TP\07_backtest_code\runs\ad_hoc\sp500_relative_synergy_20260710,C:\GoogleDrive\TP\09_reports\factor_explorer_sources\sp500-factor-explorer.html
sp500,SP500,old,旧基线,sp500_syn_subset_e797b03b9e,quality_improvement + value_improvement,旧基线 · 领先 family subset,family_subset,0.2270216083963048,0.05523591745623735,0.10025091748243375,5.073774600409772,3.044408033761359,,0.7928336865110672,2009-07-31,2026-07-31,205,7,quality_improvement|value_improvement,2-bucket subset,全样本证据首先支持盈利能力、资本结构与估值状态的变化；静态 growth / value / quality 只构成候选池，不能因为属于同一 family 就自动获得组合资格。,C:\GoogleDrive\TP\07_backtest_code\runs\ad_hoc\sp500_relative_synergy_20260710,C:\GoogleDrive\TP\09_reports\factor_explorer_sources\sp500-factor-explorer.html
sp500,SP500,old,旧基线,sp500_syn_subset_9b8021eb58,growth + quality_improvement + value_improvement,旧基线 · 领先 family subset,family_subset,0.2277098958837911,0.05582784320013712,0.09919295219142166,4.991473656253721,3.037059774609725,,0.635675555292211,2009-07-31,2026-07-31,205,10,growth|quality_improvement|value_improvement,3-bucket subset,全样本证据首先支持盈利能力、资本结构与估值状态的变化；静态 growth / value / quality 只构成候选池，不能因为属于同一 family 就自动获得组合资格。,C:\GoogleDrive\TP\07_backtest_code\runs\ad_hoc\sp500_relative_synergy_20260710,C:\GoogleDrive\TP\09_reports\factor_explorer_sources\sp500-factor-explorer.html
sp500,SP500,old,旧基线,sp500_syn_subset_e5c1a446e9,revision + quality_improvement + value_improvement,旧基线 · 领先 family subset,family_subset,0.22388030787304913,0.05253440583086677,0.09741242521927074,4.85579351694829,2.9763809327638766,,0.6495150249907563,2009-07-31,2026-07-31,205,9,revision|quality_improvement|value_improvement,3-bucket subset,全样本证据首先支持盈利能力、资本结构与估值状态的变化；静态 growth / value / quality 只构成候选池，不能因为属于同一 family 就自动获得组合资格。,C:\GoogleDrive\TP\07_backtest_code\runs\ad_hoc\sp500_relative_synergy_20260710,C:\GoogleDrive\TP\09_reports\factor_explorer_sources\sp500-factor-explorer.html
sp500,SP500,old,旧基线,sp500_syn_subset_32764adaa1,quality_level + quality_improvement + deleveraging,旧基线 · 领先 family subset,family_subset,0.218424977691704,0.04784283372688214,0.09923900267735997,4.995029691510678,2.9480929135473666,,0.3840094425090298,2009-07-31,2026-07-31,205,8,quality_level|quality_improvement|deleveraging,3-bucket subset,全样本证据首先支持盈利能力、资本结构与估值状态的变化；静态 growth / value / quality 只构成候选池，不能因为属于同一 family 就自动获得组合资格。,C:\GoogleDrive\TP\07_backtest_code\runs\ad_hoc\sp500_relative_synergy_20260710,C:\GoogleDrive\TP\09_reports\factor_explorer_sources\sp500-factor-explorer.html
sp500,SP500,old,旧基线,sp500_syn_subset_63b970fc78,quality_improvement + earnings_yield_improvement,旧基线 · 领先 family subset,family_subset,0.22279552226889776,0.05160149256804636,0.09617207340785128,4.763335542473978,2.9270809535743467,,0.7209601148384076,2009-07-31,2026-07-31,205,6,quality_improvement|earnings_yield_improvement,2-bucket subset,全样本证据首先支持盈利能力、资本结构与估值状态的变化；静态 growth / value / quality 只构成候选池，不能因为属于同一 family 就自动获得组合资格。,C:\GoogleDrive\TP\07_backtest_code\runs\ad_hoc\sp500_relative_synergy_20260710,C:\GoogleDrive\TP\09_reports\factor_explorer_sources\sp500-factor-explorer.html
sp500,SP500,old,旧基线,sp500_syn_loo_without_risk_decline,full model without risk_decline,旧基线 · 最新 leave-one-out,leave_one_out,0.22112202398098102,0.048665706207318804,0.09825442981225452,5.037033945911244,2.8528661073076083,,0.4869620058790686,2009-04-30,2026-07-31,208,20,,leave one bucket out: risk_decline,全样本证据首先支持盈利能力、资本结构与估值状态的变化；静态 growth / value / quality 只构成候选池，不能因为属于同一 family 就自动获得组合资格。,C:\GoogleDrive\TP\07_backtest_code\runs\ad_hoc\sp500_relative_synergy_20260710,C:\GoogleDrive\TP\09_reports\factor_explorer_sources\sp500-factor-explorer.html
sp500,SP500,old,旧基线,sp500_syn_subset_6983056933,quality_improvement + deleveraging + dividend_growth,旧基线 · 领先 family subset,family_subset,0.22416407269155858,0.052778442958291816,0.09562739216690974,4.723259867916999,2.8510777943145102,,0.3825083982014049,2009-07-31,2026-07-31,205,8,quality_improvement|deleveraging|dividend_growth,3-bucket subset,全样本证据首先支持盈利能力、资本结构与估值状态的变化；静态 growth / value / quality 只构成候选池，不能因为属于同一 family 就自动获得组合资格。,C:\GoogleDrive\TP\07_backtest_code\runs\ad_hoc\sp500_relative_synergy_20260710,C:\GoogleDrive\TP\09_reports\factor_explorer_sources\sp500-factor-explorer.html
sp500,SP500,old,旧基线,sp500_syn_loo_without_value_level,full model without value_level,旧基线 · 最新 leave-one-out,leave_one_out,0.22465440352196087,0.051699215728224335,0.0930058997518215,4.637506097963877,2.774815256663239,,0.5189077083221245,2009-04-30,2026-07-31,208,20,,leave one bucket out: value_level,全样本证据首先支持盈利能力、资本结构与估值状态的变化；静态 growth / value / quality 只构成候选池，不能因为属于同一 family 就自动获得组合资格。,C:\GoogleDrive\TP\07_backtest_code\runs\ad_hoc\sp500_relative_synergy_20260710,C:\GoogleDrive\TP\09_reports\factor_explorer_sources\sp500-factor-explorer.html
sp500,SP500,old,旧基线,sp500_syn_loo_without_deleveraging,full model without deleveraging,旧基线 · 最新 leave-one-out,leave_one_out,0.22444974434071585,0.051523460102973706,0.09126799951772901,4.511930808853284,2.722797396946024,,0.5345870652454141,2009-04-30,2026-07-31,208,18,,leave one bucket out: deleveraging,全样本证据首先支持盈利能力、资本结构与估值状态的变化；静态 growth / value / quality 只构成候选池，不能因为属于同一 family 就自动获得组合资格。,C:\GoogleDrive\TP\07_backtest_code\runs\ad_hoc\sp500_relative_synergy_20260710,C:\GoogleDrive\TP\09_reports\factor_explorer_sources\sp500-factor-explorer.html
sp500,SP500,old,旧基线,sp500_syn_subset_974828f354,revision + quality_improvement + risk_decline,旧基线 · 领先 family subset,family_subset,0.2220630255064795,0.050971546943751944,0.08888389453420698,4.252667717766923,2.707495534290677,,0.6554756742336554,2009-07-31,2026-07-31,205,7,revision|quality_improvement|risk_decline,3-bucket subset,全样本证据首先支持盈利能力、资本结构与估值状态的变化；静态 growth / value / quality 只构成候选池，不能因为属于同一 family 就自动获得组合资格。,C:\GoogleDrive\TP\07_backtest_code\runs\ad_hoc\sp500_relative_synergy_20260710,C:\GoogleDrive\TP\09_reports\factor_explorer_sources\sp500-factor-explorer.html
sp500,SP500,old,旧基线,sp500_reldelta_quality_cont_op_earning_margin_lag1_score,Cont Op Earning Margin directional_delta lag1,旧基线 · 通过 gate 的单变量,official candidate,0.22573366255152805,0.054128286827854755,0.08773416726055161,4.176977163051298,2.689553238693809,0.8658381993312372,0.8348450632335315,2009-07-31,2026-07-31,205,1,,direction-adjusted level change versus lag 1 screen observations,全样本证据首先支持盈利能力、资本结构与估值状态的变化；静态 growth / value / quality 只构成候选池，不能因为属于同一 family 就自动获得组合资格。,C:\GoogleDrive\TP\07_backtest_code\runs\ad_hoc\sp500_relative_synergy_20260710,C:\GoogleDrive\TP\09_reports\factor_explorer_sources\sp500-factor-explorer.html
sp500,SP500,old,旧基线,sp500_syn_subset_693104f7b4,revision + quality_improvement,旧基线 · 领先 family subset,family_subset,0.2243406821667926,0.052930326723300336,0.0866916424570352,4.1094419075007504,2.66083152996647,,0.4586218193159503,2009-07-31,2026-07-31,205,6,revision|quality_improvement,2-bucket subset,全样本证据首先支持盈利能力、资本结构与估值状态的变化；静态 growth / value / quality 只构成候选池，不能因为属于同一 family 就自动获得组合资格。,C:\GoogleDrive\TP\07_backtest_code\runs\ad_hoc\sp500_relative_synergy_20260710,C:\GoogleDrive\TP\09_reports\factor_explorer_sources\sp500-factor-explorer.html
sp500,SP500,old,旧基线,sp500_syn_loo_without_quality_improvement,full model without quality_improvement,旧基线 · 最新 leave-one-out,leave_one_out,0.2245486199296154,0.05160837171477328,0.0892317594810299,4.368874475239252,2.615414768817604,,0.5381250547071298,2009-04-30,2026-07-31,208,17,,leave one bucket out: quality_improvement,全样本证据首先支持盈利能力、资本结构与估值状态的变化；静态 growth / value / quality 只构成候选池，不能因为属于同一 family 就自动获得组合资格。,C:\GoogleDrive\TP\07_backtest_code\runs\ad_hoc\sp500_relative_synergy_20260710,C:\GoogleDrive\TP\09_reports\factor_explorer_sources\sp500-factor-explorer.html
sp500,SP500,old,旧基线,sp500_syn_loo_without_value_improvement,full model without value_improvement,旧基线 · 最新 leave-one-out,leave_one_out,0.2256411161284957,0.05254657713194577,0.08944788493086242,4.383853198023033,2.555675705562479,,0.4854739325048442,2009-04-30,2026-07-31,208,18,,leave one bucket out: value_improvement,全样本证据首先支持盈利能力、资本结构与估值状态的变化；静态 growth / value / quality 只构成候选池，不能因为属于同一 family 就自动获得组合资格。,C:\GoogleDrive\TP\07_backtest_code\runs\ad_hoc\sp500_relative_synergy_20260710,C:\GoogleDrive\TP\09_reports\factor_explorer_sources\sp500-factor-explorer.html
sp500,SP500,old,旧基线,sp500_syn_subset_80e5ee3500,earnings_yield_improvement + deleveraging + value_improvement,旧基线 · 领先 family subset,family_subset,0.2178366630685391,0.047336884429102666,0.08545880150443508,4.030904234485314,2.475790214450648,,0.7402344876904179,2009-07-31,2026-07-31,205,8,earnings_yield_improvement|deleveraging|value_improvement,3-bucket subset,全样本证据首先支持盈利能力、资本结构与估值状态的变化；静态 growth / value / quality 只构成候选池，不能因为属于同一 family 就自动获得组合资格。,C:\GoogleDrive\TP\07_backtest_code\runs\ad_hoc\sp500_relative_synergy_20260710,C:\GoogleDrive\TP\09_reports\factor_explorer_sources\sp500-factor-explorer.html
sp500,SP500,old,旧基线,sp500_syn_subset_0a017d4ef0,quality_level + quality_improvement + risk_decline,旧基线 · 领先 family subset,family_subset,0.2197284485316935,0.04896381581741882,0.0805663479466534,3.7329434946466264,2.4263091445020075,,0.6203212577382827,2009-07-31,2026-07-31,205,6,quality_level|quality_improvement|risk_decline,3-bucket subset,全样本证据首先支持盈利能力、资本结构与估值状态的变化；静态 growth / value / quality 只构成候选池，不能因为属于同一 family 就自动获得组合资格。,C:\GoogleDrive\TP\07_backtest_code\runs\ad_hoc\sp500_relative_synergy_20260710,C:\GoogleDrive\TP\09_reports\factor_explorer_sources\sp500-factor-explorer.html
sp500,SP500,old,旧基线,sp500_syn_subset_a14f7a807e,growth + quality_improvement + risk_decline,旧基线 · 领先 family subset,family_subset,0.21843238366134643,0.04784920284468486,0.08369172544820813,3.9207936187509205,2.3784391852989017,,0.6426656599238685,2009-07-31,2026-07-31,205,8,growth|quality_improvement|risk_decline,3-bucket subset,全样本证据首先支持盈利能力、资本结构与估值状态的变化；静态 growth / value / quality 只构成候选池，不能因为属于同一 family 就自动获得组合资格。,C:\GoogleDrive\TP\07_backtest_code\runs\ad_hoc\sp500_relative_synergy_20260710,C:\GoogleDrive\TP\09_reports\factor_explorer_sources\sp500-factor-explorer.html
sp500,SP500,old,旧基线,sp500_syn_pair_6008f825ce17,Earns Yield NTM directional_delta lag1 + EV To EBITDA NTM directional_delta lag1,旧基线 · 已证实协同 pair,pair,0.21381415487047506,0.043877536117863825,0.06874080356816226,3.096070772058823,1.9093795158987148,,0.7289197001994667,2009-07-31,2026-07-31,205,2,,earnings_yield_improvement + value_improvement,全样本证据首先支持盈利能力、资本结构与估值状态的变化；静态 growth / value / quality 只构成候选池，不能因为属于同一 family 就自动获得组合资格。,C:\GoogleDrive\TP\07_backtest_code\runs\ad_hoc\sp500_relative_synergy_20260710,C:\GoogleDrive\TP\09_reports\factor_explorer_sources\sp500-factor-explorer.html
sp500,SP500,old,旧基线,sp500_syn_pair_e8a3e3ce4cc2,growth: EPS Growth NTM + Net Debt to Tot Equity score_delta lag3,旧基线 · 已证实协同 pair,pair,0.20820133531534157,0.041434352353422854,0.07738765131437897,3.419746150267925,1.799274650608654,,0.3407211816499753,2010-01-31,2026-07-31,199,2,,growth + deleveraging,全样本证据首先支持盈利能力、资本结构与估值状态的变化；静态 growth / value / quality 只构成候选池，不能因为属于同一 family 就自动获得组合资格。,C:\GoogleDrive\TP\07_backtest_code\runs\ad_hoc\sp500_relative_synergy_20260710,C:\GoogleDrive\TP\09_reports\factor_explorer_sources\sp500-factor-explorer.html
sp500,SP500,old,旧基线,sp500_syn_pair_12030a2418d0,momentum: EPS Revision Ratio + EV To EBITDA NTM directional_delta lag1,旧基线 · 已证实协同 pair,pair,0.210420463611108,0.04095896900776874,0.06847550000788205,3.083031577027647,1.714791872863953,,0.6203757091979374,2009-07-31,2026-07-31,205,2,,revision + value_improvement,全样本证据首先支持盈利能力、资本结构与估值状态的变化；静态 growth / value / quality 只构成候选池，不能因为属于同一 family 就自动获得组合资格。,C:\GoogleDrive\TP\07_backtest_code\runs\ad_hoc\sp500_relative_synergy_20260710,C:\GoogleDrive\TP\09_reports\factor_explorer_sources\sp500-factor-explorer.html
sp500,SP500,old,旧基线,sp500_syn_pair_e5ebe217f186,Earns Yield NTM directional_delta lag1 + EV To EBITDA FY1 directional_delta lag1,旧基线 · 已证实协同 pair,pair,0.2095354964396432,0.04019789916294347,0.06502947624239952,2.918293329408261,1.66693985160217,,0.744055832991692,2009-07-31,2026-07-31,205,2,,earnings_yield_improvement + value_improvement,全样本证据首先支持盈利能力、资本结构与估值状态的变化；静态 growth / value / quality 只构成候选池，不能因为属于同一 family 就自动获得组合资格。,C:\GoogleDrive\TP\07_backtest_code\runs\ad_hoc\sp500_relative_synergy_20260710,C:\GoogleDrive\TP\09_reports\factor_explorer_sources\sp500-factor-explorer.html
sp500,SP500,old,旧基线,sp500_syn_pair_ff7363c4272c,growth: EPS Growth FY1 + Net Debt to Tot Equity score_delta lag3,旧基线 · 已证实协同 pair,pair,0.2071065845925102,0.0404907091238591,0.06612352115814168,2.875414421614375,1.5900055828833422,,0.3549624504206929,2010-01-31,2026-07-31,199,2,,growth + deleveraging,全样本证据首先支持盈利能力、资本结构与估值状态的变化；静态 growth / value / quality 只构成候选池，不能因为属于同一 family 就自动获得组合资格。,C:\GoogleDrive\TP\07_backtest_code\runs\ad_hoc\sp500_relative_synergy_20260710,C:\GoogleDrive\TP\09_reports\factor_explorer_sources\sp500-factor-explorer.html
sp500,SP500,old,旧基线,sp500_syn_pair_1f545872caf8,Net Debt to Tot Equity score_delta lag3 + Daily Vol 60J directional_delta lag1,旧基线 · 已证实协同 pair,pair,0.2054576257729941,0.03906935466077033,0.06320154570979764,2.7481407744358064,1.5438341681374037,,0.6836778626353663,2010-01-31,2026-07-31,199,2,,deleveraging + risk_decline,全样本证据首先支持盈利能力、资本结构与估值状态的变化；静态 growth / value / quality 只构成候选池，不能因为属于同一 family 就自动获得组合资格。,C:\GoogleDrive\TP\07_backtest_code\runs\ad_hoc\sp500_relative_synergy_20260710,C:\GoogleDrive\TP\09_reports\factor_explorer_sources\sp500-factor-explorer.html
sp500,SP500,old,旧基线,sp500_syn_pair_a7bb82e9143d,momentum: EPS Revision Ratio + EV To EBITDA FY1 directional_delta lag1,旧基线 · 已证实协同 pair,pair,0.20593219726250123,0.0370990696989455,0.06481864805646542,2.90848850499877,1.532178927351671,,0.625992317491473,2009-07-31,2026-07-31,205,2,,revision + value_improvement,全样本证据首先支持盈利能力、资本结构与估值状态的变化；静态 growth / value / quality 只构成候选池，不能因为属于同一 family 就自动获得组合资格。,C:\GoogleDrive\TP\07_backtest_code\runs\ad_hoc\sp500_relative_synergy_20260710,C:\GoogleDrive\TP\09_reports\factor_explorer_sources\sp500-factor-explorer.html
sp500,SP500,old,旧基线,sp500_syn_pair_35554006e6c9,quality: NetDebt to EBITDA exFIN + Daily Vol 60J directional_delta lag1,旧基线 · 已证实协同 pair,pair,0.20848299269221093,0.03929274822676776,0.06073225123307435,2.7244611896374957,1.5027191776846531,,0.5729749652531609,2009-07-31,2026-07-31,205,2,,deleveraging + risk_decline,全样本证据首先支持盈利能力、资本结构与估值状态的变化；静态 growth / value / quality 只构成候选池，不能因为属于同一 family 就自动获得组合资格。,C:\GoogleDrive\TP\07_backtest_code\runs\ad_hoc\sp500_relative_synergy_20260710,C:\GoogleDrive\TP\09_reports\factor_explorer_sources\sp500-factor-explorer.html
sp500,SP500,old,旧基线,sp500_syn_pair_9e0fda484804,Net Debt to Tot Equity score_delta lag3 + EV To EBITDA FY1 directional_delta lag1,旧基线 · 已证实协同 pair,pair,0.2041569806582273,0.037948236463706486,0.06701102121269376,2.9151547477474296,1.472459884815397,,0.6409005157680937,2010-01-31,2026-07-31,199,2,,deleveraging + value_improvement,全样本证据首先支持盈利能力、资本结构与估值状态的变化；静态 growth / value / quality 只构成候选池，不能因为属于同一 family 就自动获得组合资格。,C:\GoogleDrive\TP\07_backtest_code\runs\ad_hoc\sp500_relative_synergy_20260710,C:\GoogleDrive\TP\09_reports\factor_explorer_sources\sp500-factor-explorer.html
sp500,SP500,old,旧基线,sp500_syn_pair_aaf30c02c2d6,Net Debt to Tot Equity score_delta lag3 + EV To EBITDA NTM directional_delta lag1,旧基线 · 已证实协同 pair,pair,0.2033639300392207,0.03726464993417089,0.06453512737137346,2.8055571000034423,1.3854043794495376,,0.6415175129503156,2010-01-31,2026-07-31,199,2,,deleveraging + value_improvement,全样本证据首先支持盈利能力、资本结构与估值状态的变化；静态 growth / value / quality 只构成候选池，不能因为属于同一 family 就自动获得组合资格。,C:\GoogleDrive\TP\07_backtest_code\runs\ad_hoc\sp500_relative_synergy_20260710,C:\GoogleDrive\TP\09_reports\factor_explorer_sources\sp500-factor-explorer.html
sp500,SP500,old,旧基线,sp500_syn_pair_c55856038742,Earns Yield NTM directional_delta lag1 + Net Debt to Tot Equity score_delta lag3,旧基线 · 已证实协同 pair,pair,0.19960599932914858,0.03402542314237822,0.06699342033981392,2.914361628959276,1.3831176265148155,,0.6163946927267036,2010-01-31,2026-07-31,199,2,,earnings_yield_improvement + deleveraging,全样本证据首先支持盈利能力、资本结构与估值状态的变化；静态 growth / value / quality 只构成候选池，不能因为属于同一 family 就自动获得组合资格。,C:\GoogleDrive\TP\07_backtest_code\runs\ad_hoc\sp500_relative_synergy_20260710,C:\GoogleDrive\TP\09_reports\factor_explorer_sources\sp500-factor-explorer.html
sp500,SP500,old,旧基线,sp500_syn_pair_3b3ad80622f2,Earns Yield NTM directional_delta lag1 + quality: NetDebt to EBITDA exFIN,旧基线 · 已证实协同 pair,pair,0.20277536691494524,0.034384202458416,0.05783658317697116,2.600753448514915,1.3660582788878508,,0.5035685026206467,2009-07-31,2026-07-31,205,2,,earnings_yield_improvement + deleveraging,全样本证据首先支持盈利能力、资本结构与估值状态的变化；静态 growth / value / quality 只构成候选池，不能因为属于同一 family 就自动获得组合资格。,C:\GoogleDrive\TP\07_backtest_code\runs\ad_hoc\sp500_relative_synergy_20260710,C:\GoogleDrive\TP\09_reports\factor_explorer_sources\sp500-factor-explorer.html
sp500,SP500,old,旧基线,sp500_syn_pair_0541907f1cfb,momentum: EPS NTM 3M Growth + EV To EBITDA NTM directional_delta lag1,旧基线 · 已证实协同 pair,pair,0.20623891012037832,0.03736284209037111,0.056110240784168486,2.5295372989249194,1.3255461597341671,,0.6165815702083246,2009-07-31,2026-07-31,205,2,,revision + value_improvement,全样本证据首先支持盈利能力、资本结构与估值状态的变化；静态 growth / value / quality 只构成候选池，不能因为属于同一 family 就自动获得组合资格。,C:\GoogleDrive\TP\07_backtest_code\runs\ad_hoc\sp500_relative_synergy_20260710,C:\GoogleDrive\TP\09_reports\factor_explorer_sources\sp500-factor-explorer.html
sp500,SP500,old,旧基线,sp500_syn_pair_af8697cd9cf2,growth: EPS Growth NTM + EV To EBITDA NTM directional_delta lag1,旧基线 · 已证实协同 pair,pair,0.20392325848498882,0.03537138671480289,0.061837444932974384,2.773120761794835,1.2722166228993577,,0.5813758268330599,2009-07-31,2026-07-31,205,2,,growth + value_improvement,全样本证据首先支持盈利能力、资本结构与估值状态的变化；静态 growth / value / quality 只构成候选池，不能因为属于同一 family 就自动获得组合资格。,C:\GoogleDrive\TP\07_backtest_code\runs\ad_hoc\sp500_relative_synergy_20260710,C:\GoogleDrive\TP\09_reports\factor_explorer_sources\sp500-factor-explorer.html
sp500,SP500,old,旧基线,sp500_syn_pair_c935959dc50f,quality: NetDebt to EBITDA exFIN + EV To EBITDA FY1 directional_delta lag1,旧基线 · 已证实协同 pair,pair,0.1998235879343293,0.03184567894797086,0.06272924405390712,2.812980049272982,1.192645429556495,,0.6008310380903074,2009-07-31,2026-07-31,205,2,,deleveraging + value_improvement,全样本证据首先支持盈利能力、资本结构与估值状态的变化；静态 growth / value / quality 只构成候选池，不能因为属于同一 family 就自动获得组合资格。,C:\GoogleDrive\TP\07_backtest_code\runs\ad_hoc\sp500_relative_synergy_20260710,C:\GoogleDrive\TP\09_reports\factor_explorer_sources\sp500-factor-explorer.html
sp500,SP500,old,旧基线,sp500_syn_pair_8ccf3386d7aa,growth: EPS Growth FY1 + EV To EBITDA NTM directional_delta lag1,旧基线 · 已证实协同 pair,pair,0.1999460664983832,0.03195101024696645,0.05993066145697279,2.6896727458046663,1.1698803868618346,,0.5867059131181841,2009-07-31,2026-07-31,205,2,,growth + value_improvement,全样本证据首先支持盈利能力、资本结构与估值状态的变化；静态 growth / value / quality 只构成候选池，不能因为属于同一 family 就自动获得组合资格。,C:\GoogleDrive\TP\07_backtest_code\runs\ad_hoc\sp500_relative_synergy_20260710,C:\GoogleDrive\TP\09_reports\factor_explorer_sources\sp500-factor-explorer.html
sp500,SP500,old,旧基线,sp500_syn_pair_a22bf616e1b1,quality: NetDebt to EBITDA exFIN + EV To EBITDA NTM directional_delta lag1,旧基线 · 已证实协同 pair,pair,0.2003812946350645,0.03232530549895807,0.06503162077234981,2.918393223053551,1.161052804744553,,0.5907624807410572,2009-07-31,2026-07-31,205,2,,deleveraging + value_improvement,全样本证据首先支持盈利能力、资本结构与估值状态的变化；静态 growth / value / quality 只构成候选池，不能因为属于同一 family 就自动获得组合资格。,C:\GoogleDrive\TP\07_backtest_code\runs\ad_hoc\sp500_relative_synergy_20260710,C:\GoogleDrive\TP\09_reports\factor_explorer_sources\sp500-factor-explorer.html
sp500,SP500,old,旧基线,sp500_syn_pair_137c2bcd2f4c,Earns Yield NTM directional_delta lag1 + PE NTM directional_delta lag1,旧基线 · 已证实协同 pair,pair,0.20175452263513693,0.03350627859561506,0.05142335757031269,2.3453337128571956,1.0941384636867215,,0.7562351939567006,2009-07-31,2026-07-31,205,2,,earnings_yield_improvement + value_improvement,全样本证据首先支持盈利能力、资本结构与估值状态的变化；静态 growth / value / quality 只构成候选池，不能因为属于同一 family 就自动获得组合资格。,C:\GoogleDrive\TP\07_backtest_code\runs\ad_hoc\sp500_relative_synergy_20260710,C:\GoogleDrive\TP\09_reports\factor_explorer_sources\sp500-factor-explorer.html
sp500,SP500,old,旧基线,sp500_syn_pair_7e22529a80d0,growth: EPS Growth NTM + Daily Vol 60J directional_delta lag1,旧基线 · 已证实协同 pair,pair,0.19996555283173012,0.031967768451309775,0.05146699219444906,2.346988849629838,1.093911670212024,,0.6162201978682834,2009-07-31,2026-07-31,205,2,,growth + risk_decline,全样本证据首先支持盈利能力、资本结构与估值状态的变化；静态 growth / value / quality 只构成候选池，不能因为属于同一 family 就自动获得组合资格。,C:\GoogleDrive\TP\07_backtest_code\runs\ad_hoc\sp500_relative_synergy_20260710,C:\GoogleDrive\TP\09_reports\factor_explorer_sources\sp500-factor-explorer.html
sp500,SP500,old,旧基线,sp500_syn_pair_44e158effc8b,Earns Yield FY1 directional_delta lag1 + quality: NetDebt to EBITDA exFIN,旧基线 · 已证实协同 pair,pair,0.19876405864261515,0.030934486058975974,0.05189162835597805,2.3631535411858193,1.0856754468892822,,0.5506111157929372,2009-07-31,2026-07-31,205,2,,earnings_yield_improvement + deleveraging,全样本证据首先支持盈利能力、资本结构与估值状态的变化；静态 growth / value / quality 只构成候选池，不能因为属于同一 family 就自动获得组合资格。,C:\GoogleDrive\TP\07_backtest_code\runs\ad_hoc\sp500_relative_synergy_20260710,C:\GoogleDrive\TP\09_reports\factor_explorer_sources\sp500-factor-explorer.html
sp500,SP500,old,旧基线,sp500_syn_pair_811dc614db2f,EV To EBITDA NTM directional_delta lag1 + Daily Vol 60J directional_delta lag1,旧基线 · 已证实协同 pair,pair,0.2002235872232201,0.03218967746739887,0.05220276728532425,2.3750641694050953,1.073248721043853,,0.7726902168162567,2009-07-31,2026-07-31,205,2,,value_improvement + risk_decline,全样本证据首先支持盈利能力、资本结构与估值状态的变化；静态 growth / value / quality 只构成候选池，不能因为属于同一 family 就自动获得组合资格。,C:\GoogleDrive\TP\07_backtest_code\runs\ad_hoc\sp500_relative_synergy_20260710,C:\GoogleDrive\TP\09_reports\factor_explorer_sources\sp500-factor-explorer.html
sp500,SP500,old,旧基线,sp500_quality_netdebt_to_ebitda_exfin_score,quality: NetDebt to EBITDA exFIN,旧基线 · 通过 gate 的单变量,core,0.1961932715674406,0.027257585445245036,0.05901874105732596,2.689166661570544,1.0689422295497557,0.8181963367769626,0.0941935617780043,2009-04-30,2026-07-31,208,1,,lower leverage,全样本证据首先支持盈利能力、资本结构与估值状态的变化；静态 growth / value / quality 只构成候选池，不能因为属于同一 family 就自动获得组合资格。,C:\GoogleDrive\TP\07_backtest_code\runs\ad_hoc\sp500_relative_synergy_20260710,C:\GoogleDrive\TP\09_reports\factor_explorer_sources\sp500-factor-explorer.html
sp500,SP500,old,旧基线,sp500_syn_pair_03c84bf09047,Earns Yield FY1 directional_delta lag1 + EV To EBITDA NTM directional_delta lag1,旧基线 · 已证实协同 pair,pair,0.20025055028294791,0.03221286564018633,0.050760794777037876,2.3203361547737793,1.0361682569326016,,0.7585958443991468,2009-07-31,2026-07-31,205,2,,earnings_yield_improvement + value_improvement,全样本证据首先支持盈利能力、资本结构与估值状态的变化；静态 growth / value / quality 只构成候选池，不能因为属于同一 family 就自动获得组合资格。,C:\GoogleDrive\TP\07_backtest_code\runs\ad_hoc\sp500_relative_synergy_20260710,C:\GoogleDrive\TP\09_reports\factor_explorer_sources\sp500-factor-explorer.html
sp500,SP500,old,旧基线,sp500_syn_pair_607177c2bea3,EV To EBITDA FY1 directional_delta lag1 + Daily Vol 60J directional_delta lag1,旧基线 · 已证实协同 pair,pair,0.1987241920348204,0.030900200862884697,0.05345261634768539,2.423481028358735,1.025074824542429,,0.7760752228807939,2009-07-31,2026-07-31,205,2,,value_improvement + risk_decline,全样本证据首先支持盈利能力、资本结构与估值状态的变化；静态 growth / value / quality 只构成候选池，不能因为属于同一 family 就自动获得组合资格。,C:\GoogleDrive\TP\07_backtest_code\runs\ad_hoc\sp500_relative_synergy_20260710,C:\GoogleDrive\TP\09_reports\factor_explorer_sources\sp500-factor-explorer.html
sp500,SP500,old,旧基线,sp500_relrank_quality_net_debt_to_tot_equity_lag3_score,Net Debt to Tot Equity score_delta lag3,旧基线 · 通过 gate 的单变量,official candidate,0.19475023604239294,0.029839896652785303,0.051344675165108544,2.284008556206829,0.9967446032861118,0.8537605429954584,0.3991237043342806,2010-01-31,2026-07-31,199,1,,sector-rank score change versus lag 3 screen observations,全样本证据首先支持盈利能力、资本结构与估值状态的变化；静态 growth / value / quality 只构成候选池，不能因为属于同一 family 就自动获得组合资格。,C:\GoogleDrive\TP\07_backtest_code\runs\ad_hoc\sp500_relative_synergy_20260710,C:\GoogleDrive\TP\09_reports\factor_explorer_sources\sp500-factor-explorer.html
sp500,SP500,old,旧基线,sp500_syn_pair_7a1d9c48e037,growth: EPS Growth FY1 + Daily Vol 60J directional_delta lag1,旧基线 · 已证实协同 pair,pair,0.20130585127693856,0.03312042220232514,0.04065647412534701,1.9688552613924084,0.91772357565479,,0.6271404589420718,2009-07-31,2026-07-31,205,2,,growth + risk_decline,全样本证据首先支持盈利能力、资本结构与估值状态的变化；静态 growth / value / quality 只构成候选池，不能因为属于同一 family 就自动获得组合资格。,C:\GoogleDrive\TP\07_backtest_code\runs\ad_hoc\sp500_relative_synergy_20260710,C:\GoogleDrive\TP\09_reports\factor_explorer_sources\sp500-factor-explorer.html
sp500,SP500,old,旧基线,sp500_syn_pair_e410acfddbf8,momentum: EPS Revision Ratio + Daily Vol 60J directional_delta lag1,旧基线 · 已证实协同 pair,pair,0.1981097318813494,0.030371766465844496,0.049284051191014866,2.265520099026519,0.8935704289808153,,0.6516085479088578,2009-07-31,2026-07-31,205,2,,revision + risk_decline,全样本证据首先支持盈利能力、资本结构与估值状态的变化；静态 growth / value / quality 只构成候选池，不能因为属于同一 family 就自动获得组合资格。,C:\GoogleDrive\TP\07_backtest_code\runs\ad_hoc\sp500_relative_synergy_20260710,C:\GoogleDrive\TP\09_reports\factor_explorer_sources\sp500-factor-explorer.html
sp500,SP500,old,旧基线,sp500_syn_pair_f482a6419f70,quality: NetDebt to EBITDA exFIN + PE NTM directional_delta lag1,旧基线 · 已证实协同 pair,pair,0.20162107442683674,0.03339151342639979,0.05103482879458454,2.330644507124397,0.8545786835913614,,0.5761002019500183,2009-07-31,2026-07-31,205,2,,deleveraging + value_improvement,全样本证据首先支持盈利能力、资本结构与估值状态的变化；静态 growth / value / quality 只构成候选池，不能因为属于同一 family 就自动获得组合资格。,C:\GoogleDrive\TP\07_backtest_code\runs\ad_hoc\sp500_relative_synergy_20260710,C:\GoogleDrive\TP\09_reports\factor_explorer_sources\sp500-factor-explorer.html
sp500,SP500,old,旧基线,sp500_syn_pair_a0b98f134e1d,growth: EPS Growth FY1 + PE NTM directional_delta lag1,旧基线 · 已证实协同 pair,pair,0.19602468950587415,0.028578634552792526,0.04578291145305413,2.1403898845618294,0.8024149384401826,,0.6172695695574864,2009-07-31,2026-07-31,205,2,,growth + value_improvement,全样本证据首先支持盈利能力、资本结构与估值状态的变化；静态 growth / value / quality 只构成候选池，不能因为属于同一 family 就自动获得组合资格。,C:\GoogleDrive\TP\07_backtest_code\runs\ad_hoc\sp500_relative_synergy_20260710,C:\GoogleDrive\TP\09_reports\factor_explorer_sources\sp500-factor-explorer.html
sp500,SP500,old,旧基线,sp500_growth_eps_growth_fy1_score,growth: EPS Growth FY1,旧基线 · 通过 gate 的单变量,core,0.20205939838501474,0.032295252362264604,0.03967691025652931,1.9566701700002864,0.7937590077330874,0.9638868094026052,0.188196474426241,2009-04-30,2026-07-31,208,1,,forward EPS growth,全样本证据首先支持盈利能力、资本结构与估值状态的变化；静态 growth / value / quality 只构成候选池，不能因为属于同一 family 就自动获得组合资格。,C:\GoogleDrive\TP\07_backtest_code\runs\ad_hoc\sp500_relative_synergy_20260710,C:\GoogleDrive\TP\09_reports\factor_explorer_sources\sp500-factor-explorer.html
sp500,SP500,old,旧基线,sp500_reldelta_value_earns_yield_ntm_lag1_score,Earns Yield NTM directional_delta lag1,旧基线 · 通过 gate 的单变量,official candidate,0.20057366921438113,0.03249074721922707,0.045179377656814346,2.11948823654844,0.785512751219953,0.9836003393721616,0.6907952146136948,2009-07-31,2026-07-31,205,1,,direction-adjusted level change versus lag 1 screen observations,全样本证据首先支持盈利能力、资本结构与估值状态的变化；静态 growth / value / quality 只构成候选池，不能因为属于同一 family 就自动获得组合资格。,C:\GoogleDrive\TP\07_backtest_code\runs\ad_hoc\sp500_relative_synergy_20260710,C:\GoogleDrive\TP\09_reports\factor_explorer_sources\sp500-factor-explorer.html
sp500,SP500,old,旧基线,sp500_syn_pair_599aa369bcf1,growth: EPS Growth NTM + Earns Yield FY1 directional_delta lag1,旧基线 · 已证实协同 pair,pair,0.19807183365626035,0.030339174074603514,0.04321095535438291,2.052644742134908,0.7491930555836985,,0.592930510331618,2009-07-31,2026-07-31,205,2,,growth + earnings_yield_improvement,全样本证据首先支持盈利能力、资本结构与估值状态的变化；静态 growth / value / quality 只构成候选池，不能因为属于同一 family 就自动获得组合资格。,C:\GoogleDrive\TP\07_backtest_code\runs\ad_hoc\sp500_relative_synergy_20260710,C:\GoogleDrive\TP\09_reports\factor_explorer_sources\sp500-factor-explorer.html
sp500,SP500,old,旧基线,sp500_syn_pair_f17d1dbab6bc,momentum: EPS NTM 3M Growth + Daily Vol 60J directional_delta lag1,旧基线 · 已证实协同 pair,pair,0.1926397995974265,0.02566763658536675,0.039305688081773926,1.9258599899950168,0.7381372201374636,,0.6582314887801988,2009-07-31,2026-07-31,205,2,,revision + risk_decline,全样本证据首先支持盈利能力、资本结构与估值状态的变化；静态 growth / value / quality 只构成候选池，不能因为属于同一 family 就自动获得组合资格。,C:\GoogleDrive\TP\07_backtest_code\runs\ad_hoc\sp500_relative_synergy_20260710,C:\GoogleDrive\TP\09_reports\factor_explorer_sources\sp500-factor-explorer.html
sp500,SP500,old,旧基线,sp500_syn_pair_dfb0c4a7b182,momentum: EPS NTM 3M Growth + Earns Yield FY1 directional_delta lag1,旧基线 · 已证实协同 pair,pair,0.19811635638872604,0.030377463527796245,0.0429505260612395,2.043951218727436,0.7298124964182335,,0.6035194305735888,2009-07-31,2026-07-31,205,2,,revision + earnings_yield_improvement,全样本证据首先支持盈利能力、资本结构与估值状态的变化；静态 growth / value / quality 只构成候选池，不能因为属于同一 family 就自动获得组合资格。,C:\GoogleDrive\TP\07_backtest_code\runs\ad_hoc\sp500_relative_synergy_20260710,C:\GoogleDrive\TP\09_reports\factor_explorer_sources\sp500-factor-explorer.html
sp500,SP500,old,旧基线,sp500_syn_pair_e1803de2b1be,quality: FCF Conversion + Daily Vol 60J directional_delta lag1,旧基线 · 已证实协同 pair,pair,0.19639734612333748,0.028899118434196236,0.036952409895668614,1.8530589817753433,0.684195765908662,,0.6076130895969336,2009-07-31,2026-07-31,205,2,,quality_level + risk_decline,全样本证据首先支持盈利能力、资本结构与估值状态的变化；静态 growth / value / quality 只构成候选池，不能因为属于同一 family 就自动获得组合资格。,C:\GoogleDrive\TP\07_backtest_code\runs\ad_hoc\sp500_relative_synergy_20260710,C:\GoogleDrive\TP\09_reports\factor_explorer_sources\sp500-factor-explorer.html
sp500,SP500,old,旧基线,sp500_momentum_eps_ntm_3m_growth_score,momentum: EPS NTM 3M Growth,旧基线 · 通过 gate 的单变量,core,0.20126326543725748,0.03161155548062711,0.034087137972050874,1.7829043283444825,0.6802724647241142,0.9968258721365474,0.3289271675843814,2009-04-30,2026-07-31,208,1,,3M estimate change,全样本证据首先支持盈利能力、资本结构与估值状态的变化；静态 growth / value / quality 只构成候选池，不能因为属于同一 family 就自动获得组合资格。,C:\GoogleDrive\TP\07_backtest_code\runs\ad_hoc\sp500_relative_synergy_20260710,C:\GoogleDrive\TP\09_reports\factor_explorer_sources\sp500-factor-explorer.html
sp500,SP500,old,旧基线,sp500_reldelta_value_ev_to_ebitda_fy1_lag1_score,EV To EBITDA FY1 directional_delta lag1,旧基线 · 通过 gate 的单变量,official candidate,0.19355542333672782,0.026455071011928455,0.04394408984806586,2.077305136298893,0.673845731255155,0.8267804561561112,0.7685338855608475,2009-07-31,2026-07-31,205,1,,direction-adjusted level change versus lag 1 screen observations,全样本证据首先支持盈利能力、资本结构与估值状态的变化；静态 growth / value / quality 只构成候选池，不能因为属于同一 family 就自动获得组合资格。,C:\GoogleDrive\TP\07_backtest_code\runs\ad_hoc\sp500_relative_synergy_20260710,C:\GoogleDrive\TP\09_reports\factor_explorer_sources\sp500-factor-explorer.html
sp500,SP500,old,旧基线,sp500_reldelta_value_ev_to_ebitda_ntm_lag1_score,EV To EBITDA NTM directional_delta lag1,旧基线 · 通过 gate 的单变量,official candidate,0.19166783665692777,0.024831750568174993,0.04218750194412957,2.0186793914087504,0.6640778944156929,0.826790437690273,0.7534243962448617,2009-07-31,2026-07-31,205,1,,direction-adjusted level change versus lag 1 screen observations,全样本证据首先支持盈利能力、资本结构与估值状态的变化；静态 growth / value / quality 只构成候选池，不能因为属于同一 family 就自动获得组合资格。,C:\GoogleDrive\TP\07_backtest_code\runs\ad_hoc\sp500_relative_synergy_20260710,C:\GoogleDrive\TP\09_reports\factor_explorer_sources\sp500-factor-explorer.html
sp500,SP500,old,旧基线,sp500_syn_pair_2c170e261686,growth: Gross Income Growth FY1 + Daily Vol 60J directional_delta lag1,旧基线 · 已证实协同 pair,pair,0.18980904265964038,0.023233191768828876,0.036690738097882925,1.84512589350446,0.6264099442770911,,0.6254031342910871,2009-07-31,2026-07-31,205,2,,growth + risk_decline,全样本证据首先支持盈利能力、资本结构与估值状态的变化；静态 growth / value / quality 只构成候选池，不能因为属于同一 family 就自动获得组合资格。,C:\GoogleDrive\TP\07_backtest_code\runs\ad_hoc\sp500_relative_synergy_20260710,C:\GoogleDrive\TP\09_reports\factor_explorer_sources\sp500-factor-explorer.html
sp500,SP500,old,旧基线,sp500_syn_pair_92c22fda7682,growth: EPS Growth NTM + PE NTM directional_delta lag1,旧基线 · 已证实协同 pair,pair,0.19391983268954505,0.026768462263653925,0.039346742985531424,1.9271536350256566,0.6108168500944368,,0.6163894291569892,2009-07-31,2026-07-31,205,2,,growth + value_improvement,全样本证据首先支持盈利能力、资本结构与估值状态的变化；静态 growth / value / quality 只构成候选池，不能因为属于同一 family 就自动获得组合资格。,C:\GoogleDrive\TP\07_backtest_code\runs\ad_hoc\sp500_relative_synergy_20260710,C:\GoogleDrive\TP\09_reports\factor_explorer_sources\sp500-factor-explorer.html
sp500,SP500,old,旧基线,sp500_syn_pair_ea2a2877d7fa,momentum: EPS NTM 3M Growth + PE NTM directional_delta lag1,旧基线 · 已证实协同 pair,pair,0.18931148043982815,0.022805289340768642,0.040184605649057126,1.9537341332789193,0.5987337468055277,,0.6328671400190423,2009-07-31,2026-07-31,205,2,,revision + value_improvement,全样本证据首先支持盈利能力、资本结构与估值状态的变化；静态 growth / value / quality 只构成候选池，不能因为属于同一 family 就自动获得组合资格。,C:\GoogleDrive\TP\07_backtest_code\runs\ad_hoc\sp500_relative_synergy_20260710,C:\GoogleDrive\TP\09_reports\factor_explorer_sources\sp500-factor-explorer.html
sp500,SP500,old,旧基线,sp500_growth_eps_growth_ntm_score,growth: EPS Growth NTM,旧基线 · 通过 gate 的单变量,core,0.19722146993955225,0.028140573673150815,0.03260794977160941,1.7394159582577897,0.5940960854979827,0.9743973648749812,0.1751266136731042,2009-04-30,2026-07-31,208,1,,forward EPS growth,全样本证据首先支持盈利能力、资本结构与估值状态的变化；静态 growth / value / quality 只构成候选池，不能因为属于同一 family 就自动获得组合资格。,C:\GoogleDrive\TP\07_backtest_code\runs\ad_hoc\sp500_relative_synergy_20260710,C:\GoogleDrive\TP\09_reports\factor_explorer_sources\sp500-factor-explorer.html
sp500,SP500,old,旧基线,sp500_syn_pair_ba227c57d585,momentum: EPS Revision Ratio + PE NTM directional_delta lag1,旧基线 · 已证实协同 pair,pair,0.18806643320952632,0.02173455142763525,0.04506040643315501,2.1153907444640723,0.5171297897113967,,0.6510938841127981,2009-07-31,2026-07-31,205,2,,revision + value_improvement,全样本证据首先支持盈利能力、资本结构与估值状态的变化；静态 growth / value / quality 只构成候选池，不能因为属于同一 family 就自动获得组合资格。,C:\GoogleDrive\TP\07_backtest_code\runs\ad_hoc\sp500_relative_synergy_20260710,C:\GoogleDrive\TP\09_reports\factor_explorer_sources\sp500-factor-explorer.html
sp500,SP500,old,旧基线,sp500_quality_fcf_conversion_score,quality: FCF Conversion,旧基线 · 通过 gate 的单变量,core,0.18952563870147543,0.021531607376875206,0.03396407544040114,1.7792475714096028,0.493466018302984,0.8754404351948895,0.1688510102436841,2009-04-30,2026-07-31,208,1,,"cash conversion, low coverage",全样本证据首先支持盈利能力、资本结构与估值状态的变化；静态 growth / value / quality 只构成候选池，不能因为属于同一 family 就自动获得组合资格。,C:\GoogleDrive\TP\07_backtest_code\runs\ad_hoc\sp500_relative_synergy_20260710,C:\GoogleDrive\TP\09_reports\factor_explorer_sources\sp500-factor-explorer.html
sp500,SP500,old,旧基线,sp500_growth_gross_income_growth_fy1_score,growth: Gross Income Growth FY1,旧基线 · 通过 gate 的单变量,core,0.1944081970219691,0.025724612964119098,0.031146517298302978,1.6974324403540655,0.4928939839352311,0.9825622598193342,0.1811781499891298,2009-04-30,2026-07-31,208,1,,gross income growth,全样本证据首先支持盈利能力、资本结构与估值状态的变化；静态 growth / value / quality 只构成候选池，不能因为属于同一 family 就自动获得组合资格。,C:\GoogleDrive\TP\07_backtest_code\runs\ad_hoc\sp500_relative_synergy_20260710,C:\GoogleDrive\TP\09_reports\factor_explorer_sources\sp500-factor-explorer.html
sp500,SP500,old,旧基线,sp500_momentum_eps_revision_ratio_score,momentum: EPS Revision Ratio,旧基线 · 通过 gate 的单变量,core,0.1961012216302409,0.027178535513703306,0.04241790485609531,2.0475934701885725,0.4260567445110019,0.9978140440185655,0.3492846113885551,2009-04-30,2026-07-31,208,1,,earnings revision,全样本证据首先支持盈利能力、资本结构与估值状态的变化；静态 growth / value / quality 只构成候选池，不能因为属于同一 family 就自动获得组合资格。,C:\GoogleDrive\TP\07_backtest_code\runs\ad_hoc\sp500_relative_synergy_20260710,C:\GoogleDrive\TP\09_reports\factor_explorer_sources\sp500-factor-explorer.html
sp500,SP500,old,旧基线,sp500_reldelta_value_earns_yield_fy1_lag1_score,Earns Yield FY1 directional_delta lag1,旧基线 · 通过 gate 的单变量,official candidate,0.19877356913073063,0.03094266505809329,0.01894746113209167,1.3758620015032763,0.4236648878478428,0.9836003393721616,0.7729579226428681,2009-07-31,2026-07-31,205,1,,direction-adjusted level change versus lag 1 screen observations,全样本证据首先支持盈利能力、资本结构与估值状态的变化；静态 growth / value / quality 只构成候选池，不能因为属于同一 family 就自动获得组合资格。,C:\GoogleDrive\TP\07_backtest_code\runs\ad_hoc\sp500_relative_synergy_20260710,C:\GoogleDrive\TP\09_reports\factor_explorer_sources\sp500-factor-explorer.html
sp500,SP500,old,旧基线,sp500_syn_pair_0f3f8ee9403f,growth: Gross Income Growth FY1 + PE NTM directional_delta lag1,旧基线 · 已证实协同 pair,pair,0.1863509124292444,0.02025920728364583,0.031997772494151144,1.7081639639268884,0.356484922713407,,0.6166948155457986,2009-07-31,2026-07-31,205,2,,growth + value_improvement,全样本证据首先支持盈利能力、资本结构与估值状态的变化；静态 growth / value / quality 只构成候选池，不能因为属于同一 family 就自动获得组合资格。,C:\GoogleDrive\TP\07_backtest_code\runs\ad_hoc\sp500_relative_synergy_20260710,C:\GoogleDrive\TP\09_reports\factor_explorer_sources\sp500-factor-explorer.html
sp500,SP500,old,旧基线,sp500_reldelta_lowvol_daily_vol_60j_lag1_score,Daily Vol 60J directional_delta lag1,旧基线 · 通过 gate 的单变量,official candidate,0.18734848214233546,0.021117115069634984,0.025264571515765333,1.5282828507813475,0.2190186213601903,0.9906173578879074,0.8034294411052034,2009-07-31,2026-07-31,205,1,,direction-adjusted level change versus lag 1 screen observations,全样本证据首先支持盈利能力、资本结构与估值状态的变化；静态 growth / value / quality 只构成候选池，不能因为属于同一 family 就自动获得组合资格。,C:\GoogleDrive\TP\07_backtest_code\runs\ad_hoc\sp500_relative_synergy_20260710,C:\GoogleDrive\TP\09_reports\factor_explorer_sources\sp500-factor-explorer.html
sp500,SP500,old,旧基线,sp500_dividend_dps_1y_growth_fy1_score,dividend: DPS 1Y Growth FY1,旧基线 · 通过 gate 的单变量,core,0.18679477629474261,0.019186418527545213,0.011013048428603067,1.2079802137633697,0.0982855891491883,0.8108898537705246,0.1705911853123223,2009-04-30,2026-07-31,208,1,,dividend growth,全样本证据首先支持盈利能力、资本结构与估值状态的变化；静态 growth / value / quality 只构成候选池，不能因为属于同一 family 就自动获得组合资格。,C:\GoogleDrive\TP\07_backtest_code\runs\ad_hoc\sp500_relative_synergy_20260710,C:\GoogleDrive\TP\09_reports\factor_explorer_sources\sp500-factor-explorer.html
sp500,SP500,old,旧基线,sp500_reldelta_value_pe_ntm_lag1_score,PE NTM directional_delta lag1,旧基线 · 通过 gate 的单变量,official candidate,0.18007088680005978,0.014858398886210544,0.028039650643992386,1.600145560267992,0.0668147848285272,0.9729899685581674,0.7694746904898733,2009-07-31,2026-07-31,205,1,,direction-adjusted level change versus lag 1 screen observations,全样本证据首先支持盈利能力、资本结构与估值状态的变化；静态 growth / value / quality 只构成候选池，不能因为属于同一 family 就自动获得组合资格。,C:\GoogleDrive\TP\07_backtest_code\runs\ad_hoc\sp500_relative_synergy_20260710,C:\GoogleDrive\TP\09_reports\factor_explorer_sources\sp500-factor-explorer.html
sp500,SP500,old,旧基线,sp500_value_ev_to_ebitda_ntm_score,value: EV To EBITDA NTM,旧基线 · 通过 gate 的单变量,core,0.1931700871495834,0.02466135856514029,0.012978476584381449,1.2491381249373141,0.0481215070771741,0.8345261266656685,0.148549089418892,2009-04-30,2026-07-31,208,1,,lower valuation multiple,全样本证据首先支持盈利能力、资本结构与估值状态的变化；静态 growth / value / quality 只构成候选池，不能因为属于同一 family 就自动获得组合资格。,C:\GoogleDrive\TP\07_backtest_code\runs\ad_hoc\sp500_relative_synergy_20260710,C:\GoogleDrive\TP\09_reports\factor_explorer_sources\sp500-factor-explorer.html
sp500,SP500,new,新扩展,sp500_ext_size_quality_repair,Size-aware Quality Repair,新扩展 · quality_improvement,extension_candidate,0.2441311654718814,0.07324194319247046,0.14176167368942472,8.900690173123294,5.954109533565773,0.7945101562110096,,2010-01-04,2026-07-02,200,2,,Margin improvement jointly confirmed by deleveraging.,Margin improvement jointly confirmed by deleveraging.。,C:\GoogleDrive\TP\07_backtest_code\runs\ad_hoc\sp500_factor_extension_20260711,C:\GoogleDrive\TP\09_reports\factor_explorer_sources\sp500-factor-explorer.html
sp500,SP500,new,新扩展,sp500_ext_size_margin_improvement,Size-aware Margin Improvement,新扩展 · quality_improvement,extension_candidate,0.25269280866990096,0.08062759092013083,0.12853013167656413,7.344224600720311,5.534372848010044,0.972510854918401,,2010-01-04,2026-07-02,200,1,,Operating-margin improvement with size exposure control.,Operating-margin improvement with size exposure control.。,C:\GoogleDrive\TP\07_backtest_code\runs\ad_hoc\sp500_factor_extension_20260711,C:\GoogleDrive\TP\09_reports\factor_explorer_sources\sp500-factor-explorer.html
sp500,SP500,new,新扩展,sp500_ext_size_deleveraging,Size-aware Deleveraging,新扩展 · deleveraging,extension_candidate,0.2103278133224502,0.044081693614334005,0.08758236197135338,3.992672523840964,2.1933403199783488,0.7945101562110096,,2010-01-04,2026-07-02,200,1,,在国家与行业同组内寻找负债改善。,国家中性化降低欧洲融资制度差异的干扰，净负债改善则直接约束再融资脆弱性。,C:\GoogleDrive\TP\07_backtest_code\runs\ad_hoc\sp500_factor_extension_20260711,C:\GoogleDrive\TP\09_reports\factor_explorer_sources\sp500-factor-explorer.html
sp500,SP500,new,新扩展,sp500_ext_cash_backed_margin_improvement,Cash-backed Margin Improvement,新扩展 · accrual_quality,extension_candidate,0.2074781455838104,0.04162344560471842,0.06785775733231825,2.952488575539981,1.5664440248781342,0.8475021210760094,,2010-01-04,2026-07-02,200,2,,要求利润改善获得现金流与低应计确认。,低 operating accruals 用于区分可持续现金盈利与依赖应计项目的账面利润。,C:\GoogleDrive\TP\07_backtest_code\runs\ad_hoc\sp500_factor_extension_20260711,C:\GoogleDrive\TP\09_reports\factor_explorer_sources\sp500-factor-explorer.html
sp500,SP500,new,新扩展,sp500_ext_size_growth_confirmation,Size-aware Growth Confirmation,新扩展 · growth,extension_candidate,0.20025404145325343,0.02726999436311539,0.035459595971884195,1.823995056578746,0.672953236998779,0.9968158906023856,,2009-04-02,2026-07-02,209,1,,增长信号需要控制 mega-cap 与行业规模暴露。,sector × size 排序用于判断盈利增长是否来自公司信息，而不是指数集中度和巨头领导。,C:\GoogleDrive\TP\07_backtest_code\runs\ad_hoc\sp500_factor_extension_20260711,C:\GoogleDrive\TP\09_reports\factor_explorer_sources\sp500-factor-explorer.html
sp500,SP500,new,新扩展,sp500_ext_capital_efficient_growth_revision,Capital-efficient Growth + Revision,新扩展 · capital_efficiency,extension_candidate,0.19786834455005486,0.025228131045138324,0.02518874414060912,1.5358521732248434,0.43046562306728364,0.9840495084094425,,2009-04-02,2026-07-02,209,4,,增长需要资本生产率和现金转化共同确认。,欧洲行业结构差异很大；资本效率用于区分可自我融资的增长与依赖持续资本投入的扩张。,C:\GoogleDrive\TP\07_backtest_code\runs\ad_hoc\sp500_factor_extension_20260711,C:\GoogleDrive\TP\09_reports\factor_explorer_sources\sp500-factor-explorer.html
sp500,SP500,new,新扩展,sp500_ext_size_asset_turnover,Size-aware Asset Turnover,新扩展 · capital_efficiency,extension_candidate,0.19134534432531392,0.01964524428612524,0.02792395727281871,1.608083608068253,0.427577965482483,0.8376503468583121,,2009-04-02,2026-07-02,209,1,,增长需要资本生产率和现金转化共同确认。,欧洲行业结构差异很大；资本效率用于区分可自我融资的增长与依赖持续资本投入的扩张。,C:\GoogleDrive\TP\07_backtest_code\runs\ad_hoc\sp500_factor_extension_20260711,C:\GoogleDrive\TP\09_reports\factor_explorer_sources\sp500-factor-explorer.html
sp500,SP500,new,新扩展,sp500_ext_size_value_improvement,Size-aware Earnings-yield Improvement,新扩展 · value_improvement,extension_candidate,0.1987848898900546,0.02573698654461798,0.02859421464535261,1.6148825158809221,0.40432267101627906,0.9836003393721615,,2009-07-02,2026-07-02,206,1,,估值改善在行业和规模同组内比较。,规模中性化减少 mega-cap 长久期估值对横截面排序的干扰。,C:\GoogleDrive\TP\07_backtest_code\runs\ad_hoc\sp500_factor_extension_20260711,C:\GoogleDrive\TP\09_reports\factor_explorer_sources\sp500-factor-explorer.html
sp500,SP500,new,新扩展,sp500_ext_asset_turnover,Asset Turnover,新扩展 · capital_efficiency,extension_candidate,0.18994232352490048,0.018444430975366632,0.027569153826812354,1.5985365790822421,0.3716274972964151,0.8376503468583121,,2009-04-02,2026-07-02,209,1,,增长需要资本生产率和现金转化共同确认。,欧洲行业结构差异很大；资本效率用于区分可自我融资的增长与依赖持续资本投入的扩张。,C:\GoogleDrive\TP\07_backtest_code\runs\ad_hoc\sp500_factor_extension_20260711,C:\GoogleDrive\TP\09_reports\factor_explorer_sources\sp500-factor-explorer.html
sp500,SP500,new,新扩展,sp500_ext_size_revision,Size-aware EPS Revision,新扩展 · revision,extension_candidate,0.19415084064651134,0.022046404326651503,0.03267526142971389,1.7412197453611742,0.29949971926494884,0.9978140440185657,,2009-04-02,2026-07-02,209,1,,在国家与行业同组内比较盈利预期修正。,欧洲国家会计、行业权重与宏观暴露不同，同组排序更聚焦公司层面的盈利信息。,C:\GoogleDrive\TP\07_backtest_code\runs\ad_hoc\sp500_factor_extension_20260711,C:\GoogleDrive\TP\09_reports\factor_explorer_sources\sp500-factor-explorer.html
sp500,SP500,new,新扩展,sp500_ext_cash_earnings_growth,Cash-backed Earnings Growth,新扩展 · accrual_quality,extension_candidate,0.18989603278105216,0.018404811618739192,0.022775936080491554,1.4746827068413162,0.2902075218461255,0.8775764835055148,,2009-04-02,2026-07-02,209,3,,要求利润改善获得现金流与低应计确认。,低 operating accruals 用于区分可持续现金盈利与依赖应计项目的账面利润。,C:\GoogleDrive\TP\07_backtest_code\runs\ad_hoc\sp500_factor_extension_20260711,C:\GoogleDrive\TP\09_reports\factor_explorer_sources\sp500-factor-explorer.html
sp500,SP500,new,新扩展,sp500_ext_size_pmom,Size-aware PMOM,新扩展 · revision,extension_candidate,0.1924894680626308,0.020624473572989244,0.030597127273296776,1.6817593230691974,0.2122185493943407,0.9942206917203175,,2009-04-02,2026-07-02,209,1,,在国家与行业同组内比较盈利预期修正。,欧洲国家会计、行业权重与宏观暴露不同，同组排序更聚焦公司层面的盈利信息。,C:\GoogleDrive\TP\07_backtest_code\runs\ad_hoc\sp500_factor_extension_20260711,C:\GoogleDrive\TP\09_reports\factor_explorer_sources\sp500-factor-explorer.html
sp500,SP500,new,新扩展,sp500_ext_low_operating_accruals,Low Operating Accruals,新扩展 · accrual_quality,extension_candidate,0.1900218017704367,0.018512454471410145,0.00820621448511405,1.151386588311222,0.029183515912500263,0.8697709237909866,,2009-04-02,2026-07-02,209,1,,要求利润改善获得现金流与低应计确认。,低 operating accruals 用于区分可持续现金盈利与依赖应计项目的账面利润。,C:\GoogleDrive\TP\07_backtest_code\runs\ad_hoc\sp500_factor_extension_20260711,C:\GoogleDrive\TP\09_reports\factor_explorer_sources\sp500-factor-explorer.html
sp500,SP500,new,新扩展,sp500_ext_residual_momentum_revision,Residual Momentum + Revision,新扩展 · residual_momentum,extension_candidate,0.17520378882884957,0.009017572173966926,0.028394450490454304,1.5982480189357744,0.00555044142360777,0.9874432300244548,,2009-10-02,2026-07-02,203,2,,剔除 STOXX 市场共同波动后再观察趋势。,残差动量更接近公司特有信息扩散，Revision 确认可过滤纯 beta 驱动的价格上涨。,C:\GoogleDrive\TP\07_backtest_code\runs\ad_hoc\sp500_factor_extension_20260711,C:\GoogleDrive\TP\09_reports\factor_explorer_sources\sp500-factor-explorer.html
sp500,SP500,new,新扩展,sp500_factor_extension_20260711:sp500_ext_subset_08e95a53d586,新扩展：quality_improvement + deleveraging,新扩展 · 组合模型,family_subset,0.2587696504339414,0.0770627817009359,0.15605658514601073,11.76525797517137,7.703908462354397,0.9624594500174676,0.3861124210637815,2009-07-02,2026-07-02,206,2,quality_improvement|deleveraging,只保留通过主题 Gate、并在组合矩阵中保持较高 Robust 的精简 sleeve。,该组合用于升级 SP500 核心信号，而不是把所有新增主题等权混合；质量改善和去杠杆负责经营与融资确认，应计质量只在有独立增益时加入。,C:\GoogleDrive\TP\07_backtest_code\runs\ad_hoc\sp500_factor_extension_20260711,C:\GoogleDrive\TP\09_reports\factor_explorer_sources\sp500-factor-explorer.html
sp500,SP500,new,新扩展,sp500_factor_extension_20260711:sp500_ext_subset_ee96431827d3,新扩展：quality_improvement + deleveraging + value_improvement,新扩展 · 组合模型,family_subset,0.24874939181932443,0.0684889750212072,0.14818346893362966,10.474923197450892,6.668262390582502,0.9615710934770674,0.5659091862470242,2009-07-02,2026-07-02,206,3,quality_improvement|deleveraging|value_improvement,只保留通过主题 Gate、并在组合矩阵中保持较高 Robust 的精简 sleeve。,该组合用于升级 SP500 核心信号，而不是把所有新增主题等权混合；质量改善和去杠杆负责经营与融资确认，应计质量只在有独立增益时加入。,C:\GoogleDrive\TP\07_backtest_code\runs\ad_hoc\sp500_factor_extension_20260711,C:\GoogleDrive\TP\09_reports\factor_explorer_sources\sp500-factor-explorer.html
sp500,SP500,new,新扩展,sp500_factor_extension_20260711:sp500_ext_subset_b3c0d0fc7d48,新扩展：revision + quality_improvement + deleveraging,新扩展 · 组合模型,family_subset,0.2564702421161744,0.0750952992667552,0.14477334760149607,9.958443774021713,6.64830941475792,0.962439486949144,0.377564840703922,2009-07-02,2026-07-02,206,3,revision|quality_improvement|deleveraging,只保留通过主题 Gate、并在组合矩阵中保持较高 Robust 的精简 sleeve。,该组合用于升级 SP500 核心信号，而不是把所有新增主题等权混合；质量改善和去杠杆负责经营与融资确认，应计质量只在有独立增益时加入。,C:\GoogleDrive\TP\07_backtest_code\runs\ad_hoc\sp500_factor_extension_20260711,C:\GoogleDrive\TP\09_reports\factor_explorer_sources\sp500-factor-explorer.html
sp500,SP500,new,新扩展,sp500_factor_extension_20260711:sp500_ext_subset_5e7ca9b3d675,新扩展：deleveraging + accrual_quality,新扩展 · 组合模型,family_subset,0.24229246041011665,0.0632497161970837,0.10749223058298285,5.818467133047347,4.115088856497634,0.8734541098966911,0.3362951330206332,2009-04-02,2026-07-02,209,2,deleveraging|accrual_quality,只保留通过主题 Gate、并在组合矩阵中保持较高 Robust 的精简 sleeve。,该组合用于升级 SP500 核心信号，而不是把所有新增主题等权混合；质量改善和去杠杆负责经营与融资确认，应计质量只在有独立增益时加入。,C:\GoogleDrive\TP\07_backtest_code\runs\ad_hoc\sp500_factor_extension_20260711,C:\GoogleDrive\TP\09_reports\factor_explorer_sources\sp500-factor-explorer.html
sp500,SP500,new,新扩展,sp500_factor_extension_20260711:sp500_ext_subset_d2419acc8234,新扩展：deleveraging + value_improvement + accrual_quality,新扩展 · 组合模型,family_subset,0.2289391279812525,0.0515383774262734,0.11332799286633843,6.202421517737456,3.759349084063975,0.8671457803064331,0.5588729830358069,2009-07-02,2026-07-02,206,3,deleveraging|value_improvement|accrual_quality,只保留通过主题 Gate、并在组合矩阵中保持较高 Robust 的精简 sleeve。,该组合用于升级 SP500 核心信号，而不是把所有新增主题等权混合；质量改善和去杠杆负责经营与融资确认，应计质量只在有独立增益时加入。,C:\GoogleDrive\TP\07_backtest_code\runs\ad_hoc\sp500_factor_extension_20260711,C:\GoogleDrive\TP\09_reports\factor_explorer_sources\sp500-factor-explorer.html
stoxx600,STOXX EUROPE 600,old,旧基线,stoxx600_syn_subset_e5c1a446e9,盈利预期上修 + 质量改善 + 估值改善,旧基线 · family subset,family_subset,0.17165826511704063,0.06761499269009241,0.14870851355728654,10.08659535666933,6.519903672701893,0.9689409411784646,0.5480160118866501,2009-10-30,2026-07-02,202,9,revision|quality_improvement|value_improvement,全样本最强的三桶组合；显示改善信号，而不是静态价值。,盈利预期上修表示分析师正在确认尚未完全进入价格的经营改善；质量改善反映利润率或资本效率的边际提升；估值改善与基本面改善同步时，更可能是重估而非价值陷阱。,C:\GoogleDrive\TP\07_backtest_code\runs\ad_hoc\stoxx600_relative_synergy_20260709,C:\GoogleDrive\TP\09_reports\factor_explorer_sources\stoxx600-factor-explorer.html
stoxx600,STOXX EUROPE 600,old,旧基线,stoxx600_syn_subset_eba89b8a51,PMOM + 质量改善 + 去杠杆,旧基线 · family subset,family_subset,0.17686668999223398,0.07236090935419837,0.14269989060723276,9.242178341135403,6.18279276600177,0.7694087338242896,0.4089784871329648,2009-10-30,2026-07-02,202,8,pmom|quality_improvement|deleveraging,价格确认与经营、资产负债表改善共同出现。,价格动量表示市场正在用交易行为确认基本面信息；质量改善反映利润率或资本效率的边际提升；去杠杆降低财务脆弱性，并提高盈利转化为股东回报的确定性。,C:\GoogleDrive\TP\07_backtest_code\runs\ad_hoc\stoxx600_relative_synergy_20260709,C:\GoogleDrive\TP\09_reports\factor_explorer_sources\stoxx600-factor-explorer.html
stoxx600,STOXX EUROPE 600,old,旧基线,stoxx600_syn_subset_b3c0d0fc7d,盈利预期上修 + 质量改善 + 去杠杆,旧基线 · family subset,family_subset,0.17052084321122507,0.0665785738674578,0.1428615769425412,9.264003267174079,5.89330911915407,0.7730697197481378,0.4390440873051015,2009-10-30,2026-07-02,202,9,revision|quality_improvement|deleveraging,盈利可见度与基本面改善的组合。,盈利预期上修表示分析师正在确认尚未完全进入价格的经营改善；质量改善反映利润率或资本效率的边际提升；去杠杆降低财务脆弱性，并提高盈利转化为股东回报的确定性。,C:\GoogleDrive\TP\07_backtest_code\runs\ad_hoc\stoxx600_relative_synergy_20260709,C:\GoogleDrive\TP\09_reports\factor_explorer_sources\stoxx600-factor-explorer.html
stoxx600,STOXX EUROPE 600,old,旧基线,stoxx600_syn_subset_2543debc1d,PMOM + 质量改善 + 盈利收益率改善,旧基线 · family subset,family_subset,0.16355513307312042,0.06023141889951056,0.14602791001948123,9.70129420532512,5.880548192117595,0.9763730815840544,0.535817627654517,2009-10-30,2026-07-02,202,8,pmom|quality_improvement|earnings_yield_improvement,价格确认、盈利改善与估值重估并行。,价格动量表示市场正在用交易行为确认基本面信息；质量改善反映利润率或资本效率的边际提升；盈利收益率改善意味着盈利相对价格变得更有吸引力。,C:\GoogleDrive\TP\07_backtest_code\runs\ad_hoc\stoxx600_relative_synergy_20260709,C:\GoogleDrive\TP\09_reports\factor_explorer_sources\stoxx600-factor-explorer.html
stoxx600,STOXX EUROPE 600,old,旧基线,stoxx600_syn_pair_8dbe63d33df5,去杠杆 + 利润率改善,旧基线 · pair,pair,0.17279772163553164,0.06940081697975398,0.13150863876468022,7.534185316533987,5.017244775969491,0.7541376767993492,0.341963465223801,2010-02-26,2026-07-02,198,2,,最强直接 pair 协同：净债务/EBITDA 下降与经营利润率改善。,去杠杆降低财务脆弱性，并提高盈利转化为股东回报的确定性；质量改善反映利润率或资本效率的边际提升。,C:\GoogleDrive\TP\07_backtest_code\runs\ad_hoc\stoxx600_relative_synergy_20260709,C:\GoogleDrive\TP\09_reports\factor_explorer_sources\stoxx600-factor-explorer.html
stoxx600,STOXX EUROPE 600,old,旧基线,stoxx600_syn_pair_56f732432d80,利润率改善 + EPS NTM 3M 增长,旧基线 · pair,pair,0.16475846263101457,0.06207032000764756,0.1205367177489185,6.42492337376895,4.277569807501403,0.9610172795145804,0.4661651224470705,2010-02-26,2026-07-02,198,2,,利润率改善被预期上修确认。,质量改善反映利润率或资本效率的边际提升；盈利预期上修表示分析师正在确认尚未完全进入价格的经营改善。,C:\GoogleDrive\TP\07_backtest_code\runs\ad_hoc\stoxx600_relative_synergy_20260709,C:\GoogleDrive\TP\09_reports\factor_explorer_sources\stoxx600-factor-explorer.html
stoxx600,STOXX EUROPE 600,old,旧基线,stoxx600_syn_pair_86df394a53f2,PMOM + 利润率改善,旧基线 · pair,pair,0.15084484698718503,0.04938336499216245,0.13056944238046175,7.432617684520423,4.234765942512884,0.9613986322149812,0.3964142964916506,2010-02-26,2026-07-02,198,2,,价格趋势与盈利能力改善相互验证。,价格动量表示市场正在用交易行为确认基本面信息；质量改善反映利润率或资本效率的边际提升。,C:\GoogleDrive\TP\07_backtest_code\runs\ad_hoc\stoxx600_relative_synergy_20260709,C:\GoogleDrive\TP\09_reports\factor_explorer_sources\stoxx600-factor-explorer.html
stoxx600,STOXX EUROPE 600,old,旧基线,stoxx600_syn_pair_5937db8297d4,PMOM + ROE 改善,旧基线 · pair,pair,0.14890219190004328,0.04761197944205908,0.12849386453259837,7.21269957561915,4.010203122798655,0.9515851560579996,0.415581718855761,2010-02-26,2026-07-02,198,2,,价格确认与资本回报率改善相结合。,价格动量表示市场正在用交易行为确认基本面信息；质量改善反映利润率或资本效率的边际提升。,C:\GoogleDrive\TP\07_backtest_code\runs\ad_hoc\stoxx600_relative_synergy_20260709,C:\GoogleDrive\TP\09_reports\factor_explorer_sources\stoxx600-factor-explorer.html
stoxx600,STOXX EUROPE 600,old,旧基线,stoxx600_syn_pair_97a8dca0503b,盈利收益率改善 + 利润率改善,旧基线 · pair,pair,0.15132635227761004,0.04982241952088584,0.12380257242549808,6.737935452851305,3.923060778146633,0.9600681350158048,0.6821490296616782,2010-02-26,2026-07-02,198,2,,估值重估不脱离盈利质量改善。,盈利收益率改善意味着盈利相对价格变得更有吸引力；质量改善反映利润率或资本效率的边际提升。,C:\GoogleDrive\TP\07_backtest_code\runs\ad_hoc\stoxx600_relative_synergy_20260709,C:\GoogleDrive\TP\09_reports\factor_explorer_sources\stoxx600-factor-explorer.html
stoxx600,STOXX EUROPE 600,old,旧基线,stoxx600_syn_full_bucket_equal,所有通过桶等权,旧基线 · full model,full_model,0.15511268495510833,0.052538660307569485,0.12938430142105783,7.601736079658693,4.58818133525484,0.9901187278073914,0.5168059057350832,2009-10-30,2026-07-02,202,21,,诊断基准：并非变量越多越好，需由 leave-one-out 约束。,盈利预期上修表示分析师正在确认尚未完全进入价格的经营改善；价格动量表示市场正在用交易行为确认基本面信息；前瞻增长强调未来盈利兑现，而不是依赖历史增速；质量改善反映利润率或资本效率的边际提升；盈利收益率改善意味着盈利相对价格变得更有吸引力；去杠杆降低财务脆弱性，并提高盈利转化为股东回报的确定性；估值改善与基本面改善同步时，更可能是重估而非价值陷阱；风险下降降低尾部损失和资本成本压力。,C:\GoogleDrive\TP\07_backtest_code\runs\ad_hoc\stoxx600_relative_synergy_20260709,C:\GoogleDrive\TP\09_reports\factor_explorer_sources\stoxx600-factor-explorer.html
stoxx600,STOXX EUROPE 600,new,新扩展,stoxx_ext_country_quality_repair,Country-aware Quality Repair,新扩展 · quality_improvement,extension_candidate,0.1609953085243514,0.06027486546827343,0.125094484599658,6.919044034971959,4.308730614029945,0.7541376767993492,,2010-02-02,2026-07-02,199,2,,Margin improvement jointly confirmed by deleveraging.,Margin improvement jointly confirmed by deleveraging.。,C:\GoogleDrive\TP\07_backtest_code\runs\ad_hoc\stoxx600_factor_extension_20260711,C:\GoogleDrive\TP\09_reports\factor_explorer_sources\stoxx600-factor-explorer.html
stoxx600,STOXX EUROPE 600,new,新扩展,stoxx_ext_country_margin_improvement,Country-aware Margin Improvement,新扩展 · quality_improvement,extension_candidate,0.1402245619802207,0.04130605439119228,0.10464208380408335,5.120301109786073,2.8414877830847796,0.9670934992076339,,2010-02-02,2026-07-02,199,1,,Three-observation operating-margin improvement with country awareness.,Three-observation operating-margin improvement with country awareness.。,C:\GoogleDrive\TP\07_backtest_code\runs\ad_hoc\stoxx600_factor_extension_20260711,C:\GoogleDrive\TP\09_reports\factor_explorer_sources\stoxx600-factor-explorer.html
stoxx600,STOXX EUROPE 600,new,新扩展,stoxx_ext_country_deleveraging,Country-aware Deleveraging,新扩展 · deleveraging,extension_candidate,0.14580675606754845,0.04640397383914552,0.09695883300783437,4.566153789546812,2.6586075840312695,0.7541376767993492,,2010-02-02,2026-07-02,199,1,,在国家与行业同组内寻找负债改善。,国家中性化降低欧洲融资制度差异的干扰，净负债改善则直接约束再融资脆弱性。,C:\GoogleDrive\TP\07_backtest_code\runs\ad_hoc\stoxx600_factor_extension_20260711,C:\GoogleDrive\TP\09_reports\factor_explorer_sources\stoxx600-factor-explorer.html
stoxx600,STOXX EUROPE 600,new,新扩展,stoxx_ext_residual_momentum_revision,Residual Momentum + Revision,新扩展 · residual_momentum,extension_candidate,0.1250477408476287,0.029519736603924818,0.07830886417148641,3.466868891734862,1.633445971957616,0.9838645435208176,,2010-01-04,2026-07-02,200,2,,剔除 STOXX 市场共同波动后再观察趋势。,残差动量更接近公司特有信息扩散，Revision 确认可过滤纯 beta 驱动的价格上涨。,C:\GoogleDrive\TP\07_backtest_code\runs\ad_hoc\stoxx600_factor_extension_20260711,C:\GoogleDrive\TP\09_reports\factor_explorer_sources\stoxx600-factor-explorer.html
stoxx600,STOXX EUROPE 600,new,新扩展,stoxx_ext_country_earnings_yield_improvement,Country-aware Earnings-yield Improvement,新扩展 · earnings_yield_improvement,extension_candidate,0.13236560943330145,0.031493991182365066,0.07631327745849426,3.426819404584152,1.6168500062832631,0.9807374513775307,,2009-10-02,2026-07-02,203,1,,One-observation earnings-yield improvement with country awareness.,One-observation earnings-yield improvement with country awareness.。,C:\GoogleDrive\TP\07_backtest_code\runs\ad_hoc\stoxx600_factor_extension_20260711,C:\GoogleDrive\TP\09_reports\factor_explorer_sources\stoxx600-factor-explorer.html
stoxx600,STOXX EUROPE 600,new,新扩展,stoxx_ext_country_value_confirmation,Country-aware Value Confirmation,新扩展 · earnings_yield_improvement,extension_candidate,0.12416308201822002,0.02402214807906944,0.07282220820070062,3.245349942894663,1.334755182769427,0.9750849569071448,,2009-10-02,2026-07-02,203,2,,Earnings-yield improvement confirmed by revisions.,Earnings-yield improvement confirmed by revisions.。,C:\GoogleDrive\TP\07_backtest_code\runs\ad_hoc\stoxx600_factor_extension_20260711,C:\GoogleDrive\TP\09_reports\factor_explorer_sources\stoxx600-factor-explorer.html
stoxx600,STOXX EUROPE 600,new,新扩展,stoxx_ext_country_revision,Country-aware EPS Revision,新扩展 · revision,extension_candidate,0.13160384300021066,0.023761984373729783,0.06116096068139787,2.743240229389834,1.1046113602164247,0.9941356429182804,,2009-07-02,2026-07-02,206,1,,在国家与行业同组内比较盈利预期修正。,欧洲国家会计、行业权重与宏观暴露不同，同组排序更聚焦公司层面的盈利信息。,C:\GoogleDrive\TP\07_backtest_code\runs\ad_hoc\stoxx600_factor_extension_20260711,C:\GoogleDrive\TP\09_reports\factor_explorer_sources\stoxx600-factor-explorer.html
stoxx600,STOXX EUROPE 600,new,新扩展,stoxx_ext_country_pmom,Country-aware PMOM,新扩展 · pmom,extension_candidate,0.1351593408793328,0.02697864338756739,0.06601949998021062,2.9647530634574184,1.086629024075028,0.9913051584308608,,2009-07-02,2026-07-02,206,1,,价格动量在国家与行业同组内作相对确认。,欧洲市场分散在多个国家，同组相对趋势更接近公司特有信息，而不是国家指数方向。,C:\GoogleDrive\TP\07_backtest_code\runs\ad_hoc\stoxx600_factor_extension_20260711,C:\GoogleDrive\TP\09_reports\factor_explorer_sources\stoxx600-factor-explorer.html
stoxx600,STOXX EUROPE 600,new,新扩展,stoxx_ext_downside_aware_revision,Downside-aware Revision,新扩展 · residual_risk,extension_candidate,0.1079908829519074,0.013911179897895698,0.06942117422625893,3.02458331008449,1.0736378513466183,0.9758476623079465,,2010-01-04,2026-07-02,200,2,,在基本面改善中约束公司特有下行风险。,残差下行风险用于避免把高 beta 或尾部脆弱性误当作更强的预期回报。,C:\GoogleDrive\TP\07_backtest_code\runs\ad_hoc\stoxx600_factor_extension_20260711,C:\GoogleDrive\TP\09_reports\factor_explorer_sources\stoxx600-factor-explorer.html
stoxx600,STOXX EUROPE 600,new,新扩展,stoxx_ext_capital_efficient_growth_revision,Capital-efficient Growth + Revision,新扩展 · capital_efficiency,extension_candidate,0.1313414271187805,0.023524576915074924,0.053364941430479096,2.420054559367548,0.8927221277632957,0.9739917458326625,,2009-07-02,2026-07-02,206,4,,增长需要资本生产率和现金转化共同确认。,欧洲行业结构差异很大；资本效率用于区分可自我融资的增长与依赖持续资本投入的扩张。,C:\GoogleDrive\TP\07_backtest_code\runs\ad_hoc\stoxx600_factor_extension_20260711,C:\GoogleDrive\TP\09_reports\factor_explorer_sources\stoxx600-factor-explorer.html
stoxx600,STOXX EUROPE 600,new,新扩展,stoxx_ext_dividend_revision_quality,Dividend Growth + Revision + Payout,新扩展 · dividend_sustainability,extension_candidate,0.13007949006870034,0.022382902610088795,0.05607374989017844,2.5280519899727825,0.7459715584395274,0.929670087541631,,2009-07-02,2026-07-02,206,3,,股息增长必须由盈利上修和派息纪律确认。,单看高股息容易落入价值陷阱；盈利修正与合理派息率用于确认股息的可持续性。,C:\GoogleDrive\TP\07_backtest_code\runs\ad_hoc\stoxx600_factor_extension_20260711,C:\GoogleDrive\TP\09_reports\factor_explorer_sources\stoxx600-factor-explorer.html
stoxx600,STOXX EUROPE 600,new,新扩展,stoxx_ext_cash_productivity,FCF / Sales,新扩展 · capital_efficiency,extension_candidate,0.1338280719581013,0.025774244594416684,0.04021466134789353,1.9546940267697273,0.685037382218475,0.7709849916526131,,2009-07-02,2026-07-02,206,1,,增长需要资本生产率和现金转化共同确认。,欧洲行业结构差异很大；资本效率用于区分可自我融资的增长与依赖持续资本投入的扩张。,C:\GoogleDrive\TP\07_backtest_code\runs\ad_hoc\stoxx600_factor_extension_20260711,C:\GoogleDrive\TP\09_reports\factor_explorer_sources\stoxx600-factor-explorer.html
stoxx600,STOXX EUROPE 600,new,新扩展,stoxx_ext_residual_momentum_risk_adjusted,Risk-adjusted Residual Momentum,新扩展 · residual_momentum,extension_candidate,0.10328508723783414,0.00960495437934128,0.03519331847639662,1.768907016754247,0.18378827346091342,0.981517105787239,,2010-01-04,2026-07-02,200,1,,剔除 STOXX 市场共同波动后再观察趋势。,残差动量更接近公司特有信息扩散，Revision 确认可过滤纯 beta 驱动的价格上涨。,C:\GoogleDrive\TP\07_backtest_code\runs\ad_hoc\stoxx600_factor_extension_20260711,C:\GoogleDrive\TP\09_reports\factor_explorer_sources\stoxx600-factor-explorer.html
stoxx600,STOXX EUROPE 600,new,新扩展,stoxx_ext_low_residual_downside_risk,Low Residual Downside Risk,新扩展 · residual_risk,extension_candidate,0.09533453961425997,0.002329488709424954,0.029977950739604964,1.627546821510122,0.11662883840892024,0.981517105787239,,2010-01-04,2026-07-02,200,1,,在基本面改善中约束公司特有下行风险。,残差下行风险用于避免把高 beta 或尾部脆弱性误当作更强的预期回报。,C:\GoogleDrive\TP\07_backtest_code\runs\ad_hoc\stoxx600_factor_extension_20260711,C:\GoogleDrive\TP\09_reports\factor_explorer_sources\stoxx600-factor-explorer.html
stoxx600,STOXX EUROPE 600,new,新扩展,stoxx_ext_residual_momentum,STOXX-residual Momentum 12-1,新扩展 · residual_momentum,extension_candidate,0.10064155962226007,0.007185888710106392,0.036323583972919016,1.8010261199128967,0.09861401448790091,0.9896865280802705,,2010-01-04,2026-07-02,200,1,,剔除 STOXX 市场共同波动后再观察趋势。,残差动量更接近公司特有信息扩散，Revision 确认可过滤纯 beta 驱动的价格上涨。,C:\GoogleDrive\TP\07_backtest_code\runs\ad_hoc\stoxx600_factor_extension_20260711,C:\GoogleDrive\TP\09_reports\factor_explorer_sources\stoxx600-factor-explorer.html
stoxx600,STOXX EUROPE 600,new,新扩展,stoxx600_syn_loo_without_revision,新扩展：full model without revision,新扩展 · 组合模型,leave_one_out,0.16028022017547894,0.056921955923673107,0.15766852929363262,11.611079648945791,6.602405930139014,0.9939153058024932,0.4836531133893703,2009-10-02,2026-07-02,203,8,,保留八个互补主题，并移除在当前结构中与多种确认信号重复的独立 revision 主题。,EPS revision 单变量仍有效；这里移除的是重复的主题暴露。残差动量、质量修复和 PMOM 已共同表达盈利信息扩散，因此组合层面减少重复后横截面分离更强。,C:\GoogleDrive\TP\07_backtest_code\runs\ad_hoc\stoxx600_factor_extension_20260711,C:\GoogleDrive\TP\09_reports\factor_explorer_sources\stoxx600-factor-explorer.html
nasdaq,NASDAQ COMP,old,旧基线,nasdaq_ext_subset_quality_improvement_earnings_yield_improvement,Evidence-first 核心：quality improvement + earnings-yield improvement,旧基线 · MODEL IMPLICATION,core,0.26237844761883244,0.03730909183155329,0.11757976676816861,3.902749640808636,0.9,0.886,,2014-04-02,2026-07-02,150,0,,这是最干净的全样本 subset：先用经营质量的边际改善过滤公司，再用盈利收益率改善加入估值纪律。它不等于传统低估值，也不等于静态质量。,经营利润率与 ROE 的改善说明盈利能力正在兑现，而 earnings yield 的改善让组合不必为同样的盈利支付越来越高的价格。这里的 alpha 逻辑是“改善中的质量以更合理的盈利价格交易”，不是单纯追逐高 ROE 或低 PE。,C:\GoogleDrive\TP\07_backtest_code\runs\ad_hoc\nasdaq_extended_factor_research_20260709,C:\GoogleDrive\TP\09_reports\factor_explorer_sources\nasdaq-factor-explorer.html
nasdaq,NASDAQ COMP,old,旧基线,nasdaq_ext_pair_459c506bb7f6,3期 Oper Margin 改善 + 3期 ROE 排名改善,旧基线 · STRICT SYNERGY,best-pair,0.2858644646152506,0.05660778867420646,0.1730955908737648,7.067647163932776,2.08,0.855,,2014-04-02,2026-07-02,150,0,,最强 pair 同时看经营端的利润率拐点与资本效率相对同行的改善。两条腿各自通过 gate，而且 pair 的 robust 与 Top/Worst 都明显超过强单腿。,利润率改善说明定价、成本或产品组合正在向好；ROE 排名改善说明这种变化已经开始提高股东资本的回报效率。两个维度共同出现时，市场面对的是可持续性更高的经营兑现，而不是一次性的利润率波动。,C:\GoogleDrive\TP\07_backtest_code\runs\ad_hoc\nasdaq_extended_factor_research_20260709,C:\GoogleDrive\TP\09_reports\factor_explorer_sources\nasdaq-factor-explorer.html
nasdaq,NASDAQ COMP,old,旧基线,nasdaq_ext_pair_2c3db0360664,3期 Earns Yield 改善 + 3期 Oper Margin 改善,旧基线 · STRICT SYNERGY,quality-value,0.2719696168212089,0.045190252218667126,0.1422707899276956,5.100605044447598,0.79,0.855,,2014-04-02,2026-07-02,150,0,,Nasdaq 版 quality-at-a-better-price：不是买低 PE，而是买利润率变好、forward earnings yield 也在改善的公司。,利润率改善先排除基本面恶化的“便宜”，而 forward earnings yield 改善限制为质量改善支付过高估值。这个组合的经济含义是让估值随着盈利质量一同被约束，而不是把 value 和 quality 机械拼接。,C:\GoogleDrive\TP\07_backtest_code\runs\ad_hoc\nasdaq_extended_factor_research_20260709,C:\GoogleDrive\TP\09_reports\factor_explorer_sources\nasdaq-factor-explorer.html
nasdaq,NASDAQ COMP,old,旧基线,nasdaq_momentum_eps_ntm_3m_growth_score,EPS NTM 3M Growth,旧基线 · RAW PASS,eps-growth,0.24828836140986477,0.02726457666061255,0.0820200603633019,2.677867556972357,0.319,0.958,,2014-01-02,2026-07-02,153,0,,近端盈利增长变化是全样本 raw gate 通过的核心信息。它捕捉的不是五年历史成长，而是市场正在重新定价的未来十二个月盈利。,近端 EPS 增长变化带来的是估值锚的更新：如果未来十二个月盈利的速度上调，折现的分子与叙事的可信度都在变化。它比长期历史 CAGR 更贴近分析师与投资者当下需要处理的新信息。,C:\GoogleDrive\TP\07_backtest_code\runs\ad_hoc\nasdaq_extended_factor_research_20260709,C:\GoogleDrive\TP\09_reports\factor_explorer_sources\nasdaq-factor-explorer.html
nasdaq,NASDAQ COMP,old,旧基线,nasdaq_momentum_eps_revision_ratio_score,EPS Revision Ratio,旧基线 · RAW PASS,revision,0.23081258356227852,0.012883085903028668,0.08740062243818314,2.84910082346536,0.158,0.965,,2014-01-02,2026-07-02,153,0,,盈利上修是有效单腿，但 full-theme LOO 显示它并非 quality/earnings-yield composite 的核心协同来源。应作为独立 sleeve 或确认信号。,revision 反映分析师信息的扩散和未来盈利预期的再定价。它有效并不意味着需要和每一个质量变量叠加：在 Nasdaq，revision 与经营改善常常覆盖同一批“市场正在重估”的公司，简单相加可能只增加噪声。,C:\GoogleDrive\TP\07_backtest_code\runs\ad_hoc\nasdaq_extended_factor_research_20260709,C:\GoogleDrive\TP\09_reports\factor_explorer_sources\nasdaq-factor-explorer.html
nasdaq,NASDAQ COMP,new,新扩展,nasdaq_tech_capital_efficient_growth_revision,Capital-efficient Growth + Revision,新扩展 · capital_efficiency,tech_engineered,0.23716270524809047,0.018108818524816384,0.08842423634279228,2.882795477980539,0.1972738058633584,0.9571097980183783,,2014-01-02,2026-07-02,152,4,,寻找既增长、又提高资产生产率、且盈利预期上修的公司。,Asset TO exFIN 把增长与资本占用联系起来，避免只奖励依赖持续融资或重资产扩张的收入增长。,C:\GoogleDrive\TP\07_backtest_code\runs\ad_hoc\nasdaq_tech_factor_extension_20260710,C:\GoogleDrive\TP\09_reports\factor_explorer_sources\nasdaq-factor-explorer.html
nasdaq,NASDAQ COMP,new,新扩展,nasdaq_tech_growth_confirmation,Growth + Earnings Revision,新扩展 · growth_confirmation,tech_engineered,0.2275004868510373,0.010157407029123267,0.09881949901759612,3.24636530141788,0.24911618603961616,0.9576040800736929,,2014-01-02,2026-07-02,152,3,,增长必须由盈利预期上修确认。,收入与毛利增长单独使用会混入昂贵但未兑现的成长；加入 EPS Revision Ratio 后，信号更接近正在被分析师验证的增长。,C:\GoogleDrive\TP\07_backtest_code\runs\ad_hoc\nasdaq_tech_factor_extension_20260710,C:\GoogleDrive\TP\09_reports\factor_explorer_sources\nasdaq-factor-explorer.html
nasdaq,NASDAQ COMP,new,新扩展,nasdaq_tech_asset_light_growth_revision,Asset-light Growth + Revision,新扩展 · intangible_investment,tech_engineered,0.23263886348435991,0.014385974978266658,0.11884968392218975,4.068457729567071,1.0727307752871411,0.9318564784650295,,2014-01-02,2026-07-02,152,5,,资产轻型增长需要利润率与盈利上修共同确认。,低物理资本开支、经营利润率和研发信息共同描述无形资产驱动的增长；EPS 上修用于过滤尚未兑现的故事。,C:\GoogleDrive\TP\07_backtest_code\runs\ad_hoc\nasdaq_tech_factor_extension_20260710,C:\GoogleDrive\TP\09_reports\factor_explorer_sources\nasdaq-factor-explorer.html
nasdaq,NASDAQ COMP,new,新扩展,nasdaq_tech_downside_aware_growth_revision,Downside-aware Growth + Revision,新扩展 · residual_risk,tech_engineered,0.22675322598025272,0.010661414102847822,0.07815163254769297,2.4502226171954717,0.19586999207297323,0.7677099013682626,,2014-08-04,2026-07-02,145,3,,在增长与盈利上修中加入公司特有下行风险约束。,残差下行波动剔除 Nasdaq 市场 beta 后，惩罚基本面虽强但个股下行风险过高的公司。,C:\GoogleDrive\TP\07_backtest_code\runs\ad_hoc\nasdaq_tech_factor_extension_20260710,C:\GoogleDrive\TP\09_reports\factor_explorer_sources\nasdaq-factor-explorer.html
nasdaq,NASDAQ COMP,new,新扩展,nasdaq_ext_subset_quality_improvement_intangible_investment,新主题组合：quality_improvement + intangible_investment,新扩展 · theme_subset,family_subset,0.25806054218601004,0.0322926651448878,0.14576176527468654,5.410517876240118,2.152290888539798,0.8979307555775237,0.2398165540044838,2014-02-03,2026-07-02,151,7,quality_improvement|intangible_investment,将通过 Gate 的主题等权组合，并用完整 power set 比较配置差异。,该配置用于比较 Nasdaq 中经营改善、无形资产、估值纪律、成长确认与风险控制的组合表现；高 Robust 不自动等于严格 synergy。,C:\GoogleDrive\TP\07_backtest_code\runs\ad_hoc\nasdaq_tech_factor_extension_20260710,C:\GoogleDrive\TP\09_reports\factor_explorer_sources\nasdaq-factor-explorer.html
nasdaq,NASDAQ COMP,new,新扩展,nasdaq_ext_family_subset_480bdc4bdf2a,新主题组合：quality_improvement + earnings_yield_improvement + growth_confirmation + capital_efficiency + intangible_investment,新扩展 · theme_subset,family_subset,0.26752530737836167,0.0430953730209013,0.13264597248933008,4.741728102896135,1.7745600270996371,0.9598957514210608,0.2056855452726126,2014-01-02,2026-07-02,152,10,quality_improvement|earnings_yield_improvement|growth_confirmation|capital_efficiency|intangible_investment,将通过 Gate 的主题等权组合，并用完整 power set 比较配置差异。,该配置用于比较 Nasdaq 中经营改善、无形资产、估值纪律、成长确认与风险控制的组合表现；高 Robust 不自动等于严格 synergy。,C:\GoogleDrive\TP\07_backtest_code\runs\ad_hoc\nasdaq_tech_factor_extension_20260710,C:\GoogleDrive\TP\09_reports\factor_explorer_sources\nasdaq-factor-explorer.html
nasdaq,NASDAQ COMP,new,新扩展,nasdaq_ext_family_subset_2b9206da665a,新主题组合：quality_improvement + earnings_yield_improvement + growth_confirmation + intangible_investment + residual_risk,新扩展 · theme_subset,family_subset,0.26492956239681864,0.0379289913208962,0.1325459824675992,4.685130073545742,1.7218517757983065,0.938551753577928,0.2157611783062164,2014-02-03,2026-07-02,151,10,quality_improvement|earnings_yield_improvement|growth_confirmation|intangible_investment|residual_risk,将通过 Gate 的主题等权组合，并用完整 power set 比较配置差异。,该配置用于比较 Nasdaq 中经营改善、无形资产、估值纪律、成长确认与风险控制的组合表现；高 Robust 不自动等于严格 synergy。,C:\GoogleDrive\TP\07_backtest_code\runs\ad_hoc\nasdaq_tech_factor_extension_20260710,C:\GoogleDrive\TP\09_reports\factor_explorer_sources\nasdaq-factor-explorer.html
nasdaq,NASDAQ COMP,new,新扩展,nasdaq_ext_family_subset_f24056961b83,新主题组合：revision + quality_improvement + earnings_yield_improvement + growth_confirmation + intangible_investment,新扩展 · theme_subset,family_subset,0.27018250045448977,0.0452820794047943,0.1290350022772111,4.556255601015211,1.6961418315819077,0.9632883237098115,0.2081034496648626,2014-01-02,2026-07-02,152,11,revision|quality_improvement|earnings_yield_improvement|growth_confirmation|intangible_investment,将通过 Gate 的主题等权组合，并用完整 power set 比较配置差异。,该配置用于比较 Nasdaq 中经营改善、无形资产、估值纪律、成长确认与风险控制的组合表现；高 Robust 不自动等于严格 synergy。,C:\GoogleDrive\TP\07_backtest_code\runs\ad_hoc\nasdaq_tech_factor_extension_20260710,C:\GoogleDrive\TP\09_reports\factor_explorer_sources\nasdaq-factor-explorer.html
nasdaq,NASDAQ COMP,new,新扩展,nasdaq_ext_family_subset_39d76e444771,新主题组合：quality_improvement + earnings_yield_improvement + growth_confirmation + capital_efficiency + intangible_investment + residual_risk,新扩展 · theme_subset,family_subset,0.2654001708047502,0.0413465162222446,0.12919362874156737,4.564261036775591,1.6466110796338211,0.9599856208856636,0.198727493119039,2014-01-02,2026-07-02,152,11,quality_improvement|earnings_yield_improvement|growth_confirmation|capital_efficiency|intangible_investment|residual_risk,将通过 Gate 的主题等权组合，并用完整 power set 比较配置差异。,该配置用于比较 Nasdaq 中经营改善、无形资产、估值纪律、成长确认与风险控制的组合表现；高 Robust 不自动等于严格 synergy。,C:\GoogleDrive\TP\07_backtest_code\runs\ad_hoc\nasdaq_tech_factor_extension_20260710,C:\GoogleDrive\TP\09_reports\factor_explorer_sources\nasdaq-factor-explorer.html
