Date,Name,ISIN,Company SEDOL,Exchange Country Region,Exchange Country Name,FactSet Ind, Benchmark ICB Supersector ,neutral_group_n,Score ML,Score ML_IF,raw_diff,abs_raw_diff,Score ML_neutral,Score ML_IF_neutral,neutral_diff,abs_neutral_diff,score_ml_neutral_decile,score_ml_if_neutral_decile,neutral_decile_diff,Weight in MSCI WORLD,Weight in SP500,Weight in STOXX EUROPE 600
2026-04-30,SLB Limited,AN8068571086,BJ2HRV-R,North America,UNITED STATES,Contract Drilling,12.0,23,1.1111111111111112,1.25,-0.13888888888888884,0.13888888888888884,1.3043478260869565,1.3043478260869565,0.0,0.0,1,1,0,0.0009765088991738734,0.001375730021447631,
2026-04-30,Raiffeisen Bank International AG,AT0000606306,S0YJ3Z-R,West Europe,AUSTRIA,Major Banks,2.0,37,5.098039215686274,8.04,-2.941023284313726,2.941023284313726,4.594594594594595,8.378378378378379,-3.783783783783784,3.783783783783784,5,9,-4,8.360338992927152e-05,,0.00044565379646150884
2026-04-30,Erste Group Bank AG,AT0000652011,PQHMVC-R,West Europe,AUSTRIA,Major Banks,2.0,37,3.333333333333333,7.254,-3.920572916666667,3.920572916666667,3.5135135135135136,7.297297297297297,-3.7837837837837838,3.7837837837837838,4,8,-4,0.0004040706996581562,,0.00225727198207726
2026-04-30,OMV AG,AT0000743059,VVCHP7-R,West Europe,AUSTRIA,Integrated Oil,12.0,14,8.235294117647058,5.883,2.352481617647058,2.352481617647058,8.571428571428571,7.142857142857143,1.428571428571428,1.428571428571428,9,7,2,0.00011152829990564706,,0.0006528982948159874
2026-04-30,VERBUND AG Class A,AT0000746409,TVPQ9Y-R,West Europe,AUSTRIA,Alternative Power Generation,19.0,23,0.3448275862068966,0.3447,0.0001010237068965747,0.0001010237068965747,0.43478260869565216,0.43478260869565216,0.0,0.0,1,1,0,5.5454219953085735e-05,,0.00033452719734385403
2026-04-30,BAWAG Group AG,AT0000BAWAG2,GW7KTS-R,West Europe,AUSTRIA,Savings Banks,2.0,37,0.39215686274509803,0.392,6.701899509803377e-05,6.701899509803377e-05,0.5405405405405406,0.5405405405405406,0.0,0.0,1,1,0,0.00015038099987277768,,0.000897466992874112
2026-04-30,Aristocrat Leisure Limited,AU000000ALL7,P5B11J-R,Pacific,AUSTRALIA,Casinos/Gaming,18.0,3,6.666666666666666,3.334,3.332682291666666,3.332682291666666,6.666666666666666,3.333333333333333,3.333333333333333,3.333333333333333,7,3,4,0.00021960869981421104,,
2026-04-30,ANZ Group Holdings Limited,AU000000ANZ3,TBRJT5-R,Pacific,AUSTRALIA,Major Banks,2.0,4,10.0,10.0,0.0,0.0,10.0,10.0,0.0,0.0,10,10,0,0.0009128872992276973,,
2026-04-30,APA Group,AU000000APA1,FXK7XF-R,Pacific,AUSTRALIA,Gas Distributors,12.0,4,2.5,2.5,0.0,0.0,2.5,2.5,0.0,0.0,3,3,0,0.00010002759991537664,,
2026-04-30,ASX Limited,AU000000ASX7,CPFK9K-R,Pacific,AUSTRALIA,Investment Banks/Brokers,6.0,3,5.0,3.334,1.666015625,1.666015625,3.333333333333333,3.333333333333333,0.0,0.0,3,3,0,9.273423992154683e-05,,
2026-04-30,BHP Group Ltd,AU000000BHP4,GGJT5L-R,Pacific,AUSTRALIA,Steel,3.0,7,1.4285714285714284,5.715,-4.286272321428571,4.286272321428571,1.4285714285714284,5.7142857142857135,-4.285714285714285,4.285714285714285,2,6,-4,0.002308045998047393,,
2026-04-30,Brambles Limited,AU000000BXB1,QSD000-R,Pacific,AUSTRALIA,Air Freight/Couriers,9.0,3,5.0,6.668,-1.66796875,1.66796875,6.666666666666666,6.666666666666666,0.0,0.0,7,7,0,0.00025116839978751155,,
2026-04-30,CAR Group Limited,AU000000CAR3,SN8WCL-R,Pacific,AUSTRALIA,Internet Software/Services,16.0,3,10.0,10.0,0.0,0.0,10.0,10.0,0.0,0.0,10,10,0,7.307064993818223e-05,,
2026-04-30,Commonwealth Bank of Australia,AU000000CBA7,VYVR3T-R,Pacific,AUSTRALIA,Major Banks,2.0,4,2.5,2.5,0.0,0.0,2.5,2.5,0.0,0.0,3,3,0,0.002384322997982863,,
2026-04-30,Computershare Limited,AU000000CPU5,Q3VCTK-R,Pacific,AUSTRALIA,Miscellaneous Commercial Services,6.0,3,10.0,10.0,0.0,0.0,10.0,10.0,0.0,0.0,10,10,0,0.00013044959988963963,,
2026-04-30,CSL Limited,AU000000CSL8,WT0KJR-R,Pacific,AUSTRALIA,Biotechnology,8.0,4,8.333333333333334,7.5,0.8333333333333339,0.8333333333333339,7.5,7.5,0.0,0.0,8,8,0,0.0004959191995804524,,
2026-04-30,Evolution Mining Limited,AU000000EVN4,XJL6YC-R,Pacific,AUSTRALIA,Precious Metals,3.0,7,8.571428571428571,8.57,0.0011160714285711748,0.0011160714285711748,8.571428571428571,8.571428571428571,0.0,0.0,9,9,0,0.00020042099983044384,,
2026-04-30,Fortescue Ltd,AU000000FMG4,TQ3TPS-R,Pacific,AUSTRALIA,Steel,3.0,7,7.142857142857143,7.145,-0.0016741071428567622,0.0016741071428567622,7.142857142857143,7.142857142857143,0.0,0.0,7,7,0,0.0002789635997639968,,
2026-04-30,Goodman Group,AU000000GMG2,CZFH9B-R,Pacific,AUSTRALIA,Real Estate Investment Trusts,14.0,5,2.0,2.0,0.0,0.0,2.0,2.0,0.0,0.0,2,2,0,0.0005061276995718159,,
2026-04-30,Insurance Australia Group Ltd,AU000000IAG3,MXRN5P-R,Pacific,AUSTRALIA,Property/Casualty Insurance,10.0,4,2.5,5.0,-2.5,2.5,2.5,5.0,-2.5,2.5,3,5,-2,0.0001498375998732374,,
2026-04-30,Lynas Rare Earths Limited,AU000000LYC6,CQFC1G-R,Pacific,AUSTRALIA,Other Metals/Minerals,3.0,7,2.8571428571428568,1.429,1.4284319196428568,1.4284319196428568,2.8571428571428568,1.4285714285714284,1.4285714285714284,1.4285714285714284,3,2,1,0.00014329389987877334,,
2026-04-30,Medibank Private Ltd.,AU000000MPL3,R2V6QP-R,Pacific,AUSTRALIA,Life/Health Insurance,10.0,4,7.5,7.5,0.0,0.0,7.5,7.5,0.0,0.0,8,8,0,0.00010272259991309668,,
2026-04-30,"Macquarie Group, Ltd.",AU000000MQG1,CD5RFJ-R,Pacific,AUSTRALIA,Major Banks,6.0,3,7.5,6.668,0.83203125,0.83203125,6.666666666666666,6.666666666666666,0.0,0.0,7,7,0,0.0007106538993987868,,
2026-04-30,National Australia Bank Limited,AU000000NAB4,NYN6LF-R,Pacific,AUSTRALIA,Major Banks,2.0,4,5.0,5.0,0.0,0.0,5.0,5.0,0.0,0.0,5,5,0,0.0010012529991529399,,
2026-04-30,Northern Star Resources Ltd,AU000000NST8,LFC0CK-R,Pacific,AUSTRALIA,Precious Metals,3.0,7,4.285714285714286,2.857,1.4282924107142856,1.4282924107142856,4.285714285714286,2.8571428571428568,1.4285714285714288,1.4285714285714288,4,3,1,0.00023381149980219545,,
2026-04-30,Origin Energy Limited,AU000000ORG5,D8LSJ4-R,Pacific,AUSTRALIA,Oil & Gas Production,19.0,1,6.666666666666666,10.0,-3.333333333333334,3.333333333333334,10.0,10.0,0.0,0.0,10,10,0,0.00017406699985273932,,
2026-04-30,"Pro Medicus, Ltd.",AU000000PME8,RGWXZX-R,Pacific,AUSTRALIA,Services to the Health Industry,8.0,4,1.6666666666666665,2.5,-0.8333333333333335,0.8333333333333335,2.5,2.5,0.0,0.0,3,3,0,6.470464994525987e-05,,
2026-04-30,Qantas Airways Limited,AU000000QAN2,J0CRH9-R,Pacific,AUSTRALIA,Airlines,18.0,3,10.0,10.0,0.0,0.0,10.0,10.0,0.0,0.0,10,10,0,6.328452994646129e-05,,
2026-04-30,QBE Insurance Group Limited,AU000000QBE9,F5SZTK-R,Pacific,AUSTRALIA,Property/Casualty Insurance,10.0,4,10.0,10.0,0.0,0.0,10.0,10.0,0.0,0.0,10,10,0,0.0002800158997631065,,
2026-04-30,REA Group Ltd,AU000000REA9,S26HGK-R,Pacific,AUSTRALIA,Advertising/Marketing Services,14.0,5,4.0,6.0,-2.0,2.0,4.0,6.0,-2.0,2.0,4,6,-2,7.072485994016677e-05,,
2026-04-30,Rio Tinto Limited,AU000000RIO1,F4T98R-R,Pacific,AUSTRALIA,Other Metals/Minerals,3.0,7,5.7142857142857135,4.285,1.4291294642857135,1.4291294642857135,5.7142857142857135,4.285714285714286,1.428571428571428,1.428571428571428,6,4,2,0.0005179069995618507,,
2026-04-30,South32 Ltd.,AU000000S320,DJYY8V-R,Pacific,AUSTRALIA,Other Metals/Minerals,3.0,7,10.0,10.0,0.0,0.0,10.0,10.0,0.0,0.0,10,10,0,0.0001481980998746244,,
2026-04-30,Scentre Group,AU000000SCG8,VVH115-R,Pacific,AUSTRALIA,Real Estate Investment Trusts,14.0,5,8.0,8.0,0.0,0.0,8.0,8.0,0.0,0.0,8,8,0,0.00016614059985944505,,
2026-04-30,Stockland,AU000000SGP0,P8S25Z-R,Pacific,AUSTRALIA,Real Estate Investment Trusts,14.0,5,10.0,10.0,0.0,0.0,10.0,10.0,0.0,0.0,10,10,0,7.885930993328502e-05,,
2026-04-30,Sonic Healthcare Limited,AU000000SHL7,RMFQJ1-R,Pacific,AUSTRALIA,Medical/Nursing Services,8.0,4,10.0,10.0,0.0,0.0,10.0,10.0,0.0,0.0,10,10,0,7.095015993997616e-05,,
2026-04-30,Sigma Healthcare Ltd,AU000000SIG5,T3ZRQ9-R,Pacific,AUSTRALIA,Pharmaceuticals: Major,8.0,4,3.333333333333333,5.0,-1.666666666666667,1.666666666666667,5.0,5.0,0.0,0.0,5,5,0,9.105915992296395e-05,,
2026-04-30,Washington H. Soul Pattinson and Company Limited,AU000000SOL3,TP0SSV-R,Pacific,AUSTRALIA,Financial Conglomerates,12.0,4,10.0,5.0,5.0,5.0,10.0,5.0,5.0,5.0,10,5,5,0.00012060449989796859,,
2026-04-30,Santos Limited,AU000000STO6,VMHGC9-R,Pacific,AUSTRALIA,Oil & Gas Production,12.0,4,7.5,10.0,-2.5,2.5,7.5,10.0,-2.5,2.5,8,10,-2,0.0002167318998166448,,
2026-04-30,Suncorp Group Limited,AU000000SUN6,QG7SR4-R,Pacific,AUSTRALIA,Multi-Line Insurance,10.0,4,5.0,2.5,2.5,2.5,5.0,2.5,2.5,2.5,5,3,2,0.00014376079987837834,,
2026-04-30,Transurban Group Ltd.,AU000000TCL6,XC1MPB-R,Pacific,AUSTRALIA,Other Transportation,9.0,3,10.0,10.0,0.0,0.0,10.0,10.0,0.0,0.0,10,10,0,0.00037136729968582325,,
2026-04-30,Telstra Group Limited,AU000000TLS2,JCL64C-R,Pacific,AUSTRALIA,Wireless Telecommunications,17.0,1,10.0,10.0,0.0,0.0,10.0,10.0,0.0,0.0,10,10,0,0.00017266259985392743,,
2026-04-30,Vicinity Centres,AU000000VCX7,L8PQ54-R,Pacific,AUSTRALIA,Real Estate Investment Trusts,14.0,5,6.0,4.0,2.0,2.0,6.0,4.0,2.0,2.0,6,4,2,7.818066993385915e-05,,
2026-04-30,Westpac Banking Corporation,AU000000WBC1,HTK3ZS-R,Pacific,AUSTRALIA,Major Banks,2.0,4,7.5,7.5,0.0,0.0,7.5,7.5,0.0,0.0,8,8,0,0.001096375999072466,,
2026-04-30,Wesfarmers Limited,AU000000WES1,DWQ9L6-R,Pacific,AUSTRALIA,Home Improvement Chains,15.0,3,3.333333333333333,3.334,-0.0006510416666669627,0.0006510416666669627,3.333333333333333,3.333333333333333,0.0,0.0,3,3,0,0.0006761655994279639,,
2026-04-30,Woolworths Group Ltd,AU000000WOW2,PM32J9-R,Pacific,AUSTRALIA,Food Retail,15.0,3,6.666666666666666,6.668,-0.0013020833333339255,0.0013020833333339255,6.666666666666666,6.666666666666666,0.0,0.0,7,7,0,0.0003271675997232162,,
2026-04-30,Wisetech Global Ltd.,AU000000WTC3,TCQPZ3-R,Pacific,AUSTRALIA,Packaged Software,16.0,3,3.333333333333333,6.668,-3.334635416666667,3.334635416666667,3.333333333333333,6.666666666666666,-3.333333333333333,3.333333333333333,3,7,-4,7.35470399377792e-05,,
2026-04-30,Coles Group Ltd.,AU0000030678,Q17XXL-R,Pacific,AUSTRALIA,Food Retail,15.0,3,10.0,10.0,0.0,0.0,10.0,10.0,0.0,0.0,10,10,0,0.00024857759978970335,,
2026-04-30,IREN Limited,AU0000185993,KQQSCV-R,North America,UNITED STATES,Data Processing Services,9.0,99,1.271186440677966,0.476,0.795112221927966,0.795112221927966,1.2121212121212122,0.5050505050505051,0.7070707070707071,0.7070707070707071,1,1,0,0.0001718077998546506,,
2026-04-30,Lottery Corporation Limited,AU0000219529,RYTKRH-R,Pacific,AUSTRALIA,Movies/Entertainment,18.0,3,3.333333333333333,6.668,-3.334635416666667,3.334635416666667,3.333333333333333,6.666666666666666,-3.333333333333333,3.333333333333333,3,7,-4,9.515159991950174e-05,,
2026-04-30,Woodside Energy Group Ltd,AU0000224040,R96YBR-R,Pacific,AUSTRALIA,Oil & Gas Production,12.0,4,5.0,7.5,-2.5,2.5,5.0,7.5,-2.5,2.5,5,8,-3,0.000510010599568531,,
2026-04-30,SGH Limited,AU0000364754,F2FS1R-R,Pacific,AUSTRALIA,Wholesale Distributors,9.0,3,2.5,3.334,-0.833984375,0.833984375,3.333333333333333,3.333333333333333,0.0,0.0,3,3,0,6.417319994570947e-05,,
2026-04-30,KBC Group N.V.,BE0003565737,PZGQ27-R,West Europe,BELGIUM,Regional Banks,2.0,37,5.686274509803921,3.922,1.764399509803921,1.764399509803921,5.135135135135135,4.324324324324325,0.8108108108108105,0.8108108108108105,5,5,0,0.00035654599969836206,,0.0019722319843404777
2026-04-30,Lotus Bakeries NV,BE0003604155,N6Z6TP-R,West Europe,BELGIUM,Food: Specialty/Candy,7.0,23,0.7142857142857142,4.285,-3.5708705357142856,3.5708705357142856,0.8695652173913043,4.782608695652174,-3.9130434782608696,3.9130434782608696,1,5,-4,5.800863995092469e-05,,0.00033741599732091697
2026-04-30,Sofina SA,BE0003717312,BV5649-R,West Europe,BELGIUM,Investment Managers,6.0,22,1.6279069767441863,0.93,0.6977311954941863,0.6977311954941863,2.727272727272727,1.3636363636363635,1.3636363636363635,1.3636363636363635,3,2,1,3.914943996687957e-05,,0.0002905111976933411
2026-04-30,UCB S.A.,BE0003739530,KNHDSG-R,West Europe,BELGIUM,Pharmaceuticals: Major,8.0,38,5.8,5.2,0.6007812499999998,0.6007812499999998,5.7894736842105265,5.263157894736842,0.526315789473685,0.526315789473685,6,6,0,0.0003620525996937035,,0.0022735019819483944
2026-04-30,Groupe Bruxelles Lambert SA,BE0003797140,FLFHHZ-R,West Europe,BELGIUM,Financial Conglomerates,6.0,22,3.488372093023256,3.023,0.4649345930232558,0.4649345930232558,5.0,4.545454545454545,0.45454545454545503,0.45454545454545503,5,5,0,8.303591992975162e-05,,0.0005206388958661272
2026-04-30,Elia Group SA/NV,BE0003822393,CB3CHZ-R,West Europe,BELGIUM,Electric Utilities,19.0,23,6.8965517241379315,2.414,4.4824892241379315,4.4824892241379315,7.391304347826086,3.0434782608695654,4.347826086956521,4.347826086956521,8,3,5,9.33891299209928e-05,,0.0005368909957370855
2026-04-30,Financiere de Tubize S.A.,BE0003823409,STXY3R-R,West Europe,BELGIUM,Financial Conglomerates,8.0,38,3.2,2.2,1.0007812500000002,1.0007812500000002,2.631578947368421,2.1052631578947367,0.5263157894736841,0.5263157894736841,3,2,1,5.375071995452689e-05,,0.0003133202975122368
2026-04-30,D'Ieteren Group SA/NV,BE0974259880,FJ622T-R,West Europe,BELGIUM,Other Consumer Services,1.0,12,3.5294117647058827,2.354,1.1758961397058827,1.1758961397058827,3.333333333333333,2.5,0.833333333333333,0.833333333333333,3,3,0,5.2201349955837655e-05,,0.0003309793973720236
2026-04-30,ageas SA/NV,BE0974264930,C5C2LR-R,West Europe,BELGIUM,Multi-Line Insurance,10.0,24,9.25925925925926,7.777,1.4819155092592595,1.4819155092592595,9.166666666666666,7.916666666666666,1.25,1.25,9,8,1,0.00014591289987655768,,0.0008279972934257015
2026-04-30,Anheuser-Busch InBev SA/NV,BE0974293251,MH7BG5-R,West Europe,BELGIUM,Beverages: Alcoholic,7.0,23,7.857142857142857,4.645,3.2126116071428568,3.2126116071428568,7.391304347826086,5.217391304347826,2.17391304347826,2.17391304347826,8,5,3,0.0008481340992824786,,0.005208051958648067
2026-04-30,Syensqo SA/NV,BE0974464977,VJN49T-R,West Europe,BELGIUM,Chemicals: Major Diversified,3.0,14,3.1818181818181817,0.4546,2.7272283380681817,2.7272283380681817,5.0,0.7142857142857142,4.285714285714286,4.285714285714286,5,1,4,5.3322779954888925e-05,,0.0003181098974742074
2026-04-30,Aegon Ltd.,BMG0112X1056,VPRXRF-R,West Europe,NETHERLANDS,Multi-Line Insurance,10.0,24,6.296296296296297,9.63,-3.3365162037037033,3.3365162037037033,6.25,10.0,-3.75,3.75,6,10,-4,0.0001335026998870567,,0.0006928187944990188
2026-04-30,Arch Capital Group Ltd.,BMG0450A1053,LJK8PQ-R,North America,UNITED STATES,Multi-Line Insurance,10.0,23,2.8125,8.0,-5.1875,5.1875,3.4782608695652173,7.826086956521739,-4.3478260869565215,4.3478260869565215,4,8,-4,0.0003796285996788342,0.0005398344084160184,
2026-04-30,"Everest Group, Ltd.",BMG3223R1088,GZKHGQ-R,North America,UNITED STATES,Property/Casualty Insurance,10.0,23,7.8125,8.8,-0.984375,0.984375,8.695652173913043,8.695652173913043,0.0,0.0,9,9,0,0.00016208849986287314,0.00023053700359407188,
2026-04-30,Brookfield Renewable Holdings Corporation Class A,CA11285B1085,GMDL3G-R,North America,UNITED STATES,Electric Utilities,19.0,32,4.878048780487805,0.8823,3.9957245617378048,3.9957245617378048,4.6875,0.9375,3.75,3.75,5,1,4,5.482442995361853e-05,,
2026-04-30,"Restaurant Brands International, Inc.",CA76131D1033,BXX7VM-R,North America,UNITED STATES,Restaurants,18.0,20,3.4615384615384617,6.152,-2.6908052884615383,2.6908052884615383,4.0,6.5,-2.5,2.5,4,7,-3,0.0002871698997570543,,
2026-04-30,Swiss Prime Site AG,CH0008038389,DKKBWM-R,West Europe,SWITZERLAND,Real Estate Development,14.0,11,8.666666666666668,4.0,4.666666666666668,4.666666666666668,7.272727272727273,3.6363636363636367,3.6363636363636367,3.6363636363636367,7,4,3,0.00017137759985501452,,0.0009485385924686035
2026-04-30,Swisscom AG,CH0008742519,SSRNYQ-R,West Europe,SWITZERLAND,Major Telecommunications,17.0,17,7.391304347826086,6.957,0.43427309782608603,0.43427309782608603,7.058823529411765,7.058823529411765,0.0,0.0,7,7,0,0.00021674889981663042,,0.0014361609885968818
2026-04-30,Barry Callebaut AG,CH0009002962,FS0W5P-R,West Europe,SWITZERLAND,Food: Specialty/Candy,7.0,23,7.142857142857143,5.355,1.7873883928571432,1.7873883928571432,6.521739130434783,5.652173913043478,0.8695652173913055,0.8695652173913055,7,6,1,6.814199994235187e-05,,0.00034814289723574535
2026-04-30,Chocoladefabriken Lindt & Spruengli AG,CH0010570759,RKB29F-R,West Europe,SWITZERLAND,Food: Specialty/Candy,7.0,23,1.7857142857142858,2.857,-1.0717075892857142,1.0717075892857142,2.1739130434782608,3.0434782608695654,-0.8695652173913047,0.8695652173913047,2,3,-1,0.00013106509988911893,,
2026-04-30,Chocoladefabriken Lindt & Spruengli AG Partizipsch.,CH0010570767,GSYT6Q-R,West Europe,SWITZERLAND,Food: Specialty/Candy,7.0,23,1.0714285714285714,1.786,-0.7147042410714286,0.7147042410714286,1.3043478260869565,1.7391304347826086,-0.4347826086956521,0.4347826086956521,1,2,-1,0.0001290394998908326,,
2026-04-30,Givaudan SA,CH0010645932,WB7QB2-R,West Europe,SWITZERLAND,Household/Personal Care,4.0,11,1.6666666666666665,1.667,-0.00032552083333348136,0.00032552083333348136,1.8181818181818183,1.8181818181818183,0.0,0.0,2,2,0,0.00037216109968515166,,0.001864615985194949
2026-04-30,Zurich Insurance Group Ltd,CH0011075394,K3FPD8-R,West Europe,SWITZERLAND,Multi-Line Insurance,10.0,24,2.962962962962963,5.926,-2.962818287037037,2.962818287037037,2.916666666666667,5.833333333333334,-2.916666666666667,2.916666666666667,3,6,-3,0.0011669309990127762,,0.006873620945423449
2026-04-30,Novartis AG,CH0012005267,MBPRB7-R,West Europe,SWITZERLAND,Pharmaceuticals: Major,8.0,38,3.5999999999999996,5.8,-2.2007812500000004,2.2007812500000004,3.1578947368421053,5.7894736842105265,-2.6315789473684212,2.6315789473684212,3,6,-3,0.003230396997267084,,0.01899047984921559
2026-04-30,Roche Holding Ltd,CH0012032113,PKT5DV-R,West Europe,SWITZERLAND,Pharmaceuticals: Major,8.0,38,4.0,4.2,-0.19921875,0.19921875,3.6842105263157894,3.947368421052632,-0.2631578947368425,0.2631578947368425,4,4,0,0.0001508174998724084,,
2026-04-30,Holcim Ltd,CH0012214059,XHL1H3-R,West Europe,SWITZERLAND,Construction Materials,5.0,20,6.875,4.688,2.1875,2.1875,6.0,5.0,1.0,1.0,6,5,1,0.0005485688995359106,,0.003313948973687245
2026-04-30,ABB Ltd.,CH0012221716,FQZ7Z2-R,West Europe,SWITZERLAND,Electrical Products,9.0,67,2.8440366972477067,6.695,-3.8512758027522933,3.8512758027522933,2.6865671641791042,6.7164179104477615,-4.029850746268657,4.029850746268657,3,7,-4,0.0017942649984820517,,0.01065697991538358
2026-04-30,Swatch Group Ltd. Bearer,CH0012255151,B93JW5-R,West Europe,SWITZERLAND,Other Consumer Specialties,13.0,14,8.461538461538462,8.84,-0.3822115384615383,0.3822115384615383,9.285714285714286,10.0,-0.7142857142857135,0.7142857142857135,9,10,-1,9.004083992382545e-05,,0.00046915579627490296
2026-04-30,Sonova Holding AG,CH0012549785,QLLYHZ-R,West Europe,SWITZERLAND,Medical Specialties,8.0,38,6.2,3.8,2.39921875,2.39921875,6.052631578947368,3.4210526315789473,2.631578947368421,2.631578947368421,6,4,2,0.00012203209989676085,,0.0007144649943271479
2026-04-30,Lonza Group AG,CH0013841017,CRNVGL-R,West Europe,SWITZERLAND,Biotechnology,8.0,38,7.4,4.4,3.0015625000000004,3.0015625000000004,7.368421052631579,4.2105263157894735,3.1578947368421053,3.1578947368421053,8,4,4,0.0005161763995633148,,0.002875599977167736
2026-04-30,Swiss Life Holding AG,CH0014852781,HF31NG-R,West Europe,SWITZERLAND,Life/Health Insurance,10.0,24,0.7407407407407407,1.111,-0.3705873842592593,0.3705873842592593,0.41666666666666663,0.8333333333333333,-0.41666666666666663,0.41666666666666663,1,1,0,0.00037081239968629273,,0.002225966982325822
2026-04-30,EMS-CHEMIE HOLDING AG,CH0016440353,TKR72J-R,West Europe,SWITZERLAND,Chemicals: Specialty,4.0,11,4.444444444444445,4.445,-0.0008680555555553582,0.0008680555555553582,4.545454545454545,4.545454545454545,0.0,0.0,5,5,0,6.489362994509998e-05,,0.0003845281969468461
2026-04-30,Avolta AG,CH0023405456,RXPGD4-R,West Europe,SWITZERLAND,Discount Stores,15.0,14,7.777777777777778,7.777,0.0004340277777776791,0.0004340277777776791,7.142857142857143,7.142857142857143,0.0,0.0,7,7,0,6.757094994283498e-05,,0.0003922058968858852
2026-04-30,Partners Group Holding AG,CH0024608827,LBZ7PB-R,West Europe,SWITZERLAND,Investment Managers,6.0,22,0.46511627906976744,2.326,-1.8610555959302326,1.8610555959302326,0.9090909090909092,3.1818181818181817,-2.2727272727272725,2.2727272727272725,1,3,-2,0.00027882179976411675,,0.0016756629866952358
2026-04-30,Schindler Holding Ltd. Pref,CH0024638196,LC2JZF-R,West Europe,SWITZERLAND,Industrial Machinery,9.0,67,1.2844036697247707,3.578,-2.293721330275229,2.293721330275229,1.3432835820895521,3.5820895522388057,-2.2388059701492535,2.2388059701492535,2,4,-2,0.00018307249984512067,,0.0009472005924792272
2026-04-30,Schindler Holding Ltd.,CH0024638212,FBDHM9-R,West Europe,SWITZERLAND,Industrial Machinery,9.0,67,1.3761467889908259,4.586,-3.209790711009174,3.209790711009174,1.4925373134328357,4.6268656716417915,-3.134328358208956,3.134328358208956,2,5,-3,8.414599992881248e-05,,
2026-04-30,Kuehne & Nagel International AG,CH0025238863,RML0Q2-R,West Europe,SWITZERLAND,Marine Shipping,9.0,67,4.4036697247706424,5.047,-0.6432052752293576,0.6432052752293576,3.8805970149253732,5.074626865671642,-1.194029850746269,1.194029850746269,4,5,-1,0.0001370226998840788,,0.0008466796932773632
2026-04-30,Logitech International S.A.,CH0025751329,T7C5W9-R,West Europe,SWITZERLAND,Computer Peripherals,16.0,18,6.071428571428571,9.64,-3.569196428571429,3.569196428571429,5.555555555555555,10.0,-4.444444444444445,4.444444444444445,6,10,-4,0.0001821941998458637,,0.0009513632924461754
2026-04-30,Geberit AG,CH0030170408,QYYQF3-R,West Europe,SWITZERLAND,Engineering & Construction,5.0,20,0.9375,2.812,-1.875,1.875,1.5,3.5,-2.0,2.0,2,4,-2,0.0002614268997788328,,0.0015359869878042633
2026-04-30,Nestle S.A.,CH0038863350,T0JRMW-R,West Europe,SWITZERLAND,Food: Major Diversified,7.0,23,2.5,2.5,0.0,0.0,2.608695652173913,2.608695652173913,0.0,0.0,3,3,0,0.002985361997474383,,0.01754348986070469
2026-04-30,Chubb Limited,CH0044328745,JMHYW0-R,North America,UNITED STATES,Property/Casualty Insurance,10.0,23,7.5,8.4,-0.8984375,0.8984375,8.26086956521739,8.26086956521739,0.0,0.0,8,8,0,0.001394381998820353,0.0019145950298485365,
2026-04-30,Julius Baer Gruppe AG,CH0102484968,BS3CJJ-R,West Europe,SWITZERLAND,Financial Conglomerates,6.0,22,4.883720930232558,1.86,3.023369367732558,3.023369367732558,6.8181818181818175,2.727272727272727,4.09090909090909,4.09090909090909,7,3,4,0.00019704269983330185,,0.0011374139909689329
2026-04-30,Garmin Ltd.,CH0114405324,FPPSQ1-R,North America,UNITED STATES,Telecommunications Equipment,17.0,12,4.375,10.0,-5.625,5.625,5.833333333333334,10.0,-4.166666666666666,4.166666666666666,6,10,-4,0.00044782559962113953,0.0006425931100180266,
2026-04-30,Swiss Re AG,CH0126881561,T8YXW3-R,West Europe,SWITZERLAND,Multi-Line Insurance,10.0,24,4.814814814814815,5.184,-0.3687789351851851,0.3687789351851851,4.583333333333333,5.0,-0.41666666666666696,0.41666666666666696,5,5,0,0.000546355799537783,,0.0032407809742681986
2026-04-30,BKW AG,CH0130293662,FX5LTM-R,West Europe,SWITZERLAND,Electric Utilities,19.0,23,2.413793103448276,1.379,1.0348868534482758,1.0348868534482758,2.608695652173913,1.7391304347826086,0.8695652173913044,0.8695652173913044,3,2,1,6.918807994146689e-05,,0.00027456599781994597
2026-04-30,Coca-Cola HBC AG,CH0198251305,HDL2BM-R,West Europe,UNITED KINGDOM,Beverages: Non-Alcoholic,7.0,23,3.2142857142857144,3.928,-0.7134486607142856,0.7134486607142856,3.0434782608695654,4.3478260869565215,-1.304347826086956,1.304347826086956,3,5,-2,0.0001668946998588071,,0.0008416681933171546
2026-04-30,Compagnie Financiere Richemont SA,CH0210483332,KNB0HD-R,West Europe,SWITZERLAND,Other Consumer Specialties,13.0,14,6.538461538461538,8.46,-1.9224759615384617,1.9224759615384617,6.428571428571429,9.285714285714286,-2.8571428571428577,2.8571428571428577,7,9,-2,0.001172901999007725,,0.00686352394550362
2026-04-30,UBS Group AG,CH0244767585,DSLY98-R,West Europe,SWITZERLAND,Investment Managers,6.0,22,6.511627906976745,4.652,1.859284156976745,1.859284156976745,8.181818181818182,7.272727272727273,0.9090909090909083,0.9090909090909083,8,7,1,0.0016105809986374485,,0.00919588792698465
2026-04-30,VAT Group AG,CH0311864901,PMSGZ0-R,West Europe,SWITZERLAND,Industrial Machinery,9.0,67,1.1926605504587156,9.82,-8.627651949541285,8.627651949541285,1.1940298507462686,10.0,-8.805970149253731,8.805970149253731,1,10,-9,0.00025388279978521514,,0.0013880229889790974
2026-04-30,Sika AG,CH0418792922,DQ7JSW-R,West Europe,SWITZERLAND,Chemicals: Major Diversified,5.0,20,1.875,0.625,1.25,1.25,2.0,0.5,1.5,1.5,2,1,1,0.0003205195997288404,,0.001973949984326837
2026-04-30,Alcon AG,CH0432492467,SXZFWZ-R,West Europe,SWITZERLAND,Medical Specialties,8.0,38,6.6000000000000005,5.4,1.2015625000000005,1.2015625000000005,6.578947368421053,5.526315789473685,1.0526315789473681,1.0526315789473681,7,6,1,0.00040956869965350486,,0.0024787449803187647
2026-04-30,Helvetia Baloise Holding AG,CH0466642201,NQWDFJ-R,West Europe,SWITZERLAND,Multi-Line Insurance,10.0,24,5.555555555555555,1.852,3.7039930555555554,3.7039930555555554,5.416666666666666,1.6666666666666665,3.7499999999999996,3.7499999999999996,6,2,4,0.00028072249976250873,,0.001456029988439122
2026-04-30,Banque Cantonale Vaudoise,CH0531751755,G6SN46-R,West Europe,SWITZERLAND,Regional Banks,2.0,37,0.7843137254901961,1.177,-0.39244408700980393,0.39244408700980393,0.8108108108108109,1.3513513513513513,-0.5405405405405405,0.5405405405405405,1,2,-1,5.587113995273301e-05,,0.00031902339746695425
2026-04-30,BELIMO Holding AG,CH1101098163,DLPK0N-R,West Europe,SWITZERLAND,Industrial Machinery,5.0,20,0.3125,1.5625,-1.25,1.25,0.5,1.5,-1.0,1.0,1,2,-1,0.00010025669991518283,,0.0005914059953042364
2026-04-30,Straumann Holding AG,CH1175448666,DCZ6P4-R,West Europe,SWITZERLAND,Medical Specialties,8.0,38,2.0,1.0,1.0,1.0,1.3157894736842104,0.7894736842105263,0.5263157894736841,0.5263157894736841,2,1,1,0.00013930189988215058,,0.0008839074929817745
2026-04-30,DSM-Firmenich AG,CH1216478797,SS3GV5-R,West Europe,NETHERLANDS,Household/Personal Care,7.0,23,5.7142857142857135,0.7144,4.9999302455357135,4.9999302455357135,5.217391304347826,0.8695652173913043,4.3478260869565215,4.3478260869565215,5,1,4,0.00014550279987690464,,0.000861976193155909
2026-04-30,Sandoz Group Ltd,CH1243598427,JHQVTD-R,West Europe,SWITZERLAND,Pharmaceuticals: Major,8.0,38,9.200000000000001,10.0,-0.7999999999999989,0.7999999999999989,9.210526315789473,10.0,-0.7894736842105274,0.7894736842105274,9,10,-1,0.00037504069968271556,,0.0023658389812152387
2026-04-30,SGS SA,CH1256740924,JLFCTH-R,West Europe,SWITZERLAND,Miscellaneous Commercial Services,9.0,67,3.486238532110092,8.26,-4.771573967889908,4.771573967889908,3.1343283582089554,8.507462686567164,-5.3731343283582085,5.3731343283582085,3,9,-6,0.00019159119983791387,,0.0012217209902995354
2026-04-30,Bunge Global SA,CH1300646267,G49K2V-R,North America,UNITED STATES,Agricultural Commodities/Milling,7.0,18,9.354838709677418,9.164,0.19077620967741815,0.19077620967741815,10.0,9.444444444444445,0.5555555555555554,0.5555555555555554,10,10,0,0.0002020182998290925,0.00027324200425984284,
2026-04-30,Galderma Group AG,CH1335392721,R1W007-R,West Europe,SWITZERLAND,Pharmaceuticals: Major,8.0,38,7.800000000000001,6.6,1.1984375000000007,1.1984375000000007,7.631578947368421,6.315789473684211,1.3157894736842106,1.3157894736842106,8,6,2,0.00044205569962602086,,0.002219146982379973
2026-04-30,Amrize Ltd,CH1430134226,VJB7Y0-R,North America,UNITED STATES,Construction Materials,5.0,13,0.5555555555555556,1.429,-0.8731553819444444,0.8731553819444444,0.7692307692307693,1.5384615384615385,-0.7692307692307693,0.7692307692307693,1,2,-1,0.00032042379972892145,,
2026-04-30,Roche Holding Ltd,CH1499059983,MT9P59-R,West Europe,SWITZERLAND,Pharmaceuticals: Major,8.0,38,9.8,8.0,1.8000000000000007,1.8000000000000007,10.0,7.631578947368421,2.3684210526315788,2.3684210526315788,10,8,2,0.0032758319972286463,,0.019264359847040984
2026-04-30,Deutsche Bank Aktiengesellschaft,DE0005140008,S6QLP1-R,West Europe,GERMANY,Investment Banks/Brokers,2.0,37,8.823529411764707,8.43,0.3938419117647065,0.3938419117647065,8.64864864864865,8.64864864864865,0.0,0.0,9,9,0,0.0006888626994172221,,0.004031281967991621
2026-04-30,Bayerische Motoren Werke AG,DE0005190003,RT6MQY-R,West Europe,GERMANY,Motor Vehicles,1.0,12,9.411764705882353,6.47,2.9430147058823533,2.9430147058823533,9.166666666666666,7.5,1.666666666666666,1.666666666666666,9,8,1,0.0002881981997561843,,0.0016850659866205762
2026-04-30,Bayerische Motoren Werke AG Pref,DE0005190037,GTWSGX-R,West Europe,GERMANY,Motor Vehicles,1.0,12,8.235294117647058,7.06,1.176700367647058,1.176700367647058,7.5,8.333333333333334,-0.8333333333333339,0.8333333333333339,8,8,0,5.673116995200543e-05,,
2026-04-30,Beiersdorf AG,DE0005200000,LY1Y1J-R,West Europe,GERMANY,Household/Personal Care,13.0,14,3.076923076923077,1.923,1.154071514423077,1.154071514423077,1.4285714285714284,2.142857142857143,-0.7142857142857144,0.7142857142857144,2,2,0,8.809409992547238e-05,,0.000501656296016849
2026-04-30,Continental AG,DE0005439004,J2HM33-R,West Europe,GERMANY,Automotive Aftermarket,1.0,12,8.823529411764707,4.117,4.7063419117647065,4.7063419117647065,8.333333333333334,4.166666666666667,4.166666666666667,4.166666666666667,8,4,4,8.28359299299208e-05,,0.0005445774956760546
2026-04-30,CTS Eventim AG & Co. KGaA,DE0005470306,P32T0K-R,West Europe,GERMANY,Movies/Entertainment,11.0,6,1.3333333333333333,1.333,0.0003255208333332593,0.0003255208333332593,3.333333333333333,3.333333333333333,0.0,0.0,3,3,0,4.6139429960966034e-05,,0.00025995249793597715
2026-04-30,Deutsche Post AG,DE0005552004,V3R2XZ-R,West Europe,GERMANY,Air Freight/Couriers,9.0,67,9.44954128440367,9.266,0.18391628440367036,0.18391628440367036,9.402985074626866,9.402985074626866,0.0,0.0,10,10,0,0.0006212064994744593,,0.0037462139702550607
2026-04-30,Deutsche Telekom AG,DE0005557508,DMXKJB-R,West Europe,GERMANY,Major Telecommunications,17.0,17,7.826086956521739,8.26,-0.43172554347826075,0.43172554347826075,7.647058823529411,8.235294117647058,-0.5882352941176467,0.5882352941176467,8,8,0,0.0013747059988369987,,0.007680257939018752
2026-04-30,Fresenius SE & Co. KGaA,DE0005785604,B3LWD0-R,West Europe,GERMANY,Hospital/Nursing Management,8.0,38,8.8,8.6,0.1984375000000007,0.1984375000000007,8.68421052631579,8.421052631578947,0.2631578947368425,0.2631578947368425,9,9,0,0.00024285889979454138,,0.0013428739893375805
2026-04-30,Fresenius Medical Care AG,DE0005785802,D3XD6P-R,West Europe,GERMANY,Medical/Nursing Services,8.0,38,8.2,9.4,-1.1984375000000007,1.1984375000000007,7.894736842105264,9.473684210526315,-1.5789473684210513,1.5789473684210513,8,10,-2,9.933942991595885e-05,,0.0005927441952936111
2026-04-30,Deutsche Boerse AG,DE0005810055,RT6W65-R,West Europe,GERMANY,Investment Banks/Brokers,6.0,22,2.7906976744186047,3.256,-0.4651617005813953,0.4651617005813953,4.090909090909091,5.0,-0.9090909090909092,0.9090909090909092,4,5,-1,0.0006721740994313408,,0.0038431359694855003
2026-04-30,Heidelberg Materials AG,DE0006047004,HZ43T1-R,West Europe,GERMANY,Construction Materials,5.0,20,7.5,8.125,-0.625,0.625,7.0,7.5,-0.5,0.5,7,8,-1,0.0003393692997128935,,0.0018770289850963899
2026-04-30,Henkel AG & Co. KGaA,DE0006048408,J3S3F5-R,West Europe,GERMANY,Industrial Specialties,4.0,11,7.777777777777778,8.89,-1.1128472222222223,1.1128472222222223,6.363636363636363,8.181818181818182,-1.8181818181818183,1.8181818181818183,6,8,-2,7.66203299351792e-05,,
2026-04-30,Henkel AG & Co. KGaA Pref,DE0006048432,HJLYBN-R,West Europe,GERMANY,Industrial Specialties,4.0,11,8.88888888888889,8.336,0.5529513888888893,0.5529513888888893,8.181818181818182,7.272727272727273,0.9090909090909083,0.9090909090909083,8,7,1,0.00013801549988323887,,0.0007607158939599158
2026-04-30,HOCHTIEF Aktiengesellschaft,DE0006070006,K3B7V1-R,West Europe,GERMANY,Engineering & Construction,5.0,20,3.4375,9.06,-5.625,5.625,3.5,8.5,-5.0,5.0,4,9,-5,9.755220991747082e-05,,0.0006472357948609478
2026-04-30,Infineon Technologies AG,DE0006231004,P59ZZH-R,West Europe,GERMANY,Semiconductors,16.0,18,5.7142857142857135,1.786,3.9281529017857135,3.9281529017857135,5.0,1.6666666666666665,3.3333333333333335,3.3333333333333335,5,2,3,0.0010126449991433022,,0.005928093952930934
2026-04-30,Nemetschek SE,DE0006452907,FYP7N8-R,West Europe,GERMANY,Packaged Software,16.0,18,6.7857142857142865,4.645,2.1411830357142865,2.1411830357142865,6.666666666666666,4.444444444444445,2.2222222222222214,2.2222222222222214,7,5,2,4.4454429962391555e-05,,0.00031025229753659677
2026-04-30,Merck KGaA,DE0006599905,KFN73B-R,West Europe,GERMANY,Pharmaceuticals: Major,8.0,38,4.4,3.0,1.4000000000000004,1.4000000000000004,3.947368421052632,2.8947368421052633,1.0526315789473686,1.0526315789473686,4,3,1,0.00019084719983854327,,0.0011479459908853087
2026-04-30,GEA Group Aktiengesellschaft,DE0006602006,JLFH0L-R,West Europe,GERMANY,Industrial Machinery,9.0,67,8.073394495412845,8.805,-0.7312930045871546,0.7312930045871546,7.7611940298507465,9.104477611940299,-1.3432835820895521,1.3432835820895521,8,9,-1,0.00011208409990517686,,0.0006827162945792326
2026-04-30,Rational Aktiengesellschaft,DE0007010803,W8Z700-R,West Europe,GERMANY,Industrial Machinery,9.0,67,2.9357798165137616,6.24,-3.3025014334862384,3.3025014334862384,2.835820895522388,5.970149253731343,-3.134328358208955,3.134328358208955,3,6,-3,3.7448219968318806e-05,,0.00026144879792409654
2026-04-30,Rheinmetall AG,DE0007030009,FT4G44-R,West Europe,GERMANY,Aerospace & Defense,9.0,67,6.972477064220184,3.67,3.3025551892201843,3.3025551892201843,6.4179104477611935,3.7313432835820897,2.686567164179104,2.686567164179104,7,4,3,0.0008505600992804261,,0.004996177960330347
2026-04-30,RWE AG,DE0007037129,J07D56-R,West Europe,GERMANY,Electric Utilities,19.0,23,6.206896551724138,7.242,-1.035290948275862,1.035290948275862,6.956521739130435,7.826086956521739,-0.8695652173913047,0.8695652173913047,7,8,-1,0.0004835868995908855,,0.0032168159744584814
2026-04-30,Mercedes-Benz Group AG,DE0007100000,DRBPYY-R,West Europe,GERMANY,Motor Vehicles,1.0,12,6.470588235294118,4.707,1.7635569852941178,1.7635569852941178,5.0,5.0,0.0,0.0,5,5,0,0.000474994099598155,,0.0027314229783125016
2026-04-30,SAP SE,DE0007164600,Q53RYJ-R,West Europe,GERMANY,Packaged Software,16.0,18,9.642857142857142,8.21,1.4319196428571423,1.4319196428571423,9.444444444444445,7.777777777777778,1.666666666666667,1.666666666666667,10,8,2,0.0020564169982602715,,0.011839439905994849
2026-04-30,Sartorius AG Pref,DE0007165631,FBBQ6M-R,West Europe,GERMANY,Medical Specialties,8.0,38,3.8,1.4,2.399609375,2.399609375,3.4210526315789473,1.3157894736842104,2.105263157894737,2.105263157894737,4,2,2,7.444076993702311e-05,,0.0004177678966829229
2026-04-30,Siemens Aktiengesellschaft,DE0007236101,F82JBR-R,West Europe,GERMANY,Industrial Machinery,9.0,67,6.422018348623854,4.863,1.5587370986238538,1.5587370986238538,5.970149253731343,4.776119402985074,1.1940298507462686,1.1940298507462686,6,5,1,0.0025784189978186574,,0.014985519881014974
2026-04-30,Volkswagen AG Pref,DE0007664039,QBTQFL-R,West Europe,GERMANY,Motor Vehicles,1.0,12,7.647058823529411,7.65,-0.0013786764705887578,0.0013786764705887578,6.666666666666666,9.166666666666666,-2.5,2.5,7,9,-2,0.00022220739981201253,,0.0013689219891307592
2026-04-30,Deutsche Lufthansa AG,DE0008232125,J0CL54-R,West Europe,GERMANY,Airlines,18.0,10,9.333333333333334,8.664,0.6692708333333339,0.6692708333333339,10.0,8.0,2.0,2.0,10,8,2,6.265989994698972e-05,,0.0003581924971559515
2026-04-30,Hannover Rueck SE,DE0008402215,L8SYB5-R,West Europe,GERMANY,Life/Health Insurance,10.0,24,5.925925925925926,6.297,-0.3709490740740744,0.3709490740740744,5.833333333333334,6.25,-0.4166666666666661,0.4166666666666661,6,6,0,0.00019631909983391403,,0.0012209519903056412
2026-04-30,Allianz SE,DE0008404005,GQH62T-R,West Europe,GERMANY,Multi-Line Insurance,10.0,24,3.7037037037037033,2.963,0.7408130787037033,0.7408130787037033,3.333333333333333,2.916666666666667,0.4166666666666661,0.4166666666666661,3,3,0,0.002020493998290662,,0.01165799990743548
2026-04-30,Munchener Ruckversicherungs-Gesellschaft AG,DE0008430026,Q8CXWG-R,West Europe,GERMANY,Life/Health Insurance,10.0,24,2.5925925925925926,3.703,-1.1105324074074074,1.1105324074074074,2.5,3.333333333333333,-0.833333333333333,0.833333333333333,3,3,0,0.0009156099992253939,,0.005298051957933467
2026-04-30,MTU Aero Engines AG,DE000A0D9PT0,LQ9WBB-R,West Europe,GERMANY,Aerospace & Defense,9.0,67,7.155963302752294,5.78,1.3747133027522942,1.3747133027522942,6.7164179104477615,5.671641791044776,1.0447761194029859,1.0447761194029859,7,6,1,0.00019819609983232612,,0.0012356039901893043
2026-04-30,Scout24 SE,DE000A12DM80,WKN8S4-R,West Europe,GERMANY,Internet Software/Services,16.0,18,8.928571428571429,6.07,2.858258928571429,2.858258928571429,8.333333333333334,5.555555555555555,2.7777777777777786,2.7777777777777786,9,6,3,8.186527993074197e-05,,0.00042953729658947386
2026-04-30,Brenntag SE,DE000A1DAHH0,GM98K3-R,West Europe,GERMANY,Wholesale Distributors,4.0,11,1.1111111111111112,2.777,-1.6662326388888888,1.6662326388888888,0.9090909090909092,2.727272727272727,-1.818181818181818,1.818181818181818,1,3,-2,0.00011928989989908074,,0.0005978942952527193
2026-04-30,adidas AG,DE000A1EWWW0,QDYYRR-R,West Europe,GERMANY,Apparel/Footwear,13.0,14,7.3076923076923075,5.383,1.9248798076923075,1.9248798076923075,7.857142857142857,5.7142857142857135,2.1428571428571432,2.1428571428571432,8,6,2,0.00033423269971723913,,0.0021002119833243168
2026-04-30,Vonovia SE,DE000A1ML7J1,XPYPGM-R,West Europe,GERMANY,Real Estate Development,14.0,11,7.333333333333333,7.0,0.33333333333333304,0.33333333333333304,4.545454545454545,5.454545454545454,-0.9090909090909092,0.9090909090909092,5,6,-1,0.0002258525998089287,,0.0013125889895780436
2026-04-30,Delivery Hero SE,DE000A2E4K43,P5GH6C-R,West Europe,GERMANY,Air Freight/Couriers,9.0,67,4.862385321100918,0.367,4.495441961725918,4.495441961725918,4.17910447761194,0.4477611940298507,3.731343283582089,3.731343283582089,4,1,3,5.414700995419163e-05,,0.0003465347972485137
2026-04-30,BASF SE,DE000BASF111,SKYG3H-R,West Europe,GERMANY,Chemicals: Specialty,4.0,11,8.333333333333334,7.223,1.110677083333334,1.110677083333334,7.272727272727273,6.363636363636363,0.9090909090909101,0.9090909090909101,7,6,1,0.0006142605994803355,,0.003693360970674714
2026-04-30,Bayer AG,DE000BAY0017,FVCVC5-R,West Europe,GERMANY,Pharmaceuticals: Major,8.0,38,8.4,7.6,0.7984375000000004,0.7984375000000004,8.157894736842104,7.368421052631579,0.7894736842105257,0.7894736842105257,8,8,0,0.0004937806995822616,,0.0029744379763829622
2026-04-30,Commerzbank AG,DE000CBK1001,D3HSB0-R,West Europe,GERMANY,Regional Banks,2.0,37,6.2745098039215685,2.744,3.5303691789215685,3.5303691789215685,5.9459459459459465,2.9729729729729732,2.9729729729729732,2.9729729729729732,6,3,3,0.00036565239969065807,,0.0019197199847574232
2026-04-30,Daimler Truck Holding AG,DE000DTR0CK8,WK2NV8-R,West Europe,GERMANY,Motor Vehicles,9.0,67,8.440366972477065,7.89,0.5497419724770651,0.5497419724770651,8.059701492537313,8.059701492537313,0.0,0.0,8,8,0,0.00026281989977765437,,0.0018098379856298864
2026-04-30,E.ON SE,DE000ENAG999,F2JQPJ-R,West Europe,GERMANY,Electric Utilities,19.0,23,1.3793103448275863,2.068,-0.6890490301724137,0.6890490301724137,1.3043478260869565,2.608695652173913,-1.3043478260869565,1.3043478260869565,1,3,-2,0.0005710810995168653,,0.003310621973713661
2026-04-30,Siemens Energy AG,DE000ENER6Y0,GXQDVD-R,West Europe,GERMANY,Electrical Products,12.0,14,3.5294117647058827,2.941,0.5880055147058827,0.5880055147058827,3.5714285714285716,3.5714285714285716,0.0,0.0,4,4,0,0.0018960509983959408,,0.011059289912189237
2026-04-30,Evonik Industries AG,DE000EVNK013,RN0R13-R,West Europe,GERMANY,Chemicals: Major Diversified,4.0,11,7.222222222222222,9.445,-2.2230902777777777,2.2230902777777777,5.454545454545454,9.09090909090909,-3.636363636363636,3.636363636363636,6,9,-3,5.996404994927041e-05,,0.00033004909737941016
2026-04-30,HENSOLDT AG,DE000HAG0005,K8D25G-R,West Europe,GERMANY,Aerospace & Defense,9.0,67,5.321100917431193,0.8257,4.495417323681193,4.495417323681193,4.6268656716417915,1.044776119402985,3.5820895522388065,3.5820895522388065,5,1,4,6.58975199442507e-05,,0.0003521063972042752
2026-04-30,Knorr-Bremse AG,DE000KBX1006,RGB6QT-R,West Europe,GERMANY,Auto Parts: OEM,9.0,67,8.53211009174312,7.98,0.5516413417431192,0.5516413417431192,8.208955223880597,8.208955223880597,0.0,0.0,8,8,0,8.729863992614535e-05,,0.0005381060957274376
2026-04-30,LEG Immobilien SE,DE000LEG1110,DZPGCQ-R,West Europe,GERMANY,Real Estate Development,14.0,11,2.6666666666666665,9.0,-6.333333333333334,6.333333333333334,2.727272727272727,9.09090909090909,-6.363636363636363,6.363636363636363,3,9,-6,5.4879139953572244e-05,,0.0003873987969240535
2026-04-30,Porsche AG,DE000PAG9113,HYFCLX-R,West Europe,GERMANY,Motor Vehicles,1.0,12,2.9411764705882355,1.765,1.1765280330882355,1.1765280330882355,2.5,1.6666666666666665,0.8333333333333335,0.8333333333333335,3,2,1,5.75675999512978e-05,,0.0003338132973495224
2026-04-30,Porsche Automobil Holding SE Pref,DE000PAH0038,PKT6GW-R,West Europe,GERMANY,Motor Vehicles,1.0,12,10.0,10.0,0.0,0.0,10.0,10.0,0.0,0.0,10,10,0,5.910338994999853e-05,,0.0003976383968427511
2026-04-30,Siemens Healthineers AG,DE000SHL1006,B4W80H-R,West Europe,GERMANY,Medical Specialties,8.0,38,4.6000000000000005,4.0,0.6000000000000005,0.6000000000000005,4.2105263157894735,3.6842105263157894,0.5263157894736841,0.5263157894736841,4,4,0,0.00015861769986580943,,0.0010409349917349761
2026-04-30,Symrise AG,DE000SYM9999,J3R0B4-R,West Europe,GERMANY,Chemicals: Specialty,4.0,11,3.333333333333333,1.111,2.222005208333333,2.222005208333333,2.727272727272727,0.9090909090909092,1.818181818181818,1.818181818181818,3,1,2,0.00013650439988451728,,0.0007923341937088664
2026-04-30,Talanx AG,DE000TLX1005,CZH06S-R,West Europe,GERMANY,Life/Health Insurance,10.0,24,7.4074074074074066,7.035,0.37225115740740655,0.37225115740740655,7.5,7.083333333333334,0.4166666666666661,0.4166666666666661,8,7,1,9.158544992251871e-05,,0.0005362050957425315
2026-04-30,Zalando SE,DE000ZAL1111,PM6KP2-R,West Europe,GERMANY,Internet Retail,15.0,14,0.5555555555555556,0.5557,-0.00010850694444441977,0.00010850694444441977,0.7142857142857142,0.7142857142857142,0.0,0.0,1,1,0,5.949045994967107e-05,,0.00039596179685606335
2026-04-30,Carlsberg AS Class B,DK0010181759,XJP7Q6-R,West Europe,DENMARK,Beverages: Alcoholic,7.0,23,7.5,6.785,0.71484375,0.71484375,6.956521739130435,6.956521739130435,0.0,0.0,7,7,0,0.00014641049987613672,,0.0008638990931406411
2026-04-30,A.P. Moller - Maersk A/S Class A,DK0010244425,PSTM3X-R,West Europe,DENMARK,Marine Shipping,9.0,67,7.889908256880735,4.402,3.4875645068807346,3.4875645068807346,7.462686567164179,4.3283582089552235,3.134328358208956,3.134328358208956,8,5,3,7.99955099323238e-05,,
2026-04-30,A.P. Moller - Maersk A/S Class B,DK0010244508,QZ4Y8Y-R,West Europe,DENMARK,Marine Shipping,9.0,67,7.798165137614679,3.945,3.8528526376146788,3.8528526376146788,7.313432835820896,4.029850746268656,3.2835820895522394,3.2835820895522394,8,4,4,0.0001054318999108046,,0.00055160579562025
2026-04-30,Genmab A/S,DK0010272202,P0YS2L-R,West Europe,DENMARK,Biotechnology,8.0,38,0.8,1.8,-0.9998046875,0.9998046875,0.5263157894736842,1.8421052631578947,-1.3157894736842106,1.3157894736842106,1,2,-1,0.0002033520998279641,,0.0011467309908949558
2026-04-30,Danske Bank A/S,DK0010274414,TZ1Y2R-R,West Europe,DENMARK,Major Banks,2.0,37,6.470588235294118,5.688,0.7830882352941178,0.7830882352941178,6.216216216216216,5.675675675675675,0.5405405405405403,0.5405405405405403,6,6,0,0.00036436579969174654,,0.0022032679825060523
2026-04-30,DSV A/S,DK0060079531,R4PJJZ-R,West Europe,DENMARK,Air Freight/Couriers,9.0,67,6.238532110091743,2.66,3.578375860091743,3.578375860091743,5.671641791044776,2.9850746268656714,2.6865671641791042,2.6865671641791042,6,3,3,0.0005638839995229541,,0.0032907889738711354
2026-04-30,Orsted,DK0060094928,KFDRGY-R,West Europe,DENMARK,Electric Utilities,19.0,23,1.0344827586206897,0.6895,0.3450296336206897,0.3450296336206897,0.8695652173913043,0.8695652173913043,0.0,0.0,1,1,0,0.00016806689985781538,,0.0008602684931694681
2026-04-30,Pandora A/S,DK0060252690,C6RB2B-R,West Europe,DENMARK,Other Consumer Specialties,13.0,14,3.8461538461538463,3.46,0.38521634615384626,0.38521634615384626,2.8571428571428568,2.8571428571428568,0.0,0.0,3,3,0,8.280956992994311e-05,,0.00037753129700240153
2026-04-30,Novonesis A/S Class B,DK0060336014,HWYYQ0-R,West Europe,DENMARK,Chemicals: Specialty,8.0,38,2.6,2.4,0.1996093750000001,0.1996093750000001,1.8421052631578947,2.3684210526315788,-0.5263157894736841,0.5263157894736841,2,3,-1,0.000252716299786202,,0.0014848099882106087
2026-04-30,Coloplast A/S Class B,DK0060448595,CD71SM-R,West Europe,DENMARK,Medical Specialties,8.0,38,5.2,4.8,0.3992187500000002,0.3992187500000002,5.0,4.7368421052631575,0.2631578947368425,0.2631578947368425,5,5,0,9.401196992046587e-05,,0.0006431365948934953
2026-04-30,Tryg A/S,DK0060636678,S4HTHH-R,West Europe,DENMARK,Insurance Brokers/Services,10.0,24,4.444444444444445,4.445,-0.0008680555555553582,0.0008680555555553582,4.166666666666667,4.166666666666667,0.0,0.0,4,4,0,9.323325992112466e-05,,0.0005052099959886327
2026-04-30,Demant A/S,DK0060738599,Q9JDJR-R,West Europe,DENMARK,Medical Specialties,8.0,38,1.0,0.8,0.2001953125,0.2001953125,0.7894736842105263,0.5263157894736842,0.26315789473684215,0.26315789473684215,1,1,0,3.9280959966768305e-05,,0.00020226209839403894
2026-04-30,Vestas Wind Systems A/S,DK0061539921,G6QVQJ-R,West Europe,DENMARK,Electrical Products,12.0,14,0.5882352941176471,0.5884,-0.00014361213235292158,0.00014361213235292158,0.7142857142857142,0.7142857142857142,0.0,0.0,1,1,0,0.00033944499971282955,,0.0020127639840186538
2026-04-30,Novo Nordisk A/S Class B,DK0062498333,MVMFXK-R,West Europe,DENMARK,Pharmaceuticals: Major,8.0,38,1.6,1.2,0.3998046875000001,0.3998046875000001,1.0526315789473684,1.0526315789473684,0.0,0.0,1,1,0,0.0015979239986481561,,0.00944356792501807
2026-04-30,ROCKWOOL A/S Class B,DK0063855168,WK2NJZ-R,West Europe,DENMARK,Construction Materials,5.0,20,0.625,1.875,-1.25,1.25,1.0,2.0,-1.0,1.0,1,2,-1,2.7996909976314614e-05,,0.00017994259857125579
2026-04-30,Aena SME SA,ES0105046017,PM9V18-R,West Europe,SPAIN,Other Transportation,9.0,67,5.045871559633027,7.797,-2.751003440366973,2.751003440366973,4.3283582089552235,7.910447761194029,-3.5820895522388057,3.5820895522388057,5,8,-3,0.00021570349981751483,,0.0013480869892961893
2026-04-30,Cellnex Telecom S.A.,ES0105066007,M7R42R-R,West Europe,SPAIN,Engineering & Construction,17.0,17,3.4782608695652173,0.4348,3.0434464164402173,3.0434464164402173,3.5294117647058827,0.5882352941176471,2.9411764705882355,2.9411764705882355,4,1,3,0.0002016622998293937,,0.0011026049912453164
2026-04-30,Amadeus IT Group SA Class A,ES0109067019,HMZCMS-R,West Europe,SPAIN,Packaged Software,16.0,18,9.285714285714286,8.57,0.7154017857142865,0.7154017857142865,8.88888888888889,8.333333333333334,0.5555555555555554,0.5555555555555554,9,9,0,0.00029079649975398614,,0.0017262879862932734
2026-04-30,"Banco Bilbao Vizcaya Argentaria, S.A.",ES0113211835,S6PT59-R,West Europe,SPAIN,Major Banks,2.0,37,5.882352941176471,6.08,-0.195772058823529,0.195772058823529,5.405405405405405,5.9459459459459465,-0.5405405405405412,0.5405405405405412,6,6,0,0.001443882998778475,,0.008474794932710129
2026-04-30,Bankinter SA,ES0113679I37,PHL0HY-R,West Europe,SPAIN,Major Banks,2.0,37,3.1372549019607843,2.549,0.5884267769607843,0.5884267769607843,3.2432432432432434,2.7027027027027026,0.5405405405405408,0.5405405405405408,3,3,0,0.00012817289989156572,,0.0007133265943361868
2026-04-30,Banco de Sabadell SA,ES0113860A34,NZTKYK-R,West Europe,SPAIN,Major Banks,2.0,37,5.490196078431373,3.53,1.9608992034313726,1.9608992034313726,4.864864864864865,3.783783783783784,1.0810810810810807,1.0810810810810807,5,4,1,0.00023533579980090588,,0.0013113049895882385
2026-04-30,"Banco Santander, S.A.",ES0113900J37,NQPWYC-R,West Europe,SPAIN,Major Banks,2.0,37,7.647058823529411,4.902,2.7447150735294112,2.7447150735294112,7.297297297297297,5.135135135135135,2.1621621621621623,2.1621621621621623,8,5,3,0.002062459998255159,,0.012000249904718015
2026-04-30,"Naturgy Energy Group, S.A.",ES0116870314,L0Q74W-R,West Europe,SPAIN,Gas Distributors,19.0,23,4.827586206896552,7.586,-2.7583512931034484,2.7583512931034484,5.217391304347826,8.26086956521739,-3.0434782608695645,3.0434782608695645,5,8,-3,9.572329991901809e-05,,0.000549828595634361
2026-04-30,"Indra Sistemas, S.A. Class A",ES0118594417,DCTKTS-R,West Europe,SPAIN,Information Technology Services,16.0,18,1.7857142857142858,2.857,-1.0717075892857142,1.0717075892857142,0.5555555555555556,2.2222222222222223,-1.6666666666666667,1.6666666666666667,1,2,-1,5.2200969955837974e-05,,0.00032803749739538225
2026-04-30,Mapfre SA,ES0124244E34,JWNFCY-R,West Europe,SPAIN,Multi-Line Insurance,10.0,24,8.148148148148147,2.223,5.925491898148147,5.925491898148147,8.333333333333334,2.0833333333333335,6.25,6.25,9,2,7,5.276652995535951e-05,,0.0002965301976455502
2026-04-30,Acciona SA,ES0125220311,GGL1JR-R,West Europe,SPAIN,Engineering & Construction,5.0,20,8.4375,7.188,1.25,1.25,8.0,7.0,1.0,1.0,8,7,1,8.337380992946576e-05,,0.0004714913962563583
2026-04-30,EDP Renovaveis SA,ES0127797019,X41LWS-R,West Europe,PORTUGAL,Alternative Power Generation,19.0,23,4.137931034482759,1.725,2.413321659482759,2.413321659482759,4.782608695652174,2.1739130434782608,2.608695652173913,2.608695652173913,5,2,3,5.2793119955337026e-05,,0.00034541239725742554
2026-04-30,Endesa S.A.,ES0130670112,XJKZH4-R,West Europe,SPAIN,Electric Utilities,19.0,23,2.0689655172413794,3.45,-1.3802532327586206,1.3802532327586206,2.1739130434782608,4.3478260869565215,-2.1739130434782608,2.1739130434782608,2,5,-3,0.00015416199986957894,,0.0009757422922526062
2026-04-30,CaixaBank SA,ES0140609019,NZNF7V-R,West Europe,SPAIN,Regional Banks,2.0,37,2.7450980392156863,1.765,0.9804496017156863,0.9804496017156863,2.7027027027027026,2.1621621621621623,0.5405405405405403,0.5405405405405403,3,2,1,0.0005981648994939525,,0.003041967975846774
2026-04-30,Iberdrola SA,ES0144580Y14,B97PT2-R,West Europe,SPAIN,Electric Utilities,19.0,23,5.862068965517241,4.484,1.377693965517241,1.377693965517241,6.521739130434783,5.652173913043478,0.8695652173913055,0.8695652173913055,7,6,1,0.0017291079985371745,,0.009808781922118271
2026-04-30,"Industria de Diseno Textil, S.A.",ES0148396007,N189DN-R,West Europe,SPAIN,Apparel/Footwear Retail,15.0,14,2.2222222222222223,4.445,-2.2230902777777777,2.2230902777777777,2.8571428571428568,4.285714285714286,-1.4285714285714288,1.4285714285714288,3,4,-1,0.0007376658993759347,,0.0044256499648603394
2026-04-30,"ACS, Actividades de Construccion y Servicios SA",ES0167050915,T1Q642-R,West Europe,SPAIN,Engineering & Construction,5.0,20,7.1875,6.25,0.9375,0.9375,6.5,5.5,1.0,1.0,7,6,1,0.0002893593997552019,,0.002009345984045793
2026-04-30,"Grifols, S.A. Class A",ES0171996087,WDKLDJ-R,West Europe,SPAIN,Pharmaceuticals: Major,8.0,38,5.0,8.8,-3.796875,3.796875,4.7368421052631575,8.68421052631579,-3.947368421052632,3.947368421052632,5,9,-4,2.855546997584207e-05,,0.00021542189828955012
2026-04-30,Redeia Corporacion SA,ES0173093024,HP1KTT-R,West Europe,SPAIN,Electric Utilities,19.0,23,9.655172413793103,4.83,4.827047413793103,4.827047413793103,9.565217391304348,6.086956521739131,3.478260869565217,3.478260869565217,10,6,4,1.2778269989189583e-05,,0.00033976379730227545
2026-04-30,Repsol SA,ES0173516115,G0XN0D-R,West Europe,SPAIN,Integrated Oil,12.0,14,8.823529411764707,7.65,1.1750919117647065,1.1750919117647065,9.285714285714286,8.571428571428571,0.7142857142857153,0.7142857142857153,9,9,0,0.0003556639996991082,,0.001981518984266739
2026-04-30,International Consolidated Airlines Group SA,ES0177542018,RT3HS0-R,West Europe,UNITED KINGDOM,Airlines,18.0,10,4.0,9.336,-5.3359375,5.3359375,4.0,9.0,-5.0,5.0,4,9,-5,7.217060993894367e-05,,0.0008306291934048042
2026-04-30,Telefonica SA,ES0178430E18,CPDD2G-R,West Europe,SPAIN,Specialty Telecommunications,17.0,17,2.1739130434782608,5.652,-3.4784307065217392,3.4784307065217392,2.3529411764705883,5.882352941176471,-3.5294117647058827,3.5294117647058827,3,6,-3,0.00020291409982833465,,0.0011476009908880482
2026-04-30,Kesko Oyj Class B,FI0009000202,KRX5HQ-R,West Europe,FINLAND,Food Retail,15.0,14,8.333333333333334,3.889,4.444661458333334,4.444661458333334,7.857142857142857,3.5714285714285716,4.285714285714285,4.285714285714285,8,4,4,7.136182993962788e-05,,0.0004557184963815951
2026-04-30,Nokia Oyj,FI0009000681,M9KK66-R,West Europe,FINLAND,Telecommunications Equipment,17.0,17,1.3043478260869565,1.739,-0.43490998641304346,0.43490998641304346,1.1764705882352942,1.7647058823529413,-0.5882352941176472,0.5882352941176472,1,2,-1,0.0007551753993611215,,0.004546682963899338
2026-04-30,Wartsila Oyj Abp,FI0009003727,M76BKH-R,West Europe,FINLAND,Trucks/Construction/Farm Machinery,9.0,67,2.2018348623853212,5.688,-3.4856651376146788,3.4856651376146788,2.08955223880597,5.522388059701493,-3.432835820895523,3.432835820895523,2,6,-4,0.0002416305997955805,,0.001372001989106304
2026-04-30,Stora Enso Oyj Class R,FI0009005961,JCQQSM-R,West Europe,FINLAND,Containers/Packaging,3.0,14,9.545454545454547,6.816,2.7290482954545467,2.7290482954545467,10.0,7.857142857142857,2.1428571428571432,2.1428571428571432,10,8,2,7.035461994047998e-05,,0.00044116189649717454
2026-04-30,UPM-Kymmene Oyj,FI0009005987,VQYLTZ-R,West Europe,FINLAND,Pulp & Paper,3.0,14,8.636363636363637,3.637,4.999644886363637,4.999644886363637,8.571428571428571,5.7142857142857135,2.8571428571428577,2.8571428571428577,9,6,3,0.00018654949984217911,,0.0010586349915944382
2026-04-30,Fortum Oyj,FI0009007132,NZP5KF-R,West Europe,FINLAND,Electric Utilities,19.0,23,3.4482758620689657,8.62,-5.168911637931034,5.168911637931034,3.9130434782608696,9.130434782608695,-5.217391304347826,5.217391304347826,4,9,-5,0.00012135599989733281,,0.0007699840938863263
2026-04-30,Elisa Oyj Class A,FI0009007884,Q514Z2-R,West Europe,FINLAND,Wireless Telecommunications,17.0,17,1.7391304347826086,1.305,0.43444293478260865,0.43444293478260865,1.7647058823529413,1.1764705882352942,0.5882352941176472,0.5882352941176472,2,1,1,7.404343993735924e-05,,0.0005035959960014478
2026-04-30,Neste Corporation,FI0009013296,VJ9CC9-R,West Europe,FINLAND,Oil Refining/Marketing,12.0,14,7.058823529411765,10.0,-2.9411764705882346,2.9411764705882346,7.142857142857143,10.0,-2.8571428571428568,2.8571428571428568,7,10,-3,0.00015696469986720786,,0.0009908316921327963
2026-04-30,KONE Oyj Class B,FI0009013403,VWH0HM-R,West Europe,FINLAND,Building Products,9.0,67,1.743119266055046,2.477,-0.7334432339449539,0.7334432339449539,1.7910447761194028,2.835820895522388,-1.044776119402985,1.044776119402985,2,3,-1,0.00025004649978846064,,0.0017092369864286584
2026-04-30,Orion Oyj Class B,FI0009014377,CGMTCS-R,West Europe,FINLAND,Pharmaceuticals: Major,8.0,38,3.4000000000000004,7.2,-3.7992187499999996,3.7992187499999996,2.8947368421052633,7.105263157894736,-4.210526315789473,4.210526315789473,3,7,-4,9.283247992146372e-05,,0.0006134014951295921
2026-04-30,Metso Corporation,FI0009014575,B045ZY-R,West Europe,FINLAND,Trucks/Construction/Farm Machinery,9.0,67,6.8807339449541285,7.34,-0.4591098050458715,0.4591098050458715,6.268656716417911,7.313432835820896,-1.044776119402985,1.044776119402985,6,8,-2,0.00012520359989407775,,0.0007182964942967257
2026-04-30,Nordea Bank Abp,FI4000297767,GTC7FX-R,West Europe,FINLAND,Major Banks,2.0,37,1.9607843137254901,1.568,0.3924249387254901,0.3924249387254901,2.1621621621621623,1.891891891891892,0.2702702702702702,0.2702702702702702,2,2,0,0.0006652567994371928,,0.004344362965505758
2026-04-30,Sampo Oyj,FI4000552500,VBKJ5D-R,West Europe,FINLAND,Property/Casualty Insurance,10.0,24,1.1111111111111112,1.481,-0.37033420138888884,0.37033420138888884,0.8333333333333333,1.25,-0.41666666666666674,0.41666666666666674,1,1,0,0.0002921694997528246,,0.0017757439859005927
2026-04-30,Bollore SE,FR0000039299,KYL1YS-R,West Europe,FRANCE,Wholesale Distributors,11.0,6,6.0,4.0,2.0,2.0,6.666666666666666,6.666666666666666,0.0,0.0,7,7,0,6.17459899477629e-05,,0.00030400999758616065
2026-04-30,Credit Agricole SA,FR0000045072,GSX767-R,West Europe,FRANCE,Regional Banks,2.0,37,9.019607843137255,8.82,0.19929534313725483,0.19929534313725483,8.91891891891892,8.91891891891892,0.0,0.0,9,9,0,0.00025763349978204204,,0.0014603469884048447
2026-04-30,Hermes International,FR0000052292,D9KCYX-R,West Europe,FRANCE,Apparel/Footwear,13.0,14,1.9230769230769231,1.154,0.7687800480769231,0.7687800480769231,0.7142857142857142,1.4285714285714284,-0.7142857142857142,0.7142857142857142,1,2,-1,0.000677800299426581,,0.004495978964301927
2026-04-30,Covivio SA,FR0000064578,VCL3F1-R,West Europe,FRANCE,Real Estate Investment Trusts,14.0,11,9.666666666666666,8.0,1.666666666666666,1.666666666666666,9.09090909090909,7.272727272727273,1.8181818181818166,1.8181818181818166,9,7,2,3.807112996779182e-05,,0.0002331344981489121
2026-04-30,Safran SA,FR0000073272,NGS8GV-R,West Europe,FRANCE,Aerospace & Defense,9.0,67,7.247706422018348,4.496,2.7516126720183482,2.7516126720183482,6.865671641791044,4.477611940298508,2.388059701492536,2.388059701492536,7,5,2,0.001311206998890719,,0.007959383936802492
2026-04-30,Air Liquide SA,FR0000120073,HXYRFX-R,West Europe,FRANCE,Chemicals: Specialty,4.0,11,3.888888888888889,3.889,0.00021701388888883955,0.00021701388888883955,3.6363636363636367,3.6363636363636367,0.0,0.0,4,4,0,0.0014058149988106805,,0.008331180933850423
2026-04-30,Carrefour SA,FR0000120172,SDCTWH-R,West Europe,FRANCE,Specialty Stores,15.0,14,10.0,10.0,0.0,0.0,10.0,10.0,0.0,0.0,10,10,0,0.00012260819989627346,,0.0008658000931255472
2026-04-30,TotalEnergies SE,FR0000120271,NL9BH6-R,West Europe,FRANCE,Integrated Oil,12.0,14,6.470588235294118,5.293,1.1776194852941178,1.1776194852941178,6.428571428571429,6.428571428571429,0.0,0.0,7,7,0,0.0021029389982209134,,0.01365299989159518
2026-04-30,L'Oreal S.A.,FR0000120321,SQG6NN-R,West Europe,FRANCE,Household/Personal Care,13.0,14,3.4615384615384617,5.77,-2.3079927884615383,2.3079927884615383,2.142857142857143,6.428571428571429,-4.2857142857142865,4.2857142857142865,2,7,-5,0.0011829919989991887,,0.006909058945142071
2026-04-30,Accor SA,FR0000120404,NSZ0P5-R,West Europe,FRANCE,Hotels/Resorts/Cruiselines,18.0,10,6.666666666666666,5.332,1.334635416666666,1.334635416666666,6.0,5.0,1.0,1.0,6,5,1,0.00010892509990784936,,0.0006863782945501563
2026-04-30,Bouygues SA,FR0000120503,F5TYNG-R,West Europe,FRANCE,Engineering & Construction,5.0,20,9.375,10.0,-0.625,0.625,9.0,10.0,-1.0,1.0,9,10,-1,0.00014555689987685885,,0.0010729959914804119
2026-04-30,Sanofi SA,FR0000120578,M78XGX-R,West Europe,FRANCE,Pharmaceuticals: Major,8.0,38,8.6,9.8,-1.1968750000000004,1.1968750000000004,8.421052631578947,9.736842105263158,-1.3157894736842106,1.3157894736842106,9,10,-1,0.0012062309989795284,,0.007125801943421132
2026-04-30,AXA SA,FR0000120628,GM702V-R,West Europe,FRANCE,Multi-Line Insurance,10.0,24,5.185185185185185,4.074,1.1109664351851851,1.1109664351851851,5.0,3.75,1.25,1.25,5,4,1,0.0009277650992151107,,0.005754181954311795
2026-04-30,Danone SA,FR0000120644,SC37CB-R,West Europe,FRANCE,Food: Meat/Fish/Dairy,7.0,23,6.428571428571429,7.145,-0.7159598214285712,0.7159598214285712,5.652173913043478,7.391304347826086,-1.7391304347826084,1.7391304347826084,6,8,-2,0.0005790463995101267,,0.003369493973246218
2026-04-30,Pernod Ricard SA,FR0000120693,MQ1RPL-R,West Europe,FRANCE,Beverages: Alcoholic,7.0,23,8.928571428571429,6.43,2.498883928571429,2.498883928571429,8.695652173913043,6.521739130434783,2.17391304347826,2.17391304347826,9,7,2,0.00016942599985666557,,0.0009742754922642526
2026-04-30,LVMH Moet Hennessy Louis Vuitton SE,FR0000121014,GQH86W-R,West Europe,FRANCE,Apparel/Footwear,13.0,14,6.923076923076923,6.54,0.38401442307692335,0.38401442307692335,7.142857142857143,7.142857142857143,0.0,0.0,7,7,0,0.0015194719987145268,,0.008913215929229066
2026-04-30,Sodexo SA,FR0000121220,F86RDQ-R,West Europe,FRANCE,Restaurants,18.0,10,2.0,1.333,0.6669921875,0.6669921875,2.0,1.0,1.0,1.0,2,1,1,4.7393059959905474e-05,,0.00028298229775312054
2026-04-30,Thales SA,FR0000121329,L7MP54-R,West Europe,FRANCE,Aerospace & Defense,9.0,67,9.26605504587156,8.07,1.1957425458715605,1.1957425458715605,9.104477611940299,8.35820895522388,0.7462686567164187,0.7462686567164187,9,9,0,0.00030638819974079557,,0.0018010409856997344
2026-04-30,Kering SA,FR0000121485,P45SVG-R,West Europe,FRANCE,Consumer Sundries,13.0,14,4.615384615384616,0.769,3.846341646634616,3.846341646634616,4.285714285714286,0.7142857142857142,3.571428571428571,3.571428571428571,4,1,3,0.00023333999980259436,,0.0013005369896737361
2026-04-30,EssilorLuxottica SA,FR0000121667,R6Y499-R,West Europe,FRANCE,Medical Specialties,8.0,38,2.8000000000000003,2.6,0.20039062500000027,0.20039062500000027,2.1052631578947367,2.631578947368421,-0.5263157894736841,0.5263157894736841,2,3,-1,0.0007120752993975844,,0.004478066964444148
2026-04-30,Klepierre SA,FR0000121964,WCCWD2-R,West Europe,FRANCE,Real Estate Development,14.0,11,6.333333333333333,8.336,-2.002604166666667,2.002604166666667,3.6363636363636367,8.181818181818182,-4.545454545454545,4.545454545454545,4,8,-4,9.351429992088691e-05,,0.0006119448951411575
2026-04-30,Schneider Electric SE,FR0000121972,PVX0ZC-R,West Europe,FRANCE,Electrical Products,9.0,67,7.339449541284404,4.953,2.386324541284404,2.386324541284404,7.014925373134329,4.925373134328358,2.089552238805971,2.089552238805971,7,5,2,0.0019762539983280893,,0.012223649902944219
2026-04-30,Veolia Environnement SA,FR0000124141,BLBH7J-R,West Europe,FRANCE,Water Utilities,19.0,23,7.931034482758621,8.97,-1.037715517241379,1.037715517241379,7.826086956521739,9.565217391304348,-1.7391304347826084,1.7391304347826084,8,10,-2,0.00032359579972623796,,0.0019272999846972382
2026-04-30,Compagnie de Saint-Gobain SA,FR0000125007,RK87TQ-R,West Europe,FRANCE,Building Products,5.0,20,7.8125,6.562,1.25,1.25,7.5,6.0,1.5,1.5,8,6,2,0.00046235829960884485,,0.003011654976087459
2026-04-30,Capgemini SE,FR0000125338,F86QBP-R,West Europe,FRANCE,Information Technology Services,16.0,18,10.0,3.215,6.78515625,6.78515625,10.0,2.7777777777777777,7.222222222222222,7.222222222222222,10,3,7,0.00021917739981457593,,0.0014070399888281024
2026-04-30,VINCI SA,FR0000125486,R71R5P-R,West Europe,FRANCE,Engineering & Construction,5.0,20,9.6875,9.375,0.3125,0.3125,9.5,9.0,0.5,0.5,10,9,1,0.000855765899276022,,0.005894214953199934
2026-04-30,Eiffage SA,FR0000130452,X9RMCS-R,West Europe,FRANCE,Engineering & Construction,5.0,20,10.0,9.69,0.3125,0.3125,10.0,9.5,0.5,0.5,10,10,0,0.00014021919988137455,,0.0010533389916364884
2026-04-30,Publicis Groupe SA,FR0000130577,LZ645K-R,West Europe,FRANCE,Advertising/Marketing Services,11.0,6,10.0,8.0,2.0,2.0,10.0,10.0,0.0,0.0,10,10,0,0.00024132649979583776,,0.0014611369883985724
2026-04-30,Societe Generale S.A. Class A,FR0000130809,VXQN5W-R,West Europe,FRANCE,Major Banks,2.0,37,8.627450980392158,9.61,-0.9819240196078418,0.9819240196078418,8.378378378378379,9.72972972972973,-1.3513513513513509,1.3513513513513509,9,10,-1,0.0006532334994473645,,0.004110283967364345
2026-04-30,BNP Paribas S.A. Class A,FR0000131104,GSRMDX-R,West Europe,FRANCE,Major Banks,2.0,37,9.607843137254902,10.0,-0.3921568627450984,0.3921568627450984,9.72972972972973,10.0,-0.2702702702702702,0.2702702702702702,10,10,0,0.0012051699989804262,,0.007298691942048386
2026-04-30,Renault SA,FR0000131906,VK7479-R,West Europe,FRANCE,Motor Vehicles,1.0,12,7.058823529411765,5.293,1.7658547794117654,1.7658547794117654,5.833333333333334,5.833333333333334,0.0,0.0,6,6,0,7.335456993794203e-05,,0.0004792576961946939
2026-04-30,Orange SA,FR0000133308,HSDXVR-R,West Europe,FRANCE,Wireless Telecommunications,17.0,17,9.130434782608695,7.824,1.3062160326086953,1.3062160326086953,9.411764705882353,7.647058823529411,1.764705882352942,1.764705882352942,10,8,2,0.0004408004996270828,,0.0027300409783234747
2026-04-30,Amundi SA,FR0004125920,W7GV53-R,West Europe,FRANCE,Investment Managers,6.0,22,3.7209302325581395,3.953,-0.23219476744186052,0.23219476744186052,5.454545454545454,6.363636363636363,-0.9090909090909092,0.9090909090909092,6,6,0,6.37560299460624e-05,,0.000395996096855791
2026-04-30,Bureau Veritas SA,FR0006174348,KL214V-R,West Europe,FRANCE,Miscellaneous Commercial Services,9.0,67,3.3944954128440368,5.414,-2.0195670871559632,2.0195670871559632,2.9850746268656714,5.3731343283582085,-2.388059701492537,2.388059701492537,3,6,-3,0.00011224959990503685,,0.0006960493944733678
2026-04-30,Gecina SA,FR0010040865,RDQKHP-R,West Europe,FRANCE,Real Estate Investment Trusts,14.0,11,9.0,6.0,3.0,3.0,8.181818181818182,4.545454545454545,3.6363636363636367,3.6363636363636367,8,5,3,4.110407996522595e-05,,0.000309613097541672
2026-04-30,ENGIE S.A.,FR0010208488,QKJP1R-R,West Europe,FRANCE,Electric Utilities,19.0,23,3.793103448275862,8.27,-4.480334051724138,4.480334051724138,4.3478260869565215,8.695652173913043,-4.3478260869565215,4.3478260869565215,5,9,-4,0.0006796036994250553,,0.004114747967328901
2026-04-30,Alstom SA,FR0010220475,QSF694-R,West Europe,FRANCE,Trucks/Construction/Farm Machinery,9.0,67,5.412844036697248,0.9175,4.495363567947248,4.495363567947248,4.776119402985074,1.1940298507462686,3.5820895522388057,3.5820895522388057,5,1,4,8.221493993044615e-05,,0.0004806443961836835
2026-04-30,Ipsen SA,FR0010259150,VWJ2JM-R,West Europe,FRANCE,Pharmaceuticals: Major,8.0,38,5.4,6.4,-0.9984374999999996,0.9984374999999996,5.263157894736842,6.052631578947368,-0.7894736842105265,0.7894736842105265,6,6,0,7.903907993313293e-05,,0.00048674599613523676
2026-04-30,Legrand SA,FR0010307819,PB2NM2-R,West Europe,FRANCE,Electronic Equipment/Instruments,9.0,67,5.137614678899083,3.027,2.110270928899083,2.110270928899083,4.477611940298508,3.1343283582089554,1.3432835820895526,1.3432835820895526,5,3,2,0.0005020348995752785,,0.0031450559750282555
2026-04-30,Aeroports de Paris,FR0010340141,LD8KL5-R,West Europe,FRANCE,Other Transportation,9.0,67,8.715596330275229,8.35,0.36403383027522906,0.36403383027522906,8.507462686567164,8.656716417910447,-0.14925373134328268,0.14925373134328268,9,9,0,3.6381419969221315e-05,,0.00021686169827811813
2026-04-30,Rexel SA,FR0010451203,FBG90Z-R,West Europe,FRANCE,Wholesale Distributors,9.0,67,9.541284403669724,9.73,-0.1852780963302756,0.1852780963302756,9.552238805970148,9.850746268656716,-0.29850746268656714,0.29850746268656714,10,10,0,0.00010562419991064192,,0.0006292598950036764
2026-04-30,Getlink SE,FR0010533075,PKTRNJ-R,West Europe,FRANCE,Railroads,9.0,67,8.623853211009175,7.43,1.194165711009175,1.194165711009175,8.35820895522388,7.462686567164179,0.8955223880597005,0.8955223880597005,9,8,1,7.607778993563819e-05,,0.00044104749649808285
2026-04-30,Sartorius Stedim Biotech SA,FR0013154002,KQMGSG-R,West Europe,FRANCE,Medical Specialties,8.0,38,0.4,0.6,-0.20009765624999998,0.20009765624999998,0.2631578947368421,0.2631578947368421,0.0,0.0,1,1,0,5.4090219954239676e-05,,0.00034754509724049197
2026-04-30,Ayvens,FR0013258662,MKHN6T-R,West Europe,FRANCE,Finance/Rental/Leasing,6.0,22,7.441860465116279,6.977,0.46529796511627897,0.46529796511627897,8.636363636363637,9.545454545454547,-0.9090909090909101,0.9090909090909101,9,10,-1,3.867222996728329e-05,,0.00032877889738949556
2026-04-30,bioMerieux SA,FR0013280286,LD75YW-R,West Europe,FRANCE,Medical Specialties,8.0,38,3.0,3.4,-0.400390625,0.400390625,2.3684210526315788,3.1578947368421053,-0.7894736842105265,0.7894736842105265,3,3,0,3.694310996874613e-05,,0.00026973809785827953
2026-04-30,Unibail-Rodamco-Westfield SE Stapled Secs Cons of 1 Sh Unibail Rodamco + 1 Sh WFD Unib Rod,FR0013326246,VTG478-R,West Europe,FRANCE,Real Estate Investment Trusts,14.0,11,10.0,9.336,0.6640625,0.6640625,10.0,10.0,0.0,0.0,10,10,0,0.00016243339986258133,,0.000849166993257614
2026-04-30,Eurofins Scientific SE,FR0014000MR3,CGGTW3-R,West Europe,FRANCE,Miscellaneous Commercial Services,8.0,38,5.6000000000000005,4.6,0.9984375000000005,0.9984375000000005,5.526315789473685,4.473684210526316,1.052631578947369,1.052631578947369,6,5,1,0.000102118199913608,,0.0005412636957023662
2026-04-30,Dassault Systemes SE,FR0014003TT8,VMHPTJ-R,West Europe,FRANCE,Packaged Software,16.0,18,8.571428571428571,5.355,3.215959821428571,3.215959821428571,7.777777777777778,5.0,2.7777777777777777,2.7777777777777777,8,5,3,0.00016999519985618405,,0.001070968991496506
2026-04-30,Dassault Aviation SA,FR0014004L86,N4KJCL-R,West Europe,FRANCE,Aerospace & Defense,9.0,67,9.357798165137615,7.707,1.6507669151376145,1.6507669151376145,9.253731343283583,7.7611940298507465,1.4925373134328366,1.4925373134328366,9,8,1,8.933497992442261e-05,,0.00044211239648962757
2026-04-30,Cie Generale des Etablissements Michelin SA,FR001400AJ45,QLR4HX-R,West Europe,FRANCE,Automotive Aftermarket,1.0,12,4.705882352941177,5.883,-1.1769301470588234,1.1769301470588234,4.166666666666667,6.666666666666666,-2.499999999999999,2.499999999999999,4,7,-3,0.00027871349976420836,,0.0017031389864770763
2026-04-30,Antofagasta plc,GB0000456144,CGFLHY-R,West Europe,UNITED KINGDOM,Other Metals/Minerals,3.0,14,0.4545454545454546,2.273,-1.8188920454545454,1.8188920454545454,0.7142857142857142,3.5714285714285716,-2.8571428571428577,2.8571428571428577,1,4,-3,0.00019991919983086836,,0.0012501409900738804
2026-04-30,Barratt Redrow plc,GB0000811801,DH768X-R,West Europe,UNITED KINGDOM,Homebuilding,13.0,14,9.615384615384615,6.92,2.693509615384615,2.693509615384615,10.0,7.857142857142857,2.1428571428571432,2.1428571428571432,10,8,2,5.250577995558011e-05,,0.00032441389742415367
2026-04-30,Diageo plc,GB0002374006,SRR0L0-R,West Europe,UNITED KINGDOM,Beverages: Alcoholic,7.0,23,1.4285714285714284,1.071,0.3572823660714284,0.3572823660714284,1.7391304347826086,1.3043478260869565,0.4347826086956521,0.4347826086956521,2,1,1,0.0005020201995752909,,0.0030131479760756048
2026-04-30,BAE Systems plc,GB0002634946,H3ZDL6-R,West Europe,UNITED KINGDOM,Aerospace & Defense,9.0,67,6.697247706422019,6.42,0.2753727064220186,0.2753727064220186,6.119402985074627,6.268656716417911,-0.14925373134328357,0.14925373134328357,6,6,0,0.0009496627991965852,,0.0055685219557859355
2026-04-30,British American Tobacco p.l.c.,GB0002875804,JTC3C0-R,West Europe,UNITED KINGDOM,Tobacco,7.0,23,9.642857142857142,9.64,0.0022321428571423496,0.0022321428571423496,9.565217391304348,9.565217391304348,0.0,0.0,10,10,0,0.0014654829987602012,,0.008556847932058628
2026-04-30,Halma plc,GB0004052071,VQYC7M-R,West Europe,UNITED KINGDOM,Electronic Equipment/Instruments,9.0,67,4.495412844036697,5.32,-0.8248996559633026,0.8248996559633026,4.029850746268656,5.223880597014925,-1.1940298507462686,1.1940298507462686,4,5,-1,0.00024549379979231224,,0.0015279869878677833
2026-04-30,Standard Chartered PLC,GB0004082847,RT2GT1-R,West Europe,UNITED KINGDOM,Major Banks,2.0,37,6.666666666666666,3.334,3.332682291666666,3.332682291666666,6.486486486486487,3.5135135135135136,2.9729729729729732,2.9729729729729732,7,4,3,0.0005730426995152058,,0.0031364539750965556
2026-04-30,Imperial Brands PLC,GB0004544929,WRQWWJ-R,West Europe,UNITED KINGDOM,Tobacco,7.0,23,3.5714285714285716,8.21,-4.639508928571429,4.639508928571429,3.4782608695652173,8.26086956521739,-4.782608695652174,4.782608695652174,4,8,-4,0.0003329903997182901,,0.0019423609845776537
2026-04-30,HSBC Holdings Plc,GB0005405286,MH2X00-R,West Europe,UNITED KINGDOM,Major Banks,2.0,37,7.254901960784314,7.65,-0.3935355392156863,0.3935355392156863,7.027027027027027,7.837837837837838,-0.8108108108108105,0.8108108108108105,7,8,-1,0.003633820996925787,,0.02132001983071904
2026-04-30,Legal & General Group Plc,GB0005603997,R033YB-R,West Europe,UNITED KINGDOM,Multi-Line Insurance,10.0,24,6.666666666666666,7.406,-0.7395833333333339,0.7395833333333339,6.666666666666666,7.5,-0.8333333333333339,0.8333333333333339,7,8,-1,0.00021174139982086678,,0.0013163939895478316
2026-04-30,Associated British Foods plc,GB0006731235,RFRHDN-R,West Europe,UNITED KINGDOM,Food: Major Diversified,7.0,23,9.285714285714286,7.5,1.7857142857142865,1.7857142857142865,9.130434782608695,7.826086956521739,1.304347826086956,1.304347826086956,9,8,1,9.308617992124908e-05,,0.0004935779960809907
2026-04-30,Pearson PLC,GB0006776081,KL682P-R,West Europe,UNITED KINGDOM,Publishing: Books/Magazines,11.0,6,4.0,2.0,2.0,2.0,5.0,5.0,0.0,0.0,5,5,0,0.00011987569989858515,,0.0006470768948622094
2026-04-30,Prudential plc,GB0007099541,V4QWNW-R,West Europe,UNITED KINGDOM,Multi-Line Insurance,10.0,24,1.8518518518518516,6.668,-4.816116898148149,4.816116898148149,1.6666666666666665,6.666666666666666,-5.0,5.0,2,7,-5,0.00044550749962310064,,0.0025275569799311976
2026-04-30,Rio Tinto plc,GB0007188757,RS2FLX-R,West Europe,UNITED KINGDOM,Other Metals/Minerals,3.0,14,1.3636363636363635,4.547,-3.1832386363636367,3.1832386363636367,2.142857142857143,7.142857142857143,-5.0,5.0,2,7,-5,0.001307135998894163,,0.007226542942621248
2026-04-30,SSE PLC,GB0007908733,V70D41-R,West Europe,UNITED KINGDOM,Electric Utilities,19.0,23,2.7586206896551726,1.034,1.7244410021551726,1.7244410021551726,3.0434782608695654,1.3043478260869565,1.7391304347826089,1.7391304347826089,3,1,2,0.0004889493995863487,,0.002889296977058982
2026-04-30,BP PLC,GB0007980591,S8V1HG-R,West Europe,UNITED KINGDOM,Integrated Oil,12.0,14,10.0,8.82,1.1796875,1.1796875,10.0,9.285714285714286,0.7142857142857135,0.7142857142857135,10,9,1,0.0013937709988208697,,0.008579738931876872
2026-04-30,Lloyds Banking Group plc,GB0008706128,QG1XJM-R,West Europe,UNITED KINGDOM,Major Banks,2.0,37,9.80392156862745,6.863,2.94064031862745,2.94064031862745,10.0,6.756756756756756,3.243243243243244,3.243243243243244,10,7,3,0.0009135151992271662,,0.0052598169582370536
2026-04-30,Smith & Nephew plc,GB0009223206,L5CD35-R,West Europe,UNITED KINGDOM,Medical Specialties,8.0,38,9.6,9.2,0.39687499999999964,0.39687499999999964,9.736842105263158,9.210526315789473,0.526315789473685,0.526315789473685,10,9,1,0.00014387309987828336,,0.0009133209927482313
2026-04-30,AstraZeneca PLC,GB0009895292,GY9L86-R,West Europe,UNITED KINGDOM,Pharmaceuticals: Major,8.0,38,7.0,7.0,0.0,0.0,7.105263157894736,6.842105263157895,0.2631578947368416,0.2631578947368416,7,7,0,0.003255965997245453,,0.019127569848127097
2026-04-30,BT Group plc,GB0030913577,DKMXT1-R,West Europe,UNITED KINGDOM,Major Telecommunications,17.0,17,4.782608695652174,3.479,1.3040930706521738,1.3040930706521738,4.117647058823529,2.9411764705882355,1.1764705882352935,1.1764705882352935,4,3,1,0.00021972459981411298,,0.0012188279903225057
2026-04-30,Marks and Spencer Group plc,GB0031274896,C5C1JQ-R,West Europe,UNITED KINGDOM,Department Stores,15.0,14,6.666666666666666,1.111,5.555338541666666,5.555338541666666,5.7142857142857135,1.4285714285714284,4.285714285714285,4.285714285714285,6,2,4,0.00010280069991303061,,0.0006197575950791246
2026-04-30,Barclays PLC,GB0031348658,Q1KZKH-R,West Europe,UNITED KINGDOM,Investment Banks/Brokers,2.0,37,9.411764705882353,9.22,0.19301470588235325,0.19301470588235325,9.45945945945946,9.45945945945946,0.0,0.0,10,10,0,0.0009363491992078485,,0.005502089956313405
2026-04-30,Intertek Group plc,GB0031638363,P8X97Y-R,West Europe,UNITED KINGDOM,Miscellaneous Commercial Services,9.0,67,0.7339449541284404,1.468,-0.7338284833715596,0.7338284833715596,0.7462686567164178,2.08955223880597,-1.3432835820895521,1.3432835820895521,1,2,-1,0.00012086479989774838,,0.0007058278943957266
2026-04-30,Next plc,GB0032089863,CQJM8J-R,West Europe,UNITED KINGDOM,Apparel/Footwear,15.0,14,1.1111111111111112,3.334,-2.222873263888889,2.222873263888889,1.4285714285714284,2.8571428571428568,-1.4285714285714284,1.4285714285714284,2,3,-1,0.00024874019978956576,,0.0014562109884376847
2026-04-30,Kingfisher Plc,GB0033195214,GGPJ50-R,West Europe,UNITED KINGDOM,Home Improvement Chains,15.0,14,8.88888888888889,9.445,-0.5564236111111107,0.5564236111111107,8.571428571428571,9.285714285714286,-0.7142857142857153,0.7142857142857153,9,9,0,8.671244992664125e-05,,0.0004737289962385918
2026-04-30,J Sainsbury plc,GB00B019KW72,MH7DL7-R,West Europe,UNITED KINGDOM,Food Retail,15.0,14,9.444444444444445,8.89,0.5538194444444446,0.5538194444444446,9.285714285714286,8.571428571428571,0.7142857142857153,0.7142857142857153,9,9,0,8.188115993072854e-05,,0.0005252070958298556
2026-04-30,Admiral Group plc,GB00B02J6398,D2TYF9-R,West Europe,UNITED KINGDOM,Property/Casualty Insurance,10.0,24,2.2222222222222223,0.3704,1.8518608940972223,1.8518608940972223,2.0833333333333335,0.41666666666666663,1.666666666666667,1.666666666666667,2,1,1,0.00013234509988803604,,0.0008065817935957405
2026-04-30,Centrica plc,GB00B033F229,LHKZY9-R,West Europe,UNITED KINGDOM,Gas Distributors,19.0,23,1.7241379310344829,3.793,-2.068830818965517,2.068830818965517,1.7391304347826086,4.782608695652174,-3.0434782608695654,3.0434782608695654,2,5,-3,0.00015958739986498904,,0.0009279549926320374
2026-04-30,Bunzl plc,GB00B0744B38,CMX879-R,West Europe,UNITED KINGDOM,Wholesale Distributors,9.0,67,8.34862385321101,7.613,0.7353426032110093,0.7353426032110093,7.910447761194029,7.611940298507463,0.29850746268656625,0.29850746268656625,8,8,0,0.000116775399901208,,0.0007246878942459782
2026-04-30,Rentokil Initial plc,GB00B082RF11,JWNLQ3-R,West Europe,UNITED KINGDOM,Miscellaneous Commercial Services,9.0,67,6.330275229357798,6.79,-0.45878727064220204,0.45878727064220204,5.82089552238806,6.865671641791044,-1.044776119402984,1.044776119402984,6,7,-1,0.00018054659984725757,,0.001134466990992332
2026-04-30,London Stock Exchange Group plc,GB00B0SWJX34,F0BW8V-R,West Europe,UNITED KINGDOM,Financial Publishing/Services,6.0,22,1.3953488372093024,1.3955,-0.00015897529069763827,0.00015897529069763827,2.2727272727272725,2.2727272727272725,0.0,0.0,2,2,0,0.0006978810994095926,,0.004352157965443865
2026-04-30,Experian PLC,GB00B19NLV48,S243YB-R,West Europe,UNITED KINGDOM,Miscellaneous Commercial Services,9.0,67,3.669724770642202,7.156,-3.486525229357798,3.486525229357798,3.283582089552239,7.164179104477611,-3.8805970149253723,3.8805970149253723,3,7,-4,0.00039313949966740395,,0.0022637229820260396
2026-04-30,Severn Trent Plc,GB00B1FH8J72,LRJK5P-R,West Europe,UNITED KINGDOM,Water Utilities,19.0,23,5.517241379310345,5.863,-0.3460398706896548,0.3460398706896548,6.086956521739131,6.956521739130435,-0.8695652173913038,0.8695652173913038,6,7,-1,0.00014318399987886632,,0.0007504637940413174
2026-04-30,Whitbread PLC,GB00B1KJJ408,PN6Z21-R,West Europe,UNITED KINGDOM,Hotels/Resorts/Cruiselines,18.0,10,7.333333333333333,2.0,5.333333333333333,5.333333333333333,7.0,2.0,5.0,5.0,7,2,5,6.622171994397643e-05,,0.00035657829716876835
2026-04-30,Smiths Group Plc,GB00B1WY2338,C7RT3W-R,West Europe,UNITED KINGDOM,Electrical Products,9.0,67,3.853211009174312,0.642,3.211121165424312,3.211121165424312,3.432835820895522,0.7462686567164178,2.6865671641791042,2.6865671641791042,4,1,3,0.00014363559987848426,,0.0007707700938800855
2026-04-30,3i Group plc,GB00B1YW4409,GX5F66-R,West Europe,UNITED KINGDOM,Investment Trusts/Mutual Funds,6.0,22,0.23255813953488372,4.188,-3.9549418604651163,3.9549418604651163,0.4545454545454546,6.8181818181818175,-6.363636363636363,6.363636363636363,1,7,-6,0.0003830169996759676,,0.00226389798202465
2026-04-30,RELX PLC,GB00B2B0DG97,PC4MH0-R,West Europe,UNITED KINGDOM,Miscellaneous Commercial Services,16.0,18,3.5714285714285716,6.43,-2.8582589285714284,2.8582589285714284,2.7777777777777777,6.111111111111112,-3.333333333333334,3.333333333333334,3,6,-3,0.0007628347993546417,,0.004503780964239979
2026-04-30,Fresnillo PLC,GB00B2QPKJ12,C8X0D1-R,West Europe,UNITED KINGDOM,Precious Metals,3.0,14,4.545454545454545,7.273,-2.727982954545455,2.727982954545455,7.142857142857143,8.571428571428571,-1.428571428571428,1.428571428571428,7,9,-2,0.00011117959990594205,,0.0005235474958430328
2026-04-30,United Utilities Group PLC,GB00B39J2M42,H9PG8C-R,West Europe,UNITED KINGDOM,Water Utilities,19.0,23,8.275862068965518,6.207,2.068830818965518,2.068830818965518,8.26086956521739,7.391304347826086,0.8695652173913047,0.8695652173913047,8,8,0,0.00013764249988355444,,0.000885688392967634
2026-04-30,SEGRO plc,GB00B5ZN1N88,DF4GV5-R,West Europe,UNITED KINGDOM,Real Estate Investment Trusts,14.0,11,7.666666666666667,1.0,6.666666666666667,6.666666666666667,5.454545454545454,2.727272727272727,2.727272727272727,2.727272727272727,6,3,3,0.00013818169988309828,,0.0007501726940436288
2026-04-30,Rolls-Royce Holdings plc,GB00B63H8491,DTMN8J-R,West Europe,UNITED KINGDOM,Aerospace & Defense,9.0,67,3.9449541284403673,6.516,-2.5706708715596327,2.5706708715596327,3.5820895522388057,6.4179104477611935,-2.835820895522388,2.835820895522388,4,7,-3,0.001563104998677613,,0.009210107926871743
2026-04-30,Sage Group plc,GB00B8C3BL03,F057JK-R,West Europe,UNITED KINGDOM,Packaged Software,16.0,18,7.5,7.855,-0.35546875,0.35546875,7.222222222222222,7.222222222222222,0.0,0.0,7,7,0,0.00014037439988124327,,0.0007769684938308701
2026-04-30,Compass Group PLC,GB00BD6K4575,LJQ74C-R,West Europe,UNITED KINGDOM,Restaurants,18.0,10,6.0,10.0,-4.0,4.0,5.0,10.0,-5.0,5.0,5,10,-5,0.0005340890995481606,,0.0033524529733815235
2026-04-30,Coca-Cola Europacific Partners plc,GB00BDCPN049,MH2KBP-R,North America,UNITED STATES,Beverages: Non-Alcoholic,7.0,18,2.5806451612903225,9.586,-7.005292338709678,7.005292338709678,2.7777777777777777,10.0,-7.222222222222222,7.222222222222222,3,10,-7,0.00024628939979163915,,
2026-04-30,National Grid plc,GB00BDR05C01,J2N4RC-R,West Europe,UNITED KINGDOM,Electric Utilities,19.0,23,8.96551724137931,3.104,5.86200161637931,5.86200161637931,8.695652173913043,3.9130434782608696,4.782608695652174,4.782608695652174,9,4,5,0.0010200869991370063,,0.006201274950761877
2026-04-30,Standard Life plc,GB00BGXQNP29,RS2N47-R,West Europe,UNITED KINGDOM,Life/Health Insurance,10.0,24,7.777777777777778,9.26,-1.4800347222222223,1.4800347222222223,7.916666666666666,9.583333333333334,-1.6666666666666679,1.6666666666666679,8,10,-2,7.617154993555886e-05,,0.0005735541954459797
2026-04-30,Vodafone Group Public Limited Company,GB00BH4HKS39,J4RDQ3-R,West Europe,UNITED KINGDOM,Wireless Telecommunications,17.0,17,8.695652173913043,9.56,-0.866847826086957,0.866847826086957,8.823529411764707,9.411764705882353,-0.5882352941176467,0.5882352941176467,9,10,-1,0.00035159489970255074,,0.0020928999833823743
2026-04-30,InterContinental Hotels Group PLC,GB00BHJYC057,LY217M-R,West Europe,UNITED KINGDOM,Hotels/Resorts/Cruiselines,18.0,10,1.3333333333333333,6.0,-4.666666666666667,4.666666666666667,1.0,6.0,-5.0,5.0,1,6,-5,0.0002811070997621834,,0.0014735559882999654
2026-04-30,Airtel Africa Plc,GB00BKDRYJ47,JYG36V-R,West Europe,UNITED KINGDOM,Wireless Telecommunications,17.0,17,3.0434782608695654,4.348,-1.3041779891304346,1.3041779891304346,2.9411764705882355,4.117647058823529,-1.1764705882352935,1.1764705882352935,3,4,-1,4.9959419957734326e-05,,0.0002285009981857021
2026-04-30,M&G Plc,GB00BKFB1C65,B18MVG-R,West Europe,UNITED KINGDOM,Financial Conglomerates,6.0,22,5.116279069767442,6.51,-1.395439680232558,1.395439680232558,7.272727272727273,9.09090909090909,-1.8181818181818166,1.8181818181818166,7,9,-2,0.00011327879990416613,,0.0006387734949281384
2026-04-30,Wise PLC Class A,GB00BL9YR756,T65TSF-R,West Europe,UNITED KINGDOM,Finance/Rental/Leasing,9.0,67,0.5504587155963303,1.284,-0.7337209719036697,0.7337209719036697,0.5970149253731343,1.7910447761194028,-1.1940298507462686,1.1940298507462686,1,2,-1,9.779406991726622e-05,,0.0008210733934806773
2026-04-30,Tesco PLC,GB00BLGZ9862,MDTJSZ-R,West Europe,UNITED KINGDOM,Food Retail,15.0,14,7.222222222222222,6.668,0.5542534722222223,0.5542534722222223,6.428571428571429,5.7142857142857135,0.7142857142857153,0.7142857142857153,7,6,1,0.0004876780995874243,,0.0028574319773119897
2026-04-30,NatWest Group Plc,GB00BM8PJY71,KHS6Z8-R,West Europe,UNITED KINGDOM,Major Banks,2.0,37,7.8431372549019605,9.02,-1.1803002450980395,1.1803002450980395,7.567567567567568,9.18918918918919,-1.621621621621621,1.621621621621621,8,9,-1,0.0007078104994011923,,0.004230993966405908
2026-04-30,JD Sports Fashion Plc,GB00BM8Q5M07,DF01D0-R,West Europe,UNITED KINGDOM,Apparel/Footwear Retail,15.0,14,3.333333333333333,8.336,-5.002604166666667,5.002604166666667,3.5714285714285716,7.857142857142857,-4.285714285714285,4.285714285714285,4,8,-4,2.4763479979050097e-05,,0.0001492029988153282
2026-04-30,Informa Plc,GB00BMJ6DW54,Q77TYJ-R,West Europe,UNITED KINGDOM,Internet Software/Services,11.0,6,8.666666666666668,7.332,1.3346354166666679,1.3346354166666679,8.333333333333334,8.333333333333334,0.0,0.0,9,9,0,0.00017283879985377837,,0.0009690491923057495
2026-04-30,Royalty Pharma Plc Class A,GB00BMVP7Y09,MN5CL1-R,North America,UNITED STATES,Pharmaceuticals: Major,8.0,58,8.656716417910447,4.03,4.625466417910447,4.625466417910447,8.620689655172413,4.137931034482759,4.482758620689654,4.482758620689654,9,4,5,0.00023147629980417104,,
2026-04-30,Haleon PLC,GB00BMX86B70,MQ54K5-R,West Europe,UNITED KINGDOM,Pharmaceuticals: Major,8.0,38,9.399999999999999,8.4,1.0015624999999986,1.0015624999999986,9.473684210526315,8.157894736842104,1.3157894736842106,1.3157894736842106,10,8,2,0.00047632649959702776,,0.0027886539778580874
2026-04-30,GSK plc,GB00BN7SWP63,Q8D48N-R,West Europe,UNITED KINGDOM,Pharmaceuticals: Major,8.0,38,6.4,6.8,-0.40078124999999964,0.40078124999999964,6.315789473684211,6.578947368421053,-0.2631578947368425,0.2631578947368425,6,7,-1,0.0012139839989729695,,0.0070608059439372
2026-04-30,Melrose Industries PLC,GB00BNGDN821,JPV5LS-R,West Europe,UNITED KINGDOM,Aerospace & Defense,9.0,67,9.63302752293578,8.53,1.1017775229357802,1.1017775229357802,9.701492537313433,8.955223880597016,0.746268656716417,0.746268656716417,10,9,1,9.68420799180716e-05,,0.0005450414956723706
2026-04-30,Shell Plc,GB00BP6MXD84,HKR6LR-R,West Europe,UNITED KINGDOM,Integrated Oil,12.0,14,4.705882352941177,4.707,-0.0011488970588233727,0.0011488970588233727,5.0,5.7142857142857135,-0.7142857142857135,0.7142857142857135,5,6,-1,0.0029472449975066306,,0.0172580098629714
2026-04-30,Schroders PLC,GB00BP9LHF23,W255GY-R,West Europe,UNITED KINGDOM,Investment Managers,6.0,22,2.3255813953488373,3.72,-1.3951217296511627,1.3951217296511627,3.1818181818181817,5.909090909090909,-2.7272727272727275,2.7272727272727275,3,6,-3,5.882994995022986e-05,,0.0004936078960807533
2026-04-30,Aviva plc,GB00BPQY8M80,CKVFC8-R,West Europe,UNITED KINGDOM,Multi-Line Insurance,10.0,24,8.518518518518519,8.89,-0.37210648148148096,0.37210648148148096,8.75,9.166666666666666,-0.4166666666666661,0.4166666666666661,9,9,0,0.00028669659975745466,,0.0017420799861678849
2026-04-30,Reckitt Benckiser Group plc,GB00BSZBP530,S8ZFWL-R,West Europe,UNITED KINGDOM,Household/Personal Care,13.0,14,5.769230769230768,5.0,0.7692307692307683,0.7692307692307683,5.7142857142857135,5.0,0.7142857142857135,0.7142857142857135,6,5,1,0.00047781669959576705,,0.0028734509771847993
2026-04-30,Anglo American plc,GB00BTK05J60,LRJCVJ-R,West Europe,UNITED KINGDOM,Other Metals/Minerals,3.0,14,4.090909090909091,1.818,2.272549715909091,2.272549715909091,6.428571428571429,2.8571428571428568,3.571428571428572,3.571428571428572,7,3,4,0.0006136359994808639,,0.003597691971434326
2026-04-30,Autotrader Group PLC,GB00BVYVFW23,RQC189-R,West Europe,UNITED KINGDOM,Internet Software/Services,16.0,18,3.9285714285714284,7.5,-3.5714285714285716,3.5714285714285716,3.333333333333333,6.666666666666666,-3.333333333333333,3.333333333333333,4,7,-3,6.767648994274568e-05,,0.0003843525969482404
2026-04-30,Unilever PLC,GB00BVZK7T90,CGF31Z-R,West Europe,UNITED KINGDOM,Household/Personal Care,13.0,14,4.230769230769231,4.617,-0.38641826923076916,0.38641826923076916,3.5714285714285716,4.285714285714286,-0.714285714285714,0.714285714285714,4,4,0,0.0015088399987235213,,0.008825963929921845
2026-04-30,Spirax Group plc.,GB00BWFGQN14,SRS3P1-R,West Europe,UNITED KINGDOM,Industrial Machinery,9.0,67,7.064220183486238,5.965,1.0993764334862384,1.0993764334862384,6.567164179104478,5.82089552238806,0.7462686567164178,0.7462686567164178,7,6,1,7.354732993777895e-05,,0.0004923835960904743
2026-04-30,Land Securities Group PLC,GB00BYW0PQ60,BXLFMX-R,West Europe,UNITED KINGDOM,Real Estate Investment Trusts,14.0,11,8.333333333333334,7.332,1.001302083333334,1.001302083333334,6.363636363636363,6.363636363636363,0.0,0.0,6,7,-1,5.9248219949876e-05,,0.00039959429682722125
2026-04-30,CRH public limited company,IE0001827041,CPD5P8-R,North America,UNITED STATES,Construction Materials,5.0,13,3.333333333333333,5.715,-2.381510416666667,2.381510416666667,3.8461538461538463,6.153846153846154,-2.307692307692308,2.307692307692308,4,6,-2,0.0008914690992458171,0.0012535270195424863,
2026-04-30,Smurfit Westrock PLC,IE00028FXN24,JZ0778-R,North America,UNITED STATES,Containers/Packaging,9.0,99,4.152542372881356,0.2856,3.8668978416313564,3.8668978416313564,4.040404040404041,0.30303030303030304,3.7373737373737375,3.7373737373737375,4,1,3,0.0002223259998119122,0.0003330886051928514,
2026-04-30,Kerry Group Plc Class A,IE0004906560,HTK75W-R,West Europe,IRELAND,Food: Specialty/Candy,7.0,23,3.9285714285714284,2.143,1.7859933035714284,1.7859933035714284,3.9130434782608696,2.1739130434782608,1.7391304347826089,1.7391304347826089,4,2,2,0.00016063019986410686,,0.0009083144927879829
2026-04-30,Kingspan Group Plc,IE0004927939,KDDY2D-R,West Europe,IRELAND,Construction Materials,5.0,20,2.8125,2.5,0.3125,0.3125,3.0,3.0,0.0,0.0,3,3,0,0.0001548292998690144,,0.000946130592487723
2026-04-30,TE Connectivity plc,IE000IVNQZ81,T1N9NF-R,North America,UNITED STATES,Semiconductors,16.0,94,9.439252336448599,7.98,1.4587835864485985,1.4587835864485985,9.46808510638298,8.085106382978722,1.382978723404257,1.382978723404257,10,8,2,0.0007093151993999193,0.0009812041152969721,
2026-04-30,Linde plc,IE000S9YS762,LQ766T-R,North America,UNITED STATES,Chemicals: Specialty,4.0,8,2.727272727272727,3.0,-0.27272727272727293,0.27272727272727293,2.5,2.5,0.0,0.0,3,3,0,0.0027104569977069535,0.00382861705968814,
2026-04-30,Accenture Plc Class A,IE00B4BNMY34,BWDZ2P-R,North America,UNITED STATES,Information Technology Services,9.0,99,2.3728813559322033,9.71,-7.338056144067797,7.338056144067797,2.323232323232323,9.797979797979798,-7.474747474747474,7.474747474747474,3,10,-7,0.0012844519989133538,0.0017854260278347917,
2026-04-30,Eaton Corp. Plc,IE00B8KQN827,SZJL5M-R,North America,UNITED STATES,Electrical Products,9.0,99,3.644067796610169,3.904,-0.2602290783898309,0.2602290783898309,3.5353535353535355,3.9393939393939394,-0.404040404040404,0.404040404040404,4,4,0,0.0018957909983961607,0.0026725700416653673,
2026-04-30,Bank of Ireland Group Plc,IE00BD1RP616,CLZD12-R,West Europe,IRELAND,Major Banks,2.0,37,6.862745098039216,5.098,1.7650888480392162,1.7650888480392162,6.756756756756756,5.405405405405405,1.3513513513513509,1.3513513513513509,7,6,1,0.00022937879980594554,,0.0012159229903455715
2026-04-30,Willis Towers Watson Public Limited Company,IE00BDB6Q211,MBK7R0-R,North America,UNITED STATES,Insurance Brokers/Services,10.0,23,4.6875,5.2,-0.51171875,0.51171875,6.086956521739131,5.652173913043478,0.4347826086956532,0.4347826086956532,6,6,0,0.00028505439975884395,0.00039195720611061286,
2026-04-30,AIB Group plc,IE00BF0L3536,W7Y6YZ-R,West Europe,IRELAND,Major Banks,2.0,37,2.9411764705882355,7.06,-4.1174172794117645,4.1174172794117645,2.9729729729729732,7.027027027027027,-4.054054054054054,4.054054054054054,3,7,-4,0.00023303149980285535,,0.0016118099872022287
2026-04-30,Allegion Public Limited Company,IE00BFRT3W74,RJVBBR-R,North America,UNITED STATES,Tools & Hardware,9.0,99,3.559322033898305,6.76,-3.202396716101695,3.202396716101695,3.4343434343434343,6.969696969696971,-3.5353535353535364,3.5353535353535364,4,7,-3,0.00013110309988908678,0.0001887743029429914,
2026-04-30,STERIS plc,IE00BFY8C754,SPGL7X-R,North America,UNITED STATES,Medical Specialties,8.0,58,5.074626865671642,3.434,1.6410331156716422,1.6410331156716422,4.827586206896552,3.6206896551724137,1.206896551724138,1.206896551724138,5,4,1,0.0002515558997871837,0.00034091150531481034,
2026-04-30,Trane Technologies plc,IE00BK9ZQ967,C5GXYC-R,North America,UNITED STATES,Industrial Machinery,5.0,13,2.2222222222222223,3.572,-1.3500434027777777,1.3500434027777777,3.076923076923077,3.8461538461538463,-0.7692307692307692,0.7692307692307692,3,4,-1,0.0012369439989535452,0.0017369990270798147,
2026-04-30,Seagate Technology Holdings PLC,IE00BKVD2N49,KXDMGL-R,North America,UNITED STATES,Computer Peripherals,16.0,94,2.523364485981308,9.8,-7.273510514018692,7.273510514018692,2.4468085106382977,9.787234042553191,-7.340425531914893,7.340425531914893,3,10,-7,0.0018273839984540331,0.0025657930400007135,
2026-04-30,Aon Plc Class A,IE00BLP1HW54,PY5NPN-R,North America,UNITED STATES,Insurance Brokers/Services,10.0,23,3.4375,4.8,-1.36328125,1.36328125,4.3478260869565215,5.217391304347826,-0.8695652173913047,0.8695652173913047,5,5,0,0.0007276703993843908,0.0010774480167974145,
2026-04-30,Pentair plc,IE00BLS09M33,CRHPMR-R,North America,UNITED STATES,Industrial Machinery,9.0,99,5.254237288135593,4.76,0.49251853813559343,0.49251853813559343,5.050505050505051,4.848484848484849,0.20202020202020243,0.20202020202020243,5,5,0,0.0001396889998818231,0.00020968260326895176,
2026-04-30,Medtronic Plc,IE00BTN1Y115,J89J6Y-R,North America,UNITED STATES,Medical Specialties,8.0,58,4.477611940298508,2.09,2.387768190298508,2.387768190298508,4.137931034482759,2.0689655172413794,2.0689655172413794,2.0689655172413794,4,2,2,0.001167266999012492,0.0016547210257971008,
2026-04-30,Flutter Entertainment Plc,IE00BWT6H894,QWW11D-R,North America,UNITED STATES,Casinos/Gaming,18.0,20,2.307692307692308,1.154,1.153395432692308,1.153395432692308,2.5,1.0,1.5,1.5,3,1,2,0.00020460299982690586,,
2026-04-30,Johnson Controls International plc,IE00BY7QL619,VT4SWZ-R,North America,UNITED STATES,Industrial Machinery,9.0,99,8.813559322033898,7.715,1.098715572033898,1.098715572033898,8.88888888888889,7.878787878787879,1.0101010101010104,1.0101010101010104,9,8,1,0.0010166969991398742,0.001436379022393149,
2026-04-30,Ryanair Holdings Plc,IE00BYTBXV33,NV36T6-R,West Europe,IRELAND,Airlines,18.0,10,8.0,8.0,0.0,0.0,8.0,7.0,1.0,1.0,8,7,1,0.0002553572997839677,,0.0014573219884288634
2026-04-30,ICL Group Ltd.,IL0002810146,JWQ4NK-R,North America,UNITED STATES,Chemicals: Agricultural,4.0,8,4.545454545454545,6.0,-1.454545454545455,1.454545454545455,5.0,6.25,-1.25,1.25,5,6,-1,5.702596995175603e-05,,
2026-04-30,Tower Semiconductor Ltd,IL0010823792,HWZP2P-R,North America,UNITED STATES,Semiconductors,16.0,94,4.299065420560748,3.94,0.3596122955607477,0.3596122955607477,4.361702127659575,4.042553191489361,0.31914893617021356,0.31914893617021356,5,4,1,0.00028137939976195304,,
2026-04-30,Check Point Software Technologies Ltd.,IL0010824113,H449YT-R,North America,UNITED STATES,Internet Software/Services,16.0,94,1.4018691588785046,2.93,-1.5278183411214954,1.5278183411214954,1.4893617021276595,3.0851063829787235,-1.595744680851064,1.595744680851064,2,3,-1,0.0001278745998918181,,
2026-04-30,Nova Ltd.,IL0010845571,TWY9Y5-R,North America,UNITED STATES,Electronic Equipment/Instruments,9.0,99,4.067796610169491,0.857,3.2108630164194913,3.2108630164194913,3.9393939393939394,0.9090909090909092,3.0303030303030303,3.0303030303030303,4,1,3,0.00016714779985859294,,
2026-04-30,monday.com Ltd.,IL0011762130,TZZBHN-R,North America,UNITED STATES,Packaged Software,16.0,94,1.02803738317757,3.13,-2.10282199182243,2.10282199182243,1.0638297872340425,3.2978723404255317,-2.234042553191489,2.234042553191489,1,3,-2,3.774900996806434e-05,,
2026-04-30,Entain PLC,IM00B5VQMV65,TY565Q-R,West Europe,UNITED KINGDOM,Casinos/Gaming,18.0,10,8.666666666666668,4.0,4.666666666666668,4.666666666666668,9.0,3.0,6.0,6.0,9,3,6,4.920611995837163e-05,,0.0003089544975469013
2026-04-30,Assicurazioni Generali S.p.A.,IT0000062072,W7TTGS-R,West Europe,ITALY,Insurance Brokers/Services,10.0,24,7.037037037037037,4.816,2.220630787037037,2.220630787037037,7.083333333333334,4.583333333333333,2.500000000000001,2.500000000000001,7,5,2,0.0004339932996328416,,0.0032968169738232735
2026-04-30,BPER Banca S.p.A.,IT0000066123,KZKSKM-R,West Europe,ITALY,Major Banks,2.0,37,4.117647058823529,6.668,-2.550321691176471,2.550321691176471,4.054054054054054,6.486486486486487,-2.4324324324324325,2.4324324324324325,4,7,-3,0.0002631870997773437,,0.0014004539888803952
2026-04-30,FinecoBank SpA,IT0000072170,LVTKC1-R,West Europe,ITALY,Major Banks,2.0,37,0.19607843137254902,0.196,3.350949754901689e-05,3.350949754901689e-05,0.2702702702702703,0.2702702702702703,0.0,0.0,1,1,0,0.00018409449984425606,,0.0010206249918962376
2026-04-30,Intesa Sanpaolo S.p.A.,IT0000072618,NYHV8B-R,West Europe,ITALY,Major Banks,2.0,37,2.1568627450980395,4.51,-2.3548560049019605,2.3548560049019605,2.4324324324324325,4.594594594594595,-2.1621621621621623,2.1621621621621623,3,5,-2,0.0010980959990710107,,0.007002136944403033
2026-04-30,Buzzi Spa,IT0001347308,TG6436-R,West Europe,ITALY,Construction Materials,5.0,20,5.3125,6.875,-1.5625,1.5625,5.0,6.5,-1.5,1.5,5,7,-2,4.911509995844862e-05,,0.00030834729755172246
2026-04-30,Enel SpA,IT0003128367,BFTG53-R,West Europe,ITALY,Electric Utilities,19.0,23,5.172413793103448,5.516,-0.3432112068965516,0.3432112068965516,5.652173913043478,6.521739130434783,-0.8695652173913055,0.8695652173913055,6,7,-1,0.0010847819990822743,,0.006062502951863727
2026-04-30,Eni S.p.A.,IT0003132476,R9B29P-R,West Europe,ITALY,Oil Refining/Marketing,12.0,14,7.647058823529411,3.53,4.117761948529411,4.117761948529411,7.857142857142857,4.285714285714286,3.571428571428571,3.571428571428571,8,4,4,0.0006598130994417981,,0.003681964970765198
2026-04-30,Snam S.p.A.,IT0003153415,QYYXT9-R,West Europe,ITALY,Gas Distributors,12.0,14,2.9411764705882355,1.177,1.7644186580882355,1.7644186580882355,2.8571428571428568,1.4285714285714284,1.4285714285714284,1.4285714285714284,3,2,1,0.0001711674998551923,,0.0010827069914033064
2026-04-30,Terna S.p.A.,IT0003242622,SKZ5H5-R,West Europe,ITALY,Electric Utilities,19.0,23,9.310344827586206,2.758,6.552532327586206,6.552532327586206,9.130434782608695,3.4782608695652173,5.6521739130434785,5.6521739130434785,9,4,5,0.00018151669984643688,,0.0011671129907331228
2026-04-30,Telecom Italia S.p.A.,IT0003497168,RT6ZD8-R,West Europe,ITALY,Wireless Telecommunications,17.0,17,10.0,10.0,0.0,0.0,10.0,10.0,0.0,0.0,10,10,0,8.804002992551812e-05,,0.0006293365950030674
2026-04-30,Telecom Italia Rsp,IT0003497176,RYSF50-R,West Europe,ITALY,Wireless Telecommunications,17.0,17,6.956521739130435,4.78,2.1752717391304346,2.1752717391304346,6.470588235294118,4.705882352941177,1.7647058823529411,1.7647058823529411,7,5,2,6.380839994601809e-05,,
2026-04-30,Poste Italiane SpA,IT0003796171,KBR84J-R,West Europe,ITALY,Air Freight/Couriers,6.0,22,5.348837209302325,6.277,-0.9285065406976747,0.9285065406976747,7.727272727272727,8.636363636363637,-0.9090909090909101,0.9090909090909101,8,9,-1,0.00015112059987215196,,0.0008172646935109182
2026-04-30,Recordati S.p.A.,IT0003828271,P1YDHB-R,West Europe,ITALY,Pharmaceuticals: Major,8.0,38,6.800000000000001,8.2,-1.4031249999999993,1.4031249999999993,6.842105263157895,7.894736842105264,-1.052631578947369,1.052631578947369,7,8,-1,6.58954999442524e-05,,0.0004280312966014315
2026-04-30,Leonardo SpA,IT0003856405,CM4SB4-R,West Europe,ITALY,Aerospace & Defense,9.0,67,8.807339449541285,6.88,1.928433199541285,1.928433199541285,8.656716417910447,7.014925373134329,1.6417910447761184,1.6417910447761184,9,7,2,0.0002826337997608918,,0.0016648559867810436
2026-04-30,Prysmian S.p.A.,IT0004176001,MLRJQN-R,West Europe,ITALY,Electrical Products,9.0,67,5.871559633027523,3.854,2.0180440080275233,2.0180440080275233,5.3731343283582085,3.8805970149253732,1.4925373134328352,1.4925373134328352,6,4,2,0.0004543597996156116,,0.003005046976139927
2026-04-30,Banca Mediolanum SpA,IT0004776628,V4X8YY-R,West Europe,ITALY,Major Banks,6.0,22,4.651162790697675,2.559,2.0925690406976747,2.0925690406976747,6.363636363636363,3.6363636363636367,2.7272727272727266,2.7272727272727266,7,4,3,5.639946995228605e-05,,0.00031568999749342143
2026-04-30,UNIPOL ASSICURAZIONI SPA,IT0004810054,P8WZNN-R,West Europe,ITALY,Multi-Line Insurance,10.0,24,10.0,8.15,1.8515625,1.8515625,10.0,8.333333333333334,1.666666666666666,1.666666666666666,10,9,1,0.00011166939990552768,,0.000704532994406008
2026-04-30,Moncler SpA,IT0004965148,VK44PN-R,West Europe,ITALY,Apparel/Footwear,13.0,14,5.384615384615384,4.23,1.1541466346153841,1.1541466346153841,5.0,3.5714285714285716,1.4285714285714284,1.4285714285714284,5,4,1,0.00015174389987162464,,0.000898815992863401
2026-04-30,Italgas SpA,IT0005211237,QS9BG1-R,West Europe,ITALY,Gas Distributors,19.0,23,3.103448275862069,4.137,-1.033270474137931,1.033270474137931,3.4782608695652173,5.217391304347826,-1.7391304347826089,1.7391304347826089,4,5,-1,8.431254992867159e-05,,0.0005125221959305738
2026-04-30,Banco BPM SpA,IT0005218380,XC3B11-R,West Europe,ITALY,Major Banks,2.0,37,4.901960784313725,6.273,-1.371476715686275,1.371476715686275,4.324324324324325,6.216216216216216,-1.8918918918918912,1.8918918918918912,5,6,-1,0.00019407639983581135,,0.0011060679912178201
2026-04-30,UniCredit S.p.A.,IT0005239360,M60C0S-R,West Europe,ITALY,Major Banks,2.0,37,3.9215686274509802,7.844,-3.9221813725490198,3.9221813725490198,3.783783783783784,8.108108108108109,-4.324324324324325,4.324324324324325,4,8,-4,0.0012388299989519497,,0.00781717493793163
2026-04-30,Banca Monte dei Paschi di Siena S.p.A.,IT0005508921,WQQSKB-R,West Europe,ITALY,Regional Banks,2.0,37,6.078431372549019,2.354,3.7249157475490193,3.7249157475490193,5.675675675675675,2.4324324324324325,3.243243243243243,3.243243243243243,6,3,3,0.0002393253997975307,,0.0015520559876766754
2026-04-30,Glencore plc,JE00B4T3BW64,GDLPN9-R,West Europe,UNITED KINGDOM,Wholesale Distributors,3.0,14,9.09090909090909,10.0,-0.9090909090909101,0.9090909090909101,9.285714285714286,10.0,-0.7142857142857135,0.7142857142857135,9,10,-1,0.0008777027992574634,,0.004921066960926728
2026-04-30,CVC Capital Partners plc,JE00BRX98089,C9QWXH-R,West Europe,NETHERLANDS,Investment Managers,6.0,22,2.558139534883721,1.163,1.395053597383721,1.395053597383721,3.6363636363636367,1.8181818181818183,1.8181818181818183,1.8181818181818183,4,2,2,3.550279996996463e-05,,0.0002635764979072026
2026-04-30,Aptiv PLC,JE00BTDN8H13,MZJHY9-R,North America,UNITED STATES,Electrical Products,1.0,6,1.4285714285714284,3.334,-1.9054129464285716,1.9054129464285716,1.6666666666666665,3.333333333333333,-1.6666666666666665,1.6666666666666665,2,3,-1,0.00015323639987036198,0.00020630470321629033,
2026-04-30,Amcor PLC,JE00BV7DQ550,HQ2MHF-R,North America,UNITED STATES,Containers/Packaging,9.0,99,4.915254237288136,6.477,-1.5613082627118642,1.5613082627118642,4.646464646464646,6.666666666666666,-2.02020202020202,2.02020202020202,5,7,-2,0.00019957569983115897,0.0002822164043997537,
2026-04-30,"Nippon Building Fund, Inc.",JP3027670003,H6FR5V-R,Asia,JAPAN,Real Estate Investment Trusts,14.0,7,0.25,1.429,-1.1787109375,1.1787109375,1.4285714285714284,1.4285714285714284,0.0,0.0,2,2,0,7.434193993710672e-05,,
2026-04-30,Aisin Corporation,JP3102000001,N5Q6F2-R,Asia,JAPAN,Auto Parts: OEM,1.0,11,8.596491228070175,9.09,-0.49725877192982537,0.49725877192982537,9.09090909090909,9.09090909090909,0.0,0.0,9,9,0,6.899861994162716e-05,,
2026-04-30,Asahi Kasei Corporation,JP3111200006,Q8KGFN-R,Asia,JAPAN,Chemicals: Specialty,4.0,7,0.5128205128205128,4.285,-3.7723357371794872,3.7723357371794872,2.8571428571428568,4.285714285714286,-1.4285714285714288,1.4285714285714288,3,4,-1,0.00014530039987707585,,
2026-04-30,AGC Inc.,JP3112000009,P3748M-R,Asia,JAPAN,Home Furnishings,9.0,39,9.468599033816425,9.484,-0.015775966183575463,0.015775966183575463,9.743589743589743,9.487179487179487,0.2564102564102555,0.2564102564102555,10,10,0,3.7399909968359675e-05,,
2026-04-30,Asahi Group Holdings Ltd,JP3116000005,TZ206T-R,Asia,JAPAN,Beverages: Alcoholic,7.0,6,8.269230769230768,10.0,-1.7307692307692317,1.7307692307692317,6.666666666666666,10.0,-3.333333333333334,3.333333333333334,7,10,-3,0.00016715249985858898,,
2026-04-30,Asics Corporation,JP3118000003,HTLNY7-R,Asia,JAPAN,Apparel/Footwear,13.0,8,0.2857142857142857,5.0,-4.714285714285714,4.714285714285714,1.25,5.0,-3.75,3.75,1,5,-4,0.0001747609998521522,,
2026-04-30,"Ajinomoto Co., Inc.",JP3119600009,MXWT3L-R,Asia,JAPAN,Food: Specialty/Candy,7.0,6,7.3076923076923075,1.667,5.6407001201923075,5.6407001201923075,3.333333333333333,1.6666666666666665,1.6666666666666665,1.6666666666666665,4,2,2,0.00030862419973890393,,
2026-04-30,Advantest Corp.,JP3122400009,KL74SJ-R,Asia,JAPAN,Electronic Equipment/Instruments,16.0,25,1.1956521739130435,4.8,-3.6051290760869565,3.6051290760869565,1.6,4.8,-3.1999999999999997,3.1999999999999997,2,5,-3,0.0015739919986684026,,
2026-04-30,IHI Corporation,JP3134800006,SL2XMP-R,Asia,JAPAN,Industrial Machinery,9.0,39,0.7246376811594203,0.5127,0.2119423686594203,0.2119423686594203,2.307692307692308,0.5128205128205128,1.7948717948717952,1.7948717948717952,2,1,1,0.00018928159983986776,,
2026-04-30,Isuzu Motors Limited,JP3137200006,D1RDFT-R,Asia,JAPAN,Motor Vehicles,9.0,39,5.120772946859904,9.74,-4.621414553140096,4.621414553140096,5.6410256410256405,9.743589743589743,-4.102564102564102,4.102564102564102,6,10,-4,7.285386993836562e-05,,
2026-04-30,"Idemitsu Kosan Co., Ltd.",JP3142500002,B5YJZ6-R,Asia,JAPAN,Oil Refining/Marketing,12.0,3,8.333333333333334,10.0,-1.666666666666666,1.666666666666666,10.0,10.0,0.0,0.0,10,10,0,9.103697992298271e-05,,
2026-04-30,Itochu Corporation,JP3143600009,G12Z5D-R,Asia,JAPAN,Food Distributors,9.0,39,5.555555555555555,5.383,0.17274305555555536,0.17274305555555536,6.153846153846154,5.384615384615384,0.76923076923077,0.76923076923077,6,6,0,0.0008624157992703962,,
2026-04-30,"IBIDEN CO., LTD.",JP3148800000,DVRN0C-R,Asia,JAPAN,Electronic Components,16.0,25,3.4782608695652173,0.4,3.0783585258152173,3.0783585258152173,3.5999999999999996,0.4,3.1999999999999997,3.1999999999999997,4,1,3,0.0002530084997859548,,
2026-04-30,"Eisai Co., Ltd.",JP3160400002,N4JKJP-R,Asia,JAPAN,Miscellaneous Commercial Services,8.0,12,7.195121951219512,6.668,0.5271532012195124,0.5271532012195124,8.333333333333334,6.666666666666666,1.6666666666666679,1.6666666666666679,9,7,2,0.00011445109990317436,,
2026-04-30,SMC Corporation,JP3162600005,NT4K7C-R,Asia,JAPAN,Industrial Machinery,9.0,39,0.4830917874396135,1.025,-0.5422988375603865,0.5422988375603865,1.5384615384615385,1.0256410256410255,0.512820512820513,0.512820512820513,2,1,1,0.00027975269976332923,,
2026-04-30,Renesas Electronics Corporation,JP3164720009,M1N1ZT-R,Asia,JAPAN,Semiconductors,16.0,25,9.619565217391305,8.0,1.6195652173913047,1.6195652173913047,7.6,8.0,-0.40000000000000036,0.40000000000000036,8,8,0,0.0004365694996306622,,
2026-04-30,"Sompo Holdings,Inc.",JP3165000005,NMHNTC-R,Asia,JAPAN,Multi-Line Insurance,10.0,8,9.117647058823529,10.0,-0.882352941176471,0.882352941176471,10.0,10.0,0.0,0.0,10,10,0,0.00037264249968474444,,
2026-04-30,Ebara Corporation,JP3166000004,B84LS2-R,Asia,JAPAN,Industrial Machinery,9.0,39,3.864734299516908,4.36,-0.49464070048309194,0.49464070048309194,4.615384615384616,4.3589743589743595,0.2564102564102564,0.2564102564102564,5,5,0,0.00017798019984942875,,
2026-04-30,"OBIC Co., Ltd.",JP3173400007,J2P1G6-R,Asia,JAPAN,Information Technology Services,16.0,25,3.3152173913043477,6.8,-3.4855638586956523,3.4855638586956523,3.2,6.800000000000001,-3.6000000000000005,3.6000000000000005,3,7,-4,0.00011160939990557844,,
2026-04-30,"Osaka Gas Co., Ltd.",JP3180400008,X42PVP-R,Asia,JAPAN,Gas Distributors,19.0,4,8.36734693877551,10.0,-1.6326530612244898,1.6326530612244898,7.5,10.0,-2.5,2.5,8,10,-2,0.00016784419985800382,,
2026-04-30,"Japan Exchange Group, Inc.",JP3183200009,BMCTXW-R,Asia,JAPAN,Investment Banks/Brokers,6.0,6,0.46875,1.667,-1.1982421875,1.1982421875,1.6666666666666665,1.6666666666666665,0.0,0.0,2,2,0,0.00012162319989710677,,
2026-04-30,OTSUKA CORPORATION,JP3188200004,WJXJS5-R,Asia,JAPAN,Information Technology Services,16.0,25,8.804347826086957,9.6,-0.797214673913043,0.797214673913043,5.6000000000000005,9.6,-3.999999999999999,3.999999999999999,6,10,-4,6.437001994554296e-05,,
2026-04-30,"Otsuka Holdings Co., Ltd.",JP3188220002,TGLSC6-R,Asia,JAPAN,Pharmaceuticals: Major,8.0,12,1.4634146341463414,1.667,-0.20357755335365857,0.20357755335365857,1.6666666666666665,1.6666666666666665,0.0,0.0,2,2,0,0.00035918109969613283,,
2026-04-30,Obayashi Corporation,JP3190000004,Q8F21J-R,Asia,JAPAN,Homebuilding,5.0,5,9.696969696969697,8.0,1.6969696969696972,1.6969696969696972,8.0,8.0,0.0,0.0,8,8,0,0.00013093729988922703,,
2026-04-30,"Oriental Land Co., Ltd.",JP3198900007,NHXKSZ-R,Asia,JAPAN,Movies/Entertainment,18.0,5,0.37037037037037035,2.0,-1.6296296296296298,1.6296296296296298,2.0,2.0,0.0,0.0,2,2,0,0.000156704499867428,,
2026-04-30,ORIX Corporation,JP3200450009,KL2RDD-R,Asia,JAPAN,Finance/Rental/Leasing,6.0,6,5.46875,6.668,-1.19921875,1.19921875,6.666666666666666,6.666666666666666,0.0,0.0,7,7,0,0.00045899319961169175,,
2026-04-30,Olympus Corp.,JP3201200007,QG6F3V-R,Asia,JAPAN,Medical Specialties,8.0,12,0.12195121951219512,0.8335,-0.7115448742378049,0.7115448742378049,0.8333333333333333,0.8333333333333333,0.0,0.0,1,1,0,0.00013728629988385578,,
2026-04-30,Kao Corporation,JP3205800000,RB35DF-R,Asia,JAPAN,Household/Personal Care,13.0,8,2.8571428571428568,3.75,-0.8928571428571432,0.8928571428571432,8.75,3.75,5.0,5.0,9,4,5,0.00018623609984244423,,
2026-04-30,Kajima Corporation,JP3210200006,JXDLKP-R,Asia,JAPAN,Engineering & Construction,5.0,5,10.0,10.0,0.0,0.0,10.0,10.0,0.0,0.0,10,10,0,0.00018962779983957485,,
2026-04-30,"Capcom Co., Ltd.",JP3218900003,P1YJRG-R,Asia,JAPAN,Packaged Software,16.0,25,0.43478260869565216,1.6,-1.164826766304348,1.164826766304348,0.8,1.6,-0.8,0.8,1,2,-1,9.23749499218508e-05,,
2026-04-30,"Kawasaki Kisen Kaisha, Ltd.",JP3223800008,L43QBW-R,Asia,JAPAN,Marine Shipping,9.0,39,6.570048309178745,8.98,-2.4065141908212553,2.4065141908212553,6.666666666666666,8.974358974358974,-2.3076923076923084,2.3076923076923084,7,9,-2,7.26553299385336e-05,,
2026-04-30,Kawasaki Heavy Industries Ltd.,JP3224200000,DVM7M7-R,Asia,JAPAN,Motor Vehicles,9.0,39,5.942028985507246,1.795,4.147107110507246,4.147107110507246,6.410256410256411,1.794871794871795,4.615384615384616,4.615384615384616,7,2,5,0.00014009949988147581,,
2026-04-30,"Kansai Electric Power Company, Incorporated",JP3228600007,D8G2JQ-R,Asia,JAPAN,Electric Utilities,19.0,4,5.1020408163265305,5.0,0.1020408163265305,0.1020408163265305,2.5,5.0,-2.5,2.5,3,5,-2,0.00015741459986682723,,
2026-04-30,"JAPAN POST INSURANCE Co., Ltd.",JP3233250004,GQ49Z7-R,Asia,JAPAN,Life/Health Insurance,10.0,8,3.235294117647059,3.75,-0.5147058823529411,0.5147058823529411,1.25,3.75,-2.5,2.5,1,4,-3,4.208036996440001e-05,,
2026-04-30,Keyence Corporation,JP3236200006,R4NT59-R,Asia,JAPAN,Electronic Equipment/Instruments,9.0,39,0.04830917874396135,0.2563,-0.20803847750603865,0.20803847750603865,0.2564102564102564,0.2564102564102564,0.0,0.0,1,1,0,0.0011064019990639838,,
2026-04-30,Kioxia Holdings Corporation,JP3236330001,PMHJJ7-R,Asia,JAPAN,Computer Peripherals,16.0,25,9.347826086956522,2.4,6.9474354619565215,6.9474354619565215,6.4,2.4,4.0,4.0,7,3,4,0.0005857322995044704,,
2026-04-30,Kikkoman Corporation,JP3240400006,QKHN2S-R,Asia,JAPAN,Food: Specialty/Candy,7.0,6,2.884615384615384,3.334,-0.44936899038461586,0.44936899038461586,1.6666666666666665,3.333333333333333,-1.6666666666666665,1.6666666666666665,2,3,-1,5.575960995282737e-05,,
2026-04-30,Canon Inc.,JP3242800005,KNB7YM-R,Asia,JAPAN,Computer Peripherals,16.0,25,9.67391304347826,8.4,1.2754755434782599,1.2754755434782599,8.0,8.4,-0.40000000000000036,0.40000000000000036,8,9,-1,0.0002601115997799456,,
2026-04-30,Kyocera Corporation,JP3249600002,GC5BYK-R,Asia,JAPAN,Wholesale Distributors,16.0,25,9.945652173913043,7.6,2.344089673913043,2.344089673913043,9.6,7.6,2.0,2.0,10,8,2,0.0002759790997665217,,
2026-04-30,"Kyowa Kirin Co., Ltd.",JP3256000005,JPV08M-R,Asia,JAPAN,Pharmaceuticals: Major,8.0,12,9.634146341463413,8.336,1.2982088414634134,1.2982088414634134,9.166666666666666,8.333333333333334,0.8333333333333321,0.8333333333333321,9,9,0,6.463920994531523e-05,,
2026-04-30,Kirin Holdings Co. Ltd.,JP3258000003,JBG00B-R,Asia,JAPAN,Beverages: Alcoholic,7.0,6,10.0,6.668,3.33203125,3.33203125,10.0,6.666666666666666,3.333333333333334,3.333333333333334,10,7,3,0.0001514533998718704,,
2026-04-30,Kubota Corporation,JP3266400005,RPPS3S-R,Asia,JAPAN,Trucks/Construction/Farm Machinery,9.0,39,7.391304347826086,6.668,0.723335597826086,0.723335597826086,7.6923076923076925,6.666666666666666,1.0256410256410264,1.0256410256410264,8,7,1,0.0001692863998567837,,
2026-04-30,Inpex Corporation,JP3294460005,PHM7W3-R,Asia,JAPAN,Integrated Oil,12.0,3,2.2222222222222223,6.668,-4.445746527777778,4.445746527777778,3.333333333333333,6.666666666666666,-3.333333333333333,3.333333333333333,4,7,-3,0.0002689819997724412,,
2026-04-30,KONAMI Group Corporation,JP3300200007,QQ5V01-R,Asia,JAPAN,Packaged Software,16.0,25,0.9782608695652174,2.0,-1.0217391304347827,1.0217391304347827,1.2,2.0,-0.8,0.8,1,2,-1,9.507896991956319e-05,,
2026-04-30,Komatsu Ltd.,JP3304200003,PFF0R2-R,Asia,JAPAN,Trucks/Construction/Farm Machinery,9.0,39,4.396135265700483,8.46,-4.064802234299517,4.064802234299517,4.871794871794871,8.461538461538462,-3.5897435897435903,3.5897435897435903,5,9,-4,0.00042285229964226693,,
2026-04-30,"Yokohama Financial Group, Inc.",JP3305990008,S9XYNS-R,Asia,JAPAN,Regional Banks,2.0,8,2.5,2.5,0.0,0.0,2.5,2.5,0.0,0.0,3,3,0,9.817759991694174e-05,,
2026-04-30,Suntory Beverage & Food Ltd.,JP3336560002,D83RX2-R,Asia,JAPAN,Beverages: Non-Alcoholic,7.0,6,7.884615384615384,5.0,2.884615384615384,2.884615384615384,5.0,5.0,0.0,0.0,5,5,0,2.503382997882138e-05,,
2026-04-30,Sanrio Co. Ltd.,JP3343200006,X1SDWS-R,Asia,JAPAN,Specialty Stores,15.0,11,0.3225806451612903,7.273,-6.95085685483871,6.95085685483871,0.9090909090909092,7.272727272727273,-6.363636363636364,6.363636363636364,1,7,-6,4.376591996297403e-05,,
2026-04-30,"Shionogi & Co., Ltd.",JP3347200002,MJF3LP-R,Asia,JAPAN,Pharmaceuticals: Major,8.0,12,2.682926829268293,5.832,-3.149104420731707,3.149104420731707,4.166666666666667,5.833333333333334,-1.666666666666667,1.666666666666667,4,6,-2,0.00018838589984062552,,
2026-04-30,"Shiseido Company,Limited",JP3351600006,XMQW60-R,Asia,JAPAN,Household/Personal Care,13.0,8,4.285714285714286,2.5,1.7857142857142856,1.7857142857142856,10.0,2.5,7.5,7.5,10,3,7,9.50288499196056e-05,,
2026-04-30,Shimadzu Corporation,JP3357200009,KZQB6W-R,Asia,JAPAN,Medical Specialties,9.0,39,0.6280193236714976,2.309,-1.6805744263285023,1.6805744263285023,1.794871794871795,2.307692307692308,-0.512820512820513,0.512820512820513,2,2,0,8.091437993154642e-05,,
2026-04-30,Shimano Inc.,JP3358000002,BPLFS8-R,Asia,JAPAN,Motor Vehicles,1.0,11,0.17543859649122806,0.909,-0.7337410910087719,0.7337410910087719,0.9090909090909092,0.9090909090909092,0.0,0.0,1,1,0,5.5168749953327234e-05,,
2026-04-30,Shimizu Corporation,JP3358800005,DQ6VH7-R,Asia,JAPAN,Engineering & Construction,5.0,5,9.09090909090909,6.0,3.09090909090909,3.09090909090909,4.0,6.0,-2.0,2.0,4,6,-2,0.00010826169990841059,,
2026-04-30,"Hulic Co., Ltd.",JP3360800001,R1F32S-R,Asia,JAPAN,Real Estate Development,14.0,7,9.0,7.145,1.85546875,1.85546875,10.0,7.142857142857143,2.8571428571428568,2.8571428571428568,10,7,3,5.322769995496936e-05,,
2026-04-30,"Mitsui O.S.K.Lines,Ltd.",JP3362700001,DXX0LN-R,Asia,JAPAN,Marine Shipping,9.0,39,6.763285024154589,6.92,-0.1585899758454108,0.1585899758454108,7.17948717948718,6.923076923076923,0.2564102564102564,0.2564102564102564,7,7,0,0.00016598029985958067,,
2026-04-30,Shin-Etsu Chemical Co Ltd,JP3371200001,X8RWRY-R,Asia,JAPAN,Chemicals: Specialty,4.0,7,0.2564102564102564,1.429,-1.1723006810897436,1.1723006810897436,1.4285714285714284,1.4285714285714284,0.0,0.0,2,2,0,0.0008755854992592546,,
2026-04-30,JX Advanced Metals Corporation,JP3379550001,HHJ5PQ-R,Asia,JAPAN,Other Metals/Minerals,3.0,4,3.6231884057971016,2.5,1.1231884057971016,1.1231884057971016,2.5,2.5,0.0,0.0,3,3,0,0.00019164619983786732,,
2026-04-30,NIPPON STEEL CORP.,JP3381000003,V84QJ6-R,Asia,JAPAN,Steel,3.0,4,6.811594202898551,7.5,-0.6884057971014492,0.6884057971014492,7.5,7.5,0.0,0.0,8,8,0,0.00018536149984318417,,
2026-04-30,"JFE Holdings, Inc.",JP3386030005,M64YT3-R,Asia,JAPAN,Steel,3.0,4,6.521739130434783,10.0,-3.478260869565217,3.478260869565217,5.0,10.0,-5.0,5.0,5,10,-5,6.466289994529519e-05,,
2026-04-30,"ENEOS Holdings, Inc.",JP3386450005,MG5BNB-R,Asia,JAPAN,Oil Refining/Marketing,12.0,3,7.5,3.334,4.166015625,4.166015625,6.666666666666666,3.333333333333333,3.333333333333333,3.333333333333333,7,4,3,0.00028770639975660037,,
2026-04-30,"AEON Co., Ltd.",JP3388200002,L9Y3D5-R,Asia,JAPAN,Food Retail,15.0,11,4.193548387096774,0.909,3.284368699596774,3.284368699596774,7.272727272727273,0.9090909090909092,6.363636363636364,6.363636363636364,7,1,6,0.0002607543997794017,,
2026-04-30,Suzuki Motor Corp.,JP3397200001,CB1FV5-R,Asia,JAPAN,Motor Vehicles,1.0,11,0.8771929824561403,5.453,-4.57593201754386,4.57593201754386,3.6363636363636367,5.454545454545454,-1.8181818181818175,1.8181818181818175,4,6,-2,0.0002165362998168103,,
2026-04-30,"ZOZO, Inc.",JP3399310006,M3WXBH-R,Asia,JAPAN,Internet Retail,15.0,11,1.935483870967742,10.0,-8.064516129032258,8.064516129032258,4.545454545454545,10.0,-5.454545454545455,5.454545454545455,5,10,-5,2.8918429975535005e-05,,
2026-04-30,"Sumitomo Metal Mining Co., Ltd.",JP3402600005,M8GQPG-R,Asia,JAPAN,Other Metals/Minerals,3.0,4,9.855072463768117,5.0,4.855072463768117,4.855072463768117,10.0,5.0,5.0,5.0,10,5,5,0.0001541130998696203,,
2026-04-30,Sumitomo Corporation,JP3404600003,SV08KY-R,Asia,JAPAN,Wholesale Distributors,9.0,39,7.246376811594203,5.13,2.117470561594203,2.117470561594203,7.435897435897436,5.128205128205128,2.3076923076923084,2.3076923076923084,8,5,3,0.0005208736995593408,,
2026-04-30,"Sumitomo Electric Industries, Ltd.",JP3407400005,HBZ2VK-R,Asia,JAPAN,Auto Parts: OEM,1.0,11,1.4035087719298245,3.637,-2.2332099780701755,2.2332099780701755,4.545454545454545,3.6363636363636367,0.9090909090909083,0.9090909090909083,5,4,1,0.0005274071995538135,,
2026-04-30,"Sumitomo Realty & Development Co., Ltd.",JP3409000001,VWMVR5-R,Asia,JAPAN,Real Estate Development,14.0,7,1.75,2.857,-1.107421875,1.107421875,2.8571428571428568,2.8571428571428568,0.0,0.0,3,3,0,0.00020248879982869448,,
2026-04-30,"Seibu Holdings, Inc.",JP3417200007,XQB0JQ-R,Asia,JAPAN,Hotels/Resorts/Cruiselines,18.0,5,3.7037037037037033,6.0,-2.2962962962962967,2.2962962962962967,8.0,6.0,2.0,2.0,8,6,2,5.271727995540118e-05,,
2026-04-30,"Sekisui Chemical Co., Ltd.",JP3419400001,V71F30-R,Asia,JAPAN,Industrial Specialties,4.0,7,3.8461538461538463,10.0,-6.153846153846153,6.153846153846153,10.0,10.0,0.0,0.0,10,10,0,6.96206799411009e-05,,
2026-04-30,"Sekisui House, Ltd.",JP3420600003,M827WR-R,Asia,JAPAN,Real Estate Development,14.0,7,5.25,8.57,-3.3203125,3.3203125,5.7142857142857135,8.571428571428571,-2.8571428571428577,2.8571428571428577,6,9,-3,0.00012015989989834472,,
2026-04-30,"Secom Co., Ltd.",JP3421800008,NYJYCC-R,Asia,JAPAN,Miscellaneous Commercial Services,9.0,39,1.6425120772946862,3.846,-2.203191047705314,2.203191047705314,3.333333333333333,3.8461538461538463,-0.5128205128205132,0.5128205128205132,4,4,0,0.00016490359986049154,,
2026-04-30,"Seven & I Holdings Co., Ltd.",JP3422950000,CW4JVN-R,Asia,JAPAN,Food Retail,15.0,11,5.161290322580645,9.09,-3.932459677419355,3.932459677419355,9.09090909090909,9.09090909090909,0.0,0.0,9,9,0,0.00029855059974742617,,
2026-04-30,"Zensho Holdings Co., Ltd.",JP3429300001,P23F21-R,Asia,JAPAN,Restaurants,18.0,5,1.4814814814814814,4.0,-2.5185185185185186,2.5185185185185186,4.0,4.0,0.0,0.0,4,4,0,3.0874349973880296e-05,,
2026-04-30,ANA Holdings Inc.,JP3429800000,M61G3T-R,Asia,JAPAN,Airlines,18.0,5,8.518518518518519,8.0,0.518518518518519,0.518518518518519,10.0,8.0,2.0,2.0,10,8,2,1.05137099911054e-05,,
2026-04-30,Sony Group Corporation,JP3435000009,G90B3N-R,Asia,JAPAN,Computer Processing Hardware,16.0,25,9.456521739130434,3.2,6.257302989130434,6.257302989130434,7.199999999999999,3.2,3.999999999999999,3.999999999999999,7,3,4,0.0013814769988312705,,
2026-04-30,Sony Financial Group Inc.,JP3435350008,FVQ4RL-R,Asia,JAPAN,Multi-Line Insurance,10.0,8,4.117647058823529,1.25,2.867647058823529,2.867647058823529,3.75,1.25,2.5,2.5,4,1,3,6.536151994470415e-05,,
2026-04-30,"M3, Inc.",JP3435750009,F711D8-R,Asia,JAPAN,Internet Software/Services,8.0,12,6.341463414634147,7.5,-1.1585365853658534,1.1585365853658534,6.666666666666666,7.5,-0.8333333333333339,0.8333333333333339,7,8,-1,4.645509996069899e-05,,
2026-04-30,SoftBank Group Corp.,JP3436100006,LTSR1K-R,Asia,JAPAN,Specialty Telecommunications,17.0,5,8.88888888888889,4.0,4.888888888888889,4.888888888888889,6.0,4.0,2.0,2.0,6,4,2,0.001451791998771784,,
2026-04-30,SBI Holdings Incorporated,JP3436120004,FBCT9N-R,Asia,JAPAN,Financial Conglomerates,6.0,6,5.0,10.0,-5.0,5.0,5.0,10.0,-5.0,5.0,5,10,-5,0.00016639779985922745,,
2026-04-30,Taisei Corporation,JP3443600006,VM94FH-R,Asia,JAPAN,Engineering & Construction,5.0,5,9.393939393939394,4.0,5.3939393939393945,5.3939393939393945,6.0,4.0,2.0,2.0,6,4,2,0.00017284969985376916,,
2026-04-30,Takeda Pharmaceutical Co. Ltd.,JP3463000004,NPQ24F-R,Asia,JAPAN,Pharmaceuticals: Major,8.0,12,7.073170731707316,4.168,2.9052019817073162,2.9052019817073162,7.5,4.166666666666667,3.333333333333333,3.333333333333333,8,4,4,0.0006159080994789418,,
2026-04-30,"Daiichi Sankyo Company, Limited",JP3475350009,NW9TJH-R,Asia,JAPAN,Pharmaceuticals: Major,8.0,12,3.1707317073170733,5.0,-1.8292682926829267,1.8292682926829267,5.0,5.0,0.0,0.0,5,5,0,0.0003405430997119005,,
2026-04-30,Daiichi Life Group. Inc.,JP3476480003,C20NGT-R,Asia,JAPAN,Life/Health Insurance,10.0,8,3.8235294117647056,6.25,-2.4264705882352944,2.4264705882352944,2.5,6.25,-3.75,3.75,3,6,-3,0.00039353499966706936,,
2026-04-30,"DAIKIN INDUSTRIES, LTD.",JP3481800005,RL95QP-R,Asia,JAPAN,Industrial Machinery,5.0,5,5.151515151515151,2.0,3.1515151515151514,3.1515151515151514,2.0,2.0,0.0,0.0,2,2,0,0.0004988504995779724,,
2026-04-30,"Daito Trust Construction Co., Ltd.",JP3486800000,X57BV4-R,Asia,JAPAN,Real Estate Development,14.0,7,7.5,10.0,-2.5,2.5,8.571428571428571,10.0,-1.4285714285714288,1.4285714285714288,9,10,-1,4.404356996273914e-05,,
2026-04-30,"Dai Nippon Printing Co., Ltd.",JP3493800001,CGCNZ8-R,Asia,JAPAN,Commercial Printing/Forms,9.0,39,5.507246376811594,4.617,0.8900588768115938,0.8900588768115938,5.897435897435898,4.615384615384616,1.282051282051282,1.282051282051282,6,5,1,0.00010099569991455764,,
2026-04-30,"SCREEN Holdings Co., Ltd",JP3494600004,N2967L-R,Asia,JAPAN,Industrial Machinery,16.0,25,1.4673913043478262,4.0,-2.532608695652174,2.532608695652174,2.0,4.0,-2.0,2.0,2,4,-2,7.05537799403115e-05,,
2026-04-30,KDDI Corporation,JP3496400007,L9SQ01-R,Asia,JAPAN,Wireless Telecommunications,17.0,5,7.555555555555555,6.0,1.5555555555555554,1.5555555555555554,2.0,6.0,-4.0,4.0,2,6,-4,0.0005417271995416988,,
2026-04-30,"Daifuku Co., Ltd.",JP3497400006,MBR1TG-R,Asia,JAPAN,Industrial Machinery,9.0,39,0.0966183574879227,1.538,-1.4414675800120773,1.4414675800120773,0.5128205128205128,1.5384615384615385,-1.0256410256410258,1.0256410256410258,1,2,-1,0.00017531249985168563,,
2026-04-30,Mitsubishi HC Capital Inc.,JP3499800005,GZH50J-R,Asia,JAPAN,Finance/Rental/Leasing,6.0,6,9.6875,3.334,6.353515625,6.353515625,8.333333333333334,3.333333333333333,5.000000000000001,5.000000000000001,9,4,5,8.601063992723499e-05,,
2026-04-30,"Resona Holdings, Inc.",JP3500610005,GQMW06-R,Asia,JAPAN,Regional Banks,2.0,8,2.8125,3.75,-0.9375,0.9375,3.75,3.75,0.0,0.0,4,4,0,0.00029909449974696605,,
2026-04-30,Daiwa Securities Group Inc.,JP3502200003,HR28DN-R,Asia,JAPAN,Investment Banks/Brokers,6.0,6,10.0,8.336,1.6640625,1.6640625,10.0,8.333333333333334,1.666666666666666,1.666666666666666,10,9,1,0.0001787745998487567,,
2026-04-30,"Daiwa House Industry Co., Ltd.",JP3505000004,L2QXQQ-R,Asia,JAPAN,Homebuilding,13.0,8,2.571428571428571,10.0,-7.428571428571429,7.428571428571429,7.5,10.0,-2.5,2.5,8,10,-2,0.00017827359984918053,,
2026-04-30,"Chiba Bank, Ltd.",JP3511800009,CFHBQH-R,Asia,JAPAN,Regional Banks,2.0,8,4.6875,5.0,-0.3125,0.3125,5.0,5.0,0.0,0.0,5,5,0,7.121876993974893e-05,,
2026-04-30,"Chugai Pharmaceutical Co., Ltd.",JP3519400000,GSSQHY-R,Asia,JAPAN,Pharmaceuticals: Major,8.0,12,1.707317073170732,2.5,-0.7926829268292681,0.7926829268292681,2.5,2.5,0.0,0.0,3,3,0,0.0003845845996746414,,
2026-04-30,"Chubu Electric Power Company,Incorporated",JP3526600006,LTNL3N-R,Asia,JAPAN,Electric Utilities,19.0,4,8.775510204081632,2.5,6.275510204081632,6.275510204081632,10.0,2.5,7.5,7.5,10,3,7,0.00014706969987557904,,
2026-04-30,TDK Corporation,JP3538800008,QGZK4H-R,Asia,JAPAN,Electronic Components,9.0,39,4.541062801932368,3.59,0.9512190519323678,0.9512190519323678,5.128205128205128,3.58974358974359,1.5384615384615379,1.5384615384615379,5,4,1,0.0004231636996420035,,
2026-04-30,"T&D Holdings, Inc.",JP3539220008,H4183Y-R,Asia,JAPAN,Life/Health Insurance,10.0,8,5.0,7.5,-2.5,2.5,5.0,7.5,-2.5,2.5,5,8,-3,0.00012596329989343505,,
2026-04-30,Terumo Corporation,JP3546800008,L8NHW0-R,Asia,JAPAN,Medical Specialties,8.0,12,4.878048780487805,3.334,1.5440644054878048,1.5440644054878048,5.833333333333334,3.333333333333333,2.500000000000001,2.500000000000001,6,4,2,0.00021320809981962592,,
2026-04-30,Disco Corporation,JP3548600000,J4TH5K-R,Asia,JAPAN,Industrial Machinery,16.0,25,2.608695652173913,1.2,1.408500339673913,1.408500339673913,2.4,1.2,1.2,1.2,3,1,2,0.0004964576995799967,,
2026-04-30,DENSO CORPORATION,JP3551500006,JJ50MG-R,Asia,JAPAN,Auto Parts: OEM,1.0,11,8.771929824561402,10.0,-1.2280701754385976,1.2280701754385976,10.0,10.0,0.0,0.0,10,10,0,0.00026371209977689956,,
2026-04-30,Central Japan Railway Company,JP3566800003,WT0QVX-R,Asia,JAPAN,Other Transportation,9.0,39,8.55072463768116,6.152,2.39838088768116,2.39838088768116,8.461538461538462,6.153846153846154,2.3076923076923075,2.3076923076923075,9,6,3,0.000209301399822931,,
2026-04-30,Tokyo Electron Ltd.,JP3571400005,BS0GWP-R,Asia,JAPAN,Industrial Machinery,16.0,25,6.739130434782608,9.2,-2.4639945652173916,2.4639945652173916,4.8,9.200000000000001,-4.400000000000001,4.400000000000001,5,9,-4,0.0015535189986857227,,
2026-04-30,"TOKYO GAS Co., Ltd.",JP3573000001,MVMDVJ-R,Asia,JAPAN,Gas Distributors,19.0,4,7.346938775510204,7.5,-0.15306122448979576,0.15306122448979576,5.0,7.5,-2.5,2.5,5,8,-3,0.0001422234998796789,,
2026-04-30,TOKYU CORPORATION,JP3574200006,WDJMKM-R,Asia,JAPAN,Department Stores,15.0,11,5.483870967741935,3.637,1.847152217741935,1.847152217741935,10.0,3.6363636363636367,6.363636363636363,6.363636363636363,10,4,6,5.3941509954365476e-05,,
2026-04-30,"Toho Co., Ltd.",JP3598600009,VLHRTH-R,Asia,JAPAN,Movies/Entertainment,11.0,1,2.8571428571428568,10.0,-7.142857142857143,7.142857142857143,10.0,10.0,0.0,0.0,10,10,0,3.997994996617696e-05,,
2026-04-30,"Toray Industries, Inc.",JP3621000003,F09CDF-R,Asia,JAPAN,Textiles,4.0,7,1.794871794871795,7.145,-5.349659455128205,5.349659455128205,7.142857142857143,7.142857142857143,0.0,0.0,7,7,0,0.00012865939989115414,,
2026-04-30,TOPPAN Holdings Inc.,JP3629000005,JWND9X-R,Asia,JAPAN,Commercial Printing/Forms,9.0,39,4.9275362318840585,3.076,1.8513643568840585,1.8513643568840585,5.384615384615384,3.076923076923077,2.307692307692307,2.307692307692307,6,3,3,0.0001359305998850027,,
2026-04-30,Toyota Motor Corp.,JP3633400001,R2HXLJ-R,Asia,JAPAN,Motor Vehicles,1.0,11,6.140350877192983,6.363,-0.2229303728070171,0.2229303728070171,7.272727272727273,6.363636363636363,0.9090909090909101,0.9090909090909101,7,7,0,0.0020672359982511182,,
2026-04-30,Toyota Tsusho Corp.,JP3635000007,L4468B-R,Asia,JAPAN,Wholesale Distributors,9.0,39,8.743961352657005,9.234,-0.4904136473429954,0.4904136473429954,8.974358974358974,9.230769230769232,-0.2564102564102573,0.2564102564102573,9,9,0,0.00035755399969750933,,
2026-04-30,Pan Pacific International Holdings Corporation,JP3639650005,JMNW7M-R,Asia,JAPAN,Specialty Stores,15.0,11,2.5806451612903225,4.547,-1.9662298387096775,1.9662298387096775,6.363636363636363,4.545454545454545,1.8181818181818183,1.8181818181818183,7,5,2,0.00013940799988206083,,
2026-04-30,West Japan Railway Company,JP3659000008,TGC4NX-R,Asia,JAPAN,Railroads,9.0,39,9.178743961352657,10.0,-0.8212560386473431,0.8212560386473431,9.487179487179487,10.0,-0.5128205128205128,0.5128205128205128,10,10,0,0.00010139119991422304,,
2026-04-30,"Nissan Motor Co., Ltd.",JP3672400003,WFH1P7-R,Asia,JAPAN,Motor Vehicles,1.0,11,0.7017543859649122,1.818,-1.1166049890350878,1.1166049890350878,2.727272727272727,1.8181818181818183,0.9090909090909087,0.9090909090909087,3,2,1,6.191755994761774e-05,,
2026-04-30,Nitto Denko Corp.,JP3684000007,TJH4JV-R,Asia,JAPAN,Electronic Equipment/Instruments,4.0,7,1.5384615384615385,8.57,-7.031850961538462,7.031850961538462,5.7142857142857135,8.571428571428571,-2.8571428571428577,2.8571428571428577,6,9,-3,0.00016149089986337872,,
2026-04-30,Oracle Corporation Japan,JP3689500001,G7X4YL-R,Asia,JAPAN,Packaged Software,16.0,25,4.619565217391305,4.4,0.22112771739130466,0.22112771739130466,4.0,4.4,-0.40000000000000036,0.40000000000000036,4,5,-1,7.581645993585927e-06,,
2026-04-30,"Japan Airlines Co., Ltd.",JP3705200008,XH5XBQ-R,Asia,JAPAN,Airlines,18.0,5,2.5925925925925926,10.0,-7.407407407407407,7.407407407407407,6.0,10.0,-4.0,4.0,6,10,-4,8.579855992741441e-06,,
2026-04-30,Nippon Sanso Holdings Corporation,JP3711600001,G7W3ZM-R,Asia,JAPAN,Chemicals: Specialty,4.0,7,1.0256410256410255,2.857,-1.8317808493589745,1.8317808493589745,4.285714285714286,2.8571428571428568,1.4285714285714288,1.4285714285714288,4,3,1,4.4655929962221086e-05,,
2026-04-30,Japan Tobacco Inc.,JP3726800000,P0TBMF-R,Asia,JAPAN,Tobacco,7.0,6,9.615384615384615,8.336,1.279447115384615,1.279447115384615,8.333333333333334,8.333333333333334,0.0,0.0,9,9,0,0.0005329220995491479,,
2026-04-30,SoftBank Corp.,JP3732000009,FJLV3G-R,Asia,JAPAN,Wireless Telecommunications,17.0,5,8.444444444444445,8.0,0.44444444444444464,0.44444444444444464,4.0,8.0,-4.0,4.0,4,8,-4,0.0004948909995813222,,
2026-04-30,NEC Corporation,JP3733000008,Q63MTH-R,Asia,JAPAN,Information Technology Services,16.0,25,10.0,10.0,0.0,0.0,10.0,10.0,0.0,0.0,10,10,0,0.0003418457997107984,,
2026-04-30,Nidec Corporation,JP3734800000,D79WDP-R,Asia,JAPAN,Electrical Products,9.0,39,3.236714975845411,0.769,2.467672007095411,2.467672007095411,4.102564102564102,0.7692307692307693,3.333333333333333,3.333333333333333,4,1,3,0.0001492674998737197,,
2026-04-30,NTT Inc,JP3735400008,H54PT8-R,Asia,JAPAN,Specialty Telecommunications,17.0,5,9.333333333333334,10.0,-0.6666666666666661,0.6666666666666661,10.0,10.0,0.0,0.0,10,10,0,0.0003664915996899481,,
2026-04-30,"Nippon Paint Holdings Co., Ltd.",JP3749400002,NDHZDW-R,Asia,JAPAN,Industrial Specialties,9.0,39,8.019323671497585,7.18,0.8396361714975846,0.8396361714975846,7.948717948717948,7.17948717948718,0.7692307692307683,0.7692307692307683,8,7,1,6.672621994354962e-05,,
2026-04-30,"JAPAN POST HOLDINGS Co., Ltd.",JP3752900005,B0T0B3-R,Asia,JAPAN,Life/Health Insurance,10.0,8,5.882352941176471,2.5,3.382352941176471,3.382352941176471,6.25,2.5,3.75,3.75,6,3,3,0.00023664929979979468,,
2026-04-30,Nippon Yusen Kabushiki Kaisha,JP3753000003,JWHZXS-R,Asia,JAPAN,Marine Shipping,9.0,39,1.497584541062802,8.2,-6.7055404589371985,6.7055404589371985,2.8205128205128203,8.205128205128204,-5.384615384615384,5.384615384615384,3,8,-5,0.00017974369984793682,,
2026-04-30,Nitori Holdings Co. Ltd.,JP3756100008,DMTJRH-R,Asia,JAPAN,Specialty Stores,15.0,11,4.838709677419355,2.727,2.112147177419355,2.112147177419355,8.181818181818182,2.727272727272727,5.454545454545455,5.454545454545455,8,3,5,4.557567996144297e-05,,
2026-04-30,"Nintendo Co., Ltd.",JP3756600007,WB6VP8-R,Asia,JAPAN,Recreational Products,13.0,8,0.8571428571428572,6.25,-5.392857142857142,5.392857142857142,3.75,6.25,-2.5,2.5,4,6,-2,0.0005994008994929068,,
2026-04-30,"NEXON Co., Ltd.",JP3758190007,TNNKHF-R,Asia,JAPAN,Internet Software/Services,16.0,25,6.25,3.6,2.650390625,2.650390625,4.4,3.5999999999999996,0.8000000000000007,0.8000000000000007,5,4,1,8.376648992913354e-05,,
2026-04-30,"Nomura Holdings, Inc.",JP3762600009,RNKKZR-R,Asia,JAPAN,Investment Banks/Brokers,6.0,6,1.5625,5.0,-3.4375,3.4375,3.333333333333333,5.0,-1.666666666666667,1.666666666666667,4,5,-1,0.0002746694997676296,,
2026-04-30,"Nomura Research Institute,Ltd.",JP3762800005,PX22R6-R,Asia,JAPAN,Information Technology Services,16.0,25,2.9891304347826084,6.0,-3.0108695652173916,3.0108695652173916,2.8000000000000003,6.0,-3.1999999999999997,3.1999999999999997,3,6,-3,0.00011936799989901466,,
2026-04-30,"Hankyu Hanshin Holdings, Inc.",JP3774200004,STWX4S-R,Asia,JAPAN,Other Transportation,9.0,39,6.666666666666666,8.72,-2.052083333333334,2.052083333333334,6.923076923076923,8.717948717948719,-1.7948717948717956,1.7948717948717956,7,9,-2,9.054311992340052e-05,,
2026-04-30,Bandai Namco Holdings Inc.,JP3778630008,V4T984-R,Asia,JAPAN,Recreational Products,13.0,8,0.5714285714285714,7.5,-6.928571428571429,6.928571428571429,2.5,7.5,-5.0,5.0,3,8,-5,0.00014437669987785732,,
2026-04-30,"Hikari Tsushin, Inc.",JP3783420007,SV06FW-R,Asia,JAPAN,Electric Utilities,17.0,5,9.11111111111111,2.0,7.111111111111111,7.111111111111111,8.0,2.0,6.0,6.0,8,2,6,3.6989079968707235e-05,,
2026-04-30,East Japan Railway Company,JP3783600004,WQLJFB-R,Asia,JAPAN,Railroads,9.0,39,8.88888888888889,7.95,0.9396701388888893,0.9396701388888893,9.230769230769232,7.948717948717948,1.2820512820512837,1.2820512820512837,9,8,1,0.00023808949979857625,,
2026-04-30,"Hitachi, Ltd.",JP3788600009,TJFRXK-R,Asia,JAPAN,Industrial Machinery,9.0,39,0.6763285024154588,2.05,-1.3744527475845412,1.3744527475845412,2.051282051282051,2.051282051282051,0.0,0.0,2,2,0,0.001619117998630226,,
2026-04-30,"FAST RETAILING CO., LTD.",JP3802300008,WXDXGM-R,Asia,JAPAN,Apparel/Footwear Retail,15.0,11,0.967741935483871,1.818,-0.850617439516129,0.850617439516129,2.727272727272727,1.8181818181818183,0.9090909090909087,0.9090909090909087,3,2,1,0.0011843759989980179,,
2026-04-30,Fanuc Corporation,JP3802400006,P9VWPQ-R,Asia,JAPAN,Industrial Machinery,9.0,39,0.24154589371980675,3.334,-3.092438481280193,3.092438481280193,1.282051282051282,3.333333333333333,-2.051282051282051,2.051282051282051,1,4,-3,0.00044106219962686136,,
2026-04-30,Fujikura Ltd,JP3811000003,M3XG7W-R,Asia,JAPAN,Electrical Products,9.0,39,0.14492753623188406,7.69,-7.546478713768116,7.546478713768116,0.7692307692307693,7.6923076923076925,-6.923076923076923,6.923076923076923,1,8,-7,0.0006751664994288091,,
2026-04-30,FUJIFILM Holdings Corp,JP3814000000,LHFSYC-R,Asia,JAPAN,Medical Specialties,16.0,25,9.782608695652174,8.8,0.9857336956521738,0.9857336956521738,8.4,8.8,-0.40000000000000036,0.40000000000000036,9,9,0,0.0002538407997852507,,
2026-04-30,Subaru Corporation,JP3814800003,QH66VR-R,Asia,JAPAN,Motor Vehicles,1.0,11,0.3508771929824561,4.547,-4.195997807017544,4.195997807017544,1.8181818181818183,4.545454545454545,-2.7272727272727266,2.7272727272727266,2,5,-3,9.175244992237743e-05,,
2026-04-30,Fujitsu Limited,JP3818000006,PZ2Q5Z-R,Asia,JAPAN,Information Technology Services,16.0,25,7.989130434782608,6.4,1.5906929347826084,1.5906929347826084,5.2,6.4,-1.2000000000000002,1.2000000000000002,5,7,-2,0.0003773482996807633,,
2026-04-30,"Fuji Electric Co., Ltd.",JP3820000002,KB3GSB-R,Asia,JAPAN,Electrical Products,9.0,39,2.560386473429952,4.1,-1.541176026570048,1.541176026570048,3.58974358974359,4.102564102564102,-0.5128205128205123,0.5128205128205123,4,4,0,0.00012252889989634055,,
2026-04-30,Bridgestone Corporation,JP3830800003,BW6HWR-R,Asia,JAPAN,Automotive Aftermarket,1.0,11,4.56140350877193,8.18,-3.61828399122807,3.61828399122807,5.454545454545454,8.181818181818182,-2.7272727272727275,2.7272727272727275,6,8,-2,0.00023977559979714981,,
2026-04-30,HOYA CORPORATION,JP3837800006,X6GLT1-R,Asia,JAPAN,Medical Specialties,8.0,12,1.8292682926829267,9.164,-7.334794207317073,7.334794207317073,3.333333333333333,9.166666666666666,-5.833333333333333,5.833333333333333,4,9,-5,0.0007154276993947482,,
2026-04-30,"Honda Motor Co., Ltd.",JP3854600008,NSRD0Y-R,Asia,JAPAN,Motor Vehicles,1.0,11,4.7368421052631575,2.727,2.0102796052631575,2.0102796052631575,6.363636363636363,2.727272727272727,3.6363636363636362,3.6363636363636362,7,3,4,0.00038384879967526394,,
2026-04-30,Makita Corporation,JP3862400003,TY3P99-R,Asia,JAPAN,Tools & Hardware,9.0,39,2.8019323671497585,6.41,-3.6082238828502415,3.6082238828502415,3.8461538461538463,6.410256410256411,-2.5641025641025643,2.5641025641025643,4,7,-3,5.197936995602545e-05,,
2026-04-30,Panasonic Holdings Corporation,JP3866800000,X6HHHW-R,Asia,JAPAN,Electronics/Appliances,13.0,8,2.2857142857142856,1.25,1.0357142857142856,1.0357142857142856,6.25,1.25,5.0,5.0,6,1,5,0.0005839102995060119,,
2026-04-30,MatsukiyoCocokara & Co.,JP3869010003,PQBRNX-R,Asia,JAPAN,Drugstore Chains,15.0,11,2.258064516129032,8.18,-5.921622983870968,5.921622983870968,5.454545454545454,8.181818181818182,-2.7272727272727275,2.7272727272727275,6,8,-2,6.44749399454542e-05,,
2026-04-30,Marubeni Corporation,JP3877600001,SPHJ0S-R,Asia,JAPAN,Agricultural Commodities/Milling,9.0,39,8.26086956521739,4.87,3.3897758152173907,3.3897758152173907,8.205128205128204,4.871794871794871,3.333333333333333,3.333333333333333,8,5,3,0.0005843329995056543,,
2026-04-30,"Mizuho Financial Group, Inc.",JP3885780001,KNHK1L-R,Asia,JAPAN,Major Banks,2.0,8,1.9791666666666665,1.25,0.7291666666666665,0.7291666666666665,1.25,1.25,0.0,0.0,1,1,0,0.0012101209989762375,,
2026-04-30,"MS&AD Insurance Group Holdings, Inc.",JP3890310000,J99W4H-R,Asia,JAPAN,Multi-Line Insurance,10.0,8,8.823529411764707,8.75,0.07352941176470651,0.07352941176470651,8.75,8.75,0.0,0.0,9,9,0,0.0003711683996859915,,
2026-04-30,"Sumitomo Mitsui Financial Group, Inc.",JP3890350006,BMHL2D-R,Asia,JAPAN,Major Banks,2.0,8,8.020833333333334,8.75,-0.7291666666666661,0.7291666666666661,7.5,8.75,-1.25,1.25,8,9,-1,0.0014674299987585543,,
2026-04-30,"Sumitomo Mitsui Trust Group, Inc.",JP3892100003,VDVT49-R,Asia,JAPAN,Major Banks,2.0,8,7.604166666666666,10.0,-2.395833333333334,2.395833333333334,6.25,10.0,-3.75,3.75,6,10,-4,0.00023301659980286794,,
2026-04-30,"Mitsui Fudosan Co., Ltd.",JP3893200000,R85RZK-R,Asia,JAPAN,Real Estate Development,14.0,7,2.5,5.715,-3.21484375,3.21484375,4.285714285714286,5.7142857142857135,-1.428571428571428,1.428571428571428,4,6,-2,0.0003618626996938641,,
2026-04-30,"Mitsui & Co.,Ltd",JP3893600001,T7JGZ8-R,Asia,JAPAN,Chemicals: Major Diversified,9.0,39,8.647342995169081,5.64,3.0067179951690814,3.0067179951690814,8.717948717948719,5.6410256410256405,3.0769230769230784,3.0769230769230784,9,6,3,0.0010504579991113124,,
2026-04-30,Mitsubishi Chemical Group Corporation,JP3897700005,R6ZGVK-R,Asia,JAPAN,Chemicals: Major Diversified,4.0,7,2.307692307692308,5.715,-3.407151442307692,3.407151442307692,8.571428571428571,5.7142857142857135,2.8571428571428577,2.8571428571428577,9,6,3,9.676803991813425e-05,,
2026-04-30,Mitsubishi Corporation,JP3898400001,WTX23P-R,Asia,JAPAN,Wholesale Distributors,9.0,39,9.758454106280194,7.438,2.320954106280194,2.320954106280194,10.0,7.435897435897436,2.564102564102564,2.564102564102564,10,8,2,0.0012243629989641888,,
2026-04-30,"Mitsubishi Estate Company, Limited",JP3899600005,WSMB68-R,Asia,JAPAN,Real Estate Development,14.0,7,5.75,4.285,1.46484375,1.46484375,7.142857142857143,4.285714285714286,2.8571428571428577,2.8571428571428577,7,4,3,0.000314637099733817,,
2026-04-30,"Mitsubishi Heavy Industries, Ltd.",JP3900000005,D2WLKV-R,Asia,JAPAN,Industrial Machinery,9.0,39,1.5458937198067633,1.282,0.26366715730676327,0.26366715730676327,3.076923076923077,1.282051282051282,1.7948717948717952,1.7948717948717952,3,1,2,0.0011095989990612793,,
2026-04-30,Mitsubishi Electric Corp.,JP3902400005,B066VV-R,Asia,JAPAN,Electrical Products,9.0,39,3.8164251207729465,2.82,0.9961126207729465,0.9961126207729465,4.3589743589743595,2.8205128205128203,1.5384615384615392,1.5384615384615392,5,3,2,0.0008868369992497359,,
2026-04-30,"Mitsubishi UFJ Financial Group, Inc.",JP3902900004,WB3BZZ-R,Asia,JAPAN,Major Banks,2.0,8,8.125,6.25,1.875,1.875,8.75,6.25,2.5,2.5,9,6,3,0.002301707998052755,,
2026-04-30,MinebeaMitsumi Inc.,JP3906000009,WSMGLJ-R,Asia,JAPAN,Semiconductors,16.0,25,9.293478260869566,5.6,3.6919157608695663,3.6919157608695663,6.0,5.6000000000000005,0.39999999999999947,0.39999999999999947,6,6,0,9.070132992326667e-05,,
2026-04-30,"Tokio Marine Holdings, Inc.",JP3910660004,JS3DJP-R,Asia,JAPAN,Property/Casualty Insurance,10.0,8,6.470588235294118,5.0,1.4705882352941178,1.4705882352941178,7.5,5.0,2.5,2.5,8,5,3,0.0009375040992068716,,
2026-04-30,"Murata Manufacturing Co., Ltd.",JP3914400001,HLS2CN-R,Asia,JAPAN,Electronic Production Equipment,16.0,25,9.402173913043478,2.8,6.6013926630434785,6.6013926630434785,6.800000000000001,2.8000000000000003,4.0,4.0,7,3,4,0.0006246940994715088,,
2026-04-30,"MonotaRO Co., Ltd.",JP3922950005,MR4TNK-R,Asia,JAPAN,Wholesale Distributors,15.0,11,0.6451612903225806,6.363,-5.718119959677419,5.718119959677419,1.8181818181818183,6.363636363636363,-4.545454545454545,4.545454545454545,2,7,-5,4.787367995949887e-05,,
2026-04-30,LY Corporation,JP3933800009,JQZ6DN-R,Asia,JAPAN,Internet Software/Services,16.0,25,9.83695652173913,7.2,2.637737771739131,2.637737771739131,8.8,7.199999999999999,1.6000000000000014,1.6000000000000014,9,7,2,9.781580991724781e-05,,
2026-04-30,Astellas Pharma Inc.,JP3942400007,JK8B1N-R,Asia,JAPAN,Pharmaceuticals: Major,8.0,12,10.0,10.0,0.0,0.0,10.0,10.0,0.0,0.0,10,10,0,0.00031026109973751907,,
2026-04-30,"Yamaha Motor Co., Ltd.",JP3942800008,T8J8Q5-R,Asia,JAPAN,Motor Vehicles,1.0,11,6.842105263157895,7.273,-0.4313322368421053,0.4313322368421053,8.181818181818182,7.272727272727273,0.9090909090909083,0.9090909090909083,8,7,1,7.574449993592015e-05,,
2026-04-30,"Japan Post Bank Co., Ltd.",JP3946750001,N8L2K3-R,Asia,JAPAN,Regional Banks,2.0,8,10.0,7.5,2.5,2.5,10.0,7.5,2.5,2.5,10,8,2,0.00037016109968684367,,
2026-04-30,Unicharm Corporation,JP3951600000,GSRTT3-R,Asia,JAPAN,Household/Personal Care,13.0,8,2.0,8.75,-6.75,6.75,5.0,8.75,-3.75,3.75,5,9,-4,9.15249299225699e-05,,
2026-04-30,Yokogawa Electric Corp.,JP3955000009,CSPHV9-R,Asia,JAPAN,Electronic Equipment/Instruments,9.0,39,1.4009661835748792,2.564,-1.1634869414251208,1.1634869414251208,2.564102564102564,2.564102564102564,0.0,0.0,3,3,0,0.00010669209990973848,,
2026-04-30,"Rakuten Group, Inc.",JP3967200001,TTK7NN-R,Asia,JAPAN,Internet Retail,16.0,25,9.891304347826086,5.2,4.692085597826086,4.692085597826086,9.200000000000001,5.2,4.000000000000001,4.000000000000001,9,5,4,8.767242992582912e-05,,
2026-04-30,"Recruit Holdings Co., Ltd.",JP3970300004,Q9Y5D7-R,Asia,JAPAN,Internet Software/Services,9.0,39,0.1932367149758454,5.9,-5.705200785024155,5.705200785024155,1.0256410256410255,5.897435897435898,-4.871794871794872,4.871794871794872,1,6,-5,0.0007491830993661911,,
2026-04-30,"Ryohin Keikaku Co., Ltd.",JP3976300008,FVFGFP-R,Asia,JAPAN,Apparel/Footwear,15.0,11,1.2903225806451613,5.453,-4.162802419354839,4.162802419354839,3.6363636363636367,5.454545454545454,-1.8181818181818175,1.8181818181818175,4,6,-2,0.00013017679988987043,,
2026-04-30,Lasertec Corp.,JP3979200007,Q3WN7R-R,Asia,JAPAN,Electronic Equipment/Instruments,16.0,25,0.21739130434782608,0.8,-0.582413383152174,0.582413383152174,0.4,0.8,-0.4,0.4,1,1,0,0.00022557949980915975,,
2026-04-30,Credo Technology Group Holding Ltd.,KYG254571055,G152GN-R,North America,UNITED STATES,Information Technology Services,16.0,94,2.7102803738317753,7.273,-4.563157126168225,4.563157126168225,2.6595744680851063,7.340425531914894,-4.680851063829788,4.680851063829788,3,8,-5,0.000332840499718417,,
2026-04-30,FTAI Aviation Ltd.,KYG3730V1059,XFW8B2-R,North America,UNITED STATES,Aerospace & Defense,9.0,99,5.338983050847458,5.145,0.1944518008474576,0.1944518008474576,5.151515151515151,5.252525252525253,-0.10101010101010122,0.10101010101010122,5,5,0,0.0002824471997610497,,
2026-04-30,Grab Holdings Limited Class A,KYG4124C1096,X879CM-R,North America,UNITED STATES,Air Freight/Couriers,9.0,99,4.491525423728814,7.332,-2.840505826271186,2.840505826271186,4.444444444444445,7.575757575757576,-3.1313131313131315,3.1313131313131315,5,8,-3,0.00010713259990936583,,
2026-04-30,Royal Caribbean Group,LR0008862868,XLT03X-R,North America,UNITED STATES,Hotels/Resorts/Cruiselines,18.0,20,6.153846153846154,7.31,-1.1547475961538458,1.1547475961538458,6.5,8.0,-1.5,1.5,7,8,-1,0.0007825142993379929,0.0010771450167926908,
2026-04-30,ArcelorMittal SA,LU1598757687,DZ437D-R,West Europe,NETHERLANDS,Steel,3.0,14,7.727272727272727,3.182,4.545632102272727,4.545632102272727,7.857142857142857,5.0,2.8571428571428568,2.8571428571428568,8,5,3,0.00028188349976152657,,0.0016733049867139584
2026-04-30,Spotify Technology SA,LU1778762911,X5HN6G-R,North America,UNITED STATES,Internet Software/Services,11.0,12,9.722222222222221,8.89,0.8315972222222214,0.8315972222222214,10.0,8.333333333333334,1.666666666666666,1.666666666666666,10,9,1,0.0008002574993229822,,
2026-04-30,InPost S.A.,LU2290522684,BWZN5N-R,West Europe,NETHERLANDS,Packaged Software,9.0,67,0.09174311926605505,0.1835,-0.09172856042144495,0.09172856042144495,0.14925373134328357,0.29850746268656714,-0.14925373134328357,0.14925373134328357,1,1,0,4.188005996456947e-05,,0.0003025629975976498
2026-04-30,Tenaris S.A.,LU2598331598,SN6T9J-R,West Europe,ITALY,Steel,12.0,14,2.3529411764705883,2.354,-0.0005744485294116863,0.0005744485294116863,2.142857142857143,2.8571428571428568,-0.714285714285714,0.714285714285714,2,3,-1,0.00013755039988363235,,0.000676876194625603
2026-04-30,Heineken Holding N.V.,NL0000008977,LTNDSH-R,West Europe,NETHERLANDS,Beverages: Alcoholic,7.0,23,8.214285714285714,10.0,-1.7857142857142865,1.7857142857142865,7.826086956521739,10.0,-2.1739130434782608,2.1739130434782608,8,10,-2,0.00010419139991185407,,0.0005491139956400349
2026-04-30,Royal KPN NV,NL0000009082,GY9DY1-R,West Europe,NETHERLANDS,Major Telecommunications,17.0,17,0.43478260869565216,2.61,-2.1745923913043477,2.1745923913043477,0.5882352941176471,2.3529411764705883,-1.7647058823529411,1.7647058823529411,1,3,-2,0.00023556549980071156,,0.0013717929891079637
2026-04-30,Heineken NV,NL0000009165,HF7CXJ-R,West Europe,NETHERLANDS,Beverages: Alcoholic,7.0,23,10.0,8.57,1.4296875,1.4296875,10.0,8.695652173913043,1.304347826086957,1.304347826086957,10,9,1,0.00024166789979554896,,0.0015310449878435028
2026-04-30,Koninklijke Philips N.V.,NL0000009538,WGRN6D-R,West Europe,NETHERLANDS,Medical Specialties,8.0,38,9.0,9.0,0.0,0.0,8.947368421052632,8.947368421052632,0.0,0.0,9,9,0,0.0002339649998020656,,0.0013660719891533885
2026-04-30,STMicroelectronics NV,NL0000226223,GW0ZLY-R,West Europe,ITALY,Semiconductors,16.0,18,3.2142857142857144,1.071,2.1429966517857144,2.1429966517857144,2.2222222222222223,1.1111111111111112,1.1111111111111112,1.1111111111111112,2,1,1,0.0004008693996608645,,0.0023899249810239954
2026-04-30,Airbus SE,NL0000235190,PKYMY1-R,West Europe,FRANCE,Aerospace & Defense,9.0,67,5.779816513761467,1.376,4.403839951261467,4.403839951261467,5.223880597014925,1.9402985074626866,3.2835820895522385,3.2835820895522385,5,2,3,0.0014015499988142886,,0.008103314935659679
2026-04-30,ASM International N.V.,NL0000334118,GM7H09-R,West Europe,NETHERLANDS,Industrial Machinery,16.0,18,2.5,4.285,-1.78515625,1.78515625,1.1111111111111112,3.888888888888889,-2.7777777777777777,2.7777777777777777,1,4,-3,0.0005069315995711359,,0.00321899497444118
2026-04-30,Randstad NV,NL0000379121,V4XB0Z-R,West Europe,NETHERLANDS,Personnel Services,9.0,67,9.908256880733946,9.45,0.45513188073394595,0.45513188073394595,10.0,9.552238805970148,0.4477611940298516,0.4477611940298516,10,10,0,4.016898996601703e-05,,0.0002026710983907915
2026-04-30,Wolters Kluwer N.V.,NL0000395903,TWWNXR-R,West Europe,NETHERLANDS,Internet Software/Services,9.0,67,1.1009174311926606,6.605,-5.504551318807339,5.504551318807339,1.044776119402985,6.567164179104478,-5.522388059701493,5.522388059701493,1,7,-6,0.00020771729982427115,,0.0012104409903890985
2026-04-30,AerCap Holdings NV,NL0000687663,N85RDX-R,North America,UNITED STATES,Finance/Rental/Leasing,6.0,37,8.666666666666668,8.29,0.37760416666666785,0.37760416666666785,8.64864864864865,8.91891891891892,-0.2702702702702702,0.2702702702702702,9,9,0,0.00027008869977150494,,
2026-04-30,Euronext NV,NL0006294274,GTX4SW-R,West Europe,FRANCE,Investment Banks/Brokers,6.0,22,3.0232558139534884,2.791,0.2322401889534884,0.2322401889534884,4.545454545454545,4.090909090909091,0.45454545454545414,0.45454545454545414,5,4,1,0.00015629329986777588,,0.000882948992989385
2026-04-30,LyondellBasell Industries NV,NL0009434992,GRQMJ0-R,North America,UNITED STATES,Chemicals: Specialty,4.0,8,10.0,10.0,0.0,0.0,10.0,10.0,0.0,0.0,10,10,0,0.0002113773998211747,0.0003128215048768873,
2026-04-30,NXP Semiconductors NV,NL0009538784,FJ8GT6-R,North America,UNITED STATES,Semiconductors,16.0,94,8.598130841121495,6.465,2.1332870911214954,2.1332870911214954,8.72340425531915,6.595744680851063,2.127659574468086,2.127659574468086,9,7,2,0.0008626239992702201,0.0012000500187087798,
2026-04-30,Nebius Group N.V. Class A,NL0009805522,N9K15Q-R,North America,UNITED STATES,Packaged Software,16.0,94,2.4299065420560746,1.01,1.4201409170560746,1.4201409170560746,2.3404255319148937,1.0638297872340425,1.2765957446808511,1.2765957446808511,3,1,2,0.0003739942996836008,,
2026-04-30,ASML Holding NV,NL0010273215,JWGWTR-R,West Europe,NETHERLANDS,Semiconductors,16.0,18,2.8571428571428568,8.93,-6.072544642857143,6.072544642857143,1.6666666666666665,8.88888888888889,-7.222222222222223,7.222222222222223,2,9,-7,0.006385297994598038,,0.03745251970262699
2026-04-30,CNH Industrial NV,NL0010545661,J3MQ11-R,North America,UNITED STATES,Trucks/Construction/Farm Machinery,9.0,99,6.016949152542372,5.523,0.49351165254237195,0.49351165254237195,5.858585858585858,5.656565656565657,0.20202020202020154,0.20202020202020154,6,6,0,0.00011485589990283191,,
2026-04-30,NN Group N.V.,NL0010773842,TMWCW7-R,West Europe,NETHERLANDS,Life/Health Insurance,10.0,24,9.62962962962963,8.516,1.1140046296296298,1.1140046296296298,9.583333333333334,8.75,0.8333333333333339,0.8333333333333339,10,9,1,0.00024448779979316333,,0.0015223119879128428
2026-04-30,argenx SE,NL0010832176,DG473N-R,West Europe,BELGIUM,Biotechnology,8.0,38,4.8,5.0,-0.20000000000000018,0.20000000000000018,4.473684210526316,5.0,-0.5263157894736841,0.5263157894736841,5,5,0,0.0005432601995404018,,0.0032648039740774564
2026-04-30,ABN AMRO Bank N.V. Depositary receipts,NL0011540547,Q7XWQX-R,West Europe,NETHERLANDS,Major Banks,2.0,37,8.235294117647058,4.707,3.528262867647058,3.528262867647058,7.837837837837838,4.864864864864865,2.972972972972973,2.972972972972973,8,5,3,0.00023078299980475758,,0.0014263629886746777
2026-04-30,Ferrari NV,NL0011585146,Q05NFB-R,West Europe,ITALY,Motor Vehicles,1.0,12,1.7647058823529413,2.941,-1.1767003676470587,1.1767003676470587,0.8333333333333333,3.333333333333333,-2.5,2.5,1,4,-3,0.0004890135995862944,,0.0027702939780038655
2026-04-30,Koninklijke Ahold Delhaize N.V.,NL0011794037,VJ7HTK-R,West Europe,NETHERLANDS,Food Retail,15.0,14,6.111111111111112,7.223,-1.1115451388888884,1.1115451388888884,5.0,6.428571428571429,-1.4285714285714288,1.4285714285714288,5,7,-2,0.0004963596995800797,,0.0028255529775651094
2026-04-30,ING Groep N.V.,NL0011821202,LY6KWW-R,West Europe,NETHERLANDS,Major Banks,2.0,37,9.215686274509803,7.45,1.7664675245098032,1.7664675245098032,9.18918918918919,7.567567567567568,1.621621621621621,1.621621621621621,9,8,1,0.0009977921991558677,,0.00570476195470419
2026-04-30,ASR Nederland N.V.,NL0011872643,VPJF20-R,West Europe,NETHERLANDS,Multi-Line Insurance,10.0,24,4.0740740740740735,2.592,1.4822771990740735,1.4822771990740735,3.75,2.5,1.25,1.25,4,3,1,0.00013168339988859585,,0.0007430977940998036
2026-04-30,EXOR N.V.,NL0012059018,J564PS-R,West Europe,NETHERLANDS,Investment Managers,6.0,22,0.6976744186046512,0.6978,-7.948764534881914e-05,7.948764534881914e-05,1.3636363636363635,0.9090909090909092,0.45454545454545436,0.45454545454545436,2,1,1,9.312746992121416e-05,,0.00048526559614699117
2026-04-30,BE Semiconductor Industries N.V.,NL0012866412,M3XC1S-R,West Europe,NETHERLANDS,Industrial Machinery,16.0,18,4.642857142857143,9.29,-4.646205357142857,4.646205357142857,4.444444444444445,9.444444444444445,-5.0,5.0,5,10,-5,0.00024190119979535156,,0.0014696059883313284
2026-04-30,Adyen NV,NL0012969182,B8DGF3-R,West Europe,NETHERLANDS,Miscellaneous Commercial Services,9.0,67,0.1834862385321101,0.09174,0.0917503986883601,0.0917503986883601,0.29850746268656714,0.14925373134328357,0.14925373134328357,0.14925373134328357,1,1,0,0.0003268650997234721,,0.0023824379810834426
2026-04-30,Akzo Nobel N.V.,NL0013267909,M79YFW-R,West Europe,NETHERLANDS,Industrial Specialties,4.0,11,9.444444444444445,5.555,3.8897569444444446,3.8897569444444446,9.09090909090909,5.454545454545454,3.636363636363636,3.636363636363636,9,6,3,0.00011627169990163412,,0.0006707578946741823
2026-04-30,Prosus N.V. Class N,NL0013654783,F39WDV-R,West Europe,NETHERLANDS,Packaged Software,16.0,18,6.428571428571429,3.928,2.500837053571429,2.500837053571429,6.111111111111112,3.333333333333333,2.7777777777777786,2.7777777777777786,6,4,2,0.0007173887993930891,,0.003964607968521013
2026-04-30,Stellantis N.V.,NL00150001Q9,VGZNR3-R,West Europe,ITALY,Motor Vehicles,1.0,12,2.3529411764705883,0.5884,1.7645622702205883,1.7645622702205883,1.6666666666666665,0.8333333333333333,0.8333333333333333,0.8333333333333333,2,1,1,0.00016119769986362674,,0.0010165069919289345
2026-04-30,Universal Music Group N.V.,NL0015000IY2,N4H21N-R,West Europe,NETHERLANDS,Miscellaneous Commercial Services,11.0,6,0.6666666666666666,0.6665,0.00016276041666662966,0.00016276041666662966,1.6666666666666665,1.6666666666666665,0.0,0.0,2,2,0,0.0002609270997792557,,0.00157159698752152
2026-04-30,Ferrovial N.V.,NL0015001FS8,T31DQR-R,West Europe,SPAIN,Engineering & Construction,5.0,20,4.0625,2.188,1.875,1.875,4.0,2.5,1.5,1.5,4,3,1,0.00040335459965876196,,0.0022608879820485493
2026-04-30,Magnum Ice Cream Co. N.V.,NL0015002MS2,WPXRKL-R,West Europe,NETHERLANDS,Food: Meat/Fish/Dairy,7.0,23,0.3571428571428571,0.3572,-3.4877232142904724e-05,3.4877232142904724e-05,0.43478260869565216,0.43478260869565216,0.0,0.0,1,1,0,7.955337993269783e-05,,0.0005023281960115141
2026-04-30,QIAGEN NV,NL0015002SN0,N91LM3-R,North America,UNITED STATES,Medical Specialties,8.0,58,5.970149253731343,4.926,1.0443680037313428,1.0443680037313428,5.862068965517241,5.0,0.8620689655172411,0.8620689655172411,6,5,1,7.568641993596929e-05,,0.00047737909620961
2026-04-30,CSG N.V.,NL0015073TS8,SZWM2V-R,West Europe,NETHERLANDS,Aerospace & Defense,9.0,67,4.220183486238533,0.734,3.4862967674885326,3.4862967674885326,3.7313432835820897,0.8955223880597014,2.8358208955223883,2.8358208955223883,4,1,3,4.918647995838824e-05,,0.00021860169826430252
2026-04-30,Davide Campari-Milano N.V.,NL0015435975,QTFWQW-R,West Europe,ITALY,Beverages: Alcoholic,7.0,23,5.0,3.215,1.78515625,1.78515625,4.3478260869565215,3.4782608695652173,0.8695652173913042,0.8695652173913042,5,4,1,5.84035399505906e-05,,0.00028726809771909126
2026-04-30,Mowi ASA,NO0003054108,PDBDMJ-R,West Europe,NORWAY,Food: Meat/Fish/Dairy,7.0,23,8.571428571428571,9.29,-0.7176339285714288,0.7176339285714288,8.26086956521739,9.130434782608695,-0.8695652173913047,0.8695652173913047,8,9,-1,0.00012085629989775556,,0.0006517635948249971
2026-04-30,Orkla ASA,NO0003733800,CZHVTK-R,West Europe,NORWAY,Food: Specialty/Candy,7.0,23,6.7857142857142865,5.715,1.0708705357142865,1.0708705357142865,6.086956521739131,6.086956521739131,0.0,0.0,6,6,0,0.00010089039991464672,,0.0006221899950598114
2026-04-30,Norsk Hydro ASA,NO0005052605,MVMBQG-R,West Europe,NORWAY,Aluminum,3.0,14,0.9090909090909092,4.09,-3.180752840909091,3.180752840909091,1.4285714285714284,6.428571428571429,-5.0,5.0,2,7,-5,0.0001755687998514688,,0.0009929388921160651
2026-04-30,Telenor ASA,NO0010063308,H7F209-R,West Europe,NORWAY,Major Telecommunications,17.0,17,6.521739130434783,6.523,-0.0016983695652168507,0.0016983695652168507,5.882352941176471,6.470588235294118,-0.5882352941176467,0.5882352941176467,6,7,-1,0.00011321989990421597,,0.0006867847945469288
2026-04-30,Equinor ASA,NO0010096985,RZSB30-R,West Europe,NORWAY,Integrated Oil,12.0,14,5.882352941176471,6.47,-0.586397058823529,0.586397058823529,5.7142857142857135,7.857142857142857,-2.1428571428571432,2.1428571428571432,6,8,-2,0.0003914305996688497,,0.002279404981901524
2026-04-30,DNB Bank ASA,NO0010161896,L57WDW-R,West Europe,NORWAY,Major Banks,2.0,37,1.1764705882352942,2.941,-1.7649356617647058,1.7649356617647058,1.3513513513513513,3.2432432432432434,-1.891891891891892,1.891891891891892,2,3,-1,0.00029852699974744615,,0.0017177229863612794
2026-04-30,Yara International ASA,NO0010208051,MXS313-R,West Europe,NORWAY,Chemicals: Agricultural,4.0,11,10.0,10.0,0.0,0.0,10.0,10.0,0.0,0.0,10,10,0,0.00010469049991143183,,0.0006377657949361396
2026-04-30,SalMar ASA,NO0010310956,C6LWM5-R,West Europe,NORWAY,Agricultural Commodities/Milling,7.0,23,5.357142857142857,3.572,1.7848772321428568,1.7848772321428568,4.782608695652174,3.9130434782608696,0.8695652173913042,0.8695652173913042,5,4,1,4.647213996068457e-05,,0.00029915349762472124
2026-04-30,Aker BP ASA,NO0010345853,BLBW30-R,West Europe,NORWAY,Integrated Oil,12.0,14,4.117647058823529,4.117,0.0004595588235289938,0.0004595588235289938,4.285714285714286,5.0,-0.7142857142857144,0.7142857142857144,4,5,-1,0.00013219529988816277,,0.0007660908939172384
2026-04-30,Gjensidige Forsikring ASA,NO0010582521,FNW967-R,West Europe,NORWAY,Multi-Line Insurance,10.0,24,1.4814814814814814,5.555,-4.073206018518519,4.073206018518519,1.25,5.416666666666666,-4.166666666666666,4.166666666666666,1,6,-5,6.1958629947583e-05,,0.00036808599707739714
2026-04-30,Kongsberg Gruppen ASA,NO0013536151,W6VV9N-R,West Europe,NORWAY,Trucks/Construction/Farm Machinery,9.0,67,0.3669724770642202,1.651,-1.2843947104357798,1.2843947104357798,0.4477611940298507,2.238805970149254,-1.7910447761194033,1.7910447761194033,1,2,-1,0.00016064059986409807,,0.0010029769920363626
2026-04-30,Xero Limited,NZXROE0001S2,M9VRSW-R,Pacific,AUSTRALIA,Packaged Software,16.0,3,6.666666666666666,3.334,3.332682291666666,3.332682291666666,6.666666666666666,3.333333333333333,3.333333333333333,3.333333333333333,7,4,3,0.00011155419990562513,,
2026-04-30,Carnival Corporation,PA1436583006,HNZVK6-R,North America,UNITED STATES,Hotels/Resorts/Cruiselines,18.0,20,3.8461538461538463,1.923,1.9233022836538463,1.9233022836538463,4.5,2.0,2.5,2.5,5,2,3,0.0003123422997357584,0.0004951899077200106,
2026-04-30,Banco Comercial Portugues S.A.,PTBCP0AM0015,M74M8W-R,West Europe,PORTUGAL,Major Banks,2.0,37,1.3725490196078431,0.9805,0.39208026960784315,0.39208026960784315,1.6216216216216217,1.0810810810810811,0.5405405405405406,0.5405405405405406,2,1,1,0.00010159369991405171,,0.0006579124947761748
2026-04-30,EDP S.A.,PTEDP0AM0009,RQTY5S-R,West Europe,PORTUGAL,Electric Utilities,19.0,23,10.0,9.31,0.6875,0.6875,10.0,10.0,0.0,0.0,10,10,0,0.0001873960998414629,,0.0010999209912666273
2026-04-30,"Galp Energia, SGPS S.A. Class B",PTGAL0AM0009,T6GNCG-R,West Europe,PORTUGAL,Integrated Oil,12.0,14,1.1764705882352942,1.765,-0.5881778492647058,0.5881778492647058,1.4285714285714284,2.142857142857143,-0.7142857142857144,0.7142857142857144,2,2,0,0.00012761089989204118,,0.0006810065945928076
2026-04-30,"Jeronimo Martins, SGPS S.A.",PTJMT0AE0001,V2HLHV-R,West Europe,PORTUGAL,Food Retail,15.0,14,1.6666666666666665,2.777,-1.1106770833333335,1.1106770833333335,2.142857142857143,2.142857142857143,0.0,0.0,2,2,0,7.42226899372076e-05,,0.0004529321964037184
2026-04-30,H&M Hennes & Mauritz AB Class B,SE0000106270,JJ43XM-R,West Europe,SWEDEN,Apparel/Footwear Retail,15.0,14,5.0,5.555,-0.5546875,0.5546875,4.285714285714286,5.0,-0.7142857142857144,0.7142857142857144,4,5,-1,9.976383991559979e-05,,0.0005678369954913743
2026-04-30,Industrivarden AB Class C,SE0000107203,KGV6N1-R,West Europe,SWEDEN,Financial Conglomerates,6.0,22,8.837209302325581,5.7,3.137990552325581,3.137990552325581,9.545454545454547,7.954545454545454,1.5909090909090926,1.5909090909090926,10,8,2,9.178209992235233e-05,,0.0006298534949989632
2026-04-30,SKF AB Class B,SE0000108227,V0CLMX-R,West Europe,SWEDEN,Metal Fabrication,3.0,14,1.8181818181818183,2.727,-0.9083806818181817,0.9083806818181817,2.8571428571428568,4.285714285714286,-1.4285714285714288,1.4285714285714288,3,5,-2,0.00010336839991255033,,0.0005673223954954602
2026-04-30,Telefonaktiebolaget LM Ericsson Class B,SE0000108656,P6LTYW-R,West Europe,SWEDEN,Telecommunications Equipment,17.0,17,5.217391304347826,3.912,1.3052819293478262,1.3052819293478262,4.705882352941177,3.5294117647058827,1.176470588235294,1.176470588235294,5,4,1,0.00040248039965950155,,0.0023088579816676674
2026-04-30,L E Lundbergforetagen AB Class B,SE0000108847,L9YRMS-R,West Europe,SWEDEN,Financial Conglomerates,6.0,22,3.953488372093023,3.488,0.4652071220930232,0.4652071220930232,5.909090909090909,5.454545454545454,0.45454545454545503,0.45454545454545503,6,6,0,4.838933995906261e-05,,0.0003039492975866426
2026-04-30,Svenska Cellulosa AB SCA Class B,SE0000112724,DF3CR4-R,West Europe,SWEDEN,Pulp & Paper,3.0,14,2.727272727272727,0.909,1.818093039772727,1.818093039772727,4.285714285714286,1.4285714285714284,2.857142857142857,2.857142857142857,5,2,3,7.319521993807684e-05,,0.0004045927967875332
2026-04-30,Skanska AB Class B,SE0000113250,MTG5RJ-R,West Europe,SWEDEN,Engineering & Construction,5.0,20,8.75,8.75,0.0,0.0,8.5,8.0,0.5,0.5,9,8,1,9.938727991591837e-05,,0.0006239371950459387
2026-04-30,Trelleborg AB Class B,SE0000114837,KDFDZV-R,West Europe,SWEDEN,Auto Parts: OEM,9.0,67,9.81651376146789,8.44,1.3790137614678901,1.3790137614678901,9.850746268656716,8.805970149253731,1.044776119402984,1.044776119402984,10,9,1,9.844056991671927e-05,,0.0005350988957513147
2026-04-30,Volvo AB Class B,SE0000115446,NZSHXK-R,West Europe,SWEDEN,Trucks/Construction/Farm Machinery,9.0,67,7.706422018348624,6.332,1.3743907683486238,1.3743907683486238,7.164179104477611,6.119402985074627,1.044776119402984,1.044776119402984,7,6,1,0.0006308521994662989,,0.003700116970621071
2026-04-30,Skandinaviska Enskilda Banken AB Class A,SE0000148884,NYJ1NJ-R,West Europe,SWEDEN,Major Banks,2.0,37,0.9803921568627451,0.784,0.19621246936274506,0.19621246936274506,1.0810810810810811,0.8108108108108109,0.2702702702702703,0.2702702702702703,1,1,0,0.00033837579971373406,,0.0020565039836713582
2026-04-30,Securitas AB Class B,SE0000163594,QZ3B6F-R,West Europe,SWEDEN,Miscellaneous Commercial Services,9.0,67,9.082568807339449,9.086,-0.0033686926605511758,0.0033686926605511758,8.805970149253731,9.253731343283583,-0.4477611940298516,0.4477611940298516,9,9,0,9.026148992363879e-05,,0.0005583808955664557
2026-04-30,Industrivarden AB Class A,SE0000190126,RWDF0K-R,West Europe,SWEDEN,Financial Conglomerates,6.0,22,8.604651162790697,5.7,2.905432412790697,2.905432412790697,9.09090909090909,7.954545454545454,1.1363636363636358,1.1363636363636358,9,8,1,6.680842994348006e-05,,
2026-04-30,Swedbank AB Class A,SE0000242455,GW6H33-R,West Europe,SWEDEN,Major Banks,2.0,37,1.5686274509803921,1.372,0.19655713848039214,0.19655713848039214,1.891891891891892,1.6216216216216217,0.2702702702702704,0.2702702702702704,2,2,0,0.00033795069971409374,,0.0021769539827149855
2026-04-30,Sandvik AB,SE0000667891,LZCMNQ-R,West Europe,SWEDEN,Trucks/Construction/Farm Machinery,9.0,67,9.174311926605505,9.54,-0.36475057339449535,0.36475057339449535,8.955223880597016,9.701492537313433,-0.746268656716417,0.746268656716417,9,10,-1,0.0005086357995696941,,0.002999110976187059
2026-04-30,Telia Company AB,SE0000667925,R2JS7B-R,West Europe,SWEDEN,Specialty Telecommunications,17.0,17,5.652173913043478,5.22,0.4334239130434776,0.4334239130434776,5.294117647058823,5.294117647058823,0.0,0.0,6,6,0,0.00015227129987117847,,0.0008312592933998012
2026-04-30,Alfa Laval AB,SE0000695876,P7RWQQ-R,West Europe,SWEDEN,Industrial Machinery,9.0,67,2.1100917431192663,2.11,0.0007167431192662832,0.0007167431192662832,1.9402985074626866,2.537313432835821,-0.5970149253731345,0.5970149253731345,2,3,-1,0.00019966479983108358,,0.0011571969908118558
2026-04-30,Swedish Orphan Biovitrum AB,SE0000872095,RQX8MZ-R,West Europe,SWEDEN,Pharmaceuticals: Major,8.0,38,2.2,1.6,0.6003906250000002,0.6003906250000002,1.5789473684210527,1.5789473684210527,0.0,0.0,2,2,0,9.886914991635669e-05,,0.0007556214940003653
2026-04-30,Indutrade AB,SE0001515552,XBY522-R,West Europe,SWEDEN,Industrial Machinery,9.0,67,5.688073394495413,0.5503,5.137780425745413,5.137780425745413,5.074626865671642,0.5970149253731343,4.477611940298508,4.477611940298508,5,1,4,6.150107994797008e-05,,0.0003715415970499597
2026-04-30,AB Sagax Class B,SE0005127818,F8T8X8-R,West Europe,SWEDEN,Real Estate Development,14.0,11,0.3333333333333333,0.6665,-0.3331705729166667,0.3331705729166667,0.9090909090909092,1.8181818181818183,-0.9090909090909092,0.9090909090909092,1,2,-1,5.511551995337227e-05,,0.000292042697681181
2026-04-30,Tele2 AB Class B,SE0005190238,K6W4F5-R,West Europe,SWEDEN,Major Telecommunications,17.0,17,8.26086956521739,9.13,-0.8719429347826093,0.8719429347826093,8.235294117647058,8.823529411764707,-0.5882352941176485,0.5882352941176485,8,9,-1,0.00011296399990443246,,0.0007587780939753019
2026-04-30,ASSA ABLOY AB Class B,SE0007100581,MT9XMJ-R,West Europe,SWEDEN,Tools & Hardware,5.0,20,4.375,4.375,0.0,0.0,4.5,4.5,0.0,0.0,5,5,0,0.00042747759963835394,,0.002531014979903741
2026-04-30,Svenska Handelsbanken AB Class A,SE0007100599,FWJ4P9-R,West Europe,SWEDEN,Major Banks,2.0,37,8.431372549019608,3.725,4.706763174019608,4.706763174019608,8.108108108108109,4.054054054054054,4.054054054054054,4.054054054054054,8,4,4,0.00023536749980087907,,0.0014790619882562477
2026-04-30,Essity AB Class B,SE0009922164,J1HNQQ-R,West Europe,SWEDEN,Household/Personal Care,13.0,14,8.076923076923077,7.69,0.38551682692307665,0.38551682692307665,8.571428571428571,8.571428571428571,0.0,0.0,9,9,0,0.0001764208998507479,,0.0010651279915428837
2026-04-30,Investment AB Latour Class B,SE0010100958,RBHVG6-R,West Europe,SWEDEN,Financial Conglomerates,9.0,67,5.5963302752293576,1.192,4.4039474627293576,4.4039474627293576,4.925373134328358,1.6417910447761195,3.2835820895522385,3.2835820895522385,5,2,3,3.791201996792643e-05,,0.00021115029832346663
2026-04-30,Holmen AB Class B,SE0011090018,J1JT84-R,West Europe,SWEDEN,Pulp & Paper,3.0,14,3.6363636363636367,1.363,2.2730823863636367,2.2730823863636367,5.7142857142857135,2.142857142857143,3.5714285714285707,3.5714285714285707,6,2,4,2.9547099975003153e-05,,0.0001938943984604785
2026-04-30,Evolution AB,SE0012673267,L3H7V7-R,West Europe,SWEDEN,Packaged Software,18.0,10,2.6666666666666665,4.668,-2.0013020833333335,2.0013020833333335,3.0,4.0,-1.0,1.0,3,4,-1,0.00011329569990415184,,0.0006196658950798528
2026-04-30,EQT AB,SE0012853455,X0M159-R,West Europe,SWEDEN,Investment Managers,6.0,22,1.1627906976744187,0.465,0.6977028070494187,0.6977028070494187,1.8181818181818183,0.4545454545454546,1.3636363636363638,1.3636363636363638,2,1,1,0.00018184749984615701,,0.0019137269848050079
2026-04-30,Addtech AB Class B,SE0014781795,BNNFG1-R,West Europe,SWEDEN,Electronic Production Equipment,9.0,67,1.651376146788991,3.21,-1.559561353211009,1.559561353211009,1.6417910447761195,3.283582089552239,-1.6417910447761195,1.6417910447761195,2,3,-1,0.00010642449990996486,,0.000618775695086921
2026-04-30,Epiroc AB Class A,SE0015658109,WXJXS1-R,West Europe,SWEDEN,Trucks/Construction/Farm Machinery,9.0,67,0.9174311926605505,1.009,-0.09135786983944949,0.09135786983944949,0.8955223880597014,1.3432835820895521,-0.4477611940298507,0.4477611940298507,1,2,-1,0.000222122899812084,,0.0012395099901582906
2026-04-30,Epiroc AB Class B,SE0015658117,B0GMKD-R,West Europe,SWEDEN,Trucks/Construction/Farm Machinery,9.0,67,2.293577981651376,1.101,1.1929920441513762,1.1929920441513762,2.238805970149254,1.4925373134328357,0.7462686567164183,0.7462686567164183,2,2,0,0.00010514969991104335,,
2026-04-30,Investor AB Class B,SE0015811963,LVSS7P-R,West Europe,SWEDEN,Financial Conglomerates,6.0,22,9.069767441860465,7.906,1.1635174418604652,1.1635174418604652,10.0,10.0,0.0,0.0,10,10,0,0.0008371981992917303,,0.004921466960923552
2026-04-30,Lifco AB Class B,SE0015949201,TGN13R-R,West Europe,SWEDEN,Industrial Machinery,9.0,67,5.963302752293577,3.303,2.6605683772935773,2.6605683772935773,5.522388059701493,3.432835820895522,2.089552238805971,2.089552238805971,6,4,2,7.928058993292861e-05,,0.0004580231963632958
2026-04-30,Beijer Ref AB Class B,SE0015949748,MVN234-R,West Europe,SWEDEN,Wholesale Distributors,5.0,20,2.1875,0.9375,1.25,1.25,2.5,1.0,1.5,1.5,3,1,2,7.130557993967547e-05,,0.00038141859697153634
2026-04-30,Hexagon AB Class B,SE0015961909,LVVB64-R,West Europe,SWEDEN,Electronic Equipment/Instruments,16.0,18,4.285714285714286,0.7144,3.5713588169642856,3.5713588169642856,3.888888888888889,0.5555555555555556,3.333333333333333,3.333333333333333,4,1,3,0.0002460805997918158,,0.0015594219876181893
2026-04-30,NIBE Industrier AB Class B,SE0015988019,LP9QY3-R,West Europe,SWEDEN,Industrial Machinery,5.0,20,6.25,3.438,2.8125,2.8125,5.5,4.0,1.5,1.5,6,4,2,7.002053994076262e-05,,0.0004275061966056008
2026-04-30,Atlas Copco AB Class A,SE0017486889,LC28G5-R,West Europe,SWEDEN,Industrial Machinery,9.0,67,2.385321100917431,2.018,0.3677429759174311,0.3677429759174311,2.388059701492537,2.388059701492537,0.0,0.0,3,3,0,0.000583654799506228,,0.003258064974130964
2026-04-30,Atlas Copco AB Class B,SE0017486897,S6QX8B-R,West Europe,SWEDEN,Industrial Machinery,9.0,67,2.7522935779816518,2.201,0.5511217029816518,0.5511217029816518,2.537313432835821,2.6865671641791042,-0.14925373134328312,0.14925373134328312,3,3,0,0.0002994994997466234,,
2026-04-30,Fastighets AB Balder Class B,SE0017832488,PB1Z9F-R,West Europe,SWEDEN,Real Estate Development,14.0,11,0.6666666666666666,0.3333,0.33341471354166663,0.33341471354166663,1.8181818181818183,0.9090909090909092,0.9090909090909092,0.9090909090909092,2,1,1,4.178727996464795e-05,,0.00026675869788193597
2026-04-30,Boliden AB,SE0020050417,TG9824-R,West Europe,SWEDEN,Other Metals/Minerals,3.0,14,2.2727272727272725,9.09,-6.8210227272727275,6.8210227272727275,3.5714285714285716,9.285714285714286,-5.714285714285715,5.714285714285715,4,9,-5,0.00016896779985705324,,0.0010004729920562445
2026-04-30,Saab AB Class B,SE0021921269,J9HWH0-R,West Europe,SWEDEN,Aerospace & Defense,9.0,67,7.981651376146789,4.22,3.7629013761467887,3.7629013761467887,7.611940298507463,4.17910447761194,3.432835820895523,3.432835820895523,8,4,4,0.00021314069981968298,,0.001352900989257966
2026-04-30,Flex Ltd,SG9999000020,VVFLP6-R,North America,UNITED STATES,Electronic Production Equipment,16.0,94,4.579439252336448,4.848,-0.26821699766355156,0.26821699766355156,4.680851063829787,5.0,-0.31914893617021267,0.31914893617021267,5,5,0,0.00040058079966110864,,
2026-04-30,Aflac Incorporated,US0010551028,XLY63V-R,North America,UNITED STATES,Multi-Line Insurance,10.0,23,4.0625,4.0,0.0625,0.0625,5.217391304347826,4.3478260869565215,0.8695652173913047,0.8695652173913047,5,5,0,0.000654004699446712,0.0008491555132383345,
2026-04-30,AT&T Inc,US00206R1023,VLHKF9-R,North America,UNITED STATES,Wireless Telecommunications,17.0,12,7.5,5.0,2.5,2.5,10.0,5.0,5.0,5.0,10,5,5,0.0021236669982033778,0.002951375046011937,
2026-04-30,"AST SpaceMobile, Inc. Class A",US00217D1000,KDCR1J-R,North America,UNITED STATES,Specialty Telecommunications,17.0,12,1.25,1.667,-0.4169921875,0.4169921875,1.6666666666666665,1.6666666666666665,0.0,0.0,2,2,0,0.00018343199984481652,,
2026-04-30,Abbott Laboratories,US0028241000,SHNDLT-R,North America,UNITED STATES,Medical Specialties,8.0,58,1.1940298507462686,1.492,-0.29815764925373145,0.29815764925373145,1.206896551724138,1.3793103448275863,-0.1724137931034484,0.1724137931034484,1,2,-1,0.0017677629985044724,0.0025107230391421724,
2026-04-30,"AbbVie, Inc.",US00287Y1091,C4HBRT-R,North America,UNITED STATES,Pharmaceuticals: Major,8.0,58,9.104477611940299,9.555,-0.4502098880597014,0.4502098880597014,8.96551724137931,9.482758620689655,-0.5172413793103452,0.5172413793103452,9,10,-1,0.004183444996460805,0.005899442091972303,
2026-04-30,Adobe Inc.,US00724F1012,DJC2TN-R,North America,UNITED STATES,Packaged Software,16.0,94,1.1214953271028036,4.645,-3.523035922897196,3.523035922897196,1.1702127659574468,4.787234042553192,-3.617021276595745,3.617021276595745,1,5,-4,0.0011964529989878007,0.0016603260258844827,
2026-04-30,AECOM,US00766T1007,VZZ3P2-R,North America,UNITED STATES,Engineering & Construction,5.0,13,3.888888888888889,7.855,-3.966579861111111,3.966579861111111,4.615384615384616,7.6923076923076925,-3.0769230769230766,3.0769230769230766,5,8,-3,0.00012331399989567635,,
2026-04-30,"Advanced Micro Devices, Inc.",US0079031078,RT66YK-R,North America,UNITED STATES,Semiconductors,16.0,94,2.8971962616822426,3.232,-0.33522561331775735,0.33522561331775735,2.872340425531915,3.404255319148936,-0.5319148936170213,0.5319148936170213,3,4,-1,0.006733268994303654,0.009497991148073683,
2026-04-30,"Affirm Holdings, Inc. Class A",US00827B1061,N7C73B-R,North America,UNITED STATES,Finance/Rental/Leasing,6.0,37,6.444444444444445,3.414,3.0303819444444446,3.0303819444444446,6.486486486486487,3.783783783783784,2.7027027027027026,2.7027027027027026,7,4,3,0.00020948839982277281,,
2026-04-30,"Agilent Technologies, Inc.",US00846U1016,FWHC5K-R,North America,UNITED STATES,Medical Specialties,8.0,58,5.223880597014925,5.375,-0.1511194029850751,0.1511194029850751,5.0,5.344827586206896,-0.3448275862068959,0.3448275862068959,5,6,-1,0.00037290459968452265,0.0005267349082117973,
2026-04-30,"Airbnb, Inc. Class A",US0090661010,HZQYZZ-R,North America,UNITED STATES,Hotels/Resorts/Cruiselines,18.0,20,1.5384615384615385,2.691,-1.1529447115384615,1.1529447115384615,1.5,3.0,-1.5,1.5,2,3,-1,0.0007060013994027229,0.0009670684150765965,
2026-04-30,"Air Products and Chemicals, Inc.",US0091581068,BV8JHF-R,North America,UNITED STATES,Chemicals: Specialty,4.0,8,6.363636363636363,4.0,2.3636363636363633,2.3636363636363633,7.5,3.75,3.75,3.75,8,4,4,0.0007545108993616838,0.0010856210169248315,
2026-04-30,Alliant Energy Corporation,US0188021085,KK1SFD-R,North America,UNITED STATES,Electric Utilities,19.0,32,1.4634146341463414,1.177,0.28665682164634143,0.28665682164634143,1.25,1.25,0.0,0.0,1,1,0,0.00021392439981901993,0.00030606760477159395,
2026-04-30,Allstate Corporation,US0200021014,BYJYYM-R,North America,UNITED STATES,Multi-Line Insurance,10.0,23,8.75,10.0,-1.25,1.25,10.0,10.0,0.0,0.0,10,10,0,0.0006501676994499581,0.0009075084141480561,
2026-04-30,"Alnylam Pharmaceuticals, Inc",US02043Q1076,NK6FVD-R,North America,UNITED STATES,Pharmaceuticals: Major,8.0,58,4.3283582089552235,8.06,-3.7341417910447765,3.7341417910447765,3.9655172413793105,7.758620689655173,-3.793103448275862,3.793103448275862,4,8,-4,0.0004319253996345911,,
2026-04-30,Alphabet Inc. Class C,US02079K1079,WFJYTJ-R,North America,UNITED STATES,Internet Software/Services,16.0,94,7.383177570093458,7.17,0.21130257009345765,0.21130257009345765,7.446808510638298,7.23404255319149,0.21276595744680815,0.21276595744680815,8,7,1,0.021366579981923876,0.028949930451329414,
2026-04-30,Alphabet Inc. Class A,US02079K3059,HTM0LK-R,North America,UNITED STATES,Internet Software/Services,16.0,94,7.289719626168224,6.668,0.6217508761682238,0.6217508761682238,7.340425531914894,6.702127659574469,0.6382978723404253,0.6382978723404253,8,7,1,0.025688159978267816,0.03626442056536232,
2026-04-30,Oklo Inc. Class A,US02156V1098,N6QZ84-R,North America,UNITED STATES,Industrial Machinery,9.0,99,2.9661016949152543,0.5713,2.3948126324152543,2.3948126324152543,2.929292929292929,0.6060606060606061,2.323232323232323,2.323232323232323,3,1,2,9.264971992161833e-05,,
2026-04-30,"Altria Group, Inc.",US02209S1033,PN6Y00-R,North America,UNITED STATES,Tobacco,7.0,18,7.096774193548388,8.75,-1.653225806451612,1.653225806451612,7.777777777777778,8.88888888888889,-1.1111111111111116,1.1111111111111116,8,9,-1,0.0014290749987910024,0.002024272031558401,
2026-04-30,"Amazon.com, Inc.",US0231351067,MCNYYL-R,North America,UNITED STATES,Internet Retail,15.0,29,3.076923076923077,5.668,-2.591045673076923,2.591045673076923,3.4482758620689657,5.862068965517241,-2.4137931034482754,2.4137931034482754,4,6,-2,0.02957175997498229,0.04232242065980654,
2026-04-30,Ameren Corporation,US0236081024,GRSDSK-R,North America,UNITED STATES,Electric Utilities,19.0,32,5.609756097560976,5.59,0.01991234756097615,0.01991234756097615,5.3125,5.3125,0.0,0.0,6,6,0,0.00035335229970106396,0.0005069339079030996,
2026-04-30,"American Electric Power Company, Inc.",US0255371017,D502G9-R,North America,UNITED STATES,Electric Utilities,19.0,32,3.902439024390244,6.766,-2.863185975609756,2.863185975609756,3.4375,6.5625,-3.125,3.125,4,7,-3,0.0008244468993025179,0.0011959280186445178,
2026-04-30,American Express Company,US0258161092,MVLTQZ-R,North America,UNITED STATES,Finance/Rental/Leasing,9.0,99,7.88135593220339,9.05,-1.1655190677966099,1.1655190677966099,7.777777777777778,9.09090909090909,-1.3131313131313123,1.3131313131313123,8,9,-1,0.0020328289982802267,0.0027630560430760434,
2026-04-30,"American International Group, Inc.",US0268747849,VS59M7-R,North America,UNITED STATES,Multi-Line Insurance,10.0,23,6.5625,7.6,-1.0390625,1.0390625,7.826086956521739,7.391304347826086,0.4347826086956532,0.4347826086956532,8,8,0,0.0004980958995786109,0.0006806730106116922,
2026-04-30,American Tower Corporation,US03027X1000,DTKPJP-R,North America,UNITED STATES,Real Estate Investment Trusts,14.0,31,5.6410256410256405,6.945,-1.3042868589743595,1.3042868589743595,6.129032258064516,7.096774193548388,-0.9677419354838719,0.9677419354838719,6,7,-1,0.0009667905991820951,0.0013737430214166538,
2026-04-30,"American Water Works Company, Inc.",US0304201033,CFG1CD-R,North America,UNITED STATES,Water Utilities,19.0,32,4.146341463414634,2.941,1.2049352134146343,1.2049352134146343,3.75,3.125,0.625,0.625,4,3,1,0.00027056129977110513,0.0004026483062772871,
2026-04-30,"Cencora, Inc.",US03073E1055,BK2FRW-R,North America,UNITED STATES,Medical Distributors,8.0,58,6.119402985074627,6.715,-0.5954407649253728,0.5954407649253728,6.0344827586206895,6.379310344827587,-0.3448275862068977,0.3448275862068977,6,7,-1,0.0006391918994592436,0.0009548568148862178,
2026-04-30,"Ameriprise Financial, Inc.",US03076C1062,SKZRLQ-R,North America,UNITED STATES,Investment Managers,6.0,37,2.8888888888888884,8.78,-5.892361111111112,5.892361111111112,2.9729729729729732,9.45945945945946,-6.486486486486486,6.486486486486486,3,10,-7,0.0005792172995099822,0.0006869155107090128,
2026-04-30,"AMETEK, Inc.",US0311001004,TMTGLT-R,North America,UNITED STATES,Electrical Products,9.0,99,6.9491525423728815,3.428,3.5214181673728815,3.5214181673728815,6.767676767676768,3.4343434343434343,3.333333333333334,3.333333333333334,7,4,3,0.0006034866994894503,0.0008595660134006341,
2026-04-30,Amgen Inc.,US0311621009,CYB1M0-R,North America,UNITED STATES,Biotechnology,8.0,58,6.567164179104478,7.76,-1.194554570895522,1.194554570895522,6.551724137931034,7.413793103448276,-0.862068965517242,0.862068965517242,7,8,-1,0.0020168329982937594,0.0028664710446882832,
2026-04-30,Amphenol Corporation Class A,US0320951017,V2H5QG-R,North America,UNITED STATES,Electronic Components,16.0,94,6.5420560747663545,9.29,-2.7470064252336455,2.7470064252336455,6.595744680851063,9.25531914893617,-2.659574468085107,2.659574468085107,7,9,-2,0.001982693998322641,0.0028248460440393496,
2026-04-30,"Analog Devices, Inc.",US0326541051,F17SJ1-R,North America,UNITED STATES,Semiconductors,16.0,94,8.504672897196262,7.777,0.7273291471962615,0.7273291471962615,8.617021276595745,7.872340425531915,0.7446808510638299,0.7446808510638299,9,8,1,0.0022564529980910407,0.0031359110488888534,
2026-04-30,"Annaly Capital Management, Inc.",US0357108390,TSCJN6-R,North America,UNITED STATES,Real Estate Investment Trusts,14.0,31,3.8461538461538463,4.723,-0.8765024038461537,0.8765024038461537,3.870967741935484,4.838709677419355,-0.967741935483871,0.967741935483871,4,5,-1,0.00014309019987894568,,
2026-04-30,"Elevance Health, Inc.",US0367521038,VT66G5-R,North America,UNITED STATES,Managed Health Care,8.0,58,4.6268656716417915,7.164,-2.5371968283582085,2.5371968283582085,4.310344827586206,6.724137931034483,-2.4137931034482767,2.4137931034482767,5,7,-2,0.0009718969991777751,0.001325947020671514,
2026-04-30,Apollo Global Management Inc,US03769M1062,VSC82Y-R,North America,UNITED STATES,Investment Managers,6.0,37,1.777777777777778,1.464,0.3139105902777779,0.3139105902777779,1.6216216216216217,1.6216216216216217,0.0,0.0,2,2,0,0.0006510935994491748,0.0009812617152978702,
2026-04-30,Apple Inc.,US0378331005,MH33D6-R,North America,UNITED STATES,Telecommunications Equipment,16.0,94,7.850467289719626,8.89,-1.0401577102803738,1.0401577102803738,7.872340425531915,8.936170212765957,-1.0638297872340416,1.0638297872340416,8,9,-1,0.047176529960088656,0.06642303103553505,
2026-04-30,"Applied Materials, Inc.",US0382221051,M0H6M5-R,North America,UNITED STATES,Industrial Machinery,16.0,94,0.6542056074766355,5.555,-4.900481892523365,4.900481892523365,0.6382978723404255,5.638297872340425,-5.0,5.0,1,6,-5,0.0035328919970111735,0.004985574077725099,
2026-04-30,AppLovin Corp. Class A,US03831W1080,B38P5P-R,North America,UNITED STATES,Packaged Software,16.0,94,3.4579439252336446,8.08,-4.620181074766355,4.620181074766355,3.5106382978723403,8.191489361702128,-4.680851063829788,4.680851063829788,4,8,-4,0.0012119309989747063,0.002015092031415285,
2026-04-30,Archer-Daniels-Midland Company,US0394831020,MQ119X-R,North America,UNITED STATES,Agricultural Commodities/Milling,7.0,18,4.193548387096774,4.582,-0.388482862903226,0.388482862903226,4.444444444444445,6.111111111111112,-1.666666666666667,1.666666666666667,5,6,-1,0.0004096551996534317,0.0005813064090625669,
2026-04-30,Ares Management Corporation,US03990B1017,FJ4S87-R,North America,UNITED STATES,Investment Managers,6.0,37,3.7777777777777777,7.074,-3.2964409722222223,3.2964409722222223,3.783783783783784,7.567567567567568,-3.783783783783784,3.783783783783784,4,8,-4,0.0002938317997514183,0.0003960008061736526,
2026-04-30,"Arista Networks, Inc.",US0404132054,TNZ6CZ-R,North America,UNITED STATES,Computer Peripherals,17.0,12,3.75,7.5,-3.75,3.75,5.0,7.5,-2.5,2.5,5,8,-3,0.0020894459982323285,0.0028777570448642324,
2026-04-30,"Astera Labs, Inc.",US04626A1034,GNVVGZ-R,North America,UNITED STATES,Semiconductors,16.0,94,0.4672897196261682,0.404,0.06323698525116822,0.06323698525116822,0.425531914893617,0.425531914893617,0.0,0.0,1,1,0,0.00031593299973272065,,
2026-04-30,Atlassian Corp Class A,US0494681010,CKPB3Z-R,North America,UNITED STATES,Packaged Software,16.0,94,3.177570093457944,1.818,1.3592107184579438,1.3592107184579438,3.1914893617021276,1.9148936170212765,1.2765957446808511,1.2765957446808511,3,2,1,0.00016800099985787113,,
2026-04-30,Atmos Energy Corporation,US0495601058,FT7VMB-R,North America,UNITED STATES,Gas Distributors,19.0,32,1.2195121951219512,3.234,-2.0148628048780486,2.0148628048780486,0.9375,3.4375,-2.5,2.5,1,4,-3,0.00033458459971694144,0.0005036953078526099,
2026-04-30,"Autodesk, Inc.",US0527691069,JXMLY8-R,North America,UNITED STATES,Packaged Software,16.0,94,7.196261682242991,5.96,1.2353241822429908,1.2353241822429908,7.23404255319149,6.063829787234043,1.1702127659574462,1.1702127659574462,7,6,1,0.0005967388994951589,0.0008347777130141846,
2026-04-30,"Automatic Data Processing, Inc.",US0530151036,TY202Q-R,North America,UNITED STATES,Packaged Software,9.0,99,4.406779661016949,9.336,-4.929157838983051,4.929157838983051,4.343434343434343,9.393939393939394,-5.050505050505051,5.050505050505051,5,10,-5,0.0009881542991640214,0.001391074021686844,
2026-04-30,"AutoZone, Inc.",US0533321024,JDQ0K1-R,North America,UNITED STATES,Specialty Stores,15.0,29,2.8205128205128203,2.0,0.8205128205128203,0.8205128205128203,3.103448275862069,2.0689655172413794,1.0344827586206895,1.0344827586206895,3,2,1,0.0007118681993977594,0.0009610863149833356,
2026-04-30,"AvalonBay Communities, Inc.",US0534841012,KMBRT0-R,North America,UNITED STATES,Real Estate Investment Trusts,14.0,31,2.307692307692308,4.168,-1.860276442307692,1.860276442307692,1.935483870967742,4.193548387096774,-2.258064516129032,2.258064516129032,2,4,-2,0.00029841089974754436,0.00042028220655219956,
2026-04-30,Avery Dennison Corporation,US0536111091,KDJL0T-R,North America,UNITED STATES,Pulp & Paper,3.0,9,3.9285714285714284,4.168,-0.23939732142857162,0.23939732142857162,5.555555555555555,5.555555555555555,0.0,0.0,6,6,0,0.00014744979987525746,0.0002041438031826019,
2026-04-30,Axon Enterprise Inc,US05464C1018,RXMV9M-R,North America,UNITED STATES,Aerospace & Defense,9.0,99,0.0847457627118644,0.0952,-0.010469081038135597,0.010469081038135597,0.10101010101010102,0.10101010101010102,0.0,0.0,1,1,0,0.0003310394997199406,0.0005118077079790821,
2026-04-30,Baker Hughes Company Class A,US05722G1004,NFMH78-R,North America,UNITED STATES,Contract Drilling,12.0,23,1.3888888888888888,1.667,-0.27810329861111116,0.27810329861111116,1.7391304347826086,1.7391304347826086,0.0,0.0,2,2,0,0.000775133499344237,0.0011038580172091465,
2026-04-30,Ball Corporation,US0584981064,VFT0VQ-R,North America,UNITED STATES,Containers/Packaging,9.0,99,8.983050847457628,8.766,0.21742584745762805,0.21742584745762805,9.09090909090909,8.88888888888889,0.20202020202020066,0.20202020202020066,9,9,0,0.00018776009984115493,0.00026626130415101373,
2026-04-30,Bank of America Corp,US0605051046,DTKZ1Y-R,North America,UNITED STATES,Major Banks,2.0,15,9.6,8.234,1.3656249999999996,1.3656249999999996,10.0,8.666666666666668,1.3333333333333321,1.3333333333333321,10,9,1,0.004188429996456589,0.005707953088986989,
2026-04-30,Bank of New York Mellon Corp,US0640581007,DF9PT2-R,North America,UNITED STATES,Investment Banks/Brokers,6.0,37,8.222222222222221,8.05,0.17534722222222143,0.17534722222222143,8.108108108108109,8.64864864864865,-0.5405405405405403,0.5405405405405403,8,9,-1,0.0010535809991086705,0.0014848300231485,
2026-04-30,"Becton, Dickinson and Company",US0758871091,WFLMHL-R,North America,UNITED STATES,Medical Specialties,8.0,58,7.910447761194029,7.613,0.29716651119402915,0.29716651119402915,7.758620689655173,7.241379310344827,0.5172413793103452,0.5172413793103452,8,7,1,0.00048181279959238636,0.0006849710106786981,
2026-04-30,W. R. Berkley Corporation,US0844231029,QLRPKF-R,North America,UNITED STATES,Multi-Line Insurance,10.0,23,5.3125,2.4,2.912109375,2.912109375,6.521739130434783,2.608695652173913,3.91304347826087,3.91304347826087,7,3,4,0.00018906209984005345,0.0003176233049517473,
2026-04-30,Berkshire Hathaway Inc. Class B,US0846707026,DBNXVB-R,North America,UNITED STATES,Property/Casualty Insurance,6.0,37,5.555555555555555,1.707,3.8485243055555554,3.8485243055555554,5.405405405405405,1.891891891891892,3.513513513513513,3.513513513513513,6,2,4,0.007454736993693293,0.014011580218440534,
2026-04-30,"Best Buy Co., Inc.",US0865161014,WPKF66-R,North America,UNITED STATES,Electronics/Appliance Stores,15.0,29,6.153846153846154,8.0,-1.8461538461538458,1.8461538461538458,6.551724137931034,8.275862068965518,-1.724137931034484,1.724137931034484,7,8,-1,0.00014078399988089673,0.00019002770296253188,
2026-04-30,Biogen Inc.,US09062X1037,HF5SX1-R,North America,UNITED STATES,Pharmaceuticals: Major,8.0,58,3.8805970149253732,2.984,0.8962220149253732,0.8962220149253732,3.793103448275862,3.103448275862069,0.6896551724137931,0.6896551724137931,4,3,1,0.00031662539973213494,0.00044504760693829217,
2026-04-30,Blackstone Inc.,US09260D1072,VLH7Z4-R,North America,UNITED STATES,Investment Managers,6.0,37,2.2222222222222223,1.951,0.2710503472222223,0.2710503472222223,2.1621621621621623,2.1621621621621623,0.0,0.0,2,2,0,0.0010677709990966656,0.001527642023815939,
2026-04-30,"BlackRock, Inc.",US09290D1019,RPNJRM-R,North America,UNITED STATES,Investment Managers,6.0,37,3.555555555555556,2.44,1.1161024305555558,1.1161024305555558,3.5135135135135136,2.7027027027027026,0.810810810810811,0.810810810810811,4,3,1,0.001793000998483121,0.0024721170385403044,
2026-04-30,Bloom Energy Corporation Class A,US0937121079,M6C8HP-R,North America,UNITED STATES,Electronic Production Equipment,16.0,94,3.925233644859813,8.38,-4.457578855140187,4.457578855140187,4.042553191489361,8.51063829787234,-4.468085106382979,4.468085106382979,4,9,-5,0.0007528062993631258,,
2026-04-30,Boeing Company,US0970231058,RXHN9P-R,North America,UNITED STATES,Aerospace & Defense,9.0,99,6.694915254237288,1.143,5.552337129237288,5.552337129237288,6.464646464646465,1.2121212121212122,5.2525252525252535,5.2525252525252535,7,1,6,0.0020215049982898066,0.0028859200449914938,
2026-04-30,Booking Holdings Inc.,US09857L1089,LC0H1H-R,North America,UNITED STATES,Other Consumer Services,18.0,20,1.9230769230769231,7.69,-5.768329326923077,5.768329326923077,2.0,8.5,-6.5,6.5,2,9,-7,0.001569122998672522,0.0022095470344468383,
2026-04-30,Boston Scientific Corporation,US1011371077,VR16P9-R,North America,UNITED STATES,Medical Specialties,8.0,58,3.7313432835820897,1.791,1.9403276585820897,1.9403276585820897,3.6206896551724137,1.7241379310344829,1.8965517241379308,1.8965517241379308,4,2,2,0.0009535675991932818,0.0013539090211074417,
2026-04-30,Bristol-Myers Squibb Company,US1101221083,L8SKLT-R,North America,UNITED STATES,Pharmaceuticals: Major,8.0,58,8.507462686567164,9.1,-0.5940998134328357,0.5940998134328357,8.448275862068966,8.96551724137931,-0.5172413793103434,0.5172413793103434,9,9,0,0.001345064998862075,0.0019160780298716565,
2026-04-30,"Broadridge Financial Solutions, Inc.",US11133T1034,MXZ7RW-R,North America,UNITED STATES,Information Technology Services,6.0,37,5.333333333333333,3.658,1.675130208333333,1.675130208333333,5.135135135135135,4.054054054054054,1.0810810810810807,1.0810810810810807,5,4,1,0.00019949009983123136,0.00029427570458775824,
2026-04-30,Broadcom Inc.,US11135F1012,B81TLL-R,North America,UNITED STATES,Semiconductors,16.0,94,7.009345794392523,8.79,-1.779716705607477,1.779716705607477,7.0212765957446805,8.829787234042554,-1.8085106382978733,1.8085106382978733,7,9,-2,0.021741219981606927,0.03225764050289661,
2026-04-30,"Brown & Brown, Inc.",US1152361010,J06Y9S-R,North America,UNITED STATES,Insurance Brokers/Services,10.0,23,3.125,1.2,1.9248046875,1.9248046875,3.9130434782608696,1.3043478260869565,2.608695652173913,2.608695652173913,4,2,2,0.0001946915998352909,0.00027322300425954666,
2026-04-30,"Builders FirstSource, Inc.",US12008R1077,XLW9J2-R,North America,UNITED STATES,Home Improvement Chains,15.0,29,0.5128205128205128,0.3333,0.17956855969551277,0.17956855969551277,0.3448275862068966,0.3448275862068966,0.0,0.0,1,1,0,0.00010174559991392321,0.00013681050213287574,
2026-04-30,"Burlington Stores, Inc.",US1220171060,VL607C-R,North America,UNITED STATES,Apparel/Footwear Retail,15.0,29,8.461538461538462,6.668,1.7935697115384617,1.7935697115384617,8.96551724137931,6.8965517241379315,2.068965517241378,2.068965517241378,9,7,2,0.00023446979980163853,,
2026-04-30,Cboe Global Markets Inc,US12503M1080,G3949H-R,North America,UNITED STATES,Investment Banks/Brokers,6.0,37,2.0,5.855,-3.85546875,3.85546875,1.891891891891892,6.216216216216216,-4.324324324324324,4.324324324324324,2,6,-4,0.0004008395996608897,0.0005517851086023299,
2026-04-30,"CBRE Group, Inc. Class A",US12504L1098,S26JJL-R,North America,UNITED STATES,Real Estate Development,14.0,31,1.282051282051282,8.055,-6.772636217948718,6.772636217948718,0.967741935483871,7.741935483870968,-6.774193548387097,6.774193548387097,1,8,-7,0.0004963148995801176,0.0006635654103449847,
2026-04-30,CDW Corporation,US12514G1085,RTXD8D-R,North America,UNITED STATES,Information Technology Services,16.0,94,6.728971962616822,4.242,2.4867844626168223,2.4867844626168223,6.808510638297872,4.361702127659575,2.4468085106382977,2.4468085106382977,7,5,2,0.00020368659982768114,0.00028845270449697765,
2026-04-30,"CF Industries Holdings, Inc.",US1252691001,D1P43P-R,North America,UNITED STATES,Chemicals: Agricultural,4.0,8,7.272727272727273,9.0,-1.7272727272727266,1.7272727272727266,8.75,8.75,0.0,0.0,9,9,0,0.00022999379980542524,0.0003100274048333272,
2026-04-30,"C.H. Robinson Worldwide, Inc.",US12541W2098,FMDS8D-R,North America,UNITED STATES,Air Freight/Couriers,9.0,99,3.983050847457627,7.617,-3.634136652542373,3.634136652542373,3.8383838383838382,7.777777777777778,-3.9393939393939394,3.9393939393939394,4,8,-4,0.00022048959981346578,0.00034044830530758903,
2026-04-30,Cigna Group,US1255231003,LTN366-R,North America,UNITED STATES,Managed Health Care,8.0,58,7.164179104477611,9.25,-2.0858208955223887,2.0858208955223887,7.068965517241379,9.13793103448276,-2.068965517241381,2.068965517241381,7,9,-2,0.0008610290992715694,0.001201740018735127,
2026-04-30,CME Group Inc. Class A,US12572Q1058,GGPDYX-R,North America,UNITED STATES,Investment Banks/Brokers,6.0,37,4.666666666666667,9.516,-4.848958333333333,4.848958333333333,4.594594594594595,10.0,-5.405405405405405,5.405405405405405,5,10,-5,0.0011997579989850046,0.0016845650262623689,
2026-04-30,CMS Energy Corporation,US1258961002,D68983-R,North America,UNITED STATES,Electric Utilities,19.0,32,2.4390243902439024,4.41,-1.9711318597560976,1.9711318597560976,1.875,4.375,-2.5,2.5,2,5,-3,0.000246626499791354,0.00037622500586534786,
2026-04-30,CSX Corporation,US1264081035,LTP0Z2-R,North America,UNITED STATES,Railroads,9.0,99,8.64406779661017,6.0,2.6440677966101696,2.6440677966101696,8.686868686868687,6.161616161616161,2.525252525252526,2.525252525252526,9,6,3,0.000959758799188044,0.0013569110211542428,
2026-04-30,CVS Health Corporation,US1266501006,JTC04X-R,North America,UNITED STATES,Drugstore Chains,15.0,29,1.282051282051282,0.6665,0.6155473758012819,0.6155473758012819,1.3793103448275863,0.6896551724137931,0.6896551724137931,0.6896551724137931,2,1,1,0.0011906999989926678,0.001685862026282589,
2026-04-30,Coterra Energy Inc.,US1270971039,WM5BXP-R,North America,UNITED STATES,Oil & Gas Production,12.0,23,5.0,2.5,2.5,2.5,4.3478260869565215,2.608695652173913,1.7391304347826084,1.7391304347826084,5,3,2,0.0002949209997504968,0.0004349039067801519,
2026-04-30,"Cadence Design Systems, Inc.",US1273871087,X1SCTR-R,North America,UNITED STATES,Packaged Software,16.0,94,2.616822429906542,1.717,0.9000255549065419,0.9000255549065419,2.553191489361702,1.8085106382978724,0.7446808510638294,0.7446808510638294,3,2,1,0.001066272999097933,0.0015005530233936216,
2026-04-30,Capital One Financial Corp,US14040H1059,LD0WYZ-R,North America,UNITED STATES,Major Banks,9.0,99,6.271186440677966,4.57,1.7008739406779663,1.7008739406779663,6.0606060606060606,4.646464646464646,1.4141414141414144,1.4141414141414144,6,5,1,0.0013952309988196345,0.001935525030174835,
2026-04-30,"Cardinal Health, Inc.",US14149Y1082,FYT41X-R,North America,UNITED STATES,Medical Distributors,8.0,58,9.402985074626866,10.0,-0.5970149253731343,0.5970149253731343,9.310344827586206,10.0,-0.6896551724137936,0.6896551724137936,10,10,0,0.0005291502995523388,0.0007403530115421034,
2026-04-30,Carlisle Companies Incorporated,US1423391002,TMVLRW-R,North America,UNITED STATES,Building Products,5.0,13,1.6666666666666665,4.285,-2.6184895833333335,2.6184895833333335,2.307692307692308,4.615384615384616,-2.307692307692308,2.307692307692308,2,5,-3,0.00018320489984500864,,
2026-04-30,Carlyle Group Inc,US14316J1088,K36637-R,North America,UNITED STATES,Investment Managers,6.0,37,7.111111111111112,4.145,2.9665798611111116,2.9665798611111116,7.297297297297297,4.594594594594595,2.7027027027027026,2.7027027027027026,8,5,3,0.00013410169988654997,,
2026-04-30,Carrier Global Corp.,US14448C1045,RYTJNF-R,North America,UNITED STATES,Industrial Machinery,5.0,13,1.1111111111111112,0.7144,0.39675564236111116,0.39675564236111116,1.5384615384615385,0.7692307692307693,0.7692307692307693,0.7692307692307693,2,1,1,0.0005923502994988716,0.0008559898133448812,
2026-04-30,Carvana Co. Class A,US1468691027,R5WR5K-R,North America,UNITED STATES,Specialty Stores,15.0,29,2.051282051282051,1.667,0.3842898637820511,0.3842898637820511,2.413793103448276,1.7241379310344829,0.6896551724137929,0.6896551724137929,3,2,1,0.0005736686995146763,0.0008765422136652932,
2026-04-30,"Casey's General Stores, Inc.",US1475281036,RQSKKH-R,North America,UNITED STATES,Specialty Stores,15.0,29,7.435897435897436,6.0,1.4358974358974361,1.4358974358974361,7.586206896551724,6.206896551724138,1.3793103448275863,1.3793103448275863,8,6,2,0.0003527734997015536,0.0004953083077218565,
2026-04-30,Caterpillar Inc.,US1491231015,PY5KHK-R,North America,UNITED STATES,Trucks/Construction/Farm Machinery,9.0,99,1.440677966101695,5.24,-3.797603283898305,3.797603283898305,1.4141414141414141,5.353535353535354,-3.9393939393939394,3.9393939393939394,2,6,-4,0.0047782139959576305,0.006688638104275868,
2026-04-30,Centene Corporation,US15135B1017,LTSNXH-R,North America,UNITED STATES,Managed Health Care,8.0,58,0.29850746268656714,0.597,-0.29866050606343286,0.29866050606343286,0.3448275862068966,0.6896551724137931,-0.3448275862068966,0.3448275862068966,1,1,0,0.00029807739974782653,0.00040212650626915224,
2026-04-30,"CenterPoint Energy, Inc.",US15189T1079,FV824M-R,North America,UNITED STATES,Electric Utilities,19.0,32,3.1707317073170733,1.471,1.7000285823170733,1.7000285823170733,2.8125,1.5625,1.25,1.25,3,2,1,0.0003198895997293734,0.0004562590071130779,
2026-04-30,"Charter Communications, Inc. Class A",US16119P1084,F1B8CH-R,North America,UNITED STATES,Cable/Satellite TV,17.0,12,1.875,0.8335,1.04150390625,1.04150390625,2.5,0.8333333333333333,1.6666666666666667,1.6666666666666667,3,1,2,0.00016480659986057363,0.0002373879037008774,
2026-04-30,"Cheniere Energy, Inc.",US16411R2085,WQPCW0-R,North America,UNITED STATES,Oil & Gas Pipelines,12.0,23,5.833333333333334,2.916,2.917317708333334,2.917317708333334,5.652173913043478,3.0434782608695654,2.608695652173912,2.608695652173912,6,3,3,0.000664495199437837,,
2026-04-30,Expand Energy Corporation,US1651677353,TRVJHK-R,North America,UNITED STATES,Integrated Oil,12.0,23,9.444444444444445,9.586,-0.14149305555555536,0.14149305555555536,9.565217391304348,9.565217391304348,0.0,0.0,10,10,0,0.00023349379980246423,0.00038577590601424636,
2026-04-30,Chevron Corporation,US1667641005,WPFS7S-R,North America,UNITED STATES,Integrated Oil,12.0,23,7.5,5.832,1.66796875,1.66796875,7.391304347826086,6.086956521739131,1.3043478260869552,1.3043478260869552,8,6,2,0.004167182996474563,0.005773322090006091,
2026-04-30,"Chipotle Mexican Grill, Inc.",US1696561059,KFQHFG-R,North America,UNITED STATES,Restaurants,18.0,20,1.153846153846154,2.309,-1.154747596153846,1.154747596153846,1.0,2.5,-1.5,1.5,1,3,-2,0.0005046734995730462,0.0006919248107871078,
2026-04-30,"Church & Dwight Co., Inc.",US1713401024,SHRZF5-R,North America,UNITED STATES,Household/Personal Care,13.0,14,7.894736842105264,2.941,4.953330592105264,4.953330592105264,9.285714285714286,3.5714285714285716,5.714285714285715,5.714285714285715,9,4,5,0.00025824059978152845,0.00036528220569474957,
2026-04-30,Ciena Corporation,US1717793095,V4RQ7N-R,North America,UNITED STATES,Telecommunications Equipment,17.0,12,0.625,2.5,-1.875,1.875,0.8333333333333333,2.5,-1.6666666666666667,1.6666666666666667,1,3,-2,0.0008780705992571523,0.001215418018948367,
2026-04-30,Cincinnati Financial Corporation,US1720621010,PKY50L-R,North America,UNITED STATES,Multi-Line Insurance,10.0,23,8.125,9.6,-1.4765625,1.4765625,9.130434782608695,9.565217391304348,-0.43478260869565233,0.43478260869565233,9,10,-1,0.0002772532997654437,0.00040960660638576703,
2026-04-30,"Cisco Systems, Inc.",US17275R1023,GFJC62-R,North America,UNITED STATES,Telecommunications Equipment,17.0,12,5.625,8.336,-2.7109375,2.7109375,7.5,8.333333333333334,-0.8333333333333339,0.8333333333333339,8,9,-1,0.00414072099649695,0.00586286209140202,
2026-04-30,Cintas Corporation,US1729081059,F07Q7W-R,North America,UNITED STATES,Miscellaneous Commercial Services,9.0,99,1.1016949152542372,2.0,-0.8983050847457628,0.8983050847457628,1.0101010101010102,2.121212121212121,-1.111111111111111,1.111111111111111,1,2,-1,0.0007036042994047507,0.0009294481144900962,
2026-04-30,Citigroup Inc.,US1729674242,RK3DL5-R,North America,UNITED STATES,Major Banks,2.0,15,7.6,8.82,-1.2203125000000004,1.2203125000000004,7.333333333333333,9.333333333333334,-2.000000000000001,2.000000000000001,8,10,-2,0.002606195997795158,0.003594438056037289,
2026-04-30,"Citizens Financial Group, Inc.",US1746101054,WDG05S-R,North America,UNITED STATES,Major Banks,2.0,15,7.199999999999999,5.883,1.3171874999999993,1.3171874999999993,6.666666666666666,6.0,0.6666666666666661,0.6666666666666661,7,6,1,0.0003214796997280281,0.00044013330686167826,
2026-04-30,Clorox Company,US1890541097,CJVKH9-R,North America,UNITED STATES,Household/Personal Care,13.0,14,9.473684210526315,9.414,0.05962171052631504,0.05962171052631504,10.0,10.0,0.0,0.0,10,10,0,0.00012919759989069883,0.00017048160265780818,
2026-04-30,Cloudflare Inc Class A,US18915M1071,D62DP7-R,North America,UNITED STATES,Information Technology Services,16.0,94,2.2429906542056073,0.303,1.9400121385806073,1.9400121385806073,2.234042553191489,0.3191489361702127,1.9148936170212765,1.9148936170212765,2,1,1,0.0007525810993633164,,
2026-04-30,Coca-Cola Company,US1912161007,CYB6Y5-R,North America,UNITED STATES,Beverages: Non-Alcoholic,7.0,18,1.2903225806451613,2.916,-1.6256930443548387,1.6256930443548387,1.1111111111111112,3.888888888888889,-2.7777777777777777,2.7777777777777777,1,4,-3,0.0036614609969024036,0.004911155076564908,
2026-04-30,"Coeur Mining, Inc.",US1921085049,L0NQ8G-R,North America,UNITED STATES,Precious Metals,3.0,9,2.142857142857143,5.832,-3.689174107142857,3.689174107142857,2.2222222222222223,6.666666666666666,-4.444444444444444,4.444444444444444,2,7,-5,0.00020954229982272723,,
2026-04-30,Cognizant Technology Solutions Corporation Class A,US1924461023,NT38T5-R,North America,UNITED STATES,Information Technology Services,16.0,94,8.317757009345794,6.26,2.0560382593457938,2.0560382593457938,8.404255319148938,6.382978723404255,2.0212765957446823,2.0212765957446823,9,7,2,0.00029751579974830164,0.0004034357062895627,
2026-04-30,Coherent Corp.,US19247G1076,C5CHD4-R,North America,UNITED STATES,Semiconductors,16.0,94,7.4766355140186915,6.062,1.4141355140186915,1.4141355140186915,7.553191489361702,6.170212765957447,1.3829787234042552,1.3829787234042552,8,6,2,0.0005875345995029457,0.000997632715553094,
2026-04-30,"Coinbase Global, Inc. Class A",US19260Q1076,M4KVD8-R,North America,UNITED STATES,Investment Banks/Brokers,6.0,37,0.22222222222222224,0.2439,-0.021674262152777762,0.021674262152777762,0.2702702702702703,0.2702702702702703,0.0,0.0,1,1,0,0.00047579679959747586,0.0006872799107146938,
2026-04-30,Colgate-Palmolive Company,US1941621039,H1PMLS-R,North America,UNITED STATES,Household/Personal Care,13.0,14,2.1052631578947367,4.707,-2.6017680921052633,2.6017680921052633,2.8571428571428568,5.7142857142857135,-2.8571428571428568,2.8571428571428568,3,6,-3,0.0007663229993516908,0.0011394130177634488,
2026-04-30,"Comfort Systems USA, Inc.",US1999081045,FR01GT-R,North America,UNITED STATES,Engineering & Construction,5.0,13,8.88888888888889,10.0,-1.1111111111111107,1.1111111111111107,10.0,10.0,0.0,0.0,10,10,0,0.0007632792993542657,0.0010627130165676959,
2026-04-30,Comcast Corporation Class A,US20030N1019,JMNLQC-R,North America,UNITED STATES,Cable/Satellite TV,17.0,12,3.125,5.832,-2.70703125,2.70703125,4.166666666666667,5.833333333333334,-1.666666666666667,1.666666666666667,4,6,-2,0.0011293269990445892,0.0015740380245392528,
2026-04-30,ConocoPhillips,US20825C1045,TWXW2R-R,North America,UNITED STATES,Oil & Gas Production,12.0,23,3.611111111111111,3.75,-0.13888888888888884,0.13888888888888884,3.0434782608695654,3.9130434782608696,-0.8695652173913042,0.8695652173913042,3,4,-1,0.0017537569985163215,0.0024357100379727194,
2026-04-30,"Consolidated Edison, Inc.",US2091151041,X0N4MP-R,North America,UNITED STATES,Electric Utilities,19.0,32,8.292682926829269,8.234,0.05830792682926855,0.05830792682926855,8.125,8.125,0.0,0.0,8,8,0,0.0004405761996272725,0.0006453276100606574,
2026-04-30,"Constellation Brands, Inc. Class A",US21036P1084,RK3HS8-R,North America,UNITED STATES,Beverages: Alcoholic,7.0,18,3.225806451612903,1.667,1.558814264112903,1.558814264112903,3.888888888888889,2.2222222222222223,1.6666666666666665,1.6666666666666665,4,2,2,0.00025578019978360995,0.000349011805441094,
2026-04-30,Constellation Energy Corporation,US21037T1097,V2PDWL-R,North America,UNITED STATES,Electric Utilities,19.0,32,4.634146341463415,8.53,-3.897103658536585,3.897103658536585,4.375,8.4375,-4.0625,4.0625,5,9,-4,0.001104669999065449,0.001547298024122376,
2026-04-30,"Cooper Companies, Inc.",US2166485019,T7H5H1-R,North America,UNITED STATES,Medical Specialties,8.0,58,1.6417910447761195,1.94,-0.2986386427238805,0.2986386427238805,1.7241379310344829,1.896551724137931,-0.17241379310344818,0.17241379310344818,2,2,0,0.00013670469988434782,0.0001958147030527512,
2026-04-30,"Copart, Inc.",US2172041061,DJBQ39-R,North America,UNITED STATES,Specialty Stores,15.0,29,3.8461538461538463,3.334,0.5121694711538463,0.5121694711538463,4.137931034482759,3.4482758620689657,0.6896551724137931,0.6896551724137931,4,4,0,0.00034953609970429247,0.00047824700745587083,
2026-04-30,"Corebridge Financial, Inc.",US21871X1090,L6LK9D-R,North America,UNITED STATES,Life/Health Insurance,10.0,23,1.25,3.2,-1.94921875,1.94921875,1.7391304347826086,3.4782608695652173,-1.7391304347826086,1.7391304347826086,2,4,-2,3.060618997410716e-05,,
2026-04-30,"CoreWeave, Inc. Class A",US21873S1087,JKGNXC-R,North America,UNITED STATES,Packaged Software,16.0,94,0.5607476635514018,0.202,0.3587212963639018,0.3587212963639018,0.5319148936170213,0.2127659574468085,0.3191489361702128,0.3191489361702128,1,1,0,0.0003214752997280319,,
2026-04-30,Corning Inc,US2193501051,K24537-R,North America,UNITED STATES,Electronic Components,16.0,94,1.308411214953271,7.574,-6.265807535046729,6.265807535046729,1.3829787234042554,7.659574468085106,-6.276595744680851,6.276595744680851,2,8,-6,0.0014599919987648468,0.001998792031161168,
2026-04-30,"Corpay, Inc.",US2199481068,WGXV7D-R,North America,UNITED STATES,Miscellaneous Commercial Services,9.0,99,6.186440677966102,8.664,-2.477621822033898,2.477621822033898,5.959595959595959,8.787878787878787,-2.828282828282828,2.828282828282828,6,9,-3,0.00023131619980430647,0.0003481938054283414,
2026-04-30,Corteva Inc,US22052L1044,NHV4Q7-R,North America,UNITED STATES,Agricultural Commodities/Milling,7.0,18,2.903225806451613,3.334,-0.430758568548387,0.430758568548387,3.333333333333333,4.444444444444445,-1.1111111111111116,1.1111111111111116,4,5,-1,0.0006363319994616631,0.0008762708136610619,
2026-04-30,Costco Wholesale Corporation,US22160K1051,BL5KVX-R,North America,UNITED STATES,Specialty Stores,15.0,29,5.897435897435898,4.332,1.5654046474358978,1.5654046474358978,6.206896551724138,4.482758620689655,1.724137931034483,1.724137931034483,6,5,1,0.00513874599565262,0.0072561001131226,
2026-04-30,"CoStar Group, Inc.",US22160N1090,G39YR4-R,North America,UNITED STATES,Internet Software/Services,14.0,31,0.5128205128205128,0.2778,0.23498848157051277,0.23498848157051277,0.3225806451612903,0.3225806451612903,0.0,0.0,1,1,0,0.00016849019985745728,0.00023873660372190366,
2026-04-30,"CrowdStrike Holdings, Inc. Class A",US22788C1053,T89H9B-R,North America,UNITED STATES,Packaged Software,16.0,94,3.364485981308411,2.121,1.2433922313084111,1.2433922313084111,3.404255319148936,2.234042553191489,1.170212765957447,1.170212765957447,4,2,2,0.0013158979988867503,0.001857081028951893,
2026-04-30,Crown Castle Inc.,US22822V1017,C8WF4C-R,North America,UNITED STATES,Real Estate Investment Trusts,14.0,31,8.461538461538462,3.334,5.127554086538462,5.127554086538462,8.387096774193548,3.225806451612903,5.161290322580645,5.161290322580645,9,3,6,0.00043642529963078416,0.0006281574097929739,
2026-04-30,Cummins Inc.,US2310211063,CPCW2Z-R,North America,UNITED STATES,Auto Parts: OEM,9.0,99,3.813559322033898,3.715,0.09871557203389791,0.09871557203389791,3.7373737373737375,3.7373737373737375,0.0,0.0,4,4,0,0.001039817999120314,0.0014659390228539894,
2026-04-30,Curtiss-Wright Corporation,US2315611010,S5KTFG-R,North America,UNITED STATES,Aerospace & Defense,9.0,99,5.0,3.238,1.76171875,1.76171875,4.747474747474747,3.2323232323232327,1.5151515151515147,1.5151515151515147,5,3,2,0.00029951029974661426,,
2026-04-30,"D.R. Horton, Inc.",US23331A1097,BYNP13-R,North America,UNITED STATES,Homebuilding,13.0,14,3.6842105263157894,5.293,-1.6087582236842106,1.6087582236842106,4.285714285714286,6.428571428571429,-2.1428571428571432,2.1428571428571432,5,7,-2,0.00047503069959812404,0.0006507088101445504,
2026-04-30,DTE Energy Company,US2333311072,W6N4JC-R,North America,UNITED STATES,Electric Utilities,19.0,32,4.390243902439025,0.2942,4.096054449314025,4.096054449314025,4.0625,0.3125,3.75,3.75,4,1,3,0.00034192049971073525,0.0004981850077667043,
2026-04-30,Danaher Corporation,US2358511028,GRMY8C-R,North America,UNITED STATES,Medical Specialties,8.0,58,5.3731343283582085,1.344,4.0293843283582085,4.0293843283582085,5.172413793103448,1.206896551724138,3.9655172413793105,3.9655172413793105,5,1,4,0.0012727149989232832,0.0017803360277554386,
2026-04-30,"Darden Restaurants, Inc.",US2371941053,GRS9LG-R,North America,UNITED STATES,Restaurants,18.0,20,2.692307692307692,4.617,-1.924879807692308,1.924879807692308,3.0,5.5,-2.5,2.5,3,6,-3,0.00024894919978938896,0.0003604794056198739,
2026-04-30,"Datadog, Inc. Class A",US23804L1035,NFDT4N-R,North America,UNITED STATES,Packaged Software,16.0,94,1.9626168224299065,0.606,1.3566597911799065,1.3566597911799065,2.0212765957446805,0.6382978723404255,1.3829787234042552,1.3829787234042552,2,1,1,0.00046380459960762127,0.000746926811644589,
2026-04-30,Deckers Outdoor Corporation,US2435371073,VWFJP7-R,North America,UNITED STATES,Apparel/Footwear,13.0,14,1.0526315789473684,8.82,-7.767680921052632,7.767680921052632,1.4285714285714284,9.285714285714286,-7.857142857142858,7.857142857142858,2,9,-7,0.00017799849984941326,0.0002296150035796979,
2026-04-30,Deere & Company,US2441991054,J70ZTV-R,North America,UNITED STATES,Trucks/Construction/Farm Machinery,9.0,99,7.372881355932204,4.953,2.419756355932204,2.419756355932204,7.272727272727273,5.050505050505051,2.2222222222222223,2.2222222222222223,7,5,2,0.0016936539985671687,0.002352197036670752,
2026-04-30,"Dell Technologies, Inc. Class C",US24703L2025,MT8FDR-R,North America,UNITED STATES,Computer Processing Hardware,16.0,94,9.532710280373832,8.99,0.5405227803738324,0.5405227803738324,9.574468085106384,9.042553191489361,0.5319148936170226,0.5319148936170226,10,9,1,0.0007478321993673339,0.0010063700156893085,
2026-04-30,"Delta Air Lines, Inc.",US2473617023,DGBZCC-R,North America,UNITED STATES,Airlines,18.0,20,5.384615384615384,3.846,1.5389122596153841,1.5389122596153841,5.5,4.5,1.0,1.0,6,5,1,0.0001326440998877831,0.0007246401112971393,
2026-04-30,Devon Energy Corporation,US25179M1036,G8WDMZ-R,North America,UNITED STATES,Integrated Oil,12.0,23,6.944444444444445,6.668,0.27647569444444464,0.27647569444444464,6.956521739130435,6.956521739130435,0.0,0.0,7,7,0,0.0003550924996995917,0.0005046494078674843,
2026-04-30,"DexCom, Inc.",US2521311074,BNJBN6-R,North America,UNITED STATES,Medical Specialties,8.0,58,9.253731343283583,7.91,1.343575093283583,1.343575093283583,9.13793103448276,7.586206896551724,1.5517241379310356,1.5517241379310356,9,8,1,0.00026926139977220484,0.00037972020591983804,
2026-04-30,"Diamondback Energy, Inc.",US25278X1090,H69CWS-R,North America,UNITED STATES,Oil & Gas Production,12.0,23,5.277777777777778,5.0,0.2777777777777777,0.2777777777777777,4.782608695652174,5.217391304347826,-0.43478260869565233,0.43478260869565233,5,5,0,0.00044798809962100206,0.0006510127101492882,
2026-04-30,"Dick's Sporting Goods, Inc.",US2533931026,K8ZVRV-R,North America,UNITED STATES,Specialty Stores,15.0,29,5.128205128205128,7.332,-2.2038261217948723,2.2038261217948723,5.172413793103448,7.586206896551724,-2.413793103448276,2.413793103448276,5,8,-3,0.00015552899986842245,,
2026-04-30,"Digital Realty Trust, Inc.",US2538681030,RBJXH6-R,North America,UNITED STATES,Real Estate Investment Trusts,14.0,31,9.230769230769232,1.111,8.119441105769232,8.119441105769232,9.354838709677418,0.967741935483871,8.387096774193548,8.387096774193548,10,1,9,0.0007887758993326956,0.0010498480163671307,
2026-04-30,Walt Disney Company,US2546871060,MPXJMM-R,North America,UNITED STATES,Movies/Entertainment,11.0,12,6.111111111111112,6.668,-0.5568576388888884,0.5568576388888884,5.833333333333334,5.833333333333334,0.0,0.0,6,6,0,0.002118382998207848,0.0029471850459466147,
2026-04-30,Dollar General Corporation,US2566771059,BDQDB8-R,North America,UNITED STATES,Discount Stores,15.0,29,6.410256410256411,5.332,1.0782251602564106,1.0782251602564106,6.8965517241379315,5.517241379310345,1.3793103448275863,1.3793103448275863,7,6,1,0.00029265309975241545,0.000406096406331043,
2026-04-30,"Dollar Tree, Inc.",US2567461080,MR0PSP-R,North America,UNITED STATES,Discount Stores,15.0,29,4.615384615384616,6.332,-1.7166466346153841,1.7166466346153841,4.827586206896552,6.551724137931034,-1.7241379310344822,1.7241379310344822,5,7,-2,0.0002095161998227493,0.000281202504383947,
2026-04-30,Dominion Energy Inc,US25746U1097,NXHLP0-R,North America,UNITED STATES,Electric Utilities,19.0,32,6.097560975609756,0.5884,5.509182069359756,5.509182069359756,5.9375,0.625,5.3125,5.3125,6,1,5,0.0006241899994719353,0.0008821970137534514,
2026-04-30,"Domino's Pizza, Inc.",US25754A2015,F05QG0-R,North America,UNITED STATES,Restaurants,18.0,20,5.769230769230768,8.08,-2.3088942307692317,2.3088942307692317,6.0,9.0,-3.0,3.0,6,9,-3,0.00013320209988731103,0.00017031710265524362,
2026-04-30,"DoorDash, Inc. Class A",US25809K1051,CKHCJ4-R,North America,UNITED STATES,Air Freight/Couriers,16.0,94,0.9345794392523364,1.111,-0.17674868574766356,0.17674868574766356,0.9574468085106382,1.1702127659574468,-0.2127659574468086,0.2127659574468086,1,1,0,0.0007684488993498922,0.0010647490165994371,
2026-04-30,Dover Corporation,US2600031080,V75BKP-R,North America,UNITED STATES,Industrial Machinery,9.0,99,5.677966101694915,2.38,3.2971067266949152,3.2971067266949152,5.555555555555555,2.4242424242424243,3.131313131313131,3.131313131313131,6,3,3,0.00035843109969676726,0.0004897927076358683,
2026-04-30,"Dow, Inc.",US2605571031,C7C9TP-R,North America,UNITED STATES,Chemicals: Specialty,9.0,99,9.745762711864407,9.52,0.22232521186440657,0.22232521186440657,9.696969696969697,9.595959595959595,0.1010101010101021,0.1010101010101021,10,10,0,0.0003149205997335772,0.00046569320726015705,
2026-04-30,"DraftKings, Inc. Class A",US26142V1052,XBLNPW-R,North America,UNITED STATES,Movies/Entertainment,11.0,12,1.6666666666666665,1.667,-0.00032552083333348136,0.00032552083333348136,2.5,1.6666666666666665,0.8333333333333335,0.8333333333333335,3,2,1,0.00011959379989882364,,
2026-04-30,Duke Energy Corporation,US26441C2044,BPRHF0-R,North America,UNITED STATES,Electric Utilities,19.0,32,7.560975609756097,4.117,3.443788109756097,3.443788109756097,7.5,4.0625,3.4375,3.4375,8,4,4,0.0011485949990282887,0.0016162850251978836,
2026-04-30,"DuPont de Nemours, Inc.",US26614N1028,VQXR21-R,North America,UNITED STATES,Chemicals: Major Diversified,9.0,99,9.322033898305085,9.234,0.08765889830508478,0.08765889830508478,9.393939393939394,9.292929292929292,0.1010101010101021,0.1010101010101021,10,9,1,0.00022001209981386977,0.00030370030473468774,
2026-04-30,"EOG Resources, Inc.",US26875P1012,QHBXV5-R,North America,UNITED STATES,Integrated Oil,12.0,23,6.388888888888888,7.5,-1.1111111111111116,1.1111111111111116,6.521739130434783,7.826086956521739,-1.304347826086956,1.304347826086956,7,8,-1,0.0008617139992709899,0.0012159940189573467,
2026-04-30,EQT Corporation,US26884L1098,JFW9S3-R,North America,UNITED STATES,Integrated Oil,12.0,23,8.61111111111111,8.75,-0.13888888888888928,0.13888888888888928,8.26086956521739,8.695652173913043,-0.43478260869565233,0.43478260869565233,8,9,-1,0.00041905119964548264,0.0005925547092379278,
2026-04-30,eBay Inc.,US2786421030,W6SXMV-R,North America,UNITED STATES,Internet Retail,15.0,29,8.205128205128204,8.664,-0.4589342948717956,0.4589342948717956,8.620689655172413,8.96551724137931,-0.3448275862068968,0.3448275862068968,9,9,0,0.0005494814995351386,0.0007620607118805265,
2026-04-30,EchoStar Corporation Class A,US2787681061,PM3F9R-R,North America,UNITED STATES,Specialty Telecommunications,17.0,12,2.5,3.334,-0.833984375,0.833984375,3.333333333333333,3.333333333333333,0.0,0.0,4,4,0,0.0002030603998282109,0.00026775510417430205,
2026-04-30,Ecolab Inc.,US2788651006,FJ4J4C-R,North America,UNITED STATES,Chemicals: Specialty,4.0,8,1.8181818181818183,5.0,-3.1818181818181817,3.1818181818181817,1.25,5.0,-3.75,3.75,1,5,-4,0.0007572081993594018,0.0010689190166644474,
2026-04-30,Edison International,US2810201077,NZMV05-R,North America,UNITED STATES,Electric Utilities,19.0,32,9.02439024390244,10.0,-0.9756097560975601,0.9756097560975601,9.0625,10.0,-0.9375,0.9375,9,10,-1,0.0003116643997363319,0.0004362434068010347,
2026-04-30,Edwards Lifesciences Corporation,US28176E1082,QWV5DL-R,North America,UNITED STATES,Medical Specialties,8.0,58,1.9402985074626866,2.537,-0.5968108675373134,0.5968108675373134,2.0689655172413794,2.586206896551724,-0.5172413793103448,0.5172413793103448,2,3,-1,0.0005607811995255791,0.0007894636123077376,
2026-04-30,Electronic Arts Inc.,US2855121099,TNZ1G6-R,North America,UNITED STATES,Packaged Software,16.0,94,9.25233644859813,6.867,2.3851489485981308,2.3851489485981308,9.25531914893617,6.914893617021277,2.340425531914893,2.340425531914893,9,7,2,0.0005739729995144188,0.0007368494114874824,
2026-04-30,"EMCOR Group, Inc.",US29084Q1004,NXHX89-R,North America,UNITED STATES,Engineering & Construction,5.0,13,7.222222222222222,8.57,-1.3480902777777777,1.3480902777777777,8.461538461538462,8.461538461538462,0.0,0.0,9,9,0,0.0004657832996059473,0.0006545468102043848,
2026-04-30,Emerson Electric Co.,US2910111044,DG27Q5-R,North America,UNITED STATES,Electronic Equipment/Instruments,9.0,99,8.220338983050848,2.572,5.648073358050848,5.648073358050848,8.181818181818182,2.6262626262626263,5.555555555555555,5.555555555555555,8,3,5,0.0008904313992466951,0.001248854019469634,
2026-04-30,"Entegris, Inc.",US29362U1043,BCD5LG-R,North America,UNITED STATES,Industrial Machinery,9.0,99,8.47457627118644,4.855,3.6191075211864394,3.6191075211864394,8.484848484848484,4.94949494949495,3.5353535353535346,3.5353535353535346,9,5,4,0.00025510879978417794,,
2026-04-30,Entergy Corporation,US29364G1031,RK8Z6D-R,North America,UNITED STATES,Electric Utilities,19.0,32,7.073170731707316,5.293,1.7802019817073162,1.7802019817073162,6.875,5.0,1.875,1.875,7,5,2,0.0005851358995049749,0.0008505245132596771,
2026-04-30,Equifax Inc.,US2944291051,PN37ZK-R,North America,UNITED STATES,Financial Publishing/Services,9.0,99,9.661016949152541,7.906,1.7547669491525415,1.7547669491525415,9.595959595959595,8.080808080808081,1.5151515151515138,1.5151515151515138,10,8,2,0.00024302279979440268,0.00033634160524356564,
2026-04-30,"Equinix, Inc.",US29444U7000,V9977J-R,North America,UNITED STATES,Real Estate Investment Trusts,14.0,31,7.6923076923076925,7.5,0.1923076923076925,0.1923076923076925,8.064516129032258,7.419354838709678,0.6451612903225801,0.6451612903225801,8,8,0,0.0012076729989783086,0.0017207830268270072,
2026-04-30,"Equitable Holdings, Inc.",US29452E1010,VKHGSS-R,North America,UNITED STATES,Life/Health Insurance,6.0,37,1.5555555555555556,2.928,-1.3721788194444444,1.3721788194444444,1.3513513513513513,3.2432432432432434,-1.891891891891892,1.891891891891892,2,3,-1,9.69872299179488e-05,,
2026-04-30,Equity Residential,US29476L1070,QJ9QP4-R,North America,UNITED STATES,Real Estate Investment Trusts,14.0,31,2.564102564102564,2.777,-0.21324118589743613,0.21324118589743613,2.258064516129032,2.5806451612903225,-0.3225806451612905,0.3225806451612905,2,3,-1,0.00025553079978382095,0.00035991210561102973,
2026-04-30,Erie Indemnity Company Class A,US29530P1021,QVQ2GN-R,North America,UNITED STATES,Property/Casualty Insurance,10.0,23,5.625,6.4,-0.7734375,0.7734375,6.956521739130435,6.521739130434783,0.43478260869565144,0.43478260869565144,7,7,0,6.308733994662811e-05,8.780605136889634e-05,
2026-04-30,"Essex Property Trust, Inc.",US2971781057,X9Q3HC-R,North America,UNITED STATES,Real Estate Investment Trusts,14.0,31,2.051282051282051,5.277,-3.226061698717949,3.226061698717949,1.6129032258064515,5.483870967741935,-3.8709677419354835,3.8709677419354835,2,6,-4,0.00018321479984500028,0.00027232880424560605,
2026-04-30,"Evergy, Inc.",US30034W1062,B83YJG-R,North America,UNITED STATES,Electric Utilities,19.0,32,8.78048780487805,5.883,2.8976753048780495,2.8976753048780495,8.75,5.625,3.125,3.125,9,6,3,0.00021566589981754665,0.000308942204816409,
2026-04-30,Eversource Energy,US30040W1080,MVKZ35-R,North America,UNITED STATES,Electric Utilities,19.0,32,9.512195121951219,9.7,-0.19092987804878092,0.19092987804878092,9.6875,9.6875,0.0,0.0,10,10,0,0.0002920919997528902,0.0004295664066969402,
2026-04-30,Exelon Corporation,US30161N1019,NPK3PS-R,North America,UNITED STATES,Electric Utilities,19.0,32,9.26829268292683,9.12,0.1511051829268304,0.1511051829268304,9.375,9.0625,0.3125,0.3125,10,9,1,0.000538776699544195,0.0007681519119754883,
2026-04-30,"Expedia Group, Inc.",US30212P3038,FCK6QT-R,North America,UNITED STATES,Other Consumer Services,18.0,20,3.076923076923077,9.234,-6.157451923076923,6.157451923076923,3.5,10.0,-6.5,6.5,4,10,-6,0.000358402999696791,0.0004773920074425414,
2026-04-30,"Expeditors International of Washington, Inc.",US3021301094,PVWPB1-R,North America,UNITED STATES,Air Freight/Couriers,9.0,99,0.5932203389830508,4.19,-3.598185911016949,3.598185911016949,0.5050505050505051,4.242424242424242,-3.737373737373737,3.737373737373737,1,4,-3,0.00022387579981060108,0.00031966850498363195,
2026-04-30,Extra Space Storage Inc.,US30225T1025,XD67LR-R,North America,UNITED STATES,Real Estate Investment Trusts,14.0,31,4.3589743589743595,4.445,-0.08633814102564052,0.08633814102564052,4.516129032258064,4.516129032258064,0.0,0.0,5,5,0,0.00034499579970813355,0.0004881943076109492,
2026-04-30,Exxon Mobil Corporation,US30231G1022,QG1HR7-R,North America,UNITED STATES,Integrated Oil,12.0,23,5.555555555555555,3.334,2.2215711805555554,2.2215711805555554,5.217391304347826,3.4782608695652173,1.7391304347826089,1.7391304347826089,5,4,1,0.007360926993772656,0.010312090160765485,
2026-04-30,Meta Platforms Inc Class A,US30303M1027,QLGSL2-R,North America,UNITED STATES,Internet Software/Services,16.0,94,6.915887850467289,9.09,-2.177862149532711,2.177862149532711,6.914893617021277,9.148936170212766,-2.2340425531914887,2.2340425531914887,7,9,-2,0.015193029987146696,0.02150713033529616,
2026-04-30,Fair Isaac Corporation,US3032501047,K38W6R-R,North America,UNITED STATES,Financial Publishing/Services,9.0,99,0.423728813559322,4.383,-3.959083686440678,3.959083686440678,0.4040404040404041,4.444444444444445,-4.040404040404041,4.040404040404041,1,5,-4,0.000300749399745566,0.0003977573062010364,
2026-04-30,Fastenal Company,US3119001044,FS32CR-R,North America,UNITED STATES,Wholesale Distributors,3.0,9,1.0714285714285714,1.667,-0.5955636160714286,0.5955636160714286,1.1111111111111112,2.2222222222222223,-1.1111111111111112,1.1111111111111112,1,2,-1,0.0005860050995042397,0.0008349734130172356,
2026-04-30,FedEx Corporation,US31428X1063,MH7TCM-R,North America,UNITED STATES,Air Freight/Couriers,9.0,99,9.915254237288135,8.29,1.626191737288135,1.626191737288135,9.8989898989899,8.383838383838384,1.5151515151515156,1.5151515151515156,10,9,1,0.0010211409991361146,0.0013733390214103554,
2026-04-30,Ferguson Enterprises Inc.,US31488V1070,C6MN1W-R,North America,UNITED STATES,Wholesale Distributors,9.0,99,0.3389830508474576,0.6665,-0.3275208554025424,0.3275208554025424,0.30303030303030304,0.7070707070707071,-0.40404040404040403,0.40404040404040403,1,1,0,0.000589690199501122,,
2026-04-30,"F5, Inc.",US3156161024,JJ39BV-R,North America,UNITED STATES,Packaged Software,16.0,94,4.953271028037383,3.838,1.115380403037383,1.115380403037383,5.106382978723404,3.9361702127659575,1.1702127659574462,1.1702127659574462,5,4,1,0.00021562589981758047,0.0002930765045690627,
2026-04-30,"Fidelity National Information Services, Inc.",US31620M1062,RGTY61-R,North America,UNITED STATES,Packaged Software,9.0,99,7.627118644067796,9.43,-1.8025688559322042,1.8025688559322042,7.474747474747475,9.494949494949495,-2.02020202020202,2.02020202020202,8,10,-2,0.00028826279975612966,0.00039039780608630183,
2026-04-30,"Fidelity National Financial, Inc. - FNF Group",US31620R3030,FZVN2F-R,North America,UNITED STATES,Specialty Insurance,10.0,23,0.3125,2.8,-2.48828125,2.48828125,0.43478260869565216,3.0434782608695654,-2.608695652173913,2.608695652173913,1,3,-2,0.000146730499875866,,
2026-04-30,Fifth Third Bancorp,US3167731005,LRK013-R,North America,UNITED STATES,Regional Banks,2.0,15,4.0,1.765,2.2353515625,2.2353515625,3.333333333333333,1.3333333333333333,1.9999999999999998,1.9999999999999998,4,2,2,0.0005185579995612999,0.0007338104114401042,
2026-04-30,"First Citizens BancShares, Inc. Class A",US31946M1036,LRHWY2-R,North America,UNITED STATES,Regional Banks,2.0,15,2.8000000000000003,0.5884,2.2116210937500003,2.2116210937500003,1.3333333333333333,0.6666666666666666,0.6666666666666666,0.6666666666666666,2,1,1,0.00021488389981820822,,
2026-04-30,"First Solar, Inc.",US3364331070,D0QHLW-R,North America,UNITED STATES,Semiconductors,12.0,23,0.8333333333333333,5.418,-4.584635416666667,4.584635416666667,0.8695652173913043,5.652173913043478,-4.782608695652173,4.782608695652173,1,6,-5,0.00025175759978701305,0.00036586310570380575,
2026-04-30,"Fiserv, Inc.",US3377381088,QLQKDC-R,North America,UNITED STATES,Miscellaneous Commercial Services,9.0,99,7.4576271186440675,2.285,5.1724708686440675,5.1724708686440675,7.373737373737374,2.323232323232323,5.05050505050505,5.05050505050505,8,3,5,0.00039583109966512687,0.0005414408084410622,
2026-04-30,FirstEnergy Corp.,US3379321074,BV4P4T-R,North America,UNITED STATES,Electric Utilities,19.0,32,8.048780487804878,7.94,0.10737423780487809,0.10737423780487809,7.8125,7.8125,0.0,0.0,8,8,0,0.0003034877997432493,0.00039312690612884843,
2026-04-30,Ford Motor Company,US3453708600,XLV24X-R,North America,UNITED STATES,Motor Vehicles,1.0,6,7.142857142857143,10.0,-2.8571428571428568,2.8571428571428568,8.333333333333334,10.0,-1.666666666666666,1.666666666666666,9,10,-1,0.0005255692995553684,0.000752223411727163,
2026-04-30,"Fortinet, Inc.",US34959E1091,CL1QH9-R,North America,UNITED STATES,Information Technology Services,16.0,94,2.803738317757009,4.344,-1.5400116822429908,1.5400116822429908,2.765957446808511,4.468085106382978,-1.7021276595744674,1.7021276595744674,3,5,-2,0.0006224324994734221,0.000883627713775756,
2026-04-30,Fortive Corp.,US34959J1088,P1P032-R,North America,UNITED STATES,Electronic Equipment/Instruments,9.0,99,5.423728813559322,1.048,4.375877251059322,4.375877251059322,5.252525252525253,1.1111111111111112,4.141414141414142,4.141414141414142,5,1,4,0.00023949269979738918,0.0002968836046284154,
2026-04-30,Fox Corporation Class A,US35137L1052,LPRN3T-R,North America,UNITED STATES,Broadcasting,11.0,12,6.666666666666666,5.555,1.111979166666666,1.111979166666666,6.666666666666666,5.0,1.666666666666666,1.666666666666666,7,5,2,0.00014857699987430386,0.000203405903171098,
2026-04-30,Fox Corporation Class B,US35137L2043,M8XT6B-R,North America,UNITED STATES,Broadcasting,11.0,12,7.777777777777778,8.336,-0.5581597222222223,0.5581597222222223,8.333333333333334,7.5,0.8333333333333339,0.8333333333333339,9,8,1,0.00010651109990989161,0.00012820700199874717,
2026-04-30,"Freeport-McMoRan, Inc.",US35671D8570,B3DVXC-R,North America,UNITED STATES,Other Metals/Minerals,3.0,9,2.5,0.8335,1.66650390625,1.66650390625,3.333333333333333,1.1111111111111112,2.222222222222222,2.222222222222222,4,1,3,0.0009171284992241092,0.0013155780205098614,
2026-04-30,Futu Holdings Ltd. Sponsored ADR Class A,US36118L1061,D6ZG1F-R,North America,UNITED STATES,Investment Banks/Brokers,6.0,37,4.444444444444445,5.61,-1.1649305555555554,1.1649305555555554,4.324324324324325,5.9459459459459465,-1.621621621621622,1.621621621621622,5,6,-1,0.00010156089991407948,,
2026-04-30,GE Healthcare Technologies Inc.,US36266G1076,VD2M8W-R,North America,UNITED STATES,Medical Specialties,8.0,58,4.776119402985074,3.135,1.6413537779850742,1.6413537779850742,4.482758620689655,3.275862068965517,1.206896551724138,1.206896551724138,5,3,2,0.00031730089973156346,0.0004511631070336328,
2026-04-30,Arthur J. Gallagher & Co.,US3635761097,FJ1B1C-R,North America,UNITED STATES,Insurance Brokers/Services,10.0,23,1.5625,0.4,1.16259765625,1.16259765625,2.1739130434782608,0.43478260869565216,1.7391304347826086,1.7391304347826086,2,1,1,0.0006063599994870194,0.0008644822134772777,
2026-04-30,"Gaming and Leisure Properties, Inc.",US36467J1088,PWVY5L-R,North America,UNITED STATES,Real Estate Investment Trusts,14.0,31,6.153846153846154,8.336,-2.182091346153846,2.182091346153846,6.774193548387096,8.064516129032258,-1.290322580645162,1.290322580645162,7,8,-1,0.00015199709987141045,,
2026-04-30,"Gartner, Inc.",US3666511072,T67DJN-R,North America,UNITED STATES,Internet Software/Services,16.0,94,2.9906542056074765,1.919,1.0717088931074765,1.0717088931074765,2.978723404255319,2.0212765957446805,0.9574468085106385,0.9574468085106385,3,2,1,0.00013142449988881488,0.00016495120257158924,
2026-04-30,GE Vernova Inc.,US36828A1016,FD861V-R,North America,UNITED STATES,Electrical Products,9.0,99,10.0,9.91,0.09375,0.09375,10.0,10.0,0.0,0.0,10,10,0,0.0032958669972116966,0.004624911072102364,
2026-04-30,General Dynamics Corporation,US3695501086,LTP334-R,North America,UNITED STATES,Aerospace & Defense,9.0,99,9.152542372881356,9.14,0.011917372881356414,0.011917372881356414,9.191919191919192,9.191919191919192,0.0,0.0,9,9,0,0.0009210783992207676,0.0014204940221455016,
2026-04-30,GE Aerospace,US3696043013,CTYNJ1-R,North America,UNITED STATES,Aerospace & Defense,9.0,99,7.796610169491526,3.809,3.988016419491526,3.988016419491526,7.6767676767676765,3.8383838383838382,3.8383838383838382,3.8383838383838382,8,4,4,0.003462617997070625,0.00485114307562932,
2026-04-30,"General Mills, Inc.",US3703341046,R5XGXL-R,North America,UNITED STATES,Food: Major Diversified,7.0,18,1.935483870967742,1.25,0.685483870967742,0.685483870967742,2.2222222222222223,1.6666666666666665,0.5555555555555558,0.5555555555555558,2,2,0,0.00022740409980761612,0.00030040830468336545,
2026-04-30,General Motors Company,US37045V1008,T0SQZH-R,North America,UNITED STATES,Motor Vehicles,1.0,6,4.285714285714286,8.336,-4.050223214285714,4.050223214285714,5.0,8.333333333333334,-3.333333333333334,3.333333333333334,5,9,-4,0.0008075991993167711,0.001104354017216879,
2026-04-30,Genuine Parts Company,US3724601055,SJS2RC-R,North America,UNITED STATES,Wholesale Distributors,1.0,6,8.571428571428571,5.0,3.571428571428571,3.571428571428571,10.0,5.0,5.0,5.0,10,5,5,0.00016576089985976628,0.0002350760036648349,
2026-04-30,"Gilead Sciences, Inc.",US3755581036,JYWMBW-R,North America,UNITED STATES,Biotechnology,8.0,58,5.671641791044776,6.867,-1.1955457089552244,1.1955457089552244,5.517241379310345,6.551724137931034,-1.0344827586206886,1.0344827586206886,6,7,-1,0.001866494998420945,0.002636158041097704,
2026-04-30,Global Payments Inc.,US37940X1028,KK1YRK-R,North America,UNITED STATES,Miscellaneous Commercial Services,9.0,99,9.23728813559322,8.0,1.2372881355932197,1.2372881355932197,9.292929292929292,8.181818181818182,1.1111111111111107,1.1111111111111107,9,8,1,0.00019466339983531474,0.00027752390432659766,
2026-04-30,"GoDaddy, Inc. Class A",US3802371076,W2TCHD-R,North America,UNITED STATES,Data Processing Services,16.0,94,3.831775700934579,6.16,-2.328380549065421,2.328380549065421,3.9361702127659575,6.276595744680851,-2.340425531914893,2.340425531914893,4,6,-2,0.00013576789988514035,0.00018994940296131118,
2026-04-30,"Goldman Sachs Group, Inc.",US38141G1040,JLJ0VZ-R,North America,UNITED STATES,Investment Banks/Brokers,6.0,37,9.555555555555555,5.367,4.188368055555555,4.188368055555555,9.72972972972973,5.675675675675675,4.054054054054054,4.054054054054054,10,6,4,0.003224532997272045,0.004471780069715051,
2026-04-30,Graco Inc.,US3841091040,H5490W-R,North America,UNITED STATES,Industrial Machinery,9.0,99,2.2033898305084745,5.81,-3.6052039194915255,3.6052039194915255,2.121212121212121,5.959595959595959,-3.8383838383838382,3.8383838383838382,2,6,-4,0.00014942369987358753,,
2026-04-30,"W.W. Grainger, Inc.",US3848021040,DRBC9M-R,North America,UNITED STATES,Wholesale Distributors,9.0,99,1.1864406779661016,2.857,-1.6709811970338984,1.6709811970338984,1.1111111111111112,2.929292929292929,-1.818181818181818,1.818181818181818,1,3,-2,0.0005930249994983008,0.0008138411126877829,
2026-04-30,HCA Healthcare Inc,US40412C1018,NKGZ7J-R,North America,UNITED STATES,Hospital/Nursing Management,8.0,58,6.268656716417911,5.074,1.1944379664179108,1.1944379664179108,6.206896551724138,5.172413793103448,1.0344827586206895,1.0344827586206895,6,5,1,0.0008080758993163678,0.0010932980170445161,
2026-04-30,HP Inc.,US40434L1052,MS57L1-R,North America,UNITED STATES,Information Technology Services,16.0,94,8.69158878504673,3.738,4.953307535046729,4.953307535046729,8.829787234042554,3.829787234042553,5.000000000000001,5.000000000000001,9,4,5,0.00021646749981686848,0.0003068240047833862,
2026-04-30,Halliburton Company,US4062161017,GN6KCJ-R,North America,UNITED STATES,Oilfield Services/Equipment,12.0,23,3.333333333333333,0.4167,2.916585286458333,2.916585286458333,2.608695652173913,0.43478260869565216,2.1739130434782608,2.1739130434782608,3,1,2,0.000428040199637878,0.0005616173087556138,
2026-04-30,"Hartford Insurance Group, Inc.",US4165151048,P31DB7-R,North America,UNITED STATES,Property/Casualty Insurance,10.0,23,6.25,6.8,-0.55078125,0.55078125,7.391304347826086,6.956521739130435,0.43478260869565144,0.43478260869565144,8,7,1,0.0004464862996222726,0.0006130797095579127,
2026-04-30,"Healthpeak Properties, Inc.",US42250P1030,T3YH93-R,North America,UNITED STATES,Real Estate Investment Trusts,14.0,31,4.615384615384616,1.389,3.226712740384616,3.226712740384616,4.838709677419355,1.2903225806451613,3.548387096774194,3.548387096774194,5,1,4,0.00013122789988898118,0.00018295460285226226,
2026-04-30,HEICO Corporation,US4228061093,X59RFD-R,North America,UNITED STATES,Aerospace & Defense,9.0,99,6.52542372881356,1.523,5.00198622881356,5.00198622881356,6.262626262626263,1.6161616161616164,4.646464646464647,4.646464646464647,6,2,4,0.00013098349988918795,,
2026-04-30,HEICO Corporation Class A,US4228062083,C6M66G-R,North America,UNITED STATES,Aerospace & Defense,9.0,99,6.610169491525424,3.334,3.276185116525424,3.276185116525424,6.363636363636363,3.333333333333333,3.0303030303030303,3.0303030303030303,7,4,3,0.00017079799985550488,,
2026-04-30,"Jack Henry & Associates, Inc.",US4262811015,KW432H-R,North America,UNITED STATES,Packaged Software,9.0,99,2.711864406779661,7.81,-5.096729343220339,5.096729343220339,2.727272727272727,7.97979797979798,-5.252525252525253,5.252525252525253,3,8,-5,0.00013051509988958423,0.00018059350281545268,
2026-04-30,Hershey Company,US4278661081,MJCGG4-R,North America,UNITED STATES,Food: Specialty/Candy,7.0,18,8.387096774193548,7.5,0.887096774193548,0.887096774193548,9.444444444444445,7.777777777777778,1.666666666666667,1.666666666666667,10,8,2,0.00030183409974464837,0.00043582100679444947,
2026-04-30,Hewlett Packard Enterprise Co.,US42824C1099,F9VYPD-R,North America,UNITED STATES,Computer Processing Hardware,16.0,94,7.94392523364486,5.656,2.28767523364486,2.28767523364486,7.9787234042553195,5.74468085106383,2.2340425531914896,2.2340425531914896,8,6,2,0.0004093962996536507,0.0006108201095226855,
2026-04-30,Hilton Worldwide Holdings Inc.,US43300A2033,MFQVZQ-R,North America,UNITED STATES,Hotels/Resorts/Cruiselines,18.0,20,6.923076923076923,3.46,3.4621394230769234,3.4621394230769234,7.5,4.0,3.5,3.5,8,4,4,0.0008466160992837628,0.001177810018362058,
2026-04-30,"Home Depot, Inc.",US4370761029,PD98GG-R,North America,UNITED STATES,Home Improvement Chains,15.0,29,5.384615384615384,5.0,0.38461538461538414,0.38461538461538414,5.517241379310345,5.172413793103448,0.3448275862068968,0.3448275862068968,6,5,1,0.003689707996878507,0.005205301081150643,
2026-04-30,Honeywell International Inc.,US4385161066,WGLQTS-R,North America,UNITED STATES,Aerospace & Defense,9.0,99,3.050847457627119,0.3809,2.669988082627119,2.669988082627119,3.0303030303030303,0.4040404040404041,2.6262626262626263,2.6262626262626263,3,1,2,0.001538291998698605,0.0021771030339410363,
2026-04-30,Hormel Foods Corporation,US4404521001,CYBC69-R,North America,UNITED STATES,Food: Meat/Fish/Dairy,7.0,18,6.129032258064516,8.336,-2.206905241935484,2.206905241935484,6.666666666666666,8.333333333333334,-1.6666666666666679,1.6666666666666679,7,9,-2,7.437049993708256e-05,0.00010144430158151665,
2026-04-30,Howmet Aerospace Inc.,US4432011082,L32LM8-R,North America,UNITED STATES,Aerospace & Defense,9.0,99,1.3559322033898304,3.62,-2.2632084216101696,2.2632084216101696,1.3131313131313131,3.6363636363636367,-2.3232323232323235,2.3232323232323235,2,4,-2,0.001050130999111589,0.0015489820241486299,
2026-04-30,Hubbell Incorporated,US4435106079,K14T6R-R,North America,UNITED STATES,Electrical Products,9.0,99,0.7627118644067797,2.953,-2.19041313559322,2.19041313559322,0.7070707070707071,3.0303030303030303,-2.323232323232323,2.323232323232323,1,3,-2,0.0003127538997354102,0.0004356630067919863,
2026-04-30,"HubSpot, Inc.",US4435731009,M1QSPW-R,North America,UNITED STATES,Packaged Software,16.0,94,7.663551401869158,5.355,2.3080826518691584,2.3080826518691584,7.76595744680851,5.531914893617022,2.2340425531914887,2.2340425531914887,8,6,2,0.00013255899988785506,,
2026-04-30,Humana Inc.,US4448591028,PZ917X-R,North America,UNITED STATES,Managed Health Care,8.0,58,0.8955223880597014,1.045,-0.1493994869402986,0.1493994869402986,0.8620689655172414,0.8620689655172414,0.0,0.0,1,1,0,0.0003188513997302517,0.000454873507091478,
2026-04-30,"J.B. Hunt Transport Services, Inc.",US4456581077,CHK9QJ-R,North America,UNITED STATES,Trucking,9.0,99,8.050847457627118,7.047,1.0039724576271176,1.0039724576271176,7.97979797979798,7.272727272727273,0.7070707070707067,0.7070707070707067,8,7,1,0.0002153654998178008,0.00030284640472137545,
2026-04-30,Huntington Bancshares Incorporated,US4461501045,G7VZQH-R,North America,UNITED STATES,Major Banks,2.0,15,3.5999999999999996,2.354,1.2464843749999996,1.2464843749999996,2.6666666666666665,2.0,0.6666666666666665,0.6666666666666665,3,2,1,0.00038509579967420897,0.0005470600085286656,
2026-04-30,Hyatt Hotels Corporation Class A,US4485791028,TWVMYS-R,North America,UNITED STATES,Hotels/Resorts/Cruiselines,18.0,20,6.538461538461538,3.076,3.4622896634615383,3.4622896634615383,7.0,3.5,3.5,3.5,7,4,3,9.016270992372234e-05,,
2026-04-30,IDEX Corporation,US45167R1041,KFJFWS-R,North America,UNITED STATES,Industrial Machinery,9.0,99,7.203389830508474,2.096,5.107686705508474,5.107686705508474,7.070707070707071,2.2222222222222223,4.848484848484849,4.848484848484849,7,2,5,0.00018279959984535154,0.00026062610406316094,
2026-04-30,"IDEXX Laboratories, Inc.",US45168D1046,NFMPMG-R,North America,UNITED STATES,Medical Specialties,8.0,58,6.4179104477611935,2.238,4.1796291977611935,4.1796291977611935,6.379310344827587,2.2413793103448274,4.13793103448276,4.13793103448276,7,2,5,0.0005265501995545385,0.0007313015114009906,
2026-04-30,Illinois Tool Works Inc.,US4523081093,RRXTTL-R,North America,UNITED STATES,Auto Parts: OEM,9.0,99,1.694915254237288,6.57,-4.875397245762712,4.875397245762712,1.6161616161616164,6.767676767676768,-5.151515151515152,5.151515151515152,2,7,-5,0.0008072035993171058,0.0010804210168437636,
2026-04-30,"Illumina, Inc.",US4523271090,HXZ458-R,North America,UNITED STATES,Medical Specialties,8.0,58,0.5970149253731343,6.27,-5.672516324626866,5.672516324626866,0.6896551724137931,5.862068965517241,-5.172413793103448,5.172413793103448,1,6,-5,0.00023480579980135428,,
2026-04-30,Incyte Corporation,US45337C1027,LD13C5-R,North America,UNITED STATES,Pharmaceuticals: Major,8.0,58,10.0,9.85,0.1484375,0.1484375,10.0,9.827586206896552,0.1724137931034484,0.1724137931034484,10,10,0,0.00018255219984556083,0.00025990180405186913,
2026-04-30,Ingersoll Rand Inc.,US45687V1061,C0YGQ6-R,North America,UNITED STATES,Industrial Machinery,9.0,99,6.779661016949152,1.904,4.875364141949152,4.875364141949152,6.565656565656566,2.0202020202020203,4.545454545454545,4.545454545454545,7,2,5,0.0003618076996939107,0.0004466164069627498,
2026-04-30,Insmed Incorporated,US4576693075,V3RVCP-R,North America,UNITED STATES,Pharmaceuticals: Major,8.0,58,0.4477611940298507,0.1493,0.2984692018423507,0.2984692018423507,0.5172413793103449,0.1724137931034483,0.3448275862068966,0.3448275862068966,1,1,0,0.0003268778997234613,,
2026-04-30,Insulet Corporation,US45784P1012,NCGB47-R,North America,UNITED STATES,Medical Specialties,8.0,58,2.238805970149254,5.97,-3.729944029850746,3.729944029850746,2.413793103448276,5.517241379310345,-3.1034482758620694,3.1034482758620694,3,6,-3,0.00013976679988175728,0.00019874680309846265,
2026-04-30,Intel Corporation,US4581401001,HZ6Z7Q-R,North America,UNITED STATES,Semiconductors,16.0,94,9.626168224299064,5.86,3.7667932242990645,3.7667932242990645,9.680851063829788,5.957446808510638,3.72340425531915,3.72340425531915,10,6,4,0.005158774995635676,0.007553863117764725,
2026-04-30,"Interactive Brokers Group, Inc. Class A",US45841N1072,PN66MB-R,North America,UNITED STATES,Investment Banks/Brokers,6.0,37,6.222222222222222,8.54,-2.3168402777777777,2.3168402777777777,6.216216216216216,9.18918918918919,-2.9729729729729737,2.9729729729729737,6,9,-3,0.0004002593996613806,0.0005798127090392802,
2026-04-30,"Intercontinental Exchange, Inc.",US45866F1049,JKGP5M-R,North America,UNITED STATES,Investment Banks/Brokers,6.0,37,9.11111111111111,7.316,1.7947048611111107,1.7947048611111107,9.18918918918919,7.837837837837838,1.3513513513513518,1.3513513513513518,9,8,1,0.001018408999138426,0.0014174950220987473,
2026-04-30,International Business Machines Corporation,US4592001014,SJY281-R,North America,UNITED STATES,Information Technology Services,16.0,94,9.065420560747663,6.363,2.702139310747663,2.702139310747663,9.148936170212766,6.48936170212766,2.659574468085106,2.659574468085106,9,7,2,0.002483608997898867,0.0035036470546218573,
2026-04-30,International Flavors & Fragrances Inc.,US4595061015,NV7K28-R,North America,UNITED STATES,Food: Specialty/Candy,4.0,8,5.454545454545454,2.0,3.454545454545454,3.454545454545454,6.25,1.25,5.0,5.0,6,1,5,0.00021202989982062272,0.00029170350454765765,
2026-04-30,International Paper Company,US4601461035,GZF20K-R,North America,UNITED STATES,Pulp & Paper,3.0,9,5.7142857142857135,2.5,3.2142857142857135,3.2142857142857135,8.88888888888889,3.333333333333333,5.555555555555556,5.555555555555556,9,4,5,0.00018147649984647088,0.00027008700421065636,
2026-04-30,Intuit Inc.,US4612021034,L6CPTK-R,North America,UNITED STATES,Packaged Software,16.0,94,8.037383177570094,8.484,-0.4469918224299061,0.4469918224299061,8.085106382978722,8.617021276595745,-0.5319148936170226,0.5319148936170226,8,9,-1,0.001274357998921893,0.0017918000279341624,
2026-04-30,"Intuitive Surgical, Inc.",US46120E6023,NBCKRK-R,North America,UNITED STATES,Medical Specialties,8.0,58,1.044776119402985,3.283,-2.238427005597015,2.238427005597015,1.0344827586206897,3.4482758620689657,-2.413793103448276,2.413793103448276,1,4,-3,0.0018609349984256489,0.0026244570409152852,
2026-04-30,"Invitation Homes, Inc.",US46187W1071,W6VZ29-R,North America,UNITED STATES,Real Estate Investment Trusts,14.0,31,3.58974358974359,3.611,-0.02158453525641013,0.02158453525641013,3.548387096774194,3.548387096774194,0.0,0.0,4,4,0,0.00020310109982817645,0.0002600480040541484,
2026-04-30,"IonQ, Inc.",US46222L1089,KXTPS7-R,North America,UNITED STATES,Computer Processing Hardware,16.0,94,2.149532710280374,0.707,1.4425014602803738,1.4425014602803738,2.127659574468085,0.7446808510638298,1.3829787234042552,1.3829787234042552,2,1,1,0.000161072099863733,,
2026-04-30,IQVIA Holdings Inc,US46266C1053,XKBMRH-R,North America,UNITED STATES,Biotechnology,8.0,58,1.3432835820895521,1.194,0.14894764458955212,0.14894764458955212,1.3793103448275863,1.0344827586206897,0.3448275862068966,0.3448275862068966,2,1,1,0.00030656459974064636,0.0004341983067691516,
2026-04-30,"Iron Mountain, Inc.",US46284V1017,LVYTWF-R,North America,UNITED STATES,Real Estate Investment Trusts,14.0,31,4.102564102564102,6.11,-2.006810897435898,2.006810897435898,4.193548387096774,6.129032258064516,-1.935483870967742,1.935483870967742,4,6,-2,0.00042837909963759125,0.0006061881094504727,
2026-04-30,JPMorgan Chase & Co.,US46625H1005,NNKD2Y-R,North America,UNITED STATES,Major Banks,2.0,15,8.0,2.941,5.05859375,5.05859375,8.0,2.6666666666666665,5.333333333333334,5.333333333333334,8,3,5,0.009745982991754899,0.013609590212173511,
2026-04-30,Jabil Inc.,US4663131039,LF4WPT-R,North America,UNITED STATES,Industrial Machinery,9.0,99,2.457627118644068,7.523,-5.0658103813559325,5.0658103813559325,2.4242424242424243,7.6767676767676765,-5.252525252525253,5.252525252525253,3,8,-5,0.0004215488996433696,0.0005815844090669009,
2026-04-30,Jacobs Solutions Inc.,US46982L1089,JKDM7P-R,North America,UNITED STATES,Data Processing Services,9.0,99,7.966101694915254,7.24,0.7278204449152543,0.7278204449152543,7.878787878787879,7.474747474747475,0.404040404040404,0.404040404040404,8,8,0,0.00018756039984132392,0.00024775510386250204,
2026-04-30,Johnson & Johnson,US4781601046,KV0J41-R,North America,UNITED STATES,Pharmaceuticals: Major,8.0,58,3.432835820895522,3.88,-0.4480235541044779,0.4480235541044779,3.4482758620689657,3.9655172413793105,-0.5172413793103448,0.5172413793103448,4,4,0,0.006255180994708116,0.00884493013789246,
2026-04-30,KLA Corporation,US4824801009,CZBYFY-R,North America,UNITED STATES,Semiconductors,16.0,94,6.16822429906542,5.152,1.01588054906542,1.01588054906542,6.170212765957447,5.319148936170213,0.8510638297872344,0.8510638297872344,6,6,0,0.002609154997792655,0.003651783056931298,
2026-04-30,KKR & Co Inc,US48251W1045,T8Q3VN-R,North America,UNITED STATES,Investment Managers,6.0,37,6.666666666666666,4.633,2.033854166666666,2.033854166666666,6.756756756756756,5.135135135135135,1.621621621621621,1.621621621621621,7,5,2,0.0007301376993823035,0.0011528400179727759,
2026-04-30,"Kenvue, Inc.",US49177J1025,PW89XC-R,North America,UNITED STATES,Household/Personal Care,13.0,14,4.2105263157894735,1.765,2.4458778782894735,2.4458778782894735,5.0,2.142857142857143,2.857142857142857,2.857142857142857,5,2,3,0.0003869545996726364,0.0005402897084231166,
2026-04-30,Keurig Dr Pepper Inc.,US49271V1008,BT4P4V-R,North America,UNITED STATES,Beverages: Non-Alcoholic,7.0,18,6.774193548387096,4.168,2.606224798387096,2.606224798387096,7.222222222222222,5.555555555555555,1.666666666666667,1.666666666666667,7,6,1,0.0004277584996381163,0.0006385280099546517,
2026-04-30,KeyCorp,US4932671088,MG2TQV-R,North America,UNITED STATES,Major Banks,2.0,15,6.0,6.47,-0.46875,0.46875,6.0,6.666666666666666,-0.6666666666666661,0.6666666666666661,6,7,-1,0.00023338299980255796,0.0003296391051390736,
2026-04-30,Keysight Technologies Inc,US49338L1035,FXTG1M-R,North America,UNITED STATES,Electronic Equipment/Instruments,9.0,99,7.288135593220338,5.332,1.9561043432203382,1.9561043432203382,7.171717171717171,5.454545454545454,1.7171717171717171,1.7171717171717171,7,6,1,0.0006967553994105449,0.0009741059151863112,
2026-04-30,Kimberly-Clark Corporation,US4943681035,BQWWY7-R,North America,UNITED STATES,Household/Personal Care,13.0,14,5.7894736842105265,3.53,2.2601768092105265,2.2601768092105265,7.142857142857143,4.285714285714286,2.8571428571428577,2.8571428571428577,7,5,2,0.00036783129968881467,0.0005248523081824475,
2026-04-30,Kimco Realty Corporation,US49446R1095,VDPDV7-R,North America,UNITED STATES,Real Estate Investment Trusts,14.0,31,6.923076923076923,9.164,-2.2409855769230766,2.2409855769230766,7.419354838709678,9.032258064516128,-1.6129032258064502,1.6129032258064502,8,9,-1,0.0001854427998431154,0.0002562736039953055,
2026-04-30,Kinder Morgan Inc Class P,US49456B1017,XM8P7T-R,North America,UNITED STATES,Oil & Gas Pipelines,12.0,23,6.111111111111112,7.082,-0.9709201388888884,0.9709201388888884,6.086956521739131,7.391304347826086,-1.3043478260869552,1.3043478260869552,6,8,-2,0.0007371856993763408,0.0010305070160656043,
2026-04-30,Kraft Heinz Company,US5007541064,Q4YP8S-R,North America,UNITED STATES,Food: Major Diversified,7.0,18,5.483870967741935,2.084,3.399886592741935,3.399886592741935,6.111111111111112,2.7777777777777777,3.333333333333334,3.333333333333334,6,3,3,0.00023235719980342582,0.0003100452048336047,
2026-04-30,Kroger Co.,US5010441013,R2J99W-R,North America,UNITED STATES,Food Retail,15.0,29,2.564102564102564,3.0,-0.4358974358974361,0.4358974358974361,2.7586206896551726,3.103448275862069,-0.34482758620689635,0.34482758620689635,3,3,0,0.0004658749996058697,0.00063562090990933,
2026-04-30,LPL Financial Holdings Inc.,US50212V1008,BXWZVW-R,North America,UNITED STATES,Investment Banks/Brokers,6.0,37,8.88888888888889,4.39,4.498263888888889,4.498263888888889,8.91891891891892,4.864864864864865,4.054054054054054,4.054054054054054,9,5,4,0.0002874922997567815,,
2026-04-30,L3Harris Technologies Inc,US5024311095,KYCY91-R,North America,UNITED STATES,Aerospace & Defense,9.0,99,7.033898305084746,3.523,3.5104608050847457,3.5104608050847457,6.8686868686868685,3.5353535353535355,3.333333333333333,3.333333333333333,7,4,3,0.0006650960994373286,0.0009479917147791908,
2026-04-30,Labcorp Holdings Inc.,US5049221055,C7M7DL-R,North America,UNITED STATES,Medical/Nursing Services,8.0,58,6.7164179104477615,6.566,0.15001166044776149,0.15001166044776149,6.724137931034483,6.206896551724138,0.5172413793103452,0.5172413793103452,7,6,1,0.00023869429979806462,0.0003442317053665723,
2026-04-30,Lam Research Corporation,US5128073062,RT2ZSJ-R,North America,UNITED STATES,Industrial Machinery,16.0,94,0.7476635514018691,5.254,-4.506242698598131,4.506242698598131,0.7446808510638298,5.425531914893616,-4.680851063829786,4.680851063829786,1,6,-5,0.0036897989968784303,0.005175307080683037,
2026-04-30,Las Vegas Sands Corp.,US5178341070,VBN9H0-R,North America,UNITED STATES,Casinos/Gaming,18.0,20,8.846153846153847,8.46,0.3852163461538467,0.3852163461538467,9.0,9.5,-0.5,0.5,9,10,-1,0.00019013429983914638,0.000265059204132273,
2026-04-30,Estee Lauder Companies Inc. Class A,US5184391044,KFMMZS-R,North America,UNITED STATES,Household/Personal Care,13.0,14,6.315789473684211,7.06,-0.7428042763157894,0.7428042763157894,7.857142857142857,7.857142857142857,0.0,0.0,8,8,0,0.00021351459981936664,0.00031466150490557285,
2026-04-30,"Leidos Holdings, Inc.",US5253271028,L7LP86-R,North America,UNITED STATES,Packaged Software,16.0,94,7.102803738317757,6.77,0.3332724883177569,0.3332724883177569,7.127659574468085,6.808510638297872,0.31914893617021267,0.31914893617021267,7,7,0,0.00020567189982600157,0.0003096238048270351,
2026-04-30,Lennar Corporation Class A,US5260571048,FH1NKL-R,North America,UNITED STATES,Homebuilding,13.0,14,4.7368421052631575,1.177,3.5600842927631575,3.5600842927631575,5.7142857142857135,1.4285714285714284,4.285714285714285,4.285714285714285,6,2,4,0.00021470609981835863,0.00030912080481919335,
2026-04-30,Lennox International Inc.,US5261071071,BYKL46-R,North America,UNITED STATES,Industrial Machinery,9.0,99,2.6271186440677967,4.477,-1.8494438559322033,1.8494438559322033,2.6262626262626263,4.545454545454545,-1.9191919191919187,1.9191919191919187,3,5,-2,0.00018585759984276445,0.0002705085042172276,
2026-04-30,Liberty Media Corporation Series C Liberty Formula One,US5312297550,D60L5H-R,North America,UNITED STATES,Internet Software/Services,11.0,12,3.888888888888889,2.777,1.1115451388888888,1.1115451388888888,5.0,3.333333333333333,1.666666666666667,1.666666666666667,5,4,1,0.00021168279982091635,,
2026-04-30,Eli Lilly and Company,US5324571083,B19ST9-R,North America,UNITED STATES,Pharmaceuticals: Major,8.0,58,9.552238805970148,8.51,1.0444263059701484,1.0444263059701484,9.482758620689655,8.275862068965518,1.206896551724137,1.206896551724137,10,8,2,0.008868891992496918,0.012331770192252296,
2026-04-30,"Live Nation Entertainment, Inc.",US5380341090,MLQ41B-R,North America,UNITED STATES,Movies/Entertainment,18.0,20,0.38461538461538464,0.3845,9.390024038463674e-05,9.390024038463674e-05,0.5,0.5,0.0,0.0,1,1,0,0.000286554399757575,0.00040556400632274286,
2026-04-30,Lockheed Martin Corporation,US5398301094,KC6WDM-R,North America,UNITED STATES,Aerospace & Defense,9.0,99,0.847457627118644,4.285,-3.437698622881356,3.437698622881356,0.8080808080808082,4.343434343434343,-3.5353535353535355,3.5353535353535355,1,5,-4,0.001229032998960238,0.0016753730261190654,
2026-04-30,Loews Corporation,US5404241086,VBK29Z-R,North America,UNITED STATES,Property/Casualty Insurance,10.0,23,3.75,4.4,-0.6484375,0.6484375,4.782608695652174,4.782608695652174,0.0,0.0,5,5,0,0.00022822799980691912,0.0003069572047854628,
2026-04-30,"Lowe's Companies, Inc.",US5486611073,CHKL7S-R,North America,UNITED STATES,Home Improvement Chains,15.0,29,6.923076923076923,4.668,2.2551081730769234,2.2551081730769234,7.241379310344827,4.827586206896552,2.413793103448276,2.413793103448276,7,5,2,0.001480180998747767,0.0021158490329860865,
2026-04-30,lululemon athletica inc.,US5500211090,MWKPV4-R,North America,UNITED STATES,Apparel/Footwear,13.0,14,0.5263157894736842,7.65,-7.122121710526316,7.122121710526316,0.7142857142857142,8.571428571428571,-7.857142857142857,7.857142857142857,1,9,-8,0.00016781449985802893,0.00023339020363855324,
2026-04-30,"Lumentum Holdings, Inc.",US55024U1097,CBP969-R,North America,UNITED STATES,Electrical Products,9.0,99,2.88135593220339,1.238,1.6430746822033901,1.6430746822033901,2.8282828282828283,1.3131313131313131,1.5151515151515151,1.5151515151515151,3,2,1,0.0007700757993485159,0.0010958540170843641,
2026-04-30,M&T Bank Corporation,US55261F1049,X8LB4Q-R,North America,UNITED STATES,Regional Banks,2.0,15,3.2,4.117,-0.9171874999999998,0.9171874999999998,2.0,4.0,-2.0,2.0,2,4,-2,0.0003860185996734283,0.0005287294082428914,
2026-04-30,MSCI Inc. Class A,US55354G1004,MKJ8WW-R,North America,UNITED STATES,Financial Publishing/Services,6.0,37,1.1111111111111112,0.732,0.37917751736111116,0.37917751736111116,0.8108108108108109,0.8108108108108109,0.0,0.0,1,1,0,0.0005105344995680878,0.0006970236108665981,
2026-04-30,Marathon Petroleum Corporation,US56585A1025,JRFYNM-R,North America,UNITED STATES,Oil Refining/Marketing,12.0,23,8.88888888888889,7.918,0.9709201388888893,0.9709201388888893,8.695652173913043,8.26086956521739,0.43478260869565233,0.43478260869565233,9,8,1,0.0008638949992691448,0.0011709650182553447,
2026-04-30,Markel Group Inc.,US5705351048,P4BP51-R,North America,UNITED STATES,Property/Casualty Insurance,10.0,23,0.625,0.8,-0.1748046875,0.1748046875,0.8695652173913043,0.8695652173913043,0.0,0.0,1,1,0,0.00026302599977748,,
2026-04-30,"Marsh & McLennan Companies, Inc.",US5717481023,XHD46K-R,North America,UNITED STATES,Insurance Brokers/Services,10.0,23,0.9375,3.6,-2.662109375,2.662109375,1.3043478260869565,3.9130434782608696,-2.608695652173913,2.608695652173913,2,4,-2,0.0009242909992180498,0.001297630020230052,
2026-04-30,"Marriott International, Inc. Class A",US5719032022,K38HHD-R,North America,UNITED STATES,Hotels/Resorts/Cruiselines,18.0,20,8.461538461538462,6.54,1.9224759615384617,1.9224759615384617,8.5,7.0,1.5,1.5,9,7,2,0.0009547177991923088,0.0012589320196267502,
2026-04-30,"Martin Marietta Materials, Inc.",US5732841060,V6ZQWF-R,North America,UNITED STATES,Construction Materials,5.0,13,6.111111111111112,5.0,1.1111111111111116,1.1111111111111116,7.6923076923076925,5.384615384615384,2.3076923076923084,2.3076923076923084,8,6,2,0.0004070778996556121,0.0005999601093533781,
2026-04-30,"Marvell Technology, Inc.",US5738741041,DF2L7D-R,North America,UNITED STATES,Semiconductors,16.0,94,9.906542056074766,9.49,0.4143545560747661,0.4143545560747661,9.893617021276595,9.46808510638298,0.4255319148936163,0.4255319148936163,10,10,0,0.0016182149986309902,,
2026-04-30,Masco Corporation,US5745991068,HSF35X-R,North America,UNITED STATES,Building Products,5.0,13,4.444444444444445,6.43,-1.9852430555555554,1.9852430555555554,5.384615384615384,6.923076923076923,-1.5384615384615392,1.5384615384615392,6,7,-1,0.00016704549985867948,0.00023211440361866354,
2026-04-30,Mastercard Incorporated Class A,US57636Q1040,LQBB5R-R,North America,UNITED STATES,Finance/Rental/Leasing,9.0,99,3.7288135593220337,8.95,-5.224311440677966,5.224311440677966,3.6363636363636367,8.98989898989899,-5.353535353535353,5.353535353535353,4,9,-5,0.004793928995944336,0.006519249101635094,
2026-04-30,"McCormick & Company, Incorporated",US5797802064,NW8BQ3-R,North America,UNITED STATES,Food: Specialty/Candy,7.0,18,7.741935483870968,3.75,3.991935483870968,3.991935483870968,8.88888888888889,5.0,3.8888888888888893,3.8888888888888893,9,5,4,0.00014926319987372332,0.00020603490321208413,
2026-04-30,McDonald's Corporation,US5801351017,VTBLV9-R,North America,UNITED STATES,Restaurants,18.0,20,10.0,4.23,5.76953125,5.76953125,10.0,5.0,5.0,5.0,10,5,5,0.0023290019980296644,0.0032949590513684118,
2026-04-30,McKesson Corporation,US58155Q1031,NYJHHY-R,North America,UNITED STATES,Medical Distributors,8.0,58,6.865671641791044,8.805,-1.9390158582089558,1.9390158582089558,6.8965517241379315,8.620689655172413,-1.7241379310344813,1.7241379310344813,7,9,-2,0.001154227999023523,0.0016084210250752837,
2026-04-30,"MercadoLibre, Inc.",US58733R1023,B8366W-R,North America,UNITED STATES,Internet Retail,15.0,29,1.0256410256410255,1.333,-0.30736678685897445,0.30736678685897445,1.0344827586206897,1.3793103448275863,-0.3448275862068966,0.3448275862068966,1,2,-1,0.0009490654991970906,,
2026-04-30,"Merck & Co., Inc.",US58933Y1055,M79R1P-R,North America,UNITED STATES,Pharmaceuticals: Major,8.0,58,2.388059701492537,4.625,-2.236940298507463,2.236940298507463,2.586206896551724,4.655172413793103,-2.068965517241379,2.068965517241379,3,5,-2,0.0031891799973019536,0.004498092070125256,
2026-04-30,"MetLife, Inc.",US59156R1086,NPJW7K-R,North America,UNITED STATES,Multi-Line Insurance,10.0,23,2.1875,1.6,0.587890625,0.587890625,3.0434782608695654,1.7391304347826086,1.3043478260869568,1.3043478260869568,3,2,1,0.0005188517995610513,0.0007111355110866026,
2026-04-30,Mettler-Toledo International Inc.,US5926881054,PHPSQH-R,North America,UNITED STATES,Medical Specialties,9.0,99,0.6779661016949152,1.619,-0.9411745233050848,0.9411745233050848,0.6060606060606061,1.7171717171717171,-1.1111111111111112,1.1111111111111112,1,2,-1,0.00031270089973545504,0.0004193478065376323,
2026-04-30,Microsoft Corporation,US5949181045,P8R3C2-R,North America,UNITED STATES,Packaged Software,16.0,94,6.355140186915888,7.375,-1.0198598130841123,1.0198598130841123,6.382978723404255,7.446808510638298,-1.0638297872340425,1.0638297872340425,7,8,-1,0.0335281299716352,0.04970205077485497,
2026-04-30,Strategy Inc Class A,US5949724083,L8SD8N-R,North America,UNITED STATES,Internet Software/Services,16.0,94,0.09345794392523364,0.101,-0.007555239668516359,0.007555239668516359,0.10638297872340426,0.10638297872340426,0.0,0.0,1,1,0,0.0005288678995525777,,
2026-04-30,Microchip Technology Incorporated,US5950171042,V5WMVF-R,North America,UNITED STATES,Semiconductors,16.0,94,6.4485981308411215,4.445,2.0032856308411215,2.0032856308411215,6.48936170212766,4.574468085106383,1.914893617021277,1.914893617021277,7,5,2,0.0005809128995085477,0.0008237857128428192,
2026-04-30,"Micron Technology, Inc.",US5951121038,CHR1NX-R,North America,UNITED STATES,Semiconductors,16.0,94,10.0,10.0,0.0,0.0,10.0,10.0,0.0,0.0,10,10,0,0.006992088994084693,0.00985561315364901,
2026-04-30,"Mid-America Apartment Communities, Inc.",US59522J1034,JWH12W-R,North America,UNITED STATES,Real Estate Investment Trusts,14.0,31,2.8205128205128203,3.889,-1.0681590544871797,1.0681590544871797,2.5806451612903225,3.870967741935484,-1.2903225806451615,1.2903225806451615,3,4,-1,0.00016532499986013504,0.0002444587038111112,
2026-04-30,"Mondelez International, Inc. Class A",US6092071058,HHB3C8-R,North America,UNITED STATES,Food: Specialty/Candy,7.0,18,1.6129032258064515,0.8335,0.7794071320564515,0.7794071320564515,1.6666666666666665,1.1111111111111112,0.5555555555555554,0.5555555555555554,2,1,1,0.0009335179992102438,0.0012685220197762583,
2026-04-30,"MongoDB, Inc. Class A",US60937P1066,C7PKHF-R,North America,UNITED STATES,Packaged Software,16.0,94,3.5514018691588785,2.223,1.3287456191588785,1.3287456191588785,3.617021276595745,2.3404255319148937,1.2765957446808511,1.2765957446808511,4,3,1,0.0002457700997920785,,
2026-04-30,"Monolithic Power Systems, Inc.",US6098391054,VZYGFG-R,North America,UNITED STATES,Semiconductors,16.0,94,4.766355140186916,3.434,1.3327613901869162,1.3327613901869162,4.8936170212765955,3.617021276595745,1.2765957446808507,1.2765957446808507,5,4,1,0.0008778161992573676,0.0012451140194113274,
2026-04-30,Monster Beverage Corporation,US61174X1090,NNFR4J-R,North America,UNITED STATES,Beverages: Non-Alcoholic,7.0,18,0.3225806451612903,0.4167,-0.09416740171370969,0.09416740171370969,0.5555555555555556,0.5555555555555556,0.0,0.0,1,1,0,0.0006563614994447182,0.0008903503138805613,
2026-04-30,Moody's Corporation,US6153691059,MDYC2K-R,North America,UNITED STATES,Financial Publishing/Services,6.0,37,2.444444444444444,1.22,1.2247178819444442,1.2247178819444442,2.4324324324324325,1.3513513513513513,1.0810810810810811,1.0810810810810811,3,2,1,0.0008351836992934345,0.0011327770176599937,
2026-04-30,Morgan Stanley,US6174464486,CY644B-R,North America,UNITED STATES,Investment Managers,6.0,37,7.555555555555555,6.586,0.9696180555555554,0.9696180555555554,7.567567567567568,7.027027027027027,0.5405405405405412,0.5405405405405412,8,7,1,0.002614350997788259,0.003692802057570784,
2026-04-30,"Motorola Solutions, Inc.",US6200763075,MMRZQ5-R,North America,UNITED STATES,Telecommunications Equipment,17.0,12,5.0,9.164,-4.1640625,4.1640625,6.666666666666666,9.166666666666666,-2.5,2.5,7,9,-2,0.0008246018993023868,0.0011643400181520608,
2026-04-30,"NRG Energy, Inc.",US6293775085,RVC5J9-R,North America,UNITED STATES,Electric Utilities,19.0,32,8.536585365853659,8.82,-0.283727134146341,0.283727134146341,8.4375,8.75,-0.3125,0.3125,9,9,0,0.0003618056996939124,0.0005270883082173067,
2026-04-30,"NVR, Inc.",US62944T1051,D0LDT1-R,North America,UNITED STATES,Homebuilding,13.0,14,1.5789473684210527,2.354,-0.7745682565789473,0.7745682565789473,2.142857142857143,2.8571428571428568,-0.714285714285714,0.714285714285714,2,3,-1,0.0001702286998559865,0.0002775370043268019,
2026-04-30,"Nasdaq, Inc.",US6311031081,WFMVVR-R,North America,UNITED STATES,Investment Banks/Brokers,6.0,37,5.777777777777777,3.17,2.607855902777777,2.607855902777777,5.675675675675675,3.5135135135135136,2.162162162162162,2.162162162162162,6,4,2,0.00047956699959428626,0.000660399110295622,
2026-04-30,"Natera, Inc.",US6323071042,V6HSWX-R,North America,UNITED STATES,Biotechnology,8.0,58,0.14925373134328357,0.2986,-0.14933025303171643,0.14933025303171643,0.1724137931034483,0.3448275862068966,-0.1724137931034483,0.1724137931034483,1,1,0,0.0002953298997501509,,
2026-04-30,"NetApp, Inc.",US64110D1046,JFW5HZ-R,North America,UNITED STATES,Computer Peripherals,16.0,94,8.411214953271028,7.07,1.3409024532710276,1.3409024532710276,8.51063829787234,7.127659574468085,1.3829787234042552,1.3829787234042552,9,7,2,0.0002521423997866875,0.00035655450555868473,
2026-04-30,"Netflix, Inc.",US64110L1061,C4C0BL-R,North America,UNITED STATES,Internet Software/Services,11.0,12,2.7777777777777777,7.223,-4.444878472222222,4.444878472222222,3.333333333333333,6.666666666666666,-3.333333333333333,3.333333333333333,4,7,-3,0.004482477996207823,0.00627982809790252,
2026-04-30,"Neurocrine Biosciences, Inc.",US64125C1099,HTKQ3B-R,North America,UNITED STATES,Biotechnology,8.0,58,9.701492537313433,9.41,0.29524253731343286,0.29524253731343286,9.655172413793103,9.310344827586206,0.3448275862068968,0.3448275862068968,10,10,0,0.000144802599877497,,
2026-04-30,Newmont Corporation,US6516391066,CGGG4R-R,North America,UNITED STATES,Precious Metals,3.0,9,4.642857142857143,8.336,-3.6930803571428568,3.6930803571428568,6.666666666666666,10.0,-3.333333333333334,3.333333333333334,7,10,-3,0.0013592839988500458,0.0019163960298766139,
2026-04-30,News Corporation Class A,US65249B1098,KTPK4Q-R,North America,UNITED STATES,Publishing: Newspapers,11.0,12,7.222222222222222,4.445,2.7769097222222223,2.7769097222222223,7.5,4.166666666666667,3.333333333333333,3.333333333333333,8,4,4,0.00012088909989772781,0.00015911170248055143,
2026-04-30,"NextEra Energy, Inc.",US65339F1012,KB3YPS-R,North America,UNITED STATES,Electric Utilities,19.0,32,6.341463414634147,2.354,3.9879477896341466,3.9879477896341466,6.25,2.5,3.75,3.75,6,3,3,0.002282486998069016,0.003258867050805737,
2026-04-30,"NIKE, Inc. Class B",US6541061031,VNMTTH-R,North America,UNITED STATES,Apparel/Footwear,13.0,14,3.1578947368421053,0.5884,2.5695158305921053,2.5695158305921053,3.5714285714285716,0.7142857142857142,2.8571428571428577,2.8571428571428577,4,1,3,0.0005962514994955712,0.000853467413305557,
2026-04-30,NiSource Inc,US65473P1057,RYRC40-R,North America,UNITED STATES,Gas Distributors,19.0,32,6.585365853658537,7.06,-0.4732278963414629,0.4732278963414629,6.5625,6.875,-0.3125,0.3125,7,7,0,0.0002540965997850343,0.0003699570057676297,
2026-04-30,Nordson Corporation,US6556631025,N3CXK7-R,North America,UNITED STATES,Industrial Machinery,9.0,99,2.288135593220339,4.668,-2.379833156779661,2.379833156779661,2.2222222222222223,4.747474747474747,-2.525252525252525,2.525252525252525,2,5,-3,0.00018060289984720993,0.0002442344038076144,
2026-04-30,Norfolk Southern Corporation,US6558441084,KDCD3Y-R,North America,UNITED STATES,Railroads,9.0,99,6.864406779661016,0.7617,6.102688029661016,6.102688029661016,6.666666666666666,0.8080808080808082,5.858585858585858,5.858585858585858,7,1,6,0.0008092726993153552,0.0011484390179041643,
2026-04-30,Northern Trust Corporation,US6658591044,X1RJ5Y-R,North America,UNITED STATES,Investment Managers,6.0,37,10.0,7.562,2.4375,2.4375,10.0,8.108108108108109,1.8918918918918912,1.8918918918918912,10,8,2,0.00035453919970005983,0.0004927736076823405,
2026-04-30,Northrop Grumman Corp.,US6668071029,LHKN8Z-R,North America,UNITED STATES,Aerospace & Defense,9.0,99,8.135593220338983,6.668,1.4676244703389827,1.4676244703389827,8.080808080808081,6.8686868686868685,1.2121212121212128,1.2121212121212128,8,7,1,0.0009080952992317513,0.0012228670190644968,
2026-04-30,Gen Digital Inc.,US6687711084,KDHCQP-R,North America,UNITED STATES,Packaged Software,16.0,94,6.261682242990654,5.05,1.2109009929906538,1.2109009929906538,6.276595744680851,5.212765957446809,1.0638297872340416,1.0638297872340416,6,5,1,0.00013009879988993642,0.00017533580273348517,
2026-04-30,Nucor Corporation,US6703461052,HKLJPC-R,North America,UNITED STATES,Steel,3.0,9,3.2142857142857144,6.668,-3.4536830357142856,3.4536830357142856,4.444444444444445,7.777777777777778,-3.333333333333333,3.333333333333333,5,8,-3,0.0005902548995006443,0.0008348969130160429,
2026-04-30,NVIDIA Corporation,US67066G1040,K7TPSX-R,North America,UNITED STATES,Semiconductors,16.0,94,8.785046728971963,9.39,-0.6055782710280369,0.6055782710280369,8.936170212765957,9.361702127659575,-0.4255319148936181,0.4255319148936181,9,10,-1,0.05528066995323255,0.07788310121419754,
2026-04-30,"O'Reilly Automotive, Inc.",US67103H1077,P36M94-R,North America,UNITED STATES,Specialty Stores,15.0,29,4.102564102564102,4.0,0.1025641025641022,0.1025641025641022,4.482758620689655,4.137931034482759,0.3448275862068959,0.3448275862068959,5,4,1,0.0009589998991886861,0.0013124680204613763,
2026-04-30,Occidental Petroleum Corporation,US6745991058,R998SY-R,North America,UNITED STATES,Integrated Oil,12.0,23,8.055555555555555,6.25,1.8055555555555554,1.8055555555555554,7.826086956521739,6.521739130434783,1.304347826086956,1.304347826086956,8,7,1,0.00047042929960201677,0.0006813222106218132,
2026-04-30,"Okta, Inc. Class A",US6792951054,MCRMKM-R,North America,UNITED STATES,Packaged Software,16.0,94,5.887850467289719,3.334,2.553866092289719,2.553866092289719,5.957446808510638,3.5106382978723403,2.4468085106382977,2.4468085106382977,6,4,2,0.00014161439988019423,,
2026-04-30,"Old Dominion Freight Line, Inc.",US6795801009,T6CPQP-R,North America,UNITED STATES,Trucking,9.0,99,1.5254237288135595,1.714,-0.18844345868644052,0.18844345868644052,1.5151515151515151,1.8181818181818183,-0.3030303030303032,0.3030303030303032,2,2,0,0.00045684039961351304,0.0006111221095273936,
2026-04-30,Omnicom Group Inc,US6819191064,D8D820-R,North America,UNITED STATES,Advertising/Marketing Services,11.0,12,1.1111111111111112,10.0,-8.88888888888889,8.88888888888889,1.6666666666666665,10.0,-8.333333333333334,8.333333333333334,2,10,-8,0.0002814675997618784,0.00038902910606496377,
2026-04-30,ON Semiconductor Corporation,US6821891057,FK9YMK-R,North America,UNITED STATES,Semiconductors,16.0,94,0.2803738317757009,1.516,-1.235251168224299,1.235251168224299,0.2127659574468085,1.5957446808510638,-1.3829787234042552,1.3829787234042552,1,2,-1,0.0005147592995645137,0.000652528410172918,
2026-04-30,"ONEOK, Inc.",US6826801036,NGW97P-R,North America,UNITED STATES,Oil & Gas Pipelines,12.0,23,3.055555555555556,2.084,0.9715711805555558,0.9715711805555558,2.1739130434782608,2.1739130434782608,0.0,0.0,2,2,0,0.0006332739994642502,0.0009179632143110465,
2026-04-30,Oracle Corporation,US68389X1054,HQ4DBK-R,North America,UNITED STATES,Packaged Software,16.0,94,6.635514018691588,4.547,2.0886390186915884,2.0886390186915884,6.702127659574469,4.680851063829787,2.0212765957446814,2.0212765957446814,7,5,2,0.003385264997136066,0.004705529073359198,
2026-04-30,Otis Worldwide Corporation,US68902V1070,RCNCKX-R,North America,UNITED STATES,Engineering & Construction,9.0,99,8.559322033898306,8.38,0.17650953389830626,0.17650953389830626,8.585858585858585,8.484848484848484,0.10101010101010033,0.10101010101010033,9,9,0,0.0003453117997078662,0.0004865697075856217,
2026-04-30,PG&E Corporation,US69331C1080,C5CPSB-R,North America,UNITED STATES,Electric Utilities,19.0,32,10.0,9.414,0.5859375,0.5859375,10.0,9.375,0.625,0.625,10,10,0,0.0004107335996525194,0.0005853212091251576,
2026-04-30,"PNC Financial Services Group, Inc.",US6934751057,PY50G1-R,North America,UNITED STATES,Major Banks,2.0,15,9.200000000000001,7.06,2.141406250000001,2.141406250000001,9.333333333333334,7.333333333333333,2.000000000000001,2.000000000000001,10,8,2,0.0009852613991664688,0.0014396770224445648,
2026-04-30,"PPG Industries, Inc.",US6935061076,HSFL3C-R,North America,UNITED STATES,Industrial Specialties,9.0,99,8.389830508474576,8.57,-0.18048199152542388,0.18048199152542388,8.383838383838384,8.686868686868687,-0.30303030303030276,0.30303030303030276,9,9,0,0.00027889769976405254,0.0003888771060625941,
2026-04-30,PPL Corporation,US69351T1060,RPTY1P-R,North America,UNITED STATES,Electric Utilities,19.0,32,7.317073170731707,6.47,0.8483231707317067,0.8483231707317067,7.1875,6.25,0.9375,0.9375,7,6,1,0.00031991009972935603,0.0004484492069913232,
2026-04-30,PTC Inc.,US69370C1009,BYP0PF-R,North America,UNITED STATES,Packaged Software,16.0,94,4.11214953271028,5.758,-1.64566296728972,1.64566296728972,4.25531914893617,5.851063829787234,-1.5957446808510642,1.5957446808510642,4,6,-2,0.00018776999984114655,0.0002645311041240399,
2026-04-30,PACCAR Inc,US6937181088,J70N5J-R,North America,UNITED STATES,Trucks/Construction/Farm Machinery,9.0,99,5.508474576271186,5.617,-0.10871292372881403,0.10871292372881403,5.353535353535354,5.757575757575758,-0.404040404040404,0.404040404040404,6,6,0,0.0006970240994103176,0.000986044515372434,
2026-04-30,Packaging Corporation of America,US6951561090,FZRL7K-R,North America,UNITED STATES,Containers/Packaging,9.0,99,4.661016949152542,6.094,-1.4327330508474576,1.4327330508474576,4.545454545454545,6.262626262626263,-1.717171717171718,1.717171717171718,5,6,-1,0.000227241099807754,0.0003136672048900717,
2026-04-30,Palantir Technologies Inc. Class A,US69608A1088,WPZ4QD-R,North America,UNITED STATES,Packaged Software,16.0,94,1.4953271028037383,4.746,-3.2507666471962615,3.2507666471962615,1.5957446808510638,4.8936170212765955,-3.2978723404255317,3.2978723404255317,2,5,-3,0.003771657996809177,0.0053132520828336,
2026-04-30,"Palo Alto Networks, Inc.",US6974351057,X643T6-R,North America,UNITED STATES,Packaged Software,16.0,94,1.2149532710280373,1.212,0.003039208528037296,0.003039208528037296,1.276595744680851,1.276595744680851,0.0,0.0,1,1,0,0.0016725339985850362,0.0023631110368409008,
2026-04-30,Parker-Hannifin Corporation,US7010941042,VDT85V-R,North America,UNITED STATES,Industrial Machinery,9.0,99,4.23728813559322,5.715,-1.4775556144067803,1.4775556144067803,4.141414141414142,5.858585858585858,-1.7171717171717162,1.7171717171717162,4,6,-2,0.0012774749989192561,0.0017962090280028986,
2026-04-30,"Paychex, Inc.",US7043261079,FBB432-R,North America,UNITED STATES,Data Processing Services,9.0,99,3.4745762711864407,9.62,-6.142611228813559,6.142611228813559,3.333333333333333,9.696969696969697,-6.363636363636364,6.363636363636364,4,10,-6,0.00034348529970941146,0.00048802790760835504,
2026-04-30,"PayPal Holdings, Inc.",US70450Y1038,RQ9F5S-R,North America,UNITED STATES,Miscellaneous Commercial Services,9.0,99,7.11864406779661,5.43,1.6889565677966099,1.6889565677966099,6.969696969696971,5.555555555555555,1.4141414141414153,1.4141414141414153,7,6,1,0.0005235568995570709,0.0007479233116601244,
2026-04-30,"PepsiCo, Inc.",US7134481081,PPCTFP-R,North America,UNITED STATES,Food: Specialty/Candy,7.0,18,4.516129032258064,6.25,-1.733870967741936,1.733870967741936,5.0,6.666666666666666,-1.666666666666666,1.666666666666666,5,7,-2,0.0024560879979221495,0.003472373054134296,
2026-04-30,Pfizer Inc.,US7170811035,VK7M4R-R,North America,UNITED STATES,Pharmaceuticals: Major,8.0,58,8.35820895522388,4.18,4.17852145522388,4.17852145522388,8.275862068965518,4.310344827586206,3.9655172413793114,3.9655172413793114,8,5,3,0.0017005209985613593,0.0024213560377489406,
2026-04-30,Philip Morris International Inc.,US7181721090,KRQTDT-R,North America,UNITED STATES,Tobacco,7.0,18,7.419354838709678,7.082,0.33732358870967794,0.33732358870967794,8.333333333333334,7.222222222222222,1.1111111111111116,1.1111111111111116,9,7,2,0.002967201997489747,0.004180888065180044,
2026-04-30,Phillips 66,US7185461040,TTDQ0D-R,North America,UNITED STATES,Oil Refining/Marketing,12.0,23,9.166666666666666,9.164,0.0026041666666660745,0.0026041666666660745,9.130434782608695,9.130434782608695,0.0,0.0,9,9,0,0.0008116048993133823,0.001147225017885238,
2026-04-30,"Pinnacle Financial Partners, Inc.",US72348N1090,WW3NPV-R,North America,UNITED STATES,Regional Banks,2.0,15,1.2,9.414,-8.2140625,8.2140625,0.6666666666666666,10.0,-9.333333333333334,9.333333333333334,1,10,-9,0.00017084199985546768,,
2026-04-30,"Pinterest, Inc. Class A",US72352L1061,H8DT5P-R,North America,UNITED STATES,Internet Software/Services,16.0,94,0.37383177570093457,0.505,-0.13105103679906543,0.13105103679906543,0.3191489361702127,0.5319148936170213,-0.21276595744680854,0.21276595744680854,1,1,0,0.00013867359988268212,,
2026-04-30,"T. Rowe Price Group, Inc.",US74144T1088,VNRDMV-R,North America,UNITED STATES,Investment Managers,6.0,37,3.333333333333333,7.805,-4.471354166666667,4.471354166666667,3.2432432432432434,8.378378378378379,-5.135135135135135,5.135135135135135,3,9,-6,0.00023969389979721896,0.0003676111057310571,
2026-04-30,"Principal Financial Group, Inc.",US74251V1026,DXZQS6-R,North America,UNITED STATES,Investment Managers,6.0,37,2.6666666666666665,3.902,-1.2356770833333335,1.2356770833333335,2.7027027027027026,4.324324324324325,-1.621621621621622,1.621621621621622,3,5,-2,0.00025818999978157126,0.00032101010500454753,
2026-04-30,Procter & Gamble Company,US7427181091,RZXDWV-R,North America,UNITED STATES,Household/Personal Care,13.0,14,7.368421052631579,4.117,3.2512335526315788,3.2512335526315788,8.571428571428571,5.0,3.571428571428571,3.571428571428571,9,5,4,0.003942315996664801,0.005525113086136514,
2026-04-30,Progressive Corporation,US7433151039,HVV49B-R,North America,UNITED STATES,Multi-Line Insurance,10.0,23,4.375,6.0,-1.625,1.625,5.652173913043478,6.086956521739131,-0.4347826086956532,0.4347826086956532,6,6,0,0.0013383389988677653,0.0018893020294542186,
2026-04-30,"Prologis, Inc.",US74340W1036,B97MP0-R,North America,UNITED STATES,Real Estate Investment Trusts,14.0,31,5.128205128205128,2.223,2.9055488782051277,2.9055488782051277,5.483870967741935,2.258064516129032,3.225806451612903,3.225806451612903,6,2,4,0.001488655998740597,0.002121004033066453,
2026-04-30,"Prudential Financial, Inc.",US7443201022,SHNVG7-R,North America,UNITED STATES,Life/Health Insurance,10.0,23,1.875,2.0,-0.125,0.125,2.608695652173913,2.1739130434782608,0.43478260869565233,0.43478260869565233,3,2,1,0.000377277799680823,0.0005523268086107749,
2026-04-30,Public Service Enterprise Group Inc,US7445731067,KYJFW8-R,North America,UNITED STATES,Electric Utilities,19.0,32,0.975609756097561,6.176,-5.200171493902439,5.200171493902439,0.625,5.9375,-5.3125,5.3125,1,6,-5,0.00045368499961618246,0.0006465466100796617,
2026-04-30,Public Storage,US74460D1090,C46DK8-R,North America,UNITED STATES,Real Estate Investment Trusts,14.0,31,5.384615384615384,6.39,-1.0060096153846159,1.0060096153846159,5.806451612903226,6.451612903225806,-0.6451612903225801,0.6451612903225801,6,7,-1,0.0005324164995495756,0.0007712556120238749,
2026-04-30,"PulteGroup, Inc.",US7458671010,F1DFCD-R,North America,UNITED STATES,Homebuilding,13.0,14,5.263157894736842,6.47,-1.2055921052631584,1.2055921052631584,6.428571428571429,7.142857142857143,-0.7142857142857144,0.7142857142857144,7,7,0,0.00026960429977191476,0.00036816230573965034,
2026-04-30,"Everpure, Inc. Class A",US74624M1027,X197L5-R,North America,UNITED STATES,Computer Peripherals,16.0,94,5.046728971962616,4.04,1.007666471962616,1.007666471962616,5.212765957446809,4.148936170212766,1.0638297872340434,1.0638297872340434,5,4,1,0.00025282269978611196,,
2026-04-30,"Qnity Electronics, Inc.",US74743L1008,KZXLYJ-R,North America,UNITED STATES,Electronic Equipment/Instruments,16.0,94,4.672897196261682,3.535,1.1377409462616823,1.1377409462616823,4.787234042553192,3.723404255319149,1.063829787234043,1.063829787234043,5,4,1,0.0003410853997114417,0.00048821530761127663,
2026-04-30,QUALCOMM Incorporated,US7475251036,FXH4XG-R,North America,UNITED STATES,Semiconductors,16.0,94,5.5140186915887845,2.525,2.9886280665887845,2.9886280665887845,5.638297872340425,2.6595744680851063,2.978723404255319,2.978723404255319,6,3,3,0.0021663419981672745,0.003047777047514844,
2026-04-30,"Quanta Services, Inc.",US74762E1029,S7P87W-R,North America,UNITED STATES,Engineering & Construction,5.0,13,8.333333333333334,9.29,-0.9557291666666661,0.9557291666666661,9.230769230769232,9.230769230769232,0.0,0.0,9,9,0,0.0012676899989275342,0.001790657027916343,
2026-04-30,Quest Diagnostics Incorporated,US74834L1008,KHX8Q2-R,North America,UNITED STATES,Services to the Health Industry,8.0,58,7.611940298507463,4.777,2.834596548507463,2.834596548507463,7.586206896551724,4.827586206896552,2.7586206896551726,2.7586206896551726,8,5,3,0.00025495629978430695,0.00034053960530901244,
2026-04-30,RPM International Inc.,US7496851038,LN3YSL-R,North America,UNITED STATES,Industrial Specialties,4.0,8,3.6363636363636367,7.0,-3.3636363636363633,3.3636363636363633,3.75,7.5,-3.75,3.75,4,8,-4,0.0001452494998771189,,
2026-04-30,"Raymond James Financial, Inc.",US7547301090,F1DNTM-R,North America,UNITED STATES,Investment Managers,6.0,37,4.222222222222222,6.83,-2.6059027777777777,2.6059027777777777,4.054054054054054,7.297297297297297,-3.243243243243243,3.243243243243243,4,8,-4,0.00035696679969800607,0.000446000706953151,
2026-04-30,RTX Corporation,US75513E1010,MKC1SV-R,North America,UNITED STATES,Aerospace & Defense,9.0,99,9.830508474576272,8.48,1.3539459745762716,1.3539459745762716,9.797979797979798,8.585858585858585,1.2121212121212128,1.2121212121212128,10,9,1,0.002669508997741595,0.003770176058777045,
2026-04-30,Realty Income Corporation,US7561091049,B6ZXQL-R,North America,UNITED STATES,Real Estate Investment Trusts,14.0,31,7.435897435897436,8.61,-1.1734775641025639,1.1734775641025639,7.741935483870968,8.387096774193548,-0.6451612903225801,0.6451612903225801,8,9,-1,0.0006713784994320138,0.0009508831148242677,
2026-04-30,"Reddit, Inc. Class A",US75734B1008,JM5H9L-R,North America,UNITED STATES,Internet Software/Services,16.0,94,5.327102803738317,9.9,-4.571334696261683,4.571334696261683,5.425531914893616,9.893617021276595,-4.468085106382979,4.468085106382979,6,10,-4,0.0001980350998324623,,
2026-04-30,Regency Centers Corporation,US7588491032,BZPFLX-R,North America,UNITED STATES,Real Estate Investment Trusts,14.0,31,3.333333333333333,5.555,-2.221354166666667,2.221354166666667,3.225806451612903,5.806451612903226,-2.580645161290323,2.580645161290323,3,6,-3,0.0001661981998593963,0.00021019950327701023,
2026-04-30,"Regeneron Pharmaceuticals, Inc.",US75886F1075,S8ZQDV-R,North America,UNITED STATES,Pharmaceuticals: Major,8.0,58,7.313432835820896,8.95,-1.6396921641791042,1.6396921641791042,7.241379310344827,8.793103448275861,-1.5517241379310338,1.5517241379310338,7,9,-2,0.000850300299280646,0.0011452570178545568,
2026-04-30,Regions Financial Corporation,US7591EP1005,FDS65G-R,North America,UNITED STATES,Major Banks,2.0,15,4.8,7.65,-2.8484375,2.8484375,4.666666666666667,8.0,-3.333333333333333,3.333333333333333,5,8,-3,0.00029665549974902943,0.00039319910612997406,
2026-04-30,"Reliance, Inc.",US7595091023,VMM9PX-R,North America,UNITED STATES,Steel,3.0,9,6.7857142857142865,7.5,-0.7142857142857135,0.7142857142857135,10.0,8.88888888888889,1.1111111111111107,1.1111111111111107,10,9,1,0.00023470319980144108,,
2026-04-30,"Republic Services, Inc.",US7607591002,NPK7YX-R,North America,UNITED STATES,Environmental Services,19.0,32,2.926829268292683,7.35,-4.424733231707317,4.424733231707317,2.5,7.1875,-4.6875,4.6875,3,7,-4,0.0005159297995635233,0.0006733410104973863,
2026-04-30,ResMed Inc.,US7611521078,J2MW73-R,North America,UNITED STATES,Medical Specialties,8.0,58,9.850746268656716,9.7,0.14762126865671554,0.14762126865671554,9.827586206896552,9.655172413793103,0.1724137931034484,0.1724137931034484,10,10,0,0.0003413801997111923,0.00048280080752686463,
2026-04-30,"Revolution Medicines, Inc.",US76155X1000,BMBP35-R,North America,UNITED STATES,Pharmaceuticals: Other,8.0,58,1.7910447761194028,0.4478,1.3432908698694028,1.3432908698694028,1.896551724137931,0.5172413793103449,1.3793103448275863,1.3793103448275863,2,1,1,0.00023338169980255906,,
2026-04-30,"Rivian Automotive, Inc. Class A",US76954A1034,G7RF6F-R,North America,UNITED STATES,Motor Vehicles,1.0,6,2.8571428571428568,1.667,1.1901506696428568,1.1901506696428568,3.333333333333333,1.6666666666666665,1.6666666666666665,1.6666666666666665,4,2,2,0.0001362155998847616,,
2026-04-30,"Robinhood Markets, Inc. Class A",US7707001027,CSC7N1-R,North America,UNITED STATES,Investment Banks/Brokers,6.0,37,0.4444444444444445,0.4878,-0.043348524305555525,0.043348524305555525,0.5405405405405406,0.5405405405405406,0.0,0.0,1,1,0,0.0006311195994660728,0.0009385220146315581,
2026-04-30,Roblox Corp. Class A,US7710491033,DX9NZT-R,North America,UNITED STATES,Packaged Software,16.0,94,5.420560747663551,1.313,4.107084185163551,4.107084185163551,5.531914893617022,1.3829787234042554,4.1489361702127665,4.1489361702127665,6,2,4,0.00029315809975198826,,
2026-04-30,"Rocket Companies, Inc. Class A",US77311W1018,WVFWFQ-R,North America,UNITED STATES,Finance/Rental/Leasing,6.0,37,8.444444444444445,2.684,5.760850694444445,5.760850694444445,8.378378378378379,2.9729729729729732,5.405405405405405,5.405405405405405,9,3,6,0.00015409829986963281,,
2026-04-30,Rocket Lab Corporation,US7731211089,QZL0GG-R,North America,UNITED STATES,Aerospace & Defense,9.0,99,0.1694915254237288,0.1904,-0.020938162076271194,0.020938162076271194,0.20202020202020204,0.20202020202020204,0.0,0.0,1,1,0,0.00043314029963356334,,
2026-04-30,"Rockwell Automation, Inc.",US7739031091,R4M2WP-R,North America,UNITED STATES,Electrical Products,9.0,99,5.76271186440678,4.0,1.7627118644067803,1.7627118644067803,5.656565656565657,4.040404040404041,1.616161616161616,1.616161616161616,6,4,2,0.0005324748995495262,0.0007418674115657129,
2026-04-30,"Rollins, Inc.",US7757111049,WRVHRX-R,North America,UNITED STATES,Miscellaneous Commercial Services,11.0,12,0.5555555555555556,2.223,-1.6671006944444444,1.6671006944444444,0.8333333333333333,2.5,-1.6666666666666667,1.6666666666666667,1,3,-2,0.0001790092998485581,0.00025899910403779606,
2026-04-30,"Roper Technologies, Inc.",US7766961061,FQZF97-R,North America,UNITED STATES,Packaged Software,16.0,94,9.813084112149532,7.676,2.1373028621495322,2.1373028621495322,9.787234042553191,7.76595744680851,2.0212765957446805,2.0212765957446805,10,8,2,0.0004317542996347359,0.0006149118095864751,
2026-04-30,"Ross Stores, Inc.",US7782961038,FJ4NDH-R,North America,UNITED STATES,Apparel/Footwear Retail,15.0,29,8.974358974358974,10.0,-1.0256410256410255,1.0256410256410255,9.655172413793103,10.0,-0.3448275862068968,0.3448275862068968,10,10,0,0.0008757630992591044,0.001193408018605231,
2026-04-30,"S&P Global, Inc.",US78409V1044,PRGQ6L-R,North America,UNITED STATES,Financial Publishing/Services,6.0,37,6.888888888888889,6.098,0.7912326388888893,0.7912326388888893,7.027027027027027,6.486486486486487,0.5405405405405403,0.5405405405405403,7,7,0,0.001529694998705878,0.0021037460327974007,
2026-04-30,SBA Communications Corp. Class A,US78410G1040,XKT8J2-R,North America,UNITED STATES,Real Estate Investment Trusts,14.0,31,0.7692307692307693,0.5557,0.21356670673076927,0.21356670673076927,0.6451612903225806,0.6451612903225806,0.0,0.0,1,1,0,0.0002754583997669622,0.0003772831058818436,
2026-04-30,"SS&C Technologies Holdings, Inc.",US78467J1007,G92RX2-R,North America,UNITED STATES,Information Technology Services,16.0,94,9.345794392523365,6.97,2.3770443925233646,2.3770443925233646,9.361702127659575,7.0212765957446805,2.340425531914894,2.340425531914894,10,7,3,0.00018292289984524722,,
2026-04-30,"Salesforce, Inc.",US79466L3024,GZMRSV-R,North America,UNITED STATES,Packaged Software,16.0,94,7.5700934579439245,7.88,-0.3088127920560755,0.3088127920560755,7.659574468085106,7.9787234042553195,-0.31914893617021356,0.31914893617021356,8,8,0,0.0019670469983358784,0.0027799510433394368,
2026-04-30,"Samsara, Inc. Class A",US79589L1061,M52F3X-R,North America,UNITED STATES,Packaged Software,16.0,94,1.8691588785046729,3.031,-1.1620911214953271,1.1620911214953271,1.9148936170212765,3.1914893617021276,-1.2765957446808511,1.2765957446808511,2,3,-1,9.34100399209751e-05,,
2026-04-30,Charles Schwab Corp,US8085131055,KM5Q58-R,North America,UNITED STATES,Investment Banks/Brokers,6.0,37,7.777777777777778,5.12,2.6566840277777777,2.6566840277777777,7.837837837837838,5.405405405405405,2.4324324324324325,2.4324324324324325,8,6,2,0.0017669459985051638,0.0024724850385460418,
2026-04-30,Sea Limited Sponsored ADR Class A,US81141R1005,MG0VMN-R,North America,UNITED STATES,Internet Retail,15.0,29,0.7692307692307693,7.0,-6.230769230769231,6.230769230769231,0.6896551724137931,7.241379310344827,-6.551724137931034,6.551724137931034,1,7,-6,0.00038987649967016445,,
2026-04-30,Sempra,US8168511090,WQK5W2-R,North America,UNITED STATES,Gas Distributors,19.0,32,3.414634146341464,1.765,1.6499857088414638,1.6499857088414638,3.125,1.875,1.25,1.25,3,2,1,0.0007039128994044896,0.0009994161155808972,
2026-04-30,"ServiceNow, Inc.",US81762P1021,MJ0XB7-R,North America,UNITED STATES,Packaged Software,16.0,94,1.588785046728972,1.616,-0.027425890771028083,0.027425890771028083,1.702127659574468,1.702127659574468,0.0,0.0,2,2,0,0.0010710049990939297,0.0015398830240067763,
2026-04-30,Sherwin-Williams Company,US8243481061,GC9695-R,North America,UNITED STATES,Industrial Specialties,9.0,99,2.11864406779661,2.666,-0.5473715572033901,0.5473715572033901,2.0202020202020203,2.727272727272727,-0.7070707070707067,0.7070707070707067,2,3,-1,0.0008635154992694659,0.0011876060185147777,
2026-04-30,"Simon Property Group, Inc.",US8288061091,M1H0C2-R,North America,UNITED STATES,Real Estate Investment Trusts,14.0,31,6.666666666666666,1.667,4.999674479166666,4.999674479166666,7.096774193548388,1.6129032258064515,5.483870967741936,5.483870967741936,7,2,5,0.0007471437993679163,0.0010613470165464,
2026-04-30,Snap-on Incorporated,US8330341012,DXW84Y-R,North America,UNITED STATES,Tools & Hardware,9.0,99,1.9491525423728815,8.19,-6.2383474576271185,6.2383474576271185,1.8181818181818183,8.282828282828284,-6.464646464646465,6.464646464646465,2,8,-6,0.0002272828998077187,0.0003195669049820481,
2026-04-30,"Snap, Inc. Class A",US83304A1060,NCFFZY-R,North America,UNITED STATES,Packaged Software,16.0,94,3.644859813084112,2.322,1.3225941880841119,1.3225941880841119,3.723404255319149,2.4468085106382977,1.2765957446808511,1.2765957446808511,4,3,1,7.763478993432097e-05,,
2026-04-30,"Snowflake, Inc.",US8334451098,JWW8TR-R,North America,UNITED STATES,Packaged Software,16.0,94,4.018691588785047,2.424,1.594863463785047,1.594863463785047,4.148936170212766,2.553191489361702,1.5957446808510638,1.5957446808510638,4,3,1,0.0005102077995683643,,
2026-04-30,SoFi Technologies Inc,US83406F1021,HGZX4Y-R,North America,UNITED STATES,Finance/Rental/Leasing,6.0,37,5.111111111111111,0.9756,4.135525173611111,4.135525173611111,4.864864864864865,1.0810810810810811,3.7837837837837838,3.7837837837837838,5,1,4,0.00020858399982353793,,
2026-04-30,Solventum Corporation,US83444M1018,JC73DC-R,North America,UNITED STATES,Medical/Nursing Services,8.0,58,3.1343283582089554,8.36,-5.225046641791044,5.225046641791044,3.103448275862069,8.103448275862068,-4.999999999999998,4.999999999999998,3,8,-5,0.0001053577999108673,0.00015984940249205219,
2026-04-30,Southern Company,US8425871071,XGFDHN-R,North America,UNITED STATES,Electric Utilities,19.0,32,2.682926829268293,2.646,0.036442454268292845,0.036442454268292845,2.1875,2.8125,-0.625,0.625,2,3,-1,0.0012161309989711531,0.0017179260267824667,
2026-04-30,"Block, Inc. Class A",US8522341036,QV31TF-R,North America,UNITED STATES,Miscellaneous Commercial Services,9.0,99,4.322033898305085,5.906,-1.5842161016949152,1.5842161016949152,4.242424242424242,6.0606060606060606,-1.8181818181818183,1.8181818181818183,4,6,-2,0.00045491399961514276,0.0006391541099644126,
2026-04-30,Starbucks Corporation,US8552441094,TWTDGH-R,North America,UNITED STATES,Restaurants,18.0,20,9.230769230769232,1.538,7.692683293269232,7.692683293269232,9.5,1.5,8.0,8.0,10,2,8,0.0013680019988426704,0.0019463920303442518,
2026-04-30,State Street Corporation,US8574771031,JQZ00G-R,North America,UNITED STATES,Investment Banks/Brokers,6.0,37,9.333333333333334,9.02,0.3098958333333339,0.3098958333333339,9.45945945945946,9.72972972972973,-0.2702702702702702,0.2702702702702702,10,10,0,0.0004911103995845206,0.0006876536107205197,
2026-04-30,"Steel Dynamics, Inc.",US8581191009,MTBCGY-R,North America,UNITED STATES,Steel,3.0,9,5.0,3.334,1.666015625,1.666015625,7.777777777777778,4.444444444444445,3.333333333333333,3.333333333333333,8,5,3,0.000404566199657737,0.000509881007949045,
2026-04-30,Stryker Corporation,US8636671013,TY1WWM-R,North America,UNITED STATES,Medical Specialties,8.0,58,5.522388059701493,7.312,-1.790111940298507,1.790111940298507,5.344827586206896,6.8965517241379315,-1.5517241379310356,1.5517241379310356,6,7,-1,0.0011518929990254985,0.0016397660255639524,
2026-04-30,"Sun Communities, Inc.",US8666741041,B2F8KN-R,North America,UNITED STATES,Real Estate Investment Trusts,14.0,31,3.076923076923077,3.055,0.022235576923077094,0.022235576923077094,2.903225806451613,2.903225806451613,0.0,0.0,3,3,0,0.00018669759984205384,,
2026-04-30,Sunbelt Rentals Holdings Inc,US8669661048,CQWN5R-R,North America,UNITED STATES,Finance/Rental/Leasing,6.0,37,1.3333333333333333,2.195,-0.8619791666666667,0.8619791666666667,1.0810810810810811,2.4324324324324325,-1.3513513513513513,1.3513513513513513,1,3,-2,0.00036190919969382484,,0.002212113982435815
2026-04-30,"Super Micro Computer, Inc.",US86800U3023,PTW56G-R,North America,UNITED STATES,Computer Processing Hardware,16.0,94,3.2710280373831773,0.808,2.4629225686331773,2.4629225686331773,3.2978723404255317,0.851063829787234,2.4468085106382977,2.4468085106382977,3,1,2,0.00016270479986235173,0.00021976470342613175,
2026-04-30,"Synopsys, Inc.",US8716071076,CPCV0Y-R,North America,UNITED STATES,Packaged Software,16.0,94,1.7757009345794392,0.909,0.8665212470794392,0.8665212470794392,1.8085106382978724,0.9574468085106382,0.8510638297872342,0.8510638297872342,2,1,1,0.0010706569990942241,0.0015107890235532006,
2026-04-30,Synchrony Financial,US87165B1035,VQYTRP-R,North America,UNITED STATES,Finance/Rental/Leasing,9.0,99,8.728813559322035,9.81,-1.0836864406779654,1.0836864406779654,8.787878787878787,9.8989898989899,-1.1111111111111125,1.1111111111111125,9,10,-1,0.0003233257997264664,0.0004232373065982696,
2026-04-30,Sysco Corporation,US8718291078,T2TNWF-R,North America,UNITED STATES,Food Distributors,15.0,29,1.794871794871795,1.0,0.7948717948717949,0.7948717948717949,2.0689655172413794,1.0344827586206897,1.0344827586206897,1.0344827586206897,2,1,1,0.0004119402996514985,0.0005726464089275575,
2026-04-30,TJX Companies Inc,US8725401090,S8ZPBT-R,North America,UNITED STATES,Apparel/Footwear Retail,15.0,29,7.6923076923076925,7.668,0.024338942307692513,0.024338942307692513,7.931034482758621,7.931034482758621,0.0,0.0,8,8,0,0.0020025669983058285,0.002810765043819827,
2026-04-30,"T-Mobile US, Inc.",US8725901040,W5QQ9P-R,North America,UNITED STATES,Wireless Telecommunications,17.0,12,6.25,4.168,2.08203125,2.08203125,8.333333333333334,4.166666666666667,4.166666666666667,4.166666666666667,9,4,5,0.0011420779990338019,0.0014986100233633302,
2026-04-30,"Take-Two Interactive Software, Inc.",US8740541094,MYW502-R,North America,UNITED STATES,Packaged Software,16.0,94,4.485981308411215,2.627,1.8590281834112146,1.8590281834112146,4.574468085106383,2.765957446808511,1.808510638297872,1.808510638297872,5,3,2,0.0004521698996174642,0.0006066872094582537,
2026-04-30,"Tapestry, Inc.",US8760301072,LN3P8B-R,North America,UNITED STATES,Apparel/Footwear Retail,15.0,29,9.230769230769232,9.664,-0.4332932692307683,0.4332932692307683,10.0,9.655172413793103,0.3448275862068968,0.3448275862068968,10,10,0,0.0003407861997116948,0.00046498770724915837,
2026-04-30,Target Corporation,US87612E1064,J994MP-R,North America,UNITED STATES,Specialty Stores,15.0,29,8.717948717948719,8.336,0.38201121794871895,0.38201121794871895,9.310344827586206,8.620689655172413,0.6896551724137936,0.6896551724137936,10,9,1,0.0006618690994400588,0.0009404885146622159,
2026-04-30,Targa Resources Corp.,US87612G1013,DKTB77-R,North America,UNITED STATES,Gas Distributors,12.0,23,3.888888888888889,4.168,-0.27907986111111116,0.27907986111111116,3.4782608695652173,4.3478260869565215,-0.8695652173913042,0.8695652173913042,4,5,-1,0.0006119553994822858,0.0008810916137362183,
2026-04-30,Teledyne Technologies Incorporated,US8793601050,MTGSY3-R,North America,UNITED STATES,Aerospace & Defense,9.0,99,6.440677966101695,1.81,4.631107653601695,4.631107653601695,6.161616161616161,1.9191919191919191,4.242424242424242,4.242424242424242,6,2,4,0.00034522279970794153,0.00048426060754962284,
2026-04-30,"Teradyne, Inc.",US8807701029,G4GB6B-R,North America,UNITED STATES,Electronic Production Equipment,16.0,94,5.14018691588785,9.59,-4.45356308411215,4.45356308411215,5.319148936170213,9.574468085106384,-4.255319148936171,4.255319148936171,6,10,-4,0.0006135110994809695,0.0008763736136626646,
2026-04-30,"Tesla, Inc.",US88160R1014,Q2YN1N-R,North America,UNITED STATES,Motor Vehicles,1.0,6,5.7142857142857135,6.668,-0.9536830357142865,0.9536830357142865,6.666666666666666,6.666666666666666,0.0,0.0,7,7,0,0.012643669989303455,0.017755510276808405,
2026-04-30,Teva Pharmaceutical Industries Limited Sponsored ADR,US8816242098,QWP6YY-R,North America,UNITED STATES,Pharmaceuticals: Generic,8.0,58,1.4925373134328357,2.688,-1.1949626865671643,1.1949626865671643,1.5517241379310345,2.7586206896551726,-1.2068965517241381,1.2068965517241381,2,3,-1,0.00046676119960512003,,
2026-04-30,Texas Instruments Incorporated,US8825081040,HQ87P5-R,North America,UNITED STATES,Semiconductors,16.0,94,8.22429906542056,7.477,0.7477365654205599,0.7477365654205599,8.297872340425531,7.553191489361702,0.744680851063829,0.744680851063829,8,8,0,0.0029085509975393655,0.004116206064171652,
2026-04-30,Texas Pacific Land Corporation,US88262P1021,SJX7P8-R,North America,UNITED STATES,Investment Trusts/Mutual Funds,12.0,23,0.5555555555555556,0.8335,-0.2779405381944444,0.2779405381944444,0.43478260869565216,0.8695652173913043,-0.43478260869565216,0.43478260869565216,1,1,0,0.00028164589976172754,0.0004057421063255194,
2026-04-30,Textron Inc.,US8832031012,GN6RRQ-R,North America,UNITED STATES,Aerospace & Defense,9.0,99,8.305084745762713,2.477,5.828522245762713,5.828522245762713,8.282828282828284,2.5252525252525255,5.757575757575758,5.757575757575758,8,3,5,0.0002057448998259398,0.00026450640412365486,
2026-04-30,"Trade Desk, Inc. Class A",US88339J1051,P6FHDH-R,North America,UNITED STATES,Packaged Software,11.0,12,8.88888888888889,9.445,-0.5564236111111107,0.5564236111111107,9.166666666666666,9.166666666666666,0.0,0.0,9,9,0,0.00012163099989710016,0.00017288800269532395,
2026-04-30,Thermo Fisher Scientific Inc.,US8835561023,BK6JKQ-R,North America,UNITED STATES,Medical Specialties,8.0,58,5.82089552238806,1.642,4.17929395988806,4.17929395988806,5.689655172413794,1.5517241379310345,4.137931034482759,4.137931034482759,6,2,4,0.002011883998297946,0.0028452020443567,
2026-04-30,3M Company,US88579Y1010,FT8DNV-R,North America,UNITED STATES,Industrial Conglomerates,9.0,99,2.542372881355932,6.19,-3.649033368644068,3.649033368644068,2.5252525252525255,6.363636363636363,-3.838383838383838,3.838383838383838,3,7,-4,0.0008663537992670647,0.0012102940188684836,
2026-04-30,"Toast, Inc. Class A",US8887871080,Q85TM3-R,North America,UNITED STATES,Packaged Software,16.0,94,4.392523364485982,8.18,-3.7871641355140184,3.7871641355140184,4.468085106382978,8.297872340425531,-3.829787234042553,3.829787234042553,5,8,-3,0.00015061809987257707,,
2026-04-30,Tractor Supply Company,US8923561067,BRWKF0-R,North America,UNITED STATES,Specialty Stores,15.0,29,3.333333333333333,2.334,0.999348958333333,0.999348958333333,3.793103448275862,2.413793103448276,1.3793103448275863,1.3793103448275863,4,3,1,0.00020789899982411744,0.0002902026045242586,
2026-04-30,"Tradeweb Markets, Inc. Class A",US8926721064,RHVDR3-R,North America,UNITED STATES,Investment Banks/Brokers,6.0,37,6.0,6.34,-0.33984375,0.33984375,5.9459459459459465,6.756756756756756,-0.8108108108108096,0.8108108108108096,6,7,-1,0.00015431649986944823,,
2026-04-30,TransDigm Group Incorporated,US8936411003,Q8G78M-R,North America,UNITED STATES,Aerospace & Defense,9.0,99,5.169491525423728,0.952,4.217343087923728,4.217343087923728,4.94949494949495,1.0101010101010102,3.9393939393939394,3.9393939393939394,5,1,4,0.0007435422993709632,0.0010524630164078985,
2026-04-30,TransUnion,US89400J1079,G3ZPT3-R,North America,UNITED STATES,Financial Publishing/Services,9.0,99,8.898305084745763,7.145,1.753773834745763,1.753773834745763,8.98989898989899,7.373737373737374,1.616161616161616,1.616161616161616,9,8,1,0.0001507934998724287,,
2026-04-30,"Travelers Companies, Inc.",US89417E1091,FS319Q-R,North America,UNITED STATES,Property/Casualty Insurance,10.0,23,8.4375,9.2,-0.765625,0.765625,9.565217391304348,9.130434782608695,0.43478260869565233,0.43478260869565233,10,9,1,0.0007909937993308192,0.0010623880165626291,
2026-04-30,Trimble Inc.,US8962391004,TBS2VP-R,North America,UNITED STATES,Packaged Software,9.0,99,5.59322033898305,2.762,2.83150158898305,2.83150158898305,5.454545454545454,2.8282828282828283,2.626262626262626,2.626262626262626,6,3,3,0.00019174709983778195,0.0002622892040890887,
2026-04-30,Truist Financial Corporation,US89832Q1094,GX5LJC-R,North America,UNITED STATES,Regional Banks,2.0,15,5.2,4.707,0.4929687500000002,0.4929687500000002,5.333333333333333,4.666666666666667,0.6666666666666661,0.6666666666666661,6,5,1,0.0007547047993615198,0.0010363190161562135,
2026-04-30,"Twilio, Inc. Class A",US90138F1021,QWG0VT-R,North America,UNITED STATES,Packaged Software,16.0,94,5.794392523364485,4.14,1.6537675233644853,1.6537675233644853,5.851063829787234,4.25531914893617,1.5957446808510642,1.5957446808510642,6,4,2,0.00034117549971136553,,
2026-04-30,"Tyler Technologies, Inc.",US9022521051,RT7HCR-R,North America,UNITED STATES,Data Processing Services,16.0,94,4.859813084112149,2.02,2.840281834112149,2.840281834112149,5.0,2.127659574468085,2.872340425531915,2.872340425531915,5,2,3,0.00016483019986055365,0.00023385710364583225,
2026-04-30,"Tyson Foods, Inc. Class A",US9024941034,BM9QXX-R,North America,UNITED STATES,Food: Meat/Fish/Dairy,7.0,18,4.838709677419355,2.5,2.338709677419355,2.338709677419355,5.555555555555555,3.333333333333333,2.2222222222222223,2.2222222222222223,6,4,2,0.0002075027998244526,0.0002919345045512589,
2026-04-30,"UDR, Inc.",US9026531049,KFP2R4-R,North America,UNITED STATES,Real Estate Investment Trusts,14.0,31,5.897435897435898,5.0,0.8974358974358978,0.8974358974358978,6.451612903225806,5.161290322580645,1.290322580645161,1.290322580645161,7,5,2,0.0001258499998935309,0.00017873990278655506,
2026-04-30,U.S. Bancorp,US9029733048,WYJT0C-R,North America,UNITED STATES,Regional Banks,2.0,15,4.4,5.293,-0.8929687499999996,0.8929687499999996,4.0,5.333333333333333,-1.333333333333333,1.333333333333333,4,6,-2,0.0010044689991502193,0.0014153390220651351,
2026-04-30,"Uber Technologies, Inc.",US90353T1007,TR0FX7-R,North America,UNITED STATES,Other Transportation,9.0,99,0.9322033898305084,1.333,-0.40080442266949157,0.40080442266949157,0.9090909090909092,1.4141414141414141,-0.505050505050505,0.505050505050505,1,2,-1,0.0016873839985724732,0.0024950640388980484,
2026-04-30,Ulta Beauty Inc.,US90384S3031,GM3DBL-R,North America,UNITED STATES,Specialty Stores,15.0,29,1.5384615384615385,2.666,-1.1275540865384615,1.1275540865384615,1.7241379310344829,2.7586206896551726,-1.0344827586206897,1.0344827586206897,2,3,-1,0.00029111139975371975,0.00037945200591565676,
2026-04-30,Union Pacific Corporation,US9078181081,M1FW60-R,North America,UNITED STATES,Railroads,9.0,99,5.847457627118644,4.094,1.7537076271186436,1.7537076271186436,5.757575757575758,4.141414141414142,1.616161616161616,1.616161616161616,6,4,2,0.0018004669984768048,0.0025549510398316863,
2026-04-30,"United Airlines Holdings, Inc.",US9100471096,QKJS7V-R,North America,UNITED STATES,Airlines,18.0,20,4.615384615384616,5.383,-0.7674278846153841,0.7674278846153841,5.0,6.0,-1.0,1.0,5,6,-1,8.999396992386509e-05,0.0004848750075592014,
2026-04-30,"United Parcel Service, Inc. Class B",US9113121068,KPFMHW-R,North America,UNITED STATES,Air Freight/Couriers,9.0,99,5.084745762711864,6.953,-1.8683792372881358,1.8683792372881358,4.848484848484849,7.171717171717171,-2.3232323232323226,2.3232323232323226,5,7,-2,0.000901446699237376,0.001285752020044874,
2026-04-30,"United Rentals, Inc.",US9113631090,W0Z4W6-R,North America,UNITED STATES,Finance/Rental/Leasing,9.0,99,3.389830508474576,1.429,1.9611195709745761,1.9611195709745761,3.2323232323232327,1.5151515151515151,1.7171717171717176,1.7171717171717176,3,2,1,0.0006948337994121705,0.0009637646150250903,
2026-04-30,United Therapeutics Corporation,US91307C1027,P6GXH6-R,North America,UNITED STATES,Biotechnology,8.0,58,8.805970149253731,3.582,5.2239388992537314,5.2239388992537314,8.793103448275861,3.793103448275862,4.999999999999999,4.999999999999999,9,4,5,0.0002827690997607773,,
2026-04-30,UnitedHealth Group Incorporated,US91324P1021,GGPVTB-R,North America,UNITED STATES,Managed Health Care,8.0,58,2.537313432835821,2.836,-0.2986240671641789,0.2986240671641789,2.7586206896551726,2.9310344827586206,-0.17241379310344795,0.17241379310344795,3,3,0,0.0038108289967760385,0.005392600084070635,
2026-04-30,"Universal Health Services, Inc. Class B",US9139031002,XMYTFJ-R,North America,UNITED STATES,Hospital/Nursing Management,8.0,58,8.059701492537313,8.21,-0.15123600746268728,0.15123600746268728,7.931034482758621,7.931034482758621,0.0,0.0,8,8,0,0.00011300479990439793,0.00014779540230413032,
2026-04-30,Valero Energy Corporation,US91913Y1001,H2VPCM-R,North America,UNITED STATES,Oil Refining/Marketing,12.0,23,9.722222222222221,10.0,-0.27777777777777857,0.27777777777777857,10.0,10.0,0.0,0.0,10,10,0,0.0008614100992712471,0.0012143090189310774,
2026-04-30,Veeva Systems Inc Class A,US9224751084,S5879M-R,North America,UNITED STATES,Packaged Software,8.0,58,3.283582089552239,6.12,-2.837511660447761,2.837511660447761,3.275862068965517,5.689655172413794,-2.4137931034482767,2.4137931034482767,3,6,-3,0.0002928739997522286,,
2026-04-30,"Ventas, Inc.",US92276F1003,THB4X2-R,North America,UNITED STATES,Real Estate Investment Trusts,14.0,31,9.743589743589743,8.89,0.8529647435897427,0.8529647435897427,9.67741935483871,8.709677419354838,0.9677419354838719,0.9677419354838719,10,9,1,0.0004422791996258318,0.0006751385105254093,
2026-04-30,Veralto Corporation,US92338C1036,P4XV2C-R,North America,UNITED STATES,Industrial Machinery,9.0,99,3.2203389830508473,6.383,-3.1624735169491527,3.1624735169491527,3.1313131313131315,6.565656565656566,-3.4343434343434343,3.4343434343434343,3,7,-4,0.0002445045997931491,0.00035373370551470846,
2026-04-30,"VeriSign, Inc.",US92343E1029,NB76FG-R,North America,UNITED STATES,Internet Software/Services,16.0,94,5.700934579439252,8.28,-2.5803154205607477,2.5803154205607477,5.74468085106383,8.404255319148938,-2.6595744680851077,2.6595744680851077,6,9,-3,0.0002601966997798736,0.0003611191056298468,
2026-04-30,Verizon Communications Inc.,US92343V1044,FT8FQW-R,North America,UNITED STATES,Wireless Telecommunications,17.0,12,6.875,6.668,0.20703125,0.20703125,9.166666666666666,6.666666666666666,2.5,2.5,9,7,2,0.0022957439980578007,0.0032747080510526984,
2026-04-30,"Verisk Analytics, Inc.",US92345Y1064,M67VFY-R,North America,UNITED STATES,Data Processing Services,9.0,99,1.7796610169491525,5.047,-3.2672139830508478,3.2672139830508478,1.7171717171717171,5.151515151515151,-3.4343434343434343,3.4343434343434343,2,5,-3,0.00028640059975770506,0.00040976790638828166,
2026-04-30,Vertex Pharmaceuticals Incorporated,US92532F1003,FFQNC3-R,North America,UNITED STATES,Pharmaceuticals: Major,8.0,58,2.835820895522388,4.33,-1.4923041044776122,1.4923041044776122,2.9310344827586206,4.482758620689655,-1.5517241379310343,1.5517241379310343,3,5,-2,0.0012438689989476867,0.0017424660271650454,
2026-04-30,Vertiv Holdings Co. Class A,US92537N1081,K1CWC1-R,North America,UNITED STATES,Electronic Production Equipment,16.0,94,6.074766355140186,8.69,-2.612733644859814,2.612733644859814,6.063829787234043,8.72340425531915,-2.659574468085106,2.659574468085106,6,9,-3,0.001350493998857482,0.0020283590316221172,
2026-04-30,VICI Properties Inc,US9256521090,XQF8XY-R,North America,UNITED STATES,Real Estate Investment Trusts,14.0,31,8.974358974358974,10.0,-1.0256410256410255,1.0256410256410255,9.032258064516128,10.0,-0.9677419354838719,0.9677419354838719,9,10,-1,0.0003402868997121173,0.0004919432076693946,
2026-04-30,Visa Inc. Class A,US92826C8394,LC1BTF-R,North America,UNITED STATES,Finance/Rental/Leasing,9.0,99,2.0338983050847457,6.285,-4.251257944915254,4.251257944915254,1.9191919191919191,6.464646464646465,-4.545454545454547,4.545454545454547,2,7,-5,0.006349928994627959,0.008908978138890968,
2026-04-30,Vistra Corp.,US92840M1027,KZNLFS-R,North America,UNITED STATES,Electric Utilities,19.0,32,2.1951219512195124,7.65,-5.453315548780488,5.453315548780488,1.5625,7.5,-5.9375,5.9375,2,8,-6,0.0005982312994938963,0.0008012376124912943,
2026-04-30,Vulcan Materials Company,US9291601097,MQ0Y3T-R,North America,UNITED STATES,Construction Materials,5.0,13,5.555555555555555,2.857,2.6981336805555554,2.6981336805555554,6.923076923076923,3.076923076923077,3.8461538461538463,3.8461538461538463,7,3,4,0.0004470828996217678,0.0006349079098982144,
2026-04-30,W. P. Carey Inc.,US92936U1097,V4QM4M-R,North America,UNITED STATES,Real Estate Investment Trusts,14.0,31,8.717948717948719,9.445,-0.727363782051281,0.727363782051281,8.709677419354838,9.354838709677418,-0.6451612903225801,0.6451612903225801,9,10,-1,0.00017550359985152395,,
2026-04-30,WEC Energy Group Inc,US92939U1060,RFPMVX-R,North America,UNITED STATES,Electric Utilities,19.0,32,5.853658536585366,4.707,1.1466272865853657,1.1466272865853657,5.625,4.6875,0.9375,0.9375,6,5,1,0.00042885869963718554,0.0006188895096484874,
2026-04-30,Westinghouse Air Brake Technologies Corporation,US9297401088,XF43NV-R,North America,UNITED STATES,Trucks/Construction/Farm Machinery,9.0,99,7.711864406779662,3.047,4.664989406779662,4.664989406779662,7.575757575757576,3.1313131313131315,4.444444444444445,4.444444444444445,8,3,5,0.0005151633995641718,0.0007315865114054337,
2026-04-30,Walmart Inc.,US9311421039,CSMTMQ-R,North America,UNITED STATES,Specialty Stores,15.0,29,5.6410256410256405,3.666,1.9750100160256405,1.9750100160256405,5.862068965517241,3.793103448275862,2.068965517241379,2.068965517241379,6,4,2,0.006603346994413568,0.009319637145293143,
2026-04-30,"Warner Bros. Discovery, Inc. Series A",US9344231041,B71DJZ-R,North America,UNITED STATES,Cable/Satellite TV,11.0,12,3.333333333333333,1.111,2.222005208333333,2.222005208333333,4.166666666666667,0.8333333333333333,3.333333333333334,3.333333333333334,4,1,3,0.0007027168994055015,0.0010815450168612868,
2026-04-30,"Waste Management, Inc.",US94106L1098,TZ2TSL-R,North America,UNITED STATES,Environmental Services,19.0,32,0.7317073170731707,3.53,-2.7975895579268295,2.7975895579268295,0.3125,3.75,-3.4375,3.4375,1,4,-3,0.0010407479991195272,0.001373981021420364,
2026-04-30,Waters Corporation,US9418481035,WL1GCY-R,North America,UNITED STATES,Medical Specialties,8.0,58,2.08955223880597,6.418,-4.32841651119403,4.32841651119403,2.2413793103448274,6.0344827586206895,-3.793103448275862,3.793103448275862,2,6,-4,0.0003354044997162478,0.00048469560755640454,
2026-04-30,"Watsco, Inc.",US9426222009,L8N68Q-R,North America,UNITED STATES,Building Products,5.0,13,5.0,2.143,2.857421875,2.857421875,6.153846153846154,2.307692307692308,3.8461538461538463,3.8461538461538463,6,2,4,0.00017036919985586766,,
2026-04-30,Wells Fargo & Company,US9497461015,VWF970-R,North America,UNITED STATES,Major Banks,2.0,15,8.8,3.53,5.270703125000001,5.270703125000001,8.666666666666668,3.333333333333333,5.333333333333335,5.333333333333335,9,4,5,0.002899856997546721,0.004034113062891823,
2026-04-30,Welltower Inc.,US95040Q1040,B6ZP8C-R,North America,UNITED STATES,Real Estate Investment Trusts,14.0,31,10.0,9.72,0.28125,0.28125,10.0,9.67741935483871,0.32258064516129004,0.32258064516129004,10,10,0,0.0017034799985588558,0.002444284038106388,
2026-04-30,"West Pharmaceutical Services, Inc.",US9553061055,S8Z499-R,North America,UNITED STATES,Medical Specialties,8.0,58,8.208955223880597,7.46,0.7480177238805972,0.7480177238805972,8.103448275862068,7.068965517241379,1.0344827586206886,1.0344827586206886,8,7,1,0.00025599769978342597,0.0003504439054634205,
2026-04-30,Western Digital Corporation,US9581021055,W00MKH-R,North America,UNITED STATES,Computer Peripherals,16.0,94,0.8411214953271028,9.695,-8.854191004672897,8.854191004672897,0.851063829787234,9.680851063829788,-8.829787234042554,8.829787234042554,1,10,-9,0.0016907259985696457,0.0023602220367958614,
2026-04-30,Weyerhaeuser Company,US9621661043,DLSMXK-R,North America,UNITED STATES,Real Estate Investment Trusts,14.0,31,4.871794871794871,6.668,-1.7961738782051286,1.7961738782051286,5.161290322580645,6.774193548387096,-1.612903225806451,1.612903225806451,5,7,-2,0.00019748919983292413,0.0002798137043622956,
2026-04-30,"Williams Companies, Inc.",US9694571004,QSDQCP-R,North America,UNITED STATES,Oil & Gas Pipelines,12.0,23,4.722222222222222,4.582,0.14019097222222232,0.14019097222222232,3.9130434782608696,4.782608695652174,-0.8695652173913042,0.8695652173913042,4,5,-1,0.0010521879991098489,0.00148800002319792,
2026-04-30,"Williams-Sonoma, Inc.",US9699041011,BZPTB8-R,North America,UNITED STATES,Specialty Stores,15.0,29,7.948717948717948,9.0,-1.051282051282052,1.051282051282052,8.275862068965518,9.310344827586206,-1.0344827586206886,1.0344827586206886,8,10,-2,0.00024660429979137276,0.00034519490538158855,
2026-04-30,"Workday, Inc. Class A",US98138H1014,KJZ16V-R,North America,UNITED STATES,Information Technology Services,16.0,94,3.08411214953271,2.727,0.35754964953270996,0.35754964953270996,3.0851063829787235,2.872340425531915,0.2127659574468086,0.2127659574468086,3,3,0,0.0003112149997367121,0.00043506420678265093,
2026-04-30,Xcel Energy Inc.,US98389B1008,KB791X-R,North America,UNITED STATES,Electric Utilities,19.0,32,5.121951219512195,2.059,3.0633574695121952,3.0633574695121952,5.0,2.1875,2.8125,2.8125,5,2,3,0.0005384815995444445,0.0007909492123308982,
2026-04-30,Xylem Inc.,US98419M1009,RSQN90-R,North America,UNITED STATES,Industrial Machinery,9.0,99,9.491525423728813,6.855,2.636056673728813,2.636056673728813,9.494949494949495,7.070707070707071,2.424242424242424,2.424242424242424,10,7,3,0.00032098229972844897,0.00045346070706945245,
2026-04-30,"Yum! Brands, Inc.",US9884981013,VCNXSP-R,North America,UNITED STATES,Restaurants,18.0,20,7.6923076923076925,6.92,0.7704326923076925,0.7704326923076925,8.0,7.5,0.5,0.5,8,8,0,0.0005005879995765026,0.0007116530110946705,
2026-04-30,Zebra Technologies Corporation Class A,US9892071054,F82H8Q-R,North America,UNITED STATES,Computer Processing Hardware,16.0,94,8.130841121495326,4.95,3.181622371495326,3.181622371495326,8.191489361702128,5.106382978723404,3.085106382978725,3.085106382978725,8,5,3,0.00013403789988660394,0.00017855310278364287,
2026-04-30,"Zillow Group, Inc. Class C",US98954M2008,W0DHV8-R,North America,UNITED STATES,Internet Software/Services,14.0,31,1.5384615384615385,1.944,-0.40587439903846145,0.40587439903846145,1.2903225806451613,1.935483870967742,-0.6451612903225807,0.6451612903225807,1,2,-1,8.892055992477321e-05,,
2026-04-30,"Zimmer Biomet Holdings, Inc.",US98956P1021,LJQYJ1-R,North America,UNITED STATES,Medical Specialties,8.0,58,4.925373134328358,2.389,2.5367012593283578,2.5367012593283578,4.655172413793103,2.413793103448276,2.2413793103448274,2.2413793103448274,5,3,2,0.000185939699842695,0.0002661262041489075,
2026-04-30,"Zoetis, Inc. Class A",US98978V1035,TW6KKV-R,North America,UNITED STATES,Pharmaceuticals: Major,8.0,58,7.462686567164179,8.66,-1.1935634328358207,1.1935634328358207,7.413793103448276,8.448275862068966,-1.0344827586206904,1.0344827586206904,8,9,-1,0.0005881838995023963,0.0007765253121060295,
2026-04-30,"Zscaler, Inc.",US98980G1022,VTH886-R,North America,UNITED STATES,Packaged Software,16.0,94,8.878504672897197,2.828,6.050379672897197,6.050379672897197,9.042553191489361,2.978723404255319,6.063829787234042,6.063829787234042,9,3,6,0.00015969309986489964,,
2026-04-30,"Zoom Communications, Inc. Class A",US98980L1017,HVKZ86-R,North America,UNITED STATES,Packaged Software,16.0,94,3.7383177570093458,1.414,2.3242552570093458,2.3242552570093458,3.829787234042553,1.4893617021276595,2.340425531914893,2.340425531914893,4,2,2,0.000306664299740562,,
2026-05-31,SLB Limited,AN8068571086,BJ2HRV-R,North America,UNITED STATES,Contract Drilling,12.0,23,1.3888888888888888,1.25,0.13888888888888884,0.13888888888888884,1.7391304347826086,1.3043478260869565,0.4347826086956521,0.4347826086956521,2,1,1,0.000912575307155503,0.0012575669948313997,
2026-05-31,Raiffeisen Bank International AG,AT0000606306,S0YJ3Z-R,West Europe,AUSTRIA,Major Banks,2.0,37,5.384615384615384,7.5,-2.115384615384616,2.115384615384616,4.864864864864865,7.567567567567568,-2.7027027027027035,2.7027027027027035,5,8,-3,8.523590066833469e-05,,0.0005135788982538317
2026-05-31,Erste Group Bank AG,AT0000652011,PQHMVC-R,West Europe,AUSTRIA,Major Banks,2.0,37,0.9615384615384616,2.885,-1.9232271634615383,1.9232271634615383,1.0810810810810811,3.2432432432432434,-2.1621621621621623,2.1621621621621623,1,3,-2,0.0004214196033043511,,0.002393411991862399
2026-05-31,OMV AG,AT0000743059,VVCHP7-R,West Europe,AUSTRIA,Integrated Oil,12.0,15,8.235294117647058,5.293,2.942325367647058,2.942325367647058,8.666666666666668,6.0,2.666666666666668,2.666666666666668,9,6,3,0.00010994660086209129,,0.000654598497774365
2026-05-31,VERBUND AG Class A,AT0000746409,TVPQ9Y-R,West Europe,AUSTRIA,Alternative Power Generation,19.0,23,0.6896551724137931,0.6895,0.0002020474137931494,0.0002020474137931494,0.43478260869565216,0.8695652173913043,-0.43478260869565216,0.43478260869565216,1,1,0,4.805872037682843e-05,,0.0002950348989968813
2026-05-31,BAWAG Group AG,AT0000BAWAG2,GW7KTS-R,West Europe,AUSTRIA,Savings Banks,2.0,37,0.576923076923077,0.3845,0.19240159254807698,0.19240159254807698,0.8108108108108109,0.5405405405405406,0.2702702702702703,0.2702702702702703,1,1,0,0.00013891100108920116,,0.0009195754968734432
2026-05-31,Aristocrat Leisure Limited,AU000000ALL7,P5B11J-R,Pacific,AUSTRALIA,Casinos/Gaming,18.0,3,6.666666666666666,3.334,3.332682291666666,3.332682291666666,6.666666666666666,3.333333333333333,3.333333333333333,3.333333333333333,7,3,4,0.00022175340173876843,,
2026-05-31,ANZ Group Holdings Limited,AU000000ANZ3,TBRJT5-R,Pacific,AUSTRALIA,Major Banks,2.0,4,10.0,10.0,0.0,0.0,10.0,10.0,0.0,0.0,10,10,0,0.0008434208066132625,,
2026-05-31,APA Group,AU000000APA1,FXK7XF-R,Pacific,AUSTRALIA,Gas Distributors,12.0,4,2.5,2.5,0.0,0.0,2.5,2.5,0.0,0.0,3,3,0,0.00010494190082284944,,
2026-05-31,ASX Limited,AU000000ASX7,CPFK9K-R,Pacific,AUSTRALIA,Investment Banks/Brokers,6.0,3,10.0,3.334,6.666015625,6.666015625,10.0,3.333333333333333,6.666666666666667,6.666666666666667,10,3,7,6.778917053153488e-05,,
2026-05-31,BHP Group Ltd,AU000000BHP4,GGJT5L-R,Pacific,AUSTRALIA,Steel,3.0,8,1.25,3.75,-2.5,2.5,1.25,3.75,-2.5,2.5,1,4,-3,0.0025291220198308453,,
2026-05-31,Brambles Limited,AU000000BXB1,QSD000-R,Pacific,AUSTRALIA,Air Freight/Couriers,9.0,3,5.0,10.0,-5.0,5.0,6.666666666666666,10.0,-3.333333333333334,3.333333333333334,7,10,-3,0.00017805400139612142,,
2026-05-31,CAR Group Limited,AU000000CAR3,SN8WCL-R,Pacific,AUSTRALIA,Internet Software/Services,16.0,3,10.0,10.0,0.0,0.0,10.0,10.0,0.0,0.0,10,10,0,7.016370055015357e-05,,
2026-05-31,Commonwealth Bank of Australia,AU000000CBA7,VYVR3T-R,Pacific,AUSTRALIA,Major Banks,2.0,4,2.5,2.5,0.0,0.0,2.5,2.5,0.0,0.0,3,3,0,0.0021882810171583115,,
2026-05-31,Computershare Limited,AU000000CPU5,Q3VCTK-R,Pacific,AUSTRALIA,Miscellaneous Commercial Services,6.0,3,7.5,6.668,0.83203125,0.83203125,6.666666666666666,6.666666666666666,0.0,0.0,7,7,0,0.00014106580110609694,,
2026-05-31,CSL Limited,AU000000CSL8,WT0KJR-R,Pacific,AUSTRALIA,Biotechnology,8.0,4,8.333333333333334,7.5,0.8333333333333339,0.8333333333333339,7.5,7.5,0.0,0.0,8,8,0,0.00035917830281631703,,
2026-05-31,Evolution Mining Limited,AU000000EVN4,XJL6YC-R,Pacific,AUSTRALIA,Precious Metals,3.0,8,10.0,8.75,1.25,1.25,10.0,8.75,1.25,1.25,10,9,1,0.00020781610162948604,,
2026-05-31,Fortescue Ltd,AU000000FMG4,TQ3TPS-R,Pacific,AUSTRALIA,Steel,3.0,8,6.25,10.0,-3.75,3.75,6.25,10.0,-3.75,3.75,6,10,-4,0.0003012963023624643,,
2026-05-31,Goodman Group,AU000000GMG2,CZFH9B-R,Pacific,AUSTRALIA,Real Estate Investment Trusts,14.0,5,2.0,2.0,0.0,0.0,2.0,2.0,0.0,0.0,2,2,0,0.0005127066040201324,,
2026-05-31,Insurance Australia Group Ltd,AU000000IAG3,MXRN5P-R,Pacific,AUSTRALIA,Property/Casualty Insurance,10.0,4,7.5,5.0,2.5,2.5,7.5,5.0,2.5,2.5,8,5,3,0.00014586160114370082,,
2026-05-31,Lynas Rare Earths Limited,AU000000LYC6,CQFC1G-R,Pacific,AUSTRALIA,Other Metals/Minerals,3.0,8,2.5,1.25,1.25,1.25,2.5,1.25,1.25,1.25,3,1,2,0.00013529370106083792,,
2026-05-31,Medibank Private Ltd.,AU000000MPL3,R2V6QP-R,Pacific,AUSTRALIA,Life/Health Insurance,10.0,4,10.0,7.5,2.5,2.5,10.0,7.5,2.5,2.5,10,8,2,0.00010993560086200503,,
2026-05-31,"Macquarie Group, Ltd.",AU000000MQG1,CD5RFJ-R,Pacific,AUSTRALIA,Major Banks,6.0,3,2.5,10.0,-7.5,7.5,3.333333333333333,10.0,-6.666666666666667,6.666666666666667,3,10,-7,0.0006939292054410988,,
2026-05-31,National Australia Bank Limited,AU000000NAB4,NYN6LF-R,Pacific,AUSTRALIA,Major Banks,2.0,4,7.5,5.0,2.5,2.5,7.5,5.0,2.5,2.5,8,5,3,0.0009133884071618785,,
2026-05-31,Northern Star Resources Ltd,AU000000NST8,LFC0CK-R,Pacific,AUSTRALIA,Precious Metals,3.0,8,8.75,5.0,3.75,3.75,8.75,5.0,3.75,3.75,9,5,4,0.00020784100162968128,,
2026-05-31,Origin Energy Limited,AU000000ORG5,D8LSJ4-R,Pacific,AUSTRALIA,Oil & Gas Production,19.0,1,6.666666666666666,10.0,-3.333333333333334,3.333333333333334,10.0,10.0,0.0,0.0,10,10,0,0.00015177330119005444,,
2026-05-31,PLS Group Limited,AU000000PLS0,GPH0RP-R,Pacific,AUSTRALIA,Other Metals/Minerals,3.0,8,3.75,2.5,1.25,1.25,3.75,2.5,1.25,1.25,4,3,1,0.00016430670128832886,,
2026-05-31,"Pro Medicus, Ltd.",AU000000PME8,RGWXZX-R,Pacific,AUSTRALIA,Services to the Health Industry,8.0,4,1.6666666666666665,2.5,-0.8333333333333335,0.8333333333333335,2.5,2.5,0.0,0.0,3,3,0,6.437062050473003e-05,,
2026-05-31,Qantas Airways Limited,AU000000QAN2,J0CRH9-R,Pacific,AUSTRALIA,Airlines,18.0,3,10.0,6.668,3.33203125,3.33203125,10.0,6.666666666666666,3.333333333333334,3.333333333333334,10,7,3,6.711855052627655e-05,,
2026-05-31,QBE Insurance Group Limited,AU000000QBE9,F5SZTK-R,Pacific,AUSTRALIA,Property/Casualty Insurance,10.0,4,5.0,10.0,-5.0,5.0,5.0,10.0,-5.0,5.0,5,10,-5,0.0002646836020753841,,
2026-05-31,REA Group Ltd,AU000000REA9,S26HGK-R,Pacific,AUSTRALIA,Advertising/Marketing Services,14.0,5,6.0,6.0,0.0,0.0,6.0,6.0,0.0,0.0,6,6,0,5.835779045758343e-05,,
2026-05-31,Rio Tinto Limited,AU000000RIO1,F4T98R-R,Pacific,AUSTRALIA,Other Metals/Minerals,3.0,8,5.0,6.25,-1.25,1.25,5.0,6.25,-1.25,1.25,5,6,-1,0.0005213874040881987,,
2026-05-31,South32 Ltd.,AU000000S320,DJYY8V-R,Pacific,AUSTRALIA,Other Metals/Minerals,3.0,8,7.5,7.5,0.0,0.0,7.5,7.5,0.0,0.0,8,8,0,0.0001641516012871127,,
2026-05-31,Scentre Group,AU000000SCG8,VVH115-R,Pacific,AUSTRALIA,Real Estate Investment Trusts,14.0,5,10.0,8.0,2.0,2.0,10.0,8.0,2.0,2.0,10,8,2,0.00016008340125521394,,
2026-05-31,Stockland,AU000000SGP0,P8S25Z-R,Pacific,AUSTRALIA,Real Estate Investment Trusts,14.0,5,8.0,10.0,-2.0,2.0,8.0,10.0,-2.0,2.0,8,10,-2,7.417644058161747e-05,,
2026-05-31,Sonic Healthcare Limited,AU000000SHL7,RMFQJ1-R,Pacific,AUSTRALIA,Medical/Nursing Services,8.0,4,10.0,10.0,0.0,0.0,10.0,10.0,0.0,0.0,10,10,0,6.529181051195308e-05,,
2026-05-31,Sigma Healthcare Ltd,AU000000SIG5,T3ZRQ9-R,Pacific,AUSTRALIA,Pharmaceuticals: Major,8.0,4,3.333333333333333,5.0,-1.666666666666667,1.666666666666667,5.0,5.0,0.0,0.0,5,5,0,0.00013239440103810448,,
2026-05-31,Washington H. Soul Pattinson and Company Limited,AU000000SOL3,TP0SSV-R,Pacific,AUSTRALIA,Financial Conglomerates,12.0,4,10.0,5.0,5.0,5.0,10.0,5.0,5.0,5.0,10,5,5,0.0001286435010086937,,
2026-05-31,Santos Limited,AU000000STO6,VMHGC9-R,Pacific,AUSTRALIA,Oil & Gas Production,12.0,4,7.5,10.0,-2.5,2.5,7.5,10.0,-2.5,2.5,8,10,-2,0.0002043333016021774,,
2026-05-31,Suncorp Group Limited,AU000000SUN6,QG7SR4-R,Pacific,AUSTRALIA,Multi-Line Insurance,10.0,4,2.5,2.5,0.0,0.0,2.5,2.5,0.0,0.0,3,3,0,0.00015394060120704824,,
2026-05-31,Transurban Group Ltd.,AU000000TCL6,XC1MPB-R,Pacific,AUSTRALIA,Other Transportation,9.0,3,10.0,6.668,3.33203125,3.33203125,10.0,6.666666666666666,3.333333333333334,3.333333333333334,10,7,3,0.00036894340289288517,,
2026-05-31,Telstra Group Limited,AU000000TLS2,JCL64C-R,Pacific,AUSTRALIA,Wireless Telecommunications,17.0,1,10.0,10.0,0.0,0.0,10.0,10.0,0.0,0.0,10,10,0,0.00017106050134128539,,
2026-05-31,Vicinity Centres,AU000000VCX7,L8PQ54-R,Pacific,AUSTRALIA,Real Estate Investment Trusts,14.0,5,4.0,4.0,0.0,0.0,4.0,4.0,0.0,0.0,4,4,0,7.435615058302658e-05,,
2026-05-31,Westpac Banking Corporation,AU000000WBC1,HTK3ZS-R,Pacific,AUSTRALIA,Major Banks,2.0,4,5.0,7.5,-2.5,2.5,5.0,7.5,-2.5,2.5,5,8,-3,0.000989357607757553,,
2026-05-31,Wesfarmers Limited,AU000000WES1,DWQ9L6-R,Pacific,AUSTRALIA,Home Improvement Chains,15.0,3,3.333333333333333,3.334,-0.0006510416666669627,0.0006510416666669627,3.333333333333333,3.333333333333333,0.0,0.0,3,3,0,0.000725440005688175,,
2026-05-31,Woolworths Group Ltd,AU000000WOW2,PM32J9-R,Pacific,AUSTRALIA,Food Retail,15.0,3,6.666666666666666,6.668,-0.0013020833333339255,0.0013020833333339255,6.666666666666666,6.666666666666666,0.0,0.0,7,7,0,0.00034050490266989894,,
2026-05-31,Wisetech Global Ltd.,AU000000WTC3,TCQPZ3-R,Pacific,AUSTRALIA,Packaged Software,16.0,3,6.666666666666666,6.668,-0.0013020833333339255,0.0013020833333339255,6.666666666666666,6.666666666666666,0.0,0.0,7,7,0,6.323782049584774e-05,,
2026-05-31,Coles Group Ltd.,AU0000030678,Q17XXL-R,Pacific,AUSTRALIA,Food Retail,15.0,3,10.0,10.0,0.0,0.0,10.0,10.0,0.0,0.0,10,10,0,0.00023434750183751876,,
2026-05-31,IREN Limited,AU0000185993,KQQSCV-R,North America,UNITED STATES,Data Processing Services,9.0,98,0.3361344537815126,0.283,0.05317546940651258,0.05317546940651258,0.30612244897959184,0.30612244897959184,0.0,0.0,1,1,0,0.00022903730179588147,,
2026-05-31,Lottery Corporation Limited,AU0000219529,RYTKRH-R,Pacific,AUSTRALIA,Movies/Entertainment,18.0,3,3.333333333333333,10.0,-6.666666666666667,6.666666666666667,3.333333333333333,10.0,-6.666666666666667,6.666666666666667,3,10,-7,8.772081068781887e-05,,
2026-05-31,Woodside Energy Group Ltd,AU0000224040,R96YBR-R,Pacific,AUSTRALIA,Oil & Gas Production,12.0,4,5.0,7.5,-2.5,2.5,5.0,7.5,-2.5,2.5,5,8,-3,0.0004659005036531258,,
2026-05-31,SGH Limited,AU0000364754,F2FS1R-R,Pacific,AUSTRALIA,Wholesale Distributors,9.0,3,2.5,3.334,-0.833984375,0.833984375,3.333333333333333,3.333333333333333,0.0,0.0,3,3,0,6.333549049661358e-05,,
2026-05-31,KBC Group N.V.,BE0003565737,PZGQ27-R,West Europe,BELGIUM,Regional Banks,2.0,37,5.769230769230768,2.309,3.4606370192307683,3.4606370192307683,5.135135135135135,2.7027027027027026,2.4324324324324325,2.4324324324324325,5,3,2,0.0003418047026800906,,0.0019233159934607252
2026-05-31,Lotus Bakeries NV,BE0003604155,N6Z6TP-R,West Europe,BELGIUM,Food: Specialty/Candy,7.0,23,1.4285714285714284,3.572,-2.1436941964285716,2.1436941964285716,1.7391304347826086,3.9130434782608696,-2.1739130434782608,2.1739130434782608,2,4,-2,6.03265404730204e-05,,0.00035045869880844036
2026-05-31,Sofina SA,BE0003717312,BV5649-R,West Europe,BELGIUM,Investment Managers,6.0,22,1.8604651162790697,1.3955,0.46495730377906974,0.46495730377906974,2.727272727272727,1.8181818181818183,0.9090909090909087,0.9090909090909087,3,2,1,3.777452029619001e-05,,0.0002866058990255399
2026-05-31,UCB S.A.,BE0003739530,KNHDSG-R,West Europe,BELGIUM,Pharmaceuticals: Major,8.0,38,3.4000000000000004,3.8,-0.40078124999999964,0.40078124999999964,3.1578947368421053,3.947368421052632,-0.7894736842105265,0.7894736842105265,3,4,-1,0.00040282430315854534,,0.002367334991951061
2026-05-31,Groupe Bruxelles Lambert SA,BE0003797140,FLFHHZ-R,West Europe,BELGIUM,Financial Conglomerates,6.0,22,3.7209302325581395,3.488,0.23264898255813948,0.23264898255813948,4.545454545454545,4.545454545454545,0.0,0.0,5,5,0,7.999869062726973e-05,,0.0005116813982602832
2026-05-31,Elia Group SA/NV,BE0003822393,CB3CHZ-R,West Europe,BELGIUM,Electric Utilities,19.0,23,8.96551724137931,5.516,3.4498922413793096,3.4498922413793096,9.130434782608695,6.086956521739131,3.0434782608695645,3.0434782608695645,9,6,3,8.339628065391023e-05,,0.0004888633983378644
2026-05-31,Financiere de Tubize S.A.,BE0003823409,STXY3R-R,West Europe,BELGIUM,Financial Conglomerates,8.0,38,2.2,1.4,0.7996093750000002,0.7996093750000002,1.8421052631578947,1.3157894736842104,0.5263157894736843,0.5263157894736843,2,2,0,5.696604044667072e-05,,0.00033936789884614913
2026-05-31,D'Ieteren Group SA/NV,BE0974259880,FJ622T-R,West Europe,BELGIUM,Other Consumer Services,1.0,12,2.9411764705882355,1.765,1.1765280330882355,1.1765280330882355,2.5,1.6666666666666665,0.8333333333333335,0.8333333333333335,3,2,1,4.7933450375846185e-05,,0.0003100558989458099
2026-05-31,ageas SA/NV,BE0974264930,C5C2LR-R,West Europe,BELGIUM,Multi-Line Insurance,10.0,24,3.7037037037037033,4.445,-0.7416087962962967,0.7416087962962967,3.333333333333333,4.166666666666667,-0.8333333333333339,0.8333333333333339,3,4,-1,0.00012657710099249104,,0.0008503866971086851
2026-05-31,Anheuser-Busch InBev SA/NV,BE0974293251,MH7BG5-R,West Europe,BELGIUM,Beverages: Alcoholic,7.0,23,5.357142857142857,2.5,2.8571428571428568,2.8571428571428568,4.782608695652174,3.0434782608695654,1.7391304347826084,1.7391304347826084,5,3,2,0.0008013750062835814,,0.0054456859814846666
2026-05-31,Syensqo SA/NV,BE0974464977,VJN49T-R,West Europe,BELGIUM,Chemicals: Major Diversified,3.0,13,2.2727272727272725,0.4546,1.8181374289772725,1.8181374289772725,3.8461538461538463,0.7692307692307693,3.076923076923077,3.076923076923077,4,1,3,5.9667070467849495e-05,,0.0003636894987634556
2026-05-31,Aegon Ltd.,BMG0112X1056,VPRXRF-R,West Europe,NETHERLANDS,Multi-Line Insurance,10.0,24,6.296296296296297,8.89,-2.5943287037037033,2.5943287037037033,6.25,9.166666666666666,-2.916666666666666,2.916666666666666,6,9,-3,0.0001315428010314271,,0.0006946970976380298
2026-05-31,Arch Capital Group Ltd.,BMG0450A1053,LJK8PQ-R,North America,UNITED STATES,Multi-Line Insurance,10.0,23,4.375,8.4,-4.0234375,4.0234375,5.652173913043478,8.26086956521739,-2.608695652173913,2.608695652173913,6,8,-2,0.00034624440271490233,0.000490342597984692,
2026-05-31,Carnival Corporation Ltd.,BMG2004J1036,HNZVK6-R,North America,UNITED STATES,Hotels/Resorts/Cruiselines,18.0,20,2.692307692307692,2.691,0.0009014423076920686,0.0009014423076920686,3.0,3.0,0.0,0.0,3,3,0,0.00039402640308956104,0.000555465697717036,
2026-05-31,"Everest Group, Ltd.",BMG3223R1088,GZKHGQ-R,North America,UNITED STATES,Property/Casualty Insurance,10.0,23,6.5625,9.2,-2.640625,2.640625,8.26086956521739,9.130434782608695,-0.8695652173913047,0.8695652173913047,8,9,-1,0.00014210980111428295,0.00020156159917158182,
2026-05-31,Brookfield Renewable Holdings Corporation Class A,CA11285B1085,GMDL3G-R,North America,UNITED STATES,Electric Utilities,19.0,32,4.146341463414634,0.8823,3.2640172446646343,3.2640172446646343,4.0625,0.9375,3.125,3.125,4,1,3,5.949272046648242e-05,,
2026-05-31,"Restaurant Brands International, Inc.",CA76131D1033,BXX7VM-R,North America,UNITED STATES,Restaurants,18.0,20,3.076923076923077,7.31,-4.231670673076923,4.231670673076923,3.5,8.0,-4.5,4.5,4,8,-4,0.00026914450211036205,,
2026-05-31,Swiss Prime Site AG,CH0008038389,DKKBWM-R,West Europe,SWITZERLAND,Real Estate Development,14.0,10,9.333333333333334,5.0,4.333333333333334,4.333333333333334,9.0,5.0,4.0,4.0,9,5,4,0.0001577523012369358,,0.0008887791969781506
2026-05-31,Swisscom AG,CH0008742519,SSRNYQ-R,West Europe,SWITZERLAND,Major Telecommunications,17.0,16,7.272727272727273,4.09,3.1828835227272734,3.1828835227272734,6.875,4.375,2.5,2.5,7,5,2,0.00022689790177910646,,0.0014581279950423645
2026-05-31,Barry Callebaut AG,CH0009002962,FS0W5P-R,West Europe,SWITZERLAND,Food: Specialty/Candy,7.0,23,6.071428571428571,3.215,2.856584821428571,2.856584821428571,5.652173913043478,3.4782608695652173,2.1739130434782603,2.1739130434782603,6,4,2,6.614573051864868e-05,,0.0003442323988296098
2026-05-31,Chocoladefabriken Lindt & Spruengli AG,CH0010570759,RKB29F-R,West Europe,SWITZERLAND,Food: Specialty/Candy,7.0,23,1.0714285714285714,1.786,-0.7147042410714286,0.7147042410714286,1.3043478260869565,2.1739130434782608,-0.8695652173913042,0.8695652173913042,1,2,-1,0.000119708200938632,,
2026-05-31,Chocoladefabriken Lindt & Spruengli AG Partizipsch.,CH0010570767,GSYT6Q-R,West Europe,SWITZERLAND,Food: Specialty/Candy,7.0,23,0.7142857142857142,1.429,-0.7144252232142858,0.7144252232142858,0.8695652173913043,1.7391304347826086,-0.8695652173913043,0.8695652173913043,1,2,-1,0.00013431740105318272,,0.0007697094973829876
2026-05-31,Givaudan SA,CH0010645932,WB7QB2-R,West Europe,SWITZERLAND,Household/Personal Care,4.0,11,2.7777777777777777,1.111,1.6664496527777777,1.6664496527777777,3.6363636363636367,1.8181818181818183,1.8181818181818183,1.8181818181818183,4,2,2,0.0003686672028907195,,0.0018767209936191485
2026-05-31,Zurich Insurance Group Ltd,CH0011075394,K3FPD8-R,West Europe,SWITZERLAND,Multi-Line Insurance,10.0,24,5.185185185185185,7.035,-1.8499710648148149,1.8499710648148149,5.0,7.083333333333334,-2.083333333333334,2.083333333333334,5,7,-2,0.001150886009024097,,0.006867855976649288
2026-05-31,Novartis AG,CH0012005267,MBPRB7-R,West Europe,SWITZERLAND,Pharmaceuticals: Major,8.0,38,5.4,5.4,0.0015625000000003553,0.0015625000000003553,5.526315789473685,5.526315789473685,0.0,0.0,6,6,0,0.003071670024084965,,0.018808839936049943
2026-05-31,Roche Holding Ltd,CH0012032113,PKT5DV-R,West Europe,SWITZERLAND,Pharmaceuticals: Major,8.0,38,6.6000000000000005,6.8,-0.20078124999999947,0.20078124999999947,6.578947368421053,6.578947368421053,0.0,0.0,7,7,0,0.00014729290115492364,,
2026-05-31,Holcim Ltd,CH0012214059,XHL1H3-R,West Europe,SWITZERLAND,Construction Materials,5.0,20,6.666666666666666,5.152,1.514322916666666,1.514322916666666,6.0,5.0,1.0,1.0,6,5,1,0.0005573526043702018,,0.003477421988176765
2026-05-31,ABB Ltd.,CH0012221716,FQZ7Z2-R,West Europe,SWITZERLAND,Electrical Products,9.0,66,2.962962962962963,8.984,-6.021412037037037,6.021412037037037,3.0303030303030303,9.09090909090909,-6.06060606060606,6.06060606060606,3,9,-6,0.0018805330147452593,,0.011260359961714775
2026-05-31,Swatch Group Ltd. Bearer,CH0012255151,B93JW5-R,West Europe,SWITZERLAND,Other Consumer Specialties,13.0,13,8.0,8.8,-0.796875,0.796875,10.0,10.0,0.0,0.0,10,10,0,0.00010176630079794956,,0.0005406891981616567
2026-05-31,Sonova Holding AG,CH0012549785,QLLYHZ-R,West Europe,SWITZERLAND,Medical Specialties,8.0,38,3.8,3.0,0.7999999999999998,0.7999999999999998,3.4210526315789473,3.1578947368421053,0.26315789473684204,0.26315789473684204,4,3,1,0.000140172301099091,,0.0008356314971588528
2026-05-31,Lonza Group AG,CH0013841017,CRNVGL-R,West Europe,SWITZERLAND,Biotechnology,8.0,38,6.0,5.0,1.0,1.0,6.052631578947368,5.0,1.0526315789473681,1.0526315789473681,6,5,1,0.0005125815040191516,,0.002954411989954999
2026-05-31,Swiss Life Holding AG,CH0014852781,HF31NG-R,West Europe,SWITZERLAND,Life/Health Insurance,10.0,24,0.7407407407407407,1.111,-0.3705873842592593,0.3705873842592593,0.41666666666666663,0.8333333333333333,-0.41666666666666663,0.41666666666666663,1,1,0,0.0003256274025532445,,0.0020533029930187695
2026-05-31,EMS-CHEMIE HOLDING AG,CH0016440353,TKR72J-R,West Europe,SWITZERLAND,Chemicals: Specialty,4.0,11,3.333333333333333,3.889,-0.555338541666667,0.555338541666667,4.545454545454545,4.545454545454545,0.0,0.0,5,5,0,6.642760052085881e-05,,0.0003977572986476252
2026-05-31,Avolta AG,CH0023405456,RXPGD4-R,West Europe,SWITZERLAND,Discount Stores,15.0,13,7.222222222222222,6.668,0.5542534722222223,0.5542534722222223,6.153846153846154,5.384615384615384,0.76923076923077,0.76923076923077,6,6,0,6.0515050474498515e-05,,0.000435554398519115
2026-05-31,Partners Group Holding AG,CH0024608827,LBZ7PB-R,West Europe,SWITZERLAND,Investment Managers,6.0,22,0.46511627906976744,2.326,-1.8610555959302326,1.8610555959302326,0.9090909090909092,2.727272727272727,-1.818181818181818,1.818181818181818,1,3,-2,0.00026075690204459484,,0.0015926599945849558
2026-05-31,Schindler Holding Ltd. Pref,CH0024638196,LC2JZF-R,West Europe,SWITZERLAND,Industrial Machinery,9.0,66,2.0370370370370368,5.742,-3.7051504629629632,3.7051504629629632,1.8181818181818183,5.6060606060606055,-3.787878787878787,3.787878787878787,2,6,-4,0.0001683572013200888,,0.0008865258969858119
2026-05-31,Schindler Holding Ltd.,CH0024638212,FBDHM9-R,West Europe,SWITZERLAND,Industrial Machinery,9.0,66,2.2222222222222223,6.11,-3.8871527777777777,3.8871527777777777,2.121212121212121,6.0606060606060606,-3.9393939393939394,3.9393939393939394,2,6,-4,7.870117061709587e-05,,
2026-05-31,Kuehne & Nagel International AG,CH0025238863,RML0Q2-R,West Europe,SWITZERLAND,Marine Shipping,9.0,66,4.0740740740740735,5.926,-1.8517071759259265,1.8517071759259265,3.787878787878788,5.909090909090909,-2.121212121212121,2.121212121212121,4,6,-2,0.000129708201017042,,0.0008165659972236755
2026-05-31,Logitech International S.A.,CH0025751329,T7C5W9-R,West Europe,SWITZERLAND,Computer Peripherals,16.0,18,5.172413793103448,6.55,-1.3783674568965516,1.3783674568965516,3.888888888888889,6.666666666666666,-2.7777777777777772,2.7777777777777772,4,7,-3,0.0002017025015815493,,0.0011446769961080982
2026-05-31,Geberit AG,CH0030170408,QYYQF3-R,West Europe,SWITZERLAND,Engineering & Construction,5.0,20,0.6060606060606061,2.121,-1.515033143939394,1.515033143939394,1.0,2.5,-1.5,1.5,1,3,-2,0.00024109040189038985,,0.001489061994937189
2026-05-31,Nestle S.A.,CH0038863350,T0JRMW-R,West Europe,SWITZERLAND,Food: Major Diversified,7.0,23,3.2142857142857144,4.645,-1.4302455357142856,1.4302455357142856,3.0434782608695654,5.217391304347826,-2.1739130434782608,2.1739130434782608,3,5,-2,0.0028830230226057833,,0.017166259941634714
2026-05-31,Chubb Limited,CH0044328745,JMHYW0-R,North America,UNITED STATES,Property/Casualty Insurance,10.0,23,6.25,8.0,-1.75,1.75,7.826086956521739,7.826086956521739,0.0,0.0,8,8,0,0.0012306310096493777,0.0017450709928277582,
2026-05-31,Julius Baer Gruppe AG,CH0102484968,BS3CJJ-R,West Europe,SWITZERLAND,Financial Conglomerates,6.0,22,7.441860465116279,5.117,2.324672965116279,2.324672965116279,8.636363636363637,6.8181818181818175,1.8181818181818192,1.8181818181818192,9,7,2,0.00018792300147350426,,0.0011042339962456043
2026-05-31,Garmin Ltd.,CH0114405324,FPPSQ1-R,North America,UNITED STATES,Telecommunications Equipment,17.0,13,5.882352941176471,10.0,-4.117647058823529,4.117647058823529,7.6923076923076925,10.0,-2.3076923076923075,2.3076923076923075,8,10,-2,0.00042625770334228663,0.0005914133975692909,
2026-05-31,Swiss Re AG,CH0126881561,T8YXW3-R,West Europe,SWITZERLAND,Multi-Line Insurance,10.0,24,4.444444444444445,5.926,-1.4813368055555554,1.4813368055555554,4.166666666666667,5.833333333333334,-1.666666666666667,1.666666666666667,4,6,-2,0.0004954711038849889,,0.0029152999900879796
2026-05-31,BKW AG,CH0130293662,FX5LTM-R,West Europe,SWITZERLAND,Electric Utilities,19.0,23,3.4482758620689657,1.034,2.4140961745689657,2.4140961745689657,3.9130434782608696,1.3043478260869565,2.608695652173913,2.608695652173913,4,1,3,5.010019039283559e-05,,0.0002527739991405684
2026-05-31,Coca-Cola HBC AG,CH0198251305,HDL2BM-R,West Europe,UNITED KINGDOM,Beverages: Non-Alcoholic,7.0,23,2.8571428571428568,3.928,-1.0705915178571432,1.0705915178571432,2.608695652173913,4.3478260869565215,-1.7391304347826084,1.7391304347826084,3,5,-2,0.00014335750112406614,,0.000797936997287014
2026-05-31,Compagnie Financiere Richemont SA,CH0210483332,KNB0HD-R,West Europe,SWITZERLAND,Other Consumer Specialties,13.0,13,4.8,8.0,-3.2,3.2,6.153846153846154,8.461538461538462,-2.3076923076923075,2.3076923076923075,6,9,-3,0.0012669950099345078,,0.007569980974262064
2026-05-31,UBS Group AG,CH0244767585,DSLY98-R,West Europe,SWITZERLAND,Investment Managers,6.0,22,9.30232558139535,6.047,3.2554505813953494,3.2554505813953494,9.545454545454547,8.181818181818182,1.363636363636365,1.363636363636365,10,8,2,0.0016694720130903298,,0.009645726967204527
2026-05-31,VAT Group AG,CH0311864901,PMSGZ0-R,West Europe,SWITZERLAND,Industrial Machinery,9.0,66,5.0925925925925934,9.35,-4.2589699074074066,4.2589699074074066,4.848484848484849,9.393939393939394,-4.545454545454546,4.545454545454546,5,10,-5,0.00023704970185870668,,0.0014037599952272158
2026-05-31,Sika AG,CH0418792922,DQ7JSW-R,West Europe,SWITZERLAND,Chemicals: Major Diversified,5.0,20,2.4242424242424243,0.303,2.1212639086174243,2.1212639086174243,2.0,0.5,1.5,1.5,2,1,1,0.0003379969026502337,,0.0020913429928894334
2026-05-31,Alcon AG,CH0432492467,SXZFWZ-R,West Europe,SWITZERLAND,Medical Specialties,8.0,38,7.6,4.8,2.7992187499999996,2.7992187499999996,7.368421052631579,4.7368421052631575,2.6315789473684212,2.6315789473684212,8,5,3,0.0003630073028463403,,0.002208423992491358
2026-05-31,Helvetia Baloise Holding AG,CH0466642201,NQWDFJ-R,West Europe,SWITZERLAND,Multi-Line Insurance,10.0,24,4.0740740740740735,2.223,1.8514178240740735,1.8514178240740735,3.75,1.6666666666666665,2.0833333333333335,2.0833333333333335,4,2,2,0.0002395950018786644,,0.0013332399954669838
2026-05-31,Banque Cantonale Vaudoise,CH0531751755,G6SN46-R,West Europe,SWITZERLAND,Regional Banks,2.0,37,0.38461538461538464,0.769,-0.38442758413461536,0.38442758413461536,0.5405405405405406,1.0810810810810811,-0.5405405405405406,0.5405405405405406,1,1,0,5.0220970393782626e-05,,0.0002930108990037629
2026-05-31,BELIMO Holding AG,CH1101098163,DLPK0N-R,West Europe,SWITZERLAND,Industrial Machinery,5.0,20,0.30303030303030304,1.516,-1.212594696969697,1.212594696969697,0.5,1.5,-1.0,1.0,1,2,-1,0.00011151940087442362,,0.0006678153977294275
2026-05-31,Straumann Holding AG,CH1175448666,DCZ6P4-R,West Europe,SWITZERLAND,Medical Specialties,8.0,38,2.4,2.2,0.2007812499999999,0.2007812499999999,2.1052631578947367,2.1052631578947367,0.0,0.0,2,2,0,0.00014842820116382552,,0.0009595373967375727
2026-05-31,DSM-Firmenich AG,CH1216478797,SS3GV5-R,West Europe,NETHERLANDS,Household/Personal Care,7.0,23,4.642857142857143,0.7144,3.9285016741071432,3.9285016741071432,4.3478260869565215,0.8695652173913043,3.4782608695652173,3.4782608695652173,5,1,4,0.00015627190122532796,,0.0009430629967935857
2026-05-31,Sandoz Group Ltd,CH1243598427,JHQVTD-R,West Europe,SWITZERLAND,Pharmaceuticals: Major,8.0,38,8.6,8.6,-0.0015625000000003553,0.0015625000000003553,8.421052631578947,8.421052631578947,0.0,0.0,9,9,0,0.00038889690304934056,,0.002414478991790771
2026-05-31,SGS SA,CH1256740924,JLFCTH-R,West Europe,SWITZERLAND,Miscellaneous Commercial Services,9.0,66,2.1296296296296298,6.574,-4.44458912037037,4.44458912037037,1.9696969696969697,6.8181818181818175,-4.848484848484848,4.848484848484848,2,7,-5,0.00019125840149965712,,0.0012417639957780023
2026-05-31,Bunge Global SA,CH1300646267,G49K2V-R,North America,UNITED STATES,Agricultural Commodities/Milling,7.0,17,9.67741935483871,10.0,-0.32258064516129004,0.32258064516129004,10.0,10.0,0.0,0.0,10,10,0,0.0001764213013833194,0.0002578893989400746,
2026-05-31,Galderma Group AG,CH1335392721,R1W007-R,West Europe,SWITZERLAND,Pharmaceuticals: Major,8.0,38,7.4,7.6,-0.20156249999999964,0.20156249999999964,7.105263157894736,7.368421052631579,-0.2631578947368425,0.2631578947368425,7,8,-1,0.0004224535033124579,,0.0021571509926656862
2026-05-31,Amrize Ltd,CH1430134226,VJB7Y0-R,North America,UNITED STATES,Construction Materials,5.0,13,0.5555555555555556,1.429,-0.8731553819444444,0.8731553819444444,0.7692307692307693,1.5384615384615385,-0.7692307692307693,0.7692307692307693,1,2,-1,0.00030279010237417716,,
2026-05-31,Roche Holding Ltd,CH1499059983,MT9P59-R,West Europe,SWITZERLAND,Pharmaceuticals: Major,8.0,38,9.8,7.0,2.8000000000000007,2.8000000000000007,10.0,6.842105263157895,3.1578947368421053,3.1578947368421053,10,7,3,0.003249492025479267,,0.019355989934189632
2026-05-31,Deutsche Bank Aktiengesellschaft,DE0005140008,S6QLP1-R,West Europe,GERMANY,Investment Banks/Brokers,2.0,37,8.076923076923077,7.31,0.7683293269230766,0.7683293269230766,7.837837837837838,7.297297297297297,0.5405405405405403,0.5405405405405403,8,7,1,0.0006566995051491808,,0.004063174986185205
2026-05-31,Bayerische Motoren Werke AG,DE0005190003,RT6MQY-R,West Europe,GERMANY,Motor Vehicles,1.0,12,10.0,6.47,3.53125,3.53125,10.0,6.666666666666666,3.333333333333334,3.333333333333334,10,7,3,0.00026494000207739454,,0.0015751589946444591
2026-05-31,Bayerische Motoren Werke AG Pref,DE0005190037,GTWSGX-R,West Europe,GERMANY,Motor Vehicles,1.0,12,9.411764705882353,7.06,2.3531709558823533,2.3531709558823533,9.166666666666666,7.5,1.666666666666666,1.666666666666666,9,8,1,5.222929040952987e-05,,
2026-05-31,Beiersdorf AG,DE0005200000,LY1Y1J-R,West Europe,GERMANY,Household/Personal Care,13.0,13,2.0,0.8,1.2001953125,1.2001953125,1.5384615384615385,0.7692307692307693,0.7692307692307693,0.7692307692307693,2,1,1,8.235474064574351e-05,,0.00047733159837707245
2026-05-31,Continental AG,DE0005439004,J2HM33-R,West Europe,GERMANY,Automotive Aftermarket,1.0,12,7.647058823529411,4.117,3.5298713235294112,3.5298713235294112,6.666666666666666,4.166666666666667,2.499999999999999,2.499999999999999,7,4,3,9.230351072375182e-05,,0.0006176379979000307
2026-05-31,CTS Eventim AG & Co. KGaA,DE0005470306,P32T0K-R,West Europe,GERMANY,Movies/Entertainment,11.0,6,1.3333333333333333,1.333,0.0003255208333332593,0.0003255208333332593,3.333333333333333,3.333333333333333,0.0,0.0,3,3,0,4.823777037823235e-05,,0.0002769088990585097
2026-05-31,Deutsche Post AG,DE0005552004,V3R2XZ-R,West Europe,GERMANY,Air Freight/Couriers,9.0,66,8.981481481481481,9.81,-0.831018518518519,0.831018518518519,8.93939393939394,9.848484848484848,-0.9090909090909083,0.9090909090909083,9,10,-1,0.0005978375046876438,,0.0037399849872840505
2026-05-31,Deutsche Telekom AG,DE0005557508,DMXKJB-R,West Europe,GERMANY,Major Telecommunications,17.0,16,8.181818181818182,6.816,1.3654119318181817,1.3654119318181817,8.125,6.875,1.25,1.25,8,7,1,0.0012828220100586075,,0.007805193973462339
2026-05-31,Fresenius SE & Co. KGaA,DE0005785604,B3LWD0-R,West Europe,GERMANY,Hospital/Nursing Management,8.0,38,9.6,10.0,-0.40000000000000036,0.40000000000000036,9.736842105263158,10.0,-0.2631578947368425,0.2631578947368425,10,10,0,0.00020238790158692353,,0.0011380959961304735
2026-05-31,Fresenius Medical Care AG,DE0005785802,D3XD6P-R,West Europe,GERMANY,Medical/Nursing Services,8.0,38,8.0,9.2,-1.203125,1.203125,7.894736842105264,9.210526315789473,-1.3157894736842088,1.3157894736842088,8,9,-1,9.008619070636582e-05,,0.0005471219981397851
2026-05-31,Deutsche Boerse AG,DE0005810055,RT6W65-R,West Europe,GERMANY,Investment Banks/Brokers,6.0,22,2.7906976744186047,2.791,-0.00031795058139527654,0.00031795058139527654,3.6363636363636367,3.6363636363636367,0.0,0.0,4,4,0,0.0005850239045871725,,0.003550806987927256
2026-05-31,Heidelberg Materials AG,DE0006047004,HZ43T1-R,West Europe,GERMANY,Construction Materials,5.0,20,6.0606060606060606,5.453,0.6074810606060606,0.6074810606060606,5.5,5.5,0.0,0.0,6,6,0,0.00032362710253756015,,0.0018193929938140636
2026-05-31,Henkel AG & Co. KGaA,DE0006048408,J3S3F5-R,West Europe,GERMANY,Industrial Specialties,4.0,11,7.222222222222222,8.89,-1.6684027777777777,1.6684027777777777,7.272727272727273,8.181818181818182,-0.9090909090909083,0.9090909090909083,7,8,-1,7.636705059879404e-05,,
2026-05-31,Henkel AG & Co. KGaA Pref,DE0006048432,HJLYBN-R,West Europe,GERMANY,Industrial Specialties,4.0,11,6.666666666666666,7.223,-0.5559895833333339,0.5559895833333339,6.363636363636363,7.272727272727273,-0.9090909090909101,0.9090909090909101,7,7,0,0.00012676130099393537,,0.0007807640973454019
2026-05-31,HOCHTIEF Aktiengesellschaft,DE0006070006,K3B7V1-R,West Europe,GERMANY,Engineering & Construction,5.0,20,3.333333333333333,9.695,-6.361979166666667,6.361979166666667,3.5,9.5,-6.0,6.0,4,10,-6,9.88229307748706e-05,,0.0006678214977294068
2026-05-31,Infineon Technologies AG,DE0006231004,P59ZZH-R,West Europe,GERMANY,Semiconductors,16.0,18,5.862068965517241,3.45,2.412850215517241,2.412850215517241,5.0,2.7777777777777777,2.2222222222222223,2.2222222222222223,5,3,2,0.001398723010967387,,0.008314816971729621
2026-05-31,Nemetschek SE,DE0006452907,FYP7N8-R,West Europe,GERMANY,Packaged Software,16.0,18,6.551724137931034,3.793,2.758755387931034,2.758755387931034,6.111111111111112,3.333333333333333,2.7777777777777786,2.7777777777777786,6,3,3,4.308844033785646e-05,,0.0003063514989584049
2026-05-31,Merck KGaA,DE0006599905,KFN73B-R,West Europe,GERMANY,Pharmaceuticals: Major,8.0,38,4.4,3.2,1.2007812500000004,1.2007812500000004,4.2105263157894735,3.4210526315789473,0.7894736842105261,0.7894736842105261,4,4,0,0.00021338650167316355,,0.0013054539955614562
2026-05-31,GEA Group Aktiengesellschaft,DE0006602006,JLFH0L-R,West Europe,GERMANY,Industrial Machinery,9.0,66,5.370370370370371,7.965,-2.594473379629629,2.594473379629629,5.151515151515151,8.333333333333334,-3.1818181818181825,3.1818181818181825,5,8,-3,0.000101154700793154,,0.0006266820978692808
2026-05-31,Rational Aktiengesellschaft,DE0007010803,W8Z700-R,West Europe,GERMANY,Industrial Machinery,9.0,66,3.333333333333333,4.906,-1.572916666666667,1.572916666666667,3.333333333333333,5.0,-1.666666666666667,1.666666666666667,3,5,-2,4.991228039136219e-05,,0.0002662965990945915
2026-05-31,Rheinmetall AG,DE0007030009,FT4G44-R,West Europe,GERMANY,Aerospace & Defense,9.0,66,7.314814814814815,3.24,4.074580439814815,4.074580439814815,6.969696969696971,3.333333333333333,3.6363636363636376,3.6363636363636376,7,3,4,0.000778284406102528,,0.004578738984432287
2026-05-31,RWE AG,DE0007037129,J07D56-R,West Europe,GERMANY,Electric Utilities,19.0,23,2.7586206896551726,1.725,1.0340113146551726,1.0340113146551726,3.0434782608695654,2.1739130434782608,0.8695652173913047,0.8695652173913047,3,2,1,0.00041484480325279803,,0.0028594669902778118
2026-05-31,Mercedes-Benz Group AG,DE0007100000,DRBPYY-R,West Europe,GERMANY,Motor Vehicles,1.0,12,8.235294117647058,7.65,0.586856617647058,0.586856617647058,7.5,8.333333333333334,-0.8333333333333339,0.8333333333333339,8,8,0,0.0004823251037819111,,0.002898664990144539
2026-05-31,SAP SE,DE0007164600,Q53RYJ-R,West Europe,GERMANY,Packaged Software,16.0,18,7.931034482758621,5.17,2.759159482758621,2.759159482758621,7.777777777777778,5.555555555555555,2.2222222222222223,2.2222222222222223,8,6,2,0.0021299210167007106,,0.012417429957780737
2026-05-31,Sartorius AG Pref,DE0007165631,FBBQ6M-R,West Europe,GERMANY,Medical Specialties,8.0,38,3.0,1.6,1.400390625,1.400390625,2.631578947368421,1.5789473684210527,1.0526315789473681,1.0526315789473681,3,2,1,7.930314062181593e-05,,0.00045278819846052
2026-05-31,Siemens Aktiengesellschaft,DE0007236101,F82JBR-R,West Europe,GERMANY,Industrial Machinery,9.0,66,7.037037037037037,6.39,0.6464120370370372,0.6464120370370372,6.666666666666666,6.515151515151515,0.15151515151515138,0.15151515151515138,7,7,0,0.0026272180206000162,,0.01569534994663581
2026-05-31,Volkswagen AG Pref,DE0007664039,QBTQFL-R,West Europe,GERMANY,Motor Vehicles,1.0,12,7.058823529411765,9.414,-2.3552389705882346,2.3552389705882346,5.833333333333334,9.166666666666666,-3.333333333333332,3.333333333333332,6,9,-3,0.0002400774018824469,,0.0014253839951536944
2026-05-31,Deutsche Lufthansa AG,DE0008232125,J0CL54-R,West Europe,GERMANY,Airlines,18.0,8,10.0,10.0,0.0,0.0,10.0,10.0,0.0,0.0,10,10,0,6.856461053761511e-05,,0.00039924949864255163
2026-05-31,Hannover Rueck SE,DE0008402215,L8SYB5-R,West Europe,GERMANY,Life/Health Insurance,10.0,24,4.814814814814815,5.184,-0.3687789351851851,0.3687789351851851,4.583333333333333,5.0,-0.41666666666666696,0.41666666666666696,5,5,0,0.00016516250129503917,,0.0010918889962875772
2026-05-31,Allianz SE,DE0008404005,GQH62T-R,West Europe,GERMANY,Multi-Line Insurance,10.0,24,2.962962962962963,3.334,-0.3710214120370372,0.3710214120370372,2.5,2.916666666666667,-0.41666666666666696,0.41666666666666696,3,3,0,0.0018742320146958532,,0.011103809962247045
2026-05-31,Munchener Ruckversicherungs-Gesellschaft AG,DE0008430026,Q8CXWG-R,West Europe,GERMANY,Life/Health Insurance,10.0,24,5.925925925925926,5.555,0.3712384259259256,0.3712384259259256,5.833333333333334,5.416666666666666,0.41666666666666785,0.41666666666666785,6,6,0,0.0007618030059732974,,0.004576512984439855
2026-05-31,MTU Aero Engines AG,DE000A0D9PT0,LQ9WBB-R,West Europe,GERMANY,Aerospace & Defense,9.0,66,4.722222222222222,2.037,2.6851128472222223,2.6851128472222223,4.393939393939394,2.2727272727272725,2.121212121212121,2.121212121212121,5,2,3,0.0002153197016883218,,0.0013186049955167427
2026-05-31,Scout24 SE,DE000A12DM80,WKN8S4-R,West Europe,GERMANY,Internet Software/Services,16.0,18,7.586206896551724,8.97,-1.3825431034482758,1.3825431034482758,7.222222222222222,9.444444444444445,-2.2222222222222223,2.2222222222222223,7,10,-3,6.630063051986325e-05,,0.00042196409856532196
2026-05-31,Brenntag SE,DE000A1DAHH0,GM98K3-R,West Europe,GERMANY,Wholesale Distributors,4.0,11,1.1111111111111112,4.445,-3.334201388888889,3.334201388888889,0.9090909090909092,5.454545454545454,-4.545454545454545,4.545454545454545,1,6,-5,8.808744069069363e-05,,0.0005266911982092498
2026-05-31,adidas AG,DE000A1EWWW0,QDYYRR-R,West Europe,GERMANY,Apparel/Footwear,13.0,13,3.2,4.4,-1.1984374999999998,1.1984374999999998,3.8461538461538463,4.615384615384616,-0.7692307692307696,0.7692307692307696,4,5,-1,0.00035991500282209356,,0.0022988949921837567
2026-05-31,Vonovia SE,DE000A1ML7J1,XPYPGM-R,West Europe,GERMANY,Real Estate Development,14.0,10,7.333333333333333,4.332,3.001302083333333,3.001302083333333,5.0,4.0,1.0,1.0,5,4,1,0.00019985940156709757,,0.001231351995813403
2026-05-31,Delivery Hero SE,DE000A2E4K43,P5GH6C-R,West Europe,GERMANY,Air Freight/Couriers,9.0,66,4.2592592592592595,0.2778,3.9814272280092595,3.9814272280092595,3.9393939393939394,0.4545454545454546,3.484848484848485,3.484848484848485,4,1,3,7.972194062509973e-05,,0.0006024118979517995
2026-05-31,BASF SE,DE000BASF111,SKYG3H-R,West Europe,GERMANY,Chemicals: Specialty,4.0,11,9.444444444444445,6.11,3.3350694444444446,3.3350694444444446,9.09090909090909,6.363636363636363,2.7272727272727266,2.7272727272727266,9,7,2,0.0005765416045206628,,0.0034414399882991037
2026-05-31,Bayer AG,DE000BAY0017,FVCVC5-R,West Europe,GERMANY,Pharmaceuticals: Major,8.0,38,5.0,5.8,-0.80078125,0.80078125,5.0,5.7894736842105265,-0.7894736842105265,0.7894736842105265,5,6,-1,0.00045790910359046525,,0.0027258199907322115
2026-05-31,Commerzbank AG,DE000CBK1001,D3HSB0-R,West Europe,GERMANY,Regional Banks,2.0,37,9.615384615384615,8.46,1.154447115384615,1.154447115384615,9.45945945945946,8.64864864864865,0.8108108108108105,0.8108108108108105,10,9,1,0.00031613130247878555,,0.002003944993186587
2026-05-31,Daimler Truck Holding AG,DE000DTR0CK8,WK2NV8-R,West Europe,GERMANY,Motor Vehicles,9.0,66,7.222222222222222,7.223,-0.0004340277777776791,0.0004340277777776791,6.8181818181818175,7.575757575757576,-0.7575757575757587,0.7575757575757587,7,8,-1,0.0002453787019240144,,0.0017184759941571812
2026-05-31,E.ON SE,DE000ENAG999,F2JQPJ-R,West Europe,GERMANY,Electric Utilities,19.0,23,8.275862068965518,7.586,0.6899245689655178,0.6899245689655178,8.26086956521739,8.26086956521739,0.0,0.0,8,8,0,0.0005229209041002228,,0.0031307129893555752
2026-05-31,Siemens Energy AG,DE000ENER6Y0,GXQDVD-R,West Europe,GERMANY,Electrical Products,12.0,15,2.3529411764705883,2.941,-0.5884650735294117,0.5884650735294117,2.6666666666666665,3.333333333333333,-0.6666666666666665,0.6666666666666665,3,3,0,0.0016754320131370623,,0.009928847966241916
2026-05-31,Evonik Industries AG,DE000EVNK013,RN0R13-R,West Europe,GERMANY,Chemicals: Major Diversified,4.0,11,8.333333333333334,9.445,-1.111979166666666,1.111979166666666,8.181818181818182,9.09090909090909,-0.9090909090909083,0.9090909090909083,8,9,-1,5.442032042670973e-05,,0.0003052114989622809
2026-05-31,HENSOLDT AG,DE000HAG0005,K8D25G-R,West Europe,GERMANY,Aerospace & Defense,9.0,66,4.814814814814815,0.7407,4.074092158564815,4.074092158564815,4.545454545454545,1.0606060606060606,3.4848484848484844,3.4848484848484844,5,1,4,7.077305055493148e-05,,0.00038519169869034815
2026-05-31,Knorr-Bremse AG,DE000KBX1006,RGB6QT-R,West Europe,GERMANY,Auto Parts: OEM,9.0,66,6.944444444444445,8.15,-1.2039930555555554,1.2039930555555554,6.515151515151515,8.636363636363637,-2.121212121212122,2.121212121212122,7,9,-2,8.938489070086693e-05,,0.0005605745980940463
2026-05-31,Porsche AG,DE000PAG9113,HYFCLX-R,West Europe,GERMANY,Motor Vehicles,1.0,12,3.5294117647058827,2.354,1.1758961397058827,1.1758961397058827,3.333333333333333,2.5,0.833333333333333,0.833333333333333,3,3,0,6.441148050505041e-05,,0.0003805614987060908
2026-05-31,Porsche Automobil Holding SE Pref,DE000PAH0038,PKT6GW-R,West Europe,GERMANY,Motor Vehicles,1.0,12,8.823529411764707,10.0,-1.1764705882352935,1.1764705882352935,8.333333333333334,10.0,-1.666666666666666,1.666666666666666,8,10,-2,5.922527046438535e-05,,0.0004058236986201994
2026-05-31,Siemens Healthineers AG,DE000SHL1006,B4W80H-R,West Europe,GERMANY,Medical Specialties,8.0,38,6.800000000000001,4.2,2.6007812500000007,2.6007812500000007,6.842105263157895,4.2105263157894735,2.6315789473684212,2.6315789473684212,7,4,3,0.00016118130126382258,,0.0009929289966240412
2026-05-31,Symrise AG,DE000SYM9999,J3R0B4-R,West Europe,GERMANY,Chemicals: Specialty,4.0,11,2.2222222222222223,1.667,0.5552300347222223,0.5552300347222223,2.727272727272727,2.727272727272727,0.0,0.0,3,3,0,0.00013508380105919208,,0.0007977725972875731
2026-05-31,Talanx AG,DE000TLX1005,CZH06S-R,West Europe,GERMANY,Life/Health Insurance,10.0,24,9.62962962962963,9.63,-0.003182870370370239,0.003182870370370239,9.583333333333334,10.0,-0.4166666666666661,0.4166666666666661,10,10,0,7.973033062516551e-05,,0.00047493999838520395
2026-05-31,Zalando SE,DE000ZAL1111,PM6KP2-R,West Europe,GERMANY,Internet Retail,15.0,13,0.5555555555555556,0.5557,-0.00010850694444441977,0.00010850694444441977,0.7692307692307693,0.7692307692307693,0.0,0.0,1,1,0,6.198988048606265e-05,,0.00042040149857063485
2026-05-31,Carlsberg AS Class B,DK0010181759,XJP7Q6-R,West Europe,DENMARK,Beverages: Alcoholic,7.0,23,6.7857142857142865,8.21,-1.4252232142857135,1.4252232142857135,6.521739130434783,8.26086956521739,-1.7391304347826075,1.7391304347826075,7,8,-1,0.00013605120106677747,,0.0008174614972206308
2026-05-31,A.P. Moller - Maersk A/S Class A,DK0010244425,PSTM3X-R,West Europe,DENMARK,Marine Shipping,9.0,66,7.777777777777778,4.258,3.5199652777777777,3.5199652777777777,7.727272727272727,4.242424242424242,3.4848484848484844,3.4848484848484844,8,4,4,7.812161061255155e-05,,
2026-05-31,A.P. Moller - Maersk A/S Class B,DK0010244508,QZ4Y8Y-R,West Europe,DENMARK,Marine Shipping,9.0,66,7.685185185185185,3.797,3.888310185185185,3.888310185185185,7.575757575757576,3.787878787878788,3.787878787878788,3.787878787878788,8,4,4,8.184898064177784e-05,,0.0005590358980992779
2026-05-31,Genmab A/S,DK0010272202,P0YS2L-R,West Europe,DENMARK,Biotechnology,8.0,38,0.6,1.2,-0.6001953125,0.6001953125,0.5263157894736842,1.0526315789473684,-0.5263157894736842,0.5263157894736842,1,1,0,0.0001782057013973109,,0.0010912579962897226
2026-05-31,Danske Bank A/S,DK0010274414,TZ1Y2R-R,West Europe,DENMARK,Major Banks,2.0,37,6.153846153846154,3.46,2.692908653846154,2.692908653846154,5.405405405405405,4.054054054054054,1.3513513513513509,1.3513513513513509,6,4,2,0.000361912002837752,,0.002226568992429665
2026-05-31,DSV A/S,DK0060079531,R4PJJZ-R,West Europe,DENMARK,Air Freight/Couriers,9.0,66,6.574074074074074,2.592,3.9822771990740744,3.9822771990740744,6.212121212121212,3.0303030303030303,3.1818181818181817,3.1818181818181817,6,3,3,0.0005392275042280828,,0.0032763309888604744
2026-05-31,Orsted,DK0060094928,KFDRGY-R,West Europe,DENMARK,Electric Utilities,19.0,23,1.0344827586206897,0.3447,0.6897561961206897,0.6897561961206897,0.8695652173913043,0.43478260869565216,0.43478260869565216,0.43478260869565216,1,1,0,0.00013349490104673352,,0.0007995854972814092
2026-05-31,Pandora A/S,DK0060252690,C6RB2B-R,West Europe,DENMARK,Other Consumer Specialties,13.0,13,2.8000000000000003,3.2,-0.39921874999999973,0.39921874999999973,3.076923076923077,3.076923076923077,0.0,0.0,3,3,0,7.905737061988884e-05,,0.0004887420983382768
2026-05-31,Novonesis A/S Class B,DK0060336014,HWYYQ0-R,West Europe,DENMARK,Chemicals: Specialty,8.0,38,3.2,1.8,1.4001953125000002,1.4001953125000002,2.8947368421052633,1.8421052631578947,1.0526315789473686,1.0526315789473686,3,2,1,0.00022525300176620878,,0.0013470229954201216
2026-05-31,Coloplast A/S Class B,DK0060448595,CD71SM-R,West Europe,DENMARK,Medical Specialties,8.0,38,5.2,4.4,0.8015625000000002,0.8015625000000002,5.263157894736842,4.473684210526316,0.7894736842105257,0.7894736842105257,5,5,0,8.716592068346798e-05,,0.000608054697932614
2026-05-31,Tryg A/S,DK0060636678,S4HTHH-R,West Europe,DENMARK,Insurance Brokers/Services,10.0,24,5.555555555555555,2.592,2.9637586805555554,2.9637586805555554,5.416666666666666,2.0833333333333335,3.3333333333333326,3.3333333333333326,6,2,4,8.712712068316375e-05,,0.0004817151983621683
2026-05-31,Demant A/S,DK0060738599,Q9JDJR-R,West Europe,DENMARK,Medical Specialties,8.0,38,1.2,0.8,0.40019531249999996,0.40019531249999996,0.7894736842105263,0.7894736842105263,0.0,0.0,1,1,0,4.414980034617858e-05,,0.00023213719921073348
2026-05-31,Vestas Wind Systems A/S,DK0061539921,G6QVQJ-R,West Europe,DENMARK,Electrical Products,12.0,15,0.5882352941176471,0.5884,-0.00014361213235292158,0.00014361213235292158,0.6666666666666666,0.6666666666666666,0.0,0.0,1,1,0,0.00029602000232109284,,0.0018567809936869445
2026-05-31,Novo Nordisk A/S Class B,DK0062498333,MVMFXK-R,West Europe,DENMARK,Pharmaceuticals: Major,8.0,38,1.6,3.6,-1.999609375,1.999609375,1.0526315789473684,3.6842105263157894,-2.6315789473684212,2.6315789473684212,1,4,-3,0.0016432450128846842,,0.009758110966822421
2026-05-31,ROCKWOOL A/S Class B,DK0063855168,WK2NJZ-R,West Europe,DENMARK,Construction Materials,5.0,20,1.5151515151515151,1.818,-0.30320785984848486,0.30320785984848486,1.5,2.0,-0.5,0.5,2,2,0,2.855365022388917e-05,,0.00018763379936204505
2026-05-31,Aena SME SA,ES0105046017,PM9V18-R,West Europe,SPAIN,Other Transportation,9.0,66,4.907407407407407,6.758,-1.8504050925925926,1.8504050925925926,4.696969696969697,7.121212121212121,-2.424242424242424,2.424242424242424,5,7,-2,0.00023799530186612114,,0.0013925439952653502
2026-05-31,Cellnex Telecom S.A.,ES0105066007,M7R42R-R,West Europe,SPAIN,Engineering & Construction,17.0,16,3.1818181818181817,0.4546,2.7272283380681817,2.7272283380681817,2.5,0.625,1.875,1.875,3,1,2,0.00019311610151422334,,0.0010737809963491446
2026-05-31,Amadeus IT Group SA Class A,ES0109067019,HMZCMS-R,West Europe,SPAIN,Packaged Software,16.0,18,8.620689655172413,7.242,1.3785021551724128,1.3785021551724128,8.333333333333334,7.222222222222222,1.1111111111111116,1.1111111111111116,8,7,1,0.0003094712024265637,,0.001918126993478368
2026-05-31,"Banco Bilbao Vizcaya Argentaria, S.A.",ES0113211835,S6PT59-R,West Europe,SPAIN,Major Banks,2.0,37,4.423076923076923,5.19,-0.7683293269230766,0.7683293269230766,4.324324324324325,5.675675675675675,-1.3513513513513509,1.3513513513513509,5,6,-1,0.0014653820114900603,,0.008847056969920006
2026-05-31,Bankinter SA,ES0113679I37,PHL0HY-R,West Europe,SPAIN,Major Banks,2.0,37,1.7307692307692308,1.923,-0.19208233173076916,0.19208233173076916,1.891891891891892,2.1621621621621623,-0.2702702702702702,0.2702702702702702,2,2,0,0.000124446500975785,,0.0007044738976047886
2026-05-31,Banco de Sabadell SA,ES0113860A34,NZTKYK-R,West Europe,SPAIN,Major Banks,2.0,37,5.0,3.076,1.923828125,1.923828125,4.594594594594595,3.5135135135135136,1.0810810810810811,1.0810810810810811,5,4,1,0.00019558700153359765,,0.001108201996232113
2026-05-31,"Banco Santander, S.A.",ES0113900J37,NQPWYC-R,West Europe,SPAIN,Major Banks,2.0,37,7.115384615384616,3.27,3.845853365384616,3.845853365384616,6.486486486486487,3.783783783783784,2.7027027027027026,2.7027027027027026,7,4,3,0.0020079220157441166,,0.012160459958654434
2026-05-31,"Naturgy Energy Group, S.A.",ES0116870314,L0Q74W-R,West Europe,SPAIN,Gas Distributors,19.0,23,3.793103448275862,7.242,-3.449084051724138,3.449084051724138,4.3478260869565215,7.826086956521739,-3.4782608695652177,3.4782608695652177,5,8,-3,9.726913076268725e-05,,0.0006195479978935367
2026-05-31,"Indra Sistemas, S.A. Class A",ES0118594417,DCTKTS-R,West Europe,SPAIN,Information Technology Services,16.0,18,5.517241379310345,3.104,2.413725754310345,2.413725754310345,4.444444444444445,2.2222222222222223,2.2222222222222223,2.2222222222222223,5,2,3,5.855348045911784e-05,,0.0003746367987262348
2026-05-31,Mapfre SA,ES0124244E34,JWNFCY-R,West Europe,SPAIN,Multi-Line Insurance,10.0,24,8.518518518518519,6.297,2.221643518518519,2.221643518518519,8.333333333333334,6.25,2.083333333333334,2.083333333333334,9,6,3,4.81478003775269e-05,,0.0002755503990631286
2026-05-31,Acciona SA,ES0125220311,GGL1JR-R,West Europe,SPAIN,Engineering & Construction,5.0,20,8.787878787878787,6.668,2.119910037878787,2.119910037878787,8.5,6.5,2.0,2.0,9,7,2,7.937273062236157e-05,,0.00045677209844697484
2026-05-31,EDP Renewables SA,ES0127797019,X41LWS-R,West Europe,PORTUGAL,Alternative Power Generation,19.0,23,5.862068965517241,2.414,3.448006465517241,3.448006465517241,6.086956521739131,3.0434782608695654,3.0434782608695654,3.0434782608695654,6,3,3,5.098311039975857e-05,,0.000335809098858249
2026-05-31,Endesa S.A.,ES0130670112,XJKZH4-R,West Europe,SPAIN,Electric Utilities,19.0,23,7.931034482758621,6.207,1.724003232758621,1.724003232758621,7.826086956521739,6.956521739130435,0.8695652173913047,0.8695652173913047,8,7,1,0.00015019790117770174,,0.0008895889969753972
2026-05-31,CaixaBank SA,ES0140609019,NZNF7V-R,West Europe,SPAIN,Regional Banks,2.0,37,3.076923076923077,3.846,-0.7687800480769229,0.7687800480769229,3.2432432432432434,4.324324324324325,-1.0810810810810811,1.0810810810810811,3,5,-2,0.0005519586043279073,,0.0031658529892360995
2026-05-31,Iberdrola SA,ES0144580Y14,B97PT2-R,West Europe,SPAIN,Electric Utilities,19.0,23,5.172413793103448,4.137,1.0356950431034484,1.0356950431034484,5.652173913043478,4.782608695652174,0.8695652173913038,0.8695652173913038,6,5,1,0.0015681110122955585,,0.009317594968320176
2026-05-31,"Industria de Diseno Textil, S.A.",ES0148396007,N189DN-R,West Europe,SPAIN,Apparel/Footwear Retail,15.0,13,3.888888888888889,5.555,-1.6657986111111112,1.6657986111111112,3.076923076923077,3.8461538461538463,-0.7692307692307692,0.7692307692307692,3,4,-1,0.0007399784058021706,,0.004566075984475341
2026-05-31,"ACS, Actividades de Construccion y Servicios SA",ES0167050915,T1Q642-R,West Europe,SPAIN,Engineering & Construction,5.0,20,5.757575757575758,4.848,0.9099195075757578,0.9099195075757578,5.0,4.5,0.5,0.5,5,5,0,0.00028050030219940286,,0.0019799609932681325
2026-05-31,Redeia Corporacion SA,ES0173093024,HP1KTT-R,West Europe,SPAIN,Electric Utilities,19.0,23,9.655172413793103,4.83,4.827047413793103,4.827047413793103,9.565217391304348,5.652173913043478,3.91304347826087,3.91304347826087,10,6,4,1.2369930096992622e-05,,0.00032849419888311964
2026-05-31,Repsol SA,ES0173516115,G0XN0D-R,West Europe,SPAIN,Integrated Oil,12.0,15,8.823529411764707,7.06,1.7649356617647065,1.7649356617647065,9.333333333333334,8.0,1.333333333333334,1.333333333333334,9,8,1,0.00033131370259783074,,0.0018766809936192844
2026-05-31,International Consolidated Airlines Group SA,ES0177542018,RT3HS0-R,West Europe,UNITED KINGDOM,Airlines,18.0,8,1.4285714285714284,7.145,-5.715959821428571,5.715959821428571,1.25,6.25,-5.0,5.0,1,6,-5,7.889466061861303e-05,,0.0009246838968560746
2026-05-31,Telefonica SA,ES0178430E18,CPDD2G-R,West Europe,SPAIN,Specialty Telecommunications,17.0,16,5.0,7.273,-2.2734375,2.2734375,4.375,7.5,-3.125,3.125,5,8,-3,0.0001851288014515949,,0.0011354049961396228
2026-05-31,Kesko Oyj Class B,FI0009000202,KRX5HQ-R,West Europe,FINLAND,Food Retail,15.0,13,7.777777777777778,6.11,1.6684027777777777,1.6684027777777777,6.923076923076923,4.615384615384616,2.3076923076923075,2.3076923076923075,7,5,2,6.733074052794034e-05,,0.00043770029851181896
2026-05-31,Nokia Oyj,FI0009000681,M9KK66-R,West Europe,FINLAND,Telecommunications Equipment,17.0,16,1.3636363636363635,3.637,-2.2730823863636367,2.2730823863636367,1.25,3.75,-2.5,2.5,1,4,-3,0.0008415627065986932,,0.005396208981652888
2026-05-31,Wartsila Oyj Abp,FI0009003727,M76BKH-R,West Europe,FINLAND,Trucks/Construction/Farm Machinery,9.0,66,1.8518518518518516,4.535,-2.6833043981481484,2.6833043981481484,1.5151515151515151,4.545454545454545,-3.03030303030303,3.03030303030303,2,5,-3,0.0002230742017491248,,0.0012879009956211363
2026-05-31,Stora Enso Oyj Class R,FI0009005961,JCQQSM-R,West Europe,FINLAND,Containers/Packaging,3.0,13,9.09090909090909,5.91,3.18075284090909,3.18075284090909,8.461538461538462,6.923076923076923,1.5384615384615383,1.5384615384615383,9,7,2,7.081083055522772e-05,,0.00045201179846315984
2026-05-31,UPM-Kymmene Oyj,FI0009005987,VQYLTZ-R,West Europe,FINLAND,Pulp & Paper,3.0,13,9.545454545454547,3.637,5.908735795454547,5.908735795454547,9.230769230769232,5.384615384615384,3.8461538461538476,3.8461538461538476,9,6,3,0.00017416270136560975,,0.0010050499965828298
2026-05-31,Fortum Oyj,FI0009007132,NZP5KF-R,West Europe,FINLAND,Electric Utilities,19.0,23,3.103448275862069,3.793,-0.689520474137931,0.689520474137931,3.4782608695652173,4.3478260869565215,-0.8695652173913042,0.8695652173913042,4,5,-1,0.00012057270094541054,,0.0007000205976199299
2026-05-31,Elisa Oyj Class A,FI0009007884,Q514Z2-R,West Europe,FINLAND,Wireless Telecommunications,17.0,16,0.9090909090909092,1.363,-0.45419034090909083,0.45419034090909083,0.625,1.25,-0.625,0.625,1,1,0,7.024082055075827e-05,,0.00048622229834684416
2026-05-31,Neste Corporation,FI0009013296,VJ9CC9-R,West Europe,FINLAND,Oil Refining/Marketing,12.0,15,5.882352941176471,8.234,-2.352022058823529,2.352022058823529,6.666666666666666,9.333333333333334,-2.666666666666668,2.666666666666668,7,9,-2,0.00014865590116561092,,0.0009543432967552327
2026-05-31,KONE Oyj Class B,FI0009013403,VWH0HM-R,West Europe,FINLAND,Building Products,9.0,66,1.4814814814814814,3.703,-2.2216435185185186,2.2216435185185186,1.3636363636363635,3.6363636363636367,-2.2727272727272734,2.2727272727272734,2,4,-2,0.00022402980175661766,,0.001556891994706567
2026-05-31,Orion Oyj Class B,FI0009014377,CGMTCS-R,West Europe,FINLAND,Pharmaceuticals: Major,8.0,38,4.8,8.0,-3.2,3.2,4.7368421052631575,7.894736842105264,-3.157894736842106,3.157894736842106,5,8,-3,9.072773071139612e-05,,0.0006098219979266051
2026-05-31,Metso Corporation,FI0009014575,B045ZY-R,West Europe,FINLAND,Trucks/Construction/Farm Machinery,9.0,66,6.296296296296297,5.555,0.7416087962962967,0.7416087962962967,5.909090909090909,5.454545454545454,0.45454545454545503,0.45454545454545503,6,6,0,0.00013166700103240094,,0.0008209591972087386
2026-05-31,Nordea Bank Abp,FI4000297767,GTC7FX-R,West Europe,FINLAND,Major Banks,2.0,37,1.5384615384615385,1.154,0.38416466346153855,0.38416466346153855,1.6216216216216217,1.6216216216216217,0.0,0.0,2,2,0,0.0006528417051189318,,0.004333763985265202
2026-05-31,Sampo Oyj,FI4000552500,VBKJ5D-R,West Europe,FINLAND,Property/Casualty Insurance,10.0,24,1.1111111111111112,0.7407,0.37038845486111116,0.37038845486111116,0.8333333333333333,0.41666666666666663,0.41666666666666663,0.41666666666666663,1,1,0,0.0002858154022410785,,0.001766181993994981
2026-05-31,Bollore SE,FR0000039299,KYL1YS-R,West Europe,FRANCE,Wholesale Distributors,11.0,6,5.333333333333333,5.332,0.0013020833333330373,0.0013020833333330373,5.0,6.666666666666666,-1.666666666666666,1.666666666666666,5,7,-2,5.9800920468899015e-05,,0.00030000379897998706
2026-05-31,Credit Agricole SA,FR0000045072,GSX767-R,West Europe,FRANCE,Regional Banks,2.0,37,9.230769230769232,8.84,0.3870192307692317,0.3870192307692317,8.91891891891892,8.91891891891892,0.0,0.0,9,9,0,0.00022590020177128345,,0.001409641995207217
2026-05-31,Hermes International SCA,FR0000052292,D9KCYX-R,West Europe,FRANCE,Apparel/Footwear,13.0,13,1.6,1.6,0.0003906250000000888,0.0003906250000000888,0.7692307692307693,2.307692307692308,-1.5384615384615388,1.5384615384615388,1,2,-1,0.0005758737045154257,,0.0044117199850001515
2026-05-31,Covivio SA,FR0000064578,VCL3F1-R,West Europe,FRANCE,Real Estate Investment Trusts,14.0,10,9.0,7.668,1.33203125,1.33203125,8.0,8.0,0.0,0.0,8,8,0,3.5458170278027516e-05,,0.00022123479924780165
2026-05-31,Safran SA,FR0000073272,NGS8GV-R,West Europe,FRANCE,Aerospace & Defense,9.0,66,4.444444444444445,2.408,2.0362413194444446,2.0362413194444446,4.090909090909091,2.727272727272727,1.3636363636363638,1.3636363636363638,4,3,1,0.0013702490107441224,,0.008584874970811424
2026-05-31,Air Liquide SA,FR0000120073,HXYRFX-R,West Europe,FRANCE,Chemicals: Specialty,4.0,11,3.888888888888889,3.334,0.5549045138888888,0.5549045138888888,5.454545454545454,3.6363636363636367,1.8181818181818175,1.8181818181818175,6,4,2,0.0013124990102913047,,0.007881805973201858
2026-05-31,Carrefour SA,FR0000120172,SDCTWH-R,West Europe,FRANCE,Specialty Stores,15.0,13,10.0,10.0,0.0,0.0,10.0,10.0,0.0,0.0,10,10,0,0.00010980230086095985,,0.0007890385973172687
2026-05-31,TotalEnergies SE,FR0000120271,NL9BH6-R,West Europe,FRANCE,Integrated Oil,12.0,15,7.647058823529411,6.47,1.1783088235294112,1.1783088235294112,8.0,7.333333333333333,0.666666666666667,0.666666666666667,8,7,1,0.0019260540151021896,,0.012760279956615045
2026-05-31,L'Oreal S.A.,FR0000120321,SQG6NN-R,West Europe,FRANCE,Household/Personal Care,13.0,13,5.6000000000000005,8.4,-2.7984374999999995,2.7984374999999995,6.923076923076923,9.230769230769232,-2.3076923076923084,2.3076923076923084,7,9,-2,0.0011826660092732841,,0.00708529697590999
2026-05-31,Accor SA,FR0000120404,NSZ0P5-R,West Europe,FRANCE,Hotels/Resorts/Cruiselines,18.0,8,8.571428571428571,5.0,3.571428571428571,3.571428571428571,8.75,3.75,5.0,5.0,9,4,5,0.00011214180087930386,,0.0007190872975551032
2026-05-31,Bouygues SA,FR0000120503,F5TYNG-R,West Europe,FRANCE,Engineering & Construction,5.0,20,9.393939393939394,9.39,0.0033143939393944777,0.0033143939393944777,9.5,9.0,0.5,0.5,10,9,1,0.00013719450107574206,,0.0010287479965022568
2026-05-31,Sanofi SA,FR0000120578,M78XGX-R,West Europe,FRANCE,Pharmaceuticals: Major,8.0,38,8.8,9.6,-0.8015624999999993,0.8015624999999993,8.68421052631579,9.473684210526315,-0.7894736842105257,0.7894736842105257,9,10,-1,0.0010447030081915162,,0.00647753797797637
2026-05-31,AXA SA,FR0000120628,GM702V-R,West Europe,FRANCE,Multi-Line Insurance,10.0,24,2.5925925925925926,2.963,-0.37029803240740744,0.37029803240740744,2.0833333333333335,2.5,-0.4166666666666665,0.4166666666666665,2,3,-1,0.0008417011065997784,,0.005383915981694684
2026-05-31,Danone SA,FR0000120644,SC37CB-R,West Europe,FRANCE,Food: Meat/Fish/Dairy,7.0,23,9.285714285714286,7.855,1.4302455357142865,1.4302455357142865,9.130434782608695,7.826086956521739,1.304347826086956,1.304347826086956,9,8,1,0.0005026539039413092,,0.0030217919897259065
2026-05-31,Pernod Ricard SA,FR0000120693,MQ1RPL-R,West Europe,FRANCE,Beverages: Alcoholic,7.0,23,8.928571428571429,6.43,2.498883928571429,2.498883928571429,8.695652173913043,6.521739130434783,2.17391304347826,2.17391304347826,9,7,2,0.00016182120126884004,,0.0009465636967816833
2026-05-31,LVMH Moet Hennessy Louis Vuitton SE,FR0000121014,GQH86W-R,West Europe,FRANCE,Apparel/Footwear,13.0,13,7.199999999999999,7.6,-0.4015625000000007,0.4015625000000007,9.230769230769232,7.6923076923076925,1.5384615384615392,1.5384615384615392,9,8,1,0.0015205380119225384,,0.009115960969005731
2026-05-31,Sodexo SA,FR0000121220,F86RDQ-R,West Europe,FRANCE,Restaurants,18.0,8,2.8571428571428568,1.429,1.4284319196428568,1.4284319196428568,3.75,1.25,2.5,2.5,4,1,3,4.865096038147218e-05,,0.0002961709989930186
2026-05-31,Thales SA,FR0000121329,L7MP54-R,West Europe,FRANCE,Aerospace & Defense,9.0,66,8.425925925925926,6.297,2.1290509259259256,2.1290509259259256,8.333333333333334,6.363636363636363,1.9696969696969706,1.9696969696969706,9,7,2,0.00029611670232185103,,0.0017694319939839309
2026-05-31,Kering SA,FR0000121485,P45SVG-R,West Europe,FRANCE,Consumer Sundries,13.0,13,3.5999999999999996,1.2,2.3998046874999996,2.3998046874999996,4.615384615384616,1.5384615384615385,3.0769230769230775,3.0769230769230775,5,2,3,0.00024293880190488315,,0.0013766419953194168
2026-05-31,EssilorLuxottica SA,FR0000121667,R6Y499-R,West Europe,FRANCE,Medical Specialties,8.0,38,4.6000000000000005,2.6,2.0003906250000005,2.0003906250000005,4.473684210526316,2.631578947368421,1.8421052631578951,1.8421052631578951,5,3,2,0.000672728105274861,,0.004223907985638712
2026-05-31,Klepierre SA,FR0000121964,WCCWD2-R,West Europe,FRANCE,Real Estate Development,14.0,10,6.333333333333333,8.0,-1.666666666666667,1.666666666666667,4.0,9.0,-5.0,5.0,4,9,-5,9.012406070666277e-05,,0.0006004105979586039
2026-05-31,Schneider Electric SE,FR0000121972,PVX0ZC-R,West Europe,FRANCE,Electrical Products,9.0,66,7.5,5.832,1.66796875,1.66796875,7.272727272727273,5.757575757575758,1.5151515151515156,1.5151515151515156,7,6,1,0.001959711015366094,,0.012354029957996296
2026-05-31,Veolia Environnement SA,FR0000124141,BLBH7J-R,West Europe,FRANCE,Water Utilities,19.0,23,6.8965517241379315,10.0,-3.1034482758620685,3.1034482758620685,6.521739130434783,10.0,-3.478260869565217,3.478260869565217,7,10,-3,0.0002950044023131295,,0.0017866079939255328
2026-05-31,Compagnie de Saint-Gobain SA,FR0000125007,RK87TQ-R,West Europe,FRANCE,Building Products,5.0,20,7.575757575757576,6.97,0.6070075757575761,0.6070075757575761,7.0,7.0,0.0,0.0,7,7,0,0.00043931570344467444,,0.002958591989940787
2026-05-31,Capgemini SE,FR0000125338,F86QBP-R,West Europe,FRANCE,Information Technology Services,16.0,18,9.655172413793103,4.484,5.170797413793103,5.170797413793103,9.444444444444445,4.444444444444445,5.0,5.0,10,5,5,0.00020952030164284868,,0.0013677459953496634
2026-05-31,VINCI SA,FR0000125486,R71R5P-R,West Europe,FRANCE,Engineering & Construction,5.0,20,7.878787878787879,9.09,-1.214962121212121,1.214962121212121,7.5,8.5,-1.0,1.0,8,9,-1,0.0007857213061608408,,0.005550518981128235
2026-05-31,Eiffage SA,FR0000130452,X9RMCS-R,West Europe,FRANCE,Engineering & Construction,5.0,20,10.0,10.0,0.0,0.0,10.0,10.0,0.0,0.0,10,10,0,0.0001205100009449189,,0.0009210171968685414
2026-05-31,Publicis Groupe SA,FR0000130577,LZ645K-R,West Europe,FRANCE,Advertising/Marketing Services,11.0,6,10.0,8.664,1.3359375,1.3359375,10.0,10.0,0.0,0.0,10,10,0,0.000241849001896338,,0.0015396769947650982
2026-05-31,Societe Generale S.A. Class A,FR0000130809,VXQN5W-R,West Europe,FRANCE,Major Banks,2.0,37,6.923076923076923,9.04,-2.1159855769230766,2.1159855769230766,6.216216216216216,9.18918918918919,-2.9729729729729737,2.9729729729729737,6,9,-3,0.000595485904669205,,0.004143323985912698
2026-05-31,BNP Paribas S.A. Class A,FR0000131104,GSRMDX-R,West Europe,FRANCE,Major Banks,2.0,37,8.653846153846153,9.62,-0.9633413461538467,0.9633413461538467,8.378378378378379,9.72972972972973,-1.3513513513513509,1.3513513513513509,9,10,-1,0.001186649009304515,,0.007405661974820748
2026-05-31,Renault SA,FR0000131906,VK7479-R,West Europe,FRANCE,Motor Vehicles,1.0,12,4.117647058823529,5.883,-1.765165441176471,1.765165441176471,4.166666666666667,5.833333333333334,-1.666666666666667,1.666666666666667,4,6,-2,6.851077053719295e-05,,0.0004557180984505584
2026-05-31,Orange SA,FR0000133308,HSDXVR-R,West Europe,FRANCE,Wireless Telecommunications,17.0,16,9.545454545454547,9.09,0.45170454545454675,0.45170454545454675,9.375,8.75,0.625,0.625,10,9,1,0.00042261730331374226,,0.002707773990793568
2026-05-31,Amundi SA,FR0004125920,W7GV53-R,West Europe,FRANCE,Investment Managers,6.0,22,3.953488372093023,3.72,0.23278524709302317,0.23278524709302317,5.0,5.0,0.0,0.0,5,5,0,6.18617004850576e-05,,0.0003911009986702566
2026-05-31,Bureau Veritas SA,FR0006174348,KL214V-R,West Europe,FRANCE,Miscellaneous Commercial Services,9.0,66,6.7592592592592595,7.13,-0.3696469907407405,0.3696469907407405,6.363636363636363,7.424242424242424,-1.0606060606060606,1.0606060606060606,7,8,-1,0.00010577730082939982,,0.0006675920977301867
2026-05-31,Gecina SA,FR0010040865,RDQKHP-R,West Europe,FRANCE,Real Estate Investment Trusts,14.0,10,8.666666666666668,5.332,3.334635416666668,3.334635416666668,7.0,6.0,1.0,1.0,7,6,1,3.964337031084367e-05,,0.00030433079896527524
2026-05-31,ENGIE S.A.,FR0010208488,QKJP1R-R,West Europe,FRANCE,Electric Utilities,19.0,23,4.827586206896552,8.97,-4.141163793103448,4.141163793103448,5.217391304347826,9.130434782608695,-3.913043478260869,3.913043478260869,5,9,-4,0.0006231860048864015,,0.0038102619870451085
2026-05-31,Alstom SA,FR0010220475,QSF694-R,West Europe,FRANCE,Trucks/Construction/Farm Machinery,9.0,66,7.5925925925925934,4.816,2.7761863425925934,2.7761863425925934,7.424242424242424,4.848484848484849,2.5757575757575752,2.5757575757575752,8,5,3,7.846128061521491e-05,,0.00046700249841219145
2026-05-31,Ipsen SA,FR0010259150,VWJ2JM-R,West Europe,FRANCE,Pharmaceuticals: Major,8.0,38,5.8,6.4,-0.5984375000000002,0.5984375000000002,5.7894736842105265,6.315789473684211,-0.5263157894736841,0.5263157894736841,6,6,0,6.850779053716958e-05,,0.00042891329854169473
2026-05-31,Legrand SA,FR0010307819,PB2NM2-R,West Europe,FRANCE,Electronic Equipment/Instruments,9.0,66,6.203703703703703,4.35,1.8521412037037033,1.8521412037037033,5.757575757575758,4.393939393939394,1.3636363636363642,1.3636363636363642,6,5,1,0.0004760208037324791,,0.003031818989691815
2026-05-31,Aeroports de Paris,FR0010340141,LD8KL5-R,West Europe,FRANCE,Other Transportation,9.0,66,6.111111111111112,3.889,2.2224392361111116,2.2224392361111116,5.6060606060606055,3.9393939393939394,1.666666666666666,1.666666666666666,6,4,2,3.858806030256898e-05,,0.00023456829920246775
2026-05-31,Rexel SA,FR0010451203,FBG90Z-R,West Europe,FRANCE,Wholesale Distributors,9.0,66,9.722222222222221,9.72,0.0034722222222214327,0.0034722222222214327,9.848484848484848,9.696969696969697,0.1515151515151505,0.1515151515151505,10,10,0,0.00010324850080957149,,0.0006258103978722446
2026-05-31,Getlink SE,FR0010533075,PKTRNJ-R,West Europe,FRANCE,Railroads,9.0,66,8.796296296296296,8.055,0.7416087962962958,0.7416087962962958,8.787878787878787,8.484848484848484,0.30303030303030276,0.30303030303030276,9,9,0,7.130970055913936e-05,,0.0004210050985685826
2026-05-31,Abivax SA,FR0012333284,WP2Z44-R,West Europe,FRANCE,Pharmaceuticals: Other,8.0,38,0.2,0.2,4.88281250000111e-05,4.88281250000111e-05,0.2631578947368421,0.2631578947368421,0.0,0.0,1,1,0,7.400421058026701e-05,,0.0005885911979987899
2026-05-31,Sartorius Stedim Biotech SA,FR0013154002,KQMGSG-R,West Europe,FRANCE,Medical Specialties,8.0,38,1.7999999999999998,0.4,1.4000976562499998,1.4000976562499998,1.3157894736842104,0.5263157894736842,0.7894736842105262,0.7894736842105262,2,1,1,5.829007045705244e-05,,0.0003809577987047435
2026-05-31,Ayvens,FR0013258662,MKHN6T-R,West Europe,FRANCE,Finance/Rental/Leasing,6.0,22,8.837209302325581,9.07,-0.2331031976744189,0.2331031976744189,9.09090909090909,10.0,-0.9090909090909101,0.9090909090909101,9,10,-1,3.6592050286918263e-05,,0.00031740509892082264
2026-05-31,bioMerieux SA,FR0013280286,LD75YW-R,West Europe,FRANCE,Medical Specialties,8.0,38,2.6,2.4,0.1996093750000001,0.1996093750000001,2.3684210526315788,2.3684210526315788,0.0,0.0,3,3,0,3.542865027779605e-05,,0.00026368619910346685
2026-05-31,Unibail-Rodamco-Westfield SE Stapled Secs Cons of 1 Sh Unibail Rodamco + 1 Sh WFD Unib Rod,FR0013326246,VTG478-R,West Europe,FRANCE,Real Estate Investment Trusts,14.0,10,9.666666666666666,9.0,0.6666666666666661,0.6666666666666661,10.0,10.0,0.0,0.0,10,10,0,0.00014829360116277012,,0.0008352892971600163
2026-05-31,Eurofins Scientific SE,FR0014000MR3,CGGTW3-R,West Europe,FRANCE,Miscellaneous Commercial Services,8.0,38,4.2,5.2,-0.9992187499999998,0.9992187499999998,3.947368421052632,5.263157894736842,-1.3157894736842097,1.3157894736842097,4,5,-1,8.955387070219191e-05,,0.0005503091981289486
2026-05-31,Dassault Systemes SE,FR0014003TT8,VMHPTJ-R,West Europe,FRANCE,Packaged Software,16.0,18,9.310344827586206,4.83,4.482219827586206,4.482219827586206,8.88888888888889,5.0,3.8888888888888893,3.8888888888888893,9,5,4,0.0001628716012770762,,0.0010915049962888829
2026-05-31,Dassault Aviation SA,FR0014004L86,N4KJCL-R,West Europe,FRANCE,Aerospace & Defense,9.0,66,8.61111111111111,4.63,3.9822048611111107,3.9822048611111107,8.636363636363637,4.696969696969697,3.9393939393939394,3.9393939393939394,9,5,4,8.61883306758027e-05,,0.00043350549852608125
2026-05-31,Cie Generale des Etablissements Michelin SA,FR001400AJ45,QLR4HX-R,West Europe,FRANCE,Automotive Aftermarket,1.0,12,4.705882352941177,4.707,-0.0011488970588233727,0.0011488970588233727,5.0,5.0,0.0,0.0,5,5,0,0.00027058820212168207,,0.0016815349942827808
2026-05-31,Antofagasta plc,GB0000456144,CGFLHY-R,West Europe,UNITED KINGDOM,Other Metals/Minerals,3.0,13,0.4545454545454546,2.273,-1.8188920454545454,1.8188920454545454,0.7692307692307693,3.076923076923077,-2.307692307692308,2.307692307692308,1,3,-2,0.0002269240017793111,,0.0013993749952421247
2026-05-31,Diageo plc,GB0002374006,SRR0L0-R,West Europe,UNITED KINGDOM,Beverages: Alcoholic,7.0,23,1.7857142857142858,1.071,0.7144252232142858,0.7144252232142858,2.1739130434782608,1.3043478260869565,0.8695652173913042,0.8695652173913042,2,1,1,0.0004920780038583836,,0.003049822989630601
2026-05-31,BAE Systems plc,GB0002634946,H3ZDL6-R,West Europe,UNITED KINGDOM,Aerospace & Defense,9.0,66,7.4074074074074066,6.203,1.2042824074074066,1.2042824074074066,7.121212121212121,6.212121212121212,0.9090909090909092,0.9090909090909092,7,6,1,0.0008873998069581018,,0.005339328981846281
2026-05-31,British American Tobacco p.l.c.,GB0002875804,JTC3C0-R,West Europe,UNITED KINGDOM,Tobacco,7.0,23,9.642857142857142,10.0,-0.35714285714285765,0.35714285714285765,9.565217391304348,10.0,-0.43478260869565233,0.43478260869565233,10,10,0,0.0014120120110715862,,0.008882118969800795
2026-05-31,Halma plc,GB0004052071,VQYC7M-R,West Europe,UNITED KINGDOM,Electronic Equipment/Instruments,9.0,66,3.7962962962962967,6.668,-2.8716724537037033,2.8716724537037033,3.4848484848484853,6.969696969696971,-3.4848484848484853,3.4848484848484853,4,7,-3,0.000246620201933749,,0.0016161739945050081
2026-05-31,Standard Chartered PLC,GB0004082847,RT2GT1-R,West Europe,UNITED KINGDOM,Major Banks,2.0,37,6.538461538461538,2.691,3.8470552884615383,3.8470552884615383,5.675675675675675,2.9729729729729732,2.702702702702702,2.702702702702702,6,3,3,0.000577933304531575,,0.003215262989068105
2026-05-31,Imperial Brands PLC,GB0004544929,WRQWWJ-R,West Europe,UNITED KINGDOM,Tobacco,7.0,23,3.9285714285714284,6.785,-2.8565848214285716,2.8565848214285716,3.9130434782608696,6.956521739130435,-3.043478260869565,3.043478260869565,4,7,-3,0.0003036491023809126,,0.001800391993878667
2026-05-31,HSBC Holdings Plc,GB0005405286,MH2X00-R,West Europe,UNITED KINGDOM,Major Banks,2.0,37,7.6923076923076925,8.266,-0.5733173076923075,0.5733173076923075,7.297297297297297,8.378378378378379,-1.0810810810810816,1.0810810810810816,7,9,-2,0.0035429900277805845,,0.021212629927877053
2026-05-31,Legal & General Group Plc,GB0005603997,R033YB-R,West Europe,UNITED KINGDOM,Multi-Line Insurance,10.0,24,7.037037037037037,3.703,3.333912037037037,3.333912037037037,7.083333333333334,3.333333333333333,3.750000000000001,3.750000000000001,7,4,3,0.000212403901665459,,0.0013422389954363873
2026-05-31,Associated British Foods plc,GB0006731235,RFRHDN-R,West Europe,UNITED KINGDOM,Food: Major Diversified,7.0,23,10.0,9.64,0.359375,0.359375,10.0,9.565217391304348,0.43478260869565233,0.43478260869565233,10,10,0,8.766993068741993e-05,,0.0004724660983936152
2026-05-31,Pearson PLC,GB0006776081,KL682P-R,West Europe,UNITED KINGDOM,Publishing: Books/Magazines,11.0,6,6.0,4.0,2.0,2.0,6.666666666666666,5.0,1.666666666666666,1.666666666666666,7,5,2,0.00010003580078438071,,0.0006195904978933923
2026-05-31,Prudential plc,GB0007099541,V4QWNW-R,West Europe,UNITED KINGDOM,Multi-Line Insurance,10.0,24,2.2222222222222223,6.668,-4.445746527777778,4.445746527777778,1.6666666666666665,6.666666666666666,-5.0,5.0,2,7,-5,0.00041481580325257065,,0.0024388799917078076
2026-05-31,Rio Tinto plc,GB0007188757,RS2FLX-R,West Europe,UNITED KINGDOM,Other Metals/Minerals,3.0,13,5.0,4.547,0.453125,0.453125,6.923076923076923,6.153846153846154,0.7692307692307692,0.7692307692307692,7,6,1,0.0013264820104009452,,0.007632048974051032
2026-05-31,SSE PLC,GB0007908733,V70D41-R,West Europe,UNITED KINGDOM,Electric Utilities,19.0,23,4.482758620689655,3.104,1.3792429956896548,1.3792429956896548,4.782608695652174,3.9130434782608696,0.8695652173913042,0.8695652173913042,5,4,1,0.0004140079032462359,,0.0025322959913901934
2026-05-31,BP PLC,GB0007980591,S8V1HG-R,West Europe,UNITED KINGDOM,Integrated Oil,12.0,15,10.0,10.0,0.0,0.0,10.0,10.0,0.0,0.0,10,10,0,0.0012106490094926988,,0.007666772973932971
2026-05-31,Lloyds Banking Group plc,GB0008706128,QG1XJM-R,West Europe,UNITED KINGDOM,Major Banks,2.0,37,9.807692307692307,7.69,2.1162860576923066,2.1162860576923066,9.72972972972973,7.837837837837838,1.891891891891892,1.891891891891892,10,8,2,0.0008790049068922774,,0.005274174982067804
2026-05-31,Smith & Nephew plc,GB0009223206,L5CD35-R,West Europe,UNITED KINGDOM,Medical Specialties,8.0,38,9.0,9.0,0.0,0.0,8.947368421052632,8.947368421052632,0.0,0.0,9,9,0,0.00013252820103915362,,0.0008551275970925659
2026-05-31,AstraZeneca PLC,GB0009895292,GY9L86-R,West Europe,UNITED KINGDOM,Pharmaceuticals: Major,8.0,38,6.2,7.4,-1.1984374999999998,1.1984374999999998,6.315789473684211,7.105263157894736,-0.7894736842105257,0.7894736842105257,6,7,-1,0.003130243024544235,,0.018878609935812724
2026-05-31,BT Group plc,GB0030913577,DKMXT1-R,West Europe,UNITED KINGDOM,Major Telecommunications,17.0,16,6.8181818181818175,3.182,3.6365411931818175,3.6365411931818175,6.25,3.125,3.125,3.125,6,3,3,0.00020139200157911466,,0.001135509996139266
2026-05-31,Marks and Spencer Group plc,GB0031274896,C5C1JQ-R,West Europe,UNITED KINGDOM,Department Stores,15.0,13,6.666666666666666,7.223,-0.5559895833333339,0.5559895833333339,5.384615384615384,6.153846153846154,-0.76923076923077,0.76923076923077,6,6,0,0.00010302890080784961,,0.0006313544978533946
2026-05-31,Barclays PLC,GB0031348658,Q1KZKH-R,West Europe,UNITED KINGDOM,Investment Banks/Brokers,2.0,37,9.423076923076923,9.42,0.0012019230769233502,0.0012019230769233502,9.18918918918919,9.45945945945946,-0.2702702702702702,0.2702702702702702,9,10,-1,0.0009248494072517442,,0.005601616980954501
2026-05-31,Intertek Group plc,GB0031638363,P8X97Y-R,West Europe,UNITED KINGDOM,Miscellaneous Commercial Services,9.0,66,0.4629629629629629,1.019,-0.5555917245370371,0.5555917245370371,0.6060606060606061,1.3636363636363635,-0.7575757575757575,0.7575757575757575,1,2,-1,0.00012784730100245066,,0.0007587609974202125
2026-05-31,Next plc,GB0032089863,CQJM8J-R,West Europe,UNITED KINGDOM,Apparel/Footwear,15.0,13,1.6666666666666665,4.445,-2.7786458333333335,2.7786458333333335,1.5384615384615385,3.076923076923077,-1.5384615384615385,1.5384615384615385,2,3,-1,0.00024020040188341133,,0.001429691995139047
2026-05-31,Kingfisher Plc,GB0033195214,GGPJ50-R,West Europe,UNITED KINGDOM,Home Improvement Chains,15.0,13,8.333333333333334,8.89,-0.5572916666666661,0.5572916666666661,7.6923076923076925,8.461538461538462,-0.7692307692307692,0.7692307692307692,8,9,-1,8.14561306386975e-05,,0.00045232629846209056
2026-05-31,J Sainsbury plc,GB00B019KW72,MH7DL7-R,West Europe,UNITED KINGDOM,Food Retail,15.0,13,9.444444444444445,9.445,-0.0008680555555553582,0.0008680555555553582,9.230769230769232,9.230769230769232,0.0,0.0,9,9,0,7.074622055472111e-05,,0.00046124669843176116
2026-05-31,Admiral Group plc,GB00B02J6398,D2TYF9-R,West Europe,UNITED KINGDOM,Property/Casualty Insurance,10.0,24,3.333333333333333,1.852,1.481770833333333,1.481770833333333,2.916666666666667,1.25,1.666666666666667,1.666666666666667,3,1,2,0.00012061810094576652,,0.0007472642974593012
2026-05-31,Centrica plc,GB00B033F229,LHKZY9-R,West Europe,UNITED KINGDOM,Gas Distributors,19.0,23,1.3793103448275863,2.068,-0.6890490301724137,0.6890490301724137,1.3043478260869565,2.608695652173913,-1.3043478260869565,1.3043478260869565,1,3,-2,0.0001374535010777729,,0.0007982509972859464
2026-05-31,Bunzl plc,GB00B0744B38,CMX879-R,West Europe,UNITED KINGDOM,Wholesale Distributors,9.0,66,9.25925925925926,9.445,-0.18605324074074048,0.18605324074074048,9.393939393939394,9.545454545454547,-0.15151515151515227,0.15151515151515227,10,10,0,0.00010722000084071203,,0.0006762588977007196
2026-05-31,Rentokil Initial plc,GB00B082RF11,JWNLQ3-R,West Europe,UNITED KINGDOM,Miscellaneous Commercial Services,9.0,66,9.166666666666666,8.61,0.5572916666666661,0.5572916666666661,9.242424242424242,8.93939393939394,0.30303030303030276,0.30303030303030276,9,9,0,0.00015389070120665698,,0.0009828771966582173
2026-05-31,London Stock Exchange Group plc,GB00B0SWJX34,F0BW8V-R,West Europe,UNITED KINGDOM,Financial Publishing/Services,6.0,22,2.0930232558139537,2.559,-0.46557049418604635,0.46557049418604635,3.1818181818181817,3.1818181818181817,0.0,0.0,3,3,0,0.0006214351048726727,,0.003986092986447283
2026-05-31,Experian PLC,GB00B19NLV48,S243YB-R,West Europe,UNITED KINGDOM,Miscellaneous Commercial Services,9.0,66,5.277777777777778,7.87,-2.5933159722222223,2.5933159722222223,5.0,8.181818181818182,-3.1818181818181817,3.1818181818181817,5,8,-3,0.00035016090274561163,,0.0020973759928689215
2026-05-31,Severn Trent Plc,GB00B1FH8J72,LRJK5P-R,West Europe,UNITED KINGDOM,Water Utilities,19.0,23,7.586206896551724,5.863,1.7229256465517242,1.7229256465517242,7.391304347826086,6.521739130434783,0.8695652173913029,0.8695652173913029,8,7,1,0.0001264290009913298,,0.0006736044977097447
2026-05-31,Smiths Group Plc,GB00B1WY2338,C7RT3W-R,West Europe,UNITED KINGDOM,Electrical Products,9.0,66,2.4074074074074074,0.5557,1.8517433449074074,1.8517433449074074,2.4242424242424243,0.7575757575757576,1.6666666666666667,1.6666666666666667,3,1,2,0.00013281360104139145,,0.0007244622975368281
2026-05-31,3i Group plc,GB00B1YW4409,GX5F66-R,West Europe,UNITED KINGDOM,Investment Trusts/Mutual Funds,6.0,22,0.23255813953488372,1.86,-1.6277934229651163,1.6277934229651163,0.4545454545454546,2.2727272727272725,-1.818181818181818,1.818181818181818,1,2,-1,0.0003221040025256175,,0.001985162993250446
2026-05-31,RELX PLC,GB00B2B0DG97,PC4MH0-R,West Europe,UNITED KINGDOM,Miscellaneous Commercial Services,16.0,18,3.103448275862069,7.586,-4.482489224137931,4.482489224137931,2.2222222222222223,7.777777777777778,-5.555555555555555,5.555555555555555,2,8,-6,0.0006528277051188221,,0.0039655889865169965
2026-05-31,Fresnillo PLC,GB00B2QPKJ12,C8X0D1-R,West Europe,UNITED KINGDOM,Precious Metals,3.0,13,4.090909090909091,8.18,-4.088778409090909,4.088778409090909,5.384615384615384,8.461538461538462,-3.0769230769230775,3.0769230769230775,6,9,-3,0.00010614920083231588,,0.0005080207982727293
2026-05-31,United Utilities Group PLC,GB00B39J2M42,H9PG8C-R,West Europe,UNITED KINGDOM,Water Utilities,19.0,23,7.241379310344827,2.758,4.483566810344827,4.483566810344827,6.956521739130435,3.4782608695652173,3.4782608695652173,3.4782608695652173,7,4,3,0.00014737940115560187,,0.0008095256972476126
2026-05-31,SEGRO plc,GB00B5ZN1N88,DF4GV5-R,West Europe,UNITED KINGDOM,Real Estate Investment Trusts,14.0,10,5.0,1.0,4.0,4.0,3.0,3.0,0.0,0.0,3,3,0,0.00013718890107569816,,0.0008073298972550783
2026-05-31,Rolls-Royce Holdings plc,GB00B63H8491,DTMN8J-R,West Europe,UNITED KINGDOM,Aerospace & Defense,9.0,66,0.6481481481481481,5.094,-4.445601851851852,4.445601851851852,0.7575757575757576,5.151515151515151,-4.393939393939394,4.393939393939394,1,5,-4,0.0016454050129016207,,0.009969402966104029
2026-05-31,Sage Group plc,GB00B8C3BL03,F057JK-R,West Europe,UNITED KINGDOM,Packaged Software,16.0,18,10.0,9.66,0.34375,0.34375,10.0,10.0,0.0,0.0,10,10,0,0.00012754050100004507,,0.0007175238975604186
2026-05-31,Compass Group PLC,GB00BD6K4575,LJQ74C-R,West Europe,UNITED KINGDOM,Restaurants,18.0,8,5.0,9.29,-4.2890625,4.2890625,6.25,8.75,-2.5,2.5,6,9,-3,0.0005797380045457257,,0.0037526199872410914
2026-05-31,Coca-Cola Europacific Partners plc,GB00BDCPN049,MH2KBP-R,North America,UNITED STATES,Beverages: Non-Alcoholic,7.0,17,2.258064516129032,7.918,-5.659904233870968,5.659904233870968,2.3529411764705883,8.235294117647058,-5.882352941176469,5.882352941176469,3,8,-5,0.00020612150161619867,,
2026-05-31,National Grid plc,GB00BDR05C01,J2N4RC-R,West Europe,UNITED KINGDOM,Electric Utilities,19.0,23,10.0,4.484,5.515625,5.515625,10.0,5.217391304347826,4.782608695652174,4.782608695652174,10,5,5,0.0008885405069670461,,0.005537195981173533
2026-05-31,TechnipFMC plc,GB00BDSFG982,RMFR2L-R,North America,UNITED STATES,Oilfield Services/Equipment,12.0,23,6.666666666666666,6.25,0.4166666666666661,0.4166666666666661,6.086956521739131,6.521739130434783,-0.43478260869565233,0.43478260869565233,6,7,-1,0.00029373440230317144,,
2026-05-31,Standard Life plc,GB00BGXQNP29,RS2N47-R,West Europe,UNITED KINGDOM,Life/Health Insurance,10.0,24,8.148148148148147,9.26,-1.109664351851853,1.109664351851853,7.916666666666666,9.583333333333334,-1.6666666666666679,1.6666666666666679,8,10,-2,7.329983057474397e-05,,0.0005609916980926281
2026-05-31,Vodafone Group Public Limited Company,GB00BH4HKS39,J4RDQ3-R,West Europe,UNITED KINGDOM,Wireless Telecommunications,17.0,16,10.0,10.0,0.0,0.0,10.0,10.0,0.0,0.0,10,10,0,0.00031253060245055244,,0.0018909589935707392
2026-05-31,InterContinental Hotels Group PLC,GB00BHJYC057,LY217M-R,West Europe,UNITED KINGDOM,Hotels/Resorts/Cruiselines,18.0,8,3.5714285714285716,8.57,-4.998883928571429,4.998883928571429,5.0,7.5,-2.5,2.5,5,8,-3,0.0002884209022615083,,0.001536753994775036
2026-05-31,Airtel Africa Plc,GB00BKDRYJ47,JYG36V-R,West Europe,UNITED KINGDOM,Wireless Telecommunications,17.0,16,4.545454545454545,4.547,-0.00142045454545503,0.00142045454545503,3.75,5.0,-1.25,1.25,4,5,-1,4.778601037469011e-05,,0.00022214999924468997
2026-05-31,M&G Plc,GB00BKFB1C65,B18MVG-R,West Europe,UNITED KINGDOM,Financial Conglomerates,6.0,22,4.4186046511627906,7.906,-3.4876453488372094,3.4876453488372094,5.454545454545454,9.545454545454547,-4.090909090909093,4.090909090909093,6,10,-4,0.00011102580087055331,,0.0006363733978363304
2026-05-31,Tesco PLC,GB00BLGZ9862,MDTJSZ-R,West Europe,UNITED KINGDOM,Food Retail,15.0,13,8.88888888888889,8.336,0.5529513888888893,0.5529513888888893,8.461538461538462,7.6923076923076925,0.7692307692307692,0.7692307692307692,9,8,1,0.00041597800326168347,,0.0024774119915767986
2026-05-31,NatWest Group Plc,GB00BM8PJY71,KHS6Z8-R,West Europe,UNITED KINGDOM,Major Banks,2.0,37,7.884615384615384,9.805,-1.9200721153846159,1.9200721153846159,7.567567567567568,10.0,-2.4324324324324316,2.4324324324324316,8,10,-2,0.0007073104055460208,,0.0043487389852142865
2026-05-31,Informa Plc,GB00BMJ6DW54,Q77TYJ-R,West Europe,UNITED KINGDOM,Internet Software/Services,11.0,6,8.666666666666668,7.332,1.3346354166666679,1.3346354166666679,8.333333333333334,8.333333333333334,0.0,0.0,9,9,0,0.0001651485012949294,,0.0009411657968000362
2026-05-31,Royalty Pharma Plc Class A,GB00BMVP7Y09,MN5CL1-R,North America,UNITED STATES,Pharmaceuticals: Major,8.0,57,8.823529411764707,5.0,3.8235294117647065,3.8235294117647065,8.771929824561402,5.087719298245615,3.6842105263157876,3.6842105263157876,9,5,4,0.000249750801958296,,
2026-05-31,Haleon PLC,GB00BMX86B70,MQ54K5-R,West Europe,UNITED KINGDOM,Pharmaceuticals: Major,8.0,38,9.200000000000001,7.8,1.399218750000001,1.399218750000001,9.210526315789473,7.631578947368421,1.5789473684210513,1.5789473684210513,9,8,1,0.0004375106034305206,,0.002651636990984434
2026-05-31,GSK plc,GB00BN7SWP63,Q8D48N-R,West Europe,UNITED KINGDOM,Pharmaceuticals: Major,8.0,38,7.800000000000001,8.8,-0.9968749999999993,0.9968749999999993,7.631578947368421,8.68421052631579,-1.0526315789473681,1.0526315789473681,8,9,-1,0.0011336260088887615,,0.006799460976881832
2026-05-31,Melrose Industries PLC,GB00BNGDN821,JPV5LS-R,West Europe,UNITED KINGDOM,Aerospace & Defense,9.0,66,9.074074074074074,6.48,2.5936053240740744,2.5936053240740744,9.09090909090909,6.666666666666666,2.424242424242424,2.424242424242424,9,7,2,8.825048069197202e-05,,0.0005048541982834956
2026-05-31,Shell Plc,GB00BP6MXD84,HKR6LR-R,West Europe,UNITED KINGDOM,Integrated Oil,12.0,15,4.705882352941177,3.53,1.1765854779411766,1.1765854779411766,5.333333333333333,4.0,1.333333333333333,1.333333333333333,6,4,2,0.0026483880207660102,,0.015896579945951627
2026-05-31,Schroders PLC,GB00BP9LHF23,W255GY-R,West Europe,UNITED KINGDOM,Investment Managers,6.0,22,6.046511627906977,5.348,0.6988553779069768,0.6988553779069768,7.272727272727273,7.272727272727273,0.0,0.0,7,7,0,5.626173044114822e-05,,0.0005294411981998998
2026-05-31,Aviva plc,GB00BPQY8M80,CKVFC8-R,West Europe,UNITED KINGDOM,Multi-Line Insurance,10.0,24,8.88888888888889,8.15,0.7404513888888893,0.7404513888888893,8.75,8.333333333333334,0.4166666666666661,0.4166666666666661,9,9,0,0.000266395102088804,,0.0016453429944058334
2026-05-31,Reckitt Benckiser Group plc,GB00BSZBP530,S8ZFWL-R,West Europe,UNITED KINGDOM,Household/Personal Care,13.0,13,6.800000000000001,4.8,1.9992187500000007,1.9992187500000007,8.461538461538462,5.384615384615384,3.0769230769230775,3.0769230769230775,9,6,3,0.0004385038034383083,,0.0027281199907243916
2026-05-31,Anglo American plc,GB00BTK05J60,LRJCVJ-R,West Europe,UNITED KINGDOM,Other Metals/Minerals,3.0,13,4.545454545454545,1.818,2.727095170454545,2.727095170454545,6.153846153846154,2.307692307692308,3.8461538461538463,3.8461538461538463,6,2,4,0.0006516896051098982,,0.003935606986618935
2026-05-31,Verisure Plc,GB00BVMN1558,P5T1FC-R,West Europe,SWEDEN,Miscellaneous Commercial Services,9.0,66,0.8333333333333333,0.463,0.37044270833333326,0.37044270833333326,0.9090909090909092,0.6060606060606061,0.3030303030303031,0.3030303030303031,1,1,0,3.760349029484896e-05,,0.00027349299907012374
2026-05-31,Unilever PLC,GB00BVZK7T90,CGF31Z-R,West Europe,UNITED KINGDOM,Household/Personal Care,13.0,13,4.0,5.2,-1.19921875,1.19921875,5.384615384615384,6.153846153846154,-0.76923076923077,0.76923076923077,6,6,0,0.0013538700106156948,,0.008096906972470515
2026-05-31,Spirax Group plc.,GB00BWFGQN14,SRS3P1-R,West Europe,UNITED KINGDOM,Industrial Machinery,9.0,66,7.962962962962963,7.684,0.2793692129629628,0.2793692129629628,8.03030303030303,8.03030303030303,0.0,0.0,8,8,0,6.859776053787504e-05,,0.00046682079841280923
2026-05-31,Land Securities Group PLC,GB00BYW0PQ60,BXLFMX-R,West Europe,UNITED KINGDOM,Real Estate Investment Trusts,14.0,10,8.333333333333334,7.0,1.333333333333334,1.333333333333334,6.0,7.0,-1.0,1.0,6,7,-1,6.0141110471566444e-05,,0.0004122803985982466
2026-05-31,CRH public limited company,IE0001827041,CPD5P8-R,North America,UNITED STATES,Construction Materials,5.0,13,3.888888888888889,6.43,-2.540798611111111,2.540798611111111,4.615384615384616,6.923076923076923,-2.3076923076923075,2.3076923076923075,5,7,-2,0.0008051923063135128,0.0011209749953927928,
2026-05-31,Smurfit Westrock PLC,IE00028FXN24,JZ0778-R,North America,UNITED STATES,Containers/Packaging,9.0,98,5.546218487394958,0.566,4.980300518644958,4.980300518644958,5.306122448979592,0.5102040816326531,4.795918367346939,4.795918367346939,5,1,4,0.0002380919018668786,0.00033156939863724977,
2026-05-31,Kerry Group Plc Class A,IE0004906560,HTK75W-R,West Europe,IRELAND,Food: Specialty/Candy,7.0,23,3.5714285714285716,2.143,1.4288504464285716,1.4288504464285716,3.4782608695652173,2.608695652173913,0.8695652173913042,0.8695652173913042,4,3,1,0.00015448080121128395,,0.0008884897969791345
2026-05-31,Kingspan Group Plc,IE0004927939,KDDY2D-R,West Europe,IRELAND,Construction Materials,5.0,20,3.0303030303030303,2.727,0.3037405303030303,0.3037405303030303,3.0,3.0,0.0,0.0,3,3,0,0.00014823250116229104,,0.0009212554968677312
2026-05-31,TE Connectivity plc,IE000IVNQZ81,T1N9NF-R,North America,UNITED STATES,Semiconductors,16.0,91,7.924528301886793,7.07,0.8542158018867934,0.8542158018867934,8.021978021978022,7.032967032967034,0.9890109890109882,0.9890109890109882,8,7,1,0.0006995467054851457,0.0009629221960423897,
2026-05-31,Linde plc,IE000S9YS762,LQ766T-R,North America,UNITED STATES,Chemicals: Specialty,4.0,8,2.727272727272727,2.0,0.7272727272727271,0.7272727272727271,2.5,1.25,1.25,1.25,3,1,2,0.002569976020151182,0.00357827498529329,
2026-05-31,Accenture Plc Class A,IE00B4BNMY34,BWDZ2P-R,North America,UNITED STATES,Information Technology Services,9.0,98,1.7647058823529413,9.72,-7.954044117647059,7.954044117647059,1.5306122448979593,9.795918367346939,-8.26530612244898,8.26530612244898,2,10,-8,0.0012808290100429802,0.0017715889927187693,
2026-05-31,Eaton Corp. Plc,IE00B8KQN827,SZJL5M-R,North America,UNITED STATES,Electrical Products,9.0,98,0.8403361344537816,1.792,-0.9516560530462184,0.9516560530462184,0.7142857142857142,1.836734693877551,-1.1224489795918369,1.1224489795918369,1,2,-1,0.0017364800136157397,0.0023939879901607093,
2026-05-31,Bank of Ireland Group Plc,IE00BD1RP616,CLZD12-R,West Europe,IRELAND,Major Banks,2.0,37,7.5,4.81,2.69140625,2.69140625,7.027027027027027,5.405405405405405,1.621621621621622,1.621621621621622,7,6,1,0.0002275196017839812,,0.001226516995829842
2026-05-31,Willis Towers Watson Public Limited Company,IE00BDB6Q211,MBK7R0-R,North America,UNITED STATES,Insurance Brokers/Services,10.0,23,5.3125,4.4,0.9140625,0.9140625,6.956521739130435,4.782608695652174,2.1739130434782608,2.1739130434782608,7,5,2,0.0002660952020864525,0.00036413169850341875,
2026-05-31,AIB Group plc,IE00BF0L3536,W7Y6YZ-R,West Europe,IRELAND,Major Banks,2.0,37,2.5,5.96,-3.4609375,3.4609375,2.7027027027027026,6.216216216216216,-3.513513513513513,3.513513513513513,3,6,-3,0.00023011500180433172,,0.001587309994603146
2026-05-31,Allegion Public Limited Company,IE00BFRT3W74,RJVBBR-R,North America,UNITED STATES,Tools & Hardware,9.0,98,2.5210084033613445,5.566,-3.0453978466386555,3.0453978466386555,2.3469387755102042,5.7142857142857135,-3.3673469387755093,3.3673469387755093,3,6,-3,0.0001205781009454529,0.00017285179928957912,
2026-05-31,STERIS plc,IE00BFY8C754,SPGL7X-R,North America,UNITED STATES,Medical Specialties,8.0,57,6.029411764705882,7.94,-1.9119944852941178,1.9119944852941178,5.7894736842105265,7.719298245614034,-1.9298245614035077,1.9298245614035077,6,8,-2,0.00023925940187603296,0.0003226284986739969,
2026-05-31,Trane Technologies plc,IE00BK9ZQ967,C5GXYC-R,North America,UNITED STATES,Industrial Machinery,5.0,13,3.333333333333333,5.0,-1.666666666666667,1.666666666666667,3.8461538461538463,5.384615384615384,-1.5384615384615379,1.5384615384615379,4,6,-2,0.0011156060087474666,0.001537043993682749,
2026-05-31,Seagate Technology Holdings PLC,IE00BKVD2N49,KXDMGL-R,North America,UNITED STATES,Computer Peripherals,16.0,91,4.528301886792453,9.9,-5.370135613207547,5.370135613207547,4.5054945054945055,9.89010989010989,-5.384615384615385,5.384615384615385,5,10,-5,0.002142071016795979,0.0029532669878620725,
2026-05-31,Aon Plc Class A,IE00BLP1HW54,PY5NPN-R,North America,UNITED STATES,Insurance Brokers/Services,10.0,23,3.125,4.8,-1.67578125,1.67578125,3.9130434782608696,5.217391304347826,-1.3043478260869565,1.3043478260869565,4,5,-1,0.0007076649055488005,0.0010427529957142852,
2026-05-31,Pentair plc,IE00BLS09M33,CRHPMR-R,North America,UNITED STATES,Industrial Machinery,9.0,98,5.294117647058823,4.527,0.7667738970588234,0.7667738970588234,5.1020408163265305,4.591836734693878,0.5102040816326525,0.5102040816326525,5,5,0,0.00011980980093942865,0.00017911029926385668,
2026-05-31,Medtronic Plc,IE00BTN1Y115,J89J6Y-R,North America,UNITED STATES,Medical Specialties,8.0,57,3.9705882352941173,1.177,2.7938304227941173,2.7938304227941173,3.6842105263157894,1.0526315789473684,2.6315789473684212,2.6315789473684212,4,1,3,0.0010539570082640768,0.0014562119940149687,
2026-05-31,Flutter Entertainment Plc,IE00BWT6H894,QWW11D-R,North America,UNITED STATES,Casinos/Gaming,18.0,20,0.7692307692307693,0.769,0.00018780048076927347,0.00018780048076927347,0.5,1.0,-0.5,0.5,1,1,0,0.00015046890117982665,,
2026-05-31,Johnson Controls International plc,IE00BY7QL619,VT4SWZ-R,North America,UNITED STATES,Industrial Machinery,9.0,98,9.747899159663865,6.793,2.9549304096638647,2.9549304096638647,9.795918367346939,7.040816326530612,2.755102040816327,2.755102040816327,10,7,3,0.0009153581071773228,0.0012659869947967935,
2026-05-31,Ryanair Holdings Plc,IE00BYTBXV33,NV36T6-R,West Europe,IRELAND,Airlines,18.0,8,2.142857142857143,4.285,-2.142299107142857,2.142299107142857,2.5,2.5,0.0,0.0,3,3,0,0.0001875805014708187,,0.001593184994583171
2026-05-31,ICL Group Ltd.,IL0002810146,JWQ4NK-R,North America,UNITED STATES,Chemicals: Agricultural,4.0,8,6.363636363636363,6.0,0.3636363636363633,0.3636363636363633,7.5,6.25,1.25,1.25,8,6,2,6.600274051752749e-05,,
2026-05-31,Tower Semiconductor Ltd,IL0010823792,HWZP2P-R,North America,UNITED STATES,Semiconductors,16.0,91,1.9811320754716983,5.86,-3.8782429245283017,3.8782429245283017,1.9780219780219779,5.934065934065934,-3.956043956043956,3.956043956043956,2,6,-4,0.00035368980277328174,,
2026-05-31,Check Point Software Technologies Ltd.,IL0010824113,H449YT-R,North America,UNITED STATES,Internet Software/Services,16.0,91,1.792452830188679,2.121,-0.32864091981132093,0.32864091981132093,1.7582417582417584,2.197802197802198,-0.43956043956043955,0.43956043956043955,2,2,0,0.0001276020010005273,,
2026-05-31,Nova Ltd.,IL0010845571,TWY9Y5-R,North America,UNITED STATES,Electronic Equipment/Instruments,9.0,98,1.5126050420168067,0.755,0.7577222295168067,0.7577222295168067,1.2244897959183674,0.7142857142857142,0.5102040816326532,0.5102040816326532,1,1,0,0.00017441730136760604,,
2026-05-31,Assicurazioni Generali S.p.A.,IT0000062072,W7TTGS-R,West Europe,ITALY,Insurance Brokers/Services,10.0,24,7.777777777777778,7.406,0.3715277777777777,0.3715277777777777,7.5,7.5,0.0,0.0,8,8,0,0.0004072514031932582,,0.0032416779889782943
2026-05-31,BPER Banca S.p.A.,IT0000066123,KZKSKM-R,West Europe,ITALY,Major Banks,2.0,37,8.461538461538462,8.08,0.3834134615384617,0.3834134615384617,8.108108108108109,8.108108108108109,0.0,0.0,8,8,0,0.00023352860183109775,,0.0013142709955314784
2026-05-31,FinecoBank SpA,IT0000072170,LVTKC1-R,West Europe,ITALY,Major Banks,2.0,37,0.19230769230769232,0.1923,4.695012019231837e-05,4.695012019231837e-05,0.2702702702702703,0.2702702702702703,0.0,0.0,1,1,0,0.0001746068013690919,,0.0009845413966525591
2026-05-31,Intesa Sanpaolo S.p.A.,IT0000072618,NYHV8B-R,West Europe,ITALY,Major Banks,2.0,37,4.230769230769231,6.73,-2.499699519230769,2.499699519230769,4.054054054054054,6.756756756756756,-2.7027027027027017,2.7027027027027017,4,7,-3,0.0010314710080877641,,0.006842733976734704
2026-05-31,Buzzi Spa,IT0001347308,TG6436-R,West Europe,ITALY,Construction Materials,5.0,20,4.242424242424242,7.574,-3.331794507575758,3.331794507575758,4.0,8.0,-4.0,4.0,4,8,-4,4.628996036295958e-05,,0.0002960883989932994
2026-05-31,Enel SpA,IT0003128367,BFTG53-R,West Europe,ITALY,Electric Utilities,19.0,23,2.413793103448276,6.55,-4.136988146551724,4.136988146551724,2.608695652173913,7.391304347826086,-4.782608695652173,4.782608695652173,3,8,-5,0.0009785819076730607,,0.00578313798033733
2026-05-31,Eni S.p.A.,IT0003132476,R9B29P-R,West Europe,ITALY,Oil Refining/Marketing,12.0,15,6.470588235294118,4.707,1.7635569852941178,1.7635569852941178,7.333333333333333,5.333333333333333,2.0,2.0,7,6,1,0.0005452628042754056,,0.003391641988468417
2026-05-31,Snam S.p.A.,IT0003153415,QYYXT9-R,West Europe,ITALY,Gas Distributors,12.0,15,3.5294117647058827,1.177,2.3526539522058827,2.3526539522058827,4.0,1.3333333333333333,2.666666666666667,2.666666666666667,4,2,2,0.00015114810118515225,,0.0009724921966935264
2026-05-31,Terna S.p.A.,IT0003242622,SKZ5H5-R,West Europe,ITALY,Electric Utilities,19.0,23,1.7241379310344829,1.379,0.3452316810344829,0.3452316810344829,1.7391304347826086,1.7391304347826086,0.0,0.0,2,2,0,0.00017828960139796876,,0.001087214996303469
2026-05-31,Telecom Italia S.p.A.,IT0003497168,RT6ZD8-R,West Europe,ITALY,Wireless Telecommunications,17.0,16,9.09090909090909,7.727,1.36434659090909,1.36434659090909,8.75,8.125,0.625,0.625,9,8,1,0.00014729520115494167,,0.0009556928967506441
2026-05-31,Poste Italiane SpA,IT0003796171,KBR84J-R,West Europe,ITALY,Air Freight/Couriers,6.0,22,6.511627906976745,6.977,-0.4649345930232549,0.4649345930232549,7.727272727272727,9.09090909090909,-1.3636363636363633,1.3636363636363633,8,9,-1,0.0001620952012709885,,0.0008916397969684246
2026-05-31,Recordati S.p.A.,IT0003828271,P1YDHB-R,West Europe,ITALY,Pharmaceuticals: Major,8.0,38,8.4,8.4,0.0015625000000003553,0.0015625000000003553,8.157894736842104,8.157894736842104,0.0,0.0,8,8,0,6.481210050819168e-05,,0.00042853559854297887
2026-05-31,Leonardo SpA,IT0003856405,CM4SB4-R,West Europe,ITALY,Aerospace & Defense,9.0,66,10.0,7.035,2.96484375,2.96484375,10.0,7.272727272727273,2.7272727272727266,2.7272727272727266,10,7,3,0.00027458500215302097,,0.0016445189944086353
2026-05-31,Prysmian S.p.A.,IT0004176001,MLRJQN-R,West Europe,ITALY,Electrical Products,9.0,66,4.537037037037037,5.277,-0.7403067129629628,0.7403067129629628,4.242424242424242,5.303030303030303,-1.0606060606060606,1.0606060606060606,4,5,-1,0.0005430458042580221,,0.0034265869883496037
2026-05-31,Banca Mediolanum SpA,IT0004776628,V4X8YY-R,West Europe,ITALY,Major Banks,6.0,22,9.767441860465116,4.188,5.579941860465116,5.579941860465116,10.0,5.909090909090909,4.090909090909091,4.090909090909091,10,6,4,5.683567044564848e-05,,0.00032397459889848634
2026-05-31,UNIPOL ASSICURAZIONI SPA,IT0004810054,P8WZNN-R,West Europe,ITALY,Multi-Line Insurance,10.0,24,10.0,8.516,1.484375,1.484375,10.0,8.75,1.25,1.25,10,9,1,0.00010134200079462262,,0.0006505637977880829
2026-05-31,Moncler SpA,IT0004965148,VK44PN-R,West Europe,ITALY,Apparel/Footwear,13.0,13,2.4,3.6,-1.199609375,1.199609375,2.307692307692308,3.8461538461538463,-1.5384615384615383,1.5384615384615383,2,4,-2,0.0001568509012298679,,0.0009979909966068305
2026-05-31,Italgas SpA,IT0005211237,QS9BG1-R,West Europe,ITALY,Gas Distributors,19.0,23,2.0689655172413794,8.27,-6.204471982758621,6.204471982758621,2.1739130434782608,8.695652173913043,-6.521739130434782,6.521739130434782,2,9,-7,7.848396061539273e-05,,0.0004856651983487383
2026-05-31,Banco BPM SpA,IT0005218380,XC3B11-R,West Europe,ITALY,Major Banks,2.0,37,3.269230769230769,4.23,-0.9612379807692308,0.9612379807692308,3.5135135135135136,4.864864864864865,-1.3513513513513513,1.3513513513513513,4,5,-1,0.00020023500157004262,,0.0011606529960537797
2026-05-31,UniCredit S.p.A.,IT0005239360,M60C0S-R,West Europe,ITALY,Major Banks,2.0,37,4.038461538461538,7.117,-3.0787259615384617,3.0787259615384617,3.783783783783784,7.027027027027027,-3.243243243243243,3.243243243243243,4,7,-3,0.0013104180102749877,,0.00858434397081323
2026-05-31,Banca Monte dei Paschi di Siena S.p.A.,IT0005508921,WQQSKB-R,West Europe,ITALY,Regional Banks,2.0,37,7.3076923076923075,4.617,2.6905048076923075,2.6905048076923075,6.756756756756756,5.135135135135135,1.621621621621621,1.621621621621621,7,5,2,0.00023250170182304583,,0.0015804949946263169
2026-05-31,Glencore plc,JE00B4T3BW64,GDLPN9-R,West Europe,UNITED KINGDOM,Wholesale Distributors,3.0,13,10.0,9.55,0.453125,0.453125,10.0,10.0,0.0,0.0,10,10,0,0.000823937906460497,,0.004853482983498157
2026-05-31,Wise Group plc Class A,JE00BQKY0816,LLT21G-R,North America,UNITED STATES,Miscellaneous Commercial Services,11.0,11,3.888888888888889,5.555,-1.6657986111111112,1.6657986111111112,4.545454545454545,5.454545454545454,-0.9090909090909092,0.9090909090909092,5,6,-1,8.142197063842968e-05,,0.0006948197976376126
2026-05-31,CVC Capital Partners plc,JE00BRX98089,C9QWXH-R,West Europe,NETHERLANDS,Investment Managers,6.0,22,0.6976744186046512,1.163,-0.4654115188953488,0.4654115188953488,1.3636363636363635,1.3636363636363635,0.0,0.0,2,2,0,3.5771680280485745e-05,,0.0002701365990815355
2026-05-31,Aptiv PLC,JE00BTDN8H13,MZJHY9-R,North America,UNITED STATES,Electrical Products,1.0,6,4.285714285714286,3.334,0.9517299107142856,0.9517299107142856,5.0,3.333333333333333,1.666666666666667,1.666666666666667,5,4,1,0.00016460780129068977,0.00022103519909154535,
2026-05-31,Amcor PLC,JE00BV7DQ550,HQ2MHF-R,North America,UNITED STATES,Containers/Packaging,9.0,98,4.873949579831932,5.28,-0.40730042016806767,0.40730042016806767,4.591836734693878,5.408163265306123,-0.8163265306122449,0.8163265306122449,5,6,-1,0.00019641780154011198,0.00027681649886228415,
2026-05-31,"Nippon Building Fund, Inc.",JP3027670003,H6FR5V-R,Asia,JAPAN,Real Estate Investment Trusts,14.0,7,0.5405405405405406,1.429,-0.8881703969594594,0.8881703969594594,1.4285714285714284,1.4285714285714284,0.0,0.0,2,2,0,6.654013052174116e-05,,
2026-05-31,Aisin Corporation,JP3102000001,N5Q6F2-R,Asia,JAPAN,Auto Parts: OEM,1.0,11,8.545454545454545,4.547,3.998579545454545,3.998579545454545,10.0,4.545454545454545,5.454545454545455,5.454545454545455,10,5,5,6.355205049831163e-05,,
2026-05-31,Asahi Kasei Corporation,JP3111200006,Q8KGFN-R,Asia,JAPAN,Chemicals: Specialty,4.0,7,0.7692307692307693,5.715,-4.945612980769231,4.945612980769231,4.285714285714286,5.7142857142857135,-1.428571428571428,1.428571428571428,4,6,-2,0.00015795550123852905,,
2026-05-31,AGC Inc.,JP3112000009,P3748M-R,Asia,JAPAN,Home Furnishings,9.0,39,9.414634146341463,10.0,-0.5853658536585371,0.5853658536585371,9.743589743589743,10.0,-0.2564102564102573,0.2564102564102573,10,10,0,7.395818057990609e-05,,
2026-05-31,Asahi Group Holdings Ltd,JP3116000005,TZ206T-R,Asia,JAPAN,Beverages: Alcoholic,7.0,6,8.775510204081632,10.0,-1.2244897959183678,1.2244897959183678,6.666666666666666,10.0,-3.333333333333334,3.333333333333334,7,10,-3,0.00015094370118354954,,
2026-05-31,Asics Corporation,JP3118000003,HTLNY7-R,Asia,JAPAN,Apparel/Footwear,13.0,8,0.2857142857142857,3.75,-3.4642857142857144,3.4642857142857144,1.25,3.75,-2.5,2.5,1,4,-3,0.00021508670168649482,,
2026-05-31,"Ajinomoto Co., Inc.",JP3119600009,MXWT3L-R,Asia,JAPAN,Food: Specialty/Candy,7.0,6,4.8979591836734695,3.334,1.5639748086734695,1.5639748086734695,3.333333333333333,3.333333333333333,0.0,0.0,4,4,0,0.00032071610251473495,,
2026-05-31,Advantest Corp.,JP3122400009,KL74SJ-R,Asia,JAPAN,Electronic Equipment/Instruments,16.0,24,0.847457627118644,3.334,-2.486526747881356,2.486526747881356,0.8333333333333333,3.333333333333333,-2.5,2.5,1,4,-3,0.0013153200103134242,,
2026-05-31,IHI Corporation,JP3134800006,SL2XMP-R,Asia,JAPAN,Industrial Machinery,9.0,39,7.463414634146341,4.617,2.846227134146341,2.846227134146341,7.948717948717948,4.615384615384616,3.333333333333332,3.333333333333332,8,5,3,0.00018255300143139806,,
2026-05-31,Isuzu Motors Limited,JP3137200006,D1RDFT-R,Asia,JAPAN,Motor Vehicles,9.0,39,5.073170731707317,8.98,-3.903391768292683,3.903391768292683,4.615384615384616,8.974358974358974,-4.358974358974359,4.358974358974359,5,9,-4,7.459203058487611e-05,,
2026-05-31,"Idemitsu Kosan Co., Ltd.",JP3142500002,B5YJZ6-R,Asia,JAPAN,Oil Refining/Marketing,12.0,3,7.741935483870968,10.0,-2.258064516129032,2.258064516129032,6.666666666666666,10.0,-3.333333333333334,3.333333333333334,7,10,-3,8.510761066732878e-05,,
2026-05-31,Itochu Corporation,JP3143600009,G12Z5D-R,Asia,JAPAN,Food Distributors,9.0,39,5.609756097560976,4.36,1.2503810975609762,1.2503810975609762,5.897435897435898,4.3589743589743595,1.5384615384615383,1.5384615384615383,6,5,1,0.0007387767057927482,,
2026-05-31,"IBIDEN CO., LTD.",JP3148800000,DVRN0C-R,Asia,JAPAN,Electronic Components,16.0,24,8.587570621468926,1.25,7.337570621468926,7.337570621468926,5.416666666666666,1.25,4.166666666666666,4.166666666666666,6,1,5,0.0003552658027856392,,
2026-05-31,"Eisai Co., Ltd.",JP3160400002,N4JKJP-R,Asia,JAPAN,Miscellaneous Commercial Services,8.0,11,9.09090909090909,7.273,1.81747159090909,1.81747159090909,8.181818181818182,7.272727272727273,0.9090909090909083,0.9090909090909083,8,7,1,8.719591068370314e-05,,
2026-05-31,SMC Corporation,JP3162600005,NT4K7C-R,Asia,JAPAN,Industrial Machinery,9.0,39,5.7560975609756095,3.59,2.1662538109756095,2.1662538109756095,6.153846153846154,3.58974358974359,2.5641025641025643,2.5641025641025643,6,4,2,0.00025300290198379576,,
2026-05-31,Renesas Electronics Corporation,JP3164720009,M1N1ZT-R,Asia,JAPAN,Semiconductors,16.0,24,9.491525423728813,4.582,4.909494173728813,4.909494173728813,7.083333333333334,4.583333333333333,2.500000000000001,2.500000000000001,7,5,2,0.0005382750042206143,,
2026-05-31,"Sompo Holdings,Inc.",JP3165000005,NMHNTC-R,Asia,JAPAN,Multi-Line Insurance,10.0,7,10.0,8.57,1.4296875,1.4296875,10.0,8.571428571428571,1.4285714285714288,1.4285714285714288,10,9,1,0.00034152850267792496,,
2026-05-31,Ebara Corporation,JP3166000004,B84LS2-R,Asia,JAPAN,Industrial Machinery,9.0,39,2.048780487804878,5.383,-3.334032012195122,3.334032012195122,3.076923076923077,5.384615384615384,-2.307692307692307,2.307692307692307,3,6,-3,0.00018368850144030152,,
2026-05-31,"OBIC Co., Ltd.",JP3173400007,J2P1G6-R,Asia,JAPAN,Information Technology Services,16.0,24,3.785310734463277,5.418,-1.6326580155367232,1.6326580155367232,2.5,5.416666666666666,-2.916666666666666,2.916666666666666,3,6,-3,0.00010626020083318622,,
2026-05-31,"Osaka Gas Co., Ltd.",JP3180400008,X42PVP-R,Asia,JAPAN,Gas Distributors,19.0,4,6.304347826086957,5.0,1.304347826086957,1.304347826086957,2.5,5.0,-2.5,2.5,3,5,-2,0.00013388160104976562,,
2026-05-31,"Japan Exchange Group, Inc.",JP3183200009,BMCTXW-R,Asia,JAPAN,Investment Banks/Brokers,6.0,6,0.1639344262295082,1.667,-1.5030577612704918,1.5030577612704918,1.6666666666666665,1.6666666666666665,0.0,0.0,2,2,0,0.00013641340106961748,,
2026-05-31,OTSUKA CORPORATION,JP3188200004,WJXJS5-R,Asia,JAPAN,Information Technology Services,16.0,24,7.570621468926554,9.586,-2.0153160310734464,2.0153160310734464,4.583333333333333,9.583333333333334,-5.000000000000001,5.000000000000001,5,10,-5,5.087893039894169e-05,,
2026-05-31,"Otsuka Holdings Co., Ltd.",JP3188220002,TGLSC6-R,Asia,JAPAN,Pharmaceuticals: Major,8.0,11,1.8181818181818183,0.909,0.9090021306818183,0.9090021306818183,2.727272727272727,0.9090909090909092,1.818181818181818,1.818181818181818,3,1,2,0.0003318282026018649,,
2026-05-31,Obayashi Corporation,JP3190000004,Q8F21J-R,Asia,JAPAN,Homebuilding,5.0,5,8.928571428571429,4.0,4.928571428571429,4.928571428571429,4.0,4.0,0.0,0.0,4,4,0,0.00012610800098881284,,
2026-05-31,"Oriental Land Co., Ltd.",JP3198900007,NHXKSZ-R,Asia,JAPAN,Movies/Entertainment,18.0,3,0.47619047619047616,3.334,-2.8577938988095237,2.8577938988095237,3.333333333333333,3.333333333333333,0.0,0.0,4,4,0,0.00016280030127651716,,
2026-05-31,ORIX Corporation,JP3200450009,KL2RDD-R,Asia,JAPAN,Finance/Rental/Leasing,6.0,6,7.5409836065573765,8.336,-0.7949538934426235,0.7949538934426235,6.666666666666666,8.333333333333334,-1.6666666666666679,1.6666666666666679,7,9,-2,0.0004782646037500727,,
2026-05-31,Olympus Corp.,JP3201200007,QG6F3V-R,Asia,JAPAN,Medical Specialties,8.0,11,4.545454545454545,3.637,0.908735795454545,0.908735795454545,4.545454545454545,3.6363636363636367,0.9090909090909083,0.9090909090909083,5,4,1,0.00013489330105769838,,
2026-05-31,Kao Corporation,JP3205800000,RB35DF-R,Asia,JAPAN,Household/Personal Care,13.0,8,2.8571428571428568,5.0,-2.1428571428571432,2.1428571428571432,7.5,5.0,2.5,2.5,8,5,3,0.00018090790141849883,,
2026-05-31,Kajima Corporation,JP3210200006,JXDLKP-R,Asia,JAPAN,Engineering & Construction,5.0,5,9.285714285714286,6.0,3.2857142857142865,3.2857142857142865,6.0,6.0,0.0,0.0,6,6,0,0.00016556570129820064,,
2026-05-31,"Capcom Co., Ltd.",JP3218900003,P1YJRG-R,Asia,JAPAN,Packaged Software,16.0,24,1.1299435028248588,2.5,-1.3700564971751412,1.3700564971751412,1.25,2.5,-1.25,1.25,1,3,-2,6.360413049871998e-05,,
2026-05-31,"Kawasaki Kisen Kaisha, Ltd.",JP3223800008,L43QBW-R,Asia,JAPAN,Marine Shipping,9.0,39,4.926829268292683,7.18,-2.252858231707317,2.252858231707317,4.3589743589743595,7.17948717948718,-2.8205128205128203,2.8205128205128203,5,7,-2,7.062857055379861e-05,,
2026-05-31,Kawasaki Heavy Industries Ltd.,JP3224200000,DVM7M7-R,Asia,JAPAN,Motor Vehicles,9.0,39,7.121951219512194,1.795,5.327029344512194,5.327029344512194,7.17948717948718,1.794871794871795,5.384615384615385,5.384615384615385,7,2,5,0.0001504655011798,,
2026-05-31,"Kansai Electric Power Company, Incorporated",JP3228600007,D8G2JQ-R,Asia,JAPAN,Electric Utilities,19.0,4,6.739130434782608,7.5,-0.7608695652173916,0.7608695652173916,5.0,7.5,-2.5,2.5,5,8,-3,0.00015365410120480178,,
2026-05-31,"JAPAN POST INSURANCE Co., Ltd.",JP3233250004,GQ49Z7-R,Asia,JAPAN,Life/Health Insurance,10.0,7,8.484848484848484,7.145,1.3403172348484844,1.3403172348484844,8.571428571428571,7.142857142857143,1.428571428571428,1.428571428571428,9,7,2,4.823750037823024e-05,,
2026-05-31,Keyence Corporation,JP3236200006,R4NT59-R,Asia,JAPAN,Electronic Equipment/Instruments,9.0,39,0.04878048780487805,0.2563,-0.20756716844512196,0.20756716844512196,0.2564102564102564,0.2564102564102564,0.0,0.0,1,1,0,0.0010585440083000436,,
2026-05-31,Kioxia Holdings Corporation,JP3236330001,PMHJJ7-R,Asia,JAPAN,Computer Peripherals,16.0,24,10.0,10.0,0.0,0.0,10.0,10.0,0.0,0.0,10,10,0,0.0015925810124874278,,
2026-05-31,Kikkoman Corporation,JP3240400006,QKHN2S-R,Asia,JAPAN,Food: Specialty/Candy,7.0,6,0.4081632653061224,1.667,-1.2588289221938775,1.2588289221938775,1.6666666666666665,1.6666666666666665,0.0,0.0,2,2,0,6.393146050128658e-05,,
2026-05-31,Canon Inc.,JP3242800005,KNB7YM-R,Asia,JAPAN,Computer Peripherals,16.0,24,9.548022598870055,8.75,0.7980225988700553,0.7980225988700553,7.5,8.75,-1.25,1.25,8,9,-1,0.00024557370192554337,,
2026-05-31,Kyocera Corporation,JP3249600002,GC5BYK-R,Asia,JAPAN,Wholesale Distributors,16.0,24,9.661016949152541,4.168,5.4930481991525415,5.4930481991525415,7.916666666666666,4.166666666666667,3.749999999999999,3.749999999999999,8,4,4,0.00029988700235141397,,
2026-05-31,"Kyowa Kirin Co., Ltd.",JP3256000005,JPV08M-R,Asia,JAPAN,Pharmaceuticals: Major,8.0,11,9.61038961038961,8.18,1.4307021103896105,1.4307021103896105,9.09090909090909,8.181818181818182,0.9090909090909083,0.9090909090909083,9,8,1,4.914162038531944e-05,,
2026-05-31,Kirin Holdings Co. Ltd.,JP3258000003,JBG00B-R,Asia,JAPAN,Beverages: Alcoholic,7.0,6,10.0,6.668,3.33203125,3.33203125,10.0,6.666666666666666,3.333333333333334,3.333333333333334,10,7,3,0.0001492490011702614,,
2026-05-31,Kubota Corporation,JP3266400005,RPPS3S-R,Asia,JAPAN,Trucks/Construction/Farm Machinery,9.0,39,7.853658536585366,6.668,1.1856897865853657,1.1856897865853657,8.205128205128204,6.666666666666666,1.5384615384615383,1.5384615384615383,8,7,1,0.00018512700145158082,,
2026-05-31,Inpex Corporation,JP3294460005,PHM7W3-R,Asia,JAPAN,Integrated Oil,12.0,3,2.5806451612903225,3.334,-0.7533392137096775,0.7533392137096775,3.333333333333333,3.333333333333333,0.0,0.0,4,4,0,0.000210530801650772,,
2026-05-31,KONAMI Group Corporation,JP3300200007,QQ5V01-R,Asia,JAPAN,Packaged Software,16.0,24,4.011299435028249,6.668,-2.656669314971751,2.656669314971751,2.916666666666667,6.666666666666666,-3.749999999999999,3.749999999999999,3,7,-4,0.00013702490107441224,,
2026-05-31,Komatsu Ltd.,JP3304200003,PFF0R2-R,Asia,JAPAN,Trucks/Construction/Farm Machinery,9.0,39,3.6097560975609753,8.72,-5.108993902439025,5.108993902439025,3.333333333333333,8.717948717948719,-5.384615384615386,5.384615384615386,4,9,-5,0.0003836850030084741,,
2026-05-31,"Yokohama Financial Group, Inc.",JP3305990008,S9XYNS-R,Asia,JAPAN,Regional Banks,2.0,8,2.872340425531915,6.25,-3.377659574468085,3.377659574468085,2.5,6.25,-3.75,3.75,3,6,-3,9.885438077511719e-05,,
2026-05-31,Suntory Beverage & Food Ltd.,JP3336560002,D83RX2-R,Asia,JAPAN,Beverages: Non-Alcoholic,7.0,6,8.571428571428571,5.0,3.571428571428571,3.571428571428571,5.0,5.0,0.0,0.0,5,5,0,3.593750028178594e-05,,
2026-05-31,Sanrio Co. Ltd.,JP3343200006,X1SDWS-R,Asia,JAPAN,Specialty Stores,15.0,7,1.7391304347826086,8.57,-6.831182065217392,6.831182065217392,4.285714285714286,8.571428571428571,-4.285714285714286,4.285714285714286,4,9,-5,4.2560170333714295e-05,,
2026-05-31,"Shionogi & Co., Ltd.",JP3347200002,MJF3LP-R,Asia,JAPAN,Pharmaceuticals: Major,8.0,11,4.805194805194805,6.363,-1.5580864448051948,1.5580864448051948,5.454545454545454,6.363636363636363,-0.9090909090909092,0.9090909090909092,6,7,-1,0.00016256210127464944,,
2026-05-31,"Shiseido Company,Limited",JP3351600006,XMQW60-R,Asia,JAPAN,Household/Personal Care,13.0,8,3.7142857142857144,2.5,1.2142857142857144,1.2142857142857144,10.0,2.5,7.5,7.5,10,3,7,7.408695058091578e-05,,
2026-05-31,Shimano Inc.,JP3358000002,BPLFS8-R,Asia,JAPAN,Motor Vehicles,1.0,11,0.36363636363636365,0.909,-0.5455433238636364,0.5455433238636364,1.8181818181818183,0.9090909090909092,0.9090909090909092,0.9090909090909092,2,1,1,7.295486057203906e-05,,
2026-05-31,Shimizu Corporation,JP3358800005,DQ6VH7-R,Asia,JAPAN,Engineering & Construction,5.0,5,10.0,8.0,2.0,2.0,10.0,8.0,2.0,2.0,10,8,2,8.770511068769577e-05,,
2026-05-31,"Hulic Co., Ltd.",JP3360800001,R1F32S-R,Asia,JAPAN,Real Estate Development,14.0,7,4.864864864864865,8.57,-3.705447635135135,3.705447635135135,4.285714285714286,8.571428571428571,-4.285714285714286,4.285714285714286,4,9,-5,4.600645036073658e-05,,
2026-05-31,"Mitsui O.S.K.Lines,Ltd.",JP3362700001,DXX0LN-R,Asia,JAPAN,Marine Shipping,9.0,39,7.365853658536585,8.46,-1.0950838414634152,1.0950838414634152,7.6923076923076925,8.461538461538462,-0.7692307692307692,0.7692307692307692,8,9,-1,0.000127068100996341,,
2026-05-31,Resonac Holdings Corporation,JP3368000000,H1WHT9-R,Asia,JAPAN,Chemicals: Specialty,4.0,7,0.5128205128205128,1.429,-0.9158904246794872,0.9158904246794872,2.8571428571428568,1.4285714285714284,1.4285714285714284,1.4285714285714284,3,2,1,0.00022173500173862411,,
2026-05-31,Shin-Etsu Chemical Co Ltd,JP3371200001,X8RWRY-R,Asia,JAPAN,Chemicals: Specialty,4.0,7,0.2564102564102564,4.285,-4.028745993589744,4.028745993589744,1.4285714285714284,4.285714285714286,-2.857142857142857,2.857142857142857,2,4,-2,0.0008914074069895254,,
2026-05-31,JX Advanced Metals Corporation,JP3379550001,HHJ5PQ-R,Asia,JAPAN,Other Metals/Minerals,3.0,5,7.5,2.0,5.5,5.5,4.0,2.0,2.0,2.0,4,2,2,0.00014536640113981794,,
2026-05-31,NIPPON STEEL CORP.,JP3381000003,V84QJ6-R,Asia,JAPAN,Steel,3.0,5,8.75,6.0,2.75,2.75,6.0,6.0,0.0,0.0,6,6,0,0.00017940150140668715,,
2026-05-31,"JFE Holdings, Inc.",JP3386030005,M64YT3-R,Asia,JAPAN,Steel,3.0,5,9.027777777777779,8.0,1.0277777777777786,1.0277777777777786,8.0,8.0,0.0,0.0,8,8,0,5.8109060455633144e-05,,
2026-05-31,"ENEOS Holdings, Inc.",JP3386450005,MG5BNB-R,Asia,JAPAN,Oil Refining/Marketing,12.0,3,8.387096774193548,6.668,1.719128024193548,1.719128024193548,10.0,6.666666666666666,3.333333333333334,3.333333333333334,10,7,3,0.0002326124018239138,,
2026-05-31,"AEON Co., Ltd.",JP3388200002,L9Y3D5-R,Asia,JAPAN,Food Retail,15.0,7,4.3478260869565215,4.285,0.06266983695652151,0.06266983695652151,7.142857142857143,4.285714285714286,2.8571428571428577,2.8571428571428577,7,4,3,0.00020198520158376597,,
2026-05-31,Suzuki Motor Corp.,JP3397200001,CB1FV5-R,Asia,JAPAN,Motor Vehicles,1.0,11,0.9090909090909092,6.363,-5.454190340909091,5.454190340909091,3.6363636363636367,6.363636363636363,-2.7272727272727266,2.7272727272727266,4,7,-3,0.0002122276016640766,,
2026-05-31,"Sumitomo Metal Mining Co., Ltd.",JP3402600005,M8GQPG-R,Asia,JAPAN,Other Metals/Minerals,3.0,5,10.0,10.0,0.0,0.0,10.0,10.0,0.0,0.0,10,10,0,0.00014861690116530513,,
2026-05-31,Sumitomo Corporation,JP3404600003,SV08KY-R,Asia,JAPAN,Wholesale Distributors,9.0,39,6.195121951219512,2.309,3.8865282012195124,3.8865282012195124,6.410256410256411,2.307692307692308,4.102564102564102,4.102564102564102,7,2,5,0.0004910042038499639,,
2026-05-31,"Sumitomo Electric Industries, Ltd.",JP3407400005,HBZ2VK-R,Asia,JAPAN,Auto Parts: OEM,1.0,11,4.545454545454545,3.637,0.908735795454545,0.908735795454545,6.363636363636363,3.6363636363636367,2.7272727272727266,2.7272727272727266,7,4,3,0.0006598607051739677,,
2026-05-31,"Sumitomo Realty & Development Co., Ltd.",JP3409000001,VWMVR5-R,Asia,JAPAN,Real Estate Development,14.0,7,5.675675675675675,2.857,2.8182538006756754,2.8182538006756754,8.571428571428571,2.8571428571428568,5.714285714285714,5.714285714285714,9,3,6,0.00014590520114404266,,
2026-05-31,"Sekisui House, Ltd.",JP3420600003,M827WR-R,Asia,JAPAN,Real Estate Development,14.0,7,5.135135135135135,7.145,-2.009396114864865,2.009396114864865,5.7142857142857135,7.142857142857143,-1.4285714285714297,1.4285714285714297,6,7,-1,0.00012118750095023118,,
2026-05-31,"Secom Co., Ltd.",JP3421800008,NYJYCC-R,Asia,JAPAN,Miscellaneous Commercial Services,9.0,39,3.7073170731707314,4.1,-0.39424542682926855,0.39424542682926855,3.58974358974359,4.102564102564102,-0.5128205128205123,0.5128205128205123,4,4,0,0.00017315670135772168,,
2026-05-31,"Seven & I Holdings Co., Ltd.",JP3422950000,CW4JVN-R,Asia,JAPAN,Food Retail,15.0,7,5.217391304347826,10.0,-4.782608695652174,4.782608695652174,10.0,10.0,0.0,0.0,10,10,0,0.0002444257019165419,,
2026-05-31,"Zensho Holdings Co., Ltd.",JP3429300001,P23F21-R,Asia,JAPAN,Restaurants,18.0,3,1.4285714285714284,6.668,-5.239397321428571,5.239397321428571,6.666666666666666,6.666666666666666,0.0,0.0,7,7,0,4.421209034666699e-05,,
2026-05-31,ANA Holdings Inc.,JP3429800000,M61G3T-R,Asia,JAPAN,Airlines,18.0,3,2.380952380952381,10.0,-7.619047619047619,7.619047619047619,10.0,10.0,0.0,0.0,10,10,0,1.0862540085173177e-05,,
2026-05-31,Sony Group Corporation,JP3435000009,G90B3N-R,Asia,JAPAN,Computer Processing Hardware,16.0,24,9.435028248587571,2.916,6.519012623587571,6.519012623587571,6.666666666666666,2.916666666666667,3.749999999999999,3.749999999999999,7,3,4,0.0014483430113564574,,
2026-05-31,SoftBank Group Corp.,JP3436100006,LTSR1K-R,Asia,JAPAN,Specialty Telecommunications,17.0,5,6.7441860465116275,2.0,4.7441860465116275,4.7441860465116275,2.0,2.0,0.0,0.0,2,2,0,0.002216931017382956,,
2026-05-31,SBI Holdings Incorporated,JP3436120004,FBCT9N-R,Asia,JAPAN,Financial Conglomerates,6.0,6,4.590163934426229,10.0,-5.409836065573771,5.409836065573771,3.333333333333333,10.0,-6.666666666666667,6.666666666666667,4,10,-6,0.00011523640090356861,,
2026-05-31,Taisei Corporation,JP3443600006,VM94FH-R,Asia,JAPAN,Engineering & Construction,5.0,5,9.642857142857142,10.0,-0.35714285714285765,0.35714285714285765,8.0,10.0,-2.0,2.0,8,10,-2,0.0001332238010446078,,
2026-05-31,Takeda Pharmaceutical Co. Ltd.,JP3463000004,NPQ24F-R,Asia,JAPAN,Pharmaceuticals: Major,8.0,11,6.363636363636363,5.453,0.9105113636363633,0.9105113636363633,6.363636363636363,5.454545454545454,0.9090909090909092,0.9090909090909092,7,6,1,0.0005403619042369777,,
2026-05-31,"Daiichi Sankyo Company, Limited",JP3475350009,NW9TJH-R,Asia,JAPAN,Pharmaceuticals: Major,8.0,11,2.5974025974025974,2.727,-0.12915990259740262,0.12915990259740262,3.6363636363636367,2.727272727272727,0.9090909090909096,0.9090909090909096,4,3,1,0.0003085919024196691,,
2026-05-31,Daiichi Life Group. Inc.,JP3476480003,C20NGT-R,Asia,JAPAN,Life/Health Insurance,10.0,7,5.151515151515151,4.285,0.8663589015151514,0.8663589015151514,2.8571428571428568,4.285714285714286,-1.4285714285714288,1.4285714285714288,3,4,-1,0.00039735970311569746,,
2026-05-31,"DAIKIN INDUSTRIES, LTD.",JP3481800005,RL95QP-R,Asia,JAPAN,Industrial Machinery,5.0,5,7.857142857142857,2.0,5.857142857142857,5.857142857142857,2.0,2.0,0.0,0.0,2,2,0,0.00044203630346600664,,
2026-05-31,"Daito Trust Construction Co., Ltd.",JP3486800000,X57BV4-R,Asia,JAPAN,Real Estate Development,14.0,7,7.837837837837838,10.0,-2.1621621621621623,2.1621621621621623,10.0,10.0,0.0,0.0,10,10,0,3.7296710292443504e-05,,
2026-05-31,"Dai Nippon Printing Co., Ltd.",JP3493800001,CGCNZ8-R,Asia,JAPAN,Commercial Printing/Forms,9.0,39,9.170731707317074,6.152,3.018387957317074,3.018387957317074,9.487179487179487,6.153846153846154,3.333333333333333,3.333333333333333,10,6,4,7.589388059508391e-05,,
2026-05-31,"SCREEN Holdings Co., Ltd",JP3494600004,N2967L-R,Asia,JAPAN,Industrial Machinery,16.0,24,7.344632768361582,9.164,-1.8194297316384178,1.8194297316384178,4.166666666666667,9.166666666666666,-4.999999999999999,4.999999999999999,4,9,-5,0.00010889200085382217,,
2026-05-31,KDDI Corporation,JP3496400007,L9SQ01-R,Asia,JAPAN,Wireless Telecommunications,17.0,5,7.674418604651163,6.0,1.674418604651163,1.674418604651163,4.0,6.0,-2.0,2.0,4,6,-2,0.0005497928043109254,,
2026-05-31,"Daifuku Co., Ltd.",JP3497400006,MBR1TG-R,Asia,JAPAN,Industrial Machinery,9.0,39,0.0975609756097561,0.769,-0.6714819931402439,0.6714819931402439,0.5128205128205128,0.7692307692307693,-0.2564102564102565,0.2564102564102565,1,1,0,0.00016263460127521792,,
2026-05-31,Mitsubishi HC Capital Inc.,JP3499800005,GZH50J-R,Asia,JAPAN,Finance/Rental/Leasing,6.0,6,8.032786885245901,5.0,3.0327868852459012,3.0327868852459012,10.0,5.0,5.0,5.0,10,5,5,7.324361057430314e-05,,
2026-05-31,"Resona Holdings, Inc.",JP3500610005,GQMW06-R,Asia,JAPAN,Regional Banks,2.0,8,3.2978723404255317,3.75,-0.4521276595744683,0.4521276595744683,5.0,3.75,1.25,1.25,5,4,1,0.000293656802302563,,
2026-05-31,Daiwa Securities Group Inc.,JP3502200003,HR28DN-R,Asia,JAPAN,Investment Banks/Brokers,6.0,6,7.868852459016393,6.668,1.2008837090163933,1.2008837090163933,8.333333333333334,6.666666666666666,1.6666666666666679,1.6666666666666679,9,7,2,0.00014651310114880922,,
2026-05-31,"Daiwa House Industry Co., Ltd.",JP3505000004,L2QXQQ-R,Asia,JAPAN,Homebuilding,13.0,8,2.571428571428571,10.0,-7.428571428571429,7.428571428571429,6.25,10.0,-3.75,3.75,6,10,-4,0.0001491900011697988,,
2026-05-31,"Chiba Bank, Ltd.",JP3511800009,CFHBQH-R,Asia,JAPAN,Regional Banks,2.0,8,2.553191489361702,5.0,-2.446808510638298,2.446808510638298,1.25,5.0,-3.75,3.75,1,5,-4,7.117517055808451e-05,,
2026-05-31,"Chugai Pharmaceutical Co., Ltd.",JP3519400000,GSSQHY-R,Asia,JAPAN,Pharmaceuticals: Major,8.0,11,0.6493506493506493,1.818,-1.1690087256493507,1.1690087256493507,0.9090909090909092,1.8181818181818183,-0.9090909090909092,0.9090909090909092,1,2,-1,0.00035752560280335826,,
2026-05-31,"Chubu Electric Power Company,Incorporated",JP3526600006,LTNL3N-R,Asia,JAPAN,Electric Utilities,19.0,4,8.91304347826087,2.5,6.413043478260869,6.413043478260869,10.0,2.5,7.5,7.5,10,3,7,0.00013562530106343796,,
2026-05-31,TDK Corporation,JP3538800008,QGZK4H-R,Asia,JAPAN,Electronic Components,9.0,39,0.5853658536585367,1.025,-0.44002477134146334,0.44002477134146334,1.5384615384615385,1.0256410256410255,0.512820512820513,0.512820512820513,2,1,1,0.0005475962042937019,,
2026-05-31,"T&D Holdings, Inc.",JP3539220008,H4183Y-R,Asia,JAPAN,Life/Health Insurance,10.0,7,8.181818181818182,10.0,-1.8181818181818183,1.8181818181818183,7.142857142857143,10.0,-2.8571428571428568,2.8571428571428568,7,10,-3,0.00011937530093602174,,
2026-05-31,Terumo Corporation,JP3546800008,L8NHW0-R,Asia,JAPAN,Medical Specialties,8.0,11,7.142857142857143,4.547,2.5959821428571432,2.5959821428571432,7.272727272727273,4.545454545454545,2.7272727272727284,2.7272727272727284,7,5,2,0.00022284050174729237,,
2026-05-31,Disco Corporation,JP3548600000,J4TH5K-R,Asia,JAPAN,Industrial Machinery,16.0,24,1.8644067796610169,2.084,-0.21957759533898313,0.21957759533898313,1.6666666666666665,2.0833333333333335,-0.41666666666666696,0.41666666666666696,2,2,0,0.00038602910302685416,,
2026-05-31,DENSO CORPORATION,JP3551500006,JJ50MG-R,Asia,JAPAN,Auto Parts: OEM,1.0,11,5.818181818181818,9.09,-3.2755681818181817,3.2755681818181817,7.272727272727273,9.09090909090909,-1.8181818181818166,1.8181818181818166,7,9,-2,0.0002319717018188901,,
2026-05-31,Central Japan Railway Company,JP3566800003,WT0QVX-R,Asia,JAPAN,Other Transportation,9.0,39,6.2926829268292686,4.87,1.4215891768292686,1.4215891768292686,6.666666666666666,4.871794871794871,1.7948717948717947,1.7948717948717947,7,5,2,0.0001847649014487416,,
2026-05-31,Tokyo Electron Ltd.,JP3571400005,BS0GWP-R,Asia,JAPAN,Industrial Machinery,16.0,24,5.19774011299435,8.336,-3.1381973870056497,3.1381973870056497,3.333333333333333,8.333333333333334,-5.000000000000001,5.000000000000001,4,9,-5,0.0016638950130466008,,
2026-05-31,"TOKYO GAS Co., Ltd.",JP3573000001,MVMDVJ-R,Asia,JAPAN,Gas Distributors,19.0,4,7.173913043478261,10.0,-2.8260869565217392,2.8260869565217392,7.5,10.0,-2.5,2.5,8,10,-2,0.00012414060097338644,,
2026-05-31,"Toho Co., Ltd.",JP3598600009,VLHRTH-R,Asia,JAPAN,Movies/Entertainment,11.0,1,1.6666666666666665,10.0,-8.333333333333334,8.333333333333334,10.0,10.0,0.0,0.0,10,10,0,4.4179340346410206e-05,,
2026-05-31,"Toray Industries, Inc.",JP3621000003,F09CDF-R,Asia,JAPAN,Textiles,4.0,7,4.3589743589743595,10.0,-5.6410256410256405,5.6410256410256405,10.0,10.0,0.0,0.0,10,10,0,0.00011015870086375437,,
2026-05-31,TOPPAN Holdings Inc.,JP3629000005,JWND9X-R,Asia,JAPAN,Commercial Printing/Forms,9.0,39,7.2195121951219505,3.334,3.8855278201219505,3.8855278201219505,7.435897435897436,3.333333333333333,4.102564102564103,4.102564102564103,8,4,4,7.485113058690771e-05,,
2026-05-31,Toyota Motor Corp.,JP3633400001,R2HXLJ-R,Asia,JAPAN,Motor Vehicles,1.0,11,4.363636363636363,7.273,-2.9098011363636367,2.9098011363636367,5.454545454545454,7.272727272727273,-1.8181818181818192,1.8181818181818192,6,7,-1,0.0019214880150663874,,
2026-05-31,Toyota Tsusho Corp.,JP3635000007,L4468B-R,Asia,JAPAN,Wholesale Distributors,9.0,39,5.463414634146342,9.234,-3.770960365853658,3.770960365853658,5.6410256410256405,9.230769230769232,-3.589743589743591,3.589743589743591,6,9,-3,0.00030462020238852697,,
2026-05-31,Pan Pacific International Holdings Corporation,JP3639650005,JMNW7M-R,Asia,JAPAN,Specialty Stores,15.0,7,2.1739130434782608,5.715,-3.5409307065217392,3.5409307065217392,5.7142857142857135,5.7142857142857135,0.0,0.0,6,6,0,0.00012144910095228239,,
2026-05-31,West Japan Railway Company,JP3659000008,TGC4NX-R,Asia,JAPAN,Railroads,9.0,39,8.634146341463415,9.74,-1.1080411585365848,1.1080411585365848,8.717948717948719,9.743589743589743,-1.0256410256410238,1.0256410256410238,9,10,-1,8.478595066480664e-05,,
2026-05-31,"Nissan Motor Co., Ltd.",JP3672400003,WFH1P7-R,Asia,JAPAN,Motor Vehicles,1.0,11,0.5454545454545454,2.727,-2.1811079545454546,2.1811079545454546,2.727272727272727,2.727272727272727,0.0,0.0,3,3,0,6.24152804893982e-05,,
2026-05-31,Nitto Denko Corp.,JP3684000007,TJH4JV-R,Asia,JAPAN,Electronic Equipment/Instruments,4.0,7,1.5384615384615385,7.145,-5.606069711538462,5.606069711538462,7.142857142857143,7.142857142857143,0.0,0.0,7,7,0,0.00015474520121335712,,
2026-05-31,Nippon Sanso Holdings Corporation,JP3711600001,G7W3ZM-R,Asia,JAPAN,Chemicals: Specialty,4.0,7,1.282051282051282,2.857,-1.575370592948718,1.575370592948718,5.7142857142857135,2.8571428571428568,2.8571428571428568,2.8571428571428568,6,3,3,6.072510047614551e-05,,
2026-05-31,Japan Tobacco Inc.,JP3726800000,P0TBMF-R,Asia,JAPAN,Tobacco,7.0,6,9.591836734693878,8.336,1.255899234693878,1.255899234693878,8.333333333333334,8.333333333333334,0.0,0.0,9,9,0,0.0004728860037078991,,
2026-05-31,SoftBank Corp.,JP3732000009,FJLV3G-R,Asia,JAPAN,Wireless Telecommunications,17.0,5,7.906976744186046,4.0,3.9069767441860463,3.9069767441860463,6.0,4.0,2.0,2.0,6,4,2,0.0004427953034719579,,
2026-05-31,NEC Corporation,JP3733000008,Q63MTH-R,Asia,JAPAN,Information Technology Services,16.0,24,9.717514124293785,6.25,3.4675141242937855,3.4675141242937855,8.333333333333334,6.25,2.083333333333334,2.083333333333334,9,6,3,0.0003726979029223242,,
2026-05-31,Nidec Corporation,JP3734800000,D79WDP-R,Asia,JAPAN,Electrical Products,9.0,39,2.0,0.5127,1.4873046875,1.4873046875,2.8205128205128203,0.5128205128205128,2.3076923076923075,2.3076923076923075,3,1,2,0.00017011680133388585,,
2026-05-31,NTT Inc,JP3735400008,H54PT8-R,Asia,JAPAN,Specialty Telecommunications,17.0,5,8.604651162790697,8.0,0.604651162790697,0.604651162790697,8.0,8.0,0.0,0.0,8,8,0,0.00031766210249078856,,
2026-05-31,"Nippon Paint Holdings Co., Ltd.",JP3749400002,NDHZDW-R,Asia,JAPAN,Industrial Specialties,9.0,39,8.829268292682928,6.92,1.9073932926829276,1.9073932926829276,9.230769230769232,6.923076923076923,2.3076923076923084,2.3076923076923084,9,7,2,6.587663051653866e-05,,
2026-05-31,"JAPAN POST HOLDINGS Co., Ltd.",JP3752900005,B0T0B3-R,Asia,JAPAN,Life/Health Insurance,10.0,7,6.666666666666666,1.429,5.237955729166666,5.237955729166666,5.7142857142857135,1.4285714285714284,4.285714285714285,4.285714285714285,6,2,4,0.00023756880186277698,,
2026-05-31,Nippon Yusen Kabushiki Kaisha,JP3753000003,JWHZXS-R,Asia,JAPAN,Marine Shipping,9.0,39,5.317073170731708,8.2,-2.8860518292682924,2.8860518292682924,5.128205128205128,8.205128205128204,-3.0769230769230766,3.0769230769230766,5,8,-3,0.00014412600113009196,,
2026-05-31,Nitori Holdings Co. Ltd.,JP3756100008,DMTJRH-R,Asia,JAPAN,Specialty Stores,15.0,7,4.782608695652174,7.145,-2.361922554347826,2.361922554347826,8.571428571428571,7.142857142857143,1.428571428571428,1.428571428571428,9,7,2,6.483108050834049e-05,,
2026-05-31,"Nintendo Co., Ltd.",JP3756600007,WB6VP8-R,Asia,JAPAN,Recreational Products,13.0,8,0.5714285714285714,1.25,-0.6785714285714286,0.6785714285714286,2.5,1.25,1.25,1.25,3,1,2,0.0005476566042941755,,
2026-05-31,"NEXON Co., Ltd.",JP3758190007,TNNKHF-R,Asia,JAPAN,Internet Software/Services,16.0,24,9.152542372881356,5.832,3.3205111228813564,3.3205111228813564,6.25,5.833333333333334,0.4166666666666661,0.4166666666666661,6,6,0,5.1930530407187294e-05,,
2026-05-31,"Nomura Holdings, Inc.",JP3762600009,RNKKZR-R,Asia,JAPAN,Investment Banks/Brokers,6.0,6,5.737704918032787,3.334,2.4037205430327866,2.4037205430327866,5.0,3.333333333333333,1.666666666666667,1.666666666666667,5,4,1,0.00026185340205319254,,
2026-05-31,"Nomura Research Institute,Ltd.",JP3762800005,PX22R6-R,Asia,JAPAN,Information Technology Services,16.0,24,2.937853107344633,3.75,-0.8121468926553672,0.8121468926553672,2.0833333333333335,3.75,-1.6666666666666665,1.6666666666666665,2,4,-2,0.00014029960110008917,,
2026-05-31,"Hankyu Hanshin Holdings, Inc.",JP3774200004,STWX4S-R,Asia,JAPAN,Other Transportation,9.0,39,4.878048780487805,3.846,1.0323456554878048,1.0323456554878048,4.102564102564102,3.8461538461538463,0.25641025641025594,0.25641025641025594,4,4,0,8.684259068093275e-05,,
2026-05-31,Bandai Namco Holdings Inc.,JP3778630008,V4T984-R,Asia,JAPAN,Recreational Products,13.0,8,0.8571428571428572,8.75,-7.892857142857142,7.892857142857142,3.75,8.75,-5.0,5.0,4,9,-5,0.00012795010100325675,,
2026-05-31,"Hikari Tsushin, Inc.",JP3783420007,SV06FW-R,Asia,JAPAN,Electric Utilities,17.0,5,9.30232558139535,10.0,-0.6976744186046506,0.6976744186046506,10.0,10.0,0.0,0.0,10,10,0,4.570924035840615e-05,,
2026-05-31,East Japan Railway Company,JP3783600004,WQLJFB-R,Asia,JAPAN,Railroads,9.0,39,7.073170731707316,7.95,-0.8760480182926838,0.8760480182926838,6.923076923076923,7.948717948717948,-1.0256410256410247,1.0256410256410247,7,8,-1,0.0002035856015963147,,
2026-05-31,"Hitachi, Ltd.",JP3788600009,TJFRXK-R,Asia,JAPAN,Industrial Machinery,9.0,39,0.8292682926829269,1.282,-0.4529582698170731,0.4529582698170731,2.051282051282051,1.282051282051282,0.7692307692307692,0.7692307692307692,2,1,1,0.0015879530124511395,,
2026-05-31,"FAST RETAILING CO., LTD.",JP3802300008,WXDXGM-R,Asia,JAPAN,Apparel/Footwear Retail,15.0,7,0.8695652173913043,1.429,-0.5591457201086957,0.5591457201086957,2.8571428571428568,1.4285714285714284,1.4285714285714284,1.4285714285714284,3,2,1,0.0010748690084280478,,
2026-05-31,Fanuc Corporation,JP3802400006,P9VWPQ-R,Asia,JAPAN,Industrial Machinery,9.0,39,0.1951219512195122,2.05,-1.8556592987804879,1.8556592987804879,1.0256410256410255,2.051282051282051,-1.0256410256410255,1.0256410256410255,1,2,-1,0.0005237557041067685,,
2026-05-31,Fujikura Ltd,JP3811000003,M3XG7W-R,Asia,JAPAN,Electrical Products,9.0,39,0.14634146341463417,9.484,-9.338033536585366,9.338033536585366,0.7692307692307693,9.487179487179487,-8.717948717948717,8.717948717948717,1,10,-9,0.0004951752038826688,,
2026-05-31,FUJIFILM Holdings Corp,JP3814000000,LHFSYC-R,Asia,JAPAN,Medical Specialties,16.0,24,9.774011299435028,7.082,2.6919800494350277,2.6919800494350277,8.75,7.083333333333334,1.666666666666666,1.666666666666666,9,7,2,0.00026663430209067953,,
2026-05-31,Subaru Corporation,JP3814800003,QH66VR-R,Asia,JAPAN,Motor Vehicles,1.0,11,6.363636363636363,8.18,-1.8160511363636367,1.8160511363636367,8.181818181818182,8.181818181818182,0.0,0.0,8,8,0,8.873466069576848e-05,,
2026-05-31,Fujitsu Limited,JP3818000006,PZ2Q5Z-R,Asia,JAPAN,Information Technology Services,16.0,24,6.779661016949152,5.0,1.7796610169491522,1.7796610169491522,3.75,5.0,-1.25,1.25,4,5,-1,0.00043460570340774326,,
2026-05-31,"Fuji Electric Co., Ltd.",JP3820000002,KB3GSB-R,Asia,JAPAN,Electrical Products,9.0,39,1.1707317073170733,2.564,-1.3937214176829267,1.3937214176829267,2.307692307692308,2.564102564102564,-0.25641025641025594,0.25641025641025594,2,3,-1,0.00015097210118377225,,
2026-05-31,"Furukawa Electric Co., Ltd.",JP3827200001,R394YD-R,Asia,JAPAN,Electrical Products,9.0,39,1.3658536585365855,1.538,-0.17223227896341453,0.17223227896341453,2.564102564102564,1.5384615384615385,1.0256410256410253,1.0256410256410253,3,2,1,0.00023873550187192505,,
2026-05-31,Bridgestone Corporation,JP3830800003,BW6HWR-R,Asia,JAPAN,Automotive Aftermarket,1.0,11,1.4545454545454546,5.453,-3.9985795454545454,3.9985795454545454,4.545454545454545,5.454545454545454,-0.9090909090909092,0.9090909090909092,5,6,-1,0.00025264650198100123,,
2026-05-31,HOYA CORPORATION,JP3837800006,X6GLT1-R,Asia,JAPAN,Medical Specialties,8.0,11,1.038961038961039,10.0,-8.96103896103896,8.96103896103896,1.8181818181818183,10.0,-8.181818181818182,8.181818181818182,2,10,-8,0.0006238960048919685,,
2026-05-31,"Honda Motor Co., Ltd.",JP3854600008,NSRD0Y-R,Asia,JAPAN,Motor Vehicles,1.0,11,0.18181818181818182,1.818,-1.6365411931818181,1.6365411931818181,0.9090909090909092,1.8181818181818183,-0.9090909090909092,0.9090909090909092,1,2,-1,0.0003630373028465755,,
2026-05-31,Makita Corporation,JP3862400003,TY3P99-R,Asia,JAPAN,Tools & Hardware,9.0,39,5.365853658536586,5.64,-0.2747713414634143,0.2747713414634143,5.384615384615384,5.6410256410256405,-0.2564102564102564,0.2564102564102564,6,6,0,8.26697106482132e-05,,
2026-05-31,Panasonic Holdings Corporation,JP3866800000,X6HHHW-R,Asia,JAPAN,Electronics/Appliances,13.0,8,3.142857142857143,6.25,-3.107142857142857,3.107142857142857,8.75,6.25,2.5,2.5,9,6,3,0.0005820903045641701,,
2026-05-31,Marubeni Corporation,JP3877600001,SPHJ0S-R,Asia,JAPAN,Agricultural Commodities/Milling,9.0,39,8.682926829268293,5.13,3.5540205792682933,3.5540205792682933,8.974358974358974,5.128205128205128,3.8461538461538467,3.8461538461538467,9,5,4,0.00048137200377443783,,
2026-05-31,"Mizuho Financial Group, Inc.",JP3885780001,KNHK1L-R,Asia,JAPAN,Major Banks,2.0,8,3.1914893617021276,1.25,1.9414893617021276,1.9414893617021276,3.75,1.25,2.5,2.5,4,1,3,0.0011923160093489497,,
2026-05-31,"Mitsui Kinzoku Co., Ltd.",JP3888400003,W6Q6G9-R,Asia,JAPAN,Other Metals/Minerals,3.0,5,0.9722222222222222,4.0,-3.0277777777777777,3.0277777777777777,2.0,4.0,-2.0,2.0,2,4,-2,0.00020477570160564628,,
2026-05-31,"MS&AD Insurance Group Holdings, Inc.",JP3890310000,J99W4H-R,Asia,JAPAN,Multi-Line Insurance,10.0,7,6.0606060606060606,5.715,0.34576231060606055,0.34576231060606055,4.285714285714286,5.7142857142857135,-1.428571428571428,1.428571428571428,4,6,-2,0.0003619706028382115,,
2026-05-31,"Sumitomo Mitsui Financial Group, Inc.",JP3890350006,BMHL2D-R,Asia,JAPAN,Major Banks,2.0,8,7.872340425531915,8.75,-0.8776595744680851,0.8776595744680851,6.25,8.75,-2.5,2.5,6,9,-3,0.0014799020116039116,,
2026-05-31,"Sumitomo Mitsui Trust Group, Inc.",JP3892100003,VDVT49-R,Asia,JAPAN,Major Banks,2.0,8,9.680851063829788,10.0,-0.3191489361702118,0.3191489361702118,10.0,10.0,0.0,0.0,10,10,0,0.00022664540177712658,,
2026-05-31,"Mitsui Fudosan Co., Ltd.",JP3893200000,R85RZK-R,Asia,JAPAN,Real Estate Development,14.0,7,2.1621621621621623,4.285,-2.1229940878378377,2.1229940878378377,2.8571428571428568,4.285714285714286,-1.4285714285714288,1.4285714285714288,3,4,-1,0.00026062470204355826,,
2026-05-31,"Mitsui & Co.,Ltd",JP3893600001,T7JGZ8-R,Asia,JAPAN,Chemicals: Major Diversified,9.0,39,8.0,6.41,1.58984375,1.58984375,8.461538461538462,6.410256410256411,2.051282051282051,2.051282051282051,9,7,2,0.0008352410065491248,,
2026-05-31,Mitsubishi Chemical Group Corporation,JP3897700005,R6ZGVK-R,Asia,JAPAN,Chemicals: Major Diversified,4.0,7,1.794871794871795,8.57,-6.775440705128205,6.775440705128205,8.571428571428571,8.571428571428571,0.0,0.0,9,9,0,9.590635075200169e-05,,
2026-05-31,Mitsubishi Corporation,JP3898400001,WTX23P-R,Asia,JAPAN,Wholesale Distributors,9.0,39,9.463414634146341,7.69,1.772008384146341,1.772008384146341,10.0,7.6923076923076925,2.3076923076923075,2.3076923076923075,10,8,2,0.0010420170081704553,,
2026-05-31,"Mitsubishi Estate Company, Limited",JP3899600005,WSMB68-R,Asia,JAPAN,Real Estate Development,14.0,7,5.405405405405405,5.715,-0.30943834459459474,0.30943834459459474,7.142857142857143,5.7142857142857135,1.4285714285714297,1.4285714285714297,7,6,1,0.00027883580218635153,,
2026-05-31,"Mitsubishi Heavy Industries, Ltd.",JP3900000005,D2WLKV-R,Asia,JAPAN,Industrial Machinery,9.0,39,5.2682926829268295,3.076,2.1921208079268295,2.1921208079268295,4.871794871794871,3.076923076923077,1.7948717948717943,1.7948717948717943,5,3,2,0.0008170518064065032,,
2026-05-31,Mitsubishi Electric Corp.,JP3902400005,B066VV-R,Asia,JAPAN,Electrical Products,9.0,39,3.8536585365853657,2.82,1.0333460365853657,1.0333460365853657,3.8461538461538463,2.8205128205128203,1.025641025641026,1.025641025641026,4,3,1,0.0008208270064361045,,
2026-05-31,"Mitsubishi UFJ Financial Group, Inc.",JP3902900004,WB3BZZ-R,Asia,JAPAN,Major Banks,2.0,8,7.9787234042553195,2.5,5.4787234042553195,5.4787234042553195,7.5,2.5,5.0,5.0,8,3,5,0.0022638760177510517,,
2026-05-31,MinebeaMitsumi Inc.,JP3906000009,WSMGLJ-R,Asia,JAPAN,Semiconductors,16.0,24,9.887005649717514,7.5,2.387005649717514,2.387005649717514,9.166666666666666,7.5,1.666666666666666,1.666666666666666,9,8,1,0.00011286570088497995,,
2026-05-31,"Tokio Marine Holdings, Inc.",JP3910660004,JS3DJP-R,Asia,JAPAN,Property/Casualty Insurance,10.0,7,3.0303030303030303,2.857,0.17288115530303028,0.17288115530303028,1.4285714285714284,2.8571428571428568,-1.4285714285714284,1.4285714285714284,2,3,-1,0.0008866260069520344,,
2026-05-31,"Murata Manufacturing Co., Ltd.",JP3914400001,HLS2CN-R,Asia,JAPAN,Electronic Production Equipment,16.0,24,7.909604519774012,0.4167,7.492856472899012,7.492856472899012,5.0,0.41666666666666663,4.583333333333333,4.583333333333333,5,1,4,0.001185534009295772,,
2026-05-31,LY Corporation,JP3933800009,JQZ6DN-R,Asia,JAPAN,Internet Software/Services,16.0,24,9.943502824858758,7.918,2.025534074858758,2.025534074858758,9.583333333333334,7.916666666666666,1.6666666666666679,1.6666666666666679,10,8,2,7.958394062401768e-05,,
2026-05-31,Astellas Pharma Inc.,JP3942400007,JK8B1N-R,Asia,JAPAN,Pharmaceuticals: Major,8.0,11,9.74025974025974,9.09,0.6465097402597397,0.6465097402597397,10.0,9.09090909090909,0.9090909090909101,0.9090909090909101,10,9,1,0.0002698269021157127,,
2026-05-31,"Yamaha Motor Co., Ltd.",JP3942800008,T8J8Q5-R,Asia,JAPAN,Motor Vehicles,1.0,11,8.0,10.0,-2.0,2.0,9.09090909090909,10.0,-0.9090909090909101,0.9090909090909101,9,10,-1,8.395533065829375e-05,,
2026-05-31,"Japan Post Bank Co., Ltd.",JP3946750001,N8L2K3-R,Asia,JAPAN,Regional Banks,2.0,8,8.297872340425531,7.5,0.7978723404255312,0.7978723404255312,8.75,7.5,1.25,1.25,9,8,1,0.000378835102970446,,
2026-05-31,Unicharm Corporation,JP3951600000,GSRTT3-R,Asia,JAPAN,Household/Personal Care,13.0,8,1.4285714285714284,7.5,-6.071428571428571,6.071428571428571,5.0,7.5,-2.5,2.5,5,8,-3,7.478511058639004e-05,,
2026-05-31,Yokogawa Electric Corp.,JP3955000009,CSPHV9-R,Asia,JAPAN,Electronic Equipment/Instruments,9.0,39,0.6341463414634146,5.9,-5.264291158536586,5.264291158536586,1.794871794871795,5.897435897435898,-4.102564102564103,4.102564102564103,2,6,-4,8.039231063035611e-05,,
2026-05-31,"Rakuten Group, Inc.",JP3967200001,TTK7NN-R,Asia,JAPAN,Internet Retail,16.0,24,9.096045197740112,1.667,7.429053010240112,7.429053010240112,5.833333333333334,1.6666666666666665,4.166666666666668,4.166666666666668,6,2,4,6.9894530548043e-05,,
2026-05-31,"Recruit Holdings Co., Ltd.",JP3970300004,Q9Y5D7-R,Asia,JAPAN,Internet Software/Services,9.0,39,0.34146341463414637,7.438,-7.096036585365853,7.096036585365853,1.282051282051282,7.435897435897436,-6.153846153846154,6.153846153846154,1,8,-7,0.0010110480079276274,,
2026-05-31,"Ryohin Keikaku Co., Ltd.",JP3976300008,FVFGFP-R,Asia,JAPAN,Apparel/Footwear,15.0,7,0.43478260869565216,2.857,-2.4226392663043477,2.4226392663043477,1.4285714285714284,2.8571428571428568,-1.4285714285714284,1.4285714285714284,2,3,-1,0.0001372454010761412,,
2026-05-31,Lasertec Corp.,JP3979200007,Q3WN7R-R,Asia,JAPAN,Electronic Equipment/Instruments,16.0,24,0.22598870056497175,0.8335,-0.6075073931850282,0.6075073931850282,0.41666666666666663,0.8333333333333333,-0.41666666666666663,0.41666666666666663,1,1,0,0.00020853560163512766,,
2026-05-31,Credo Technology Group Holding Ltd.,KYG254571055,G152GN-R,North America,UNITED STATES,Information Technology Services,16.0,91,2.7358490566037736,4.95,-2.2133696933962264,2.2133696933962264,2.7472527472527473,4.945054945054945,-2.197802197802198,2.197802197802198,3,5,-2,0.00043699780342649976,,
2026-05-31,Fabrinet,KYG3323L1005,RMHK3W-R,North America,UNITED STATES,Semiconductors,16.0,91,5.943396226415095,5.453,0.4902712264150946,0.4902712264150946,6.153846153846154,5.4945054945054945,0.6593406593406597,0.6593406593406597,6,6,0,0.00025563840200446073,,
2026-05-31,FTAI Aviation Ltd.,KYG3730V1059,XFW8B2-R,North America,UNITED STATES,Aerospace & Defense,9.0,98,2.26890756302521,1.51,0.75914193802521,0.75914193802521,2.0408163265306123,1.5306122448979593,0.510204081632653,0.510204081632653,2,2,0,0.00028078650220164696,,
2026-05-31,Grab Holdings Limited Class A,KYG4124C1096,X879CM-R,North America,UNITED STATES,Air Freight/Couriers,9.0,98,5.042016806722689,7.266,-2.223608193277311,2.223608193277311,4.795918367346939,7.448979591836736,-2.6530612244897966,2.6530612244897966,5,8,-3,9.885362077511123e-05,,
2026-05-31,"SharkNinja, Inc.",KYG8068L1086,P06BNW-R,North America,UNITED STATES,Electronics/Appliances,13.0,15,2.0,2.223,-0.22265625,0.22265625,2.6666666666666665,2.6666666666666665,0.0,0.0,3,3,0,0.00011077710086860324,,
2026-05-31,Royal Caribbean Group,LR0008862868,XLT03X-R,North America,UNITED STATES,Hotels/Resorts/Cruiselines,18.0,20,4.230769230769231,5.383,-1.1520432692307692,1.1520432692307692,5.0,6.5,-1.5,1.5,5,7,-2,0.0008036974063017913,0.001101236995473916,
2026-05-31,Millicom International Cellular SA,LU0038705702,FK46P5-R,North America,UNITED STATES,Wireless Telecommunications,17.0,13,6.470588235294118,9.234,-2.7637867647058822,2.7637867647058822,8.461538461538462,9.230769230769232,-0.76923076923077,0.76923076923077,9,9,0,8.20577106434145e-05,,
2026-05-31,ArcelorMittal SA,LU1598757687,DZ437D-R,West Europe,NETHERLANDS,Steel,3.0,13,0.9090909090909092,3.182,-2.272549715909091,2.272549715909091,1.5384615384615385,4.615384615384616,-3.0769230769230775,3.0769230769230775,2,5,-3,0.00032232690252736524,,0.002001436993195114
2026-05-31,Spotify Technology SA,LU1778762911,X5HN6G-R,North America,UNITED STATES,Internet Software/Services,11.0,11,4.444444444444445,1.667,2.7774522569444446,2.7774522569444446,5.454545454545454,0.9090909090909092,4.545454545454545,4.545454545454545,6,1,5,0.0008171937064076158,,
2026-05-31,InPost S.A.,LU2290522684,BWZN5N-R,West Europe,NETHERLANDS,Packaged Software,9.0,66,0.09259259259259259,0.0926,2.2605613425874527e-06,2.2605613425874527e-06,0.15151515151515152,0.15151515151515152,0.0,0.0,1,1,0,5.2606500412487575e-05,,0.0003458811988240039
2026-05-31,Tenaris S.A.,LU2598331598,SN6T9J-R,West Europe,ITALY,Steel,12.0,15,2.9411764705882355,1.765,1.1765280330882355,1.1765280330882355,3.333333333333333,2.0,1.333333333333333,1.333333333333333,4,2,2,0.00012726010099784645,,0.0006372021978335124
2026-05-31,Heineken Holding N.V.,NL0000008977,LTNDSH-R,West Europe,NETHERLANDS,Beverages: Alcoholic,7.0,23,6.428571428571429,8.57,-2.141741071428571,2.141741071428571,6.086956521739131,8.695652173913043,-2.608695652173912,2.608695652173912,6,9,-3,0.00010024100078598967,,0.0005376963981718321
2026-05-31,Royal KPN NV,NL0000009082,GY9DY1-R,West Europe,NETHERLANDS,Major Telecommunications,17.0,16,2.727272727272727,2.273,0.45383522727272707,0.45383522727272707,1.875,1.875,0.0,0.0,2,2,0,0.00021841820171261713,,0.0013415479954387364
2026-05-31,Heineken NV,NL0000009165,HF7CXJ-R,West Europe,NETHERLANDS,Beverages: Alcoholic,7.0,23,8.571428571428571,8.93,-0.3582589285714288,0.3582589285714288,8.26086956521739,9.130434782608695,-0.8695652173913047,0.8695652173913047,8,9,-1,0.00024666320193408614,,0.00149984399490053
2026-05-31,Koninklijke Philips N.V.,NL0000009538,WGRN6D-R,West Europe,NETHERLANDS,Medical/Nursing Services,8.0,38,9.399999999999999,9.8,-0.3968750000000014,0.3968750000000014,9.473684210526315,9.736842105263158,-0.2631578947368425,0.2631578947368425,10,10,0,0.00022472930176210243,,0.0013346559954621694
2026-05-31,STMicroelectronics NV,NL0000226223,GW0ZLY-R,West Europe,ITALY,Semiconductors,16.0,18,2.7586206896551726,1.034,1.7244410021551726,1.7244410021551726,1.6666666666666665,1.1111111111111112,0.5555555555555554,0.5555555555555554,2,1,1,0.0004984864039086318,,0.003078473989533188
2026-05-31,Airbus SE,NL0000235190,PKYMY1-R,West Europe,FRANCE,Aerospace & Defense,9.0,66,6.481481481481481,2.223,4.258825231481481,4.258825231481481,6.0606060606060606,2.4242424242424243,3.6363636363636362,3.6363636363636362,6,3,3,0.0013719110107571542,,0.008086814972504828
2026-05-31,ASM International N.V.,NL0000334118,GM7H09-R,West Europe,NETHERLANDS,Industrial Machinery,16.0,18,4.137931034482759,8.62,-4.479256465517241,4.479256465517241,3.333333333333333,8.88888888888889,-5.555555555555556,5.555555555555556,4,9,-5,0.0005484274043002193,,0.003450088988269697
2026-05-31,Wolters Kluwer N.V.,NL0000395903,TWWNXR-R,West Europe,NETHERLANDS,Internet Software/Services,9.0,66,0.9259259259259258,7.316,-6.390480324074074,6.390480324074074,1.0606060606060606,7.727272727272727,-6.666666666666666,6.666666666666666,1,8,-7,0.00018281240143343204,,0.0011323659961499555
2026-05-31,AerCap Holdings NV,NL0000687663,N85RDX-R,North America,UNITED STATES,Finance/Rental/Leasing,6.0,36,7.954545454545454,9.0,-1.0454545454545459,1.0454545454545459,7.777777777777778,9.444444444444445,-1.666666666666667,1.666666666666667,8,10,-2,0.0002436490019104518,,
2026-05-31,Euronext NV,NL0006294274,GTX4SW-R,West Europe,FRANCE,Investment Banks/Brokers,6.0,22,3.488372093023256,3.256,0.2325127180232558,0.2325127180232558,4.090909090909091,4.090909090909091,0.0,0.0,4,4,0,0.00014438170113209692,,0.0008296452971792058
2026-05-31,LyondellBasell Industries NV,NL0009434992,GRQMJ0-R,North America,UNITED STATES,Chemicals: Specialty,4.0,8,9.09090909090909,10.0,-0.9090909090909101,0.9090909090909101,10.0,10.0,0.0,0.0,10,10,0,0.0001919918015054077,0.00026519299891005675,
2026-05-31,NXP Semiconductors NV,NL0009538784,FJ8GT6-R,North America,UNITED STATES,Semiconductors,16.0,91,8.584905660377359,7.273,1.311468160377359,1.311468160377359,8.571428571428571,7.252747252747253,1.3186813186813184,1.3186813186813184,9,7,2,0.0009001026070577044,0.00124585399487954,
2026-05-31,Nebius Group N.V. Class A,NL0009805522,N9K15Q-R,North America,UNITED STATES,Packaged Software,16.0,91,8.018867924528303,3.334,4.684883549528303,4.684883549528303,8.131868131868131,3.1868131868131866,4.945054945054945,4.945054945054945,8,3,5,0.000521763304091146,,
2026-05-31,ASML Holding NV,NL0010273215,JWGWTR-R,West Europe,NETHERLANDS,Semiconductors,16.0,18,2.0689655172413794,5.863,-3.7943157327586206,3.7943157327586206,1.1111111111111112,6.111111111111112,-5.0,5.0,1,6,-5,0.00703120405513167,,0.04171204985817902
2026-05-31,CNH Industrial NV,NL0010545661,J3MQ11-R,North America,UNITED STATES,Trucks/Construction/Farm Machinery,9.0,98,7.815126050420168,7.926,-0.11065519957983216,0.11065519957983216,7.653061224489796,8.16326530612245,-0.5102040816326534,0.5102040816326534,8,8,0,9.4757940742997e-05,,
2026-05-31,NN Group N.V.,NL0010773842,TMWCW7-R,West Europe,NETHERLANDS,Life/Health Insurance,10.0,24,9.25925925925926,7.777,1.4819155092592595,1.4819155092592595,9.166666666666666,7.916666666666666,1.25,1.25,9,8,1,0.00024177820189578286,,0.0014231799951611877
2026-05-31,argenx SE,NL0010832176,DG473N-R,West Europe,BELGIUM,Biotechnology,8.0,38,4.0,6.2,-2.19921875,2.19921875,3.6842105263157894,6.052631578947368,-2.3684210526315788,2.3684210526315788,4,6,-2,0.0005638481044211329,,0.0034145759883904415
2026-05-31,ABN AMRO Bank N.V. Depositary receipts,NL0011540547,Q7XWQX-R,West Europe,NETHERLANDS,Major Banks,2.0,37,9.038461538461538,5.58,3.4603365384615383,3.4603365384615383,8.64864864864865,5.9459459459459465,2.7027027027027026,2.7027027027027026,9,6,3,0.000267151002094731,,0.0016487379943942904
2026-05-31,Ferrari NV,NL0011585146,Q05NFB-R,West Europe,ITALY,Motor Vehicles,1.0,12,1.7647058823529413,2.941,-1.1767003676470587,1.1767003676470587,1.6666666666666665,3.333333333333333,-1.6666666666666665,1.6666666666666665,2,4,-2,0.00046310470363120396,,0.002717386990760884
2026-05-31,Koninklijke Ahold Delhaize N.V.,NL0011794037,VJ7HTK-R,West Europe,NETHERLANDS,Food Retail,15.0,13,6.111111111111112,7.777,-1.6662326388888884,1.6662326388888884,4.615384615384616,6.923076923076923,-2.3076923076923075,2.3076923076923075,5,7,-2,0.00041291890323769706,,0.00246169399163024
2026-05-31,ING Groep N.V.,NL0011821202,LY6KWW-R,West Europe,NETHERLANDS,Major Banks,2.0,37,10.0,6.348,3.65234375,3.65234375,10.0,6.486486486486487,3.513513513513513,3.513513513513513,10,7,3,0.0009957021078073002,,0.005995519979615231
2026-05-31,ASR Nederland N.V.,NL0011872643,VPJF20-R,West Europe,NETHERLANDS,Multi-Line Insurance,10.0,24,6.666666666666666,4.074,2.592447916666666,2.592447916666666,6.666666666666666,3.75,2.916666666666666,2.916666666666666,7,4,3,0.00012428580097452495,,0.0007134318975743314
2026-05-31,EXOR N.V.,NL0012059018,J564PS-R,West Europe,NETHERLANDS,Investment Managers,6.0,22,0.9302325581395349,0.6978,0.23247865188953487,0.23247865188953487,1.8181818181818183,0.9090909090909092,0.9090909090909092,0.9090909090909092,2,1,1,7.570495059360251e-05,,0.0004676530984099794
2026-05-31,BE Semiconductor Industries N.V.,NL0012866412,M3XC1S-R,West Europe,NETHERLANDS,Industrial Machinery,16.0,18,6.8965517241379315,7.93,-1.0331357758620685,1.0331357758620685,6.666666666666666,8.333333333333334,-1.6666666666666679,1.6666666666666679,7,9,-2,0.0002642307020718329,,0.0016327939944485001
2026-05-31,Adyen NV,NL0012969182,B8DGF3-R,West Europe,NETHERLANDS,Miscellaneous Commercial Services,9.0,66,0.18518518518518517,0.1852,4.521122685174905e-06,4.521122685174905e-06,0.30303030303030304,0.30303030303030304,0.0,0.0,1,1,0,0.00031633340248037023,,0.0022213739924473283
2026-05-31,Akzo Nobel N.V.,NL0013267909,M79YFW-R,West Europe,NETHERLANDS,Industrial Specialties,4.0,11,1.6666666666666665,0.5557,1.1110026041666665,1.1110026041666665,1.8181818181818183,0.9090909090909092,0.9090909090909092,0.9090909090909092,2,1,1,0.00014504940113733235,,0.0008514853971049495
2026-05-31,Prosus N.V. Class N,NL0013654783,F39WDV-R,West Europe,NETHERLANDS,Packaged Software,16.0,18,6.206896551724138,4.137,2.070177801724138,2.070177801724138,5.555555555555555,3.888888888888889,1.6666666666666665,1.6666666666666665,6,4,2,0.0006661206052230517,,0.0037472889872592167
2026-05-31,Stellantis N.V.,NL00150001Q9,VGZNR3-R,West Europe,ITALY,Motor Vehicles,1.0,12,1.1764705882352942,1.177,-0.00028722426470584317,0.00028722426470584317,0.8333333333333333,0.8333333333333333,0.0,0.0,1,1,0,0.00016933420132774946,,0.0010864379963061107
2026-05-31,Universal Music Group N.V.,NL0015000IY2,N4H21N-R,West Europe,NETHERLANDS,Miscellaneous Commercial Services,11.0,6,0.6666666666666666,0.6665,0.00016276041666662966,0.00016276041666662966,1.6666666666666665,1.6666666666666665,0.0,0.0,2,2,0,0.0002549248019988654,,0.00164004699442384
2026-05-31,Ferrovial N.V.,NL0015001FS8,T31DQR-R,West Europe,SPAIN,Engineering & Construction,5.0,20,4.848484848484849,3.94,0.9090317234848486,0.9090317234848486,4.5,4.0,0.5,0.5,5,4,1,0.0003708265029076506,,0.002234321992403305
2026-05-31,Magnum Ice Cream Co. N.V.,NL0015002MS2,WPXRKL-R,West Europe,NETHERLANDS,Food: Meat/Fish/Dairy,7.0,23,0.3571428571428571,0.3572,-3.4877232142904724e-05,3.4877232142904724e-05,0.43478260869565216,0.43478260869565216,0.0,0.0,1,1,0,8.343700065422953e-05,,0.0005366409981754205
2026-05-31,QIAGEN NV,NL0015002SN0,N91LM3-R,North America,UNITED STATES,Medical Specialties,8.0,57,5.735294117647058,3.97,1.764590992647058,1.764590992647058,5.43859649122807,4.035087719298246,1.4035087719298245,1.4035087719298245,6,4,2,7.734666060647516e-05,,0.0004969117983104998
2026-05-31,CSG N.V.,NL0015073TS8,SZWM2V-R,West Europe,NETHERLANDS,Aerospace & Defense,9.0,66,1.2962962962962963,1.574,-0.2779224537037037,0.2779224537037037,1.2121212121212122,1.9696969696969697,-0.7575757575757576,0.7575757575757576,1,2,-1,4.547048035653403e-05,,0.00020563649930083587
2026-05-31,Davide Campari-Milano N.V.,NL0015435975,QTFWQW-R,West Europe,ITALY,Beverages: Alcoholic,7.0,23,5.7142857142857135,4.285,1.4291294642857135,1.4291294642857135,5.217391304347826,4.782608695652174,0.43478260869565233,0.43478260869565233,5,5,0,4.9115770385116756e-05,,0.0002461408991631209
2026-05-31,Mowi ASA,NO0003054108,PDBDMJ-R,West Europe,NORWAY,Food: Meat/Fish/Dairy,7.0,23,7.857142857142857,6.07,1.7868303571428568,1.7868303571428568,7.391304347826086,6.086956521739131,1.3043478260869552,1.3043478260869552,8,6,2,0.00011502570090191652,,0.0006307708978553789
2026-05-31,Orkla ASA,NO0003733800,CZHVTK-R,West Europe,NORWAY,Food: Specialty/Candy,7.0,23,7.5,7.145,0.35546875,0.35546875,6.956521739130435,7.391304347826086,-0.43478260869565144,0.43478260869565144,7,8,-1,8.312783065180532e-05,,0.0005212595982277173
2026-05-31,Norsk Hydro ASA,NO0005052605,MVMBQG-R,West Europe,NORWAY,Aluminum,3.0,13,6.8181818181818175,8.63,-1.8146306818181825,1.8146306818181825,7.6923076923076925,9.230769230769232,-1.5384615384615392,1.5384615384615392,8,9,-1,0.00017589740137921152,,0.0010867849963049308
2026-05-31,Telenor ASA,NO0010063308,H7F209-R,West Europe,NORWAY,Major Telecommunications,17.0,16,5.454545454545454,6.363,-0.9087357954545459,0.9087357954545459,5.0,6.25,-1.25,1.25,5,6,-1,0.00010828470084906033,,0.0007145086975706704
2026-05-31,Equinor ASA,NO0010096985,RZSB30-R,West Europe,NORWAY,Integrated Oil,12.0,15,4.117647058823529,5.883,-1.765165441176471,1.765165441176471,4.666666666666667,6.666666666666666,-1.9999999999999991,1.9999999999999991,5,7,-2,0.00029500120231310445,,0.0020481469930362997
2026-05-31,DNB Bank ASA,NO0010161896,L57WDW-R,West Europe,NORWAY,Major Banks,2.0,37,1.153846153846154,2.115,-0.961388221153846,0.961388221153846,1.3513513513513513,2.4324324324324325,-1.0810810810810811,1.0810810810810811,2,3,-1,0.00029536820231598206,,0.0018130019938357928
2026-05-31,Yara International ASA,NO0010208051,MXS313-R,West Europe,NORWAY,Chemicals: Agricultural,4.0,11,10.0,10.0,0.0,0.0,10.0,10.0,0.0,0.0,10,10,0,9.32498807311723e-05,,0.0005776053980361415
2026-05-31,SalMar ASA,NO0010310956,C6LWM5-R,West Europe,NORWAY,Agricultural Commodities/Milling,7.0,23,8.214285714285714,5.715,2.4994419642857135,2.4994419642857135,7.826086956521739,5.652173913043478,2.1739130434782616,2.1739130434782616,8,6,2,4.595047036029763e-05,,0.00030076729897739115
2026-05-31,Aker BP ASA,NO0010345853,BLBW30-R,West Europe,NORWAY,Integrated Oil,12.0,15,5.294117647058823,4.117,1.1769301470588234,1.1769301470588234,6.0,4.666666666666667,1.333333333333333,1.333333333333333,6,5,1,0.00011965620093822426,,0.0007518529974436997
2026-05-31,Gjensidige Forsikring ASA,NO0010582521,FNW967-R,West Europe,NORWAY,Multi-Line Insurance,10.0,24,1.4814814814814814,4.816,-3.3349247685185186,3.3349247685185186,1.25,4.583333333333333,-3.333333333333333,3.333333333333333,1,5,-4,5.817319045613598e-05,,0.00035148719880494347
2026-05-31,Var Energi ASA,NO0011202772,S4F6YG-R,West Europe,NORWAY,Integrated Oil,12.0,15,1.7647058823529413,7.65,-5.883731617647059,5.883731617647059,2.0,8.666666666666668,-6.666666666666668,6.666666666666668,2,9,-7,4.179927032774808e-05,,0.00029502309899692144
2026-05-31,Kongsberg Gruppen ASA,NO0013536151,W6VV9N-R,West Europe,NORWAY,Trucks/Construction/Farm Machinery,9.0,66,0.2777777777777778,1.296,-1.0181206597222223,1.0181206597222223,0.4545454545454546,1.6666666666666665,-1.212121212121212,1.212121212121212,1,2,-1,0.0001648949012929409,,0.0010466989964412231
2026-05-31,Xero Limited,NZXROE0001S2,M9VRSW-R,Pacific,AUSTRALIA,Packaged Software,16.0,3,3.333333333333333,3.334,-0.0006510416666669627,0.0006510416666669627,3.333333333333333,3.333333333333333,0.0,0.0,4,4,0,0.00010408970081616735,,
2026-05-31,Banco Comercial Portugues S.A.,PTBCP0AM0015,M74M8W-R,West Europe,PORTUGAL,Major Banks,2.0,37,2.884615384615384,1.538,1.3465294471153841,1.3465294471153841,2.9729729729729732,1.891891891891892,1.0810810810810811,1.0810810810810811,3,2,1,0.00010049670078799463,,0.0006621951977485363
2026-05-31,EDP S.A.,PTEDP0AM0009,RQTY5S-R,West Europe,PORTUGAL,Electric Utilities,19.0,23,8.620689655172413,9.31,-0.6918103448275872,0.6918103448275872,8.695652173913043,9.565217391304348,-0.8695652173913047,0.8695652173913047,9,10,-1,0.0001684851013210917,,0.0010056829965806777
2026-05-31,"Galp Energia, SGPS S.A. Class B",PTGAL0AM0009,T6GNCG-R,West Europe,PORTUGAL,Integrated Oil,12.0,15,1.1764705882352942,2.354,-1.1770450367647058,1.1770450367647058,1.3333333333333333,2.6666666666666665,-1.3333333333333333,1.3333333333333333,2,3,-1,0.0001012597007939773,,0.0006200824978917194
2026-05-31,"Jeronimo Martins, SGPS S.A.",PTJMT0AE0001,V2HLHV-R,West Europe,PORTUGAL,Food Retail,15.0,13,3.333333333333333,2.223,1.110677083333333,1.110677083333333,2.307692307692308,1.5384615384615385,0.7692307692307694,0.7692307692307694,2,2,0,6.266229049133501e-05,,0.0003892511986765459
2026-05-31,H&M Hennes & Mauritz AB Class B,SE0000106270,JJ43XM-R,West Europe,SWEDEN,Apparel/Footwear Retail,15.0,13,5.0,3.889,1.111328125,1.111328125,3.8461538461538463,2.307692307692308,1.5384615384615383,1.5384615384615383,4,2,2,8.205814064341788e-05,,0.0005483557981355902
2026-05-31,Industrivarden AB Class C,SE0000107203,KGV6N1-R,West Europe,SWEDEN,Financial Conglomerates,6.0,22,5.348837209302325,4.418,0.9308684593023253,0.9308684593023253,6.363636363636363,6.363636363636363,0.0,0.0,7,7,0,9.155051071784756e-05,,0.0006389609978275325
2026-05-31,SKF AB Class B,SE0000108227,V0CLMX-R,West Europe,SWEDEN,Metal Fabrication,3.0,13,2.727272727272727,2.727,0.0007102272727270709,0.0007102272727270709,4.615384615384616,3.8461538461538463,0.7692307692307696,0.7692307692307696,5,4,1,0.00010400490081550242,,0.0005806636980257434
2026-05-31,Telefonaktiebolaget LM Ericsson Class B,SE0000108656,P6LTYW-R,West Europe,SWEDEN,Telecommunications Equipment,17.0,16,4.090909090909091,2.727,1.3643465909090908,1.3643465909090908,3.125,2.5,0.625,0.625,3,3,0,0.0003917003030713221,,0.002523529991419998
2026-05-31,L E Lundbergforetagen AB Class B,SE0000108847,L9YRMS-R,West Europe,SWEDEN,Financial Conglomerates,6.0,22,4.883720930232558,5.582,-0.6983103197674421,0.6983103197674421,5.909090909090909,7.727272727272727,-1.8181818181818175,1.8181818181818175,6,8,-2,4.7052530368938894e-05,,0.0003007711989773779
2026-05-31,Svenska Cellulosa AB SCA Class B,SE0000112724,DF3CR4-R,West Europe,SWEDEN,Pulp & Paper,3.0,13,1.8181818181818183,0.909,0.9090021306818183,0.9090021306818183,3.076923076923077,1.5384615384615385,1.5384615384615385,1.5384615384615385,3,2,1,6.851670053723944e-05,,0.0004370622985139881
2026-05-31,Skanska AB Class B,SE0000113250,MTG5RJ-R,West Europe,SWEDEN,Engineering & Construction,5.0,20,6.969696969696971,7.273,-0.3037405303030294,0.3037405303030294,6.5,7.5,-1.0,1.0,7,8,-1,9.63730907556614e-05,,0.0006154825979073591
2026-05-31,Trelleborg AB Class B,SE0000114837,KDFDZV-R,West Europe,SWEDEN,Auto Parts: OEM,9.0,66,9.537037037037038,8.516,1.021412037037038,1.021412037037038,9.545454545454547,8.787878787878787,0.7575757575757596,0.7575757575757596,10,9,1,8.82235306917607e-05,,0.0006092723979284738
2026-05-31,Volvo AB Class B,SE0000115446,NZSHXK-R,West Europe,SWEDEN,Trucks/Construction/Farm Machinery,9.0,66,8.518518518518519,7.5,1.018518518518519,1.018518518518519,8.484848484848484,7.878787878787879,0.6060606060606055,0.6060606060606055,9,8,1,0.0005991923046982669,,0.0036479079875971127
2026-05-31,Skandinaviska Enskilda Banken AB Class A,SE0000148884,NYJ1NJ-R,West Europe,SWEDEN,Major Banks,2.0,37,1.9230769230769231,0.577,1.3459284855769231,1.3459284855769231,2.1621621621621623,0.8108108108108109,1.3513513513513513,1.3513513513513513,2,1,1,0.000328957402579355,,0.0021100299928258977
2026-05-31,Securitas AB Class B,SE0000163594,QZ3B6F-R,West Europe,SWEDEN,Miscellaneous Commercial Services,9.0,66,9.62962962962963,9.91,-0.27662037037037024,0.27662037037037024,9.696969696969697,10.0,-0.30303030303030276,0.30303030303030276,10,10,0,8.560034067119226e-05,,0.0005387666981681932
2026-05-31,Industrivarden AB Class A,SE0000190126,RWDF0K-R,West Europe,SWEDEN,Financial Conglomerates,6.0,22,5.5813953488372094,3.953,1.6282703488372094,1.6282703488372094,6.8181818181818175,5.454545454545454,1.3636363636363633,1.3636363636363633,7,6,1,6.747617052908065e-05,,
2026-05-31,Swedbank AB Class A,SE0000242455,GW6H33-R,West Europe,SWEDEN,Major Banks,2.0,37,2.1153846153846154,0.9614,1.1539588341346154,1.1539588341346154,2.4324324324324325,1.3513513513513513,1.0810810810810811,1.0810810810810811,3,2,1,0.00033996030266562877,,0.0022263339924304642
2026-05-31,Sandvik AB,SE0000667891,LZCMNQ-R,West Europe,SWEDEN,Trucks/Construction/Farm Machinery,9.0,66,8.333333333333334,9.164,-0.8307291666666661,0.8307291666666661,8.181818181818182,9.242424242424242,-1.0606060606060606,1.0606060606060606,8,9,-1,0.000477217703741864,,0.002860485990274347
2026-05-31,Telia Company AB,SE0000667925,R2JS7B-R,West Europe,SWEDEN,Specialty Telecommunications,17.0,16,5.909090909090909,5.91,-0.0010653409090908283,0.0010653409090908283,5.625,5.625,0.0,0.0,6,6,0,0.00014868970116587596,,0.0008254768971933785
2026-05-31,Alfa Laval AB,SE0000695876,P7RWQQ-R,West Europe,SWEDEN,Industrial Machinery,9.0,66,2.5,3.518,-1.017578125,1.017578125,2.5757575757575757,3.4848484848484853,-0.9090909090909096,0.9090909090909096,3,4,-1,0.00018118960142070764,,0.001067689996369854
2026-05-31,Swedish Orphan Biovitrum AB,SE0000872095,RQX8MZ-R,West Europe,SWEDEN,Pharmaceuticals: Major,8.0,38,2.0,2.8,-0.80078125,0.80078125,1.5789473684210527,2.8947368421052633,-1.3157894736842106,1.3157894736842106,2,3,-1,9.678072075885762e-05,,0.0007524691974416046
2026-05-31,Indutrade AB,SE0001515552,XBY522-R,West Europe,SWEDEN,Industrial Machinery,9.0,66,3.888888888888889,0.648,3.240939670138889,3.240939670138889,3.6363636363636367,0.9090909090909092,2.7272727272727275,2.7272727272727275,4,1,3,5.7359650449757015e-05,,0.0003527402988006829
2026-05-31,AB Sagax Class B,SE0005127818,F8T8X8-R,West Europe,SWEDEN,Real Estate Development,14.0,10,0.3333333333333333,0.6665,-0.3331705729166667,0.3331705729166667,1.0,2.0,-1.0,1.0,1,2,-1,4.751205037254198e-05,,0.0002562901991286133
2026-05-31,Tele2 AB Class B,SE0005190238,K6W4F5-R,West Europe,SWEDEN,Major Telecommunications,17.0,16,7.727272727272727,9.55,-1.8196022727272734,1.8196022727272734,7.5,9.375,-1.875,1.875,8,10,-2,0.00011216370087947557,,0.0006759956977016146
2026-05-31,ASSA ABLOY AB Class B,SE0007100581,MT9XMJ-R,West Europe,SWEDEN,Tools & Hardware,5.0,20,9.09090909090909,5.758,3.33309659090909,3.33309659090909,9.0,6.0,3.0,3.0,9,6,3,0.00038436140301377773,,0.0023626449919670065
2026-05-31,Svenska Handelsbanken AB Class A,SE0007100599,FWJ4P9-R,West Europe,SWEDEN,Major Banks,2.0,37,6.730769230769232,4.04,2.6917067307692317,2.6917067307692317,5.9459459459459465,4.594594594594595,1.3513513513513518,1.3513513513513518,6,5,1,0.00022247120174439668,,0.0015529679947199088
2026-05-31,Essity AB Class B,SE0009922164,J1HNQQ-R,West Europe,SWEDEN,Household/Personal Care,13.0,13,6.0,5.6,0.3984375,0.3984375,7.6923076923076925,6.923076923076923,0.7692307692307692,0.7692307692307692,8,7,1,0.00017787220139469593,,0.0010919889962872373
2026-05-31,Investment AB Latour Class B,SE0010100958,RBHVG6-R,West Europe,SWEDEN,Financial Conglomerates,9.0,66,5.925925925925926,0.926,5.000144675925926,5.000144675925926,5.454545454545454,1.2121212121212122,4.242424242424242,4.242424242424242,6,1,5,3.4024310266784614e-05,,0.0001930778993435351
2026-05-31,Evolution AB,SE0012673267,L3H7V7-R,West Europe,SWEDEN,Packaged Software,18.0,8,7.142857142857143,6.43,0.7131696428571432,0.7131696428571432,7.5,5.0,2.5,2.5,8,5,3,0.00010411280081634846,,0.0006547989977736833
2026-05-31,EQT AB,SE0012853455,X0M159-R,West Europe,SWEDEN,Investment Managers,6.0,22,1.6279069767441863,0.465,1.1628190861191863,1.1628190861191863,2.2727272727272725,0.4545454545454546,1.818181818181818,1.818181818181818,2,1,1,0.00017363750136149166,,0.001993434993222321
2026-05-31,Addtech AB Class B,SE0014781795,BNNFG1-R,West Europe,SWEDEN,Electronic Production Equipment,9.0,66,2.6851851851851856,2.871,-0.18590856481481444,0.18590856481481444,2.727272727272727,3.1818181818181817,-0.4545454545454546,0.4545454545454546,3,3,0,9.979504078249292e-05,,0.00059019999799332
2026-05-31,Epiroc AB Class A,SE0015658109,WXJXS1-R,West Europe,SWEDEN,Trucks/Construction/Farm Machinery,9.0,66,1.9444444444444444,1.204,0.7403428819444444,0.7403428819444444,1.6666666666666665,1.5151515151515151,0.15151515151515138,0.15151515151515138,2,2,0,0.0002079603016306167,,0.0012523589957419794
2026-05-31,Epiroc AB Class B,SE0015658117,B0GMKD-R,West Europe,SWEDEN,Trucks/Construction/Farm Machinery,9.0,66,2.8703703703703702,1.389,1.4816984953703702,1.4816984953703702,2.878787878787879,1.8181818181818183,1.0606060606060606,1.0606060606060606,3,2,1,0.00010411000081632652,,
2026-05-31,Investor AB Class B,SE0015811963,LVSS7P-R,West Europe,SWEDEN,Financial Conglomerates,6.0,22,6.7441860465116275,6.277,0.46684229651162745,0.46684229651162745,8.181818181818182,8.636363636363637,-0.45454545454545503,0.45454545454545503,8,9,-1,0.0008050538063124269,,0.0049433269831926875
2026-05-31,Lifco AB Class B,SE0015949201,TGN13R-R,West Europe,SWEDEN,Industrial Machinery,9.0,66,5.462962962962963,4.074,1.3887442129629628,1.3887442129629628,5.303030303030303,4.090909090909091,1.212121212121212,1.212121212121212,5,4,1,7.778442060990763e-05,,0.0004571859984455675
2026-05-31,Beijer Ref AB Class B,SE0015949748,MVN234-R,West Europe,SWEDEN,Wholesale Distributors,5.0,20,2.727272727272727,0.606,2.121315696022727,2.121315696022727,2.5,1.0,1.5,1.5,3,1,2,6.717840052674584e-05,,0.00036569349875664205
2026-05-31,Hexagon AB Class B,SE0015961909,LVVB64-R,West Europe,SWEDEN,Electronic Equipment/Instruments,16.0,18,3.4482758620689657,0.6895,2.7588227370689657,2.7588227370689657,2.7777777777777777,0.5555555555555556,2.2222222222222223,2.2222222222222223,3,1,2,0.00020267650158918647,,0.0013058229955602017
2026-05-31,NIBE Industrier AB Class B,SE0015988019,LP9QY3-R,West Europe,SWEDEN,Industrial Machinery,5.0,20,8.484848484848484,3.334,5.150864109848484,5.150864109848484,8.0,3.5,4.5,4.5,8,4,4,5.80746204553631e-05,,0.0003608273987731868
2026-05-31,Atlas Copco AB Class A,SE0017486889,LC28G5-R,West Europe,SWEDEN,Industrial Machinery,9.0,66,2.314814814814815,1.667,0.6478226273148149,0.6478226273148149,2.2727272727272725,2.121212121212121,0.15151515151515138,0.15151515151515138,2,2,0,0.0005388802042253597,,0.0032774829888565574
2026-05-31,Atlas Copco AB Class B,SE0017486897,S6QX8B-R,West Europe,SWEDEN,Industrial Machinery,9.0,66,3.055555555555556,2.5,0.5555555555555558,0.5555555555555558,3.1818181818181817,2.878787878787879,0.30303030303030276,0.30303030303030276,3,3,0,0.00028980230227233984,,
2026-05-31,Fastighets AB Balder Class B,SE0017832488,PB1Z9F-R,West Europe,SWEDEN,Real Estate Development,14.0,10,0.6666666666666666,0.3333,0.33341471354166663,0.33341471354166663,2.0,1.0,1.0,1.0,2,1,1,3.822023029968482e-05,,0.0002485221991550245
2026-05-31,Boliden AB,SE0020050417,TG9824-R,West Europe,SWEDEN,Other Metals/Minerals,3.0,13,1.3636363636363635,6.363,-4.999644886363637,4.999644886363637,2.307692307692308,7.6923076923076925,-5.384615384615385,5.384615384615385,2,8,-6,0.00019494400152855588,,0.0011736849960094708
2026-05-31,Saab AB Class B,SE0021921269,J9HWH0-R,West Europe,SWEDEN,Aerospace & Defense,9.0,66,7.870370370370371,2.314,5.555917245370371,5.555917245370371,7.878787878787879,2.5757575757575757,5.303030303030303,5.303030303030303,8,3,5,0.00020373480159748455,,0.0013148379955295508
2026-05-31,Octave Intelligence PLC Shs Swedish Depository Receipt Repr 1 Sh,SE0028329433,NZ8RMJ-R,West Europe,SWEDEN,Packaged Software,16.0,18,0.3448275862068966,1.379,-1.0340786637931034,1.0340786637931034,0.5555555555555556,1.6666666666666665,-1.111111111111111,1.111111111111111,1,2,-1,3.773315029586563e-05,,0.00024312159917338653
2026-05-31,Flex Ltd,SG9999000020,VVFLP6-R,North America,UNITED STATES,Electronic Production Equipment,16.0,91,2.9245283018867925,1.717,1.2077314268867925,1.2077314268867925,2.8571428571428568,1.8681318681318682,0.9890109890109886,0.9890109890109886,3,2,1,0.0006310768049482732,,
2026-05-31,Aflac Incorporated,US0010551028,XLY63V-R,North America,UNITED STATES,Multi-Line Insurance,10.0,23,2.5,4.0,-1.5,1.5,3.0434782608695654,4.3478260869565215,-1.304347826086956,1.304347826086956,3,5,-2,0.000588698004615981,0.0008066578966846361,
2026-05-31,AT&T Inc,US00206R1023,VLHKF9-R,North America,UNITED STATES,Wireless Telecommunications,17.0,13,7.647058823529411,3.846,3.8013556985294112,3.8013556985294112,10.0,3.8461538461538463,6.153846153846153,6.153846153846153,10,4,6,0.0019325380151530304,0.002672864989014525,
2026-05-31,"AST SpaceMobile, Inc. Class A",US00217D1000,KDCR1J-R,North America,UNITED STATES,Specialty Telecommunications,17.0,13,1.7647058823529413,2.309,-0.5438878676470587,0.5438878676470587,2.307692307692308,2.307692307692308,0.0,0.0,2,2,0,0.00030057710235682506,,
2026-05-31,Abbott Laboratories,US0028241000,SHNDLT-R,North America,UNITED STATES,Medical Specialties,8.0,57,2.0588235294117645,2.059,0.0002297794117644969,0.0002297794117644969,1.9298245614035086,2.1052631578947367,-0.17543859649122817,0.17543859649122817,2,2,0,0.0016618960130309265,0.0022914959905819517,
2026-05-31,"AbbVie, Inc.",US00287Y1091,C4HBRT-R,North America,UNITED STATES,Pharmaceuticals: Major,8.0,57,8.382352941176471,8.97,-0.586397058823529,0.586397058823529,8.421052631578947,8.771929824561402,-0.35087719298245545,0.35087719298245545,9,9,0,0.0042894320336334365,0.005923041975656297,
2026-05-31,Adobe Inc.,US00724F1012,DJC2TN-R,North America,UNITED STATES,Packaged Software,16.0,91,0.7547169811320754,3.232,-2.4777048938679247,2.4777048938679247,0.5494505494505495,3.076923076923077,-2.5274725274725274,2.5274725274725274,1,3,-2,0.001185460009295192,0.0016374029932702738,
2026-05-31,"Advanced Micro Devices, Inc.",US0079031078,RT66YK-R,North America,UNITED STATES,Semiconductors,16.0,91,4.433962264150944,4.848,-0.41369398584905603,0.41369398584905603,4.395604395604396,4.835164835164835,-0.4395604395604389,0.4395604395604389,5,5,0,0.00938226907356637,0.012959079946738181,
2026-05-31,"Affirm Holdings, Inc. Class A",US00827B1061,N7C73B-R,North America,UNITED STATES,Finance/Rental/Leasing,6.0,36,9.318181818181818,5.25,4.068181818181818,4.068181818181818,9.444444444444445,5.833333333333334,3.6111111111111107,3.6111111111111107,10,6,4,0.000231830001817779,,
2026-05-31,"Agilent Technologies, Inc.",US00846U1016,FWHC5K-R,North America,UNITED STATES,Medical Specialties,8.0,57,5.294117647058823,5.15,0.14568014705882337,0.14568014705882337,4.912280701754385,5.263157894736842,-0.35087719298245634,0.35087719298245634,5,5,0,0.00042266880331414606,0.0005880475975831243,
2026-05-31,"Airbnb, Inc. Class A",US0090661010,HZQYZZ-R,North America,UNITED STATES,Hotels/Resorts/Cruiselines,18.0,20,1.5384615384615385,4.617,-3.0787259615384617,3.0787259615384617,1.5,5.5,-4.0,4.0,2,6,-4,0.000636604904991619,0.0008680591964322766,
2026-05-31,"Air Products and Chemicals, Inc.",US0091581068,BV8JHF-R,North America,UNITED STATES,Chemicals: Specialty,4.0,8,5.454545454545454,4.0,1.4545454545454541,1.4545454545454541,6.25,3.75,2.5,2.5,6,4,2,0.0006571523051527311,0.0009582363960616484,
2026-05-31,Alliant Energy Corporation,US0188021085,KK1SFD-R,North America,UNITED STATES,Electric Utilities,19.0,32,4.634146341463415,1.765,2.869497903963415,2.869497903963415,4.6875,1.875,2.8125,2.8125,5,2,3,0.00021002920164683896,0.0002822837988398136,
2026-05-31,Allstate Corporation,US0200021014,BYJYYM-R,North America,UNITED STATES,Multi-Line Insurance,10.0,23,8.75,10.0,-1.25,1.25,10.0,10.0,0.0,0.0,10,10,0,0.0005928205046483055,0.0008236564966147717,
2026-05-31,"Alnylam Pharmaceuticals, Inc",US02043Q1076,NK6FVD-R,North America,UNITED STATES,Pharmaceuticals: Major,8.0,57,4.852941176470588,7.65,-2.795496323529412,2.795496323529412,4.385964912280701,7.368421052631579,-2.9824561403508776,2.9824561403508776,5,8,-3,0.0004455388034934697,,
2026-05-31,Alphabet Inc. Class C,US02079K1079,WFJYTJ-R,North America,UNITED STATES,Internet Software/Services,16.0,91,8.679245283018869,7.98,0.6987765330188687,0.6987765330188687,8.681318681318682,8.021978021978022,0.6593406593406606,0.6593406593406606,9,8,1,0.0194513201525178,0.02710536988859693,
2026-05-31,Alphabet Inc. Class A,US02079K3059,HTM0LK-R,North America,UNITED STATES,Internet Software/Services,16.0,91,8.773584905660378,7.574,1.1993661556603783,1.1993661556603783,8.791208791208792,7.582417582417582,1.2087912087912098,1.2087912087912098,9,8,1,0.024643870193232584,0.034094499859871605,
2026-05-31,"Altria Group, Inc.",US02209S1033,PN6Y00-R,North America,UNITED STATES,Tobacco,7.0,17,7.741935483870968,8.75,-1.008064516129032,1.008064516129032,7.647058823529411,8.823529411764707,-1.1764705882352953,1.1764705882352953,8,9,-1,0.0012909610101224252,0.0017967039926155466,
2026-05-31,"Amazon.com, Inc.",US0231351067,MCNYYL-R,North America,UNITED STATES,Internet Retail,15.0,28,7.631578947368421,7.332,0.29954769736842124,0.29954769736842124,7.857142857142857,7.5,0.35714285714285676,0.35714285714285676,8,8,0,0.02920901022902785,0.04070764983269155,
2026-05-31,Ameren Corporation,US0236081024,GRSDSK-R,North America,UNITED STATES,Electric Utilities,19.0,32,5.853658536585366,6.766,-0.9119664634146343,0.9119664634146343,6.25,7.1875,-0.9375,0.9375,6,7,-1,0.0003338457026176842,0.0004597363981104834,
2026-05-31,"American Electric Power Company, Inc.",US0255371017,D502G9-R,North America,UNITED STATES,Electric Utilities,19.0,32,3.1707317073170733,6.176,-3.0050495426829267,3.0050495426829267,3.125,6.5625,-3.4375,3.4375,3,7,-4,0.0007667123060117912,0.0010553859956623636,
2026-05-31,American Express Company,US0258161092,MVLTQZ-R,North America,UNITED STATES,Finance/Rental/Leasing,9.0,98,6.890756302521009,7.832,-0.9412749474789912,0.9412749474789912,6.63265306122449,8.061224489795919,-1.4285714285714288,1.4285714285714288,7,8,-1,0.0018859240147875301,0.002609022989276915,
2026-05-31,"American International Group, Inc.",US0268747849,VS59M7-R,North America,UNITED STATES,Multi-Line Insurance,10.0,23,6.875,6.4,0.4765625,0.4765625,8.695652173913043,6.956521739130435,1.7391304347826084,1.7391304347826084,9,7,2,0.0004376690034317626,0.0006118446974853183,
2026-05-31,American Tower Corporation,US03027X1000,DTKPJP-R,North America,UNITED STATES,Real Estate Investment Trusts,14.0,28,4.7368421052631575,4.57,0.16652960526315752,0.16652960526315752,5.0,4.285714285714286,0.7142857142857144,0.7142857142857144,5,4,1,0.0009667450075802475,0.00134890999445598,
2026-05-31,"American Water Works Company, Inc.",US0304201033,CFG1CD-R,North America,UNITED STATES,Water Utilities,19.0,32,5.365853658536586,3.234,2.1314786585365857,2.1314786585365857,5.625,3.4375,2.1875,2.1875,6,4,2,0.00026550590208183173,0.0003716474984725288,
2026-05-31,"Cencora, Inc.",US03073E1055,BK2FRW-R,North America,UNITED STATES,Medical Distributors,8.0,57,4.705882352941177,5.59,-0.8839613970588234,0.8839613970588234,4.2105263157894735,5.614035087719298,-1.4035087719298245,1.4035087719298245,4,6,-2,0.0005550892043524545,0.0008069902966832699,
2026-05-31,"Ameriprise Financial, Inc.",US03076C1062,SKZRLQ-R,North America,UNITED STATES,Investment Managers,6.0,36,2.5,7.0,-4.5,4.5,2.5,7.777777777777778,-5.277777777777778,5.277777777777778,3,8,-5,0.00047078400369141737,0.0006250863974308949,
2026-05-31,"AMETEK, Inc.",US0311001004,TMTGLT-R,North America,UNITED STATES,Electrical Products,9.0,98,5.798319327731093,2.83,2.968241202731093,2.968241202731093,5.612244897959183,2.9591836734693877,2.6530612244897953,2.6530612244897953,6,3,3,0.0005789856045398261,0.000803399996698026,
2026-05-31,Amgen Inc.,US0311621009,CYB1M0-R,North America,UNITED STATES,Biotechnology,8.0,57,5.441176470588235,8.086,-2.6447610294117654,2.6447610294117654,5.087719298245615,7.894736842105264,-2.807017543859649,2.807017543859649,5,8,-3,0.002022608015859269,0.0027919279885251762,
2026-05-31,Amphenol Corporation Class A,US0320951017,V2H5QG-R,North America,UNITED STATES,Electronic Components,16.0,91,6.320754716981131,8.79,-2.4683077830188687,2.4683077830188687,6.373626373626373,8.901098901098901,-2.5274725274725283,2.5274725274725283,7,9,-2,0.002039911015994942,0.0028167179884232892,
2026-05-31,"Analog Devices, Inc.",US0326541051,F17SJ1-R,North America,UNITED STATES,Semiconductors,16.0,91,9.245283018867925,8.586,0.6593455188679247,0.6593455188679247,9.230769230769232,8.681318681318682,0.5494505494505493,0.5494505494505493,9,9,0,0.00225061601764708,0.0031126959872068193,
2026-05-31,"Annaly Capital Management, Inc.",US0357108390,TSCJN6-R,North America,UNITED STATES,Real Estate Investment Trusts,14.0,28,3.947368421052632,8.29,-4.341694078947368,4.341694078947368,3.9285714285714284,8.214285714285714,-4.285714285714285,4.285714285714285,4,8,-4,0.00017648970138385575,,
2026-05-31,"Elevance Health, Inc.",US0367521038,VT66G5-R,North America,UNITED STATES,Managed Health Care,8.0,57,6.323529411764706,6.766,-0.4420955882352944,0.4420955882352944,6.140350877192983,6.491228070175438,-0.35087719298245545,0.35087719298245545,6,7,-1,0.000965194107568087,0.0013343299945159036,
2026-05-31,Apollo Global Management Inc,US03769M1062,VSC82Y-R,North America,UNITED STATES,Investment Managers,6.0,36,0.9090909090909092,1.25,-0.34090909090909083,0.34090909090909083,0.8333333333333333,1.3888888888888888,-0.5555555555555556,0.5555555555555556,1,2,-1,0.0006031351047291823,0.0009233832962048945,
2026-05-31,Apple Inc.,US0378331005,MH33D6-R,North America,UNITED STATES,Telecommunications Equipment,16.0,91,7.169811320754716,8.28,-1.1114386792452837,1.1114386792452837,7.142857142857143,8.351648351648352,-1.208791208791209,1.208791208791209,7,9,-2,0.05108312040054274,0.07054217971007164,
2026-05-31,"Applied Materials, Inc.",US0382221051,M0H6M5-R,North America,UNITED STATES,Industrial Machinery,16.0,91,1.2264150943396226,7.375,-6.148584905660377,6.148584905660377,1.098901098901099,7.362637362637363,-6.263736263736265,6.263736263736265,1,8,-7,0.003981917031222211,0.005500691977392156,
2026-05-31,AppLovin Corp. Class A,US03831W1080,B38P5P-R,North America,UNITED STATES,Packaged Software,16.0,91,4.150943396226415,7.88,-3.727962853773585,3.727962853773585,4.065934065934066,7.9120879120879115,-3.846153846153846,3.846153846153846,4,8,-4,0.0015684450122981771,0.0025617779894710926,
2026-05-31,Archer-Daniels-Midland Company,US0394831020,MQ119X-R,North America,UNITED STATES,Agricultural Commodities/Milling,7.0,17,9.354838709677418,9.164,0.19077620967741815,0.19077620967741815,9.411764705882353,9.411764705882353,0.0,0.0,10,10,0,0.0004304262033749718,0.000590275897573966,
2026-05-31,Ares Management Corporation,US03990B1017,FJ4S87-R,North America,UNITED STATES,Investment Managers,6.0,36,5.454545454545454,8.25,-2.795454545454546,2.795454545454546,5.555555555555555,8.88888888888889,-3.333333333333334,3.333333333333334,6,9,-3,0.0003038591023825592,0.00040787919832361647,
2026-05-31,Arista Networks Inc,US0404132054,TNZ6CZ-R,North America,UNITED STATES,Computer Peripherals,17.0,13,3.5294117647058827,7.69,-4.161994485294118,4.161994485294118,4.615384615384616,7.6923076923076925,-3.0769230769230766,3.0769230769230766,5,8,-3,0.0018994990148939717,0.0025346289895826746,
2026-05-31,"Astera Labs, Inc.",US04626A1034,GNVVGZ-R,North America,UNITED STATES,Semiconductors,16.0,91,0.4716981132075472,0.505,-0.033184699292452824,0.033184699292452824,0.2197802197802198,0.5494505494505495,-0.3296703296703297,0.3296703296703297,1,1,0,0.0005118645040135296,,
2026-05-31,Atlassian Corp Class A,US0494681010,CKPB3Z-R,North America,UNITED STATES,Packaged Software,16.0,91,5.09433962264151,4.547,0.5474646226415096,0.5474646226415096,5.164835164835165,4.5054945054945055,0.6593406593406597,0.6593406593406597,5,5,0,0.00019485210152783532,,
2026-05-31,Atmos Energy Corporation,US0495601058,FT7VMB-R,North America,UNITED STATES,Gas Distributors,19.0,32,7.317073170731707,8.53,-1.2141768292682933,1.2141768292682933,7.8125,8.4375,-0.625,0.625,8,9,-1,0.0003049499023911122,0.0004309740982286965,
2026-05-31,"Autodesk, Inc.",US0527691069,JXMLY8-R,North America,UNITED STATES,Packaged Software,16.0,91,9.056603773584905,5.355,3.7011350235849054,3.7011350235849054,9.010989010989011,5.384615384615384,3.626373626373627,3.626373626373627,9,6,3,0.0005412722042441153,0.0007537481969020948,
2026-05-31,"Automatic Data Processing, Inc.",US0530151036,TY202Q-R,North America,UNITED STATES,Packaged Software,9.0,98,3.1092436974789917,8.87,-5.757943802521009,5.757943802521009,3.0612244897959187,8.979591836734693,-5.9183673469387745,5.9183673469387745,3,9,-6,0.0009932989077884567,0.001374126994352338,
2026-05-31,"AutoZone, Inc.",US0533321024,JDQ0K1-R,North America,UNITED STATES,Specialty Stores,15.0,28,4.7368421052631575,3.334,1.4028577302631575,1.4028577302631575,4.642857142857143,3.2142857142857144,1.4285714285714288,1.4285714285714288,5,3,2,0.0005569881043673437,0.0007489092969219827,
2026-05-31,"AvalonBay Communities, Inc.",US0534841012,KMBRT0-R,North America,UNITED STATES,Real Estate Investment Trusts,14.0,28,5.0,4.855,0.14453125,0.14453125,5.357142857142857,4.642857142857143,0.7142857142857135,0.7142857142857135,6,5,1,0.0002843200022293531,0.00039880569836090856,
2026-05-31,Avery Dennison Corporation,US0536111091,KDJL0T-R,North America,UNITED STATES,Pulp & Paper,3.0,9,1.6666666666666665,2.309,-0.6419270833333335,0.6419270833333335,3.333333333333333,3.333333333333333,0.0,0.0,4,4,0,0.0001375969010788973,0.00018998679921915424,
2026-05-31,Axon Enterprise Inc,US05464C1018,RXMV9M-R,North America,UNITED STATES,Aerospace & Defense,9.0,98,0.1680672268907563,0.09436,0.07370687532825629,0.07370687532825629,0.2040816326530612,0.1020408163265306,0.1020408163265306,0.1020408163265306,1,1,0,0.000381592402992066,0.0005445163977620376,
2026-05-31,Baker Hughes Company Class A,US05722G1004,NFMH78-R,North America,UNITED STATES,Contract Drilling,12.0,23,2.2222222222222223,2.084,0.13823784722222232,0.13823784722222232,2.1739130434782608,2.1739130434782608,0.0,0.0,2,2,0,0.0007063581055385538,0.0009730637960007078,
2026-05-31,Ball Corporation,US0584981064,VFT0VQ-R,North America,UNITED STATES,Containers/Packaging,9.0,98,9.579831932773109,8.11,1.470456932773109,1.470456932773109,9.693877551020408,8.36734693877551,1.3265306122448983,1.3265306122448983,10,9,1,0.00016012830125556598,0.0002263862990695523,
2026-05-31,Bank of America Corp,US0605051046,DTKZ1Y-R,North America,UNITED STATES,Major Banks,2.0,15,9.200000000000001,8.234,0.9656250000000011,0.9656250000000011,10.0,8.666666666666668,1.3333333333333321,1.3333333333333321,10,9,1,0.003903266030605509,0.005270276978339161,
2026-05-31,Bank of New York Mellon Corp,US0640581007,DF9PT2-R,North America,UNITED STATES,Investment Banks/Brokers,6.0,36,9.09090909090909,8.75,0.34090909090908994,0.34090909090908994,9.166666666666666,9.166666666666666,0.0,0.0,9,9,0,0.0010645720083473091,0.001476109993933188,
2026-05-31,"Becton, Dickinson and Company",US0758871091,WFLMHL-R,North America,UNITED STATES,Medical Specialties,8.0,57,7.647058823529411,7.793,-0.14590992647058876,0.14590992647058876,7.543859649122807,7.543859649122807,0.0,0.0,8,8,0,0.0004547891035660013,0.0006437944973540046,
2026-05-31,W. R. Berkley Corporation,US0844231029,QLRPKF-R,North America,UNITED STATES,Multi-Line Insurance,10.0,23,3.4375,2.8,0.63671875,0.63671875,4.3478260869565215,3.0434782608695654,1.304347826086956,1.304347826086956,5,3,2,0.00015917780124811312,0.000290008998808063,
2026-05-31,Berkshire Hathaway Inc. Class B,US0846707026,DBNXVB-R,North America,UNITED STATES,Property/Casualty Insurance,6.0,36,2.9545454545454546,2.0,0.9545454545454546,0.9545454545454546,3.055555555555556,2.2222222222222223,0.8333333333333335,0.8333333333333335,3,2,1,0.007353016057654998,0.013395399944944906,
2026-05-31,"Best Buy Co., Inc.",US0865161014,WPKF66-R,North America,UNITED STATES,Electronics/Appliance Stores,15.0,28,4.2105263157894735,8.0,-3.7894736842105265,3.7894736842105265,4.285714285714286,8.214285714285714,-3.928571428571428,3.928571428571428,4,8,-4,0.00017473430137009165,0.00023526789903304893,
2026-05-31,Biogen Inc.,US09062X1037,HF5SX1-R,North America,UNITED STATES,Pharmaceuticals: Major,8.0,57,3.6764705882352944,3.234,0.4420955882352944,0.4420955882352944,3.333333333333333,3.333333333333333,0.0,0.0,4,4,0,0.00031770870249115394,0.0004447603981720348,
2026-05-31,Blackstone Inc.,US09260D1072,VLH7Z4-R,North America,UNITED STATES,Investment Managers,6.0,36,3.6363636363636367,3.0,0.6363636363636367,0.6363636363636367,3.888888888888889,3.333333333333333,0.5555555555555558,0.5555555555555558,4,4,0,0.0009472673074275229,0.001348936994455869,
2026-05-31,"BlackRock, Inc.",US09290D1019,RPNJRM-R,North America,UNITED STATES,Investment Managers,6.0,36,5.6818181818181825,3.25,2.4318181818181825,2.4318181818181825,5.833333333333334,3.611111111111111,2.2222222222222228,2.2222222222222228,6,4,2,0.0017179470134704223,0.0023251609904435884,
2026-05-31,Bloom Energy Corporation Class A,US0937121079,M6C8HP-R,North America,UNITED STATES,Electronic Production Equipment,16.0,91,5.754716981132075,6.26,-0.5070017688679247,0.5070017688679247,5.934065934065934,6.263736263736264,-0.3296703296703294,0.3296703296703294,6,6,0,0.0008260857064773381,,
2026-05-31,Boeing Company,US0970231058,RXHN9P-R,North America,UNITED STATES,Aerospace & Defense,9.0,98,5.7142857142857135,3.49,2.2240513392857135,2.2240513392857135,5.5102040816326525,3.673469387755102,1.8367346938775504,1.8367346938775504,6,4,2,0.0019291090151261436,0.0027982459884992087,
2026-05-31,Booking Holdings Inc.,US09857L1089,LC0H1H-R,North America,UNITED STATES,Other Consumer Services,18.0,20,1.9230769230769231,8.08,-6.155048076923077,6.155048076923077,2.0,8.5,-6.5,6.5,2,9,-7,0.0014699830115261366,0.002080173991450485,
2026-05-31,Boston Scientific Corporation,US1011371077,VR16P9-R,North America,UNITED STATES,Medical Specialties,8.0,57,3.088235294117647,6.47,-3.380514705882353,3.380514705882353,2.631578947368421,6.140350877192983,-3.508771929824562,3.508771929824562,3,6,-3,0.0007992931062672572,0.0011042009954617337,
2026-05-31,Bristol-Myers Squibb Company,US1101221083,L8SKLT-R,North America,UNITED STATES,Pharmaceuticals: Major,8.0,57,8.235294117647058,8.234,0.0009191176470579876,0.0009191176470579876,8.24561403508772,8.070175438596491,0.17543859649122773,0.17543859649122773,8,8,0,0.0012977260101754695,0.0017949629926227021,
2026-05-31,"Broadridge Financial Solutions, Inc.",US11133T1034,MXZ7RW-R,North America,UNITED STATES,Information Technology Services,6.0,36,3.4090909090909087,5.5,-2.0909090909090913,2.0909090909090913,3.611111111111111,6.111111111111112,-2.5000000000000004,2.5000000000000004,4,6,-2,0.00020202250158405844,0.00027791569885776647,
2026-05-31,Broadcom Inc.,US11135F1012,B81TLL-R,North America,UNITED STATES,Semiconductors,16.0,91,6.415094339622641,8.38,-1.967718160377359,1.967718160377359,6.483516483516484,8.461538461538462,-1.978021978021978,1.978021978021978,7,9,-2,0.02240787017570011,0.03261494986595256,
2026-05-31,"Brown & Brown, Inc.",US1152361010,J06Y9S-R,North America,UNITED STATES,Insurance Brokers/Services,10.0,23,5.0,0.8,4.2001953125,4.2001953125,6.521739130434783,0.8695652173913043,5.6521739130434785,5.6521739130434785,7,1,6,0.00018185000142588586,0.00025436029895457916,
2026-05-31,"Burlington Stores, Inc.",US1220171060,VL607C-R,North America,UNITED STATES,Apparel/Footwear Retail,15.0,28,8.421052631578947,8.336,0.0851151315789469,0.0851151315789469,8.571428571428571,8.571428571428571,0.0,0.0,9,9,0,0.0002287265017934445,,
2026-05-31,Cboe Global Markets Inc,US12503M1080,G3949H-R,North America,UNITED STATES,Investment Banks/Brokers,6.0,36,5.0,4.5,0.5,0.5,5.277777777777778,5.0,0.2777777777777777,0.2777777777777777,5,5,0,0.0003917152030714389,0.000536954497793117,
2026-05-31,"CBRE Group, Inc. Class A",US12504L1098,S26JJL-R,North America,UNITED STATES,Real Estate Development,14.0,28,1.8421052631578947,6.0,-4.157894736842105,4.157894736842105,1.4285714285714284,5.7142857142857135,-4.285714285714285,4.285714285714285,2,6,-4,0.00041923870328725065,0.0005580986977062143,
2026-05-31,CDW Corporation,US12514G1085,RTXD8D-R,North America,UNITED STATES,Information Technology Services,16.0,91,6.886792452830188,5.254,1.6328862028301883,1.6328862028301883,6.923076923076923,5.274725274725275,1.6483516483516487,1.6483516483516487,7,5,2,0.00017971500140914534,0.0002537271989571812,
2026-05-31,"CF Industries Holdings, Inc.",US1252691001,D1P43P-R,North America,UNITED STATES,Chemicals: Agricultural,4.0,8,7.272727272727273,9.0,-1.7272727272727266,1.7272727272727266,8.75,8.75,0.0,0.0,9,9,0,0.00018984760148859503,0.0002707934988870387,
2026-05-31,"C.H. Robinson Worldwide, Inc.",US12541W2098,FMDS8D-R,North America,UNITED STATES,Air Freight/Couriers,9.0,98,4.201680672268908,7.36,-3.1576943277310923,3.1576943277310923,3.979591836734694,7.551020408163264,-3.5714285714285703,3.5714285714285703,4,8,-4,0.00023211030181997686,0.00032719869865521333,
2026-05-31,Cigna Group,US1255231003,LTN366-R,North America,UNITED STATES,Managed Health Care,8.0,57,7.794117647058823,9.56,-1.7683823529411766,1.7683823529411766,7.719298245614034,9.473684210526315,-1.7543859649122808,1.7543859649122808,8,10,-2,0.0008090015063433808,0.0011239809953804381,
2026-05-31,CME Group Inc. Class A,US12572Q1058,GGPDYX-R,North America,UNITED STATES,Investment Banks/Brokers,6.0,36,4.772727272727273,9.25,-4.477272727272727,4.477272727272727,5.0,9.722222222222221,-4.722222222222221,4.722222222222221,5,10,-5,0.0011042120086581263,0.0015180389937608596,
2026-05-31,CMS Energy Corporation,US1258961002,D68983-R,North America,UNITED STATES,Electric Utilities,19.0,32,2.4390243902439024,3.824,-1.3851943597560976,1.3851943597560976,2.1875,4.0625,-1.875,1.875,2,4,-2,0.00024287520190438444,0.00034252309859223004,
2026-05-31,CSX Corporation,US1264081035,LTP0Z2-R,North America,UNITED STATES,Railroads,9.0,98,8.65546218487395,7.547,1.1085871848739508,1.1085871848739508,8.673469387755102,7.755102040816326,0.9183673469387754,0.9183673469387754,9,8,1,0.000923135707238307,0.0012991239946606005,
2026-05-31,CVS Health Corporation,US1266501006,JTC04X-R,North America,UNITED STATES,Drugstore Chains,15.0,28,8.68421052631579,6.0,2.6842105263157894,2.6842105263157894,8.928571428571429,6.071428571428571,2.8571428571428577,2.8571428571428577,9,6,3,0.0012854950100795665,0.001782171992675273,
2026-05-31,"Cadence Design Systems, Inc.",US1273871087,X1SCTR-R,North America,UNITED STATES,Packaged Software,16.0,91,1.320754716981132,1.111,0.209426591981132,0.209426591981132,1.2087912087912087,1.2087912087912087,0.0,0.0,1,1,0,0.0011516340090299622,0.0015739319935311395,
2026-05-31,Capital One Financial Corp,US14040H1059,LD0WYZ-R,North America,UNITED STATES,Major Banks,9.0,98,5.882352941176471,3.963,1.919462316176471,1.919462316176471,5.7142857142857135,4.081632653061225,1.632653061224489,1.632653061224489,6,4,2,0.0012607320098853997,0.0018078769925696254,
2026-05-31,"Cardinal Health, Inc.",US14149Y1082,FYT41X-R,North America,UNITED STATES,Medical Distributors,8.0,57,8.970588235294118,9.414,-0.44347426470588225,0.44347426470588225,8.947368421052632,9.298245614035087,-0.35087719298245545,0.35087719298245545,9,9,0,0.0005109691040065087,0.0007118385970743433,
2026-05-31,Carlisle Companies Incorporated,US1423391002,TMVLRW-R,North America,UNITED STATES,Building Products,5.0,13,1.1111111111111112,4.285,-3.174045138888889,3.174045138888889,1.5384615384615385,4.615384615384616,-3.0769230769230775,3.0769230769230775,2,5,-3,0.00016932050132764204,,
2026-05-31,Carlyle Group Inc,US14316J1088,K36637-R,North America,UNITED STATES,Investment Managers,6.0,36,1.8181818181818183,1.5,0.31818181818181834,0.31818181818181834,1.6666666666666665,1.6666666666666665,0.0,0.0,2,2,0,0.00013018510102078137,,
2026-05-31,Carrier Global Corp.,US14448C1045,RYTJNF-R,North America,UNITED STATES,Industrial Machinery,5.0,13,1.6666666666666665,0.7144,0.9523111979166665,0.9523111979166665,2.307692307692308,0.7692307692307693,1.5384615384615388,1.5384615384615388,3,1,2,0.0005360284042029987,0.0007712121968303178,
2026-05-31,Carvana Co. Class A,US1468691027,R5WR5K-R,North America,UNITED STATES,Specialty Stores,15.0,28,0.7894736842105263,1.333,-0.5435341282894737,0.5435341282894737,0.7142857142857142,1.0714285714285714,-0.3571428571428572,0.3571428571428572,1,1,0,0.0005243220041112088,0.000797581996721938,
2026-05-31,"Casey's General Stores, Inc.",US1475281036,RQSKKH-R,North America,UNITED STATES,Specialty Stores,15.0,28,7.368421052631579,5.668,1.7004523026315788,1.7004523026315788,7.5,5.7142857142857135,1.7857142857142865,1.7857142857142865,8,6,2,0.00032229540252711825,0.0004364710982061038,
2026-05-31,Caterpillar Inc.,US1491231015,PY5KHK-R,North America,UNITED STATES,Trucks/Construction/Farm Machinery,9.0,98,7.73109243697479,6.98,0.75062368697479,0.75062368697479,7.551020408163264,7.142857142857143,0.4081632653061211,0.4081632653061211,8,7,1,0.004541474035609698,0.006273241974216975,
2026-05-31,Centene Corporation,US15135B1017,LTSNXH-R,North America,UNITED STATES,Managed Health Care,8.0,57,0.29411764705882354,0.7354,-0.44123391544117646,0.44123391544117646,0.3508771929824561,0.8771929824561403,-0.5263157894736842,0.5263157894736842,1,1,0,0.0003318804026022742,0.0004285852982385144,
2026-05-31,"CenterPoint Energy, Inc.",US15189T1079,FV824M-R,North America,UNITED STATES,Electric Utilities,19.0,32,3.6585365853658534,1.471,2.1878334603658534,2.1878334603658534,3.4375,1.5625,1.875,1.875,4,2,2,0.00029860440234135707,0.0004242539982563161,
2026-05-31,"Charter Communications, Inc. Class A",US16119P1084,F1B8CH-R,North America,UNITED STATES,Cable/Satellite TV,17.0,13,1.1764705882352942,1.538,-0.36161534926470584,0.36161534926470584,1.5384615384615385,1.5384615384615385,0.0,0.0,2,2,0,0.00013223630103686483,0.00018992909921939141,
2026-05-31,"Cheniere Energy, Inc.",US16411R2085,WQPCW0-R,North America,UNITED STATES,Oil & Gas Pipelines,12.0,23,0.8333333333333333,0.4167,0.41658528645833326,0.41658528645833326,0.8695652173913043,0.43478260869565216,0.43478260869565216,0.43478260869565216,1,1,0,0.000530214904157415,,
2026-05-31,Expand Energy Corporation,US1651677353,TRVJHK-R,North America,UNITED STATES,Integrated Oil,12.0,23,8.88888888888889,10.0,-1.1111111111111107,1.1111111111111107,9.130434782608695,10.0,-0.8695652173913047,0.8695652173913047,9,10,-1,0.00025545370200301246,0.00034170869859557725,
2026-05-31,Chevron Corporation,US1667641005,WPFS7S-R,North America,UNITED STATES,Integrated Oil,12.0,23,8.61111111111111,9.164,-0.5529513888888893,0.5529513888888893,8.695652173913043,9.130434782608695,-0.43478260869565233,0.43478260869565233,9,9,0,0.003770020029560727,0.005264709978362042,
2026-05-31,"Chipotle Mexican Grill, Inc.",US1696561059,KFQHFG-R,North America,UNITED STATES,Restaurants,18.0,20,1.153846153846154,3.46,-2.307091346153846,2.307091346153846,1.0,4.0,-3.0,3.0,1,4,-3,0.00046704680366211395,0.0006375812973795408,
2026-05-31,"Church & Dwight Co., Inc.",US1713401024,SHRZF5-R,North America,UNITED STATES,Household/Personal Care,13.0,15,8.5,3.889,4.611328125,4.611328125,9.333333333333334,4.666666666666667,4.666666666666667,4.666666666666667,10,5,5,0.0002462210019306189,0.0003470264985737211,
2026-05-31,Ciena Corporation,US1717793095,V4RQ7N-R,North America,UNITED STATES,Telecommunications Equipment,17.0,13,0.5882352941176471,0.769,-0.18080767463235292,0.18080767463235292,0.7692307692307693,0.7692307692307693,0.0,0.0,1,1,0,0.0009124482071545064,0.0012566709948350822,
2026-05-31,Cincinnati Financial Corporation,US1720621010,PKY50L-R,North America,UNITED STATES,Multi-Line Insurance,10.0,23,7.8125,8.8,-0.984375,0.984375,9.130434782608695,8.695652173913043,0.43478260869565233,0.43478260869565233,9,9,0,0.0002579000020221939,0.00037953429844011404,
2026-05-31,"Circle Internet Group, Inc. Class A",US1725731079,J72S3D-R,North America,UNITED STATES,Packaged Software,16.0,91,2.2641509433962264,1.414,0.8500884433962264,0.8500884433962264,2.307692307692308,1.5384615384615385,0.7692307692307694,0.7692307692307694,3,2,1,0.00018600830145849108,,
2026-05-31,"Cisco Systems, Inc.",US17275R1023,GFJC62-R,North America,UNITED STATES,Telecommunications Equipment,17.0,13,4.117647058823529,6.92,-2.804227941176471,2.804227941176471,5.384615384615384,6.923076923076923,-1.5384615384615392,1.5384615384615392,6,7,-1,0.00530081504156369,0.007323814969899121,
2026-05-31,Cintas Corporation,US1729081059,F07Q7W-R,North America,UNITED STATES,Miscellaneous Commercial Services,9.0,98,1.2605042016806722,1.038,0.22241826418067223,0.22241826418067223,1.0204081632653061,1.0204081632653061,0.0,0.0,1,1,0,0.0006605944051797206,0.0008951923963207593,
2026-05-31,Citigroup Inc.,US1729674242,RK3DL5-R,North America,UNITED STATES,Major Banks,2.0,15,8.0,9.414,-1.4140625,1.4140625,8.0,9.333333333333334,-1.333333333333334,1.333333333333334,8,10,-2,0.0023995010188144874,0.0033870859860790766,
2026-05-31,"Citizens Financial Group, Inc.",US1746101054,WDG05S-R,North America,UNITED STATES,Major Banks,2.0,15,8.4,7.06,1.3414062500000004,1.3414062500000004,8.666666666666668,7.333333333333333,1.3333333333333348,1.3333333333333348,9,8,1,0.0002975228023328763,0.00040575269833235635,
2026-05-31,Clorox Company,US1890541097,CJVKH9-R,North America,UNITED STATES,Household/Personal Care,13.0,15,8.0,8.336,-0.3359375,0.3359375,8.666666666666668,9.333333333333334,-0.6666666666666661,0.6666666666666661,9,10,-1,0.00011604440090990415,0.00016803399930938025,
2026-05-31,Cloudflare Inc Class A,US18915M1071,D62DP7-R,North America,UNITED STATES,Information Technology Services,16.0,91,1.8867924528301887,0.303,1.5838139372051887,1.5838139372051887,1.8681318681318682,0.32967032967032966,1.5384615384615385,1.5384615384615385,2,1,1,0.000839160206579855,,
2026-05-31,Coca-Cola Company,US1912161007,CYB6Y5-R,North America,UNITED STATES,Beverages: Non-Alcoholic,7.0,17,1.6129032258064515,4.168,-2.5550655241935485,2.5550655241935485,1.7647058823529413,5.882352941176471,-4.11764705882353,4.11764705882353,2,6,-4,0.0034283760268818964,0.004710063980641637,
2026-05-31,"Coeur Mining, Inc.",US1921085049,L0NQ8G-R,North America,UNITED STATES,Precious Metals,3.0,9,2.0,6.152,-4.15234375,4.15234375,4.444444444444445,7.777777777777778,-3.333333333333333,3.333333333333333,5,8,-3,0.00021952990172133393,,
2026-05-31,Cognizant Technology Solutions Corporation Class A,US1924461023,NT38T5-R,North America,UNITED STATES,Information Technology Services,16.0,91,6.981132075471698,3.535,3.445975825471698,3.445975825471698,7.032967032967034,3.406593406593407,3.626373626373627,3.626373626373627,7,4,3,0.00030292620237524435,0.00040922729831807577,
2026-05-31,Coherent Corp.,US19247G1076,C5CHD4-R,North America,UNITED STATES,Semiconductors,16.0,91,6.509433962264151,6.465,0.04459021226415061,0.04459021226415061,6.593406593406593,6.483516483516484,0.1098901098901095,0.1098901098901095,7,7,0,0.0007232504056710064,0.0010439039957095544,
2026-05-31,"Coinbase Global, Inc. Class A",US19260Q1076,M4KVD8-R,North America,UNITED STATES,Investment Banks/Brokers,6.0,36,0.4545454545454546,0.25,0.20454545454545459,0.20454545454545459,0.5555555555555556,0.2777777777777778,0.2777777777777778,0.2777777777777778,1,1,0,0.0004375389034307425,0.0006479688973368478,
2026-05-31,Colgate-Palmolive Company,US1941621039,H1PMLS-R,North America,UNITED STATES,Household/Personal Care,13.0,15,3.5,2.777,0.72265625,0.72265625,4.666666666666667,3.333333333333333,1.333333333333334,1.333333333333334,5,4,1,0.0007584457059469727,0.0011167059954103383,
2026-05-31,"Comfort Systems USA, Inc.",US1999081045,FR01GT-R,North America,UNITED STATES,Engineering & Construction,5.0,13,8.333333333333334,7.855,0.4778645833333339,0.4778645833333339,10.0,7.6923076923076925,2.3076923076923075,2.3076923076923075,10,8,2,0.000716480805617926,0.0009923757959213356,
2026-05-31,Comcast Corporation Class A,US20030N1019,JMNLQC-R,North America,UNITED STATES,Cable/Satellite TV,17.0,13,2.9411764705882355,5.383,-2.4416360294117645,2.4416360294117645,3.8461538461538463,5.384615384615384,-1.5384615384615379,1.5384615384615379,4,6,-2,0.000989882807761671,0.0013732779943558275,
2026-05-31,ConocoPhillips,US20825C1045,TWXW2R-R,North America,UNITED STATES,Oil & Gas Production,12.0,23,5.833333333333334,5.0,0.8333333333333339,0.8333333333333339,5.217391304347826,5.217391304347826,0.0,0.0,5,5,0,0.0015551500121939311,0.0021495759911652427,
2026-05-31,"Consolidated Edison, Inc.",US2091151041,X0N4MP-R,North America,UNITED STATES,Electric Utilities,19.0,32,8.536585365853659,8.82,-0.283727134146341,0.283727134146341,8.75,8.75,0.0,0.0,9,9,0,0.0004262187033419808,0.000588454497581452,
2026-05-31,"Constellation Brands, Inc. Class A",US21036P1084,RK3HS8-R,North America,UNITED STATES,Beverages: Alcoholic,7.0,17,2.5806451612903225,2.916,-0.3353704637096775,0.3353704637096775,2.9411764705882355,4.117647058823529,-1.1764705882352935,1.1764705882352935,3,4,-1,0.00022246170174432218,0.0003023952987571553,
2026-05-31,Constellation Energy Corporation,US21037T1097,V2PDWL-R,North America,UNITED STATES,Electric Utilities,19.0,32,0.975609756097561,0.5884,0.38723084984756095,0.38723084984756095,0.3125,0.625,-0.3125,0.3125,1,1,0,0.0009897479077606134,0.0013796859943294906,
2026-05-31,"Cooper Companies, Inc.",US2166485019,T7H5H1-R,North America,UNITED STATES,Medical Specialties,8.0,57,3.8235294117647056,1.323,2.5002872242647056,2.5002872242647056,3.508771929824561,1.2280701754385963,2.280701754385965,2.280701754385965,4,1,3,0.00014054340110200082,0.00018334389924645655,
2026-05-31,"Copart, Inc.",US2172041061,DJBQ39-R,North America,UNITED STATES,Specialty Stores,15.0,28,5.0,4.668,0.33203125,0.33203125,5.0,4.642857142857143,0.35714285714285676,0.35714285714285676,5,5,0,0.00032970660258522947,0.00044931669815330834,
2026-05-31,"Corebridge Financial, Inc.",US21871X1090,L6LK9D-R,North America,UNITED STATES,Life/Health Insurance,10.0,23,0.9375,3.6,-2.662109375,2.662109375,1.3043478260869565,3.9130434782608696,-2.608695652173913,2.608695652173913,1,4,-3,6.875556053911235e-05,,
2026-05-31,"CoreWeave, Inc. Class A",US21873S1087,JKGNXC-R,North America,UNITED STATES,Packaged Software,16.0,91,0.9433962264150944,0.202,0.7413698592275944,0.7413698592275944,0.7692307692307693,0.2197802197802198,0.5494505494505495,0.5494505494505495,1,1,0,0.0003321613026044768,,
2026-05-31,Corning Inc,US2193501051,K24537-R,North America,UNITED STATES,Electronic Components,16.0,91,2.641509433962264,8.89,-6.2491155660377355,6.2491155660377355,2.6373626373626373,9.010989010989011,-6.373626373626374,6.373626373626374,3,9,-6,0.0016066520125977584,0.002175736991057721,
2026-05-31,"Corpay, Inc.",US2199481068,WGXV7D-R,North America,UNITED STATES,Miscellaneous Commercial Services,9.0,98,4.621848739495799,6.605,-1.9836200105042012,1.9836200105042012,4.387755102040816,6.836734693877551,-2.4489795918367347,2.4489795918367347,5,7,-2,0.0002609195020458698,0.00039113919839241793,
2026-05-31,Corteva Inc,US22052L1044,NHV4Q7-R,North America,UNITED STATES,Agricultural Commodities/Milling,7.0,17,6.774193548387096,3.75,3.024193548387096,3.024193548387096,7.058823529411765,5.294117647058823,1.764705882352942,1.764705882352942,7,5,2,0.0005903365046288285,0.0008092635966739266,
2026-05-31,Costco Wholesale Corporation,US22160K1051,BL5KVX-R,North America,UNITED STATES,Specialty Stores,15.0,28,6.315789473684211,5.332,0.9837582236842106,0.9837582236842106,6.428571428571429,5.357142857142857,1.071428571428572,1.071428571428572,7,6,1,0.004725411037051948,0.006536984973132991,
2026-05-31,"CoStar Group, Inc.",US22160N1090,G39YR4-R,North America,UNITED STATES,Internet Software/Services,14.0,28,1.3157894736842104,0.2856,1.0301449424342104,1.0301449424342104,0.7142857142857142,0.3571428571428571,0.3571428571428571,0.3571428571428571,1,1,0,0.00014947020117199585,0.0002111760991320662,
2026-05-31,"CrowdStrike Holdings, Inc. Class A",US22788C1053,T89H9B-R,North America,UNITED STATES,Packaged Software,16.0,91,1.6037735849056602,0.808,0.7956681161556602,0.7956681161556602,1.5384615384615385,0.8791208791208792,0.6593406593406593,0.6593406593406593,2,1,1,0.0020098910157595553,0.002841883988319857,
2026-05-31,Crown Castle Inc.,US22822V1017,C8WF4C-R,North America,UNITED STATES,Real Estate Investment Trusts,14.0,28,6.842105263157895,6.57,0.2717927631578947,0.2717927631578947,7.142857142857143,6.071428571428571,1.071428571428572,1.071428571428572,7,6,1,0.00044106940345842513,0.0006141869974756914,
2026-05-31,Cummins Inc.,US2310211063,CPCW2Z-R,North America,UNITED STATES,Auto Parts: OEM,9.0,98,6.806722689075631,8.68,-1.872964810924369,1.872964810924369,6.530612244897958,8.877551020408163,-2.3469387755102042,2.3469387755102042,7,9,-2,0.0009923732077811982,0.0013752319943477966,
2026-05-31,Curtiss-Wright Corporation,US2315611010,S5KTFG-R,North America,UNITED STATES,Aerospace & Defense,9.0,98,4.285714285714286,2.64,1.6450892857142856,1.6450892857142856,4.081632653061225,2.7551020408163263,1.3265306122448983,1.3265306122448983,4,3,1,0.00030113430236119407,,
2026-05-31,"D.R. Horton, Inc.",US23331A1097,BYNP13-R,North America,UNITED STATES,Homebuilding,13.0,15,4.5,3.334,1.166015625,1.166015625,6.0,4.0,2.0,2.0,6,4,2,0.00043157280338396235,0.0006087358974980954,
2026-05-31,DTE Energy Company,US2333311072,W6N4JC-R,North America,UNITED STATES,Electric Utilities,19.0,32,5.609756097560976,2.059,3.551162347560976,3.551162347560976,5.9375,2.1875,3.75,3.75,6,2,4,0.00032675070256205226,0.00045629459812462914,
2026-05-31,Danaher Corporation,US2358511028,GRMY8C-R,North America,UNITED STATES,Medical Specialties,8.0,57,5.882352941176471,1.617,4.265165441176471,4.265165441176471,5.614035087719298,1.5789473684210527,4.035087719298245,4.035087719298245,6,2,4,0.0012939820101461128,0.0017710579927209516,
2026-05-31,"Darden Restaurants, Inc.",US2371941053,GRS9LG-R,North America,UNITED STATES,Restaurants,18.0,20,3.8461538461538463,4.23,-0.38431490384615374,0.38431490384615374,4.5,5.0,-0.5,0.5,5,5,0,0.0002495070019563844,0.00036000859852036466,
2026-05-31,"Datadog, Inc. Class A",US23804L1035,NFDT4N-R,North America,UNITED STATES,Packaged Software,16.0,91,4.339622641509434,1.01,3.3298570165094343,3.3298570165094343,4.285714285714286,1.098901098901099,3.1868131868131866,3.1868131868131866,4,1,3,0.0008610753067516914,0.0012539699948461835,
2026-05-31,Deckers Outdoor Corporation,US2435371073,VWFJP7-R,North America,UNITED STATES,Apparel/Footwear,13.0,15,0.5,6.11,-5.609375,5.609375,0.6666666666666666,7.333333333333333,-6.666666666666666,6.666666666666666,1,8,-7,0.0001795295014076908,0.0002472006989840051,
2026-05-31,Deere & Company,US2441991054,J70ZTV-R,North America,UNITED STATES,Trucks/Construction/Farm Machinery,9.0,98,6.554621848739496,1.415,5.139582786239496,5.139582786239496,6.326530612244898,1.4285714285714284,4.8979591836734695,4.8979591836734695,7,2,5,0.0014792530115988228,0.002107300991338993,
2026-05-31,"Dell Technologies, Inc. Class C",US24703L2025,MT8FDR-R,North America,UNITED STATES,Computer Processing Hardware,16.0,91,9.622641509433961,9.195,0.42732900943396146,0.42732900943396146,9.56043956043956,9.230769230769232,0.3296703296703285,0.3296703296703285,10,9,1,0.0014151500110961912,0.0019224839920985908,
2026-05-31,"Delta Air Lines, Inc.",US2473617023,DGBZCC-R,North America,UNITED STATES,Airlines,18.0,20,6.923076923076923,3.076,3.8469050480769234,3.8469050480769234,7.0,3.5,3.5,3.5,7,4,3,0.0001516560011891347,0.0008264546966032712,
2026-05-31,Devon Energy Corporation,US25179M1036,G8WDMZ-R,North America,UNITED STATES,Integrated Oil,12.0,23,4.444444444444445,5.832,-1.3875868055555554,1.3875868055555554,3.0434782608695654,6.086956521739131,-3.0434782608695654,3.0434782608695654,3,6,-3,0.0005480644042973729,0.0007887101967584011,
2026-05-31,"DexCom, Inc.",US2521311074,BNJBN6-R,North America,UNITED STATES,Medical Specialties,8.0,57,7.205882352941177,8.38,-1.1769301470588234,1.1769301470588234,7.192982456140351,8.24561403508772,-1.0526315789473681,1.0526315789473681,7,8,-1,0.0003098191024292916,0.00043535659821068435,
2026-05-31,"Diamondback Energy, Inc.",US25278X1090,H69CWS-R,North America,UNITED STATES,Oil & Gas Production,12.0,23,7.222222222222222,5.418,1.8042534722222223,1.8042534722222223,6.956521739130435,5.652173913043478,1.304347826086957,1.304347826086957,7,6,1,0.000407917103198478,0.0005726092976465758,
2026-05-31,"Dick's Sporting Goods, Inc.",US2533931026,K8ZVRV-R,North America,UNITED STATES,Specialty Stores,15.0,28,2.3684210526315788,4.332,-1.9636101973684212,1.9636101973684212,2.142857142857143,4.285714285714286,-2.142857142857143,2.142857142857143,2,4,-2,0.00015076440118214367,,
2026-05-31,"Digital Realty Trust, Inc.",US2538681030,RBJXH6-R,North America,UNITED STATES,Real Estate Investment Trusts,14.0,28,8.68421052631579,1.143,7.541632401315789,7.541632401315789,8.571428571428571,1.4285714285714284,7.142857142857142,7.142857142857142,9,2,7,0.0007276817057057522,0.0009479808961037985,
2026-05-31,Walt Disney Company,US2546871060,MPXJMM-R,North America,UNITED STATES,Movies/Entertainment,11.0,11,6.111111111111112,4.445,1.6657986111111116,1.6657986111111116,6.363636363636363,4.545454545454545,1.8181818181818183,1.8181818181818183,7,5,2,0.00200574801572707,0.002777053988586308,
2026-05-31,Dollar General Corporation,US2566771059,BDQDB8-R,North America,UNITED STATES,Discount Stores,15.0,28,5.526315789473685,3.666,1.860300164473685,1.860300164473685,5.7142857142857135,3.5714285714285716,2.142857142857142,2.142857142857142,6,4,2,0.0002708384021236439,0.00037442399846111736,
2026-05-31,"Dollar Tree, Inc.",US2567461080,MR0PSP-R,North America,UNITED STATES,Discount Stores,15.0,28,3.6842105263157894,6.668,-2.9837582236842106,2.9837582236842106,3.5714285714285716,6.7857142857142865,-3.214285714285715,3.214285714285715,4,7,-3,0.00024660080193359687,0.0003299017986441036,
2026-05-31,Dominion Energy Inc,US25746U1097,NXHLP0-R,North America,UNITED STATES,Electric Utilities,19.0,32,4.878048780487805,2.646,2.2315644054878048,2.2315644054878048,5.0,2.8125,2.1875,2.1875,5,3,2,0.0006517893051106798,0.0008809402963793354,
2026-05-31,"Domino's Pizza, Inc.",US25754A2015,F05QG0-R,North America,UNITED STATES,Restaurants,18.0,20,4.615384615384616,8.46,-3.845552884615384,3.845552884615384,5.5,9.0,-3.5,3.5,6,9,-3,0.00011718070091881387,0.00014936609938610534,
2026-05-31,"DoorDash, Inc. Class A",US25809K1051,CKHCJ4-R,North America,UNITED STATES,Air Freight/Couriers,16.0,91,3.2075471698113205,2.223,0.9848909198113205,0.9848909198113205,3.1868131868131866,2.307692307692308,0.8791208791208787,0.8791208791208787,3,3,0,0.0006541739051293777,0.0009199705962189209,
2026-05-31,Dover Corporation,US2600031080,V75BKP-R,North America,UNITED STATES,Industrial Machinery,9.0,98,5.462184873949579,2.547,2.915309873949579,2.915309873949579,5.204081632653061,2.653061224489796,2.551020408163265,2.551020408163265,5,3,2,0.000321362202519801,0.00043731969820261604,
2026-05-31,"Dow, Inc.",US2605571031,C7C9TP-R,North America,UNITED STATES,Chemicals: Specialty,9.0,98,9.831932773109243,9.53,0.3006827731092425,0.3006827731092425,9.89795918367347,9.693877551020408,0.204081632653061,0.204081632653061,10,10,0,0.000269623002114114,0.00037209809847067683,
2026-05-31,Duke Energy Corporation,US26441C2044,BPRHF0-R,North America,UNITED STATES,Electric Utilities,19.0,32,8.292682926829269,4.707,3.5856516768292686,3.5856516768292686,8.4375,5.0,3.4375,3.4375,9,5,4,0.001062673008332419,0.0014712849939530186,
2026-05-31,"DuPont de Nemours, Inc.",US26614N1028,VQXR21-R,North America,UNITED STATES,Chemicals: Major Diversified,9.0,98,9.159663865546218,6.7,2.460445115546218,2.460445115546218,9.285714285714286,6.938775510204081,2.346938775510205,2.346938775510205,9,7,2,0.0002205189017290887,0.0003033540987532146,
2026-05-31,"EOG Resources, Inc.",US26875P1012,QHBXV5-R,North America,UNITED STATES,Integrated Oil,12.0,23,5.555555555555555,7.082,-1.5264756944444446,1.5264756944444446,4.782608695652174,7.391304347826086,-2.608695652173912,2.608695652173912,5,8,-3,0.0007926326062150322,0.0011133619954240821,
2026-05-31,EQT Corporation,US26884L1098,JFW9S3-R,North America,UNITED STATES,Integrated Oil,12.0,23,9.166666666666666,8.75,0.4166666666666661,0.4166666666666661,9.565217391304348,8.695652173913043,0.8695652173913047,0.8695652173913047,10,9,1,0.00037584250294698103,0.0005292516978247755,
2026-05-31,eBay Inc.,US2786421030,W6SXMV-R,North America,UNITED STATES,Internet Retail,15.0,28,6.842105263157895,7.0,-0.1578947368421053,0.1578947368421053,7.142857142857143,7.142857142857143,0.0,0.0,7,7,0,0.0005202224040790638,0.0007631839968633138,
2026-05-31,EchoStar Corporation Class A,US2787681061,PM3F9R-R,North America,UNITED STATES,Specialty Telecommunications,17.0,13,2.3529411764705883,3.076,-0.7232306985294117,0.7232306985294117,3.076923076923077,3.076923076923077,0.0,0.0,3,3,0,0.00018814310147523007,0.0002678472988991476,
2026-05-31,Ecolab Inc.,US2788651006,FJ4J4C-R,North America,UNITED STATES,Chemicals: Specialty,4.0,8,1.8181818181818183,3.0,-1.1818181818181817,1.1818181818181817,1.25,2.5,-1.25,1.25,1,3,-2,0.0007283700057111492,0.0010057649958663058,
2026-05-31,Edison International,US2810201077,NZMV05-R,North America,UNITED STATES,Electric Utilities,19.0,32,10.0,10.0,0.0,0.0,10.0,10.0,0.0,0.0,10,10,0,0.0002986756023419154,0.00041644949828839253,
2026-05-31,Edwards Lifesciences Corporation,US28176E1082,QWV5DL-R,North America,UNITED STATES,Medical Specialties,8.0,57,1.1764705882352942,2.646,-1.4700137867647058,1.4700137867647058,1.2280701754385963,2.807017543859649,-1.5789473684210527,1.5789473684210527,1,3,-2,0.0005654218044334723,0.0007753163968134496,
2026-05-31,Electronic Arts Inc.,US2855121099,TNZ1G6-R,North America,UNITED STATES,Packaged Software,16.0,91,7.547169811320755,4.445,3.101857311320755,3.101857311320755,7.582417582417582,4.395604395604396,3.186813186813186,3.186813186813186,8,5,3,0.000508162103984499,0.0007015334971166974,
2026-05-31,"EMCOR Group, Inc.",US29084Q1004,NXHX89-R,North America,UNITED STATES,Engineering & Construction,5.0,13,6.666666666666666,8.57,-1.903645833333334,1.903645833333334,8.461538461538462,8.461538461538462,0.0,0.0,9,9,0,0.0004086748032044191,0.0005713271976518451,
2026-05-31,Emerson Electric Co.,US2910111044,DG27Q5-R,North America,UNITED STATES,Electronic Equipment/Instruments,9.0,98,7.983193277310924,3.773,4.209755777310924,4.209755777310924,7.857142857142857,3.979591836734694,3.8775510204081627,3.8775510204081627,8,4,4,0.0009054652070997526,0.0012464019948772878,
2026-05-31,"Entegris, Inc.",US29362U1043,BCD5LG-R,North America,UNITED STATES,Industrial Machinery,9.0,98,8.571428571428571,7.734,0.8370535714285712,0.8370535714285712,8.571428571428571,7.959183673469388,0.612244897959183,0.612244897959183,9,8,1,0.00023830520186855108,,
2026-05-31,Entergy Corporation,US29364G1031,RK8Z6D-R,North America,UNITED STATES,Electric Utilities,19.0,32,6.341463414634147,7.65,-1.3069740853658534,1.3069740853658534,6.875,7.5,-0.625,0.625,7,8,-1,0.0005535293043402232,0.0007598378968770662,
2026-05-31,Equifax Inc.,US2944291051,PN37ZK-R,North America,UNITED STATES,Financial Publishing/Services,9.0,98,8.907563025210084,8.016,0.8919380252100844,0.8919380252100844,8.979591836734693,8.26530612244898,0.7142857142857135,0.7142857142857135,9,8,1,0.00022192810174013824,0.00030595399874252903,
2026-05-31,"Equinix, Inc.",US29444U7000,V9977J-R,North America,UNITED STATES,Real Estate Investment Trusts,14.0,28,9.210526315789473,7.145,2.0659950657894726,2.0659950657894726,9.285714285714286,6.7857142857142865,2.5,2.5,9,7,2,0.001173339009200151,0.0016156179933598102,
2026-05-31,Equity Residential,US29476L1070,QJ9QP4-R,North America,UNITED STATES,Real Estate Investment Trusts,14.0,28,4.473684210526316,4.285,0.18852796052631593,0.18852796052631593,4.642857142857143,3.9285714285714284,0.7142857142857149,0.7142857142857149,5,4,1,0.00024567650192634945,0.00034478929858291596,
2026-05-31,Erie Indemnity Company Class A,US29530P1021,QVQ2GN-R,North America,UNITED STATES,Property/Casualty Insurance,10.0,23,4.0625,7.2,-3.13671875,3.13671875,5.217391304347826,7.391304347826086,-2.17391304347826,2.17391304347826,5,8,-3,5.971264046820682e-05,8.303042965874493e-05,
2026-05-31,"Essex Property Trust, Inc.",US2971781057,X9Q3HC-R,North America,UNITED STATES,Real Estate Investment Trusts,14.0,28,1.5789473684210527,0.857,0.7220137746710527,0.7220137746710527,1.0714285714285714,1.0714285714285714,0.0,0.0,1,1,0,0.00019371760151893968,0.000268905598894798,
2026-05-31,"Evergy, Inc.",US30034W1062,B83YJG-R,North America,UNITED STATES,Electric Utilities,19.0,32,6.585365853658537,5.293,1.292397103658537,1.292397103658537,7.1875,5.625,1.5625,1.5625,7,6,1,0.0002171206017024426,0.0002926345987972718,
2026-05-31,Eversource Energy,US30040W1080,MVKZ35-R,North America,UNITED STATES,Electric Utilities,19.0,32,6.097560975609756,9.7,-3.605564024390244,3.605564024390244,6.5625,9.6875,-3.125,3.125,7,10,-3,0.0002844875022306665,0.00039359889838230854,
2026-05-31,Exelon Corporation,US30161N1019,NPK3PS-R,North America,UNITED STATES,Electric Utilities,19.0,32,9.26829268292683,9.12,0.1511051829268304,0.1511051829268304,9.375,9.0625,0.3125,0.3125,10,9,1,0.0005189274040689097,0.000719142097044326,
2026-05-31,"Expedia Group, Inc.",US30212P3038,FCK6QT-R,North America,UNITED STATES,Other Consumer Services,18.0,20,5.0,9.234,-4.234375,4.234375,6.0,10.0,-4.0,4.0,6,10,-4,0.00029522940231489374,0.0004082392983221365,
2026-05-31,"Expeditors International of Washington, Inc.",US3021301094,PVWPB1-R,North America,UNITED STATES,Air Freight/Couriers,9.0,98,2.9411764705882355,9.15,-6.2072610294117645,6.2072610294117645,2.8571428571428568,9.285714285714286,-6.42857142857143,6.42857142857143,3,9,-6,0.00022998760180333277,0.00032718869865525443,
2026-05-31,Extra Space Storage Inc.,US30225T1025,XD67LR-R,North America,UNITED STATES,Real Estate Investment Trusts,14.0,28,1.0526315789473684,2.0,-0.9473684210526316,0.9473684210526316,0.3571428571428571,2.142857142857143,-1.7857142857142856,1.7857142857142856,1,2,-1,0.0003357425026325569,0.00047314029805539334,
2026-05-31,Exxon Mobil Corporation,US30231G1022,QG1HR7-R,North America,UNITED STATES,Integrated Oil,12.0,23,6.111111111111112,2.916,3.1950954861111116,3.1950954861111116,5.652173913043478,3.0434782608695654,2.608695652173912,2.608695652173912,6,3,3,0.006728343052756937,0.009345434961590262,
2026-05-31,Meta Platforms Inc Class A,US30303M1027,QLGSL2-R,North America,UNITED STATES,Internet Software/Services,16.0,91,6.132075471698113,8.484,-2.352299528301887,2.352299528301887,6.263736263736264,8.571428571428571,-2.3076923076923075,2.3076923076923075,6,9,-3,0.015487720121439213,0.02129971991245815,
2026-05-31,Fair Isaac Corporation,US3032501047,K38W6R-R,North America,UNITED STATES,Financial Publishing/Services,9.0,98,0.4201680672268908,0.66,-0.23998818277310918,0.23998818277310918,0.4081632653061224,0.6122448979591837,-0.20408163265306128,0.20408163265306128,1,1,0,0.0003238502025393094,0.0004582500981165921,
2026-05-31,Fastenal Company,US3119001044,FS32CR-R,North America,UNITED STATES,Wholesale Distributors,3.0,9,1.3333333333333333,0.769,0.5642903645833333,0.5642903645833333,2.2222222222222223,1.1111111111111112,1.1111111111111112,1.1111111111111112,2,1,1,0.0005648999044293801,0.0007838119967785327,
2026-05-31,FedEx Corporation,US31428X1063,MH7TCM-R,North America,UNITED STATES,Air Freight/Couriers,9.0,98,9.411764705882353,8.21,1.2008272058823533,1.2008272058823533,9.591836734693878,8.46938775510204,1.1224489795918373,1.1224489795918373,10,9,1,0.0010109590079269296,0.0013701379943687328,
2026-05-31,Ferguson Enterprises Inc.,US31488V1070,C6MN1W-R,North America,UNITED STATES,Wholesale Distributors,9.0,98,1.6806722689075633,2.17,-0.48924960609243673,0.48924960609243673,1.4285714285714284,2.2448979591836733,-0.8163265306122449,0.8163265306122449,2,2,0,0.0004830987037879769,,
2026-05-31,"F5, Inc.",US3156161024,JJ39BV-R,North America,UNITED STATES,Packaged Software,16.0,91,3.9622641509433967,2.525,1.4368735259433967,1.4368735259433967,3.9560439560439558,2.6373626373626373,1.3186813186813184,1.3186813186813184,4,3,1,0.00024492100192042556,0.00033168989863675456,
2026-05-31,"Fidelity National Information Services, Inc.",US31620M1062,RGTY61-R,North America,UNITED STATES,Packaged Software,9.0,98,9.327731092436975,9.81,-0.4847689075630246,0.4847689075630246,9.489795918367347,9.89795918367347,-0.408163265306122,0.408163265306122,10,10,0,0.0002549217019988411,0.0003439609985863203,
2026-05-31,"Fidelity National Financial, Inc. - FNF Group",US31620R3030,FZVN2F-R,North America,UNITED STATES,Specialty Insurance,10.0,23,0.3125,1.6,-1.287109375,1.287109375,0.43478260869565216,1.7391304347826086,-1.3043478260869565,1.3043478260869565,1,2,-1,0.00013127950102936254,,
2026-05-31,Fifth Third Bancorp,US3167731005,LRK013-R,North America,UNITED STATES,Regional Banks,2.0,15,6.800000000000001,1.765,5.035351562500001,5.035351562500001,6.0,1.3333333333333333,4.666666666666667,4.666666666666667,6,2,4,0.0005042858039541049,0.0006929844971518337,
2026-05-31,"First Citizens BancShares, Inc. Class A",US31946M1036,LRHWY2-R,North America,UNITED STATES,Regional Banks,2.0,15,4.0,0.5884,3.41162109375,3.41162109375,2.0,0.6666666666666666,1.3333333333333335,1.3333333333333335,2,1,1,0.0001793756014064841,,
2026-05-31,"First Solar, Inc.",US3364331070,D0QHLW-R,North America,UNITED STATES,Semiconductors,12.0,23,0.2777777777777778,0.8335,-0.5557183159722222,0.5557183159722222,0.43478260869565216,0.8695652173913043,-0.43478260869565216,0.43478260869565216,1,1,0,0.00034926490273858604,0.0005056832979216416,
2026-05-31,"Fiserv, Inc.",US3377381088,QLQKDC-R,North America,UNITED STATES,Miscellaneous Commercial Services,9.0,98,4.53781512605042,1.227,3.31125262605042,3.31125262605042,4.285714285714286,1.2244897959183674,3.061224489795918,3.061224489795918,4,1,3,0.00033239240260628884,0.0004700607980680501,
2026-05-31,FirstEnergy Corp.,US3379321074,BV4P4T-R,North America,UNITED STATES,Electric Utilities,19.0,32,9.02439024390244,6.47,2.55564024390244,2.55564024390244,9.0625,6.875,2.1875,2.1875,9,7,2,0.0002872798022525609,0.00037074619847623315,
2026-05-31,Ford Motor Company,US3453708600,XLV24X-R,North America,UNITED STATES,Motor Vehicles,1.0,6,2.8571428571428568,10.0,-7.142857142857143,7.142857142857143,3.333333333333333,10.0,-6.666666666666667,6.666666666666667,4,10,-6,0.0007532902059065484,0.0010532889956709822,
2026-05-31,"Fortinet, Inc.",US34959E1091,CL1QH9-R,North America,UNITED STATES,Information Technology Services,16.0,91,3.6792452830188678,3.738,-0.059035966981132226,0.059035966981132226,3.6263736263736264,3.6263736263736264,0.0,0.0,4,4,0,0.0009668195075808317,0.0013475659944615038,
2026-05-31,Fortive Corp.,US34959J1088,P1P032-R,North America,UNITED STATES,Electronic Equipment/Instruments,9.0,98,7.058823529411765,1.132,5.926987591911765,5.926987591911765,6.836734693877551,1.1224489795918366,5.714285714285714,5.714285714285714,7,1,6,0.00019395650152081293,0.00027978439885008614,
2026-05-31,Fox Corporation Class A,US35137L1052,LPRN3T-R,North America,UNITED STATES,Broadcasting,11.0,11,7.222222222222222,8.336,-1.1137152777777777,1.1137152777777777,8.181818181818182,8.181818181818182,0.0,0.0,8,8,0,0.00012637570099091188,0.0001957817991953368,
2026-05-31,Fox Corporation Class B,US35137L2043,M8XT6B-R,North America,UNITED STATES,Broadcasting,11.0,11,7.777777777777778,8.89,-1.1128472222222223,1.1128472222222223,9.09090909090909,9.09090909090909,0.0,0.0,9,9,0,0.00010261040080456816,0.00012328849949328426,
2026-05-31,"Freeport-McMoRan, Inc.",US35671D8570,B3DVXC-R,North America,UNITED STATES,Other Metals/Minerals,3.0,9,1.0,1.538,-0.5380859375,0.5380859375,1.1111111111111112,2.2222222222222223,-1.1111111111111112,1.1111111111111112,1,2,-1,0.0010503470082357709,0.0014580659940073488,
2026-05-31,Futu Holdings Ltd. Sponsored ADR Class A,US36118L1061,D6ZG1F-R,North America,UNITED STATES,Investment Banks/Brokers,6.0,36,6.363636363636363,4.0,2.3636363636363633,2.3636363636363633,6.388888888888888,4.444444444444445,1.9444444444444438,1.9444444444444438,7,5,2,5.322963041737353e-05,,
2026-05-31,GE Healthcare Technologies Inc.,US36266G1076,VD2M8W-R,North America,UNITED STATES,Medical Specialties,8.0,57,2.9411764705882355,4.266,-1.3244485294117645,1.3244485294117645,2.4561403508771926,4.385964912280701,-1.9298245614035086,1.9298245614035086,3,5,-2,0.0003224367025282262,0.0004395558981934253,
2026-05-31,Arthur J. Gallagher & Co.,US3635761097,FJ1B1C-R,North America,UNITED STATES,Insurance Brokers/Services,10.0,23,2.8125,1.2,1.6123046875,1.6123046875,3.4782608695652173,1.3043478260869565,2.1739130434782608,2.1739130434782608,4,1,3,0.0005736162044977246,0.0007968124967251005,
2026-05-31,"Gaming and Leisure Properties, Inc.",US36467J1088,PWVY5L-R,North America,UNITED STATES,Real Estate Investment Trusts,14.0,28,3.6842105263157894,7.43,-3.7454769736842106,3.7454769736842106,3.5714285714285716,7.142857142857143,-3.5714285714285716,3.5714285714285716,4,7,-3,0.00014295890112094075,,
2026-05-31,GE Vernova Inc.,US36828A1016,FD861V-R,North America,UNITED STATES,Electrical Products,9.0,98,9.915966386554622,9.91,0.009716386554622147,0.009716386554622147,10.0,10.0,0.0,0.0,10,10,0,0.0029105220228214028,0.004018751983482929,
2026-05-31,General Dynamics Corporation,US3695501086,LTP334-R,North America,UNITED STATES,Aerospace & Defense,9.0,98,8.319327731092438,7.64,0.6787027310924376,0.6787027310924376,8.26530612244898,7.857142857142857,0.4081632653061229,0.4081632653061229,8,8,0,0.0008851957069408195,0.001353446994437333,
2026-05-31,GE Aerospace,US3696043013,CTYNJ1-R,North America,UNITED STATES,Aerospace & Defense,9.0,98,6.218487394957983,1.32,4.898174894957983,4.898174894957983,6.020408163265306,1.326530612244898,4.693877551020408,4.693877551020408,6,2,4,0.0037709670295681522,0.005228813978509575,
2026-05-31,"General Mills, Inc.",US3703341046,R5XGXL-R,North America,UNITED STATES,Food: Major Diversified,7.0,17,4.516129032258064,3.334,1.182144657258064,1.182144657258064,5.294117647058823,4.705882352941177,0.5882352941176467,0.5882352941176467,5,5,0,0.00021194520166186234,0.0002790181988532352,
2026-05-31,General Motors Company,US37045V1008,T0SQZH-R,North America,UNITED STATES,Motor Vehicles,1.0,6,1.4285714285714284,8.336,-6.907366071428571,6.907366071428571,1.6666666666666665,8.333333333333334,-6.666666666666668,6.666666666666668,2,9,-7,0.0008372086065645526,0.001157225995243801,
2026-05-31,Genuine Parts Company,US3724601055,SJS2RC-R,North America,UNITED STATES,Wholesale Distributors,1.0,6,10.0,6.668,3.33203125,3.33203125,10.0,6.666666666666666,3.333333333333334,3.333333333333334,10,7,3,0.00014906650116883045,0.0002107990991336157,
2026-05-31,"Gilead Sciences, Inc.",US3755581036,JYWMBW-R,North America,UNITED STATES,Biotechnology,8.0,57,0.7352941176470589,1.912,-1.1768152573529411,1.1768152573529411,0.8771929824561403,1.9298245614035086,-1.0526315789473681,1.0526315789473681,1,2,-1,0.0018577840145668845,0.0025675599894473284,
2026-05-31,Global Payments Inc.,US37940X1028,KK1YRK-R,North America,UNITED STATES,Miscellaneous Commercial Services,9.0,98,6.1344537815126055,3.207,2.9274225315126055,2.9274225315126055,5.918367346938775,3.36734693877551,2.5510204081632653,2.5510204081632653,6,4,2,0.00019438010152413436,0.0002762340988646779,
2026-05-31,"Goldman Sachs Group, Inc.",US38141G1040,JLJ0VZ-R,North America,UNITED STATES,Investment Banks/Brokers,6.0,36,8.40909090909091,4.25,4.15909090909091,4.15909090909091,8.333333333333334,4.722222222222222,3.6111111111111116,3.6111111111111116,9,5,4,0.003385471026545478,0.0047355759805367825,
2026-05-31,Graco Inc.,US3841091040,H5490W-R,North America,UNITED STATES,Industrial Machinery,9.0,98,3.0252100840336134,4.906,-1.8810399159663866,1.8810399159663866,2.9591836734693877,5.0,-2.0408163265306123,2.0408163265306123,3,5,-2,0.00013617090106771604,,
2026-05-31,"W.W. Grainger, Inc.",US3848021040,DRBC9M-R,North America,UNITED STATES,Wholesale Distributors,9.0,98,2.773109243697479,5.188,-2.414390756302521,2.414390756302521,2.653061224489796,5.306122448979592,-2.653061224489796,2.653061224489796,3,5,-2,0.0006109682047906017,0.0008339907965722978,
2026-05-31,HCA Healthcare Inc,US40412C1018,NKGZ7J-R,North America,UNITED STATES,Hospital/Nursing Management,8.0,57,6.617647058823529,7.06,-0.440946691176471,0.440946691176471,6.491228070175438,6.666666666666666,-0.17543859649122773,0.17543859649122773,7,7,0,0.0006630808051992166,0.0009114864962537904,
2026-05-31,HP Inc.,US40434L1052,MS57L1-R,North America,UNITED STATES,Information Technology Services,16.0,91,8.867924528301888,6.062,2.805424528301888,2.805424528301888,8.901098901098901,6.153846153846154,2.7472527472527473,2.7472527472527473,9,6,3,0.00026893620210872873,0.0003799321984384787,
2026-05-31,Halliburton Company,US4062161017,GN6KCJ-R,North America,UNITED STATES,Oilfield Services/Equipment,12.0,23,5.277777777777778,2.5,2.7777777777777777,2.7777777777777777,4.3478260869565215,2.608695652173913,1.7391304347826084,1.7391304347826084,5,3,2,0.00036701650287777643,0.0004995721979467583,
2026-05-31,"Hartford Insurance Group, Inc.",US4165151048,P31DB7-R,North America,UNITED STATES,Property/Casualty Insurance,10.0,23,5.625,6.0,-0.375,0.375,7.391304347826086,6.521739130434783,0.8695652173913029,0.8695652173913029,8,7,1,0.00038868250304765947,0.0005473868977502398,
2026-05-31,HEICO Corporation,US4228061093,X59RFD-R,North America,UNITED STATES,Aerospace & Defense,9.0,98,6.974789915966387,2.36,4.615414915966387,4.615414915966387,6.73469387755102,2.4489795918367347,4.285714285714286,4.285714285714286,7,3,4,0.00017955220140786882,,
2026-05-31,HEICO Corporation Class A,US4228062083,C6M66G-R,North America,UNITED STATES,Aerospace & Defense,9.0,98,7.647058823529411,4.72,2.9283088235294112,2.9283088235294112,7.448979591836736,4.795918367346939,2.6530612244897966,2.6530612244897966,8,5,3,0.0002030295015919543,,
2026-05-31,Hershey Company,US4278661081,MJCGG4-R,North America,UNITED STATES,Food: Specialty/Candy,7.0,17,4.838709677419355,5.832,-0.993321572580645,0.993321572580645,5.882352941176471,7.058823529411765,-1.1764705882352944,1.1764705882352944,6,7,-1,0.0003202317025109367,0.0004423500981819411,
2026-05-31,Hewlett Packard Enterprise Co.,US42824C1099,F9VYPD-R,North America,UNITED STATES,Computer Processing Hardware,16.0,91,7.6415094339622645,5.05,2.5907281839622645,2.5907281839622645,7.6923076923076925,5.054945054945055,2.6373626373626378,2.6373626373626378,8,5,3,0.0006316682049529104,0.0008777274963925399,
2026-05-31,Hilton Worldwide Holdings Inc.,US43300A2033,MFQVZQ-R,North America,UNITED STATES,Hotels/Resorts/Cruiselines,18.0,20,7.3076923076923075,1.538,5.7696063701923075,5.7696063701923075,7.5,1.5,6.0,6.0,8,2,6,0.0008343464065421102,0.0011553399952515526,
2026-05-31,"Home Depot, Inc.",US4370761029,PD98GG-R,North America,UNITED STATES,Home Improvement Chains,15.0,28,2.631578947368421,2.666,-0.034436677631579204,0.034436677631579204,2.5,2.5,0.0,0.0,3,3,0,0.00351602602756916,0.0048617029800184005,
2026-05-31,Honeywell International Inc.,US4385161066,WGLQTS-R,North America,UNITED STATES,Aerospace & Defense,9.0,98,2.6890756302521006,0.3774,2.3116342240021006,2.3116342240021006,2.5510204081632653,0.4081632653061224,2.142857142857143,2.142857142857143,3,1,2,0.0016869340132272496,0.002324428990446597,
2026-05-31,Howmet Aerospace Inc.,US4432011082,L32LM8-R,North America,UNITED STATES,Aerospace & Defense,9.0,98,1.5966386554621848,7.168,-5.5713300945378155,5.5713300945378155,1.326530612244898,7.346938775510204,-6.020408163265306,6.020408163265306,2,8,-6,0.0011523300090354196,0.0015930839934524246,
2026-05-31,Hubbell Incorporated,US4435106079,K14T6R-R,North America,UNITED STATES,Electrical Products,9.0,98,1.092436974789916,5.945,-4.852875525210084,4.852875525210084,0.8163265306122448,6.122448979591837,-5.306122448979592,5.306122448979592,1,6,-5,0.0002792931021899372,0.00038710779840898696,
2026-05-31,Humana Inc.,US4448591028,PZ917X-R,North America,UNITED STATES,Managed Health Care,8.0,57,5.588235294117647,2.941,2.6468290441176467,2.6468290441176467,5.263157894736842,3.1578947368421053,2.1052631578947363,2.1052631578947363,5,3,2,0.000399235303130404,0.0005671886976688544,
2026-05-31,"J.B. Hunt Transport Services, Inc.",US4456581077,CHK9QJ-R,North America,UNITED STATES,Trucking,9.0,98,7.226890756302521,5.848,1.379234506302521,1.379234506302521,7.040816326530612,6.020408163265306,1.020408163265306,1.020408163265306,7,6,1,0.00022919120179708822,0.0003209822986807627,
2026-05-31,Huntington Bancshares Incorporated,US4461501045,G7VZQH-R,North America,UNITED STATES,Major Banks,2.0,15,5.2,3.53,1.6707031250000002,1.6707031250000002,3.333333333333333,3.333333333333333,0.0,0.0,4,4,0,0.00036281250284481283,0.000513316797890268,
2026-05-31,Hyatt Hotels Corporation Class A,US4485791028,TWVMYS-R,North America,UNITED STATES,Hotels/Resorts/Cruiselines,18.0,20,5.769230769230768,3.846,1.9235276442307683,1.9235276442307683,6.5,4.5,2.0,2.0,7,5,2,9.538845074794085e-05,,
2026-05-31,IDEX Corporation,US45167R1041,KFJFWS-R,North America,UNITED STATES,Industrial Machinery,9.0,98,8.403361344537815,4.152,4.2510175945378155,4.2510175945378155,8.36734693877551,4.183673469387755,4.183673469387755,4.183673469387755,9,4,5,0.00017164370134585828,0.00024386859899770005,
2026-05-31,"IDEXX Laboratories, Inc.",US45168D1046,NFMPMG-R,North America,UNITED STATES,Medical Specialties,8.0,57,9.117647058823529,2.795,6.322725183823529,6.322725183823529,9.12280701754386,2.982456140350877,6.140350877192983,6.140350877192983,9,3,6,0.0005013399039310062,0.0006926587971531723,
2026-05-31,Illinois Tool Works Inc.,US4523081093,RRXTTL-R,North America,UNITED STATES,Auto Parts: OEM,9.0,98,2.184873949579832,5.473,-3.287782300420168,3.287782300420168,1.9387755102040816,5.612244897959183,-3.6734693877551017,3.6734693877551017,2,6,-4,0.0007610139059671101,0.0009974917959003089,
2026-05-31,"Illumina, Inc.",US4523271090,HXZ458-R,North America,UNITED STATES,Medical Specialties,8.0,57,1.3235294117647058,5.44,-4.117876838235294,4.117876838235294,1.4035087719298245,5.43859649122807,-4.035087719298246,4.035087719298246,2,6,-4,0.0002698406021158202,,
2026-05-31,Incyte Corporation,US45337C1027,LD13C5-R,North America,UNITED STATES,Pharmaceuticals: Major,8.0,57,9.852941176470589,10.0,-0.14705882352941124,0.14705882352941124,9.82456140350877,10.0,-0.1754385964912295,0.1754385964912295,10,10,0,0.0001743792013673073,0.00024747839898286376,
2026-05-31,Ingersoll Rand Inc.,US45687V1061,C0YGQ6-R,North America,UNITED STATES,Industrial Machinery,9.0,98,6.302521008403361,2.264,4.038849133403361,4.038849133403361,6.122448979591837,2.3469387755102042,3.775510204081633,3.775510204081633,6,3,3,0.00031829730249576915,0.0003913268983916464,
2026-05-31,Insmed Incorporated,US4576693075,V3RVCP-R,North America,UNITED STATES,Pharmaceuticals: Major,8.0,57,0.14705882352941177,0.1471,-3.5903033088230396e-05,3.5903033088230396e-05,0.17543859649122806,0.17543859649122806,0.0,0.0,1,1,0,0.0002510592019685552,,
2026-05-31,Insulet Corporation,US45784P1012,NCGB47-R,North America,UNITED STATES,Medical Specialties,8.0,57,7.352941176470589,6.617,0.7357536764705888,0.7357536764705888,7.368421052631579,6.315789473684211,1.0526315789473681,1.0526315789473681,8,7,1,0.00011064450086756352,0.00015697679935482533,
2026-05-31,Intel Corporation,US4581401001,HZ6Z7Q-R,North America,UNITED STATES,Semiconductors,16.0,91,9.150943396226415,8.08,1.072818396226415,1.072818396226415,9.12087912087912,8.131868131868131,0.989010989010989,0.989010989010989,9,8,1,0.00561865204405585,0.00829434796591023,
2026-05-31,"Interactive Brokers Group, Inc. Class A",US45841N1072,PN66MB-R,North America,UNITED STATES,Investment Banks/Brokers,6.0,36,5.909090909090909,7.5,-1.5909090909090908,1.5909090909090908,6.111111111111112,8.055555555555555,-1.9444444444444438,1.9444444444444438,6,8,-2,0.0004143883032492187,0.000597783697543109,
2026-05-31,"Intercontinental Exchange, Inc.",US45866F1049,JKGP5M-R,North America,UNITED STATES,Investment Banks/Brokers,6.0,36,8.863636363636363,5.75,3.1136363636363633,3.1136363636363633,8.88888888888889,6.388888888888888,2.500000000000001,2.500000000000001,9,7,2,0.0009325027073117536,0.0012917779946907924,
2026-05-31,International Business Machines Corporation,US4592001014,SJY281-R,North America,UNITED STATES,Information Technology Services,16.0,91,7.3584905660377355,4.746,2.6123968160377355,2.6123968160377355,7.362637362637363,4.725274725274725,2.6373626373626378,2.6373626373626378,8,5,3,0.0031106950243909594,0.004286022982384445,
2026-05-31,International Flavors & Fragrances Inc.,US4595061015,NV7K28-R,North America,UNITED STATES,Food: Specialty/Candy,4.0,8,4.545454545454545,5.0,-0.45454545454545503,0.45454545454545503,5.0,5.0,0.0,0.0,5,5,0,0.0002179680017090871,0.0002988387987717725,
2026-05-31,International Paper Company,US4601461035,GZF20K-R,North America,UNITED STATES,Pulp & Paper,3.0,9,4.0,3.076,0.923828125,0.923828125,5.555555555555555,4.444444444444445,1.1111111111111107,1.1111111111111107,6,5,1,0.00018299150143483636,0.0002714952988841543,
2026-05-31,Intuit Inc.,US4612021034,L6CPTK-R,North America,UNITED STATES,Packaged Software,16.0,91,9.716981132075471,9.49,0.2247936320754711,0.2247936320754711,9.67032967032967,9.45054945054945,0.219780219780219,0.219780219780219,10,10,0,0.001028340008063214,0.001419962994163952,
2026-05-31,"Intuitive Surgical, Inc.",US46120E6023,NBCKRK-R,North America,UNITED STATES,Medical Specialties,8.0,57,1.0294117647058822,3.676,-2.6463694852941178,2.6463694852941178,1.0526315789473684,3.6842105263157894,-2.6315789473684212,2.6315789473684212,1,4,-3,0.0016797350131708022,0.0023220399904564154,
2026-05-31,"Invitation Homes, Inc.",US46187W1071,W6VZ29-R,North America,UNITED STATES,Real Estate Investment Trusts,14.0,28,2.8947368421052633,3.428,-0.5329975328947367,0.5329975328947367,2.8571428571428568,3.2142857142857144,-0.35714285714285765,0.35714285714285765,3,3,0,0.00018689010146540527,0.00025430159895482044,
2026-05-31,"IonQ, Inc.",US46222L1089,KXTPS7-R,North America,UNITED STATES,Computer Processing Hardware,16.0,91,3.30188679245283,0.707,2.59485554245283,2.59485554245283,3.2967032967032965,0.7692307692307693,2.5274725274725274,2.5274725274725274,3,1,2,0.0002722386021346229,,
2026-05-31,IQVIA Holdings Inc,US46266C1053,XKBMRH-R,North America,UNITED STATES,Biotechnology,8.0,57,2.2058823529411766,1.765,0.4412339154411766,0.4412339154411766,2.1052631578947367,1.7543859649122806,0.3508771929824561,0.3508771929824561,2,2,0,0.00033908950265880075,0.0004783061980341615,
2026-05-31,"Iron Mountain, Inc.",US46284V1017,LVYTWF-R,North America,UNITED STATES,Real Estate Investment Trusts,14.0,28,4.2105263157894735,7.715,-3.5043174342105265,3.5043174342105265,4.285714285714286,7.5,-3.2142857142857144,3.2142857142857144,5,8,-3,0.00042614360334139196,0.0005830341976037295,
2026-05-31,JPMorgan Chase & Co.,US46625H1005,NNKD2Y-R,North America,UNITED STATES,Major Banks,2.0,15,7.199999999999999,2.354,4.846484374999999,4.846484374999999,6.666666666666666,2.0,4.666666666666666,4.666666666666666,7,2,5,0.008960888070262324,0.012424319948936044,
2026-05-31,Jabil Inc.,US4663131039,LF4WPT-R,North America,UNITED STATES,Industrial Machinery,9.0,98,3.3613445378151265,7.453,-4.0917804621848735,4.0917804621848735,3.36734693877551,7.653061224489796,-4.285714285714286,4.285714285714286,4,8,-4,0.0004298799033706883,0.0005905054975730223,
2026-05-31,Jacobs Solutions Inc.,US46982L1089,JKDM7P-R,North America,UNITED STATES,Data Processing Services,9.0,98,0.5882352941176471,0.849,-0.2608857996323529,0.2608857996323529,0.5102040816326531,0.8163265306122448,-0.30612244897959173,0.30612244897959173,1,1,0,0.00015397690120733289,0.0002196774990971255,
2026-05-31,Johnson & Johnson,US4781601046,KV0J41-R,North America,UNITED STATES,Pharmaceuticals: Major,8.0,57,4.5588235294117645,5.734,-1.1755514705882355,1.1755514705882355,4.035087719298246,5.7894736842105265,-1.7543859649122808,1.7543859649122808,4,6,-2,0.006048672047427638,0.008359580965642122,
2026-05-31,KLA Corporation,US4824801009,CZBYFY-R,North America,UNITED STATES,Semiconductors,16.0,91,4.811320754716981,6.566,-1.7550854952830193,1.7550854952830193,4.835164835164835,6.593406593406593,-1.7582417582417582,1.7582417582417582,5,7,-2,0.002808157022018759,0.0038775009840634708,
2026-05-31,KKR & Co Inc,US48251W1045,T8Q3VN-R,North America,UNITED STATES,Investment Managers,6.0,36,7.272727272727273,2.5,4.772727272727273,4.772727272727273,7.222222222222222,2.7777777777777777,4.444444444444445,4.444444444444445,7,3,4,0.000667070405230499,0.0010122529958396403,
2026-05-31,"Kenvue, Inc.",US49177J1025,PW89XC-R,North America,UNITED STATES,Household/Personal Care,13.0,15,9.0,8.89,0.109375,0.109375,10.0,10.0,0.0,0.0,10,10,0,0.0003673994028807787,0.0005109042979001833,
2026-05-31,Keurig Dr Pepper Inc.,US49271V1008,BT4P4V-R,North America,UNITED STATES,Beverages: Non-Alcoholic,7.0,17,1.2903225806451613,0.4167,0.8735745337701613,0.8735745337701613,1.1764705882352942,0.5882352941176471,0.5882352941176471,0.5882352941176471,1,1,0,0.00043558850341544945,0.000628729197415923,
2026-05-31,KeyCorp,US4932671088,MG2TQV-R,North America,UNITED STATES,Major Banks,2.0,15,6.4,5.883,0.5171875000000004,0.5171875000000004,5.333333333333333,6.0,-0.666666666666667,0.666666666666667,6,6,0,0.00021786430170827396,0.00030666929873958914,
2026-05-31,Keysight Technologies Inc,US49338L1035,FXTG1M-R,North America,UNITED STATES,Electronic Equipment/Instruments,9.0,98,8.739495798319329,8.4,0.34105829831932866,0.34105829831932866,8.775510204081632,8.571428571428571,0.204081632653061,0.204081632653061,9,9,0,0.0006529532051198061,0.0008920515963336679,
2026-05-31,Kimberly-Clark Corporation,US4943681035,BQWWY7-R,North America,UNITED STATES,Household/Personal Care,13.0,15,5.5,4.445,1.0546875,1.0546875,7.333333333333333,5.333333333333333,2.0,2.0,8,6,2,0.00035202790276025076,0.0005002531979439593,
2026-05-31,Kimco Realty Corporation,US49446R1095,VDPDV7-R,North America,UNITED STATES,Real Estate Investment Trusts,14.0,28,7.894736842105264,8.57,-0.6755756578947363,0.6755756578947363,8.214285714285714,8.571428571428571,-0.35714285714285765,0.35714285714285765,8,9,-1,0.0001827283014327726,0.0002517468989653202,
2026-05-31,Kinder Morgan Inc Class P,US49456B1017,XM8P7T-R,North America,UNITED STATES,Oil & Gas Pipelines,12.0,23,8.333333333333334,7.5,0.8333333333333339,0.8333333333333339,8.26086956521739,7.826086956521739,0.43478260869565144,0.43478260869565144,8,8,0,0.0006748395052914166,0.0009391023961402892,
2026-05-31,Kraft Heinz Company,US5007541064,Q4YP8S-R,North America,UNITED STATES,Food: Major Diversified,7.0,17,2.903225806451613,2.084,0.819241431451613,0.819241431451613,3.5294117647058827,2.9411764705882355,0.5882352941176472,0.5882352941176472,4,3,1,0.00023743310186171294,0.0003157119987024237,
2026-05-31,Kroger Co.,US5010441013,R2J99W-R,North America,UNITED STATES,Food Retail,15.0,28,3.4210526315789473,1.667,1.7540604440789473,1.7540604440789473,3.2142857142857144,1.4285714285714284,1.785714285714286,1.785714285714286,3,2,1,0.00038399990301094325,0.0005560051977148186,
2026-05-31,LPL Financial Holdings Inc.,US50212V1008,BXWZVW-R,North America,UNITED STATES,Investment Banks/Brokers,6.0,36,7.5,5.0,2.5,2.5,7.5,5.555555555555555,1.9444444444444446,1.9444444444444446,8,6,2,0.0002486406019495909,,
2026-05-31,L3Harris Technologies Inc,US5024311095,KYCY91-R,North America,UNITED STATES,Aerospace & Defense,9.0,98,8.067226890756302,3.113,4.953945640756302,4.953945640756302,7.959183673469388,3.265306122448979,4.6938775510204085,4.6938775510204085,8,3,5,0.0006411255050270651,0.000909456696262133,
2026-05-31,Labcorp Holdings Inc.,US5049221055,C7M7DL-R,North America,UNITED STATES,Medical/Nursing Services,8.0,57,5.0,4.56,0.44140625,0.44140625,4.56140350877193,4.56140350877193,0.0,0.0,5,5,0,0.0002324226018224256,0.00033372989862837007,
2026-05-31,Lam Research Corporation,US5128073062,RT2ZSJ-R,North America,UNITED STATES,Industrial Machinery,16.0,91,0.5660377358490566,5.656,-5.090212264150943,5.090212264150943,0.32967032967032966,5.7142857142857135,-5.384615384615384,5.384615384615384,1,6,-5,0.004429453034731341,0.006118198974854202,
2026-05-31,Las Vegas Sands Corp.,US5178341070,VBN9H0-R,North America,UNITED STATES,Casinos/Gaming,18.0,20,7.6923076923076925,8.84,-1.1514423076923075,1.1514423076923075,8.0,9.5,-1.5,1.5,8,10,-2,0.0001710303013410486,0.0002376718990231685,
2026-05-31,Estee Lauder Companies Inc. Class A,US5184391044,KFMMZS-R,North America,UNITED STATES,Household/Personal Care,13.0,15,5.0,5.555,-0.5546875,0.5546875,6.666666666666666,6.666666666666666,0.0,0.0,7,7,0,0.00024423860191507483,0.0003366817986162378,
2026-05-31,"Leidos Holdings, Inc.",US5253271028,L7LP86-R,North America,UNITED STATES,Packaged Software,16.0,91,8.30188679245283,5.555,2.74719929245283,2.74719929245283,8.351648351648352,5.604395604395604,2.747252747252748,2.747252747252748,9,6,3,0.00016855900132167114,0.0002528990989605847,
2026-05-31,Lennar Corporation Class A,US5260571048,FH1NKL-R,North America,UNITED STATES,Homebuilding,13.0,15,2.5,1.111,1.388671875,1.388671875,3.333333333333333,1.3333333333333333,1.9999999999999998,1.9999999999999998,4,2,2,0.00020856530163536053,0.000299266898770013,
2026-05-31,Lennox International Inc.,US5261071071,BYKL46-R,North America,UNITED STATES,Industrial Machinery,9.0,98,3.277310924369748,7.074,-3.796907825630252,3.796907825630252,3.265306122448979,7.244897959183674,-3.9795918367346945,3.9795918367346945,3,7,-4,0.00016994490133253798,0.00024622869898800005,
2026-05-31,Liberty Media Corporation Series C Liberty Formula One,US5312297550,D60L5H-R,North America,UNITED STATES,Internet Software/Services,11.0,11,2.7777777777777777,2.223,0.5551215277777777,0.5551215277777777,2.727272727272727,1.8181818181818183,0.9090909090909087,0.9090909090909087,3,2,1,0.00020919210164027527,,
2026-05-31,Eli Lilly and Company,US5324571083,B19ST9-R,North America,UNITED STATES,Pharmaceuticals: Major,8.0,57,10.0,9.266,0.734375,0.734375,10.0,9.12280701754386,0.8771929824561404,0.8771929824561404,10,9,1,0.009894967077586437,0.013480809944593872,
2026-05-31,"Live Nation Entertainment, Inc.",US5380341090,MLQ41B-R,North America,UNITED STATES,Movies/Entertainment,18.0,20,2.307692307692308,0.3845,1.923170823317308,1.923170823317308,2.5,0.5,2.0,2.0,3,1,2,0.00029201930228972333,0.000411666898308049,
2026-05-31,Lockheed Martin Corporation,US5398301094,KC6WDM-R,North America,UNITED STATES,Aerospace & Defense,9.0,98,1.1764705882352942,4.246,-3.0696231617647056,3.0696231617647056,0.9183673469387755,4.285714285714286,-3.36734693877551,3.36734693877551,1,4,-3,0.0012310910096529845,0.001653173993205455,
2026-05-31,Loews Corporation,US5404241086,VBK29Z-R,North America,UNITED STATES,Property/Casualty Insurance,10.0,23,4.6875,2.4,2.287109375,2.287109375,6.086956521739131,2.608695652173913,3.4782608695652177,3.4782608695652177,6,3,3,0.00020249760158778368,0.0002714015988845394,
2026-05-31,"Lowe's Companies, Inc.",US5486611073,CHKL7S-R,North America,UNITED STATES,Home Improvement Chains,15.0,28,3.947368421052632,3.0,0.9473684210526319,0.9473684210526319,3.9285714285714284,2.8571428571428568,1.0714285714285716,1.0714285714285716,4,3,1,0.0013353230104702677,0.0018540679923797806,
2026-05-31,lululemon athletica inc.,US5500211090,MWKPV4-R,North America,UNITED STATES,Apparel/Footwear,13.0,15,1.0,7.223,-6.22265625,6.22265625,1.3333333333333333,8.666666666666668,-7.333333333333335,7.333333333333335,2,9,-7,0.00015793180123834324,0.00021858899910159922,
2026-05-31,"Lumentum Holdings, Inc.",US55024U1097,CBP969-R,North America,UNITED STATES,Electrical Products,9.0,98,6.470588235294118,9.44,-2.9669117647058822,2.9669117647058822,6.224489795918368,9.591836734693878,-3.36734693877551,3.36734693877551,6,10,-4,0.0006807058053374143,0.000940854496133088,
2026-05-31,M&T Bank Corporation,US55261F1049,X8LB4Q-R,North America,UNITED STATES,Regional Banks,2.0,15,4.8,2.941,1.8585937499999998,1.8585937499999998,2.6666666666666665,2.6666666666666665,0.0,0.0,3,3,0,0.0003692729028954688,0.0005035542979303919,
2026-05-31,MSCI Inc. Class A,US55354G1004,MKJ8WW-R,North America,UNITED STATES,Financial Publishing/Services,6.0,36,2.0454545454545454,1.0,1.0454545454545454,1.0454545454545454,1.9444444444444444,1.1111111111111112,0.8333333333333333,0.8333333333333333,2,1,1,0.000524734604114444,0.0007129197970698997,
2026-05-31,Marathon Petroleum Corporation,US56585A1025,JRFYNM-R,North America,UNITED STATES,Oil Refining/Marketing,12.0,23,8.055555555555555,7.918,0.13758680555555536,0.13758680555555536,7.826086956521739,8.26086956521739,-0.43478260869565144,0.43478260869565144,8,8,0,0.0008187807064200595,0.00112878099536071,
2026-05-31,Markel Group Inc.,US5705351048,P4BP51-R,North America,UNITED STATES,Property/Casualty Insurance,10.0,23,0.625,0.4,0.22509765625,0.22509765625,0.8695652173913043,0.43478260869565216,0.43478260869565216,0.43478260869565216,1,1,0,0.0002571055020159642,,
2026-05-31,"Marsh & McLennan Companies, Inc.",US5717481023,XHD46K-R,North America,UNITED STATES,Insurance Brokers/Services,10.0,23,1.5625,5.2,-3.63671875,3.63671875,2.1739130434782608,5.652173913043478,-3.478260869565217,3.478260869565217,2,6,-4,0.0008526287066854617,0.0011914679951030664,
2026-05-31,"Marriott International, Inc. Class A",US5719032022,K38HHD-R,North America,UNITED STATES,Hotels/Resorts/Cruiselines,18.0,20,8.076923076923077,5.0,3.0769230769230766,3.0769230769230766,8.5,6.0,2.5,2.5,9,6,3,0.0009201083072145692,0.001270627994777719,
2026-05-31,"Martin Marietta Materials, Inc.",US5732841060,V6ZQWF-R,North America,UNITED STATES,Construction Materials,5.0,13,5.0,2.143,2.857421875,2.857421875,6.153846153846154,2.307692307692308,3.8461538461538463,3.8461538461538463,6,3,3,0.0003822386029971329,0.0005416501977738177,
2026-05-31,"Marvell Technology, Inc.",US5738741041,DF2L7D-R,North America,UNITED STATES,Semiconductors,16.0,91,9.90566037735849,9.8,0.10878537735849036,0.10878537735849036,9.89010989010989,9.78021978021978,0.10989010989011128,0.10989010989011128,10,10,0,0.001948006015274315,,
2026-05-31,Masco Corporation,US5745991068,HSF35X-R,North America,UNITED STATES,Building Products,5.0,13,2.7777777777777777,5.715,-2.9370659722222223,2.9370659722222223,3.076923076923077,6.153846153846154,-3.076923076923077,3.076923076923077,3,6,-3,0.00017027420133512,0.00021833329910265014,
2026-05-31,"MasTec, Inc.",US5763231090,J70WMR-R,North America,UNITED STATES,Engineering & Construction,5.0,13,6.111111111111112,9.29,-3.1779513888888884,3.1779513888888884,7.6923076923076925,9.230769230769232,-1.5384615384615392,1.5384615384615392,8,9,-1,0.00024870170195007005,,
2026-05-31,Mastercard Incorporated Class A,US57636Q1040,LQBB5R-R,North America,UNITED STATES,Finance/Rental/Leasing,9.0,98,3.697478991596639,8.49,-4.794708508403361,4.794708508403361,3.775510204081632,8.673469387755102,-4.8979591836734695,4.8979591836734695,4,9,-5,0.004517865035424579,0.006192637974548258,
2026-05-31,"McCormick & Company, Incorporated",US5797802064,NW8BQ3-R,North America,UNITED STATES,Food: Specialty/Candy,7.0,17,5.161290322580645,1.25,3.911290322580645,3.911290322580645,6.470588235294118,1.7647058823529413,4.705882352941177,4.705882352941177,7,2,5,0.00013456580105513044,0.0001852896992384593,
2026-05-31,McDonald's Corporation,US5801351017,VTBLV9-R,North America,UNITED STATES,Restaurants,18.0,20,10.0,6.54,3.4609375,3.4609375,10.0,7.0,3.0,3.0,10,7,3,0.0021999640172499176,0.003061280987418135,
2026-05-31,McKesson Corporation,US58155Q1031,NYJHHY-R,North America,UNITED STATES,Medical Distributors,8.0,57,5.147058823529411,7.35,-2.2045036764705888,2.2045036764705888,4.7368421052631575,7.017543859649122,-2.280701754385965,2.280701754385965,5,7,-2,0.001009001007911577,0.0013992399942491236,
2026-05-31,"Medline, Inc. Class A",US58507V1070,S4Q3C8-R,North America,UNITED STATES,Medical Specialties,8.0,57,3.382352941176471,2.205,1.177274816176471,1.177274816176471,2.982456140350877,2.280701754385965,0.7017543859649122,0.7017543859649122,3,2,1,0.00014464640113417244,,
2026-05-31,"MercadoLibre, Inc.",US58733R1023,B8366W-R,North America,UNITED STATES,Internet Retail,15.0,28,0.5263157894736842,0.3333,0.19306383634868418,0.19306383634868418,0.3571428571428571,0.3571428571428571,0.0,0.0,1,1,0,0.0008597333067411688,,
2026-05-31,"Merck & Co., Inc.",US58933Y1055,M79R1P-R,North America,UNITED STATES,Pharmaceuticals: Major,8.0,57,2.5,3.383,-0.8828125,0.8828125,2.280701754385965,3.508771929824561,-1.2280701754385963,1.2280701754385963,2,4,-2,0.0032710360256481934,0.004535267981360049,
2026-05-31,"MetLife, Inc.",US59156R1086,NPJW7K-R,North America,UNITED STATES,Multi-Line Insurance,10.0,23,3.75,3.2,0.55078125,0.55078125,4.782608695652174,3.4782608695652173,1.3043478260869565,1.3043478260869565,5,4,1,0.000512269604016706,0.0006991207971266135,
2026-05-31,Mettler-Toledo International Inc.,US5926881054,PHPSQH-R,North America,UNITED STATES,Medical Specialties,9.0,98,0.6722689075630252,1.981,-1.309176404936975,1.309176404936975,0.6122448979591837,2.0408163265306123,-1.4285714285714286,1.4285714285714286,1,2,-1,0.00027912350218860737,0.0003678045984883231,
2026-05-31,Microsoft Corporation,US5949181045,P8R3C2-R,North America,UNITED STATES,Packaged Software,16.0,91,5.283018867924528,5.96,-0.677918632075472,0.677918632075472,5.384615384615384,6.043956043956044,-0.6593406593406597,0.6593406593406597,6,6,0,0.03541179027766385,0.05147821978842451,
2026-05-31,Strategy Inc Class A,US5949724083,L8SD8N-R,North America,UNITED STATES,Internet Software/Services,16.0,91,0.2830188679245283,0.101,0.1820056843307783,0.1820056843307783,0.1098901098901099,0.1098901098901099,0.0,0.0,1,1,0,0.0004673921036648215,,
2026-05-31,Microchip Technology Incorporated,US5950171042,V5WMVF-R,North America,UNITED STATES,Semiconductors,16.0,91,9.81132075471698,8.18,1.6316332547169807,1.6316332547169807,9.78021978021978,8.241758241758241,1.5384615384615383,1.5384615384615383,10,8,2,0.0005726897044904599,0.0007915953967465429,
2026-05-31,"Micron Technology, Inc.",US5951121038,CHR1NX-R,North America,UNITED STATES,Semiconductors,16.0,91,10.0,10.0,0.0,0.0,10.0,10.0,0.0,0.0,10,10,0,0.012210500095742531,0.016825039930849085,
2026-05-31,"Mid-America Apartment Communities, Inc.",US59522J1034,JWH12W-R,North America,UNITED STATES,Real Estate Investment Trusts,14.0,28,2.3684210526315788,1.714,0.6545538651315788,0.6545538651315788,2.142857142857143,1.7857142857142858,0.357142857142857,0.357142857142857,2,2,0,0.00015879450124510767,0.00023408469903791188,
2026-05-31,"Mondelez International, Inc. Class A",US6092071058,HHB3C8-R,North America,UNITED STATES,Food: Specialty/Candy,7.0,17,3.870967741935484,0.8335,3.037471648185484,3.037471648185484,4.705882352941177,1.1764705882352942,3.5294117647058822,3.5294117647058822,5,1,4,0.0008790848068929039,0.0012060289950432208,
2026-05-31,"MongoDB, Inc. Class A",US60937P1066,C7PKHF-R,North America,UNITED STATES,Packaged Software,16.0,91,6.60377358490566,3.031,3.5725235849056602,3.5725235849056602,6.703296703296703,2.8571428571428568,3.846153846153846,3.846153846153846,7,3,4,0.0002998485023511121,,
2026-05-31,"Monolithic Power Systems, Inc.",US6098391054,VZYGFG-R,North America,UNITED STATES,Semiconductors,16.0,91,5.849056603773585,3.94,1.909603478773585,1.909603478773585,6.043956043956044,3.8461538461538463,2.1978021978021975,2.1978021978021975,6,4,2,0.000832103306524522,0.0011745699951725174,
2026-05-31,Monster Beverage Corporation,US61174X1090,NNFR4J-R,North America,UNITED STATES,Beverages: Non-Alcoholic,7.0,17,0.3225806451612903,1.667,-1.3444115423387097,1.3444115423387097,0.5882352941176471,2.3529411764705883,-1.7647058823529411,1.7647058823529411,1,3,-2,0.0007009302054959938,0.0009699259960136041,
2026-05-31,Moody's Corporation,US6153691059,MDYC2K-R,North America,UNITED STATES,Financial Publishing/Services,6.0,36,2.2727272727272725,1.75,0.5227272727272725,0.5227272727272725,2.2222222222222223,1.9444444444444444,0.2777777777777779,0.2777777777777779,2,2,0,0.0007675792060185885,0.0010688509956070223,
2026-05-31,Morgan Stanley,US6174464486,CY644B-R,North America,UNITED STATES,Investment Managers,6.0,36,8.636363636363637,8.0,0.6363636363636367,0.6363636363636367,8.61111111111111,8.61111111111111,0.0,0.0,9,9,0,0.0027535920215909153,0.0038525659841659537,
2026-05-31,"Motorola Solutions, Inc.",US6200763075,MMRZQ5-R,North America,UNITED STATES,Telecommunications Equipment,17.0,13,4.705882352941177,8.46,-3.7550551470588234,3.7550551470588234,6.153846153846154,8.461538461538462,-2.3076923076923075,2.3076923076923075,6,9,-3,0.0007442068058353255,0.001027463995777123,
2026-05-31,"NRG Energy, Inc.",US6293775085,RVC5J9-R,North America,UNITED STATES,Electric Utilities,19.0,32,1.2195121951219512,0.2942,0.9253227419969512,0.9253227419969512,0.625,0.3125,0.3125,0.3125,1,1,0,0.0003029298023752726,0.0004394974981936653,
2026-05-31,"NVR, Inc.",US62944T1051,D0LDT1-R,North America,UNITED STATES,Homebuilding,13.0,15,1.5,1.667,-0.1669921875,0.1669921875,2.0,2.0,0.0,0.0,2,2,0,0.00018060800141614733,0.00026312779891854475,
2026-05-31,"Nasdaq, Inc.",US6311031081,WFMVVR-R,North America,UNITED STATES,Investment Banks/Brokers,6.0,36,4.545454545454545,3.5,1.045454545454545,1.045454545454545,4.722222222222222,3.888888888888889,0.8333333333333335,0.8333333333333335,5,4,1,0.00047807630374859623,0.0006382027973769864,
2026-05-31,"Natera, Inc.",US6323071042,V6HSWX-R,North America,UNITED STATES,Biotechnology,8.0,57,0.5882352941176471,0.5884,-0.00014361213235292158,0.00014361213235292158,0.7017543859649122,0.7017543859649122,0.0,0.0,1,1,0,0.00033340160261420196,,
2026-05-31,"NetApp, Inc.",US64110D1046,JFW5HZ-R,North America,UNITED STATES,Computer Peripherals,16.0,91,7.735849056603774,7.777,-0.04149469339622591,0.04149469339622591,7.802197802197802,7.802197802197802,0.0,0.0,8,8,0,0.00037541730294364707,0.0005288820978262945,
2026-05-31,"Netflix, Inc.",US64110L1061,C4C0BL-R,North America,UNITED STATES,Internet Software/Services,11.0,11,1.6666666666666665,7.223,-5.555989583333334,5.555989583333334,1.8181818181818183,7.272727272727273,-5.454545454545455,5.454545454545455,2,7,-5,0.004038873031668803,0.00559054497702286,
2026-05-31,"Neurocrine Biosciences, Inc.",US64125C1099,HTKQ3B-R,North America,UNITED STATES,Biotechnology,8.0,57,9.705882352941176,9.7,0.002757352941175739,0.002757352941175739,9.649122807017545,9.649122807017545,0.0,0.0,10,10,0,0.0001664020013047581,,
2026-05-31,Newmont Corporation,US6516391066,CGGG4R-R,North America,UNITED STATES,Precious Metals,3.0,9,5.333333333333333,7.69,-2.358072916666667,2.358072916666667,7.777777777777778,10.0,-2.2222222222222223,2.2222222222222223,8,10,-2,0.0013292690104227982,0.0018479219924050405,
2026-05-31,News Corporation Class A,US65249B1098,KTPK4Q-R,North America,UNITED STATES,Publishing: Newspapers,11.0,11,6.666666666666666,3.889,2.777994791666666,2.777994791666666,7.272727272727273,3.6363636363636367,3.6363636363636367,3.6363636363636367,7,4,3,0.00011494160090125708,0.00015093679937964975,
2026-05-31,"NextEra Energy, Inc.",US65339F1012,KB3YPS-R,North America,UNITED STATES,Electric Utilities,19.0,32,7.804878048780488,4.41,3.3947217987804876,3.3947217987804876,8.125,4.6875,3.4375,3.4375,8,5,3,0.0020231780158637388,0.0027897409885341644,
2026-05-31,"NIKE, Inc. Class B",US6541061031,VNMTTH-R,North America,UNITED STATES,Apparel/Footwear,13.0,15,3.0,0.5557,2.4443359375,2.4443359375,4.0,0.6666666666666666,3.3333333333333335,3.3333333333333335,4,1,3,0.0006153828048252166,0.0008476297965162416,
2026-05-31,NiSource Inc,US65473P1057,RYRC40-R,North America,UNITED STATES,Gas Distributors,19.0,32,4.390243902439025,5.883,-1.4925685975609753,1.4925685975609753,4.375,6.25,-1.875,1.875,5,6,-1,0.0002458516019277224,0.00033923699860573595,
2026-05-31,Nordson Corporation,US6556631025,N3CXK7-R,North America,UNITED STATES,Industrial Machinery,9.0,98,3.4453781512605044,6.133,-2.6874343487394956,2.6874343487394956,3.4693877551020407,6.326530612244898,-2.8571428571428577,2.8571428571428577,4,7,-3,0.00017552370137628135,0.00023635339902858753,
2026-05-31,Norfolk Southern Corporation,US6558441084,KDCD3Y-R,North America,UNITED STATES,Railroads,9.0,98,7.563025210084033,2.076,5.486853335084033,5.486853335084033,7.346938775510204,2.142857142857143,5.204081632653061,5.204081632653061,8,2,6,0.000748684605870436,0.0010574939956536995,
2026-05-31,Northern Trust Corporation,US6658591044,X1RJ5Y-R,North America,UNITED STATES,Investment Managers,6.0,36,10.0,7.75,2.25,2.25,10.0,8.333333333333334,1.666666666666666,1.666666666666666,10,9,1,0.00034160990267856323,0.00047280179805678457,
2026-05-31,Northrop Grumman Corp.,US6668071029,LHKN8Z-R,North America,UNITED STATES,Aerospace & Defense,9.0,98,7.899159663865546,4.812,3.0866596638655457,3.0866596638655457,7.755102040816326,4.8979591836734695,2.8571428571428568,2.8571428571428568,8,5,3,0.0008633268067693454,0.0011573219952434066,
2026-05-31,Gen Digital Inc.,US6687711084,KDHCQP-R,North America,UNITED STATES,Packaged Software,16.0,91,7.830188679245284,6.97,0.8614386792452837,0.8614386792452837,7.9120879120879115,6.923076923076923,0.9890109890109882,0.9890109890109882,8,7,1,0.00015268670119721641,0.00022263689908496234,
2026-05-31,Nucor Corporation,US6703461052,HKLJPC-R,North America,UNITED STATES,Steel,3.0,9,7.666666666666667,6.92,0.744791666666667,0.744791666666667,10.0,8.88888888888889,1.1111111111111107,1.1111111111111107,10,9,1,0.0006254850049044279,0.0008807678963800439,
2026-05-31,NVIDIA Corporation,US67066G1040,K7TPSX-R,North America,UNITED STATES,Semiconductors,16.0,91,9.339622641509434,9.59,-0.25412735849056567,0.25412735849056567,9.340659340659341,9.56043956043956,-0.219780219780219,0.219780219780219,10,10,0,0.05436173042625033,0.07900045967530811,
2026-05-31,"O'Reilly Automotive, Inc.",US67103H1077,P36M94-R,North America,UNITED STATES,Specialty Stores,15.0,28,5.7894736842105265,5.0,0.7894736842105265,0.7894736842105265,6.071428571428571,5.0,1.0714285714285712,1.0714285714285712,6,5,1,0.0008139060063818369,0.001125101995375831,
2026-05-31,Occidental Petroleum Corporation,US6745991058,R998SY-R,North America,UNITED STATES,Integrated Oil,12.0,23,6.944444444444445,4.582,2.3624131944444446,2.3624131944444446,6.521739130434783,4.782608695652174,1.7391304347826093,1.7391304347826093,7,5,2,0.00046017430360822666,0.000626847697423656,
2026-05-31,"Okta, Inc. Class A",US6792951054,MCRMKM-R,North America,UNITED STATES,Packaged Software,16.0,91,4.245283018867925,1.313,2.9318064563679247,2.9318064563679247,4.175824175824176,1.4285714285714284,2.7472527472527477,2.7472527472527477,4,2,2,0.0002366817018558212,,
2026-05-31,"Old Dominion Freight Line, Inc.",US6795801009,T6CPQP-R,North America,UNITED STATES,Trucking,9.0,98,2.8571428571428568,0.9434,1.9137834821428568,1.9137834821428568,2.7551020408163263,0.9183673469387755,1.8367346938775508,1.8367346938775508,3,1,2,0.00047878150375412577,0.0006376906973790912,
2026-05-31,Omnicom Group Inc,US6819191064,D8D820-R,North America,UNITED STATES,Advertising/Marketing Services,11.0,11,8.333333333333334,9.445,-1.111979166666666,1.111979166666666,10.0,10.0,0.0,0.0,10,10,0,0.00023523440184447294,0.00035077529855831354,
2026-05-31,ON Semiconductor Corporation,US6821891057,FK9YMK-R,North America,UNITED STATES,Semiconductors,16.0,91,1.6981132075471697,2.424,-0.7257149174528303,0.7257149174528303,1.6483516483516483,2.5274725274725274,-0.8791208791208791,0.8791208791208791,2,3,-1,0.0005307797041618436,0.0007286927970050726,
2026-05-31,"ONEOK, Inc.",US6826801036,NGW97P-R,North America,UNITED STATES,Oil & Gas Pipelines,12.0,23,3.611111111111111,3.334,0.27712673611111116,0.27712673611111116,2.608695652173913,3.4782608695652173,-0.8695652173913042,0.8695652173913042,3,4,-1,0.0005808498045544433,0.0008133806966570054,
2026-05-31,Oracle Corporation,US68389X1054,HQ4DBK-R,North America,UNITED STATES,Packaged Software,16.0,91,3.867924528301887,4.242,-0.37426297169811296,0.37426297169811296,3.8461538461538463,4.175824175824176,-0.32967032967032983,0.32967032967032983,4,4,0,0.004343729034059179,0.005897507975761242,
2026-05-31,Otis Worldwide Corporation,US68902V1070,RCNCKX-R,North America,UNITED STATES,Engineering & Construction,9.0,98,7.4789915966386555,9.055,-1.5756959033613445,1.5756959033613445,7.244897959183674,9.183673469387756,-1.9387755102040822,1.9387755102040822,7,9,-2,0.0003039220023830524,0.00042651499824702336,
2026-05-31,PG&E Corporation,US69331C1080,C5CPSB-R,North America,UNITED STATES,Electric Utilities,19.0,32,9.512195121951219,9.414,0.09813262195121908,0.09813262195121908,9.6875,9.375,0.3125,0.3125,10,10,0,0.00040314550316106386,0.0005545551977207781,
2026-05-31,"PNC Financial Services Group, Inc.",US6934751057,PY50G1-R,North America,UNITED STATES,Major Banks,2.0,15,8.8,4.117,4.682812500000001,4.682812500000001,9.333333333333334,4.0,5.333333333333334,5.333333333333334,10,4,6,0.0009826574077050167,0.001375772994345573,
2026-05-31,"PPG Industries, Inc.",US6935061076,HSFL3C-R,North America,UNITED STATES,Industrial Specialties,9.0,98,7.310924369747899,6.414,0.8968618697478989,0.8968618697478989,7.142857142857143,6.63265306122449,0.5102040816326534,0.5102040816326534,7,7,0,0.0002806413022005084,0.00038979109839795857,
2026-05-31,PPL Corporation,US69351T1060,RPTY1P-R,North America,UNITED STATES,Electric Utilities,19.0,32,7.073170731707316,8.234,-1.1612042682926838,1.1612042682926838,7.5,8.125,-0.625,0.625,8,8,0,0.0002883232022607422,0.0004026099983452729,
2026-05-31,PTC Inc.,US69370C1009,BYP0PF-R,North America,UNITED STATES,Packaged Software,16.0,91,3.3962264150943393,6.77,-3.3733048349056607,3.3733048349056607,3.406593406593407,6.703296703296703,-3.2967032967032956,3.2967032967032956,4,7,-3,0.00018264860143214767,0.0002563607989463571,
2026-05-31,PACCAR Inc,US6937181088,J70N5J-R,North America,UNITED STATES,Trucks/Construction/Farm Machinery,9.0,98,5.2100840336134455,4.34,0.8702402836134455,0.8702402836134455,5.0,4.387755102040816,0.6122448979591839,0.6122448979591839,5,5,0,0.0006472301050749312,0.000894238696324679,
2026-05-31,Packaging Corporation of America,US6951561090,FZRL7K-R,North America,UNITED STATES,Containers/Packaging,9.0,98,3.865546218487395,1.604,2.262030593487395,2.262030593487395,3.877551020408163,1.6326530612244896,2.2448979591836737,2.2448979591836737,4,2,2,0.00021838070171232307,0.0003003635987655056,
2026-05-31,Palantir Technologies Inc. Class A,US69608A1088,WPZ4QD-R,North America,UNITED STATES,Packaged Software,16.0,91,1.1320754716981132,5.758,-4.625737028301887,4.625737028301887,0.9890109890109889,5.824175824175825,-4.835164835164836,4.835164835164836,1,6,-5,0.003803509029823314,0.005506632977367738,
2026-05-31,"Palo Alto Networks, Inc.",US6974351057,X643T6-R,North America,UNITED STATES,Packaged Software,16.0,91,0.660377358490566,0.606,0.054420327240566,0.054420327240566,0.4395604395604396,0.6593406593406593,-0.21978021978021972,0.21978021978021972,1,1,0,0.0025457130199609355,0.0035063849855887577,
2026-05-31,Parker-Hannifin Corporation,US7010941042,VDT85V-R,North America,UNITED STATES,Industrial Machinery,9.0,98,4.453781512605042,4.434,0.02018776260504218,0.02018776260504218,4.183673469387755,4.489795918367347,-0.3061224489795915,0.3061224489795915,4,5,-1,0.0011856240092964778,0.0016402099932587369,
2026-05-31,"Paychex, Inc.",US7043261079,FBB432-R,North America,UNITED STATES,Data Processing Services,9.0,98,2.436974789915966,9.336,-6.898962710084033,6.898962710084033,2.2448979591836733,9.489795918367347,-7.244897959183675,7.244897959183675,2,10,-8,0.00034297310268925206,0.0004852953980054359,
2026-05-31,"PayPal Holdings, Inc.",US70450Y1038,RQ9F5S-R,North America,UNITED STATES,Miscellaneous Commercial Services,9.0,98,6.6386554621848735,8.96,-2.3222820378151265,2.3222820378151265,6.428571428571429,9.081632653061224,-2.653061224489795,2.653061224489795,7,9,-2,0.0004287696033619824,0.0006329310973986532,
2026-05-31,"PepsiCo, Inc.",US7134481081,PPCTFP-R,North America,UNITED STATES,Food: Specialty/Candy,7.0,17,8.064516129032258,6.668,1.396547379032258,1.396547379032258,8.235294117647058,7.647058823529411,0.5882352941176467,0.5882352941176467,8,8,0,0.002192836017194027,0.0030339019875306626,
2026-05-31,Pfizer Inc.,US7170811035,VK7M4R-R,North America,UNITED STATES,Pharmaceuticals: Major,8.0,57,8.529411764705882,3.824,4.705193014705882,4.705193014705882,8.596491228070175,3.859649122807017,4.7368421052631575,4.7368421052631575,9,4,5,0.0016544560129725895,0.0022901419905875164,
2026-05-31,Philip Morris International Inc.,US7181721090,KRQTDT-R,North America,UNITED STATES,Tobacco,7.0,17,3.548387096774194,2.5,1.048387096774194,1.048387096774194,4.117647058823529,3.5294117647058827,0.5882352941176463,0.5882352941176463,4,4,0,0.0030783440241372952,0.004251542982526158,
2026-05-31,Phillips 66,US7185461040,TTDQ0D-R,North America,UNITED STATES,Oil Refining/Marketing,12.0,23,7.777777777777778,6.668,1.1098090277777777,1.1098090277777777,7.391304347826086,6.956521739130435,0.43478260869565144,0.43478260869565144,8,7,1,0.00077636400608747,0.0010923209955105606,
2026-05-31,"Pinnacle Financial Partners, Inc.",US72348N1090,WW3NPV-R,North America,UNITED STATES,Regional Banks,2.0,15,2.0,10.0,-8.0,8.0,0.6666666666666666,10.0,-9.333333333333334,9.333333333333334,1,10,-9,0.00016196580126997382,,
2026-05-31,"Pinterest, Inc. Class A",US72352L1061,H8DT5P-R,North America,UNITED STATES,Internet Software/Services,16.0,91,2.547169811320755,3.838,-1.2907208136792452,1.2907208136792452,2.5274725274725274,3.7362637362637363,-1.208791208791209,1.208791208791209,3,4,-1,8.572436067216472e-06,,
2026-05-31,"T. Rowe Price Group, Inc.",US74144T1088,VNRDMV-R,North America,UNITED STATES,Investment Managers,6.0,36,3.1818181818181817,6.0,-2.8181818181818183,2.8181818181818183,3.333333333333333,6.666666666666666,-3.333333333333333,3.333333333333333,4,7,-3,0.00024883440195111055,0.00035438049854349615,
2026-05-31,"Principal Financial Group, Inc.",US74251V1026,DXZQS6-R,North America,UNITED STATES,Investment Managers,6.0,36,4.318181818181818,3.75,0.5681818181818183,0.5681818181818183,4.444444444444445,4.166666666666667,0.2777777777777777,0.2777777777777777,5,4,1,0.0002533764019867244,0.00031386979870999516,
2026-05-31,Procter & Gamble Company,US7427181091,RZXDWV-R,North America,UNITED STATES,Household/Personal Care,13.0,15,6.5,5.0,1.5,1.5,8.0,6.0,2.0,2.0,8,6,2,0.0037143660291243438,0.005137639978884299,
2026-05-31,Progressive Corporation,US7433151039,HVV49B-R,North America,UNITED STATES,Multi-Line Insurance,10.0,23,1.25,5.6,-4.3515625,4.3515625,1.7391304347826086,6.086956521739131,-4.347826086956522,4.347826086956522,2,6,-4,0.00123933300971761,0.0017215099929245939,
2026-05-31,"Prologis, Inc.",US74340W1036,B97MP0-R,North America,UNITED STATES,Real Estate Investment Trusts,14.0,28,6.578947368421053,5.145,1.434416118421053,1.434416118421053,6.7857142857142865,5.0,1.7857142857142865,1.7857142857142865,7,5,2,0.0014890030116752728,0.0020525599915639783,
2026-05-31,"Prudential Financial, Inc.",US7443201022,SHNVG7-R,North America,UNITED STATES,Life/Health Insurance,10.0,23,1.875,2.0,-0.125,0.125,2.608695652173913,2.1739130434782608,0.43478260869565233,0.43478260869565233,3,2,1,0.00037559990294507885,0.0005376278977903493,
2026-05-31,Public Service Enterprise Group Inc,US7445731067,KYJFW8-R,North America,UNITED STATES,Electric Utilities,19.0,32,3.902439024390244,7.94,-4.038967225609756,4.038967225609756,3.75,7.8125,-4.0625,4.0625,4,8,-4,0.0004386508034394609,0.0006051497975128343,
2026-05-31,Public Storage,US74460D1090,C46DK8-R,North America,UNITED STATES,Real Estate Investment Trusts,14.0,28,6.052631578947368,5.715,0.33778782894736814,0.33778782894736814,6.428571428571429,5.357142857142857,1.071428571428572,1.071428571428572,7,6,1,0.0005297121041534725,0.0007408655969550423,
2026-05-31,"PulteGroup, Inc.",US7458671010,F1DFCD-R,North America,UNITED STATES,Homebuilding,13.0,15,4.0,6.668,-2.66796875,2.66796875,5.333333333333333,8.0,-2.666666666666667,2.666666666666667,6,8,-2,0.0002559325020067667,0.0003481538985690875,
2026-05-31,"Everpure, Inc. Class A",US74624M1027,X197L5-R,North America,UNITED STATES,Computer Peripherals,16.0,91,5.0,5.152,-0.15234375,0.15234375,5.054945054945055,5.164835164835165,-0.10989010989011039,0.10989010989011039,5,5,0,0.0002799497021950856,,
2026-05-31,"Qnity Electronics, Inc.",US74743L1008,KZXLYJ-R,North America,UNITED STATES,Electronic Equipment/Instruments,16.0,91,1.4150943396226414,2.322,-0.9071712853773586,0.9071712853773586,1.3186813186813187,2.4175824175824174,-1.0989010989010988,1.0989010989010988,2,3,-1,0.0003673232028801812,0.0005011367979403278,
2026-05-31,QUALCOMM Incorporated,US7475251036,FXH4XG-R,North America,UNITED STATES,Semiconductors,16.0,91,6.792452830188679,4.344,2.4487028301886786,2.4487028301886786,6.813186813186814,4.285714285714286,2.5274725274725283,2.5274725274725283,7,5,2,0.002985848023412034,0.004122564983056258,
2026-05-31,"Quanta Services, Inc.",US74762E1029,S7P87W-R,North America,UNITED STATES,Engineering & Construction,5.0,13,7.777777777777778,10.0,-2.2222222222222223,2.2222222222222223,9.230769230769232,10.0,-0.7692307692307683,0.7692307692307683,9,10,-1,0.0011895450093272223,0.0016324879932904744,
2026-05-31,Quest Diagnostics Incorporated,US74834L1008,KHX8Q2-R,North America,UNITED STATES,Services to the Health Industry,8.0,57,6.911764705882353,4.707,2.2047334558823533,2.2047334558823533,6.842105263157895,4.7368421052631575,2.105263157894737,2.105263157894737,7,5,2,0.0002469504019363381,0.00032859439864947696,
2026-05-31,RPM International Inc.,US7496851038,LN3YSL-R,North America,UNITED STATES,Industrial Specialties,4.0,8,3.6363636363636367,7.0,-3.3636363636363633,3.3636363636363633,3.75,7.5,-3.75,3.75,4,8,-4,0.00015807880123949587,,
2026-05-31,"Raymond James Financial, Inc.",US7547301090,F1DNTM-R,North America,UNITED STATES,Investment Managers,6.0,36,4.090909090909091,6.25,-2.159090909090909,2.159090909090909,4.166666666666667,6.944444444444445,-2.7777777777777777,2.7777777777777777,4,7,-3,0.0002987660023426242,0.0003856392984150225,
2026-05-31,RTX Corporation,US75513E1010,MKC1SV-R,North America,UNITED STATES,Aerospace & Defense,9.0,98,9.243697478991598,6.227,3.0171349789915975,3.0171349789915975,9.387755102040817,6.428571428571429,2.959183673469388,2.959183673469388,10,7,3,0.0026946340211286253,0.0037133119847382874,
2026-05-31,Realty Income Corporation,US7561091049,B6ZXQL-R,North America,UNITED STATES,Real Estate Investment Trusts,14.0,28,7.631578947368421,8.0,-0.36842105263157876,0.36842105263157876,7.857142857142857,7.857142857142857,0.0,0.0,8,8,0,0.0006396580050155584,0.0008710034964201757,
2026-05-31,"Reddit, Inc. Class A",US75734B1008,JM5H9L-R,North America,UNITED STATES,Internet Software/Services,16.0,91,4.90566037735849,6.363,-1.4576208726415096,1.4576208726415096,4.945054945054945,6.373626373626373,-1.428571428571428,1.428571428571428,5,7,-2,0.00022572620176991915,,
2026-05-31,Regency Centers Corporation,US7588491032,BZPFLX-R,North America,UNITED STATES,Real Estate Investment Trusts,14.0,28,2.1052631578947367,2.572,-0.4670024671052633,0.4670024671052633,1.7857142857142858,2.5,-0.7142857142857142,0.7142857142857142,2,3,-1,0.00015637500122613637,0.00019717779918959925,
2026-05-31,"Regeneron Pharmaceuticals, Inc.",US75886F1075,S8ZQDV-R,North America,UNITED STATES,Pharmaceuticals: Major,8.0,57,7.941176470588235,8.68,-0.7385110294117654,0.7385110294117654,7.894736842105264,8.421052631578947,-0.5263157894736832,0.5263157894736832,8,9,-1,0.0007142790056006617,0.0009526442960846319,
2026-05-31,Regions Financial Corporation,US7591EP1005,FDS65G-R,North America,UNITED STATES,Major Banks,2.0,15,3.5999999999999996,5.293,-1.6929687500000004,1.6929687500000004,1.3333333333333333,5.333333333333333,-4.0,4.0,2,6,-4,0.00026979850211549005,0.0003725373984688713,
2026-05-31,"Reliance, Inc.",US7595091023,VMM9PX-R,North America,UNITED STATES,Steel,3.0,9,4.333333333333334,3.846,0.4876302083333339,0.4876302083333339,6.666666666666666,5.555555555555555,1.1111111111111107,1.1111111111111107,7,6,1,0.00021954810172147667,,
2026-05-31,"Republic Services, Inc.",US7607591002,NPK7YX-R,North America,UNITED STATES,Environmental Services,19.0,32,1.707317073170732,5.0,-3.292682926829268,3.292682926829268,1.25,5.3125,-4.0625,4.0625,1,5,-4,0.0004562576035775159,0.0006232107974386037,
2026-05-31,ResMed Inc.,US7611521078,J2MW73-R,North America,UNITED STATES,Medical Specialties,8.0,57,9.558823529411764,9.85,-0.2927389705882355,0.2927389705882355,9.473684210526315,9.82456140350877,-0.35087719298245545,0.35087719298245545,10,10,0,0.000315346902472635,0.0004280644982406549,
2026-05-31,"Revolution Medicines, Inc.",US76155X1000,BMBP35-R,North America,UNITED STATES,Pharmaceuticals: Other,8.0,57,1.4705882352941178,0.4412,1.0294261259191178,1.0294261259191178,1.5789473684210527,0.5263157894736842,1.0526315789473686,1.0526315789473686,2,1,1,0.00027981170219400355,,
2026-05-31,"Rivian Automotive, Inc. Class A",US76954A1034,G7RF6F-R,North America,UNITED STATES,Motor Vehicles,1.0,6,5.7142857142857135,1.667,4.0472935267857135,4.0472935267857135,6.666666666666666,1.6666666666666665,5.0,5.0,7,2,5,0.00014131520110805248,,
2026-05-31,"Robinhood Markets, Inc. Class A",US7707001027,CSC7N1-R,North America,UNITED STATES,Investment Banks/Brokers,6.0,36,0.2272727272727273,0.5,-0.2727272727272727,0.2727272727272727,0.2777777777777778,0.5555555555555556,-0.2777777777777778,0.2777777777777778,1,1,0,0.0007899877061942935,0.0011460409952897715,
2026-05-31,Roblox Corp. Class A,US7710491033,DX9NZT-R,North America,UNITED STATES,Packaged Software,16.0,91,1.5094339622641508,0.404,1.1053812278891508,1.1053812278891508,1.4285714285714284,0.4395604395604396,0.9890109890109888,0.9890109890109888,2,1,1,0.00031258900245101037,,
2026-05-31,"Rocket Companies, Inc. Class A",US77311W1018,WVFWFQ-R,North America,UNITED STATES,Finance/Rental/Leasing,6.0,36,8.181818181818182,6.75,1.4318181818181817,1.4318181818181817,8.055555555555555,7.5,0.5555555555555554,0.5555555555555554,8,8,0,0.00014606750114531526,,
2026-05-31,Rocket Lab Corporation,US7731211089,QZL0GG-R,North America,UNITED STATES,Aerospace & Defense,9.0,98,0.08403361344537814,0.1887,-0.10468708967962186,0.10468708967962186,0.1020408163265306,0.2040816326530612,-0.1020408163265306,0.1020408163265306,1,1,0,0.0008322287065255053,,
2026-05-31,"Rockwell Automation, Inc.",US7739031091,R4M2WP-R,North America,UNITED STATES,Electrical Products,9.0,98,1.4285714285714284,3.303,-1.8741629464285716,1.8741629464285716,1.1224489795918366,3.4693877551020407,-2.3469387755102042,2.3469387755102042,1,4,-3,0.0005649325044296357,0.0007833378967804812,
2026-05-31,"Rollins, Inc.",US7757111049,WRVHRX-R,North America,UNITED STATES,Miscellaneous Commercial Services,11.0,11,0.5555555555555556,6.11,-5.553819444444445,5.553819444444445,0.9090909090909092,6.363636363636363,-5.454545454545454,5.454545454545454,1,7,-6,0.0001488183011668843,0.00021467109911770178,
2026-05-31,"Roper Technologies, Inc.",US7766961061,FQZF97-R,North America,UNITED STATES,Packaged Software,16.0,91,9.433962264150944,7.17,2.262087264150944,2.262087264150944,9.45054945054945,7.142857142857143,2.3076923076923075,2.3076923076923075,10,7,3,0.00037599910294820895,0.0005330148978093087,
2026-05-31,"Ross Stores, Inc.",US7782961038,FJ4NDH-R,North America,UNITED STATES,Apparel/Footwear Retail,15.0,28,9.210526315789473,9.664,-0.45353618421052744,0.45353618421052744,9.642857142857142,9.642857142857142,0.0,0.0,10,10,0,0.0008172262064078706,0.0011527029952623908,
2026-05-31,"S&P Global, Inc.",US78409V1044,PRGQ6L-R,North America,UNITED STATES,Financial Publishing/Services,6.0,36,2.727272727272727,2.75,-0.02272727272727293,0.02272727272727293,2.7777777777777777,3.055555555555556,-0.2777777777777781,0.2777777777777781,3,3,0,0.001437138011268599,0.0019969469917925477,
2026-05-31,SBA Communications Corp. Class A,US78410G1040,XKT8J2-R,North America,UNITED STATES,Real Estate Investment Trusts,14.0,28,5.7894736842105265,8.86,-3.0699013157894735,3.0699013157894735,6.071428571428571,8.928571428571429,-2.8571428571428577,2.8571428571428577,6,9,-3,0.0002451943019225685,0.0003344719986253201,
2026-05-31,"SS&C Technologies Holdings, Inc.",US78467J1007,G92RX2-R,North America,UNITED STATES,Packaged Software,16.0,91,8.20754716981132,4.14,4.0669221698113205,4.0669221698113205,8.241758241758241,4.065934065934066,4.175824175824175,4.175824175824175,8,4,4,0.00015798210123873764,,
2026-05-31,"Salesforce, Inc.",US79466L3024,GZMRSV-R,North America,UNITED STATES,Packaged Software,16.0,91,8.49056603773585,6.867,1.6233785377358494,1.6233785377358494,8.461538461538462,6.813186813186814,1.6483516483516478,1.6483516483516478,9,7,2,0.001704435013364475,0.00275665198867016,
2026-05-31,"Samsara, Inc. Class A",US79589L1061,M52F3X-R,North America,UNITED STATES,Packaged Software,16.0,91,1.0377358490566038,3.637,-2.5989829009433962,2.5989829009433962,0.8791208791208792,3.516483516483517,-2.6373626373626378,2.6373626373626378,1,4,-3,0.00013303380104311803,,
2026-05-31,Charles Schwab Corp,US8085131055,KM5Q58-R,North America,UNITED STATES,Investment Banks/Brokers,6.0,36,6.8181818181818175,4.75,2.0681818181818175,2.0681818181818175,6.944444444444445,5.277777777777778,1.666666666666667,1.666666666666667,7,5,2,0.0016159660126707895,0.002244807990773839,
2026-05-31,Sea Limited Sponsored ADR Class A,US81141R1005,MG0VMN-R,North America,UNITED STATES,Internet Retail,15.0,28,1.5789473684210527,6.332,-4.753083881578947,4.753083881578947,1.4285714285714284,6.428571428571429,-5.0,5.0,2,7,-5,0.0003796788029770615,,
2026-05-31,Sempra,US8168511090,WQK5W2-R,North America,UNITED STATES,Gas Distributors,19.0,32,2.926829268292683,1.177,1.7500714557926829,1.7500714557926829,2.8125,1.25,1.5625,1.5625,3,1,2,0.0006480201050811256,0.0008974714963113921,
2026-05-31,"ServiceNow, Inc.",US81762P1021,MJ0XB7-R,North America,UNITED STATES,Packaged Software,16.0,91,0.8490566037735848,0.909,-0.06012308372641517,0.06012308372641517,0.6593406593406593,0.9890109890109889,-0.3296703296703296,0.3296703296703296,1,1,0,0.001448158011355007,0.0020038779917640613,
2026-05-31,Sherwin-Williams Company,US8243481061,GC9695-R,North America,UNITED STATES,Industrial Specialties,9.0,98,3.5294117647058827,5.754,-2.2244944852941173,2.2244944852941173,3.5714285714285716,5.918367346938775,-2.346938775510204,2.346938775510204,4,6,-2,0.0007906917061998136,0.0010767469955745698,
2026-05-31,"Simon Property Group, Inc.",US8288061091,M1H0C2-R,North America,UNITED STATES,Real Estate Investment Trusts,14.0,28,5.263157894736842,4.0,1.2631578947368416,1.2631578947368416,5.7142857142857135,3.5714285714285716,2.142857142857142,2.142857142857142,6,4,2,0.000736947705778407,0.0010247139957884255,
2026-05-31,Snap-on Incorporated,US8330341012,DXW84Y-R,North America,UNITED STATES,Tools & Hardware,9.0,98,2.3529411764705883,8.586,-6.232996323529411,6.232996323529411,2.142857142857143,8.775510204081632,-6.63265306122449,6.63265306122449,2,9,-7,0.00021251960166636619,0.0002974370987775335,
2026-05-31,"Snap, Inc. Class A",US83304A1060,NCFFZY-R,North America,UNITED STATES,Packaged Software,16.0,91,3.7735849056603774,3.13,0.6427255306603774,0.6427255306603774,3.7362637362637363,2.967032967032967,0.7692307692307692,0.7692307692307692,4,3,1,3.0696830240693846e-06,,
2026-05-31,"Snowflake, Inc.",US8334451098,JWW8TR-R,North America,UNITED STATES,Packaged Software,16.0,91,3.1132075471698113,1.212,1.9012934846698113,1.9012934846698113,3.076923076923077,1.3186813186813187,1.7582417582417584,1.7582417582417584,3,2,1,0.000933844407322274,,
2026-05-31,SoFi Technologies Inc,US83406F1021,HGZX4Y-R,North America,UNITED STATES,Finance/Rental/Leasing,6.0,36,1.3636363636363635,0.75,0.6136363636363635,0.6136363636363635,1.3888888888888888,0.8333333333333333,0.5555555555555556,0.5555555555555556,2,1,1,0.0002528823019828501,,
2026-05-31,Southern Company,US8425871071,XGFDHN-R,North America,UNITED STATES,Electric Utilities,19.0,32,2.682926829268293,2.941,-0.25847942073170715,0.25847942073170715,2.5,3.125,-0.625,0.625,3,3,0,0.001152976009040485,0.0015596709935897521,
2026-05-31,"Block, Inc. Class A",US8522341036,QV31TF-R,North America,UNITED STATES,Miscellaneous Commercial Services,9.0,98,5.126050420168067,2.924,2.202222295168067,2.202222295168067,4.8979591836734695,3.0612244897959187,1.8367346938775508,1.8367346938775508,5,3,2,0.0004339788034028278,0.0006368097973827117,
2026-05-31,Starbucks Corporation,US8552441094,TWTDGH-R,North America,UNITED STATES,Restaurants,18.0,20,9.615384615384615,2.309,7.306790865384615,7.306790865384615,9.5,2.5,7.0,7.0,10,3,7,0.0012566400098533142,0.0017383829928552458,
2026-05-31,State Street Corporation,US8574771031,JQZ00G-R,North America,UNITED STATES,Investment Banks/Brokers,6.0,36,9.772727272727273,9.5,0.2727272727272734,0.2727272727272734,9.722222222222221,10.0,-0.27777777777777857,0.27777777777777857,10,10,0,0.0004817433037773492,0.0006715840972397894,
2026-05-31,"Steel Dynamics, Inc.",US8581191009,MTBCGY-R,North America,UNITED STATES,Steel,3.0,9,6.666666666666666,5.383,1.283854166666666,1.283854166666666,8.88888888888889,6.666666666666666,2.222222222222223,2.222222222222223,9,7,2,0.0004014058031474229,0.0005518429977319253,
2026-05-31,Stryker Corporation,US8636671013,TY1WWM-R,North America,UNITED STATES,Medical Specialties,8.0,57,4.117647058823529,7.5,-3.382352941176471,3.382352941176471,3.859649122807017,7.192982456140351,-3.333333333333334,3.333333333333334,4,7,-3,0.001167710009156014,0.0016190229933458155,
2026-05-31,"Sun Communities, Inc.",US8666741041,B2F8KN-R,North America,UNITED STATES,Real Estate Investment Trusts,14.0,28,3.4210526315789473,0.5713,2.8497635690789473,2.8497635690789473,3.2142857142857144,0.7142857142857142,2.5,2.5,3,1,2,0.000174548401368634,,
2026-05-31,Sunbelt Rentals Holdings Inc,US8669661048,CQWN5R-R,North America,UNITED STATES,Finance/Rental/Leasing,6.0,36,1.1363636363636362,2.25,-1.1136363636363638,1.1136363636363638,1.1111111111111112,2.5,-1.3888888888888888,1.3888888888888888,1,3,-2,0.00035203280276028924,,0.0021870319925640907
2026-05-31,"Super Micro Computer, Inc.",US86800U3023,PTW56G-R,North America,UNITED STATES,Computer Processing Hardware,16.0,91,5.377358490566038,4.645,0.7328272405660377,0.7328272405660377,5.4945054945054945,4.615384615384616,0.8791208791208787,0.8791208791208787,6,5,1,0.0002648831020769484,0.0003566383985342162,
2026-05-31,"Synopsys, Inc.",US8716071076,CPCV0Y-R,North America,UNITED STATES,Packaged Software,16.0,91,2.169811320754717,1.616,0.5536003832547172,0.5536003832547172,2.197802197802198,1.7582417582417584,0.43956043956043955,0.43956043956043955,2,2,0,0.0009674857075860554,0.0014015309942397077,
2026-05-31,Synchrony Financial,US87165B1035,VQYTRP-R,North America,UNITED STATES,Finance/Rental/Leasing,9.0,98,8.15126050420168,9.24,-1.0909269957983199,1.0909269957983199,8.061224489795919,9.387755102040817,-1.3265306122448983,1.3265306122448983,8,10,-2,0.0002788081021861343,0.0003806929984353518,
2026-05-31,Sysco Corporation,US8718291078,T2TNWF-R,North America,UNITED STATES,Food Distributors,15.0,28,2.1052631578947367,1.0,1.1052631578947367,1.1052631578947367,1.7857142857142858,0.7142857142857142,1.0714285714285716,1.0714285714285716,2,1,1,0.0004039399031672927,0.000559184197701753,
2026-05-31,TJX Companies Inc,US8725401090,S8ZPBT-R,North America,UNITED STATES,Apparel/Footwear Retail,15.0,28,8.157894736842104,8.664,-0.5061677631578956,0.5061677631578956,8.214285714285714,8.928571428571429,-0.7142857142857153,0.7142857142857153,8,9,-1,0.0019059740149447422,0.0026454399891272418,
2026-05-31,"T-Mobile US, Inc.",US8725901040,W5QQ9P-R,North America,UNITED STATES,Wireless Telecommunications,17.0,13,5.294117647058823,4.617,0.6769301470588234,0.6769301470588234,6.923076923076923,4.615384615384616,2.3076923076923075,2.3076923076923075,7,5,2,0.001034667008112824,0.001367228994380689,
2026-05-31,"Take-Two Interactive Software, Inc.",US8740541094,MYW502-R,North America,UNITED STATES,Packaged Software,16.0,91,3.490566037735849,2.627,0.863612912735849,0.863612912735849,3.516483516483517,2.7472527472527473,0.7692307692307696,0.7692307692307696,4,3,1,0.0004495669035250541,0.0006004518975321427,
2026-05-31,"Tapestry, Inc.",US8760301072,LN3P8B-R,North America,UNITED STATES,Apparel/Footwear Retail,15.0,28,8.947368421052632,9.336,-0.38856907894736814,0.38856907894736814,9.285714285714286,9.285714285714286,0.0,0.0,9,9,0,0.0003197641025072703,0.00045199709814229186,
2026-05-31,Target Corporation,US87612E1064,J994MP-R,North America,UNITED STATES,Specialty Stores,15.0,28,9.736842105263158,10.0,-0.2631578947368425,0.2631578947368425,10.0,10.0,0.0,0.0,10,10,0,0.0006251785049020246,0.0008844122963650654,
2026-05-31,Targa Resources Corp.,US87612G1013,DKTB77-R,North America,UNITED STATES,Gas Distributors,12.0,23,4.722222222222222,3.75,0.9722222222222223,0.9722222222222223,3.4782608695652173,3.9130434782608696,-0.43478260869565233,0.43478260869565233,4,4,0,0.0005999970047045765,0.0008430415965350991,
2026-05-31,Teledyne Technologies Incorporated,US8793601050,MTGSY3-R,North America,UNITED STATES,Aerospace & Defense,9.0,98,7.142857142857143,1.698,5.444614955357143,5.444614955357143,6.938775510204081,1.7346938775510203,5.204081632653061,5.204081632653061,7,2,5,0.00032009910250989707,0.00044708469816248186,
2026-05-31,"Teradyne, Inc.",US8807701029,G4GB6B-R,North America,UNITED STATES,Electronic Production Equipment,16.0,91,5.660377358490566,9.29,-3.6286851415094343,3.6286851415094343,5.824175824175825,9.340659340659341,-3.5164835164835164,3.5164835164835164,6,10,-4,0.0006530302051204099,0.0009058002962771608,
2026-05-31,"Tesla, Inc.",US88160R1014,Q2YN1N-R,North America,UNITED STATES,Motor Vehicles,1.0,6,7.142857142857143,5.0,2.1428571428571432,2.1428571428571432,8.333333333333334,5.0,3.333333333333334,3.333333333333334,9,5,4,0.013677770107247396,0.01887017992244356,
2026-05-31,Teva Pharmaceutical Industries Limited Sponsored ADR,US8816242098,QWP6YY-R,North America,UNITED STATES,Pharmaceuticals: Generic,8.0,57,1.6176470588235294,2.354,-0.7358685661764706,0.7358685661764706,1.7543859649122806,2.4561403508771926,-0.701754385964912,0.701754385964912,2,3,-1,0.00046477850364432823,,
2026-05-31,Texas Instruments Incorporated,US8825081040,HQ87P5-R,North America,UNITED STATES,Semiconductors,16.0,91,7.452830188679245,7.676,-0.22295106132075482,0.22295106132075482,7.472527472527473,7.6923076923076925,-0.2197802197802199,0.2197802197802199,8,8,0,0.0031013620243177794,0.004270756982447188,
2026-05-31,Texas Pacific Land Corporation,US88262P1021,SJX7P8-R,North America,UNITED STATES,Investment Trusts/Mutual Funds,12.0,23,1.1111111111111112,4.168,-3.056857638888889,3.056857638888889,1.3043478260869565,4.3478260869565215,-3.043478260869565,3.043478260869565,1,5,-4,0.00025680990201364643,0.0003507852985582724,
2026-05-31,Textron Inc.,US8832031012,GN6RRQ-R,North America,UNITED STATES,Aerospace & Defense,9.0,98,8.823529411764707,3.584,5.2395450367647065,5.2395450367647065,8.877551020408163,3.775510204081632,5.1020408163265305,5.1020408163265305,9,4,5,0.00017843070139907512,0.0002444208989954301,
2026-05-31,Thermo Fisher Scientific Inc.,US8835561023,BK6JKQ-R,North America,UNITED STATES,Medical Specialties,8.0,57,6.470588235294118,1.471,4.999885110294118,4.999885110294118,6.315789473684211,1.4035087719298245,4.912280701754386,4.912280701754386,7,2,5,0.0020389840159876736,0.002848581988292328,
2026-05-31,3M Company,US88579Y1010,FT8DNV-R,North America,UNITED STATES,Industrial Conglomerates,9.0,98,2.100840336134454,3.02,-0.9186909138655461,0.9186909138655461,1.836734693877551,3.163265306122449,-1.326530612244898,1.326530612244898,2,3,-1,0.0009044652070919117,0.0012405439949013642,
2026-05-31,"Toast, Inc. Class A",US8887871080,Q85TM3-R,North America,UNITED STATES,Packaged Software,16.0,91,5.471698113207547,8.99,-3.5204893867924527,3.5204893867924527,5.604395604395604,9.12087912087912,-3.5164835164835164,3.5164835164835164,6,9,-3,0.00012876880100967617,,
2026-05-31,Tractor Supply Company,US8923561067,BRWKF0-R,North America,UNITED STATES,Specialty Stores,15.0,28,2.8947368421052633,2.334,0.5607524671052633,0.5607524671052633,2.8571428571428568,2.142857142857143,0.714285714285714,0.714285714285714,3,2,1,0.00018539340145366966,0.00025797299893973093,
2026-05-31,"Tradeweb Markets, Inc. Class A",US8926721064,RHVDR3-R,North America,UNITED STATES,Investment Banks/Brokers,6.0,36,6.590909090909091,6.5,0.09090909090909083,0.09090909090909083,6.666666666666666,7.222222222222222,-0.5555555555555562,0.5555555555555562,7,7,0,0.0001325328010391897,,
2026-05-31,TransDigm Group Incorporated,US8936411003,Q8G78M-R,North America,UNITED STATES,Aerospace & Defense,9.0,98,6.050420168067227,2.453,3.5972951680672267,3.5972951680672267,5.816326530612245,2.5510204081632653,3.2653061224489797,3.2653061224489797,6,3,3,0.0007917330062079784,0.0010942499955026324,
2026-05-31,TransUnion,US89400J1079,G3ZPT3-R,North America,UNITED STATES,Financial Publishing/Services,9.0,98,8.991596638655462,6.04,2.952534138655462,2.952534138655462,9.081632653061224,6.224489795918368,2.857142857142856,2.857142857142856,9,6,3,0.00015897530124652534,,
2026-05-31,"Travelers Companies, Inc.",US89417E1091,FS319Q-R,North America,UNITED STATES,Property/Casualty Insurance,10.0,23,8.125,9.6,-1.4765625,1.4765625,9.565217391304348,9.565217391304348,0.0,0.0,10,10,0,0.0006991819054822853,0.0009707084960103881,
2026-05-31,Trimble Inc.,US8962391004,TBS2VP-R,North America,UNITED STATES,Packaged Software,9.0,98,8.235294117647058,6.508,1.727481617647058,1.727481617647058,8.16326530612245,6.73469387755102,1.4285714285714288,1.4285714285714288,8,7,1,0.00015121740118569563,0.00020626529915224962,
2026-05-31,Truist Financial Corporation,US89832Q1094,GX5LJC-R,North America,UNITED STATES,Regional Banks,2.0,15,5.6000000000000005,7.65,-2.0484374999999995,2.0484374999999995,4.0,8.0,-4.0,4.0,4,8,-4,0.0006722042052707532,0.0009357017961542656,
2026-05-31,"Twilio, Inc. Class A",US90138F1021,QWG0VT-R,North America,UNITED STATES,Packaged Software,16.0,91,5.566037735849056,3.434,2.132443985849056,2.132443985849056,5.7142857142857135,3.2967032967032965,2.417582417582417,2.417582417582417,6,3,3,0.0003069201024065605,,
2026-05-31,"Tyler Technologies, Inc.",US9022521051,RT7HCR-R,North America,UNITED STATES,Data Processing Services,16.0,91,3.0188679245283017,1.516,1.5032429245283017,1.5032429245283017,2.967032967032967,1.6483516483516483,1.3186813186813189,1.3186813186813189,3,2,1,0.00014737780115558935,0.0002081945991443202,
2026-05-31,"Tyson Foods, Inc. Class A",US9024941034,BM9QXX-R,North America,UNITED STATES,Food: Meat/Fish/Dairy,7.0,17,8.387096774193548,4.582,3.805065524193548,3.805065524193548,8.823529411764707,6.470588235294118,2.3529411764705888,2.3529411764705888,9,7,2,0.00019029920149213602,0.00026681119890340594,
2026-05-31,U.S. Bancorp,US9029733048,WYJT0C-R,North America,UNITED STATES,Major Banks,2.0,15,6.0,6.47,-0.46875,0.46875,4.666666666666667,6.666666666666666,-1.9999999999999991,1.9999999999999991,5,7,-2,0.0009377728073530766,0.0013152169945944581,
2026-05-31,"Uber Technologies, Inc.",US90353T1007,TR0FX7-R,North America,UNITED STATES,Other Transportation,9.0,98,1.9327731092436975,1.887,0.046054359243697496,0.046054359243697496,1.6326530612244896,1.9387755102040816,-0.30612244897959195,0.30612244897959195,2,2,0,0.0014029580110005936,0.0022303479908332697,
2026-05-31,Ulta Beauty Inc.,US90384S3031,GM3DBL-R,North America,UNITED STATES,Specialty Stores,15.0,28,1.0526315789473684,2.0,-0.9473684210526316,0.9473684210526316,1.0714285714285714,1.7857142857142858,-0.7142857142857144,0.7142857142857144,1,2,-1,0.0002519517019755533,0.00034625459857689356,
2026-05-31,Union Pacific Corporation,US9078181081,M1FW60-R,North America,UNITED STATES,Railroads,9.0,98,5.630252100840336,4.62,1.0091583508403357,1.0091583508403357,5.408163265306123,4.6938775510204085,0.7142857142857144,0.7142857142857144,6,5,1,0.0017278220135478522,0.0023978659901447708,
2026-05-31,"United Airlines Holdings, Inc.",US9100471096,QKJS7V-R,North America,UNITED STATES,Airlines,18.0,20,3.4615384615384617,1.923,1.5386868990384617,1.5386868990384617,4.0,2.0,2.0,2.0,4,2,2,0.0001066925008365759,0.0005738464976414909,
2026-05-31,"United Parcel Service, Inc. Class B",US9113121068,KPFMHW-R,North America,UNITED STATES,Air Freight/Couriers,9.0,98,4.7899159663865545,5.66,-0.8702402836134455,0.8702402836134455,4.489795918367347,5.816326530612245,-1.3265306122448983,1.3265306122448983,5,6,-1,0.0008821750069171342,0.001216354995000781,
2026-05-31,"United Rentals, Inc.",US9113631090,W0Z4W6-R,North America,UNITED STATES,Finance/Rental/Leasing,9.0,98,4.957983193277311,2.736,2.221655068277311,2.221655068277311,4.6938775510204085,2.8571428571428568,1.8367346938775517,1.8367346938775517,5,3,2,0.0006989444054804231,0.000964348396036528,
2026-05-31,United Therapeutics Corporation,US91307C1027,P6GXH6-R,North America,UNITED STATES,Biotechnology,8.0,57,6.764705882352942,2.5,4.264705882352942,4.264705882352942,6.666666666666666,2.631578947368421,4.035087719298245,4.035087719298245,7,3,4,0.0002488914019515575,,
2026-05-31,UnitedHealth Group Incorporated,US91324P1021,GGPVTB-R,North America,UNITED STATES,Managed Health Care,8.0,57,8.088235294117647,7.207,0.8812040441176467,0.8812040441176467,8.070175438596491,6.842105263157895,1.2280701754385968,1.2280701754385968,8,7,1,0.003848090030172874,0.005304514978198443,
2026-05-31,Valero Energy Corporation,US91913Y1001,H2VPCM-R,North America,UNITED STATES,Oil Refining/Marketing,12.0,23,9.722222222222221,9.586,0.13628472222222143,0.13628472222222143,10.0,9.565217391304348,0.43478260869565233,0.43478260869565233,10,10,0,0.0008185384064181596,0.001148627995279139,
2026-05-31,Veeva Systems Inc Class A,US9224751084,S5879M-R,North America,UNITED STATES,Packaged Software,8.0,57,3.235294117647059,6.324,-3.088924632352941,3.088924632352941,2.807017543859649,5.964912280701754,-3.1578947368421053,3.1578947368421053,3,6,-3,0.0002849078022339621,0.0004057368983324214,
2026-05-31,"Ventas, Inc.",US92276F1003,THB4X2-R,North America,UNITED STATES,Real Estate Investment Trusts,14.0,28,7.105263157894736,3.143,3.9626850328947363,3.9626850328947363,7.5,2.8571428571428568,4.642857142857143,4.642857142857143,8,3,5,0.00044742370350824923,0.0006176295974615423,
2026-05-31,Veralto Corporation,US92338C1036,P4XV2C-R,North America,UNITED STATES,Industrial Machinery,9.0,98,2.6050420168067228,5.0,-2.3949579831932772,2.3949579831932772,2.4489795918367347,5.1020408163265305,-2.6530612244897958,2.6530612244897958,3,5,-2,0.00021962860172210786,0.00031658679869882826,
2026-05-31,"VeriSign, Inc.",US92343E1029,NB76FG-R,North America,UNITED STATES,Internet Software/Services,16.0,91,7.264150943396226,8.69,-1.423349056603774,1.423349056603774,7.252747252747253,8.791208791208792,-1.5384615384615392,1.5384615384615392,7,9,-2,0.0002609511020461176,0.0003608263985170035,
2026-05-31,Verizon Communications Inc.,US92343V1044,FT8FQW-R,North America,UNITED STATES,Wireless Telecommunications,17.0,13,7.058823529411765,6.152,0.9064797794117654,0.9064797794117654,9.230769230769232,6.153846153846154,3.0769230769230775,3.0769230769230775,9,6,3,0.0022169290173829404,0.0031040579872423217,
2026-05-31,"Verisk Analytics, Inc.",US92345Y1064,M67VFY-R,North America,UNITED STATES,Data Processing Services,9.0,98,3.1932773109243695,3.396,-0.2032070640756305,0.2032070640756305,3.163265306122449,3.5714285714285716,-0.40816326530612246,0.40816326530612246,3,4,-1,0.0002522870019781824,0.00037762519844796046,
2026-05-31,Vertex Pharmaceuticals Incorporated,US92532F1003,FFQNC3-R,North America,UNITED STATES,Pharmaceuticals: Major,8.0,57,3.5294117647058827,4.117,-0.5877757352941173,0.5877757352941173,3.1578947368421053,4.2105263157894735,-1.0526315789473681,1.0526315789473681,3,4,-1,0.0012713440099686084,0.001748408992814039,
2026-05-31,Vertiv Holdings Co. Class A,US92537N1081,K1CWC1-R,North America,UNITED STATES,Electronic Production Equipment,16.0,91,5.188679245283019,7.477,-2.2878832547169807,2.2878832547169807,5.274725274725275,7.472527472527473,-2.197802197802198,2.197802197802198,5,8,-3,0.0012809290100437643,0.001860436992353604,
2026-05-31,VICI Properties Inc,US9256521090,XQF8XY-R,North America,UNITED STATES,Real Estate Investment Trusts,14.0,28,8.947368421052632,9.43,-0.48231907894736814,0.48231907894736814,8.928571428571429,9.642857142857142,-0.7142857142857135,0.7142857142857135,9,10,-1,0.00033749290264628183,0.00047299639805598476,
2026-05-31,Visa Inc. Class A,US92826C8394,LC1BTF-R,North America,UNITED STATES,Finance/Rental/Leasing,9.0,98,2.0168067226890756,6.32,-4.303505777310924,4.303505777310924,1.7346938775510203,6.530612244897958,-4.795918367346938,4.795918367346938,2,7,-5,0.006112727047929893,0.008446049965286735,
2026-05-31,Vistra Corp.,US92840M1027,KZNLFS-R,North America,UNITED STATES,Electric Utilities,19.0,32,2.1951219512195124,5.59,-3.3947217987804876,3.3947217987804876,1.875,5.9375,-4.0625,4.0625,2,6,-4,0.0006052558047458108,0.0007885828967589243,
2026-05-31,Vulcan Materials Company,US9291601097,MQ0Y3T-R,North America,UNITED STATES,Construction Materials,5.0,13,4.444444444444445,3.572,0.8721788194444446,0.8721788194444446,5.384615384615384,3.8461538461538463,1.5384615384615379,1.5384615384615379,6,4,2,0.00040768200319663456,0.0005762743976315122,
2026-05-31,W. P. Carey Inc.,US92936U1097,V4QM4M-R,North America,UNITED STATES,Real Estate Investment Trusts,14.0,28,9.473684210526315,9.71,-0.23725328947368496,0.23725328947368496,9.642857142857142,10.0,-0.35714285714285765,0.35714285714285765,10,10,0,0.0001721183013495796,,
2026-05-31,WEC Energy Group Inc,US92939U1060,RFPMVX-R,North America,UNITED STATES,Electric Utilities,19.0,32,1.951219512195122,3.53,-1.578077362804878,1.578077362804878,1.5625,3.75,-2.1875,2.1875,2,4,-2,0.0004005537031407416,0.0005580860977062661,
2026-05-31,Westinghouse Air Brake Technologies Corporation,US9297401088,XF43NV-R,North America,UNITED STATES,Trucks/Construction/Farm Machinery,9.0,98,8.487394957983193,5.38,3.1084887079831933,3.1084887079831933,8.46938775510204,5.5102040816326525,2.959183673469388,2.959183673469388,9,6,3,0.0004989774039124819,0.0006878063971731157,
2026-05-31,Walmart Inc.,US9311421039,CSMTMQ-R,North America,UNITED STATES,Specialty Stores,15.0,28,6.578947368421053,4.0,2.578947368421053,2.578947368421053,6.7857142857142865,3.9285714285714284,2.857142857142858,2.857142857142858,7,4,3,0.005652134044318383,0.007811266967895692,
2026-05-31,"Warner Bros. Discovery, Inc. Series A",US9344231041,B71DJZ-R,North America,UNITED STATES,Cable/Satellite TV,11.0,11,3.333333333333333,2.777,0.555989583333333,0.555989583333333,3.6363636363636367,2.727272727272727,0.9090909090909096,0.9090909090909096,4,3,1,0.0007118061055812717,0.001033127995753844,
2026-05-31,"Waste Management, Inc.",US94106L1098,TZ2TSL-R,North America,UNITED STATES,Environmental Services,19.0,32,1.4634146341463414,4.117,-2.6537728658536586,2.6537728658536586,0.9375,4.375,-3.4375,3.4375,1,5,-4,0.0009439688074016594,0.0012113769950212404,
2026-05-31,Waters Corporation,US9418481035,WL1GCY-R,North America,UNITED STATES,Medical Specialties,8.0,57,0.44117647058823534,0.2942,0.14698701746323534,0.14698701746323534,0.5263157894736842,0.3508771929824561,0.17543859649122806,0.17543859649122806,1,1,0,0.00041996200329292205,0.0005774186976268092,
2026-05-31,"Watsco, Inc.",US9426222009,L8N68Q-R,North America,UNITED STATES,Building Products,5.0,13,5.555555555555555,2.857,2.6981336805555554,2.6981336805555554,6.923076923076923,3.076923076923077,3.8461538461538463,3.8461538461538463,7,3,4,0.0001398233010963545,,
2026-05-31,Wells Fargo & Company,US9497461015,VWF970-R,North America,UNITED STATES,Major Banks,2.0,15,7.6,4.707,2.8929687499999996,2.8929687499999996,7.333333333333333,4.666666666666667,2.666666666666666,2.666666666666666,8,5,3,0.0026513230207890234,0.0036921859848251157,
2026-05-31,Welltower Inc.,US95040Q1040,B6ZP8C-R,North America,UNITED STATES,Real Estate Investment Trusts,14.0,28,10.0,9.14,0.859375,0.859375,10.0,9.285714285714286,0.7142857142857135,0.7142857142857135,10,9,1,0.001611498012635756,0.0022069909909292673,
2026-05-31,"West Pharmaceutical Services, Inc.",US9553061055,S8Z499-R,North America,UNITED STATES,Medical Specialties,8.0,57,9.264705882352942,8.82,0.444393382352942,0.444393382352942,9.298245614035087,8.596491228070175,0.7017543859649127,0.7017543859649127,9,9,0,0.00026336970206508186,0.0003588703985250427,
2026-05-31,Western Digital Corporation,US9581021055,W00MKH-R,North America,UNITED STATES,Computer Peripherals,16.0,91,2.358490566037736,9.695,-7.3368219339622645,7.3368219339622645,2.4175824175824174,9.67032967032967,-7.252747252747252,7.252747252747252,3,10,-7,0.002048095016059113,0.0027713599886097103,
2026-05-31,Weyerhaeuser Company,US9621661043,DLSMXK-R,North America,UNITED STATES,Real Estate Investment Trusts,14.0,28,2.631578947368421,6.855,-4.223889802631579,4.223889802631579,2.5,6.428571428571429,-3.928571428571429,3.928571428571429,3,7,-4,0.00019305740151376305,0.00027267609887930125,
2026-05-31,"Williams Companies, Inc.",US9694571004,QSDQCP-R,North America,UNITED STATES,Oil & Gas Pipelines,12.0,23,5.0,1.667,3.3330078125,3.3330078125,3.9130434782608696,1.7391304347826086,2.1739130434782608,2.1739130434782608,4,2,2,0.0009692600075999676,0.0013413459944870679,
2026-05-31,"Williams-Sonoma, Inc.",US9699041011,BZPTB8-R,North America,UNITED STATES,Specialty Stores,15.0,28,5.263157894736842,7.668,-2.4048108552631584,2.4048108552631584,5.357142857142857,7.857142857142857,-2.5,2.5,6,8,-2,0.0002670578020940002,0.0003723920984694685,
2026-05-31,"Workday, Inc. Class A",US98138H1014,KJZ16V-R,North America,UNITED STATES,Information Technology Services,16.0,91,2.0754716981132075,2.02,0.05594044811320753,0.05594044811320753,2.087912087912088,2.087912087912088,0.0,0.0,2,2,0,0.00034313840269054816,0.0004778553980360143,
2026-05-31,"XPO, Inc.",US9837931008,W8XYKT-R,North America,UNITED STATES,Trucking,9.0,98,3.6134453781512605,3.68,-0.06624212184873945,0.06624212184873945,3.673469387755102,3.877551020408163,-0.204081632653061,0.204081632653061,4,4,0,0.0002644134020732655,,
2026-05-31,Xcel Energy Inc.,US98389B1008,KB791X-R,North America,UNITED STATES,Electric Utilities,19.0,32,5.121951219512195,2.354,2.7684355945121952,2.7684355945121952,5.3125,2.5,2.8125,2.8125,5,3,2,0.0005507163043181665,0.0007262815970149825,
2026-05-31,Xylem Inc.,US98419M1009,RSQN90-R,North America,UNITED STATES,Industrial Machinery,9.0,98,9.07563025210084,5.094,3.98188025210084,3.98188025210084,9.183673469387756,5.204081632653061,3.979591836734695,3.979591836734695,9,5,4,0.0003041101023845273,0.0004106820983120966,
2026-05-31,"Yum! Brands, Inc.",US9884981013,VCNXSP-R,North America,UNITED STATES,Restaurants,18.0,20,8.846153846153847,6.92,1.9242788461538467,1.9242788461538467,9.0,7.5,1.5,1.5,9,8,1,0.00044805130351317025,0.0006341509973936395,
2026-05-31,"Zimmer Biomet Holdings, Inc.",US98956P1021,LJQYJ1-R,North America,UNITED STATES,Medical Specialties,8.0,57,7.058823529411765,4.85,2.2072610294117654,2.2072610294117654,7.017543859649122,4.912280701754385,2.105263157894737,2.105263157894737,7,5,2,0.00017668500138538708,0.00025208429896393355,
2026-05-31,"Zoetis, Inc. Class A",US98978V1035,TW6KKV-R,North America,UNITED STATES,Pharmaceuticals: Major,8.0,57,6.176470588235294,9.12,-2.9407169117647056,2.9407169117647056,5.964912280701754,8.947368421052632,-2.9824561403508776,2.9824561403508776,6,9,-3,0.0003671135028785369,0.0005040593979283159,
2026-05-31,"Zscaler, Inc.",US98980G1022,VTH886-R,North America,UNITED STATES,Packaged Software,16.0,91,4.716981132075472,1.818,2.898621757075472,2.898621757075472,4.725274725274725,1.9780219780219779,2.7472527472527473,2.7472527472527473,5,2,3,0.00016213700127131622,,
2026-05-31,"Zoom Communications, Inc. Class A",US98980L1017,HVKZ86-R,North America,UNITED STATES,Packaged Software,16.0,91,4.622641509433962,4.04,0.5835790094339623,0.5835790094339623,4.615384615384616,3.9560439560439558,0.6593406593406601,0.6593406593406601,5,4,1,0.00027352550214471345,,
2026-06-30,SLB Limited,AN8068571086,BJ2HRV-R,North America,UNITED STATES,Contract Drilling,12.0,23,2.0,1.667,0.3330078125,0.3330078125,1.7391304347826086,1.7391304347826086,0.0,0.0,2,2,0,0.0007827322352319657,0.0010784910050581228,
2026-06-30,Raiffeisen Bank International AG,AT0000606306,S0YJ3Z-R,West Europe,AUSTRIA,Major Banks,2.0,37,6.538461538461538,7.883,-1.3443509615384617,1.3443509615384617,6.216216216216216,8.108108108108109,-1.891891891891893,1.891891891891893,6,8,-2,9.335028845190668e-05,,0.0005608285962424484
2026-06-30,Erste Group Bank AG,AT0000652011,PQHMVC-R,West Europe,AUSTRIA,Major Banks,2.0,37,1.5384615384615385,3.076,-1.5377103365384615,1.5377103365384615,1.6216216216216217,3.5135135135135136,-1.8918918918918919,1.8918918918918919,2,4,-2,0.00046708151841963035,,0.002646331982269576
2026-06-30,OMV AG,AT0000743059,VVCHP7-R,West Europe,AUSTRIA,Integrated Oil,12.0,15,5.294117647058823,4.707,0.5870863970588234,0.5870863970588234,6.0,5.333333333333333,0.666666666666667,0.666666666666667,6,5,1,9.535542736865014e-05,,0.0006090433959194093
2026-06-30,VERBUND AG Class A,AT0000746409,TVPQ9Y-R,West Europe,AUSTRIA,Alternative Power Generation,19.0,23,1.0344827586206897,0.3447,0.6897561961206897,0.6897561961206897,1.3043478260869565,0.43478260869565216,0.8695652173913044,0.8695652173913044,1,1,0,4.47522568280318e-05,,0.00027407229816371566
2026-06-30,BAWAG Group AG,AT0000BAWAG2,GW7KTS-R,West Europe,AUSTRIA,Savings Banks,2.0,37,0.7692307692307693,0.3845,0.3847092848557693,0.3847092848557693,0.8108108108108109,0.2702702702702703,0.5405405405405406,0.5405405405405406,1,1,0,0.00015415731769659156,,0.0010180369931791521
2026-06-30,Aristocrat Leisure Limited,AU000000ALL7,P5B11J-R,Pacific,AUSTRALIA,Casinos/Gaming,18.0,3,6.666666666666666,3.334,3.332682291666666,3.332682291666666,6.666666666666666,3.333333333333333,3.333333333333333,3.333333333333333,7,3,4,0.00025541804308804207,,
2026-06-30,ANZ Group Holdings Limited,AU000000ANZ3,TBRJT5-R,Pacific,AUSTRALIA,Major Banks,2.0,4,10.0,7.5,2.5,2.5,10.0,7.5,2.5,2.5,10,8,2,0.000800553647663196,,
2026-06-30,APA Group,AU000000APA1,FXK7XF-R,Pacific,AUSTRALIA,Gas Distributors,12.0,4,2.5,2.5,0.0,0.0,2.5,2.5,0.0,0.0,3,3,0,0.00010178526696385119,,
2026-06-30,ASX Limited,AU000000ASX7,CPFK9K-R,Pacific,AUSTRALIA,Investment Banks/Brokers,6.0,3,2.5,3.334,-0.833984375,0.833984375,3.333333333333333,3.333333333333333,0.0,0.0,3,3,0,7.339812714874968e-05,,
2026-06-30,BHP Group Ltd,AU000000BHP4,GGJT5L-R,Pacific,AUSTRALIA,Steel,3.0,8,1.25,5.0,-3.75,3.75,1.25,5.0,-3.75,3.75,1,5,-4,0.0023409435308474826,,
2026-06-30,Brambles Limited,AU000000BXB1,QSD000-R,Pacific,AUSTRALIA,Air Freight/Couriers,9.0,3,5.0,6.668,-1.66796875,1.66796875,6.666666666666666,6.666666666666666,0.0,0.0,7,7,0,0.00019905527607216018,,
2026-06-30,CAR Group Limited,AU000000CAR3,SN8WCL-R,Pacific,AUSTRALIA,Internet Software/Services,16.0,3,10.0,10.0,0.0,0.0,10.0,10.0,0.0,0.0,10,10,0,6.747347759224873e-05,,
2026-06-30,Commonwealth Bank of Australia,AU000000CBA7,VYVR3T-R,Pacific,AUSTRALIA,Major Banks,2.0,4,2.5,2.5,0.0,0.0,2.5,2.5,0.0,0.0,3,3,0,0.002078789753920674,,
2026-06-30,Computershare Limited,AU000000CPU5,Q3VCTK-R,Pacific,AUSTRALIA,Miscellaneous Commercial Services,6.0,3,7.5,6.668,0.83203125,0.83203125,6.666666666666666,6.666666666666666,0.0,0.0,7,7,0,0.00015085525599258277,,
2026-06-30,CSL Limited,AU000000CSL8,WT0KJR-R,Pacific,AUSTRALIA,Biotechnology,8.0,4,6.666666666666666,7.5,-0.8333333333333339,0.8333333333333339,7.5,7.5,0.0,0.0,8,8,0,0.00043561842482064224,,
2026-06-30,Evolution Mining Limited,AU000000EVN4,XJL6YC-R,Pacific,AUSTRALIA,Precious Metals,3.0,8,5.0,6.25,-1.25,1.25,5.0,6.25,-1.25,1.25,5,6,-1,0.00018653148350236147,,
2026-06-30,Fortescue Ltd,AU000000FMG4,TQ3TPS-R,Pacific,AUSTRALIA,Steel,3.0,8,8.75,8.75,0.0,0.0,8.75,8.75,0.0,0.0,9,9,0,0.0002485238966943311,,
2026-06-30,Goodman Group,AU000000GMG2,CZFH9B-R,Pacific,AUSTRALIA,Real Estate Investment Trusts,14.0,5,2.0,2.0,0.0,0.0,2.0,2.0,0.0,0.0,2,2,0,0.0004837671408341297,,
2026-06-30,Insurance Australia Group Ltd,AU000000IAG3,MXRN5P-R,Pacific,AUSTRALIA,Property/Casualty Insurance,10.0,4,2.5,5.0,-2.5,2.5,2.5,5.0,-2.5,2.5,3,5,-2,0.00014699414998166837,,
2026-06-30,Lynas Rare Earths Limited,AU000000LYC6,CQFC1G-R,Pacific,AUSTRALIA,Other Metals/Minerals,3.0,8,2.5,1.25,1.25,1.25,2.5,1.25,1.25,1.25,3,1,2,0.00012651682705696886,,
2026-06-30,Medibank Private Ltd.,AU000000MPL3,R2V6QP-R,Pacific,AUSTRALIA,Life/Health Insurance,10.0,4,10.0,10.0,0.0,0.0,10.0,10.0,0.0,0.0,10,10,0,0.00011083498419674707,,
2026-06-30,"Macquarie Group, Ltd.",AU000000MQG1,CD5RFJ-R,Pacific,AUSTRALIA,Major Banks,6.0,3,10.0,10.0,0.0,0.0,10.0,10.0,0.0,0.0,10,10,0,0.0006943608313802137,,
2026-06-30,National Australia Bank Limited,AU000000NAB4,NYN6LF-R,Pacific,AUSTRALIA,Major Banks,2.0,4,5.0,5.0,0.0,0.0,5.0,5.0,0.0,0.0,5,5,0,0.0008725872566674286,,
2026-06-30,Northern Star Resources Ltd,AU000000NST8,LFC0CK-R,Pacific,AUSTRALIA,Precious Metals,3.0,8,6.25,3.75,2.5,2.5,6.25,3.75,2.5,2.5,6,4,2,0.00020373644707710425,,
2026-06-30,Origin Energy Limited,AU000000ORG5,D8LSJ4-R,Pacific,AUSTRALIA,Oil & Gas Production,19.0,1,3.333333333333333,10.0,-6.666666666666667,6.666666666666667,10.0,10.0,0.0,0.0,10,10,0,0.0001502815105205403,,
2026-06-30,PLS Group Limited,AU000000PLS0,GPH0RP-R,Pacific,AUSTRALIA,Other Metals/Minerals,3.0,8,3.75,2.5,1.25,1.25,3.75,2.5,1.25,1.25,4,3,1,0.00012022352828327374,,
2026-06-30,"Pro Medicus, Ltd.",AU000000PME8,RGWXZX-R,Pacific,AUSTRALIA,Services to the Health Industry,8.0,4,1.6666666666666665,2.5,-0.8333333333333335,0.8333333333333335,2.5,2.5,0.0,0.0,3,3,0,8.723738397531287e-05,,
2026-06-30,Qantas Airways Limited,AU000000QAN2,J0CRH9-R,Pacific,AUSTRALIA,Airlines,18.0,3,10.0,10.0,0.0,0.0,10.0,10.0,0.0,0.0,10,10,0,7.26435973486941e-05,,
2026-06-30,QBE Insurance Group Limited,AU000000QBE9,F5SZTK-R,Pacific,AUSTRALIA,Property/Casualty Insurance,10.0,4,7.5,7.5,0.0,0.0,7.5,7.5,0.0,0.0,8,8,0,0.0002848006718003473,,
2026-06-30,REA Group Ltd,AU000000REA9,S26HGK-R,Pacific,AUSTRALIA,Advertising/Marketing Services,14.0,5,4.0,6.0,-2.0,2.0,4.0,6.0,-2.0,2.0,4,6,-2,5.182299721765228e-05,,
2026-06-30,Rio Tinto Limited,AU000000RIO1,F4T98R-R,Pacific,AUSTRALIA,Other Metals/Minerals,3.0,8,10.0,10.0,0.0,0.0,10.0,10.0,0.0,0.0,10,10,0,0.0004915199552813454,,
2026-06-30,South32 Ltd.,AU000000S320,DJYY8V-R,Pacific,AUSTRALIA,Other Metals/Minerals,3.0,8,7.5,7.5,0.0,0.0,7.5,7.5,0.0,0.0,8,8,0,0.00014305253759024254,,
2026-06-30,Scentre Group,AU000000SCG8,VVH115-R,Pacific,AUSTRALIA,Real Estate Investment Trusts,14.0,5,10.0,8.0,2.0,2.0,10.0,8.0,2.0,2.0,10,8,2,0.00015778070486716347,,
2026-06-30,Stockland,AU000000SGP0,P8S25Z-R,Pacific,AUSTRALIA,Real Estate Investment Trusts,14.0,5,8.0,10.0,-2.0,2.0,8.0,10.0,-2.0,2.0,8,10,-2,7.323295405800097e-05,,
2026-06-30,Sonic Healthcare Limited,AU000000SHL7,RMFQJ1-R,Pacific,AUSTRALIA,Medical/Nursing Services,8.0,4,10.0,10.0,0.0,0.0,10.0,10.0,0.0,0.0,10,10,0,6.868255341722679e-05,,
2026-06-30,Sigma Healthcare Ltd,AU000000SIG5,T3ZRQ9-R,Pacific,AUSTRALIA,Pharmaceuticals: Major,8.0,4,3.333333333333333,5.0,-1.666666666666667,1.666666666666667,5.0,5.0,0.0,0.0,5,5,0,0.00011988690160401716,,
2026-06-30,Washington H. Soul Pattinson and Company Limited,AU000000SOL3,TP0SSV-R,Pacific,AUSTRALIA,Financial Conglomerates,12.0,4,10.0,5.0,5.0,5.0,10.0,5.0,5.0,5.0,10,5,5,0.00013070475897038192,,
2026-06-30,Santos Limited,AU000000STO6,VMHGC9-R,Pacific,AUSTRALIA,Oil & Gas Production,12.0,4,7.5,10.0,-2.5,2.5,7.5,10.0,-2.5,2.5,8,10,-2,0.0001817831071710774,,
2026-06-30,Suncorp Group Limited,AU000000SUN6,QG7SR4-R,Pacific,AUSTRALIA,Multi-Line Insurance,10.0,4,5.0,2.5,2.5,2.5,5.0,2.5,2.5,2.5,5,3,2,0.00016300981929921588,,
2026-06-30,Transurban Group Ltd.,AU000000TCL6,XC1MPB-R,Pacific,AUSTRALIA,Other Transportation,9.0,3,10.0,10.0,0.0,0.0,10.0,10.0,0.0,0.0,10,10,0,0.00034785216892972844,,
2026-06-30,Telstra Group Limited,AU000000TLS2,JCL64C-R,Pacific,AUSTRALIA,Wireless Telecommunications,17.0,1,10.0,10.0,0.0,0.0,10.0,10.0,0.0,0.0,10,10,0,0.0001609183535406619,,
2026-06-30,Vicinity Centres,AU000000VCX7,L8PQ54-R,Pacific,AUSTRALIA,Real Estate Investment Trusts,14.0,5,6.0,4.0,2.0,2.0,6.0,4.0,2.0,2.0,6,4,2,7.461887389870375e-05,,
2026-06-30,Westpac Banking Corporation,AU000000WBC1,HTK3ZS-R,Pacific,AUSTRALIA,Major Banks,2.0,4,7.5,10.0,-2.5,2.5,7.5,10.0,-2.5,2.5,8,10,-2,0.0009166149460700648,,
2026-06-30,Wesfarmers Limited,AU000000WES1,DWQ9L6-R,Pacific,AUSTRALIA,Home Improvement Chains,15.0,3,3.333333333333333,3.334,-0.0006510416666669627,0.0006510416666669627,3.333333333333333,3.333333333333333,0.0,0.0,3,3,0,0.0007945386709478405,,
2026-06-30,Woolworths Group Ltd,AU000000WOW2,PM32J9-R,Pacific,AUSTRALIA,Food Retail,15.0,3,6.666666666666666,6.668,-0.0013020833333339255,0.0013020833333339255,6.666666666666666,6.666666666666666,0.0,0.0,7,7,0,0.0003684741033155703,,
2026-06-30,Wisetech Global Ltd.,AU000000WTC3,TCQPZ3-R,Pacific,AUSTRALIA,Packaged Software,16.0,3,3.333333333333333,6.668,-3.334635416666667,3.334635416666667,3.333333333333333,6.666666666666666,-3.333333333333333,3.333333333333333,3,7,-4,5.125327206423907e-05,,
2026-06-30,Coles Group Ltd.,AU0000030678,Q17XXL-R,Pacific,AUSTRALIA,Food Retail,15.0,3,10.0,10.0,0.0,0.0,10.0,10.0,0.0,0.0,10,10,0,0.0002432864816044122,,
2026-06-30,IREN Limited,AU0000185993,KQQSCV-R,North America,UNITED STATES,Data Processing Services,9.0,100,0.41666666666666663,0.2803,0.13639322916666663,0.13639322916666663,0.3,0.3,0.0,0.0,1,1,0,0.00016588274699232456,,
2026-06-30,Lottery Corporation Limited,AU0000219529,RYTKRH-R,Pacific,AUSTRALIA,Movies/Entertainment,18.0,3,3.333333333333333,6.668,-3.334635416666667,3.334635416666667,3.333333333333333,6.666666666666666,-3.333333333333333,3.333333333333333,3,7,-4,9.060614096523854e-05,,
2026-06-30,Woodside Energy Group Ltd,AU0000224040,R96YBR-R,Pacific,AUSTRALIA,Oil & Gas Production,12.0,4,5.0,7.5,-2.5,2.5,5.0,7.5,-2.5,2.5,5,8,-3,0.0004163636987925296,,
2026-06-30,SGH Limited,AU0000364754,F2FS1R-R,Pacific,AUSTRALIA,Wholesale Distributors,9.0,3,2.5,3.334,-0.833984375,0.833984375,3.333333333333333,3.333333333333333,0.0,0.0,3,3,0,6.784001664220217e-05,,
2026-06-30,KBC Group N.V.,BE0003565737,PZGQ27-R,West Europe,BELGIUM,Regional Banks,2.0,37,3.8461538461538463,4.04,-0.19290865384615374,0.19290865384615374,3.783783783783784,4.324324324324325,-0.5405405405405403,0.5405405405405403,4,5,-1,0.0003499890382867324,,0.0019642279868396727
2026-06-30,Lotus Bakeries NV,BE0003604155,N6Z6TP-R,West Europe,BELGIUM,Food: Specialty/Candy,7.0,23,1.4285714285714284,2.5,-1.0714285714285716,1.0714285714285716,1.7391304347826086,3.0434782608695654,-1.3043478260869568,1.3043478260869568,2,3,-1,6.266893680966624e-05,,0.0003631864975666505
2026-06-30,Sofina SA,BE0003717312,BV5649-R,West Europe,BELGIUM,Investment Managers,6.0,22,1.3953488372093024,1.163,0.23226289970930236,0.23226289970930236,1.8181818181818183,1.3636363636363635,0.4545454545454548,0.4545454545454548,2,2,0,3.7180956766689685e-05,,0.00028142049811448266
2026-06-30,UCB S.A.,BE0003739530,KNHDSG-R,West Europe,BELGIUM,Pharmaceuticals: Major,8.0,38,1.4583333333333335,2.5,-1.0416666666666665,1.0416666666666665,1.5789473684210527,2.8947368421052633,-1.3157894736842106,1.3157894736842106,2,3,-1,0.000424831769927221,,0.0024906339833127523
2026-06-30,Groupe Bruxelles Lambert SA,BE0003797140,FLFHHZ-R,West Europe,BELGIUM,Financial Conglomerates,6.0,22,7.906976744186046,5.812,2.0944767441860463,2.0944767441860463,8.181818181818182,7.727272727272727,0.45454545454545503,0.45454545454545503,8,8,0,7.779284545096215e-05,,0.00044755499700138154
2026-06-30,Elia Group SA/NV,BE0003822393,CB3CHZ-R,West Europe,BELGIUM,Electric Utilities,19.0,23,5.172413793103448,10.0,-4.827586206896552,4.827586206896552,6.086956521739131,10.0,-3.913043478260869,3.913043478260869,6,10,-4,8.522085415578649e-05,,0.0004983513966610457
2026-06-30,Financiere de Tubize S.A.,BE0003823409,STXY3R-R,West Europe,BELGIUM,Financial Conglomerates,8.0,38,1.25,1.25,0.0,0.0,1.3157894736842104,1.3157894736842104,0.0,0.0,2,2,0,5.89904452718126e-05,,0.00035057859765112346
2026-06-30,D'Ieteren Group SA/NV,BE0974259880,FJ622T-R,West Europe,BELGIUM,Other Consumer Services,1.0,11,3.125,1.875,1.25,1.25,2.727272727272727,1.8181818181818183,0.9090909090909087,0.9090909090909087,3,2,1,4.7637475495258264e-05,,0.0003073965979404428
2026-06-30,ageas SA/NV,BE0974264930,C5C2LR-R,West Europe,BELGIUM,Multi-Line Insurance,10.0,24,2.962962962962963,7.406,-4.443287037037037,4.443287037037037,2.5,7.5,-5.0,5.0,3,8,-5,0.00012989209456288372,,0.0008191870945114466
2026-06-30,Anheuser-Busch InBev SA/NV,BE0974293251,MH7BG5-R,West Europe,BELGIUM,Beverages: Alcoholic,7.0,23,4.285714285714286,5.715,-1.4291294642857144,1.4291294642857144,4.3478260869565215,6.086956521739131,-1.7391304347826093,1.7391304347826093,5,6,-1,0.0008284074552091926,,0.005615357962377102
2026-06-30,Syensqo SA/NV,BE0974464977,VJN49T-R,West Europe,BELGIUM,Chemicals: Major Diversified,3.0,12,2.727272727272727,0.909,1.818093039772727,1.818093039772727,4.166666666666667,1.6666666666666665,2.5000000000000004,2.5000000000000004,4,2,2,5.7088394525294236e-05,,0.000347130597674225
2026-06-30,Aegon Ltd.,BMG0112X1056,VPRXRF-R,West Europe,NETHERLANDS,Multi-Line Insurance,10.0,24,4.444444444444445,6.668,-2.2235243055555554,2.2235243055555554,4.166666666666667,6.666666666666666,-2.499999999999999,2.499999999999999,4,7,-3,0.00013287223075277282,,0.0006998878953107512
2026-06-30,Arch Capital Group Ltd.,BMG0450A1053,LJK8PQ-R,North America,UNITED STATES,Multi-Line Insurance,10.0,23,3.125,7.6,-4.4765625,4.4765625,4.3478260869565215,7.826086956521739,-3.4782608695652177,3.4782608695652177,5,8,-3,0.0003786181072758653,0.0005241099024580754,
2026-06-30,Carnival Corporation Ltd.,BMG2004J1036,HNZVK6-R,North America,UNITED STATES,Hotels/Resorts/Cruiselines,18.0,20,2.692307692307692,4.617,-1.924879807692308,1.924879807692308,3.0,5.0,-2.0,2.0,3,5,-2,0.00040381360413816635,0.0005682986026653205,
2026-06-30,"Everest Group, Ltd.",BMG3223R1088,GZKHGQ-R,North America,UNITED STATES,Property/Casualty Insurance,10.0,23,5.625,9.2,-3.578125,3.578125,7.391304347826086,9.130434782608695,-1.7391304347826093,1.7391304347826093,8,9,-1,0.00015766229548265967,0.00021936880102883967,
2026-06-30,Brookfield Renewable Holdings Corporation Class A,CA11285B1085,GMDL3G-R,North America,UNITED STATES,Electric Utilities,19.0,32,3.902439024390244,0.8823,3.020114805640244,3.020114805640244,3.75,0.9375,2.8125,2.8125,4,1,3,5.542652281410047e-05,,
2026-06-30,"Restaurant Brands International, Inc.",CA76131D1033,BXX7VM-R,North America,UNITED STATES,Restaurants,18.0,20,3.076923076923077,8.08,-5.001201923076923,5.001201923076923,3.5,8.5,-5.0,5.0,4,9,-5,0.0002623668938173304,,
2026-06-30,Swiss Prime Site AG,CH0008038389,DKKBWM-R,West Europe,SWITZERLAND,Real Estate Development,14.0,10,8.571428571428571,5.715,2.856584821428571,2.856584821428571,8.0,5.0,3.0,3.0,8,5,3,0.00015439843680642153,,0.0008671010941904228
2026-06-30,Swisscom AG,CH0008742519,SSRNYQ-R,West Europe,SWITZERLAND,Major Telecommunications,17.0,15,8.181818181818182,5.91,2.2716619318181817,2.2716619318181817,8.0,5.333333333333333,2.666666666666667,2.666666666666667,8,6,2,0.00020625194644232725,,0.0013185649911656146
2026-06-30,Barry Callebaut AG,CH0009002962,FS0W5P-R,West Europe,SWITZERLAND,Food: Specialty/Candy,7.0,23,8.214285714285714,3.928,4.2865513392857135,4.2865513392857135,7.826086956521739,4.782608695652174,3.0434782608695654,3.0434782608695654,8,5,3,6.077623680423834e-05,,0.0003155241978859879
2026-06-30,Chocoladefabriken Lindt & Spruengli AG,CH0010570759,RKB29F-R,West Europe,SWITZERLAND,Food: Specialty/Candy,7.0,23,1.0714285714285714,1.429,-0.3572823660714286,0.3572823660714286,1.3043478260869565,1.7391304347826086,-0.4347826086956521,0.4347826086956521,1,2,-1,0.00011869400706148228,,
2026-06-30,Chocoladefabriken Lindt & Spruengli AG Partizipsch.,CH0010570767,GSYT6Q-R,West Europe,SWITZERLAND,Food: Specialty/Candy,7.0,23,0.7142857142857142,1.071,-0.3570033482142858,0.3570033482142858,0.8695652173913043,1.3043478260869565,-0.4347826086956522,0.4347826086956522,1,1,0,0.00013296183785455948,,0.0007600997949073314
2026-06-30,Givaudan SA,CH0010645932,WB7QB2-R,West Europe,SWITZERLAND,Household/Personal Care,4.0,11,0.5555555555555556,0.5557,-0.00010850694444441977,0.00010850694444441977,0.9090909090909092,0.9090909090909092,0.0,0.0,1,1,0,0.0004292446196664356,,0.00217981198539526
2026-06-30,Zurich Insurance Group Ltd,CH0011075394,K3FPD8-R,West Europe,SWITZERLAND,Multi-Line Insurance,10.0,24,2.2222222222222223,4.074,-1.8519965277777777,1.8519965277777777,2.0833333333333335,3.75,-1.6666666666666665,1.6666666666666665,2,4,-2,0.0012373850686195195,,0.007444484950121951
2026-06-30,Novartis AG,CH0012005267,MBPRB7-R,West Europe,SWITZERLAND,Pharmaceuticals: Major,8.0,38,3.541666666666667,4.582,-1.040364583333333,1.040364583333333,3.947368421052632,5.263157894736842,-1.3157894736842097,1.3157894736842097,4,5,-1,0.0032429530193659527,,0.019827329867156893
2026-06-30,Roche Holding Ltd,CH0012032113,PKT5DV-R,West Europe,SWITZERLAND,Pharmaceuticals: Major,8.0,38,7.708333333333334,7.707,0.0013020833333339255,0.0013020833333339255,7.894736842105264,7.631578947368421,0.2631578947368425,0.2631578947368425,8,8,0,0.00014625579146326336,,
2026-06-30,Holcim Ltd,CH0012214059,XHL1H3-R,West Europe,SWITZERLAND,Construction Materials,5.0,20,6.470588235294118,5.293,1.1776194852941178,1.1776194852941178,5.5,5.0,0.5,0.5,6,5,1,0.0005110592038592159,,0.0031863469786514755
2026-06-30,ABB Ltd.,CH0012221716,FQZ7Z2-R,West Europe,SWITZERLAND,Electrical Products,9.0,67,4.954954954954955,8.92,-3.966920045045045,3.966920045045045,5.074626865671642,9.253731343283583,-4.179104477611941,4.179104477611941,5,9,-4,0.0018827182143237424,,0.011141469925352152
2026-06-30,Swatch Group Ltd. Bearer,CH0012255151,B93JW5-R,West Europe,SWITZERLAND,Other Consumer Specialties,13.0,13,7.916666666666666,9.586,-1.669270833333334,1.669270833333334,10.0,10.0,0.0,0.0,10,10,0,9.092450619718904e-05,,0.0004819185967711455
2026-06-30,Sonova Holding AG,CH0012549785,QLLYHZ-R,West Europe,SWITZERLAND,Medical Specialties,8.0,38,6.25,4.168,2.08203125,2.08203125,6.578947368421053,4.7368421052631575,1.8421052631578956,1.8421052631578956,7,5,2,0.00012717817947227597,,0.0008015017946299381
2026-06-30,Lonza Group AG,CH0013841017,CRNVGL-R,West Europe,SWITZERLAND,Biotechnology,8.0,38,3.125,3.541,-0.416015625,0.416015625,3.4210526315789473,4.2105263157894735,-0.7894736842105261,0.7894736842105261,4,4,0,0.0005563289917040287,,0.0031988129785679533
2026-06-30,Swiss Life Holding AG,CH0014852781,HF31NG-R,West Europe,SWITZERLAND,Life/Health Insurance,10.0,24,0.7407407407407407,1.481,-0.7407045717592593,0.7407045717592593,0.41666666666666663,0.8333333333333333,-0.41666666666666663,0.41666666666666663,1,1,0,0.00033240114436294815,,0.002040729986327109
2026-06-30,EMS-CHEMIE HOLDING AG,CH0016440353,TKR72J-R,West Europe,SWITZERLAND,Chemicals: Specialty,4.0,11,5.0,5.555,-0.5546875,0.5546875,5.454545454545454,5.454545454545454,0.0,0.0,6,6,0,6.3472070461807e-05,,0.00037914139745975266
2026-06-30,Avolta AG,CH0023405456,RXPGD4-R,West Europe,SWITZERLAND,Discount Stores,15.0,13,6.470588235294118,5.293,1.1776194852941178,1.1776194852941178,5.384615384615384,3.8461538461538463,1.5384615384615379,1.5384615384615379,6,4,2,6.381857792416236e-05,,0.00040712169727228465
2026-06-30,Partners Group Holding AG,CH0024608827,LBZ7PB-R,West Europe,SWITZERLAND,Investment Managers,6.0,22,0.23255813953488372,1.3955,-1.1629496729651163,1.1629496729651163,0.4545454545454546,1.8181818181818183,-1.3636363636363638,1.3636363636363638,1,2,-1,0.0002025454526851653,,0.0012341239917313695
2026-06-30,Schindler Holding Ltd. Pref,CH0024638196,LC2JZF-R,West Europe,SWITZERLAND,Industrial Machinery,9.0,67,2.2522522522522523,5.227,-2.9743102477477477,2.9743102477477477,2.08955223880597,5.3731343283582085,-3.2835820895522385,3.2835820895522385,2,6,-4,0.00016625737668349955,,0.0009227466938175972
2026-06-30,Schindler Holding Ltd.,CH0024638212,FBDHM9-R,West Europe,SWITZERLAND,Industrial Machinery,9.0,67,1.981981981981982,5.586,-3.603955518018018,3.603955518018018,1.7910447761194028,5.671641791044776,-3.880597014925373,3.880597014925373,2,6,-4,7.649796282538928e-05,,
2026-06-30,Kuehne & Nagel International AG,CH0025238863,RML0Q2-R,West Europe,SWITZERLAND,Marine Shipping,9.0,67,5.405405405405405,5.945,-0.5399070945945947,0.5399070945945947,5.522388059701493,6.119402985074627,-0.5970149253731343,0.5970149253731343,6,6,0,0.00013613678948449367,,0.0008549648942717353
2026-06-30,Logitech International S.A.,CH0025751329,T7C5W9-R,West Europe,SWITZERLAND,Computer Peripherals,16.0,18,8.387096774193548,9.68,-1.292590725806452,1.292590725806452,8.333333333333334,10.0,-1.666666666666666,1.666666666666666,9,10,-1,0.00015542661829466776,,0.0008759037941314446
2026-06-30,Geberit AG,CH0030170408,QYYQF3-R,West Europe,SWITZERLAND,Engineering & Construction,5.0,20,0.29411764705882354,1.765,-1.4705307904411764,1.4705307904411764,0.5,2.0,-1.5,1.5,1,2,-1,0.0002480771612884371,,0.0015285109897589765
2026-06-30,Nestle S.A.,CH0038863350,T0JRMW-R,West Europe,SWITZERLAND,Food: Major Diversified,7.0,23,5.0,5.355,-0.35546875,0.35546875,5.217391304347826,5.652173913043478,-0.43478260869565144,0.43478260869565144,5,6,-1,0.002952470997291723,,0.017533569882525083
2026-06-30,Chubb Limited,CH0044328745,JMHYW0-R,North America,UNITED STATES,Property/Casualty Insurance,10.0,23,7.5,8.4,-0.8984375,0.8984375,8.695652173913043,8.26086956521739,0.43478260869565233,0.43478260869565233,9,8,1,0.0013539273051430087,0.0019071370089444727,
2026-06-30,Julius Baer Gruppe AG,CH0102484968,BS3CJJ-R,West Europe,SWITZERLAND,Financial Conglomerates,6.0,22,6.7441860465116275,4.188,2.5566860465116275,2.5566860465116275,7.727272727272727,5.454545454545454,2.2727272727272725,2.2727272727272725,8,6,2,0.00019935499982668542,,0.001167822992175586
2026-06-30,Garmin Ltd.,CH0114405324,FPPSQ1-R,North America,UNITED STATES,Telecommunications Equipment,17.0,14,5.555555555555555,9.29,-3.7335069444444446,3.7335069444444446,7.142857142857143,9.285714285714286,-2.1428571428571432,2.1428571428571432,7,9,-2,0.000435772437026838,0.0006021043028238692,
2026-06-30,Swiss Re AG,CH0126881561,T8YXW3-R,West Europe,SWITZERLAND,Multi-Line Insurance,10.0,24,6.666666666666666,8.15,-1.481770833333334,1.481770833333334,6.666666666666666,8.333333333333334,-1.6666666666666679,1.6666666666666679,7,9,-2,0.0005266795418448854,,0.0030914359792873795
2026-06-30,BKW AG,CH0130293662,FX5LTM-R,West Europe,SWITZERLAND,Electric Utilities,19.0,23,2.7586206896551726,2.068,0.6902613146551726,0.6902613146551726,3.0434782608695654,2.608695652173913,0.43478260869565233,0.43478260869565233,3,3,0,4.398603610141499e-05,,0.00022138939851669103
2026-06-30,Coca-Cola HBC AG,CH0198251305,HDL2BM-R,West Europe,UNITED KINGDOM,Beverages: Non-Alcoholic,7.0,23,2.8571428571428568,2.857,-0.0002790178571432378,0.0002790178571432378,3.0434782608695654,3.4782608695652173,-0.4347826086956519,0.4347826086956519,3,4,-1,0.00016414930960921274,,0.0009114571938932369
2026-06-30,Compagnie Financiere Richemont SA,CH0210483332,KNB0HD-R,West Europe,SWITZERLAND,Other Consumer Specialties,13.0,13,4.583333333333333,8.336,-3.752604166666667,3.752604166666667,5.384615384615384,8.461538461538462,-3.0769230769230775,3.0769230769230775,6,9,-3,0.00136350606430498,,0.008029730946200804
2026-06-30,UBS Group AG,CH0244767585,DSLY98-R,West Europe,SWITZERLAND,Investment Managers,6.0,22,10.0,6.277,3.72265625,3.72265625,10.0,8.181818181818182,1.8181818181818183,1.8181818181818183,10,8,2,0.0017541290230221047,,0.010105669932292012
2026-06-30,VAT Group AG,CH0311864901,PMSGZ0-R,West Europe,SWITZERLAND,Industrial Machinery,9.0,67,3.153153153153153,9.01,-5.854659346846847,5.854659346846847,3.1343283582089554,9.402985074626866,-6.26865671641791,6.26865671641791,3,10,-7,0.0002695762651941124,,0.001539882989682784
2026-06-30,Sika AG,CH0418792922,DQ7JSW-R,West Europe,SWITZERLAND,Chemicals: Major Diversified,5.0,20,1.7647058823529413,0.5884,1.1763269761029413,1.1763269761029413,1.5,1.0,0.5,0.5,2,1,1,0.0003613274369084538,,0.002233677985034358
2026-06-30,Alcon AG,CH0432492467,SXZFWZ-R,West Europe,SWITZERLAND,Medical Specialties,8.0,38,6.875,3.125,3.75,3.75,7.105263157894736,3.6842105263157894,3.421052631578947,3.421052631578947,7,4,3,0.00036884793294333646,,0.0021874459853441124
2026-06-30,Helvetia Baloise Holding AG,CH0466642201,NQWDFJ-R,West Europe,SWITZERLAND,Multi-Line Insurance,10.0,24,3.7037037037037033,2.592,1.1119068287037033,1.1119068287037033,3.333333333333333,2.0833333333333335,1.2499999999999996,1.2499999999999996,3,2,1,0.00023909124911239378,,0.001326162991114708
2026-06-30,Banque Cantonale Vaudoise,CH0531751755,G6SN46-R,West Europe,SWITZERLAND,Regional Banks,2.0,37,0.19230769230769232,0.577,-0.3848407451923077,0.3848407451923077,0.2702702702702703,0.5405405405405406,-0.2702702702702703,0.2702702702702703,1,1,0,4.965452535600037e-05,,0.00028900569806366184
2026-06-30,BELIMO Holding AG,CH1101098163,DLPK0N-R,West Europe,SWITZERLAND,Industrial Machinery,5.0,20,2.0588235294117645,4.117,-2.0583639705882355,2.0583639705882355,2.0,3.5,-1.5,1.5,2,4,-2,0.00011874591117512879,,0.0007093717952472091
2026-06-30,Straumann Holding AG,CH1175448666,DCZ6P4-R,West Europe,SWITZERLAND,Medical Specialties,8.0,38,2.0833333333333335,1.875,0.20833333333333348,0.20833333333333348,2.3684210526315788,2.1052631578947367,0.26315789473684204,0.26315789473684204,3,2,1,0.00016368347268943346,,0.0010549639929317413
2026-06-30,DSM-Firmenich AG,CH1216478797,SS3GV5-R,West Europe,NETHERLANDS,Household/Personal Care,7.0,23,1.7857142857142858,0.7144,1.0713588169642858,1.0713588169642858,2.1739130434782608,0.8695652173913043,1.3043478260869565,1.3043478260869565,2,1,1,0.0001792837090819567,,0.0010793189927685628
2026-06-30,Sandoz Group Ltd,CH1243598427,JHQVTD-R,West Europe,SWITZERLAND,Pharmaceuticals: Major,8.0,38,8.541666666666666,8.96,-0.4192708333333339,0.4192708333333339,8.947368421052632,8.947368421052632,0.0,0.0,9,9,0,0.0004098339812815313,,0.002537503982998723
2026-06-30,SGS SA,CH1256740924,JLFCTH-R,West Europe,SWITZERLAND,Miscellaneous Commercial Services,9.0,67,2.6126126126126126,6.49,-3.8756686373873874,3.8756686373873874,2.388059701492537,6.865671641791044,-4.477611940298507,4.477611940298507,3,7,-4,0.00019726023380657007,,0.0012770749914435976
2026-06-30,Bunge Global SA,CH1300646267,G49K2V-R,North America,UNITED STATES,Agricultural Commodities/Milling,7.0,17,10.0,10.0,0.0,0.0,10.0,10.0,0.0,0.0,10,10,0,0.00015367937981775403,0.00022562320105817281,
2026-06-30,Galderma Group AG,CH1335392721,R1W007-R,West Europe,SWITZERLAND,Pharmaceuticals: Major,8.0,38,5.833333333333334,2.916,2.917317708333334,2.917317708333334,6.315789473684211,3.4210526315789473,2.8947368421052633,2.8947368421052633,6,4,2,0.000433586063746414,,0.002685012982010413
2026-06-30,Amrize Ltd,CH1430134226,VJB7Y0-R,North America,UNITED STATES,Construction Materials,5.0,13,0.5555555555555556,1.429,-0.8731553819444444,0.8731553819444444,0.7692307692307693,1.5384615384615385,-0.7692307692307693,0.7692307692307693,1,2,-1,0.00029599375890544373,,
2026-06-30,Roche Holding Ltd,CH1499059983,MT9P59-R,West Europe,SWITZERLAND,Pharmaceuticals: Major,8.0,38,9.791666666666666,8.125,1.666666666666666,1.666666666666666,10.0,8.157894736842104,1.8421052631578956,1.8421052631578956,10,8,2,0.003254231913271644,,0.019223169871204763
2026-06-30,Deutsche Bank Aktiengesellschaft,DE0005140008,S6QLP1-R,West Europe,GERMANY,Investment Banks/Brokers,2.0,37,6.346153846153846,7.69,-1.3452524038461542,1.3452524038461542,5.9459459459459465,7.837837837837838,-1.8918918918918912,1.8918918918918912,6,8,-2,0.0006886708804246869,,0.004250224971523493
2026-06-30,Bayerische Motoren Werke AG,DE0005190003,RT6MQY-R,West Europe,GERMANY,Motor Vehicles,1.0,11,6.875,5.625,1.25,1.25,6.363636363636363,6.363636363636363,0.0,0.0,7,7,0,0.00024133642705336528,,0.0011936679920024245
2026-06-30,Beiersdorf AG,DE0005200000,LY1Y1J-R,West Europe,GERMANY,Household/Personal Care,13.0,13,1.25,0.8335,0.41650390625,0.41650390625,0.7692307692307693,0.7692307692307693,0.0,0.0,1,1,0,8.773084308428132e-05,,0.0005072625966013407
2026-06-30,Continental AG,DE0005439004,J2HM33-R,West Europe,GERMANY,Automotive Aftermarket,1.0,11,8.75,4.375,4.375,4.375,8.181818181818182,4.545454545454545,3.6363636363636367,3.6363636363636367,8,5,3,9.156941730944511e-05,,0.0006108353959074029
2026-06-30,CTS Eventim AG & Co. KGaA,DE0005470306,P32T0K-R,West Europe,GERMANY,Movies/Entertainment,11.0,6,1.3333333333333333,1.333,0.0003255208333332593,0.0003255208333332593,3.333333333333333,3.333333333333333,0.0,0.0,3,3,0,3.9230479201036845e-05,,0.0002246581984947901
2026-06-30,Deutsche Post AG,DE0005552004,V3R2XZ-R,West Europe,GERMANY,Air Freight/Couriers,9.0,67,9.63963963963964,9.55,0.09276463963963977,0.09276463963963977,9.701492537313433,9.552238805970148,0.14925373134328446,0.14925373134328446,10,10,0,0.0006241880698569458,,0.0037656619747700655
2026-06-30,Deutsche Telekom AG,DE0005557508,DMXKJB-R,West Europe,GERMANY,Major Telecommunications,17.0,15,9.09090909090909,9.55,-0.45596590909091006,0.45596590909091006,8.666666666666668,9.333333333333334,-0.6666666666666661,0.6666666666666661,9,9,0,0.0010655894530043888,,0.00636090595738193
2026-06-30,Fresenius SE & Co. KGaA,DE0005785604,B3LWD0-R,West Europe,GERMANY,Hospital/Nursing Management,8.0,38,8.333333333333334,9.164,-0.8307291666666661,0.8307291666666661,8.68421052631579,9.210526315789473,-0.5263157894736832,0.5263157894736832,9,9,0,0.00022152645701953893,,0.0012425149916751497
2026-06-30,Fresenius Medical Care AG,DE0005785802,D3XD6P-R,West Europe,GERMANY,Medical/Nursing Services,8.0,38,7.291666666666666,9.375,-2.083333333333334,2.083333333333334,7.368421052631579,9.473684210526315,-2.1052631578947363,2.1052631578947363,8,10,-2,9.590101060870252e-05,,0.0005810292961071037
2026-06-30,Deutsche Boerse AG,DE0005810055,RT6W65-R,West Europe,GERMANY,Investment Banks/Brokers,6.0,22,2.558139534883721,1.86,0.697787972383721,0.697787972383721,3.6363636363636367,2.727272727272727,0.9090909090909096,0.9090909090909096,4,3,1,0.0005568292313503868,,0.0033702809774191177
2026-06-30,Heidelberg Materials AG,DE0006047004,HZ43T1-R,West Europe,GERMANY,Construction Materials,5.0,20,7.352941176470589,7.35,0.0013786764705887578,0.0013786764705887578,7.0,7.0,0.0,0.0,7,7,0,0.00027670703034097876,,0.001551852989602585
2026-06-30,Henkel AG & Co. KGaA,DE0006048408,J3S3F5-R,West Europe,GERMANY,Industrial Specialties,4.0,11,3.888888888888889,6.668,-2.779079861111111,2.779079861111111,4.545454545454545,7.272727272727273,-2.7272727272727284,2.7272727272727284,5,7,-2,8.418204182499568e-05,,
2026-06-30,Henkel AG & Co. KGaA Pref,DE0006048432,HJLYBN-R,West Europe,GERMANY,Industrial Specialties,4.0,11,2.7777777777777777,5.0,-2.2222222222222223,2.2222222222222223,3.6363636363636367,4.545454545454545,-0.9090909090909083,0.9090909090909083,4,5,-1,0.00013849107607284155,,0.0008509501942986337
2026-06-30,HOCHTIEF Aktiengesellschaft,DE0006070006,K3B7V1-R,West Europe,GERMANY,Engineering & Construction,5.0,20,3.5294117647058827,10.0,-6.470588235294118,6.470588235294118,3.5,10.0,-6.5,6.5,4,10,-6,9.890718886254837e-05,,0.0006667752955326055
2026-06-30,Infineon Technologies AG,DE0006231004,P59ZZH-R,West Europe,GERMANY,Semiconductors,16.0,18,4.838709677419355,2.902,1.936365927419355,1.936365927419355,4.444444444444445,2.7777777777777777,1.666666666666667,1.666666666666667,5,3,2,0.0013715246998197725,,0.008059253946002999
2026-06-30,Nemetschek SE,DE0006452907,FYP7N8-R,West Europe,GERMANY,Packaged Software,16.0,18,5.483870967741935,4.516,0.968245967741935,0.968245967741935,5.0,4.444444444444445,0.5555555555555554,0.5555555555555554,5,5,0,3.603888625219942e-05,,0.0002556109982874063
2026-06-30,Merck KGaA,DE0006599905,KFN73B-R,West Europe,GERMANY,Pharmaceuticals: Major,8.0,38,5.0,3.334,1.666015625,1.666015625,5.263157894736842,3.947368421052632,1.3157894736842097,1.3157894736842097,5,4,1,0.00023986851071405217,,0.0014639179901917495
2026-06-30,GEA Group Aktiengesellschaft,DE0006602006,JLFH0L-R,West Europe,GERMANY,Industrial Machinery,9.0,67,4.2342342342342345,4.773,-0.5392032657657655,0.5392032657657655,4.17910447761194,4.776119402985074,-0.5970149253731343,0.5970149253731343,4,5,-1,0.00010860100714349887,,0.0006711874955030439
2026-06-30,Rational Aktiengesellschaft,DE0007010803,W8Z700-R,West Europe,GERMANY,Industrial Machinery,9.0,67,3.873873873873874,3.965,-0.09096987612612617,0.09096987612612617,3.8805970149253732,3.8805970149253732,0.0,0.0,4,4,0,4.803464697297649e-05,,0.00025565939828708207
2026-06-30,Rheinmetall AG,DE0007030009,FT4G44-R,West Europe,GERMANY,Aerospace & Defense,9.0,67,7.297297297297297,2.162,5.135187922297297,5.135187922297297,7.462686567164179,2.6865671641791042,4.776119402985075,4.776119402985075,8,3,5,0.0006031451021022179,,0.0035864929759704973
2026-06-30,RWE AG,DE0007037129,J07D56-R,West Europe,GERMANY,Electric Utilities,19.0,23,1.7241379310344829,1.379,0.3452316810344829,0.3452316810344829,1.7391304347826086,1.7391304347826086,0.0,0.0,2,2,0,0.0004190404109346277,,0.0027488879815824505
2026-06-30,Mercedes-Benz Group AG,DE0007100000,DRBPYY-R,West Europe,GERMANY,Motor Vehicles,1.0,11,10.0,9.375,0.625,0.625,10.0,9.09090909090909,0.9090909090909101,0.9090909090909101,10,9,1,0.00040314065080343146,,0.0023712799841124244
2026-06-30,SAP SE,DE0007164600,Q53RYJ-R,West Europe,GERMANY,Packaged Software,16.0,18,7.096774193548388,6.453,0.6436491935483879,0.6436491935483879,6.666666666666666,6.666666666666666,0.0,0.0,7,7,0,0.0018117155870296868,,0.01038895993039397
2026-06-30,Sartorius AG Pref,DE0007165631,FBBQ6M-R,West Europe,GERMANY,Medical Specialties,8.0,38,2.708333333333333,2.084,0.624348958333333,0.624348958333333,2.8947368421052633,2.3684210526315788,0.5263157894736845,0.5263157894736845,3,3,0,7.392760911269977e-05,,0.0004210758971787915
2026-06-30,Siemens Aktiengesellschaft,DE0007236101,F82JBR-R,West Europe,GERMANY,Industrial Machinery,9.0,67,6.666666666666666,6.035,0.6315104166666661,0.6315104166666661,6.7164179104477615,6.268656716417911,0.4477611940298507,0.4477611940298507,7,6,1,0.002645812693170628,,0.015447899896499074
2026-06-30,Volkswagen AG Pref,DE0007664039,QBTQFL-R,West Europe,GERMANY,Motor Vehicles,1.0,11,7.5,7.5,0.0,0.0,7.272727272727273,8.181818181818182,-0.9090909090909083,0.9090909090909083,7,8,-1,0.00018172110225689466,,0.0010763039927887633
2026-06-30,Deutsche Lufthansa AG,DE0008232125,J0CL54-R,West Europe,GERMANY,Airlines,18.0,8,10.0,10.0,0.0,0.0,10.0,10.0,0.0,0.0,10,10,0,7.846726890221069e-05,,0.0004557098969467437
2026-06-30,Hannover Rueck SE,DE0008402215,L8SYB5-R,West Europe,GERMANY,Life/Health Insurance,10.0,24,6.296296296296297,7.777,-1.4810474537037033,1.4810474537037033,6.25,7.916666666666666,-1.666666666666666,1.666666666666666,6,8,-2,0.000170054277605857,,0.001070855992825265
2026-06-30,Allianz SE,DE0008404005,GQH62T-R,West Europe,GERMANY,Multi-Line Insurance,10.0,24,3.333333333333333,4.445,-1.111979166666667,1.111979166666667,2.916666666666667,4.166666666666667,-1.25,1.25,3,4,-1,0.0020004265432655714,,0.011816049920832466
2026-06-30,Munchener Ruckversicherungs-Gesellschaft AG,DE0008430026,Q8CXWG-R,West Europe,GERMANY,Life/Health Insurance,10.0,24,7.037037037037037,8.516,-1.4785879629629628,1.4785879629629628,7.083333333333334,8.75,-1.666666666666666,1.666666666666666,7,9,-2,0.0008075051986064891,,0.004680542968640363
2026-06-30,MTU Aero Engines AG,DE000A0D9PT0,LQ9WBB-R,West Europe,GERMANY,Aerospace & Defense,9.0,67,1.4414414414414414,1.622,-0.18062887105855863,0.18062887105855863,1.044776119402985,1.7910447761194028,-0.7462686567164178,0.7462686567164178,1,2,-1,0.00025013972475634784,,0.0015372849897001906
2026-06-30,Scout24 SE,DE000A12DM80,WKN8S4-R,West Europe,GERMANY,Internet Software/Services,16.0,18,8.064516129032258,7.418,0.646547379032258,0.646547379032258,7.777777777777778,7.777777777777778,0.0,0.0,8,8,0,6.560589957785746e-05,,0.00041653319720922764
2026-06-30,Brenntag SE,DE000A1DAHH0,GM98K3-R,West Europe,GERMANY,Wholesale Distributors,4.0,11,6.111111111111112,6.11,0.0017361111111116045,0.0017361111111116045,7.272727272727273,6.363636363636363,0.9090909090909101,0.9090909090909101,7,7,0,8.230479304415043e-05,,0.0004445355970216116
2026-06-30,adidas AG,DE000A1EWWW0,QDYYRR-R,West Europe,GERMANY,Apparel/Footwear,13.0,13,6.666666666666666,5.418,1.248697916666666,1.248697916666666,8.461538461538462,6.153846153846154,2.3076923076923075,2.3076923076923075,9,6,3,0.0003763540278368606,,0.0023980859839328244
2026-06-30,Vonovia SE,DE000A1ML7J1,XPYPGM-R,West Europe,GERMANY,Real Estate Development,14.0,10,6.428571428571429,7.5,-1.0714285714285712,1.0714285714285712,5.0,8.0,-3.0,3.0,5,8,-3,0.0001980561968904094,,0.0011642619921994448
2026-06-30,Delivery Hero SE,DE000A2E4K43,P5GH6C-R,West Europe,GERMANY,Air Freight/Couriers,9.0,67,4.594594594594595,0.631,3.9637352195945947,3.9637352195945947,4.6268656716417915,0.7462686567164178,3.8805970149253737,3.8805970149253737,5,1,4,7.797937023393346e-05,,0.0005352360964139182
2026-06-30,BASF SE,DE000BASF111,SKYG3H-R,West Europe,GERMANY,Chemicals: Specialty,4.0,11,9.444444444444445,8.336,1.1085069444444446,1.1085069444444446,9.09090909090909,8.181818181818182,0.9090909090909083,0.9090909090909083,9,8,1,0.0005391949337488917,,0.0031877219786422633
2026-06-30,Bayer AG,DE000BAY0017,FVCVC5-R,West Europe,GERMANY,Pharmaceuticals: Major,8.0,38,4.583333333333333,5.207,-0.623697916666667,0.623697916666667,5.0,6.052631578947368,-1.0526315789473681,1.0526315789473681,5,6,-1,0.0006024083437106305,,0.0035768319760352257
2026-06-30,Commerzbank AG,DE000CBK1001,D3HSB0-R,West Europe,GERMANY,Regional Banks,2.0,37,10.0,9.234,0.765625,0.765625,10.0,9.45945945945946,0.5405405405405403,0.5405405405405403,10,10,0,0.00030758307741375303,,0.0014873169900349763
2026-06-30,Daimler Truck Holding AG,DE000DTR0CK8,WK2NV8-R,West Europe,GERMANY,Motor Vehicles,9.0,67,7.747747747747748,4.863,2.8844664977477477,2.8844664977477477,7.7611940298507465,4.925373134328358,2.8358208955223887,2.8358208955223887,8,5,3,0.00024214759134197196,,0.001691498988666957
2026-06-30,E.ON SE,DE000ENAG999,F2JQPJ-R,West Europe,GERMANY,Electric Utilities,19.0,23,8.275862068965518,6.9,1.3774245689655178,1.3774245689655178,8.26086956521739,7.391304347826086,0.8695652173913047,0.8695652173913047,8,8,0,0.0005061779169941433,,0.003022875979746731
2026-06-30,Siemens Energy AG,DE000ENER6Y0,GXQDVD-R,West Europe,GERMANY,Electrical Products,12.0,15,2.9411764705882355,2.941,-0.0002297794117644969,0.0002297794117644969,3.333333333333333,3.333333333333333,0.0,0.0,3,3,0,0.001621617520858779,,0.010075209932496096
2026-06-30,Evonik Industries AG,DE000EVNK013,RN0R13-R,West Europe,GERMANY,Chemicals: Major Diversified,4.0,11,8.333333333333334,9.445,-1.111979166666666,1.111979166666666,8.181818181818182,9.09090909090909,-0.9090909090909083,0.9090909090909083,8,9,-1,5.0586279201899854e-05,,0.0002830228981037466
2026-06-30,HENSOLDT AG,DE000HAG0005,K8D25G-R,West Europe,GERMANY,Aerospace & Defense,9.0,67,3.5135135135135136,0.5405,2.9729861697635136,2.9729861697635136,3.5820895522388057,0.5970149253731343,2.9850746268656714,2.9850746268656714,4,1,3,5.560503696219107e-05,,0.0003019062979772278
2026-06-30,Knorr-Bremse AG,DE000KBX1006,RGB6QT-R,West Europe,GERMANY,Auto Parts: OEM,9.0,67,6.306306306306306,7.746,-1.4397874436936942,1.4397874436936942,6.268656716417911,8.35820895522388,-2.089552238805969,2.089552238805969,6,9,-3,8.594780176982335e-05,,0.0004872940967351296
2026-06-30,Porsche AG,DE000PAG9113,HYFCLX-R,West Europe,GERMANY,Motor Vehicles,1.0,11,3.75,3.125,0.625,0.625,3.6363636363636367,3.6363636363636367,0.0,0.0,4,4,0,5.856428149631763e-05,,0.0003451781976873061
2026-06-30,Porsche Automobil Holding SE Pref,DE000PAH0038,PKT6GW-R,West Europe,GERMANY,Motor Vehicles,1.0,11,9.375,10.0,-0.625,0.625,9.09090909090909,10.0,-0.9090909090909101,0.9090909090909101,9,10,-1,4.868835878272947e-05,,0.0003328161977701315
2026-06-30,Siemens Healthineers AG,DE000SHL1006,B4W80H-R,West Europe,GERMANY,Medical Specialties,8.0,38,5.208333333333334,3.959,1.249348958333334,1.249348958333334,5.526315789473685,4.473684210526316,1.052631578947369,1.052631578947369,6,5,1,0.00015557132976373617,,0.000956053293594443
2026-06-30,Symrise AG,DE000SYM9999,J3R0B4-R,West Europe,GERMANY,Chemicals: Specialty,4.0,11,2.2222222222222223,1.111,1.1108940972222223,1.1108940972222223,2.727272727272727,1.8181818181818183,0.9090909090909087,0.9090909090909087,3,2,1,0.00015178482966569324,,0.0008942385940086014
2026-06-30,Talanx AG,DE000TLX1005,CZH06S-R,West Europe,GERMANY,Life/Health Insurance,10.0,24,8.88888888888889,9.26,-0.3689236111111107,0.3689236111111107,9.166666666666666,9.583333333333334,-0.41666666666666785,0.41666666666666785,9,10,-1,8.430269138704415e-05,,0.0005009628966435487
2026-06-30,Zalando SE,DE000ZAL1111,PM6KP2-R,West Europe,GERMANY,Internet Retail,15.0,13,0.5882352941176471,0.5884,-0.00014361213235292158,0.00014361213235292158,0.7692307692307693,0.7692307692307693,0.0,0.0,1,1,0,6.637613062231092e-05,,0.0004490598969912987
2026-06-30,Carlsberg AS Class B,DK0010181759,XJP7Q6-R,West Europe,DENMARK,Beverages: Alcoholic,7.0,23,7.5,8.93,-1.4296875,1.4296875,6.956521739130435,9.130434782608695,-2.1739130434782608,2.1739130434782608,7,9,-2,0.00013413643094661783,,0.0008040086946131418
2026-06-30,A.P. Moller - Maersk A/S Class A,DK0010244425,PSTM3X-R,West Europe,DENMARK,Marine Shipping,9.0,67,6.216216216216216,4.684,1.5326224662162158,1.5326224662162158,6.119402985074627,4.6268656716417915,1.4925373134328357,1.4925373134328357,6,5,1,7.376370612261255e-05,,
2026-06-30,A.P. Moller - Maersk A/S Class B,DK0010244508,QZ4Y8Y-R,West Europe,DENMARK,Marine Shipping,9.0,67,6.396396396396397,5.766,0.6307713963963968,0.6307713963963968,6.4179104477611935,5.970149253731343,0.4477611940298507,0.4477611940298507,7,6,1,7.772705023638018e-05,,0.0005295994964516834
2026-06-30,Genmab A/S,DK0010272202,P0YS2L-R,West Europe,DENMARK,Biotechnology,8.0,38,0.41666666666666663,1.042,-0.6253255208333334,0.6253255208333334,0.5263157894736842,1.0526315789473684,-0.5263157894736842,0.5263157894736842,1,1,0,0.00018930740350715195,,0.0011564379922518657
2026-06-30,Danske Bank A/S,DK0010274414,TZ1Y2R-R,West Europe,DENMARK,Major Banks,2.0,37,5.961538461538462,5.383,0.5787259615384617,0.5787259615384617,5.405405405405405,5.135135135135135,0.2702702702702702,0.2702702702702702,6,5,1,0.0003695645897417775,,0.002268638984800119
2026-06-30,DSV A/S,DK0060079531,R4PJJZ-R,West Europe,DENMARK,Air Freight/Couriers,9.0,67,7.387387387387387,3.514,3.8737155123873874,3.8737155123873874,7.611940298507463,3.5820895522388057,4.029850746268657,4.029850746268657,8,4,4,0.0005097613009942747,,0.003088736979305462
2026-06-30,Orsted,DK0060094928,KFDRGY-R,West Europe,DENMARK,Electric Utilities,19.0,23,0.3448275862068966,0.6895,-0.3446255387931034,0.3446255387931034,0.43478260869565216,0.8695652173913043,-0.43478260869565216,0.43478260869565216,1,1,0,0.00011840058380630142,,0.0007074618952600054
2026-06-30,Pandora A/S,DK0060252690,C6RB2B-R,West Europe,DENMARK,Other Consumer Specialties,13.0,13,3.333333333333333,2.916,0.41731770833333304,0.41731770833333304,3.8461538461538463,3.076923076923077,0.7692307692307692,0.7692307692307692,4,3,1,9.904865007401848e-05,,0.0005525190962981222
2026-06-30,Novonesis A/S Class B,DK0060336014,HWYYQ0-R,West Europe,DENMARK,Chemicals: Specialty,8.0,38,1.6666666666666665,1.458,0.20865885416666652,0.20865885416666652,1.8421052631578947,1.5789473684210527,0.26315789473684204,0.26315789473684204,2,2,0,0.0002459503927319694,,0.001466955990171395
2026-06-30,Coloplast A/S Class B,DK0060448595,CD71SM-R,West Europe,DENMARK,Medical Specialties,8.0,38,3.75,5.0,-1.25,1.25,4.2105263157894735,5.7894736842105265,-1.578947368421053,1.578947368421053,4,6,-2,8.151147016956019e-05,,0.000567532396197533
2026-06-30,Tryg A/S,DK0060636678,S4HTHH-R,West Europe,DENMARK,Insurance Brokers/Services,10.0,24,4.0740740740740735,1.852,2.2225115740740735,2.2225115740740735,3.75,1.25,2.5,2.5,4,1,3,8.438124761299663e-05,,0.00046531329688240096
2026-06-30,Demant A/S,DK0060738599,Q9JDJR-R,West Europe,DENMARK,Medical Specialties,8.0,38,0.8333333333333333,0.625,0.20833333333333326,0.20833333333333326,1.0526315789473684,0.7894736842105263,0.26315789473684204,0.26315789473684204,1,1,0,4.7064250064431505e-05,,0.0002468629983460179
2026-06-30,Vestas Wind Systems A/S,DK0061539921,G6QVQJ-R,West Europe,DENMARK,Electrical Products,12.0,15,0.5882352941176471,0.5884,-0.00014361213235292158,0.00014361213235292158,0.6666666666666666,0.6666666666666666,0.0,0.0,1,1,0,0.0002993782271405599,,0.0018730419874506189
2026-06-30,Novo Nordisk A/S Class B,DK0062498333,MVMFXK-R,West Europe,DENMARK,Pharmaceuticals: Major,8.0,38,2.2916666666666665,4.793,-2.5013020833333335,2.5013020833333335,2.631578947368421,5.526315789473685,-2.894736842105264,2.894736842105264,3,6,-3,0.0017343404546844641,,0.010214319931564056
2026-06-30,ROCKWOOL A/S Class B,DK0063855168,WK2NJZ-R,West Europe,DENMARK,Construction Materials,5.0,20,2.6470588235294117,3.234,-0.5873161764705883,0.5873161764705883,2.5,3.0,-0.5,0.5,3,3,0,2.9562362957094328e-05,,0.00019363539870264284
2026-06-30,Aena SME SA,ES0105046017,PM9V18-R,West Europe,SPAIN,Other Transportation,9.0,67,3.963963963963964,6.305,-2.340723536036036,2.340723536036036,4.029850746268656,6.567164179104478,-2.5373134328358216,2.5373134328358216,4,7,-3,0.00025109090014149615,,0.0014653519901821417
2026-06-30,Cellnex Telecom S.A.,ES0105066007,M7R42R-R,West Europe,SPAIN,Engineering & Construction,17.0,15,2.727272727272727,0.909,1.818093039772727,1.818093039772727,2.6666666666666665,0.6666666666666666,2.0,2.0,3,1,2,0.00017111966204261286,,0.0009498756936358329
2026-06-30,Amadeus IT Group SA Class A,ES0109067019,HMZCMS-R,West Europe,SPAIN,Packaged Software,16.0,18,9.032258064516128,8.39,0.6416330645161281,0.6416330645161281,8.88888888888889,8.88888888888889,0.0,0.0,9,9,0,0.00027997408927085216,,0.001663235988856319
2026-06-30,"Banco Bilbao Vizcaya Argentaria, S.A.",ES0113211835,S6PT59-R,West Europe,SPAIN,Major Banks,2.0,37,5.384615384615384,6.348,-0.9630408653846159,0.9630408653846159,5.135135135135135,6.486486486486487,-1.3513513513513518,1.3513513513513518,5,7,-2,0.0015584935179829744,,0.009261896937945291
2026-06-30,Bankinter SA,ES0113679I37,PHL0HY-R,West Europe,SPAIN,Major Banks,2.0,37,3.269230769230769,2.5,0.7692307692307692,0.7692307692307692,3.2432432432432434,2.9729729729729732,0.2702702702702702,0.2702702702702702,3,3,0,0.00012264742038818805,,0.0006925412953599733
2026-06-30,Banco de Sabadell SA,ES0113860A34,NZTKYK-R,West Europe,SPAIN,Major Banks,2.0,37,3.4615384615384617,2.691,0.7701322115384617,0.7701322115384617,3.5135135135135136,3.2432432432432434,0.2702702702702702,0.2702702702702702,4,3,1,0.00020573750567046278,,0.0011627489922095818
2026-06-30,"Banco Santander, S.A.",ES0113900J37,NQPWYC-R,West Europe,SPAIN,Major Banks,2.0,37,4.423076923076923,3.27,1.1535456730769234,1.1535456730769234,4.594594594594595,3.783783783783784,0.8108108108108105,0.8108108108108105,5,4,1,0.002200154372640762,,0.01329085991095124
2026-06-30,"Naturgy Energy Group, S.A.",ES0116870314,L0Q74W-R,West Europe,SPAIN,Gas Distributors,19.0,23,9.655172413793103,8.97,0.6864224137931032,0.6864224137931032,9.565217391304348,9.565217391304348,0.0,0.0,10,10,0,9.123661093296561e-05,,0.0007405660950382071
2026-06-30,"Indra Sistemas, S.A. Class A",ES0118594417,DCTKTS-R,West Europe,SPAIN,Information Technology Services,16.0,18,7.741935483870968,3.549,4.193107358870968,4.193107358870968,7.222222222222222,3.333333333333333,3.8888888888888893,3.8888888888888893,7,3,4,4.798461300754807e-05,,0.0003615382975776934
2026-06-30,Mapfre SA,ES0124244E34,JWNFCY-R,West Europe,SPAIN,Multi-Line Insurance,10.0,24,9.25925925925926,4.816,4.4428530092592595,4.4428530092592595,9.583333333333334,4.583333333333333,5.000000000000001,5.000000000000001,10,5,5,5.078478493441808e-05,,0.00028993929805740673
2026-06-30,Acciona SA,ES0125220311,GGL1JR-R,West Europe,SPAIN,Engineering & Construction,5.0,20,9.705882352941176,5.883,3.8230698529411757,3.8230698529411757,9.5,5.5,4.0,4.0,10,6,4,8.663684637986789e-05,,0.0004973702966676191
2026-06-30,EDP Renewables SA,ES0127797019,X41LWS-R,West Europe,PORTUGAL,Alternative Power Generation,19.0,23,2.413793103448276,2.414,-0.0002693965517241992,0.0002693965517241992,2.608695652173913,3.0434782608695654,-0.43478260869565233,0.43478260869565233,3,3,0,4.9753663213144474e-05,,0.0003241118978284503
2026-06-30,Endesa S.A.,ES0130670112,XJKZH4-R,West Europe,SPAIN,Electric Utilities,19.0,23,3.4482758620689657,3.45,-0.0009428879310342531,0.0009428879310342531,3.9130434782608696,4.3478260869565215,-0.4347826086956519,0.4347826086956519,4,5,-1,0.00016179362290989944,,0.0009557533935964522
2026-06-30,CaixaBank SA,ES0140609019,NZNF7V-R,West Europe,SPAIN,Regional Banks,2.0,37,2.692307692307692,4.23,-1.538161057692308,1.538161057692308,2.7027027027027026,4.594594594594595,-1.891891891891892,1.891891891891892,3,5,-2,0.000573390143881038,,0.0032804679780208653
2026-06-30,Iberdrola SA,ES0144580Y14,B97PT2-R,West Europe,SPAIN,Electric Utilities,19.0,23,3.793103448275862,4.83,-1.035021551724138,1.035021551724138,4.3478260869565215,6.086956521739131,-1.7391304347826093,1.7391304347826093,5,6,-1,0.0017204903569987115,,0.01032085993085024
2026-06-30,"Industria de Diseno Textil, S.A.",ES0148396007,N189DN-R,West Europe,SPAIN,Apparel/Footwear Retail,15.0,13,3.5294117647058827,4.707,-1.1776194852941173,1.1776194852941173,3.076923076923077,3.076923076923077,0.0,0.0,3,3,0,0.000767965864927274,,0.004625825969006967
2026-06-30,"ACS, Actividades de Construccion y Servicios SA",ES0167050915,T1Q642-R,West Europe,SPAIN,Engineering & Construction,5.0,20,8.823529411764707,6.766,2.0579044117647065,2.0579044117647065,8.5,6.0,2.5,2.5,9,6,3,0.0002802682125815157,,0.001973541986777269
2026-06-30,Redeia Corporacion SA,ES0173093024,HP1KTT-R,West Europe,SPAIN,Electric Utilities,19.0,23,8.96551724137931,3.793,5.17254849137931,5.17254849137931,8.695652173913043,4.782608695652174,3.913043478260869,3.913043478260869,9,5,4,1.209914891478047e-05,,0.00032052669785247114
2026-06-30,Repsol SA,ES0173516115,G0XN0D-R,West Europe,SPAIN,Integrated Oil,12.0,15,8.823529411764707,6.47,2.3547794117647065,2.3547794117647065,9.333333333333334,7.333333333333333,2.000000000000001,2.000000000000001,9,7,2,0.0003220478238133234,,0.0018195739878088544
2026-06-30,International Consolidated Airlines Group SA,ES0177542018,RT3HS0-R,West Europe,UNITED KINGDOM,Airlines,18.0,8,5.384615384615384,8.46,-3.076322115384616,3.076322115384616,6.25,7.5,-1.25,1.25,6,8,-2,8.617018939509456e-05,,0.00100740599325038
2026-06-30,Telefonica SA,ES0178430E18,CPDD2G-R,West Europe,SPAIN,Specialty Telecommunications,17.0,15,3.6363636363636367,6.363,-2.7269176136363633,2.7269176136363633,4.0,6.0,-2.0,2.0,4,6,-2,0.00016297231632692795,,0.00099710149331942
2026-06-30,Kesko Oyj Class B,FI0009000202,KRX5HQ-R,West Europe,FINLAND,Food Retail,15.0,13,10.0,5.883,4.1171875,4.1171875,10.0,4.615384615384616,5.384615384615384,5.384615384615384,10,5,5,6.191147677737589e-05,,0.0004014980973099628
2026-06-30,Nokia Oyj,FI0009000681,M9KK66-R,West Europe,FINLAND,Telecommunications Equipment,17.0,15,1.8181818181818183,3.637,-1.8185369318181817,1.8185369318181817,1.3333333333333333,4.0,-2.666666666666667,2.666666666666667,2,4,-2,0.000749814726363688,,0.004796124967865963
2026-06-30,Wartsila Oyj Abp,FI0009003727,M76BKH-R,West Europe,FINLAND,Trucks/Construction/Farm Machinery,9.0,67,1.891891891891892,5.047,-3.154983108108108,3.154983108108108,1.6417910447761195,5.074626865671642,-3.432835820895523,3.432835820895523,2,5,-3,0.0002081620978308598,,0.0011989019919673568
2026-06-30,Stora Enso Oyj Class R,FI0009005961,JCQQSM-R,West Europe,FINLAND,Containers/Packaging,9.0,67,7.027027027027027,5.137,1.8903082770270272,1.8903082770270272,7.014925373134329,5.223880597014925,1.7910447761194037,1.7910447761194037,7,5,2,6.439449356820124e-05,,0.00041006029725259603
2026-06-30,UPM-Kymmene Oyj,FI0009005987,VQYLTZ-R,West Europe,FINLAND,Pulp & Paper,3.0,12,5.0,3.637,1.36328125,1.36328125,7.5,5.833333333333334,1.666666666666666,1.666666666666666,8,6,2,0.00015743037710203101,,0.0009061831939285727
2026-06-30,Fortum Oyj,FI0009007132,NZP5KF-R,West Europe,FINLAND,Electric Utilities,19.0,23,5.862068965517241,4.484,1.377693965517241,1.377693965517241,6.521739130434783,5.652173913043478,0.8695652173913055,0.8695652173913055,7,6,1,0.00011811686131995236,,0.0006840060954171592
2026-06-30,Elisa Oyj Class A,FI0009007884,Q514Z2-R,West Europe,FINLAND,Wireless Telecommunications,17.0,15,2.2727272727272725,1.363,0.9094460227272725,0.9094460227272725,2.0,1.3333333333333333,0.6666666666666667,0.6666666666666667,2,2,0,6.126202530527483e-05,,0.0004230440971656046
2026-06-30,Neste Corporation,FI0009013296,VJ9CC9-R,West Europe,FINLAND,Oil Refining/Marketing,12.0,15,6.470588235294118,8.82,-2.3497242647058822,2.3497242647058822,7.333333333333333,9.333333333333334,-2.000000000000001,2.000000000000001,7,10,-3,0.00014050703584718918,,0.0009000022939699848
2026-06-30,KONE Oyj Class B,FI0009013403,VWH0HM-R,West Europe,FINLAND,Building Products,9.0,67,3.063063063063063,2.523,0.5396255630630629,0.5396255630630629,2.9850746268656714,2.835820895522388,0.14925373134328357,0.14925373134328357,3,3,0,0.00021525205974387695,,0.0014919809900037274
2026-06-30,Orion Oyj Class B,FI0009014377,CGMTCS-R,West Europe,FINLAND,Pharmaceuticals: Major,8.0,38,5.625,7.5,-1.875,1.875,6.052631578947368,7.368421052631579,-1.3157894736842106,1.3157894736842106,6,8,-2,9.080364661849577e-05,,0.0006088569959206582
2026-06-30,Metso Corporation,FI0009014575,B045ZY-R,West Europe,FINLAND,Trucks/Construction/Farm Machinery,9.0,67,6.036036036036037,5.676,0.36025478603603656,0.36025478603603656,5.82089552238806,5.82089552238806,0.0,0.0,6,6,0,0.00011933695801838677,,0.0007422814950267141
2026-06-30,Nordea Bank Abp,FI4000297767,GTC7FX-R,West Europe,FINLAND,Major Banks,2.0,37,2.1153846153846154,2.309,-0.19320913461538458,0.19320913461538458,2.1621621621621623,2.7027027027027026,-0.5405405405405403,0.5405405405405403,2,3,-1,0.000640919095869895,,0.00424321797157044
2026-06-30,Sampo Oyj,FI4000552500,VBKJ5D-R,West Europe,FINLAND,Property/Casualty Insurance,10.0,24,1.4814814814814814,2.223,-0.7411747685185186,0.7411747685185186,1.25,1.6666666666666665,-0.4166666666666665,0.4166666666666665,1,2,-1,0.00028227767184066675,,0.001739912988342583
2026-06-30,Bollore SE,FR0000039299,KYL1YS-R,West Europe,FRANCE,Wholesale Distributors,11.0,6,4.0,4.0,0.0,0.0,6.666666666666666,6.666666666666666,0.0,0.0,7,7,0,4.360972627708146e-05,,0.000218231198537851
2026-06-30,Credit Agricole SA,FR0000045072,GSX767-R,West Europe,FRANCE,Regional Banks,2.0,37,7.6923076923076925,8.46,-0.7686298076923075,0.7686298076923075,7.297297297297297,8.64864864864865,-1.3513513513513518,1.3513513513513518,7,9,-2,0.00023413735649297176,,0.0014573259902359158
2026-06-30,Hermes International SCA,FR0000052292,D9KCYX-R,West Europe,FRANCE,Apparel/Footwear,13.0,13,2.0833333333333335,2.084,-0.0006510416666665186,0.0006510416666665186,1.5384615384615385,1.5384615384615385,0.0,0.0,2,2,0,0.0005525572927790487,,0.004222861971706825
2026-06-30,Covivio SA,FR0000064578,VCL3F1-R,West Europe,FRANCE,Real Estate Investment Trusts,14.0,10,7.5,6.785,0.71484375,0.71484375,7.0,6.0,1.0,1.0,7,6,1,3.37789771437132e-05,,0.00021053139858943966
2026-06-30,Safran SA,FR0000073272,NGS8GV-R,West Europe,FRANCE,Aerospace & Defense,9.0,67,4.414414414414415,4.145,0.2698831644144146,0.2698831644144146,4.477611940298508,4.029850746268656,0.4477611940298516,0.4477611940298516,5,4,1,0.0015485207275921647,,0.009676073935170306
2026-06-30,Air Liquide SA,FR0000120073,HXYRFX-R,West Europe,FRANCE,Chemicals: Specialty,4.0,11,5.555555555555555,3.334,2.2215711805555554,2.2215711805555554,6.363636363636363,3.6363636363636367,2.7272727272727266,2.7272727272727266,7,4,3,0.0014147751276207502,,0.008474675943219672
2026-06-30,Carrefour SA,FR0000120172,SDCTWH-R,West Europe,FRANCE,Specialty Stores,15.0,13,9.411764705882353,10.0,-0.5882352941176467,0.5882352941176467,9.230769230769232,10.0,-0.7692307692307683,0.7692307692307683,9,10,-1,0.0001092462582827037,,0.0007830464947535886
2026-06-30,TotalEnergies SE,FR0000120271,NL9BH6-R,West Europe,FRANCE,Integrated Oil,12.0,15,8.235294117647058,5.883,2.352481617647058,2.352481617647058,8.666666666666668,6.666666666666666,2.0000000000000018,2.0000000000000018,9,7,2,0.0016932351968983565,,0.01162722992209756
2026-06-30,L'Oreal S.A.,FR0000120321,SQG6NN-R,West Europe,FRANCE,Household/Personal Care,13.0,13,6.25,8.75,-2.5,2.5,7.6923076923076925,9.230769230769232,-1.5384615384615392,1.5384615384615392,8,9,-1,0.0011670834968874333,,0.006869665953973239
2026-06-30,Accor SA,FR0000120404,NSZ0P5-R,West Europe,FRANCE,Hotels/Resorts/Cruiselines,18.0,8,8.461538461538462,5.383,3.0787259615384617,3.0787259615384617,7.5,3.75,3.75,3.75,8,4,4,0.00012233469560326968,,0.0007825508947569091
2026-06-30,Bouygues SA,FR0000120503,F5TYNG-R,West Europe,FRANCE,Engineering & Construction,5.0,20,10.0,9.7,0.296875,0.296875,10.0,9.5,0.5,0.5,10,10,0,0.00013090437479087986,,0.0009792085934393025
2026-06-30,Sanofi SA,FR0000120578,M78XGX-R,West Europe,FRANCE,Pharmaceuticals: Major,8.0,38,7.5,8.54,-1.0390625,1.0390625,7.631578947368421,8.68421052631579,-1.0526315789473681,1.0526315789473681,8,9,-1,0.001036058112505971,,0.006407621957068933
2026-06-30,AXA SA,FR0000120628,GM702V-R,West Europe,FRANCE,Multi-Line Insurance,10.0,24,4.814814814814815,5.926,-1.1109664351851851,1.1109664351851851,4.583333333333333,5.833333333333334,-1.2500000000000009,1.2500000000000009,5,6,-1,0.00091206948582084,,0.005818739961014442
2026-06-30,Danone SA,FR0000120644,SC37CB-R,West Europe,FRANCE,Food: Meat/Fish/Dairy,7.0,23,6.071428571428571,3.215,2.856584821428571,2.856584821428571,6.086956521739131,3.9130434782608696,2.173913043478261,2.173913043478261,6,4,2,0.0005821762402207311,,0.003491028976610106
2026-06-30,Pernod Ricard SA,FR0000120693,MQ1RPL-R,West Europe,FRANCE,Beverages: Alcoholic,7.0,23,9.285714285714286,7.855,1.4302455357142865,1.4302455357142865,9.130434782608695,7.826086956521739,1.304347826086956,1.304347826086956,9,8,1,0.0001595895482265555,,0.0009312535937606011
2026-06-30,LVMH Moet Hennessy Louis Vuitton SE,FR0000121014,GQH86W-R,West Europe,FRANCE,Apparel/Footwear,13.0,13,5.0,5.0,0.0,0.0,6.153846153846154,5.384615384615384,0.76923076923077,0.76923076923077,6,6,0,0.001513914984923373,,0.008989110939772957
2026-06-30,Sodexo SA,FR0000121220,F86RDQ-R,West Europe,FRANCE,Restaurants,18.0,8,1.5384615384615385,0.769,0.7694185697115385,0.7694185697115385,2.5,1.25,1.25,1.25,3,1,2,5.1310776621747246e-05,,0.00031134869791396374
2026-06-30,Thales SA,FR0000121329,L7MP54-R,West Europe,FRANCE,Aerospace & Defense,9.0,67,9.36936936936937,8.47,0.9006193693693696,0.9006193693693696,9.253731343283583,8.805970149253731,0.4477611940298516,0.4477611940298516,9,9,0,0.00027929303529410315,,0.0016648689888453779
2026-06-30,Kering SA,FR0000121485,P45SVG-R,West Europe,FRANCE,Consumer Sundries,13.0,13,2.916666666666667,2.5,0.41666666666666696,0.41666666666666696,3.076923076923077,2.307692307692308,0.7692307692307692,0.7692307692307692,3,2,1,0.00023237431676373404,,0.0013135939911989203
2026-06-30,EssilorLuxottica SA,FR0000121667,R6Y499-R,West Europe,FRANCE,Medical Specialties,8.0,38,4.166666666666667,1.667,2.499674479166667,2.499674479166667,4.7368421052631575,1.8421052631578947,2.894736842105263,2.894736842105263,5,2,3,0.000624726912562779,,0.003912159973788528
2026-06-30,Klepierre SA,FR0000121964,WCCWD2-R,West Europe,FRANCE,Real Estate Development,14.0,10,6.071428571428571,7.145,-1.0731026785714288,1.0731026785714288,4.0,7.0,-3.0,3.0,4,7,-3,9.231586646907172e-05,,0.0006133201958907548
2026-06-30,Schneider Electric SE,FR0000121972,PVX0ZC-R,West Europe,FRANCE,Electrical Products,9.0,67,6.756756756756756,5.406,1.3505067567567561,1.3505067567567561,6.865671641791044,5.522388059701493,1.3432835820895512,1.3432835820895512,7,6,1,0.001951630675962283,,0.012131509918718886
2026-06-30,Veolia Environnement SA,FR0000124141,BLBH7J-R,West Europe,FRANCE,Water Utilities,19.0,23,6.8965517241379315,8.62,-1.7206357758620685,1.7206357758620685,6.956521739130435,9.130434782608695,-2.1739130434782608,2.1739130434782608,7,9,-2,0.0003044484289780376,,0.0018393459876763821
2026-06-30,Compagnie de Saint-Gobain SA,FR0000125007,RK87TQ-R,West Europe,FRANCE,Building Products,5.0,20,7.941176470588235,8.53,-0.5900735294117654,0.5900735294117654,7.5,8.0,-0.5,0.5,8,8,0,0.00043871967060903983,,0.0029474369802521723
2026-06-30,Capgemini SE,FR0000125338,F86QBP-R,West Europe,FRANCE,Information Technology Services,16.0,18,10.0,6.13,3.87109375,3.87109375,10.0,6.111111111111112,3.8888888888888884,3.8888888888888884,10,6,4,0.0001758787392219898,,0.0011453589923260947
2026-06-30,VINCI SA,FR0000125486,R71R5P-R,West Europe,FRANCE,Engineering & Construction,5.0,20,9.117647058823529,9.12,0.0004595588235289938,0.0004595588235289938,9.0,8.5,0.5,0.5,9,9,0,0.0007862049104579031,,0.005539754962883642
2026-06-30,Eiffage SA,FR0000130452,X9RMCS-R,West Europe,FRANCE,Engineering & Construction,5.0,20,8.529411764705882,9.414,-0.8846507352941178,0.8846507352941178,8.0,9.0,-1.0,1.0,8,9,-1,0.00012219958489510698,,0.0009316724937577943
2026-06-30,Publicis Groupe SA,FR0000130577,LZ645K-R,West Europe,FRANCE,Advertising/Marketing Services,11.0,6,10.0,10.0,0.0,0.0,10.0,10.0,0.0,0.0,10,10,0,0.0002346575977245501,,0.0014898379900180857
2026-06-30,Societe Generale S.A. Class A,FR0000130809,VXQN5W-R,West Europe,FRANCE,Major Banks,2.0,37,7.3076923076923075,8.66,-1.3485576923076925,1.3485576923076925,6.756756756756756,8.91891891891892,-2.162162162162163,2.162162162162163,7,9,-2,0.0006336982235816115,,0.004311003971116274
2026-06-30,BNP Paribas S.A. Class A,FR0000131104,GSRMDX-R,West Europe,FRANCE,Major Banks,2.0,37,8.269230769230768,8.84,-0.5745192307692317,0.5745192307692317,7.837837837837838,9.18918918918919,-1.3513513513513518,1.3513513513513518,8,9,-1,0.001274251990497459,,0.007879375947208183
2026-06-30,Renault SA,FR0000131906,VK7479-R,West Europe,FRANCE,Motor Vehicles,1.0,11,4.375,6.25,-1.875,1.875,4.545454545454545,7.272727272727273,-2.7272727272727284,2.7272727272727284,5,7,-2,5.9291939166629826e-05,,0.00039344319736393064
2026-06-30,Orange SA,FR0000133308,HSDXVR-R,West Europe,FRANCE,Wireless Telecommunications,17.0,15,9.545454545454547,7.273,2.2720170454545467,2.2720170454545467,9.333333333333334,7.333333333333333,2.000000000000001,2.000000000000001,10,8,2,0.00038287024427783526,,0.0024469089836057097
2026-06-30,Amundi SA,FR0004125920,W7GV53-R,West Europe,FRANCE,Investment Managers,6.0,22,3.953488372093023,5.582,-1.6285428779069768,1.6285428779069768,4.545454545454545,7.272727272727273,-2.7272727272727284,2.7272727272727284,5,7,-2,6.0762235694584176e-05,,0.00038322139743241667
2026-06-30,Bureau Veritas SA,FR0006174348,KL214V-R,West Europe,FRANCE,Miscellaneous Commercial Services,9.0,67,3.4234234234234235,4.324,-0.9007953265765765,0.9007953265765765,3.432835820895522,4.17910447761194,-0.7462686567164178,0.7462686567164178,4,4,0,0.00010730990481753265,,0.0007261931951345056
2026-06-30,Gecina SA,FR0010040865,RDQKHP-R,West Europe,FRANCE,Real Estate Investment Trusts,14.0,10,6.7857142857142865,4.285,2.5005580357142865,2.5005580357142865,6.0,4.0,2.0,2.0,6,4,2,3.8886701955064035e-05,,0.00029732699800790916
2026-06-30,ENGIE S.A.,FR0010208488,QKJP1R-R,West Europe,FRANCE,Electric Utilities,19.0,23,7.241379310344827,7.93,-0.6883081896551726,0.6883081896551726,7.391304347826086,8.26086956521739,-0.8695652173913047,0.8695652173913047,8,8,0,0.0006281798862272744,,0.004011406973123573
2026-06-30,Alstom SA,FR0010220475,QSF694-R,West Europe,FRANCE,Trucks/Construction/Farm Machinery,9.0,67,7.927927927927928,6.848,1.0802716779279278,1.0802716779279278,7.910447761194029,7.313432835820896,0.5970149253731334,0.5970149253731334,8,7,1,6.784463700838805e-05,,0.00040291219730048835
2026-06-30,Ipsen SA,FR0010259150,VWJ2JM-R,West Europe,FRANCE,Pharmaceuticals: Major,8.0,38,6.458333333333334,5.832,0.6263020833333339,0.6263020833333339,6.842105263157895,6.315789473684211,0.5263157894736841,0.5263157894736841,7,6,1,7.477737646078151e-05,,0.00046703429687087024
2026-06-30,Legrand SA,FR0010307819,PB2NM2-R,West Europe,FRANCE,Electronic Equipment/Instruments,9.0,67,5.495495495495496,2.973,2.522839245495496,2.522839245495496,5.671641791044776,3.1343283582089554,2.5373134328358202,2.5373134328358202,6,3,3,0.0004536780561318457,,0.002881738980692349
2026-06-30,Aeroports de Paris,FR0010340141,LD8KL5-R,West Europe,FRANCE,Other Transportation,9.0,67,5.225225225225225,6.125,-0.8997747747747749,0.8997747747747749,5.3731343283582085,6.4179104477611935,-1.044776119402985,1.044776119402985,6,7,-1,3.73865630619611e-05,,0.00022671539848100685
2026-06-30,Rexel SA,FR0010451203,FBG90Z-R,West Europe,FRANCE,Wholesale Distributors,9.0,67,9.45945945945946,9.64,-0.18116554054054035,0.18116554054054035,9.402985074626866,9.701492537313433,-0.29850746268656714,0.29850746268656714,10,10,0,0.00010444327762376838,,0.0006313275957701051
2026-06-30,Getlink SE,FR0010533075,PKTRNJ-R,West Europe,FRANCE,Railroads,9.0,67,8.558558558558559,7.836,0.7226210585585591,0.7226210585585591,8.35820895522388,8.507462686567164,-0.14925373134328446,0.14925373134328446,9,9,0,6.814800105142336e-05,,0.0004013661973108465
2026-06-30,Abivax SA,FR0012333284,WP2Z44-R,West Europe,FRANCE,Pharmaceuticals: Other,8.0,38,0.20833333333333331,0.2084,-4.069010416668517e-05,4.069010416668517e-05,0.2631578947368421,0.2631578947368421,0.0,0.0,1,1,0,7.373336371783345e-05,,0.0005850195960803688
2026-06-30,Sartorius Stedim Biotech SA,FR0013154002,KQMGSG-R,West Europe,FRANCE,Medical Specialties,8.0,38,0.625,0.4167,0.208251953125,0.208251953125,0.7894736842105263,0.5263157894736842,0.26315789473684215,0.26315789473684215,1,1,0,5.8454072761754134e-05,,0.0003811060974465892
2026-06-30,Ayvens,FR0013258662,MKHN6T-R,West Europe,FRANCE,Finance/Rental/Leasing,6.0,22,9.767441860465116,9.305,0.46275436046511587,0.46275436046511587,9.545454545454547,10.0,-0.45454545454545325,0.45454545454545325,10,10,0,3.5616822801674605e-05,,0.00030811569793562485
2026-06-30,bioMerieux SA,FR0013280286,LD75YW-R,West Europe,FRANCE,Medical Specialties,8.0,38,3.333333333333333,2.709,0.624348958333333,0.624348958333333,3.6842105263157894,3.1578947368421053,0.5263157894736841,0.5263157894736841,4,3,1,3.3227343424131694e-05,,0.00024670469834707856
2026-06-30,Unibail-Rodamco-Westfield SE Stapled Secs Cons of 1 Sh Unibail Rodamco + 1 Sh WFD Unib Rod,FR0013326246,VTG478-R,West Europe,FRANCE,Real Estate Investment Trusts,14.0,10,9.285714285714286,8.21,1.0747767857142865,1.0747767857142865,9.0,10.0,-1.0,1.0,9,10,-1,0.00015085055562005602,,0.0008476377943208268
2026-06-30,Eurofins Scientific SE,FR0014000MR3,CGGTW3-R,West Europe,FRANCE,Miscellaneous Commercial Services,8.0,38,3.958333333333333,4.375,-0.41666666666666696,0.41666666666666696,4.473684210526316,5.0,-0.5263157894736841,0.5263157894736841,5,5,0,9.702477967271627e-05,,0.0005947767960149955
2026-06-30,Dassault Systemes SE,FR0014003TT8,VMHPTJ-R,West Europe,FRANCE,Packaged Software,16.0,18,6.774193548387096,4.195,2.578881048387096,2.578881048387096,6.111111111111112,3.888888888888889,2.2222222222222228,2.2222222222222228,6,4,2,0.00014946924614474651,,0.0009991643933055987
2026-06-30,Dassault Aviation SA,FR0014004L86,N4KJCL-R,West Europe,FRANCE,Aerospace & Defense,9.0,67,9.0990990990991,6.668,2.4311303490990994,2.4311303490990994,8.955223880597016,7.164179104477611,1.7910447761194046,1.7910447761194046,9,7,2,8.176688041203e-05,,0.00041027259725117364
2026-06-30,Cie Generale des Etablissements Michelin SA,FR001400AJ45,QLR4HX-R,West Europe,FRANCE,Automotive Aftermarket,1.0,11,5.0,5.0,0.0,0.0,5.454545454545454,5.454545454545454,0.0,0.0,6,6,0,0.00028458175445011187,,0.0017640439881809052
2026-06-30,Antofagasta plc,GB0000456144,CGFLHY-R,West Europe,UNITED KINGDOM,Other Metals/Minerals,3.0,12,0.9090909090909092,2.273,-1.3643465909090908,1.3643465909090908,1.6666666666666665,3.333333333333333,-1.6666666666666665,1.6666666666666665,2,3,-1,0.00020590421888327346,,0.001266452991514765
2026-06-30,Diageo plc,GB0002374006,SRR0L0-R,West Europe,UNITED KINGDOM,Beverages: Alcoholic,7.0,23,2.5,2.143,0.357421875,0.357421875,2.608695652173913,2.608695652173913,0.0,0.0,3,3,0,0.0004792041791978372,,0.0029624859801513437
2026-06-30,BAE Systems plc,GB0002634946,H3ZDL6-R,West Europe,UNITED KINGDOM,Aerospace & Defense,9.0,67,8.73873873873874,7.027,1.7113949887387392,1.7113949887387392,8.656716417910447,7.611940298507463,1.044776119402984,1.044776119402984,9,8,1,0.0008140489172271416,,0.005108912965770284
2026-06-30,British American Tobacco p.l.c.,GB0002875804,JTC3C0-R,West Europe,UNITED KINGDOM,Tobacco,7.0,23,9.642857142857142,9.64,0.0022321428571423496,0.0022321428571423496,9.565217391304348,9.565217391304348,0.0,0.0,10,10,0,0.0014099447447900634,,0.008846525940728277
2026-06-30,Halma plc,GB0004052071,VQYC7M-R,West Europe,UNITED KINGDOM,Electronic Equipment/Instruments,9.0,67,6.126126126126126,3.783,2.3429230011261257,2.3429230011261257,5.970149253731343,3.7313432835820897,2.238805970149253,2.238805970149253,6,4,2,0.00020157767598428419,,0.0013178039911707132
2026-06-30,Standard Chartered PLC,GB0004082847,RT2GT1-R,West Europe,UNITED KINGDOM,Major Banks,2.0,37,6.153846153846154,3.654,2.499549278846154,2.499549278846154,5.675675675675675,4.054054054054054,1.621621621621621,1.621621621621621,6,4,2,0.0005843706141352433,,0.003242881978272691
2026-06-30,Imperial Brands PLC,GB0004544929,WRQWWJ-R,West Europe,UNITED KINGDOM,Tobacco,7.0,23,6.428571428571429,7.5,-1.0714285714285712,1.0714285714285712,6.521739130434783,7.391304347826086,-0.8695652173913029,0.8695652173913029,7,8,-1,0.0003084574467116556,,0.001824155987778155
2026-06-30,HSBC Holdings Plc,GB0005405286,MH2X00-R,West Europe,UNITED KINGDOM,Major Banks,2.0,37,8.076923076923077,5.77,2.3073918269230766,2.3073918269230766,7.567567567567568,5.675675675675675,1.891891891891893,1.891891891891893,8,6,2,0.003631116783180249,,0.02140512985658563
2026-06-30,Legal & General Group Plc,GB0005603997,R033YB-R,West Europe,UNITED KINGDOM,Multi-Line Insurance,10.0,24,5.555555555555555,6.297,-0.7413194444444446,0.7413194444444446,5.416666666666666,6.25,-0.8333333333333339,0.8333333333333339,6,6,0,0.00022241702760146995,,0.0014019569906068884
2026-06-30,Associated British Foods plc,GB0006731235,RFRHDN-R,West Europe,UNITED KINGDOM,Food: Major Diversified,7.0,23,8.571428571428571,8.21,0.3604910714285712,0.3604910714285712,8.26086956521739,8.26086956521739,0.0,0.0,8,8,0,9.183227814240945e-05,,0.0004937012966922013
2026-06-30,Pearson PLC,GB0006776081,KL682P-R,West Europe,UNITED KINGDOM,Publishing: Books/Magazines,11.0,6,2.6666666666666665,2.666,0.0006510416666665186,0.0006510416666665186,5.0,5.0,0.0,0.0,5,5,0,0.00010807286528575855,,0.0006676779955265575
2026-06-30,Prudential plc,GB0007099541,V4QWNW-R,West Europe,UNITED KINGDOM,Multi-Line Insurance,10.0,24,8.148148148148147,9.63,-1.484664351851853,1.484664351851853,8.333333333333334,10.0,-1.666666666666666,1.666666666666666,9,10,-1,0.00038097409399895685,,0.002234204985030827
2026-06-30,Rio Tinto plc,GB0007188757,RS2FLX-R,West Europe,UNITED KINGDOM,Other Metals/Minerals,3.0,12,6.363636363636363,5.0,1.3636363636363633,1.3636363636363633,9.166666666666666,7.5,1.666666666666666,1.666666666666666,9,8,1,0.0011562596390455025,,0.006590630955842773
2026-06-30,SSE PLC,GB0007908733,V70D41-R,West Europe,UNITED KINGDOM,Electric Utilities,19.0,23,4.137931034482759,3.104,1.034415409482759,1.034415409482759,4.782608695652174,3.9130434782608696,0.8695652173913042,0.8695652173913042,5,4,1,0.00042491877682292905,,0.002592458982630525
2026-06-30,BP PLC,GB0007980591,S8V1HG-R,West Europe,UNITED KINGDOM,Integrated Oil,12.0,15,9.411764705882353,9.414,-0.0022977941176467453,0.0022977941176467453,10.0,10.0,0.0,0.0,10,10,0,0.0010783464640578553,,0.006684385955214615
2026-06-30,Lloyds Banking Group plc,GB0008706128,QG1XJM-R,West Europe,UNITED KINGDOM,Major Banks,2.0,37,9.807692307692307,7.117,2.6905048076923066,2.6905048076923066,9.72972972972973,7.027027027027027,2.7027027027027026,2.7027027027027026,10,7,3,0.000978158223665914,,0.005703177961788708
2026-06-30,Smith & Nephew plc,GB0009223206,L5CD35-R,West Europe,UNITED KINGDOM,Medical Specialties,8.0,38,9.375,7.918,1.45703125,1.45703125,9.473684210526315,7.894736842105264,1.5789473684210513,1.5789473684210513,10,8,2,0.00012806584982435007,,0.0008242682944774026
2026-06-30,AstraZeneca PLC,GB0009895292,GY9L86-R,West Europe,UNITED KINGDOM,Pharmaceuticals: Major,8.0,38,5.416666666666666,6.875,-1.458333333333334,1.458333333333334,5.7894736842105265,7.105263157894736,-1.3157894736842097,1.3157894736842097,6,7,-1,0.003204759992387911,,0.01923832987110319
2026-06-30,BT Group plc,GB0030913577,DKMXT1-R,West Europe,UNITED KINGDOM,Major Telecommunications,17.0,15,6.8181818181818175,3.182,3.6365411931818175,3.6365411931818175,6.666666666666666,3.333333333333333,3.333333333333333,3.333333333333333,7,4,3,0.00018136467400827006,,0.0010665699928539812
2026-06-30,Marks and Spencer Group plc,GB0031274896,C5C1JQ-R,West Europe,UNITED KINGDOM,Department Stores,15.0,13,4.117647058823529,6.47,-2.351102941176471,2.351102941176471,3.8461538461538463,5.384615384615384,-1.5384615384615379,1.5384615384615379,4,6,-2,0.00010639473228578073,,0.0006503366956427442
2026-06-30,Barclays PLC,GB0031348658,Q1KZKH-R,West Europe,UNITED KINGDOM,Investment Banks/Brokers,2.0,37,9.423076923076923,9.62,-0.19411057692307665,0.19411057692307665,9.18918918918919,9.72972972972973,-0.5405405405405403,0.5405405405405403,9,10,-1,0.0010118871968465765,,0.006113275959041051
2026-06-30,Intertek Group plc,GB0031638363,P8X97Y-R,West Europe,UNITED KINGDOM,Miscellaneous Commercial Services,9.0,67,0.7207207207207207,1.352,-0.6308417792792793,0.6308417792792793,0.5970149253731343,1.4925373134328357,-0.8955223880597014,0.8955223880597014,1,2,-1,0.00013731388277470456,,0.0008129742945530723
2026-06-30,Next plc,GB0032089863,CQJM8J-R,West Europe,UNITED KINGDOM,Apparel/Footwear,15.0,13,2.3529411764705883,2.941,-0.5884650735294117,0.5884650735294117,1.5384615384615385,1.5384615384615385,0.0,0.0,2,2,0,0.00026096438266168747,,0.0014738349901253058
2026-06-30,Kingfisher Plc,GB0033195214,GGPJ50-R,West Europe,UNITED KINGDOM,Home Improvement Chains,15.0,13,8.235294117647058,9.414,-1.178768382352942,1.178768382352942,7.6923076923076925,9.230769230769232,-1.5384615384615392,1.5384615384615392,8,9,-1,7.939849270610183e-05,,0.00043983459705310824
2026-06-30,J Sainsbury plc,GB00B019KW72,MH7DL7-R,West Europe,UNITED KINGDOM,Food Retail,15.0,13,7.058823529411765,8.234,-1.1755514705882346,1.1755514705882346,6.153846153846154,7.6923076923076925,-1.5384615384615383,1.5384615384615383,6,8,-2,7.534043108552377e-05,,0.0004899502967173331
2026-06-30,Admiral Group plc,GB00B02J6398,D2TYF9-R,West Europe,UNITED KINGDOM,Property/Casualty Insurance,10.0,24,1.1111111111111112,0.7407,0.37038845486111116,0.37038845486111116,0.8333333333333333,0.41666666666666663,0.41666666666666663,0.41666666666666663,1,1,0,0.00012867849837964586,,0.0007950572946731161
2026-06-30,Centrica plc,GB00B033F229,LHKZY9-R,West Europe,UNITED KINGDOM,Gas Distributors,19.0,23,2.0689655172413794,2.758,-0.6888469827586206,0.6888469827586206,2.1739130434782608,3.4782608695652173,-1.3043478260869565,1.3043478260869565,2,4,-2,0.00011986569992368371,,0.0007049007952771647
2026-06-30,Bunzl plc,GB00B0744B38,CMX879-R,West Europe,UNITED KINGDOM,Wholesale Distributors,9.0,67,9.00900900900901,8.65,0.36057150900900936,0.36057150900900936,8.805970149253731,8.955223880597016,-0.14925373134328446,0.14925373134328446,9,9,0,0.00011751401354141445,,0.0007393934950460637
2026-06-30,Rentokil Initial plc,GB00B082RF11,JWNLQ3-R,West Europe,UNITED KINGDOM,Miscellaneous Commercial Services,9.0,67,9.54954954954955,8.83,0.7214245495495497,0.7214245495495497,9.552238805970148,9.104477611940299,0.4477611940298498,0.4477611940298498,10,9,1,0.00014552373344420272,,0.0009271915937878164
2026-06-30,London Stock Exchange Group plc,GB00B0SWJX34,F0BW8V-R,West Europe,UNITED KINGDOM,Financial Publishing/Services,6.0,22,2.3255813953488373,2.559,-0.23301235465116266,0.23301235465116266,3.1818181818181817,3.6363636363636367,-0.45454545454545503,0.45454545454545503,3,4,-1,0.0005527477078703454,,0.0034386599769609784
2026-06-30,Experian PLC,GB00B19NLV48,S243YB-R,West Europe,UNITED KINGDOM,Miscellaneous Commercial Services,9.0,67,6.576576576576577,7.477,-0.8999859234234231,0.8999859234234231,6.567164179104478,8.059701492537313,-1.4925373134328348,1.4925373134328348,7,8,-1,0.0003432246021731746,,0.002001015986593193
2026-06-30,Severn Trent Plc,GB00B1FH8J72,LRJK5P-R,West Europe,UNITED KINGDOM,Water Utilities,19.0,23,7.586206896551724,5.17,2.414331896551724,2.414331896551724,7.826086956521739,6.521739130434783,1.304347826086956,1.304347826086956,8,7,1,0.00012388061812494173,,0.0006582767955895455
2026-06-30,Smiths Group Plc,GB00B1WY2338,C7RT3W-R,West Europe,UNITED KINGDOM,Electrical Products,9.0,67,2.0720720720720722,1.712,0.3601580095720722,0.3601580095720722,1.9402985074626866,1.9402985074626866,0.0,0.0,2,2,0,0.0001361572911093444,,0.0007407680950368539
2026-06-30,3i Group plc,GB00B1YW4409,GX5F66-R,West Europe,UNITED KINGDOM,Investment Trusts/Mutual Funds,6.0,22,0.46511627906976744,2.326,-1.8610555959302326,1.8610555959302326,0.9090909090909092,3.1818181818181817,-2.2727272727272725,2.2727272727272725,1,3,-2,0.00035285976580546675,,0.0021140479858358786
2026-06-30,RELX PLC,GB00B2B0DG97,PC4MH0-R,West Europe,UNITED KINGDOM,Miscellaneous Commercial Services,16.0,18,3.548387096774194,6.773,-3.225050403225806,3.225050403225806,3.333333333333333,7.222222222222222,-3.8888888888888893,3.8888888888888893,4,7,-3,0.0006270696982396251,,0.003799490974543411
2026-06-30,Fresnillo PLC,GB00B2QPKJ12,C8X0D1-R,West Europe,UNITED KINGDOM,Precious Metals,3.0,12,3.6363636363636367,8.63,-4.996448863636363,4.996448863636363,5.833333333333334,9.166666666666666,-3.333333333333332,3.333333333333332,6,9,-3,8.628548853309662e-05,,0.000453590896960941
2026-06-30,United Utilities Group PLC,GB00B39J2M42,H9PG8C-R,West Europe,UNITED KINGDOM,Water Utilities,19.0,23,10.0,4.137,5.86328125,5.86328125,10.0,5.217391304347826,4.782608695652174,4.782608695652174,10,5,5,0.0001411934902519477,,0.0007736024948168635
2026-06-30,SEGRO plc,GB00B5ZN1N88,DF4GV5-R,West Europe,UNITED KINGDOM,Real Estate Investment Trusts,14.0,10,4.642857142857143,1.429,3.2141462053571432,3.2141462053571432,3.0,3.0,0.0,0.0,3,3,0,0.00016258408555780318,,0.0009543618936057755
2026-06-30,Rolls-Royce Holdings plc,GB00B63H8491,DTMN8J-R,West Europe,UNITED KINGDOM,Aerospace & Defense,9.0,67,0.8108108108108109,4.594,-3.782939189189189,3.782939189189189,0.7462686567164178,4.477611940298508,-3.73134328358209,3.73134328358209,1,5,-4,0.0018162729482221176,,0.010717749928191076
2026-06-30,Sage Group plc,GB00B8C3BL03,F057JK-R,West Europe,UNITED KINGDOM,Packaged Software,16.0,18,9.67741935483871,8.06,1.61491935483871,1.61491935483871,9.444444444444445,8.333333333333334,1.1111111111111107,1.1111111111111107,10,9,1,0.00012143102398301938,,0.0006814559954342449
2026-06-30,Compass Group PLC,GB00BD6K4575,LJQ74C-R,West Europe,UNITED KINGDOM,Restaurants,18.0,8,3.8461538461538463,6.92,-3.0757211538461537,3.0757211538461537,5.0,6.25,-1.25,1.25,5,6,-1,0.0006030132916556165,,0.003716607975098727
2026-06-30,Coca-Cola Europacific Partners plc,GB00BDCPN049,MH2KBP-R,North America,UNITED STATES,Beverages: Non-Alcoholic,7.0,17,2.0689655172413794,5.91,-3.8411907327586206,3.8411907327586206,2.9411764705882355,7.647058823529411,-4.705882352941176,4.705882352941176,3,8,-5,0.00022888053986538928,,
2026-06-30,National Grid plc,GB00BDR05C01,J2N4RC-R,West Europe,UNITED KINGDOM,Electric Utilities,19.0,23,4.482758620689655,1.034,3.448578933189655,3.448578933189655,5.217391304347826,1.3043478260869565,3.9130434782608696,3.9130434782608696,5,1,4,0.0009062790268995816,,0.0056334779622556974
2026-06-30,TechnipFMC plc,GB00BDSFG982,RMFR2L-R,North America,UNITED STATES,Oilfield Services/Equipment,12.0,23,8.285714285714286,7.082,1.2036830357142865,1.2036830357142865,8.695652173913043,7.391304347826086,1.304347826086957,1.304347826086957,9,8,1,0.00028643520134454507,,
2026-06-30,Standard Life plc,GB00BGXQNP29,RS2N47-R,West Europe,UNITED KINGDOM,Life/Health Insurance,10.0,24,7.777777777777778,8.89,-1.1128472222222223,1.1128472222222223,7.916666666666666,9.166666666666666,-1.25,1.25,8,9,-1,7.780226619760088e-05,,0.0005939486960205438
2026-06-30,Vodafone Group Public Limited Company,GB00BH4HKS39,J4RDQ3-R,West Europe,UNITED KINGDOM,Wireless Telecommunications,17.0,15,10.0,10.0,0.0,0.0,10.0,10.0,0.0,0.0,10,10,0,0.0002788924035421418,,0.0016831679887227746
2026-06-30,InterContinental Hotels Group PLC,GB00BHJYC057,LY217M-R,West Europe,UNITED KINGDOM,Hotels/Resorts/Cruiselines,18.0,8,2.307692307692308,9.234,-6.926682692307692,6.926682692307692,3.75,8.75,-5.0,5.0,4,9,-5,0.00031820591932422044,,0.0016913549886679216
2026-06-30,Airtel Africa Plc,GB00BKDRYJ47,JYG36V-R,West Europe,UNITED KINGDOM,Wireless Telecommunications,17.0,15,6.363636363636363,2.727,3.6370738636363633,3.6370738636363633,6.0,2.6666666666666665,3.3333333333333335,3.3333333333333335,6,3,3,4.367040108584705e-05,,0.00020251129864317432
2026-06-30,M&G Plc,GB00BKFB1C65,B18MVG-R,West Europe,UNITED KINGDOM,Financial Conglomerates,6.0,22,5.116279069767442,6.977,-1.860283430232558,1.860283430232558,5.909090909090909,9.09090909090909,-3.1818181818181808,3.1818181818181808,6,9,-3,0.000117028275044341,,0.0006690807955171587
2026-06-30,Tesco PLC,GB00BLGZ9862,MDTJSZ-R,West Europe,UNITED KINGDOM,Food Retail,15.0,13,7.647058823529411,7.65,-0.0013786764705887578,0.0013786764705887578,6.923076923076923,6.923076923076923,0.0,0.0,7,7,0,0.0004379353084446282,,0.0026015799825694144
2026-06-30,NatWest Group Plc,GB00BM8PJY71,KHS6Z8-R,West Europe,UNITED KINGDOM,Major Banks,2.0,37,9.230769230769232,9.805,-0.5739182692307683,0.5739182692307683,8.91891891891892,10.0,-1.0810810810810807,1.0810810810810807,9,10,-1,0.0007828593453060403,,0.004801074967832798
2026-06-30,Informa Plc,GB00BMJ6DW54,Q77TYJ-R,West Europe,UNITED KINGDOM,Internet Software/Services,11.0,6,7.333333333333333,6.0,1.333333333333333,1.333333333333333,8.333333333333334,8.333333333333334,0.0,0.0,9,9,0,0.00018193871950409083,,0.0010342439930705652
2026-06-30,Royalty Pharma Plc Class A,GB00BMVP7Y09,MN5CL1-R,North America,UNITED STATES,Pharmaceuticals: Major,8.0,57,8.088235294117647,4.707,3.3812040441176467,3.3812040441176467,8.070175438596491,4.385964912280701,3.6842105263157903,3.6842105263157903,8,5,3,0.00025277133332377434,,
2026-06-30,Haleon PLC,GB00BMX86B70,MQ54K5-R,West Europe,UNITED KINGDOM,Pharmaceuticals: Major,8.0,38,7.916666666666666,6.043,1.873697916666666,1.873697916666666,8.157894736842104,6.578947368421053,1.5789473684210513,1.5789473684210513,8,7,1,0.00045393247629584705,,0.002744201981613847
2026-06-30,GSK plc,GB00BN7SWP63,Q8D48N-R,West Europe,UNITED KINGDOM,Pharmaceuticals: Major,8.0,38,8.125,8.336,-0.2109375,0.2109375,8.421052631578947,8.421052631578947,0.0,0.0,9,9,0,0.0011872550955820415,,0.0070539149527387695
2026-06-30,Melrose Industries PLC,GB00BNGDN821,JPV5LS-R,West Europe,UNITED KINGDOM,Aerospace & Defense,9.0,67,8.288288288288289,6.395,1.893757038288289,1.893757038288289,8.208955223880597,6.7164179104477615,1.4925373134328357,1.4925373134328357,8,7,1,8.884766159743104e-05,,0.0005069879966031805
2026-06-30,Shell Plc,GB00BP6MXD84,HKR6LR-R,West Europe,UNITED KINGDOM,Integrated Oil,12.0,15,3.5294117647058827,4.117,-0.5877757352941173,0.5877757352941173,4.0,4.666666666666667,-0.666666666666667,0.666666666666667,4,5,-1,0.0024234870728136143,,0.014338849903929708
2026-06-30,Schroders PLC,GB00BP9LHF23,W255GY-R,West Europe,UNITED KINGDOM,Investment Managers,6.0,22,8.372093023255815,5.117,3.2549055232558146,3.2549055232558146,8.636363636363637,6.8181818181818175,1.8181818181818192,1.8181818181818192,9,7,2,5.59311328068292e-05,,0.0005250034964824767
2026-06-30,Aviva plc,GB00BPQY8M80,CKVFC8-R,West Europe,UNITED KINGDOM,Multi-Line Insurance,10.0,24,5.925925925925926,3.334,2.5919415509259256,2.5919415509259256,5.833333333333334,2.916666666666667,2.916666666666667,2.916666666666667,6,3,3,0.00027920422825572527,,0.0017200899884753972
2026-06-30,Reckitt Benckiser Group plc,GB00BSZBP530,S8ZFWL-R,West Europe,UNITED KINGDOM,Household/Personal Care,13.0,13,2.5,3.334,-0.833984375,0.833984375,2.307692307692308,3.8461538461538463,-1.5384615384615383,1.5384615384615383,2,4,-2,0.00046848852993194786,,0.002797287981258171
2026-06-30,Anglo American plc,GB00BTK05J60,LRJCVJ-R,West Europe,UNITED KINGDOM,Other Metals/Minerals,3.0,12,3.1818181818181817,1.818,1.3634588068181817,1.3634588068181817,5.0,2.5,2.5,2.5,5,3,2,0.000585422097470271,,0.003526431976372906
2026-06-30,Verisure Plc,GB00BVMN1558,P5T1FC-R,West Europe,SWEDEN,Miscellaneous Commercial Services,9.0,67,2.8828828828828827,1.171,1.7119844453828827,1.7119844453828827,2.6865671641791042,1.3432835820895521,1.3432835820895521,1.3432835820895521,3,2,1,3.157563251822981e-05,,0.00022909679846505149
2026-06-30,Unilever PLC,GB00BVZK7T90,CGF31Z-R,West Europe,UNITED KINGDOM,Household/Personal Care,13.0,13,3.75,4.582,-0.83203125,0.83203125,4.615384615384616,4.615384615384616,0.0,0.0,5,5,0,0.0014568224600707306,,0.008690757941771921
2026-06-30,Spirax Group plc.,GB00BWFGQN14,SRS3P1-R,West Europe,UNITED KINGDOM,Industrial Machinery,9.0,67,7.207207207207206,6.938,0.2697072072072064,0.2697072072072064,7.313432835820896,7.462686567164179,-0.14925373134328357,0.14925373134328357,7,8,-1,6.62317191770208e-05,,0.00044962999698747907
2026-06-30,Land Securities Group PLC,GB00BYW0PQ60,BXLFMX-R,West Europe,UNITED KINGDOM,Real Estate Investment Trusts,14.0,10,10.0,7.855,2.14453125,2.14453125,10.0,9.0,1.0,1.0,10,9,1,6.089931655889106e-05,,0.0004164252972099505
2026-06-30,CRH public limited company,IE0001827041,CPD5P8-R,North America,UNITED STATES,Construction Materials,5.0,13,3.888888888888889,5.715,-1.8259548611111112,1.8259548611111112,5.384615384615384,6.153846153846154,-0.76923076923077,0.76923076923077,6,6,0,0.0007970382690528135,0.0011093950052030626,
2026-06-30,Smurfit Westrock PLC,IE00028FXN24,JZ0778-R,North America,UNITED STATES,Containers/Packaging,9.0,100,5.416666666666666,0.3738,5.042887369791666,5.042887369791666,5.1,0.4,4.699999999999999,4.699999999999999,5,1,4,0.00026938745022963336,0.00037673220176687405,
2026-06-30,Kerry Group Plc Class A,IE0004906560,HTK75W-R,West Europe,IRELAND,Chemicals: Specialty,7.0,23,3.9285714285714284,1.786,2.1424386160714284,2.1424386160714284,3.9130434782608696,2.1739130434782608,1.7391304347826089,1.7391304347826089,4,2,2,0.00016796261183145078,,0.0009636944935432469
2026-06-30,Kingspan Group Plc,IE0004927939,KDDY2D-R,West Europe,IRELAND,Construction Materials,5.0,20,2.9411764705882355,1.177,1.7644186580882355,1.7644186580882355,3.0,1.5,1.5,1.5,3,2,1,0.00014565474382739527,,0.0009026300939523785
2026-06-30,TE Connectivity plc,IE000IVNQZ81,T1N9NF-R,North America,UNITED STATES,Semiconductors,16.0,90,7.980769230769232,6.29,1.6917067307692317,1.6917067307692317,8.333333333333334,6.333333333333333,2.000000000000001,2.000000000000001,9,7,2,0.0006650514084698144,0.0009131417042826346,
2026-06-30,Linde plc,IE000S9YS762,LQ766T-R,North America,UNITED STATES,Chemicals: Specialty,4.0,8,2.727272727272727,2.0,0.7272727272727271,0.7272727272727271,2.5,1.25,1.25,1.25,3,1,2,0.002697062754980439,0.003721738017454951,
2026-06-30,Accenture Plc Class A,IE00B4BNMY34,BWDZ2P-R,North America,UNITED STATES,Information Technology Services,9.0,100,1.6666666666666665,9.625,-7.958333333333334,7.958333333333334,1.5,9.7,-8.2,8.2,2,10,-8,0.0008575021611022526,0.001185487005559934,
2026-06-30,Eaton Corp. Plc,IE00B8KQN827,SZJL5M-R,North America,UNITED STATES,Electrical Products,9.0,100,1.5,1.589,-0.0888671875,0.0888671875,1.3,1.6,-0.30000000000000004,0.30000000000000004,1,2,-1,0.0018591153436846026,0.0025674500120413403,
2026-06-30,Bank of Ireland Group Plc,IE00BD1RP616,CLZD12-R,West Europe,IRELAND,Major Banks,2.0,37,9.038461538461538,6.152,2.8861177884615383,2.8861177884615383,8.64864864864865,6.216216216216216,2.4324324324324333,2.4324324324324333,9,6,3,0.00022295297007744616,,0.0011987549919683417
2026-06-30,Willis Towers Watson Public Limited Company,IE00BDB6Q211,MBK7R0-R,North America,UNITED STATES,Insurance Brokers/Services,10.0,23,2.1875,2.0,0.1875,0.1875,3.0434782608695654,2.1739130434782608,0.8695652173913047,0.8695652173913047,3,2,1,0.00028032871737680693,0.00038310460179676053,
2026-06-30,AIB Group plc,IE00BF0L3536,W7Y6YZ-R,West Europe,IRELAND,Major Banks,2.0,37,7.5,5.96,1.5390625,1.5390625,7.027027027027027,5.9459459459459465,1.0810810810810807,1.0810810810810807,7,6,1,0.00023265693916289597,,0.0016009649892735347
2026-06-30,Allegion Public Limited Company,IE00BFRT3W74,RJVBBR-R,North America,UNITED STATES,Tools & Hardware,9.0,100,3.0833333333333335,4.207,-1.1236979166666665,1.1236979166666665,2.8000000000000003,4.4,-1.6,1.6,3,5,-2,0.00013106238731411973,0.00018520280086860112,
2026-06-30,STERIS plc,IE00BFY8C754,SPGL7X-R,North America,UNITED STATES,Medical Specialties,8.0,57,5.294117647058823,7.35,-2.0574448529411766,2.0574448529411766,4.912280701754385,7.192982456140351,-2.280701754385966,2.280701754385966,5,7,-2,0.00023832958874720717,0.0003204674015029921,
2026-06-30,Trane Technologies plc,IE00BK9ZQ967,C5GXYC-R,North America,UNITED STATES,Industrial Machinery,5.0,13,3.333333333333333,4.285,-0.951822916666667,0.951822916666667,4.615384615384616,4.615384615384616,0.0,0.0,5,5,0,0.0012221938646447502,0.0016846740079011209,
2026-06-30,Seagate Technology Holdings PLC,IE00BKVD2N49,KXDMGL-R,North America,UNITED STATES,Computer Peripherals,16.0,90,2.5,9.9,-7.3984375,7.3984375,2.2222222222222223,9.88888888888889,-7.666666666666667,7.666666666666667,2,10,-8,0.002365106445872789,0.0033564250157416334,
2026-06-30,Aon Plc Class A,IE00BLP1HW54,PY5NPN-R,North America,UNITED STATES,Insurance Brokers/Services,10.0,23,2.8125,4.0,-1.1875,1.1875,3.9130434782608696,4.3478260869565215,-0.4347826086956519,0.4347826086956519,4,5,-1,0.0007597172111824486,0.0010992950051556935,
2026-06-30,Pentair plc,IE00BLS09M33,CRHPMR-R,North America,UNITED STATES,Industrial Machinery,9.0,100,3.0,2.523,0.4765625,0.4765625,2.7,2.6,0.10000000000000009,0.10000000000000009,3,3,0,0.00013047384066901428,0.0001922514009016591,
2026-06-30,Medtronic Plc,IE00BTN1Y115,J89J6Y-R,North America,UNITED STATES,Medical Specialties,8.0,57,7.794117647058823,5.0,2.7941176470588234,2.7941176470588234,7.719298245614034,4.7368421052631575,2.9824561403508767,2.9824561403508767,8,5,3,0.0011242621030894296,0.0015584910073093228,
2026-06-30,Flutter Entertainment Plc,IE00BWT6H894,QWW11D-R,North America,UNITED STATES,Casinos/Gaming,18.0,20,2.307692307692308,0.769,1.538649338942308,1.538649338942308,2.5,1.0,1.5,1.5,3,1,2,0.00015928802432936046,,
2026-06-30,Johnson Controls International plc,IE00BY7QL619,VT4SWZ-R,North America,UNITED STATES,Industrial Machinery,9.0,100,8.916666666666668,6.45,2.467447916666668,2.467447916666668,9.1,6.6000000000000005,2.499999999999999,2.499999999999999,9,7,2,0.0010040615766291592,0.001383303006487691,
2026-06-30,Ryanair Holdings Plc,IE00BYTBXV33,NV36T6-R,West Europe,IRELAND,Airlines,18.0,8,0.7692307692307693,1.538,-0.7688551682692307,0.7688551682692307,1.25,2.5,-1.25,1.25,1,3,-2,0.00019805149651788264,,0.0016778569887583583
2026-06-30,ICL Group Ltd.,IL0002810146,JWQ4NK-R,North America,UNITED STATES,Chemicals: Agricultural,4.0,8,5.454545454545454,7.0,-1.5454545454545459,1.5454545454545459,6.25,7.5,-1.25,1.25,6,8,-2,5.018189715270973e-05,,
2026-06-30,Tower Semiconductor Ltd,IL0010823792,HWZP2P-R,North America,UNITED STATES,Semiconductors,16.0,90,3.75,6.496,-2.74609375,2.74609375,3.555555555555556,6.555555555555555,-2.9999999999999996,2.9999999999999996,4,7,-3,0.0003183497307219539,,
2026-06-30,Check Point Software Technologies Ltd.,IL0010824113,H449YT-R,North America,UNITED STATES,Internet Software/Services,16.0,90,0.38461538461538464,1.031,-0.6466346153846154,0.6466346153846154,0.22222222222222224,1.1111111111111112,-0.888888888888889,0.888888888888889,1,1,0,0.00012496790429751377,,
2026-06-30,Nova Ltd.,IL0010845571,TWY9Y5-R,North America,UNITED STATES,Electronic Equipment/Instruments,9.0,100,0.9166666666666666,1.028,-0.11165364583333337,0.11165364583333337,0.8,1.1,-0.30000000000000004,0.30000000000000004,1,1,0,0.00018971143552860072,,
2026-06-30,Assicurazioni Generali S.p.A.,IT0000062072,W7TTGS-R,West Europe,ITALY,Insurance Brokers/Services,10.0,24,7.4074074074074066,5.184,2.2238136574074066,2.2238136574074066,7.5,5.0,2.5,2.5,8,5,3,0.00043877937534092217,,0.0034867439766388154
2026-06-30,BPER Banca S.p.A.,IT0000066123,KZKSKM-R,West Europe,ITALY,Major Banks,2.0,37,4.230769230769231,5.58,-1.3473557692307692,1.3473557692307692,4.324324324324325,5.405405405405405,-1.0810810810810807,1.0810810810810807,5,6,-1,0.0002669689585527285,,0.0015553149895793897
2026-06-30,FinecoBank SpA,IT0000072170,LVTKC1-R,West Europe,ITALY,Major Banks,2.0,37,0.576923076923077,0.769,-0.19211989182692302,0.19211989182692302,0.5405405405405406,0.8108108108108109,-0.2702702702702703,0.2702702702702703,1,1,0,0.0001786357577287471,,0.0010045109932697764
2026-06-30,Intesa Sanpaolo S.p.A.,IT0000072618,NYHV8B-R,West Europe,ITALY,Major Banks,2.0,37,8.846153846153847,8.266,0.5805288461538467,0.5805288461538467,8.378378378378379,8.378378378378379,0.0,0.0,9,9,0,0.0010580298538704004,,0.006885555953866776
2026-06-30,Buzzi Spa,IT0001347308,TG6436-R,West Europe,ITALY,Construction Materials,5.0,20,6.176470588235294,7.94,-1.7649356617647056,1.7649356617647056,5.0,7.5,-2.5,2.5,5,8,-3,4.417752127752092e-05,,0.00028165039811294234
2026-06-30,Enel SpA,IT0003128367,BFTG53-R,West Europe,ITALY,Electric Utilities,19.0,23,4.827586206896552,6.55,-1.7231950431034484,1.7231950431034484,5.652173913043478,6.956521739130435,-1.304347826086957,1.304347826086957,6,7,-1,0.0009993366021525828,,0.005909964960403235
2026-06-30,Eni S.p.A.,IT0003132476,R9B29P-R,West Europe,ITALY,Oil Refining/Marketing,12.0,15,4.117647058823529,3.53,0.588350183823529,0.588350183823529,4.666666666666667,4.0,0.666666666666667,0.666666666666667,5,4,1,0.0004817499809646689,,0.0031583539788390285
2026-06-30,Snam S.p.A.,IT0003153415,QYYXT9-R,West Europe,ITALY,Gas Distributors,12.0,15,1.7647058823529413,1.177,0.5879480698529413,0.5879480698529413,2.0,1.3333333333333333,0.6666666666666667,0.6666666666666667,2,2,0,0.0001485120702840321,,0.0009531197936140975
2026-06-30,Terna S.p.A.,IT0003242622,SKZ5H5-R,West Europe,ITALY,Electric Utilities,19.0,23,0.6896551724137931,1.725,-1.0349542025862069,1.0349542025862069,0.8695652173913043,2.1739130434782608,-1.3043478260869565,1.3043478260869565,1,2,-1,0.00018075532571453556,,0.0010994819926334707
2026-06-30,Poste Italiane SpA,IT0003796171,KBR84J-R,West Europe,ITALY,Air Freight/Couriers,6.0,22,6.046511627906977,6.746,-0.6995821220930232,0.6995821220930232,6.8181818181818175,8.636363636363637,-1.8181818181818192,1.8181818181818192,7,9,-2,0.00017828913025688044,,0.0009782143934459636
2026-06-30,Recordati S.p.A.,IT0003828271,P1YDHB-R,West Europe,ITALY,Pharmaceuticals: Major,8.0,38,9.166666666666666,9.586,-0.4192708333333339,0.4192708333333339,9.210526315789473,9.736842105263158,-0.526315789473685,0.526315789473685,9,10,-1,6.373625139939588e-05,,0.00042040359718329594
2026-06-30,Leonardo SpA,IT0003856405,CM4SB4-R,West Europe,ITALY,Aerospace & Defense,9.0,67,10.0,8.016,1.984375,1.984375,10.0,8.656716417910447,1.343283582089553,1.343283582089553,10,9,1,0.00024025624144354642,,0.0014135129905294632
2026-06-30,Prysmian S.p.A.,IT0004176001,MLRJQN-R,West Europe,ITALY,Electrical Products,9.0,67,4.864864864864865,6.58,-1.713260135135135,1.713260135135135,4.925373134328358,7.014925373134329,-2.089552238805971,2.089552238805971,5,7,-2,0.0005097412994090546,,0.0032086629785019584
2026-06-30,Banca Mediolanum SpA,IT0004776628,V4X8YY-R,West Europe,ITALY,Major Banks,6.0,22,8.837209302325581,3.72,5.116506177325581,5.116506177325581,9.09090909090909,4.545454545454545,4.545454545454545,4.545454545454545,9,5,4,6.139087551726358e-05,,0.0003489893976617711
2026-06-30,UNIPOL ASSICURAZIONI SPA,IT0004810054,P8WZNN-R,West Europe,ITALY,Multi-Line Insurance,10.0,24,9.62962962962963,5.555,4.07494212962963,4.07494212962963,10.0,5.416666666666666,4.583333333333334,4.583333333333334,10,6,4,0.00011576217469990006,,0.0007410692950348358
2026-06-30,Moncler SpA,IT0004965148,VK44PN-R,West Europe,ITALY,Apparel/Footwear,13.0,13,7.083333333333334,5.832,1.251302083333334,1.251302083333334,9.230769230769232,6.923076923076923,2.3076923076923084,2.3076923076923084,9,7,2,0.00014020971228289036,,0.0008460308943315932
2026-06-30,Italgas SpA,IT0005211237,QS9BG1-R,West Europe,ITALY,Gas Distributors,19.0,23,3.103448275862069,8.27,-5.169989224137931,5.169989224137931,3.4782608695652173,8.695652173913043,-5.217391304347826,5.217391304347826,4,9,-5,7.715140461374178e-05,,0.00047621229680937764
2026-06-30,Banco BPM SpA,IT0005218380,XC3B11-R,West Europe,ITALY,Major Banks,2.0,37,0.9615384615384616,2.115,-1.1536959134615383,1.1536959134615383,1.0810810810810811,2.4324324324324325,-1.3513513513513513,1.3513513513513513,1,3,-2,0.00021916176960687652,,0.0012672169915096461
2026-06-30,UniCredit S.p.A.,IT0005239360,M60C0S-R,West Europe,ITALY,Major Banks,2.0,37,6.923076923076923,7.5,-0.5769230769230766,0.5769230769230766,6.486486486486487,7.567567567567568,-1.0810810810810816,1.0810810810810816,7,8,-1,0.0013501470055363842,,0.008820137940905077
2026-06-30,Banca Monte dei Paschi di Siena S.p.A.,IT0005508921,WQQSKB-R,West Europe,ITALY,Regional Banks,2.0,37,2.884615384615384,1.73,1.1541466346153841,1.1541466346153841,2.9729729729729732,1.891891891891892,1.0810810810810811,1.0810810810810811,3,2,1,0.00026798753928006897,,0.001817065987825658
2026-06-30,Glencore plc,JE00B4T3BW64,GDLPN9-R,West Europe,UNITED KINGDOM,Wholesale Distributors,3.0,12,10.0,9.55,0.453125,0.453125,10.0,10.0,0.0,0.0,10,10,0,0.0007209009348089451,,0.004235797971620154
2026-06-30,Wise Group plc Class A,JE00BQKY0816,LLT21G-R,North America,UNITED STATES,Miscellaneous Commercial Services,11.0,11,3.888888888888889,6.11,-2.220486111111111,2.220486111111111,3.6363636363636367,5.454545454545454,-1.8181818181818175,1.8181818181818175,4,6,-2,7.64282973040672e-05,,0.0006505536956412903
2026-06-30,CVC Capital Partners plc,JE00BRX98089,C9QWXH-R,West Europe,NETHERLANDS,Investment Managers,6.0,22,2.0930232558139537,1.628,0.46509356831395365,0.46509356831395365,2.727272727272727,2.2727272727272725,0.4545454545454546,0.4545454545454546,3,2,1,3.26466574020178e-05,,0.000245859998352738
2026-06-30,Aptiv PLC,JE00BTDN8H13,MZJHY9-R,North America,UNITED STATES,Electrical Products,1.0,6,1.4285714285714284,3.334,-1.9054129464285716,1.9054129464285716,1.6666666666666665,3.333333333333333,-1.6666666666666665,1.6666666666666665,2,4,-2,0.00014970146454915345,0.00020180110094644718,
2026-06-30,Amcor PLC,JE00BV7DQ550,HQ2MHF-R,North America,UNITED STATES,Containers/Packaging,9.0,100,4.833333333333333,4.953,-0.11979166666666696,0.11979166666666696,4.5,5.2,-0.7000000000000002,0.7000000000000002,5,5,0,0.00022085670393843932,0.0003088107014483222,
2026-06-30,"Nippon Building Fund, Inc.",JP3027670003,H6FR5V-R,Asia,JAPAN,Real Estate Investment Trusts,14.0,7,0.2631578947368421,1.429,-1.165553042763158,1.165553042763158,1.4285714285714284,1.4285714285714284,0.0,0.0,2,2,0,6.52627723834043e-05,,
2026-06-30,Aisin Corporation,JP3102000001,N5Q6F2-R,Asia,JAPAN,Auto Parts: OEM,1.0,11,6.428571428571429,10.0,-3.571428571428571,3.571428571428571,10.0,10.0,0.0,0.0,10,10,0,5.900562647499476e-05,,
2026-06-30,Asahi Kasei Corporation,JP3111200006,Q8KGFN-R,Asia,JAPAN,Chemicals: Specialty,4.0,7,0.5,7.145,-6.64453125,6.64453125,2.8571428571428568,7.142857142857143,-4.2857142857142865,4.2857142857142865,3,7,-4,0.00015707624903570671,,
2026-06-30,AGC Inc.,JP3112000009,P3748M-R,Asia,JAPAN,Home Furnishings,9.0,39,9.560975609756097,9.74,-0.18121189024390283,0.18121189024390283,9.743589743589743,9.743589743589743,0.0,0.0,10,10,0,7.243804105738574e-05,,
2026-06-30,Asahi Group Holdings Ltd,JP3116000005,TZ206T-R,Asia,JAPAN,Beverages: Alcoholic,7.0,6,7.755102040816326,10.0,-2.2448979591836737,2.2448979591836737,6.666666666666666,10.0,-3.333333333333334,3.333333333333334,7,10,-3,0.00015123218586605812,,
2026-06-30,Asics Corporation,JP3118000003,HTLNY7-R,Asia,JAPAN,Apparel/Footwear,13.0,8,0.29411764705882354,5.0,-4.705882352941177,4.705882352941177,1.25,5.0,-3.75,3.75,1,5,-4,0.00019255486088350953,,
2026-06-30,"Ajinomoto Co., Inc.",JP3119600009,MXWT3L-R,Asia,JAPAN,Food: Specialty/Candy,7.0,6,0.4081632653061224,1.667,-1.2588289221938775,1.2588289221938775,3.333333333333333,1.6666666666666665,1.6666666666666665,1.6666666666666665,4,2,2,0.0003630813759164163,,
2026-06-30,Advantest Corp.,JP3122400009,KL74SJ-R,Asia,JAPAN,Electronic Equipment/Instruments,16.0,24,2.5139664804469275,2.916,-0.4020491445530725,0.4020491445530725,1.25,2.916666666666667,-1.666666666666667,1.666666666666667,1,3,-2,0.001616961151819508,,
2026-06-30,IHI Corporation,JP3134800006,SL2XMP-R,Asia,JAPAN,Industrial Machinery,9.0,39,8.390243902439025,3.334,5.056259527439025,5.056259527439025,8.717948717948719,3.333333333333333,5.384615384615386,5.384615384615386,9,4,5,0.00017868996202469398,,
2026-06-30,Isuzu Motors Limited,JP3137200006,D1RDFT-R,Asia,JAPAN,Motor Vehicles,9.0,39,8.195121951219512,8.72,-0.5236280487804876,0.5236280487804876,8.205128205128204,8.717948717948719,-0.5128205128205146,0.5128205128205146,8,9,-1,6.894909454187165e-05,,
2026-06-30,"Idemitsu Kosan Co., Ltd.",JP3142500002,B5YJZ6-R,Asia,JAPAN,Oil Refining/Marketing,12.0,3,7.878787878787879,3.334,4.544803503787879,4.544803503787879,6.666666666666666,3.333333333333333,3.333333333333333,3.333333333333333,7,4,3,7.339810714716446e-05,,
2026-06-30,Itochu Corporation,JP3143600009,G12Z5D-R,Asia,JAPAN,Food Distributors,9.0,39,7.073170731707316,5.13,1.9442644817073162,1.9442644817073162,7.435897435897436,5.128205128205128,2.3076923076923084,2.3076923076923084,8,5,3,0.0007180265069969449,,
2026-06-30,"IBIDEN CO., LTD.",JP3148800000,DVRN0C-R,Asia,JAPAN,Electronic Components,16.0,24,6.424581005586592,0.4167,6.007832958711592,6.007832958711592,3.75,0.41666666666666663,3.3333333333333335,3.3333333333333335,4,1,3,0.0004145646562098955,,
2026-06-30,"Eisai Co., Ltd.",JP3160400002,N4JKJP-R,Asia,JAPAN,Miscellaneous Commercial Services,8.0,11,8.051948051948052,5.453,2.5988230519480524,2.5988230519480524,7.272727272727273,5.454545454545454,1.8181818181818192,1.8181818181818192,7,6,1,9.280341510960759e-05,,
2026-06-30,SMC Corporation,JP3162600005,NT4K7C-R,Asia,JAPAN,Industrial Machinery,9.0,39,1.6097560975609757,1.795,-0.1851657774390243,0.1851657774390243,2.307692307692308,1.794871794871795,0.512820512820513,0.512820512820513,2,2,0,0.0002820732556397159,,
2026-06-30,Renesas Electronics Corporation,JP3164720009,M1N1ZT-R,Asia,JAPAN,Semiconductors,16.0,24,9.664804469273744,5.0,4.664804469273744,4.664804469273744,7.916666666666666,5.0,2.916666666666666,2.916666666666666,8,5,3,0.0006157860039534811,,
2026-06-30,"Sompo Holdings,Inc.",JP3165000005,NMHNTC-R,Asia,JAPAN,Multi-Line Insurance,10.0,7,10.0,8.57,1.4296875,1.4296875,10.0,8.571428571428571,1.4285714285714288,1.4285714285714288,10,9,1,0.0003564856531741912,,
2026-06-30,Ebara Corporation,JP3166000004,B84LS2-R,Asia,JAPAN,Industrial Machinery,9.0,39,3.6097560975609753,2.309,1.3011623475609753,1.3011623475609753,3.8461538461538463,2.307692307692308,1.5384615384615383,1.5384615384615383,4,2,2,0.0001992032878027899,,
2026-06-30,"OBIC Co., Ltd.",JP3173400007,J2P1G6-R,Asia,JAPAN,Information Technology Services,16.0,24,9.497206703910614,9.586,-0.08873079608938639,0.08873079608938639,6.666666666666666,9.583333333333334,-2.916666666666668,2.916666666666668,7,10,-3,9.475900009896792e-05,,
2026-06-30,"Osaka Gas Co., Ltd.",JP3180400008,X42PVP-R,Asia,JAPAN,Gas Distributors,19.0,4,8.478260869565217,2.5,5.978260869565217,5.978260869565217,7.5,2.5,5.0,5.0,8,3,5,0.00013101478354129558,,
2026-06-30,"Japan Exchange Group, Inc.",JP3183200009,BMCTXW-R,Asia,JAPAN,Investment Banks/Brokers,6.0,6,0.9836065573770492,3.334,-2.3503778176229506,2.3503778176229506,1.6666666666666665,3.333333333333333,-1.6666666666666665,1.6666666666666665,2,4,-2,0.0001385700823344615,,
2026-06-30,OTSUKA CORPORATION,JP3188200004,WJXJS5-R,Asia,JAPAN,Information Technology Services,16.0,24,8.324022346368714,9.164,-0.8400401536312856,0.8400401536312856,5.0,9.166666666666666,-4.166666666666666,4.166666666666666,5,9,-4,4.481839206956251e-05,,
2026-06-30,"Otsuka Holdings Co., Ltd.",JP3188220002,TGLSC6-R,Asia,JAPAN,Pharmaceuticals: Major,8.0,11,6.753246753246753,2.727,4.026684253246753,4.026684253246753,6.363636363636363,2.727272727272727,3.6363636363636362,3.6363636363636362,7,3,4,0.0003061948673915425,,
2026-06-30,Obayashi Corporation,JP3190000004,Q8F21J-R,Asia,JAPAN,Homebuilding,5.0,5,9.333333333333334,8.0,1.333333333333334,1.333333333333334,6.0,8.0,-2.0,2.0,6,8,-2,0.0001275280071977779,,
2026-06-30,"Oriental Land Co., Ltd.",JP3198900007,NHXKSZ-R,Asia,JAPAN,Movies/Entertainment,18.0,4,0.9090909090909092,2.5,-1.5909090909090908,1.5909090909090908,5.0,2.5,2.5,2.5,5,3,2,0.00017229185494444484,,
2026-06-30,ORIX Corporation,JP3200450009,KL2RDD-R,Asia,JAPAN,Finance/Rental/Leasing,6.0,6,7.213114754098361,6.668,0.5451460040983607,0.5451460040983607,6.666666666666666,6.666666666666666,0.0,0.0,7,7,0,0.0004712774509671315,,
2026-06-30,Olympus Corp.,JP3201200007,QG6F3V-R,Asia,JAPAN,Medical Specialties,8.0,11,4.155844155844156,4.547,-0.39103084415584366,0.39103084415584366,4.545454545454545,4.545454545454545,0.0,0.0,5,5,0,0.00012123020806740824,,
2026-06-30,Kao Corporation,JP3205800000,RB35DF-R,Asia,JAPAN,Household/Personal Care,13.0,8,0.8823529411764707,7.5,-6.617647058823529,6.617647058823529,3.75,7.5,-3.75,3.75,4,8,-4,0.0001881307102486455,,
2026-06-30,Kajima Corporation,JP3210200006,JXDLKP-R,Asia,JAPAN,Engineering & Construction,5.0,5,8.666666666666668,6.0,2.666666666666668,2.666666666666668,2.0,6.0,-4.0,4.0,2,6,-4,0.00017288030158162416,,
2026-06-30,"Capcom Co., Ltd.",JP3218900003,P1YJRG-R,Asia,JAPAN,Packaged Software,16.0,24,1.005586592178771,2.5,-1.494413407821229,1.494413407821229,0.8333333333333333,2.5,-1.6666666666666667,1.6666666666666667,1,3,-2,6.171349108607339e-05,,
2026-06-30,"Kawasaki Kisen Kaisha, Ltd.",JP3223800008,L43QBW-R,Asia,JAPAN,Marine Shipping,9.0,39,2.3902439024390243,8.46,-6.070693597560975,6.070693597560975,3.076923076923077,8.461538461538462,-5.384615384615385,5.384615384615385,3,9,-6,6.517702558756515e-05,,
2026-06-30,Kawasaki Heavy Industries Ltd.,JP3224200000,DVM7M7-R,Asia,JAPAN,Motor Vehicles,9.0,39,4.439024390243903,2.564,1.8745712652439028,1.8745712652439028,4.871794871794871,2.564102564102564,2.3076923076923075,2.3076923076923075,5,3,2,0.00013532232493432565,,
2026-06-30,"Kansai Electric Power Company, Incorporated",JP3228600007,D8G2JQ-R,Asia,JAPAN,Electric Utilities,19.0,4,8.26086956521739,7.5,0.7608695652173907,0.7608695652173907,5.0,7.5,-2.5,2.5,5,8,-3,0.00015033071442018206,,
2026-06-30,"JAPAN POST INSURANCE Co., Ltd.",JP3233250004,GQ49Z7-R,Asia,JAPAN,Life/Health Insurance,10.0,7,6.0606060606060606,2.857,3.2031841856060606,3.2031841856060606,5.7142857142857135,2.8571428571428568,2.8571428571428568,2.8571428571428568,6,3,3,5.140269390662685e-05,,
2026-06-30,Keyence Corporation,JP3236200006,R4NT59-R,Asia,JAPAN,Electronic Equipment/Instruments,9.0,39,0.04878048780487805,0.2563,-0.20756716844512196,0.20756716844512196,0.2564102564102564,0.2564102564102564,0.0,0.0,1,1,0,0.001081188689317651,,
2026-06-30,Kioxia Holdings Corporation,JP3236330001,PMHJJ7-R,Asia,JAPAN,Computer Peripherals,16.0,24,10.0,10.0,0.0,0.0,10.0,10.0,0.0,0.0,10,10,0,0.0019094843356654624,,
2026-06-30,Kikkoman Corporation,JP3240400006,QKHN2S-R,Asia,JAPAN,Food: Specialty/Candy,7.0,6,0.2040816326530612,3.334,-3.129902742346939,3.129902742346939,1.6666666666666665,3.333333333333333,-1.6666666666666665,1.6666666666666665,2,4,-2,7.254430947966085e-05,,
2026-06-30,Canon Inc.,JP3242800005,KNB7YM-R,Asia,JAPAN,Computer Peripherals,16.0,24,9.106145251396647,8.336,0.7702077513966472,0.7702077513966472,6.25,8.333333333333334,-2.083333333333334,2.083333333333334,6,9,-3,0.00023203448983084225,,
2026-06-30,Kyocera Corporation,JP3249600002,GC5BYK-R,Asia,JAPAN,Wholesale Distributors,16.0,24,9.553072625698324,5.418,4.135103875698324,4.135103875698324,7.083333333333334,5.416666666666666,1.6666666666666679,1.6666666666666679,7,6,1,0.000319451918075515,,
2026-06-30,"Kyowa Kirin Co., Ltd.",JP3256000005,JPV08M-R,Asia,JAPAN,Pharmaceuticals: Major,8.0,11,9.220779220779221,6.363,2.857497970779221,2.857497970779221,9.09090909090909,6.363636363636363,2.7272727272727266,2.7272727272727266,9,7,2,5.104836582445036e-05,,
2026-06-30,Kirin Holdings Co. Ltd.,JP3258000003,JBG00B-R,Asia,JAPAN,Beverages: Alcoholic,7.0,6,10.0,6.668,3.33203125,3.33203125,10.0,6.666666666666666,3.333333333333334,3.333333333333334,10,7,3,0.00015405720976256428,,
2026-06-30,Kubota Corporation,JP3266400005,RPPS3S-R,Asia,JAPAN,Trucks/Construction/Farm Machinery,9.0,39,8.731707317073171,5.64,3.0910823170731714,3.0910823170731714,9.487179487179487,5.6410256410256405,3.8461538461538467,3.8461538461538467,10,6,4,0.00017415470258393153,,
2026-06-30,Inpex Corporation,JP3294460005,PHM7W3-R,Asia,JAPAN,Integrated Oil,12.0,3,3.333333333333333,10.0,-6.666666666666667,6.666666666666667,3.333333333333333,10.0,-6.666666666666667,6.666666666666667,4,10,-6,0.00019482934114682868,,
2026-06-30,KONAMI Group Corporation,JP3300200007,QQ5V01-R,Asia,JAPAN,Packaged Software,16.0,24,5.58659217877095,7.5,-1.9134078212290504,1.9134078212290504,2.916666666666667,7.5,-4.583333333333333,4.583333333333333,3,8,-5,0.00011907293709347965,,
2026-06-30,Komatsu Ltd.,JP3304200003,PFF0R2-R,Asia,JAPAN,Trucks/Construction/Farm Machinery,9.0,39,0.975609756097561,7.438,-6.461890243902439,6.461890243902439,1.5384615384615385,7.435897435897436,-5.897435897435898,5.897435897435898,2,8,-6,0.0003661037154511201,,
2026-06-30,"Yokohama Financial Group, Inc.",JP3305990008,S9XYNS-R,Asia,JAPAN,Regional Banks,2.0,8,9.489795918367347,5.0,4.4897959183673475,4.4897959183673475,5.0,5.0,0.0,0.0,5,5,0,0.00010691067317653672,,
2026-06-30,Suntory Beverage & Food Ltd.,JP3336560002,D83RX2-R,Asia,JAPAN,Beverages: Non-Alcoholic,7.0,6,6.122448979591837,5.0,1.1224489795918373,1.1224489795918373,5.0,5.0,0.0,0.0,5,5,0,3.6143074509611625e-05,,
2026-06-30,Sanrio Co. Ltd.,JP3343200006,X1SDWS-R,Asia,JAPAN,Specialty Stores,15.0,7,2.5,8.57,-6.0703125,6.0703125,7.142857142857143,8.571428571428571,-1.428571428571428,1.428571428571428,7,9,-2,4.920432967586329e-05,,
2026-06-30,"Shionogi & Co., Ltd.",JP3347200002,MJF3LP-R,Asia,JAPAN,Pharmaceuticals: Major,8.0,11,2.207792207792208,7.273,-5.065645292207792,5.065645292207792,2.727272727272727,7.272727272727273,-4.545454545454547,4.545454545454547,3,7,-4,0.00015287071572729987,,
2026-06-30,"Shiseido Company,Limited",JP3351600006,XMQW60-R,Asia,JAPAN,Household/Personal Care,13.0,8,2.0588235294117645,2.5,-0.4411764705882355,0.4411764705882355,8.75,2.5,6.25,6.25,9,3,6,7.357826142524313e-05,,
2026-06-30,Shimano Inc.,JP3358000002,BPLFS8-R,Asia,JAPAN,Motor Vehicles,1.0,11,0.17857142857142855,0.909,-0.7306082589285714,0.7306082589285714,0.9090909090909092,0.9090909090909092,0.0,0.0,1,1,0,7.619930915567332e-05,,
2026-06-30,Shimizu Corporation,JP3358800005,DQ6VH7-R,Asia,JAPAN,Engineering & Construction,5.0,5,9.0,4.0,5.0,5.0,4.0,4.0,0.0,0.0,4,4,0,8.622110343027266e-05,,
2026-06-30,"Hulic Co., Ltd.",JP3360800001,R1F32S-R,Asia,JAPAN,Real Estate Development,14.0,7,8.157894736842104,7.145,1.0133634868421044,1.0133634868421044,8.571428571428571,7.142857142857143,1.428571428571428,1.428571428571428,9,7,2,4.574925584491969e-05,,
2026-06-30,"Mitsui O.S.K.Lines,Ltd.",JP3362700001,DXX0LN-R,Asia,JAPAN,Marine Shipping,9.0,39,5.609756097560976,7.18,-1.5699314024390238,1.5699314024390238,5.128205128205128,7.17948717948718,-2.051282051282052,2.051282051282052,5,7,-2,0.00011709378023593729,,
2026-06-30,Resonac Holdings Corporation,JP3368000000,H1WHT9-R,Asia,JAPAN,Chemicals: Specialty,4.0,7,1.5,1.429,0.0712890625,0.0712890625,7.142857142857143,1.4285714285714284,5.714285714285715,5.714285714285715,7,2,5,0.00022167376869468598,,
2026-06-30,Shin-Etsu Chemical Co Ltd,JP3371200001,X8RWRY-R,Asia,JAPAN,Chemicals: Specialty,4.0,7,0.25,2.857,-2.607421875,2.607421875,1.4285714285714284,2.8571428571428568,-1.4285714285714284,1.4285714285714284,2,3,-1,0.0008189868085783875,,
2026-06-30,JX Advanced Metals Corporation,JP3379550001,HHJ5PQ-R,Asia,JAPAN,Other Metals/Minerals,3.0,5,2.602739726027397,2.0,0.602739726027397,0.602739726027397,4.0,2.0,2.0,2.0,4,2,2,0.0001582746440141772,,
2026-06-30,NIPPON STEEL CORP.,JP3381000003,V84QJ6-R,Asia,JAPAN,Steel,3.0,5,3.698630136986301,6.0,-2.301369863013699,2.301369863013699,6.0,6.0,0.0,0.0,6,6,0,0.00017096314963826453,,
2026-06-30,"JFE Holdings, Inc.",JP3386030005,M64YT3-R,Asia,JAPAN,Steel,3.0,5,4.657534246575342,8.0,-3.3424657534246576,3.3424657534246576,8.0,8.0,0.0,0.0,8,8,0,5.455694389585809e-05,,
2026-06-30,"ENEOS Holdings, Inc.",JP3386450005,MG5BNB-R,Asia,JAPAN,Oil Refining/Marketing,12.0,3,8.181818181818182,6.668,1.5138494318181817,1.5138494318181817,10.0,6.666666666666666,3.333333333333334,3.333333333333334,10,7,3,0.0002186442285893029,,
2026-06-30,"AEON Co., Ltd.",JP3388200002,L9Y3D5-R,Asia,JAPAN,Food Retail,15.0,7,1.6666666666666665,2.857,-1.1907552083333335,1.1907552083333335,4.285714285714286,2.8571428571428568,1.4285714285714288,1.4285714285714288,4,3,1,0.0001911989534214297,,
2026-06-30,Suzuki Motor Corp.,JP3397200001,CB1FV5-R,Asia,JAPAN,Motor Vehicles,1.0,11,4.464285714285714,5.453,-0.9888392857142856,0.9888392857142856,6.363636363636363,5.454545454545454,0.9090909090909092,0.9090909090909092,7,6,1,0.0002147232178306539,,
2026-06-30,"Sumitomo Metal Mining Co., Ltd.",JP3402600005,M8GQPG-R,Asia,JAPAN,Other Metals/Minerals,3.0,5,10.0,10.0,0.0,0.0,10.0,10.0,0.0,0.0,10,10,0,0.00011963128134490254,,
2026-06-30,Sumitomo Corporation,JP3404600003,SV08KY-R,Asia,JAPAN,Wholesale Distributors,9.0,39,6.682926829268293,5.383,1.3001143292682933,1.3001143292682933,6.666666666666666,5.384615384615384,1.282051282051282,1.282051282051282,7,6,1,0.00043435722486458015,,
2026-06-30,"Sumitomo Electric Industries, Ltd.",JP3407400005,HBZ2VK-R,Asia,JAPAN,Auto Parts: OEM,1.0,11,5.0,2.727,2.2734375,2.2734375,7.272727272727273,2.727272727272727,4.545454545454547,4.545454545454547,7,3,4,0.0005597902660263905,,
2026-06-30,"Sumitomo Realty & Development Co., Ltd.",JP3409000001,VWMVR5-R,Asia,JAPAN,Real Estate Development,14.0,7,2.8947368421052633,2.857,0.037314967105263275,0.037314967105263275,4.285714285714286,2.8571428571428568,1.4285714285714288,1.4285714285714288,4,3,1,0.0001465904179839979,,
2026-06-30,"Seibu Holdings, Inc.",JP3417200007,XQB0JQ-R,Asia,JAPAN,Hotels/Resorts/Cruiselines,18.0,4,0.4545454545454546,5.0,-4.545454545454545,4.545454545454545,2.5,5.0,-2.5,2.5,3,5,-2,4.124553890404955e-05,,
2026-06-30,"Sekisui House, Ltd.",JP3420600003,M827WR-R,Asia,JAPAN,Real Estate Development,14.0,7,8.68421052631579,8.57,0.11389802631578938,0.11389802631578938,10.0,8.571428571428571,1.4285714285714288,1.4285714285714288,10,9,1,0.000122557413254697,,
2026-06-30,"Secom Co., Ltd.",JP3421800008,NYJYCC-R,Asia,JAPAN,Miscellaneous Commercial Services,9.0,39,3.6585365853658534,3.076,0.5823647103658534,0.5823647103658534,4.102564102564102,3.076923076923077,1.025641025641025,1.025641025641025,4,3,1,0.00016913560479669154,,
2026-06-30,"Seven & I Holdings Co., Ltd.",JP3422950000,CW4JVN-R,Asia,JAPAN,Food Retail,15.0,7,4.166666666666667,10.0,-5.833333333333333,5.833333333333333,10.0,10.0,0.0,0.0,10,10,0,0.00025607369505156144,,
2026-06-30,"Zensho Holdings Co., Ltd.",JP3429300001,P23F21-R,Asia,JAPAN,Restaurants,18.0,4,1.3636363636363635,7.5,-6.136363636363637,6.136363636363637,7.5,7.5,0.0,0.0,8,8,0,4.416510029309915e-05,,
2026-06-30,ANA Holdings Inc.,JP3429800000,M61G3T-R,Asia,JAPAN,Airlines,18.0,4,5.0,10.0,-5.0,5.0,10.0,10.0,0.0,0.0,10,10,0,1.0864881093217526e-05,,
2026-06-30,Sony Group Corporation,JP3435000009,G90B3N-R,Asia,JAPAN,Computer Processing Hardware,16.0,24,9.050279329608939,3.75,5.300279329608939,5.300279329608939,5.833333333333334,3.75,2.083333333333334,2.083333333333334,6,4,2,0.0013107958867740915,,
2026-06-30,SoftBank Group Corp.,JP3436100006,LTSR1K-R,Asia,JAPAN,Specialty Telecommunications,17.0,5,6.0,2.0,4.0,4.0,2.0,2.0,0.0,0.0,2,2,0,0.001536113744280052,,
2026-06-30,SBI Holdings Incorporated,JP3436120004,FBCT9N-R,Asia,JAPAN,Financial Conglomerates,6.0,6,7.5409836065573765,10.0,-2.4590163934426235,2.4590163934426235,8.333333333333334,10.0,-1.666666666666666,1.666666666666666,9,10,-1,0.00010395983930899528,,
2026-06-30,Taisei Corporation,JP3443600006,VM94FH-R,Asia,JAPAN,Engineering & Construction,5.0,5,10.0,10.0,0.0,0.0,10.0,10.0,0.0,0.0,10,10,0,0.0001418734441415096,,
2026-06-30,Takeda Pharmaceutical Co. Ltd.,JP3463000004,NPQ24F-R,Asia,JAPAN,Pharmaceuticals: Major,8.0,11,5.064935064935065,3.637,1.4282163149350646,1.4282163149350646,5.454545454545454,3.6363636363636367,1.8181818181818175,1.8181818181818175,6,4,2,0.0005623564694101469,,
2026-06-30,"Daiichi Sankyo Company, Limited",JP3475350009,NW9TJH-R,Asia,JAPAN,Pharmaceuticals: Major,8.0,11,0.7792207792207793,1.818,-1.0391385957792207,1.0391385957792207,1.8181818181818183,1.8181818181818183,0.0,0.0,2,2,0,0.0002996709503402581,,
2026-06-30,Daiichi Life Group. Inc.,JP3476480003,C20NGT-R,Asia,JAPAN,Life/Health Insurance,10.0,7,4.848484848484849,5.715,-0.8663589015151514,0.8663589015151514,4.285714285714286,5.7142857142857135,-1.428571428571428,1.428571428571428,4,6,-2,0.00043028310197107026,,
2026-06-30,"DAIKIN INDUSTRIES, LTD.",JP3481800005,RL95QP-R,Asia,JAPAN,Industrial Machinery,5.0,5,9.666666666666666,2.0,7.666666666666666,7.666666666666666,8.0,2.0,6.0,6.0,8,2,6,0.000457495658694906,,
2026-06-30,"Daito Trust Construction Co., Ltd.",JP3486800000,X57BV4-R,Asia,JAPAN,Real Estate Development,14.0,7,5.7894736842105265,10.0,-4.2105263157894735,4.2105263157894735,7.142857142857143,10.0,-2.8571428571428568,2.8571428571428568,7,10,-3,3.586179221665945e-05,,
2026-06-30,"Dai Nippon Printing Co., Ltd.",JP3493800001,CGCNZ8-R,Asia,JAPAN,Commercial Printing/Forms,9.0,39,6.390243902439025,4.36,2.0308689024390247,2.0308689024390247,6.153846153846154,4.3589743589743595,1.7948717948717947,1.7948717948717947,6,5,1,8.052668212044926e-05,,
2026-06-30,"SCREEN Holdings Co., Ltd",JP3494600004,N2967L-R,Asia,JAPAN,Industrial Machinery,16.0,24,8.156424581005586,1.25,6.906424581005586,6.906424581005586,4.583333333333333,1.25,3.333333333333333,3.333333333333333,5,1,4,0.00019248965571569155,,
2026-06-30,KDDI Corporation,JP3496400007,L9SQ01-R,Asia,JAPAN,Wireless Telecommunications,17.0,5,6.888888888888889,4.0,2.8888888888888893,2.8888888888888893,4.0,4.0,0.0,0.0,4,4,0,0.000537645510949806,,
2026-06-30,"Daifuku Co., Ltd.",JP3497400006,MBR1TG-R,Asia,JAPAN,Industrial Machinery,9.0,39,0.0975609756097561,0.5127,-0.4151343368902439,0.4151343368902439,0.5128205128205128,0.5128205128205128,0.0,0.0,1,1,0,0.0001634333528662544,,
2026-06-30,Mitsubishi HC Capital Inc.,JP3499800005,GZH50J-R,Asia,JAPAN,Finance/Rental/Leasing,6.0,6,5.081967213114754,5.0,0.08196721311475397,0.08196721311475397,3.333333333333333,5.0,-1.666666666666667,1.666666666666667,4,5,-1,7.44050369511142e-05,,
2026-06-30,"Resona Holdings, Inc.",JP3500610005,GQMW06-R,Asia,JAPAN,Regional Banks,2.0,8,8.16326530612245,2.5,5.663265306122449,5.663265306122449,2.5,2.5,0.0,0.0,3,3,0,0.00030402489541099905,,
2026-06-30,Daiwa Securities Group Inc.,JP3502200003,HR28DN-R,Asia,JAPAN,Investment Banks/Brokers,6.0,6,10.0,8.336,1.6640625,1.6640625,10.0,8.333333333333334,1.666666666666666,1.666666666666666,10,9,1,0.0001577598032106083,,
2026-06-30,"Daiwa House Industry Co., Ltd.",JP3505000004,L2QXQQ-R,Asia,JAPAN,Homebuilding,13.0,8,1.7647058823529413,10.0,-8.235294117647058,8.235294117647058,7.5,10.0,-2.5,2.5,8,10,-2,0.00015329714952419532,,
2026-06-30,"Chiba Bank, Ltd.",JP3511800009,CFHBQH-R,Asia,JAPAN,Regional Banks,2.0,8,7.653061224489796,1.25,6.403061224489796,6.403061224489796,1.25,1.25,0.0,0.0,1,1,0,7.692809691555045e-05,,
2026-06-30,"Chugai Pharmaceutical Co., Ltd.",JP3519400000,GSSQHY-R,Asia,JAPAN,Pharmaceuticals: Major,8.0,11,2.3376623376623376,0.909,1.4284826501623376,1.4284826501623376,3.6363636363636367,0.9090909090909092,2.7272727272727275,2.7272727272727275,4,1,3,0.00033502045195546416,,
2026-06-30,"Chubu Electric Power Company,Incorporated",JP3526600006,LTNL3N-R,Asia,JAPAN,Electric Utilities,19.0,4,7.173913043478261,5.0,2.1739130434782608,2.1739130434782608,2.5,5.0,-2.5,2.5,3,5,-2,0.00014704915434102402,,
2026-06-30,TDK Corporation,JP3538800008,QGZK4H-R,Asia,JAPAN,Electronic Components,9.0,39,8.682926829268293,4.1,4.581364329268293,4.581364329268293,9.230769230769232,4.102564102564102,5.1282051282051295,5.1282051282051295,9,4,5,0.00048694889300303877,,
2026-06-30,"T&D Holdings, Inc.",JP3539220008,H4183Y-R,Asia,JAPAN,Life/Health Insurance,10.0,7,8.181818181818182,10.0,-1.8181818181818183,1.8181818181818183,8.571428571428571,10.0,-1.4285714285714288,1.4285714285714288,9,10,-1,0.00013492209321406873,,
2026-06-30,Terumo Corporation,JP3546800008,L8NHW0-R,Asia,JAPAN,Medical Specialties,8.0,11,8.181818181818182,8.18,0.0021306818181816567,0.0021306818181816567,8.181818181818182,8.181818181818182,0.0,0.0,8,8,0,0.00020208621628850867,,
2026-06-30,Disco Corporation,JP3548600000,J4TH5K-R,Asia,JAPAN,Industrial Machinery,16.0,24,5.418994413407821,4.582,0.8369631634078214,0.8369631634078214,2.5,4.583333333333333,-2.083333333333333,2.083333333333333,3,5,-2,0.0005047309023113853,,
2026-06-30,DENSO CORPORATION,JP3551500006,JJ50MG-R,Asia,JAPAN,Auto Parts: OEM,1.0,11,5.892857142857143,7.273,-1.3805803571428568,1.3805803571428568,9.09090909090909,7.272727272727273,1.8181818181818166,1.8181818181818166,9,7,2,0.00022898764835424363,,
2026-06-30,Central Japan Railway Company,JP3566800003,WT0QVX-R,Asia,JAPAN,Other Transportation,9.0,39,2.8292682926829267,2.82,0.008955792682926678,0.008955792682926678,3.58974358974359,2.8205128205128203,0.7692307692307696,0.7692307692307696,4,3,1,0.00018213423499961864,,
2026-06-30,Tokyo Electron Ltd.,JP3571400005,BS0GWP-R,Asia,JAPAN,Industrial Machinery,16.0,24,3.016759776536313,3.334,-0.317224598463687,0.317224598463687,1.6666666666666665,3.333333333333333,-1.6666666666666665,1.6666666666666665,2,4,-2,0.002437324169468974,,
2026-06-30,"TOKYO GAS Co., Ltd.",JP3573000001,MVMDVJ-R,Asia,JAPAN,Gas Distributors,19.0,4,8.695652173913043,10.0,-1.304347826086957,1.304347826086957,10.0,10.0,0.0,0.0,10,10,0,0.00011871750892411606,,
2026-06-30,"Toho Co., Ltd.",JP3598600009,VLHRTH-R,Asia,JAPAN,Movies/Entertainment,11.0,1,1.6666666666666665,10.0,-8.333333333333334,8.333333333333334,10.0,10.0,0.0,0.0,10,10,0,4.519530194145264e-05,,
2026-06-30,"Toray Industries, Inc.",JP3621000003,F09CDF-R,Asia,JAPAN,Textiles,4.0,7,3.0,8.57,-5.5703125,5.5703125,10.0,8.571428571428571,1.4285714285714288,1.4285714285714288,10,9,1,0.00010731890553088176,,
2026-06-30,TOPPAN Holdings Inc.,JP3629000005,JWND9X-R,Asia,JAPAN,Commercial Printing/Forms,9.0,39,1.5609756097560976,1.025,0.5355849847560976,0.5355849847560976,2.051282051282051,1.0256410256410255,1.0256410256410255,1.0256410256410255,2,1,1,8.447246484239353e-05,,
2026-06-30,Toyota Motor Corp.,JP3633400001,R2HXLJ-R,Asia,JAPAN,Motor Vehicles,1.0,11,2.5,3.637,-1.13671875,1.13671875,3.6363636363636367,3.6363636363636367,0.0,0.0,4,4,0,0.0017892818090466697,,
2026-06-30,Toyota Tsusho Corp.,JP3635000007,L4468B-R,Asia,JAPAN,Wholesale Distributors,9.0,39,8.341463414634147,9.234,-0.8929115853658534,0.8929115853658534,8.461538461538462,9.230769230769232,-0.76923076923077,0.76923076923077,9,9,0,0.0002758469621765086,,
2026-06-30,Pan Pacific International Holdings Corporation,JP3639650005,JMNW7M-R,Asia,JAPAN,Specialty Stores,15.0,7,2.0833333333333335,5.715,-3.6315104166666665,3.6315104166666665,5.7142857142857135,5.7142857142857135,0.0,0.0,6,6,0,0.00011544124926504137,,
2026-06-30,West Japan Railway Company,JP3659000008,TGC4NX-R,Asia,JAPAN,Railroads,9.0,39,6.878048780487804,8.98,-2.098513719512196,2.098513719512196,6.923076923076923,8.974358974358974,-2.051282051282051,2.051282051282051,7,9,-2,8.767973903404361e-05,,
2026-06-30,"Nissan Motor Co., Ltd.",JP3672400003,WFH1P7-R,Asia,JAPAN,Motor Vehicles,1.0,11,0.3571428571428571,1.818,-1.4612165178571428,1.4612165178571428,1.8181818181818183,1.8181818181818183,0.0,0.0,2,2,0,4.9804667255456074e-05,,
2026-06-30,Nitto Denko Corp.,JP3684000007,TJH4JV-R,Asia,JAPAN,Electronic Equipment/Instruments,4.0,7,1.75,5.715,-3.96484375,3.96484375,8.571428571428571,5.7142857142857135,2.8571428571428577,2.8571428571428577,9,6,3,0.00015963125153173972,,
2026-06-30,Nippon Sanso Holdings Corporation,JP3711600001,G7W3ZM-R,Asia,JAPAN,Chemicals: Specialty,4.0,7,1.0,4.285,-3.28515625,3.28515625,4.285714285714286,4.285714285714286,0.0,0.0,4,4,0,6.03772851854355e-05,,
2026-06-30,Japan Tobacco Inc.,JP3726800000,P0TBMF-R,Asia,JAPAN,Tobacco,7.0,6,9.795918367346939,8.336,1.459980867346939,1.459980867346939,8.333333333333334,8.333333333333334,0.0,0.0,9,9,0,0.0004592799001044772,,
2026-06-30,SoftBank Corp.,JP3732000009,FJLV3G-R,Asia,JAPAN,Wireless Telecommunications,17.0,5,9.11111111111111,10.0,-0.8888888888888893,0.8888888888888893,10.0,10.0,0.0,0.0,10,10,0,0.00041714446067160155,,
2026-06-30,NEC Corporation,JP3733000008,Q63MTH-R,Asia,JAPAN,Information Technology Services,16.0,24,9.888268156424582,5.832,4.056236906424582,4.056236906424582,9.583333333333334,5.833333333333334,3.75,3.75,10,6,4,0.0003349620473266211,,
2026-06-30,Nidec Corporation,JP3734800000,D79WDP-R,Asia,JAPAN,Electrical Products,9.0,39,0.1951219512195122,1.282,-1.0871046112804879,1.0871046112804879,0.7692307692307693,1.282051282051282,-0.5128205128205127,0.5128205128205127,1,1,0,0.000158996001185145,,
2026-06-30,NTT Inc,JP3735400008,H54PT8-R,Asia,JAPAN,Specialty Telecommunications,17.0,5,8.666666666666668,8.0,0.6666666666666679,0.6666666666666679,6.0,8.0,-2.0,2.0,6,8,-2,0.0003023155599380777,,
2026-06-30,"Nippon Paint Holdings Co., Ltd.",JP3749400002,NDHZDW-R,Asia,JAPAN,Industrial Specialties,9.0,39,8.634146341463415,6.152,2.481802591463415,2.481802591463415,8.974358974358974,6.153846153846154,2.8205128205128203,2.8205128205128203,9,6,3,6.621319770910687e-05,,
2026-06-30,"JAPAN POST HOLDINGS Co., Ltd.",JP3752900005,B0T0B3-R,Asia,JAPAN,Life/Health Insurance,10.0,7,2.727272727272727,1.429,1.298561789772727,1.298561789772727,1.4285714285714284,1.4285714285714284,0.0,0.0,2,2,0,0.0002496968896595718,,
2026-06-30,Nippon Yusen Kabushiki Kaisha,JP3753000003,JWHZXS-R,Asia,JAPAN,Marine Shipping,9.0,39,2.731707317073171,7.69,-4.959698932926829,4.959698932926829,3.333333333333333,7.6923076923076925,-4.3589743589743595,4.3589743589743595,4,8,-4,0.0001369027501905026,,
2026-06-30,Nitori Holdings Co. Ltd.,JP3756100008,DMTJRH-R,Asia,JAPAN,Specialty Stores,15.0,7,3.333333333333333,4.285,-0.951822916666667,0.951822916666667,8.571428571428571,4.285714285714286,4.285714285714286,4.285714285714286,9,4,5,5.836220548083759e-05,,
2026-06-30,"Nintendo Co., Ltd.",JP3756600007,WB6VP8-R,Asia,JAPAN,Recreational Products,13.0,8,0.5882352941176471,3.75,-3.161764705882353,3.161764705882353,2.5,3.75,-1.25,1.25,3,4,-1,0.000526377617915986,,
2026-06-30,"NEXON Co., Ltd.",JP3758190007,TNNKHF-R,Asia,JAPAN,Internet Software/Services,16.0,24,9.608938547486034,4.168,5.440969797486034,5.440969797486034,7.5,4.166666666666667,3.333333333333333,3.333333333333333,8,4,4,4.854597749833921e-05,,
2026-06-30,"Nomura Holdings, Inc.",JP3762600009,RNKKZR-R,Asia,JAPAN,Investment Managers,6.0,6,6.885245901639344,1.667,5.218253714139344,5.218253714139344,5.0,1.6666666666666665,3.3333333333333335,3.3333333333333335,5,2,3,0.0002863232924752378,,
2026-06-30,"Nomura Research Institute,Ltd.",JP3762800005,PX22R6-R,Asia,JAPAN,Information Technology Services,16.0,24,5.754189944134078,6.668,-0.9137788058659222,0.9137788058659222,3.333333333333333,6.666666666666666,-3.333333333333333,3.333333333333333,4,7,-3,0.00012055595462963406,,
2026-06-30,"Hankyu Hanshin Holdings, Inc.",JP3774200004,STWX4S-R,Asia,JAPAN,Other Transportation,9.0,39,3.7560975609756095,4.617,-0.8610899390243905,0.8610899390243905,4.3589743589743595,4.615384615384616,-0.2564102564102564,0.2564102564102564,5,5,0,7.906482626145784e-05,,
2026-06-30,Bandai Namco Holdings Inc.,JP3778630008,V4T984-R,Asia,JAPAN,Recreational Products,13.0,8,2.3529411764705883,8.75,-6.397058823529411,6.397058823529411,10.0,8.75,1.25,1.25,10,9,1,0.0001302050193636543,,
2026-06-30,"Hikari Tsushin, Inc.",JP3783420007,SV06FW-R,Asia,JAPAN,Electric Utilities,17.0,5,8.88888888888889,6.0,2.8888888888888893,2.8888888888888893,8.0,6.0,2.0,2.0,8,6,2,4.4668560194677714e-05,,
2026-06-30,East Japan Railway Company,JP3783600004,WQLJFB-R,Asia,JAPAN,Railroads,9.0,39,7.951219512195122,8.2,-0.2519054878048781,0.2519054878048781,7.948717948717948,8.205128205128204,-0.2564102564102564,0.2564102564102564,8,8,0,0.00019727313482903713,,
2026-06-30,"Hitachi, Ltd.",JP3788600009,TJFRXK-R,Asia,JAPAN,Industrial Machinery,9.0,39,1.951219512195122,1.538,0.4131335746951219,0.4131335746951219,2.8205128205128203,1.5384615384615385,1.2820512820512817,1.2820512820512817,3,2,1,0.0013737688776814829,,
2026-06-30,"FAST RETAILING CO., LTD.",JP3802300008,WXDXGM-R,Asia,JAPAN,Apparel/Footwear Retail,15.0,7,0.8333333333333333,1.429,-0.5953776041666667,0.5953776041666667,2.8571428571428568,1.4285714285714284,1.4285714285714284,1.4285714285714284,3,2,1,0.0011081588268286174,,
2026-06-30,Fanuc Corporation,JP3802400006,P9VWPQ-R,Asia,JAPAN,Industrial Machinery,9.0,39,0.5853658536585367,6.41,-5.824790396341463,5.824790396341463,1.0256410256410255,6.410256410256411,-5.384615384615385,5.384615384615385,1,7,-6,0.00047402736891113566,,
2026-06-30,Fujikura Ltd,JP3811000003,M3XG7W-R,Asia,JAPAN,Electrical Products,9.0,39,1.8536585365853657,10.0,-8.146341463414634,8.146341463414634,2.564102564102564,10.0,-7.435897435897436,7.435897435897436,3,10,-7,0.0006084020187377265,,
2026-06-30,FUJIFILM Holdings Corp,JP3814000000,LHFSYC-R,Asia,JAPAN,Medical Specialties,16.0,24,9.776536312849162,7.918,1.8585675628491618,1.8585675628491618,8.75,7.916666666666666,0.8333333333333339,0.8333333333333339,9,8,1,0.0002696050674768295,,
2026-06-30,Subaru Corporation,JP3814800003,QH66VR-R,Asia,JAPAN,Motor Vehicles,1.0,11,2.6785714285714284,8.18,-5.501116071428571,5.501116071428571,4.545454545454545,8.181818181818182,-3.6363636363636367,3.6363636363636367,5,8,-3,8.69447607835408e-05,,
2026-06-30,Fujitsu Limited,JP3818000006,PZ2Q5Z-R,Asia,JAPAN,Information Technology Services,16.0,24,8.659217877094973,6.25,2.4092178770949726,2.4092178770949726,5.416666666666666,6.25,-0.8333333333333339,0.8333333333333339,6,6,0,0.00038016652999568984,,
2026-06-30,"Fuji Electric Co., Ltd.",JP3820000002,KB3GSB-R,Asia,JAPAN,Electrical Products,9.0,39,6.97560975609756,5.9,1.07717225609756,1.07717225609756,7.17948717948718,5.897435897435898,1.282051282051282,1.282051282051282,7,6,1,0.00013489039070149465,,
2026-06-30,"Furukawa Electric Co., Ltd.",JP3827200001,R394YD-R,Asia,JAPAN,Electrical Products,9.0,39,4.097560975609756,0.769,3.328518006859756,3.328518006859756,4.615384615384616,0.7692307692307693,3.8461538461538467,3.8461538461538467,5,1,4,0.00019653817658011957,,
2026-06-30,Bridgestone Corporation,JP3830800003,BW6HWR-R,Asia,JAPAN,Automotive Aftermarket,1.0,11,3.2142857142857144,6.363,-3.1489955357142856,3.1489955357142856,5.454545454545454,6.363636363636363,-0.9090909090909092,0.9090909090909092,6,7,-1,0.00024795735179296784,,
2026-06-30,HOYA CORPORATION,JP3837800006,X6GLT1-R,Asia,JAPAN,Medical Specialties,8.0,11,0.5194805194805195,9.09,-8.574269480519481,8.574269480519481,0.9090909090909092,9.09090909090909,-8.18181818181818,8.18181818181818,1,9,-8,0.0006029245846251648,,
2026-06-30,"Honda Motor Co., Ltd.",JP3854600008,NSRD0Y-R,Asia,JAPAN,Motor Vehicles,1.0,11,1.7857142857142858,4.547,-2.7611607142857144,2.7611607142857144,2.727272727272727,4.545454545454545,-1.818181818181818,1.818181818181818,3,5,-2,0.00037608600659490944,,
2026-06-30,Makita Corporation,JP3862400003,TY3P99-R,Asia,JAPAN,Tools & Hardware,9.0,39,5.951219512195122,6.668,-0.7167492378048781,0.7167492378048781,5.897435897435898,6.666666666666666,-0.7692307692307683,0.7692307692307683,6,7,-1,8.669043062667291e-05,,
2026-06-30,Panasonic Holdings Corporation,JP3866800000,X6HHHW-R,Asia,JAPAN,Electronics/Appliances,13.0,8,1.1764705882352942,1.25,-0.07352941176470584,0.07352941176470584,5.0,1.25,3.75,3.75,5,1,4,0.0007617955759026833,,
2026-06-30,Marubeni Corporation,JP3877600001,SPHJ0S-R,Asia,JAPAN,Agricultural Commodities/Milling,9.0,39,6.536585365853659,4.87,1.665491615853659,1.665491615853659,6.410256410256411,4.871794871794871,1.5384615384615392,1.5384615384615392,7,5,2,0.00045066281715989504,,
2026-06-30,"Mizuho Financial Group, Inc.",JP3885780001,KNHK1L-R,Asia,JAPAN,Major Banks,2.0,8,9.081632653061224,3.75,5.331632653061224,5.331632653061224,3.75,3.75,0.0,0.0,4,4,0,0.0012789883658776108,,
2026-06-30,"Mitsui Kinzoku Co., Ltd.",JP3888400003,W6Q6G9-R,Asia,JAPAN,Other Metals/Minerals,3.0,5,0.821917808219178,4.0,-3.178082191780822,3.178082191780822,2.0,4.0,-2.0,2.0,2,4,-2,0.00016191363242122085,,
2026-06-30,"MS&AD Insurance Group Holdings, Inc.",JP3890310000,J99W4H-R,Asia,JAPAN,Multi-Line Insurance,10.0,7,7.272727272727273,7.145,0.12819602272727337,0.12819602272727337,7.142857142857143,7.142857142857143,0.0,0.0,7,7,0,0.00035561558421711093,,
2026-06-30,"Sumitomo Mitsui Financial Group, Inc.",JP3890350006,BMHL2D-R,Asia,JAPAN,Major Banks,2.0,8,9.795918367346939,6.25,3.545918367346939,3.545918367346939,7.5,6.25,1.25,1.25,8,6,2,0.001616434110048955,,
2026-06-30,"Sumitomo Mitsui Trust Group, Inc.",JP3892100003,VDVT49-R,Asia,JAPAN,Major Banks,2.0,8,9.89795918367347,10.0,-0.1020408163265305,0.1020408163265305,8.75,10.0,-1.25,1.25,9,10,-1,0.00025020643004305737,,
2026-06-30,"Mitsui Fudosan Co., Ltd.",JP3893200000,R85RZK-R,Asia,JAPAN,Real Estate Development,14.0,7,0.5263157894736842,5.715,-5.188527960526316,5.188527960526316,2.8571428571428568,5.7142857142857135,-2.8571428571428568,2.8571428571428568,3,6,-3,0.00025715268056626705,,
2026-06-30,"Mitsui & Co.,Ltd",JP3893600001,T7JGZ8-R,Asia,JAPAN,Chemicals: Major Diversified,9.0,39,5.804878048780488,6.92,-1.1169969512195124,1.1169969512195124,5.384615384615384,6.923076923076923,-1.5384615384615392,1.5384615384615392,6,7,-1,0.000726769099888784,,
2026-06-30,Mitsubishi Chemical Group Corporation,JP3897700005,R6ZGVK-R,Asia,JAPAN,Chemicals: Major Diversified,4.0,7,1.25,10.0,-8.75,8.75,5.7142857142857135,10.0,-4.2857142857142865,4.2857142857142865,6,10,-4,9.663335865074886e-05,,
2026-06-30,Mitsubishi Corporation,JP3898400001,WTX23P-R,Asia,JAPAN,Wholesale Distributors,9.0,39,9.804878048780488,7.95,1.8556592987804876,1.8556592987804876,10.0,7.948717948717948,2.051282051282052,2.051282051282052,10,8,2,0.0009072772060099974,,
2026-06-30,"Mitsubishi Estate Company, Limited",JP3899600005,WSMB68-R,Asia,JAPAN,Real Estate Development,14.0,7,4.7368421052631575,4.285,0.4516858552631575,0.4516858552631575,5.7142857142857135,4.285714285714286,1.428571428571428,1.428571428571428,6,4,2,0.0002788109970902954,,
2026-06-30,"Mitsubishi Heavy Industries, Ltd.",JP3900000005,D2WLKV-R,Asia,JAPAN,Electrical Products,9.0,39,5.902439024390244,2.05,3.851657774390244,3.851657774390244,5.6410256410256405,2.051282051282051,3.5897435897435894,3.5897435897435894,6,2,4,0.0008280588275788039,,
2026-06-30,Mitsubishi Electric Corp.,JP3902400005,B066VV-R,Asia,JAPAN,Electrical Products,9.0,39,7.268292682926829,3.59,3.6784489329268286,3.6784489329268286,7.6923076923076925,3.58974358974359,4.102564102564102,4.102564102564102,8,4,4,0.0008024369969275336,,
2026-06-30,"Mitsubishi UFJ Financial Group, Inc.",JP3902900004,WB3BZZ-R,Asia,JAPAN,Major Banks,2.0,8,10.0,7.5,2.5,2.5,10.0,7.5,2.5,2.5,10,8,2,0.0023984210862156145,,
2026-06-30,MinebeaMitsumi Inc.,JP3906000009,WSMGLJ-R,Asia,JAPAN,Semiconductors,16.0,24,9.832402234636872,7.082,2.750370984636872,2.750370984636872,9.166666666666666,7.083333333333334,2.083333333333332,2.083333333333332,9,7,2,0.00011785624066453269,,
2026-06-30,"Tokio Marine Holdings, Inc.",JP3910660004,JS3DJP-R,Asia,JAPAN,Property/Casualty Insurance,10.0,7,4.242424242424242,4.285,-0.04273200757575779,0.04273200757575779,2.8571428571428568,4.285714285714286,-1.4285714285714288,1.4285714285714288,3,4,-1,0.0008750107487406386,,
2026-06-30,"Murata Manufacturing Co., Ltd.",JP3914400001,HLS2CN-R,Asia,JAPAN,Electronic Production Equipment,16.0,24,7.932960893854749,0.8335,7.099464800104749,7.099464800104749,4.166666666666667,0.8333333333333333,3.333333333333334,3.333333333333334,4,1,3,0.0013254060446982131,,
2026-06-30,LY Corporation,JP3933800009,JQZ6DN-R,Asia,JAPAN,Internet Software/Services,16.0,24,9.720670391061452,8.75,0.9706703910614518,0.9706703910614518,8.333333333333334,8.75,-0.4166666666666661,0.4166666666666661,9,9,0,7.907176681152927e-05,,
2026-06-30,Astellas Pharma Inc.,JP3942400007,JK8B1N-R,Asia,JAPAN,Pharmaceuticals: Major,8.0,11,9.87012987012987,10.0,-0.12987012987012925,0.12987012987012925,10.0,10.0,0.0,0.0,10,10,0,0.00025947026424573584,,
2026-06-30,"Yamaha Motor Co., Ltd.",JP3942800008,T8J8Q5-R,Asia,JAPAN,Motor Vehicles,1.0,11,5.178571428571429,9.09,-3.915178571428571,3.915178571428571,8.181818181818182,9.09090909090909,-0.9090909090909083,0.9090909090909083,8,9,-1,7.879311472703355e-05,,
2026-06-30,"Japan Post Bank Co., Ltd.",JP3946750001,N8L2K3-R,Asia,JAPAN,Regional Banks,2.0,8,9.591836734693878,8.75,0.841836734693878,0.841836734693878,6.25,8.75,-2.5,2.5,6,9,-3,0.0003833480821487467,,
2026-06-30,Unicharm Corporation,JP3951600000,GSRTT3-R,Asia,JAPAN,Household/Personal Care,13.0,8,1.4705882352941178,6.25,-4.779411764705882,4.779411764705882,6.25,6.25,0.0,0.0,6,6,0,7.34955048663944e-05,,
2026-06-30,Yokogawa Electric Corp.,JP3955000009,CSPHV9-R,Asia,JAPAN,Electronic Equipment/Instruments,9.0,39,1.2195121951219512,3.846,-2.6261909298780486,2.6261909298780486,1.794871794871795,3.8461538461538463,-2.051282051282051,2.051282051282051,2,4,-2,8.924341296259863e-05,,
2026-06-30,"Rakuten Group, Inc.",JP3967200001,TTK7NN-R,Asia,JAPAN,Internet Retail,16.0,24,4.050279329608938,1.667,2.383287142108938,2.383287142108938,2.0833333333333335,1.6666666666666665,0.41666666666666696,0.41666666666666696,2,2,0,6.590974365893805e-05,,
2026-06-30,"Recruit Holdings Co., Ltd.",JP3970300004,Q9Y5D7-R,Asia,JAPAN,Internet Software/Services,9.0,39,0.6829268292682927,9.484,-8.801448170731707,8.801448170731707,1.282051282051282,9.487179487179487,-8.205128205128204,8.205128205128204,1,10,-9,0.0010548796041982133,,
2026-06-30,"Ryohin Keikaku Co., Ltd.",JP3976300008,FVFGFP-R,Asia,JAPAN,Apparel/Footwear,15.0,7,0.41666666666666663,7.145,-6.727864583333333,6.727864583333333,1.4285714285714284,7.142857142857143,-5.714285714285715,5.714285714285715,2,7,-5,0.0001278588334173206,,
2026-06-30,Lasertec Corp.,JP3979200007,Q3WN7R-R,Asia,JAPAN,Electronic Equipment/Instruments,16.0,24,0.3910614525139665,2.084,-1.6929229224860336,1.6929229224860336,0.41666666666666663,2.0833333333333335,-1.666666666666667,1.666666666666667,1,2,-1,0.000272196172834185,,
2026-06-30,Credo Technology Group Holding Ltd.,KYG254571055,G152GN-R,North America,UNITED STATES,Information Technology Services,16.0,90,6.0576923076923075,9.28,-3.2235576923076925,3.2235576923076925,6.222222222222222,9.333333333333334,-3.1111111111111116,3.1111111111111116,6,10,-4,0.0005066899575757814,,
2026-06-30,Fabrinet,KYG3323L1005,RMHK3W-R,North America,UNITED STATES,Semiconductors,16.0,90,5.865384615384616,5.258,0.6075721153846159,0.6075721153846159,6.0,5.222222222222222,0.7777777777777777,0.7777777777777777,6,5,1,0.00022104541889499227,,
2026-06-30,FTAI Aviation Ltd.,KYG3730V1059,XFW8B2-R,North America,UNITED STATES,Aerospace & Defense,9.0,100,4.0,2.242,1.7578125,1.7578125,3.5,2.3000000000000003,1.1999999999999997,1.1999999999999997,4,2,2,0.0002936242711123285,,
2026-06-30,Grab Holdings Limited Class A,KYG4124C1096,X879CM-R,North America,UNITED STATES,Air Freight/Couriers,9.0,100,4.166666666666667,7.29,-3.122395833333333,3.122395833333333,3.7,7.4,-3.7,3.7,4,8,-4,0.00010595419737130502,,
2026-06-30,"SharkNinja, Inc.",KYG8068L1086,P06BNW-R,North America,UNITED STATES,Electronics/Appliances,13.0,15,2.5,5.555,-3.0546875,3.0546875,3.333333333333333,6.666666666666666,-3.333333333333333,3.333333333333333,4,7,-3,0.00013926353729404707,,
2026-06-30,Royal Caribbean Group,LR0008862868,XLT03X-R,North America,UNITED STATES,Hotels/Resorts/Cruiselines,18.0,20,3.4615384615384617,3.076,0.3853665865384617,0.3853665865384617,4.0,3.5,0.5,0.5,4,4,0,0.0009025100281886064,0.00122911300576454,
2026-06-30,Millicom International Cellular SA,LU0038705702,FK46P5-R,North America,UNITED STATES,Wireless Telecommunications,17.0,14,6.111111111111112,8.57,-2.4592013888888884,2.4592013888888884,7.857142857142857,8.571428571428571,-0.7142857142857144,0.7142857142857144,8,9,-1,8.786906403894575e-05,,
2026-06-30,ArcelorMittal SA,LU1598757687,DZ437D-R,West Europe,NETHERLANDS,Steel,3.0,12,4.545454545454545,3.182,1.363813920454545,1.363813920454545,6.666666666666666,5.0,1.666666666666666,1.666666666666666,7,5,2,0.00027818964784542875,,0.0017229249884564027
2026-06-30,Spotify Technology SA,LU1778762911,X5HN6G-R,North America,UNITED STATES,Internet Software/Services,11.0,11,8.88888888888889,1.667,7.221896701388889,7.221896701388889,9.09090909090909,0.9090909090909092,8.18181818181818,8.18181818181818,9,1,8,0.0007590110552162482,,
2026-06-30,InPost S.A.,LU2290522684,BWZN5N-R,West Europe,NETHERLANDS,Packaged Software,9.0,67,0.09009009009009009,0.0901,2.1994650900858392e-06,2.1994650900858392e-06,0.14925373134328357,0.14925373134328357,0.0,0.0,1,1,0,5.1901663452323465e-05,,0.0002914080980475658
2026-06-30,Tenaris S.A.,LU2598331598,SN6T9J-R,West Europe,ITALY,Steel,12.0,15,2.3529411764705883,1.765,0.5882927389705883,0.5882927389705883,2.6666666666666665,2.0,0.6666666666666665,0.6666666666666665,3,2,1,0.00011433726176881043,,0.000571009696174235
2026-06-30,Heineken Holding N.V.,NL0000008977,LTNDSH-R,West Europe,NETHERLANDS,Beverages: Alcoholic,7.0,23,3.2142857142857144,7.145,-3.9302455357142856,3.9302455357142856,3.4782608695652173,6.956521739130435,-3.4782608695652173,3.4782608695652173,4,7,-3,0.00010761942934881579,,0.0005758786961416128
2026-06-30,Royal KPN NV,NL0000009082,GY9DY1-R,West Europe,NETHERLANDS,Major Telecommunications,17.0,15,3.1818181818181817,4.09,-0.9080255681818183,0.9080255681818183,3.333333333333333,4.666666666666667,-1.333333333333334,1.333333333333334,4,5,-1,0.00020882004997667948,,0.0012320419917453188
2026-06-30,Heineken NV,NL0000009165,HF7CXJ-R,West Europe,NETHERLANDS,Beverages: Alcoholic,7.0,23,7.857142857142857,6.07,1.7868303571428568,1.7868303571428568,7.391304347826086,6.521739130434783,0.8695652173913029,0.8695652173913029,8,7,1,0.0002670768671049917,,0.0015689919894877537
2026-06-30,Koninklijke Philips N.V.,NL0000009538,WGRN6D-R,West Europe,NETHERLANDS,Medical/Nursing Services,8.0,38,9.583333333333334,9.79,-0.20572916666666607,0.20572916666666607,9.736842105263158,10.0,-0.2631578947368425,0.2631578947368425,10,10,0,0.00023202128878459686,,0.0013742739907923645
2026-06-30,STMicroelectronics NV,NL0000226223,GW0ZLY-R,West Europe,ITALY,Semiconductors,16.0,18,4.516129032258064,1.613,2.902847782258064,2.902847782258064,3.888888888888889,1.6666666666666665,2.2222222222222223,2.2222222222222223,4,2,2,0.0005300162062913253,,0.003261842978145652
2026-06-30,Airbus SE,NL0000235190,PKYMY1-R,West Europe,FRANCE,Aerospace & Defense,9.0,67,5.135135135135135,1.802,3.333377322635135,3.333377322635135,5.223880597014925,2.08955223880597,3.134328358208955,3.134328358208955,5,2,3,0.0014983847540791207,,0.008755154941340463
2026-06-30,ASM International N.V.,NL0000334118,GM7H09-R,West Europe,NETHERLANDS,Industrial Machinery,16.0,18,2.258064516129032,5.16,-2.902091733870968,2.902091733870968,1.6666666666666665,5.0,-3.3333333333333335,3.3333333333333335,2,5,-3,0.0006008706218388987,,0.0037708659747351984
2026-06-30,Wolters Kluwer N.V.,NL0000395903,TWWNXR-R,West Europe,NETHERLANDS,Internet Software/Services,9.0,67,4.324324324324325,7.387,-3.0623944256756754,3.0623944256756754,4.3283582089552235,7.910447761194029,-3.5820895522388057,3.5820895522388057,5,8,-3,0.00016484026437064582,,0.0009734690934777571
2026-06-30,AerCap Holdings NV,NL0000687663,N85RDX-R,North America,UNITED STATES,Finance/Rental/Leasing,6.0,35,7.674418604651163,7.69,-0.0169876453488369,0.0169876453488369,7.714285714285714,8.571428571428571,-0.8571428571428568,0.8571428571428568,8,9,-1,0.0002564319234428558,,
2026-06-30,Euronext NV,NL0006294274,GTX4SW-R,West Europe,FRANCE,Investment Banks/Brokers,6.0,22,3.0232558139534884,3.023,-0.0001816860465115866,0.0001816860465115866,4.090909090909091,4.090909090909091,0.0,0.0,4,4,0,0.00014333345985466074,,0.0008209483944996459
2026-06-30,LyondellBasell Industries NV,NL0009434992,GRQMJ0-R,North America,UNITED STATES,Chemicals: Specialty,4.0,8,9.09090909090909,10.0,-0.9090909090909101,0.9090909090909101,10.0,10.0,0.0,0.0,10,10,0,0.00015262379615775605,0.0002117287009930076,
2026-06-30,NXP Semiconductors NV,NL0009538784,FJ8GT6-R,North America,UNITED STATES,Semiconductors,16.0,90,6.538461538461538,6.082,0.4564302884615383,0.4564302884615383,6.777777777777779,6.111111111111112,0.666666666666667,0.666666666666667,7,6,1,0.000792150281656692,0.0011011760051645155,
2026-06-30,Nebius Group N.V. Class A,NL0009805522,N9K15Q-R,North America,UNITED STATES,Packaged Software,16.0,90,6.25,4.02,2.23046875,2.23046875,6.444444444444445,4.0,2.4444444444444446,2.4444444444444446,7,4,3,0.0006274947319255551,,
2026-06-30,ASML Holding NV,NL0010273215,JWGWTR-R,West Europe,NETHERLANDS,Semiconductors,16.0,18,2.903225806451613,5.805,-2.901461693548387,2.901461693548387,2.2222222222222223,5.555555555555555,-3.333333333333333,3.333333333333333,2,6,-4,0.00848221425560063,,0.05009257966437972
2026-06-30,CNH Industrial NV,NL0010545661,J3MQ11-R,North America,UNITED STATES,Trucks/Construction/Farm Machinery,9.0,100,7.083333333333334,6.73,0.3528645833333339,0.3528645833333339,7.1,6.8999999999999995,0.20000000000000018,0.20000000000000018,7,7,0,0.00010489271324366709,,
2026-06-30,NN Group N.V.,NL0010773842,TMWCW7-R,West Europe,NETHERLANDS,Life/Health Insurance,10.0,24,8.518518518518519,7.035,1.483362268518519,1.483362268518519,8.75,7.083333333333334,1.666666666666666,1.666666666666666,9,7,2,0.00025255461614791307,,0.0014830209900637593
2026-06-30,argenx SE,NL0010832176,DG473N-R,West Europe,BELGIUM,Biotechnology,8.0,38,2.916666666666667,6.668,-3.751302083333333,3.751302083333333,3.1578947368421053,6.842105263157895,-3.6842105263157894,3.6842105263157894,3,7,-4,0.0006440159413095442,,0.0038162309744312526
2026-06-30,ABN AMRO Bank N.V. Depositary receipts,NL0011540547,Q7XWQX-R,West Europe,NETHERLANDS,Major Banks,2.0,37,8.653846153846153,6.54,2.1147836538461533,2.1147836538461533,8.108108108108109,6.756756756756756,1.3513513513513526,1.3513513513513526,8,7,1,0.0002826536016348811,,0.0017401969883406804
2026-06-30,Ferrari NV,NL0011585146,Q05NFB-R,West Europe,ITALY,Motor Vehicles,1.0,11,1.875,2.5,-0.625,0.625,1.8181818181818183,2.727272727272727,-0.9090909090909087,0.9090909090909087,2,3,-1,0.0005079895605754663,,0.0029225849804186805
2026-06-30,Koninklijke Ahold Delhaize N.V.,NL0011794037,VJ7HTK-R,West Europe,NETHERLANDS,Food Retail,15.0,13,8.823529411764707,8.82,0.0032169117647065093,0.0032169117647065093,8.461538461538462,8.461538461538462,0.0,0.0,9,9,0,0.00039830966792518777,,0.0023662949841458236
2026-06-30,ING Groep N.V.,NL0011821202,LY6KWW-R,West Europe,NETHERLANDS,Major Banks,2.0,37,9.615384615384615,7.31,2.306790865384615,2.306790865384615,9.45945945945946,7.297297297297297,2.1621621621621623,2.1621621621621623,10,7,3,0.001020555883881027,,0.006028651959608032
2026-06-30,ASR Nederland N.V.,NL0011872643,VPJF20-R,West Europe,NETHERLANDS,Multi-Line Insurance,10.0,24,5.185185185185185,3.703,1.4820601851851851,1.4820601851851851,5.0,3.333333333333333,1.666666666666667,1.666666666666667,5,4,1,0.00012566135925709936,,0.0007215252951657807
2026-06-30,EXOR N.V.,NL0012059018,J564PS-R,West Europe,NETHERLANDS,Investment Managers,6.0,22,0.9302325581395349,0.93,5.677688953487081e-05,5.677688953487081e-05,1.3636363636363635,0.9090909090909092,0.45454545454545436,0.45454545454545436,2,1,1,7.545662029406812e-05,,0.00046499239688455095
2026-06-30,BE Semiconductor Industries N.V.,NL0012866412,M3XC1S-R,West Europe,NETHERLANDS,Industrial Machinery,16.0,18,6.129032258064516,8.71,-2.581905241935484,2.581905241935484,5.555555555555555,9.444444444444445,-3.8888888888888893,3.8888888888888893,6,10,-4,0.00026396912080139744,,0.001629722989080856
2026-06-30,Adyen NV,NL0012969182,B8DGF3-R,West Europe,NETHERLANDS,Miscellaneous Commercial Services,9.0,67,0.18018018018018017,0.1802,4.3989301801716785e-06,4.3989301801716785e-06,0.29850746268656714,0.29850746268656714,0.0,0.0,1,1,0,0.0002779003249152181,,0.001946769986956641
2026-06-30,Akzo Nobel N.V.,NL0013267909,M79YFW-R,West Europe,NETHERLANDS,Industrial Specialties,4.0,11,1.6666666666666665,1.667,-0.00032552083333348136,0.00032552083333348136,1.8181818181818183,2.727272727272727,-0.9090909090909087,0.9090909090909087,2,3,-1,0.00012985279144792596,,0.0007604340949050916
2026-06-30,Prosus N.V. Class N,NL0013654783,F39WDV-R,West Europe,NETHERLANDS,Packaged Software,16.0,18,1.2903225806451613,0.3225,0.9678128150201613,0.9678128150201613,1.1111111111111112,0.5555555555555556,0.5555555555555556,0.5555555555555556,1,1,0,0.0006280722776987896,,0.003621772975734121
2026-06-30,Stellantis N.V.,NL00150001Q9,VGZNR3-R,West Europe,ITALY,Motor Vehicles,1.0,11,1.25,1.25,0.0,0.0,0.9090909090909092,0.9090909090909092,0.0,0.0,1,1,0,0.00012181005402294287,,0.0007795277947771638
2026-06-30,Universal Music Group N.V.,NL0015000IY2,N4H21N-R,West Europe,NETHERLANDS,Miscellaneous Commercial Services,11.0,6,0.6666666666666666,0.6665,0.00016276041666662966,0.00016276041666662966,1.6666666666666665,1.6666666666666665,0.0,0.0,2,2,0,0.00023999652085946168,,0.0015401739896808344
2026-06-30,Ferrovial N.V.,NL0015001FS8,T31DQR-R,West Europe,SPAIN,Engineering & Construction,5.0,20,4.411764705882353,4.41,0.0016084558823532547,0.0016084558823532547,4.0,4.0,0.0,0.0,4,4,0,0.00037110611191470115,,0.002230298985056997
2026-06-30,Magnum Ice Cream Co. N.V.,NL0015002MS2,WPXRKL-R,West Europe,NETHERLANDS,Food: Meat/Fish/Dairy,7.0,23,0.3571428571428571,0.3572,-3.4877232142904724e-05,3.4877232142904724e-05,0.43478260869565216,0.43478260869565216,0.0,0.0,1,1,0,9.09292965768493e-05,,0.000583332396091673
2026-06-30,QIAGEN NV,NL0015002SN0,N91LM3-R,North America,UNITED STATES,Medical Specialties,8.0,57,5.735294117647058,5.59,0.145450367647058,0.145450367647058,5.43859649122807,5.43859649122807,0.0,0.0,6,6,0,8.317582207732127e-05,,0.0005330693964284351
2026-06-30,CSG N.V.,NL0015073TS8,SZWM2V-R,West Europe,NETHERLANDS,Aerospace & Defense,9.0,67,2.9729729729729732,0.7207,2.2522698479729732,2.2522698479729732,2.835820895522388,0.8955223880597014,1.9402985074626864,1.9402985074626864,3,1,2,3.182844255462099e-05,,0.00014354469903825052
2026-06-30,Davide Campari-Milano N.V.,NL0015435975,QTFWQW-R,West Europe,ITALY,Beverages: Alcoholic,7.0,23,5.357142857142857,3.572,1.7848772321428568,1.7848772321428568,5.652173913043478,4.3478260869565215,1.304347826086956,1.304347826086956,6,5,1,4.671008199493679e-05,,0.0002334961984355755
2026-06-30,Mowi ASA,NO0003054108,PDBDMJ-R,West Europe,NORWAY,Food: Meat/Fish/Dairy,7.0,23,8.928571428571429,8.57,0.3582589285714288,0.3582589285714288,8.695652173913043,8.695652173913043,0.0,0.0,9,9,0,9.581661391986574e-05,,0.0005241630964881073
2026-06-30,Orkla ASA,NO0003733800,CZHVTK-R,West Europe,NORWAY,Food: Specialty/Candy,7.0,23,4.642857142857143,4.645,-0.0016741071428567622,0.0016741071428567622,4.782608695652174,5.217391304347826,-0.43478260869565233,0.43478260869565233,5,5,0,8.318526282554522e-05,,0.0005203097965139244
2026-06-30,Norsk Hydro ASA,NO0005052605,MVMBQG-R,West Europe,NORWAY,Aluminum,3.0,12,5.909090909090909,6.816,-0.9073153409090908,0.9073153409090908,8.333333333333334,8.333333333333334,0.0,0.0,9,9,0,0.00012815985727488517,,0.0007899233947075133
2026-06-30,Telenor ASA,NO0010063308,H7F209-R,West Europe,NORWAY,Major Telecommunications,17.0,15,5.0,9.09,-4.09375,4.09375,5.333333333333333,8.666666666666668,-3.333333333333335,3.333333333333335,5,9,-4,9.47891424878948e-05,,0.0005793551961183202
2026-06-30,Equinor ASA,NO0010096985,RZSB30-R,West Europe,NORWAY,Integrated Oil,12.0,15,4.705882352941177,5.293,-0.5870863970588234,0.5870863970588234,5.333333333333333,6.0,-0.666666666666667,0.666666666666667,6,6,0,0.0002541668439245902,,0.0017603749882054878
2026-06-30,DNB Bank ASA,NO0010161896,L57WDW-R,West Europe,NORWAY,Major Banks,2.0,37,1.7307692307692308,1.538,0.19268329326923084,0.19268329326923084,1.891891891891892,1.6216216216216217,0.2702702702702704,0.2702702702702704,2,2,0,0.00028202215158947827,,0.001660889988872037
2026-06-30,Yara International ASA,NO0010208051,MXS313-R,West Europe,NORWAY,Chemicals: Agricultural,4.0,11,10.0,10.0,0.0,0.0,10.0,10.0,0.0,0.0,10,10,0,7.554381720483573e-05,,0.000467000896871094
2026-06-30,SalMar ASA,NO0010310956,C6LWM5-R,West Europe,NORWAY,Agricultural Commodities/Milling,7.0,23,10.0,10.0,0.0,0.0,10.0,10.0,0.0,0.0,10,10,0,3.4159427296187314e-05,,0.00022327329850406892
2026-06-30,Aker BP ASA,NO0010345853,BLBW30-R,West Europe,NORWAY,Integrated Oil,12.0,15,5.882352941176471,7.65,-1.766084558823529,1.766084558823529,6.666666666666666,8.0,-1.333333333333334,1.333333333333334,7,8,-1,9.924234542529124e-05,,0.0006220761958320895
2026-06-30,Gjensidige Forsikring ASA,NO0010582521,FNW967-R,West Europe,NORWAY,Multi-Line Insurance,10.0,24,1.8518518518518516,2.963,-1.1110387731481484,1.1110387731481484,1.6666666666666665,2.5,-0.8333333333333335,0.8333333333333335,2,3,-1,5.739588889567754e-05,,0.00034583139768292967
2026-06-30,Var Energi ASA,NO0011202772,S4F6YG-R,West Europe,NORWAY,Integrated Oil,12.0,15,7.058823529411765,8.234,-1.1755514705882346,1.1755514705882346,8.0,8.666666666666668,-0.6666666666666679,0.6666666666666679,8,9,-1,3.4496504011111346e-05,,0.00024293449837233888
2026-06-30,Kongsberg Gruppen ASA,NO0013536151,W6VV9N-R,West Europe,NORWAY,Trucks/Construction/Farm Machinery,9.0,67,0.2702702702702703,1.081,-0.8107844172297297,0.8107844172297297,0.4477611940298507,1.1940298507462686,-0.7462686567164178,0.7462686567164178,1,1,0,0.00014190954700283215,,0.0008986175939792621
2026-06-30,Xero Limited,NZXROE0001S2,M9VRSW-R,Pacific,AUSTRALIA,Packaged Software,16.0,3,6.666666666666666,3.334,3.332682291666666,3.332682291666666,6.666666666666666,3.333333333333333,3.333333333333333,3.333333333333333,7,4,3,8.711093395355054e-05,,
2026-06-30,Banco Comercial Portugues S.A.,PTBCP0AM0015,M74M8W-R,West Europe,PORTUGAL,Major Banks,2.0,37,4.038461538461538,1.923,2.1156099759615383,2.1156099759615383,4.054054054054054,2.1621621621621623,1.891891891891892,1.891891891891892,4,2,2,0.00010779774348105421,,0.0007085111952529751
2026-06-30,EDP S.A.,PTEDP0AM0009,RQTY5S-R,West Europe,PORTUGAL,Electric Utilities,19.0,23,9.310344827586206,7.586,1.7244073275862064,1.7244073275862064,9.130434782608695,7.826086956521739,1.304347826086956,1.304347826086956,9,8,1,0.00017129597601632925,,0.0010199209931665294
2026-06-30,"Galp Energia, SGPS S.A. Class B",PTGAL0AM0009,T6GNCG-R,West Europe,PORTUGAL,Integrated Oil,12.0,15,1.1764705882352942,2.354,-1.1770450367647058,1.1770450367647058,1.3333333333333333,2.6666666666666665,-1.3333333333333333,1.3333333333333333,2,3,-1,9.853303920941863e-05,,0.0005559303962752665
2026-06-30,"Jeronimo Martins, SGPS S.A.",PTJMT0AE0001,V2HLHV-R,West Europe,PORTUGAL,Food Retail,15.0,13,4.705882352941177,7.06,-2.3527113970588234,2.3527113970588234,4.615384615384616,6.153846153846154,-1.5384615384615383,1.5384615384615383,5,6,-1,5.676705905793853e-05,,0.00035177829764308544
2026-06-30,H&M Hennes & Mauritz AB Class B,SE0000106270,JJ43XM-R,West Europe,SWEDEN,Apparel/Footwear Retail,15.0,13,2.9411764705882355,4.117,-1.1760110294117645,1.1760110294117645,2.307692307692308,2.307692307692308,0.0,0.0,2,2,0,7.953139323909769e-05,,0.0005301012964483213
2026-06-30,Industrivarden AB Class C,SE0000107203,KGV6N1-R,West Europe,SWEDEN,Financial Conglomerates,6.0,22,4.186046511627907,3.953,0.2329215116279073,0.2329215116279073,5.0,5.0,0.0,0.0,5,5,0,9.167580574123155e-05,,0.0006380073957253505
2026-06-30,SKF AB Class B,SE0000108227,V0CLMX-R,West Europe,SWEDEN,Metal Fabrication,3.0,12,2.2727272727272725,2.727,-0.4538352272727275,0.4538352272727275,3.333333333333333,4.166666666666667,-0.8333333333333339,0.8333333333333339,4,4,0,0.00010147404229782433,,0.0005650588962141054
2026-06-30,Telefonaktiebolaget LM Ericsson Class B,SE0000108656,P6LTYW-R,West Europe,SWEDEN,Telecommunications Equipment,17.0,15,1.3636363636363635,1.818,-0.45472301136363646,0.45472301136363646,0.6666666666666666,2.0,-1.3333333333333335,1.3333333333333335,1,2,-1,0.0003303800841843694,,0.002123328985773696
2026-06-30,L E Lundbergforetagen AB Class B,SE0000108847,L9YRMS-R,West Europe,SWEDEN,Financial Conglomerates,6.0,22,6.511627906976745,8.14,-1.628997093023255,1.628997093023255,7.272727272727273,9.545454545454547,-2.2727272727272734,2.2727272727272734,7,10,-3,4.607035129325275e-05,,0.0002940525980298476
2026-06-30,Svenska Cellulosa AB SCA Class B,SE0000112724,DF3CR4-R,West Europe,SWEDEN,Pulp & Paper,3.0,12,0.4545454545454546,0.4546,-4.4389204545414174e-05,4.4389204545414174e-05,0.8333333333333333,0.8333333333333333,0.0,0.0,1,1,0,6.229130688070819e-05,,0.0003963427973445033
2026-06-30,Skanska AB Class B,SE0000113250,MTG5RJ-R,West Europe,SWEDEN,Engineering & Construction,5.0,20,6.764705882352942,7.06,-0.293887867647058,0.293887867647058,6.0,6.5,-0.5,0.5,6,7,-1,9.401093081093846e-05,,0.0005989454959870653
2026-06-30,Trelleborg AB Class B,SE0000114837,KDFDZV-R,West Europe,SWEDEN,Auto Parts: OEM,9.0,67,9.18918918918919,7.656,1.5329391891891895,1.5329391891891895,9.104477611940299,8.208955223880597,0.8955223880597014,0.8955223880597014,9,8,1,8.596051277723082e-05,,0.0005432924963599404
2026-06-30,Volvo AB Class B,SE0000115446,NZSHXK-R,West Europe,SWEDEN,Trucks/Construction/Farm Machinery,9.0,67,8.018018018018019,7.117,0.9008305180180187,0.9008305180180187,8.059701492537313,7.7611940298507465,0.29850746268656625,0.29850746268656625,8,8,0,0.000579748647822551,,0.003518032976429179
2026-06-30,Skandinaviska Enskilda Banken AB Class A,SE0000148884,NYJ1NJ-R,West Europe,SWEDEN,Major Banks,2.0,37,1.346153846153846,1.346,0.0004507211538460343,0.0004507211538460343,1.3513513513513513,1.3513513513513513,0.0,0.0,2,2,0,0.00032814920737683035,,0.002048798986273047
2026-06-30,Securitas AB Class B,SE0000163594,QZ3B6F-R,West Europe,SWEDEN,Miscellaneous Commercial Services,9.0,67,8.64864864864865,9.73,-1.0779138513513509,1.0779138513513509,8.507462686567164,9.850746268656716,-1.3432835820895512,1.3432835820895512,9,10,-1,8.506378170705196e-05,,0.000533942396422586
2026-06-30,Industrivarden AB Class A,SE0000190126,RWDF0K-R,West Europe,SWEDEN,Financial Conglomerates,6.0,22,4.4186046511627906,4.418,0.0006359011627905531,0.0006359011627905531,5.454545454545454,5.909090909090909,-0.45454545454545503,0.45454545454545503,6,6,0,6.769998554407531e-05,,
2026-06-30,Swedbank AB Class A,SE0000242455,GW6H33-R,West Europe,SWEDEN,Major Banks,2.0,37,2.307692307692308,0.9614,1.346266526442308,1.346266526442308,2.4324324324324325,1.0810810810810811,1.3513513513513513,1.3513513513513513,3,1,2,0.0003452520628590238,,0.0022551609848904214
2026-06-30,Sandvik AB,SE0000667891,LZCMNQ-R,West Europe,SWEDEN,Trucks/Construction/Farm Machinery,9.0,67,7.117117117117116,9.91,-2.7891328828828836,2.7891328828828836,7.164179104477611,10.0,-2.8358208955223887,2.8358208955223887,7,10,-3,0.0004799599390953838,,0.0028697879807724207
2026-06-30,Telia Company AB,SE0000667925,R2JS7B-R,West Europe,SWEDEN,Specialty Telecommunications,17.0,15,4.545454545454545,6.816,-2.270951704545455,2.270951704545455,4.666666666666667,6.666666666666666,-1.9999999999999991,1.9999999999999991,5,7,-2,0.0001349639965351051,,0.0007473857949925152
2026-06-30,Alfa Laval AB,SE0000695876,P7RWQQ-R,West Europe,SWEDEN,Industrial Machinery,9.0,67,1.7117117117117118,3.334,-1.6222726632882882,1.6222726632882882,1.4925373134328357,3.432835820895522,-1.9402985074626864,1.9402985074626864,2,4,-2,0.00019112494755611483,,0.0011232549924741916
2026-06-30,Swedish Orphan Biovitrum AB,SE0000872095,RQX8MZ-R,West Europe,SWEDEN,Pharmaceuticals: Major,8.0,38,1.875,2.291,-0.416015625,0.416015625,2.1052631578947367,2.631578947368421,-0.5263157894736841,0.5263157894736841,2,3,-1,9.71860224519692e-05,,0.000753793894949581
2026-06-30,Indutrade AB,SE0001515552,XBY522-R,West Europe,SWEDEN,Industrial Machinery,9.0,67,3.333333333333333,0.3604,2.972981770833333,2.972981770833333,3.283582089552239,0.4477611940298507,2.8358208955223883,2.8358208955223883,3,1,2,5.7473375036820735e-05,,0.00035258529763767854
2026-06-30,AB Sagax Class B,SE0005127818,F8T8X8-R,West Europe,SWEDEN,Real Estate Development,14.0,10,0.3571428571428571,0.3572,-3.4877232142904724e-05,3.4877232142904724e-05,1.0,1.0,0.0,0.0,1,1,0,4.193104323351009e-05,,0.00022563839848822276
2026-06-30,Tele2 AB Class B,SE0005190238,K6W4F5-R,West Europe,SWEDEN,Major Telecommunications,17.0,15,7.727272727272727,7.727,0.0007102272727266268,0.0007102272727266268,7.333333333333333,8.0,-0.666666666666667,0.666666666666667,8,8,0,0.00010358080926907181,,0.0006226818958280314
2026-06-30,ASSA ABLOY AB Class B,SE0007100581,MT9XMJ-R,West Europe,SWEDEN,Tools & Hardware,5.0,20,7.058823529411765,5.0,2.0588235294117654,2.0588235294117654,6.5,4.5,2.0,2.0,7,5,2,0.0003770246809892952,,0.002311624984512113
2026-06-30,Svenska Handelsbanken AB Class A,SE0007100599,FWJ4P9-R,West Europe,SWEDEN,Major Banks,2.0,37,5.1923076923076925,4.42,0.7704326923076925,0.7704326923076925,4.864864864864865,4.864864864864865,0.0,0.0,5,5,0,0.00022230691887483256,,0.0014969749899702677
2026-06-30,Essity AB Class B,SE0009922164,J1HNQQ-R,West Europe,SWEDEN,Household/Personal Care,13.0,13,5.833333333333334,7.082,-1.248697916666666,1.248697916666666,6.923076923076923,7.6923076923076925,-0.7692307692307692,0.7692307692307692,7,8,-1,0.00018030028965077517,,0.0010537019929401966
2026-06-30,Investment AB Latour Class B,SE0010100958,RBHVG6-R,West Europe,SWEDEN,Financial Conglomerates,9.0,67,3.6936936936936937,0.901,2.7928147874436937,2.7928147874436937,3.7313432835820897,1.044776119402985,2.6865671641791047,2.6865671641791047,4,1,3,3.149805636995313e-05,,0.00017831009880532237
2026-06-30,Evolution AB,SE0012673267,L3H7V7-R,West Europe,SWEDEN,Packaged Software,18.0,8,9.230769230769232,6.152,3.0784254807692317,3.0784254807692317,8.75,5.0,3.75,3.75,9,5,4,9.521124594159007e-05,,0.0005973667959976425
2026-06-30,EQT AB,SE0012853455,X0M159-R,West Europe,SWEDEN,Investment Managers,6.0,22,1.6279069767441863,0.6978,0.9301530704941863,0.9301530704941863,2.2727272727272725,0.4545454545454546,1.818181818181818,1.818181818181818,2,1,1,0.00014385140090393875,,0.0016006719892754978
2026-06-30,Addtech AB Class B,SE0014781795,BNNFG1-R,West Europe,SWEDEN,Wholesale Distributors,9.0,67,4.774774774774775,2.613,2.161493524774775,2.161493524774775,4.776119402985074,2.9850746268656714,1.7910447761194028,1.7910447761194028,5,3,2,9.901086707953746e-05,,0.0005841468960862159
2026-06-30,Epiroc AB Class A,SE0015658109,WXJXS1-R,West Europe,SWEDEN,Trucks/Construction/Farm Machinery,9.0,67,1.6216216216216217,1.982,-0.3608002533783783,0.3608002533783783,1.3432835820895521,2.388059701492537,-1.044776119402985,1.044776119402985,2,3,-1,0.00019089982971446105,,0.0011468399923161721
2026-06-30,Epiroc AB Class B,SE0015658117,B0GMKD-R,West Europe,SWEDEN,Trucks/Construction/Farm Machinery,9.0,67,2.5225225225225225,1.892,0.6309209600225225,0.6309209600225225,2.238805970149254,2.238805970149254,0.0,0.0,2,2,0,9.357934660584882e-05,,
2026-06-30,Investor AB Class B,SE0015811963,LVSS7P-R,West Europe,SWEDEN,Financial Conglomerates,6.0,22,5.5813953488372094,4.883,0.6985828488372094,0.6985828488372094,6.363636363636363,6.363636363636363,0.0,0.0,7,7,0,0.0008114268094126947,,0.004969851966701993
2026-06-30,Lifco AB Class B,SE0015949201,TGN13R-R,West Europe,SWEDEN,Industrial Machinery,9.0,67,2.7927927927927927,3.244,-0.4513478322072073,0.4513478322072073,2.537313432835821,3.283582089552239,-0.7462686567164178,0.7462686567164178,3,3,0,7.991160337254916e-05,,0.0005187170965245955
2026-06-30,Beijer Ref AB Class B,SE0015949748,MVN234-R,West Europe,SWEDEN,Wholesale Distributors,5.0,20,0.8823529411764707,0.2942,0.5881634880514707,0.5881634880514707,1.0,0.5,0.5,0.5,1,1,0,7.124487649345037e-05,,0.00038683339740821625
2026-06-30,Hexagon AB Class B,SE0015961909,LVVB64-R,West Europe,SWEDEN,Electronic Equipment/Instruments,16.0,18,3.225806451612903,1.29,1.935767389112903,1.935767389112903,2.7777777777777777,1.1111111111111112,1.6666666666666665,1.6666666666666665,3,1,2,0.0001809862440159032,,0.0011631379922069755
2026-06-30,NIBE Industrier AB Class B,SE0015988019,LP9QY3-R,West Europe,SWEDEN,Industrial Machinery,5.0,20,4.705882352941177,2.059,2.6472886029411766,2.6472886029411766,4.5,2.5,2.0,2.0,5,3,2,5.5301702921533586e-05,,0.00034271729770379416
2026-06-30,Atlas Copco AB Class A,SE0017486889,LC28G5-R,West Europe,SWEDEN,Industrial Machinery,9.0,67,1.1711711711711712,1.531,-0.3600788288288288,0.3600788288288288,0.8955223880597014,1.6417910447761195,-0.7462686567164181,0.7462686567164181,1,2,-1,0.0005662349768002029,,0.003435167976984375
2026-06-30,Atlas Copco AB Class B,SE0017486897,S6QX8B-R,West Europe,SWEDEN,Industrial Machinery,9.0,67,1.5315315315315314,2.072,-0.5407340934684686,0.5407340934684686,1.1940298507462686,2.537313432835821,-1.3432835820895526,1.3432835820895526,1,3,-2,0.00030190072706061003,,
2026-06-30,Fastighets AB Balder Class B,SE0017832488,PB1Z9F-R,West Europe,SWEDEN,Real Estate Development,14.0,10,1.0714285714285714,0.7144,0.3570731026785714,0.3570731026785714,2.0,2.0,0.0,0.0,2,2,0,3.570298963080338e-05,,0.0002316185984481554
2026-06-30,Boliden AB,SE0020050417,TG9824-R,West Europe,SWEDEN,Other Metals/Minerals,3.0,12,1.3636363636363635,4.09,-2.7262073863636367,2.7262073863636367,2.5,6.666666666666666,-4.166666666666666,4.166666666666666,3,7,-4,0.0001725250734281128,,0.0010361979930574735
2026-06-30,Saab AB Class B,SE0021921269,J9HWH0-R,West Europe,SWEDEN,Aerospace & Defense,9.0,67,9.81981981981982,4.414,5.40575731981982,5.40575731981982,9.850746268656716,4.3283582089552235,5.522388059701492,5.522388059701492,10,5,5,0.00017828332979716657,,0.0011472949923131237
2026-06-30,Octave Intelligence PLC Shs Swedish Depository Receipt Repr 1 Sh,SE0028329433,NZ8RMJ-R,West Europe,SWEDEN,Packaged Software,16.0,18,0.6451612903225806,1.936,-1.2903855846774195,1.2903855846774195,0.5555555555555556,2.2222222222222223,-1.6666666666666667,1.6666666666666667,1,2,-1,3.559342094696693e-05,,0.00022878059846717
2026-06-30,Flex Ltd,SG9999000020,VVFLP6-R,North America,UNITED STATES,Electronic Production Equipment,16.0,90,1.25,2.268,-1.017578125,1.017578125,1.0,2.2222222222222223,-1.2222222222222223,1.2222222222222223,1,2,-1,0.0006827462108666007,0.0009246188043364621,
2026-06-30,Aflac Incorporated,US0010551028,XLY63V-R,North America,UNITED STATES,Multi-Line Insurance,10.0,23,5.3125,7.2,-1.88671875,1.88671875,6.956521739130435,7.391304347826086,-0.43478260869565144,0.43478260869565144,7,8,-1,0.0006179660767345607,0.0008333804039085542,
2026-06-30,AT&T Inc,US00206R1023,VLHKF9-R,North America,UNITED STATES,Wireless Telecommunications,17.0,14,7.777777777777778,6.43,1.3480902777777777,1.3480902777777777,10.0,6.428571428571429,3.571428571428571,3.571428571428571,10,7,3,0.0016234446656686475,0.002231817010467222,
2026-06-30,"AST SpaceMobile, Inc. Class A",US00217D1000,KDCR1J-R,North America,UNITED STATES,Specialty Telecommunications,17.0,14,1.6666666666666665,2.143,-0.4759114583333335,0.4759114583333335,2.142857142857143,2.142857142857143,0.0,0.0,2,2,0,0.00023693557826528282,,
2026-06-30,Abbott Laboratories,US0028241000,SHNDLT-R,North America,UNITED STATES,Medical Specialties,8.0,57,1.7647058823529413,1.617,0.14751838235294135,0.14751838235294135,1.7543859649122806,1.5789473684210527,0.17543859649122795,0.17543859649122795,2,2,0,0.001773044522164882,0.002452442011501953,
2026-06-30,"AbbVie, Inc.",US00287Y1091,C4HBRT-R,North America,UNITED STATES,Pharmaceuticals: Major,8.0,57,6.617647058823529,7.94,-1.323759191176471,1.323759191176471,6.315789473684211,7.894736842105264,-1.578947368421053,1.578947368421053,7,8,-1,0.005003270532855199,0.0068991810323571585,
2026-06-30,Adobe Inc.,US00724F1012,DJC2TN-R,North America,UNITED STATES,Packaged Software,16.0,90,3.173076923076923,5.773,-2.600360576923077,2.600360576923077,3.0,5.777777777777777,-2.777777777777777,2.777777777777777,3,6,-3,0.0009437194942337113,0.0012858340060305613,
2026-06-30,"Advanced Micro Devices, Inc.",US0079031078,RT66YK-R,North America,UNITED STATES,Semiconductors,16.0,90,6.730769230769232,5.156,1.5745192307692317,1.5745192307692317,7.0,5.111111111111111,1.8888888888888893,1.8888888888888893,7,5,2,0.01064520368274367,0.01469707006892926,
2026-06-30,"Affirm Holdings, Inc. Class A",US00827B1061,N7C73B-R,North America,UNITED STATES,Packaged Software,16.0,90,5.288461538461538,5.566,-0.2779447115384617,0.2779447115384617,5.333333333333333,5.555555555555555,-0.22222222222222232,0.22222222222222232,6,6,0,0.00025838327809694206,,
2026-06-30,"Agilent Technologies, Inc.",US00846U1016,FWHC5K-R,North America,UNITED STATES,Medical Specialties,8.0,57,5.882352941176471,5.883,-0.0004595588235289938,0.0004595588235289938,5.614035087719298,5.614035087719298,0.0,0.0,6,6,0,0.0004168713390254192,0.0005825092027319681,
2026-06-30,"Airbnb, Inc. Class A",US0090661010,HZQYZZ-R,North America,UNITED STATES,Hotels/Resorts/Cruiselines,18.0,20,1.153846153846154,3.46,-2.307091346153846,2.307091346153846,1.5,4.0,-2.5,2.5,2,4,-2,0.0006877896105798833,0.0009279779043522165,
2026-06-30,"Air Products and Chemicals, Inc.",US0091581068,BV8JHF-R,North America,UNITED STATES,Chemicals: Specialty,4.0,8,6.363636363636363,4.0,2.3636363636363633,2.3636363636363633,7.5,3.75,3.75,3.75,8,4,4,0.0006958718511356763,0.0010133730047527194,
2026-06-30,Alliant Energy Corporation,US0188021085,KK1SFD-R,North America,UNITED STATES,Electric Utilities,19.0,32,1.951219512195122,1.765,0.1865710746951219,0.1865710746951219,1.25,1.875,-0.625,0.625,1,2,-1,0.00022522915047550908,0.0003040134014258228,
2026-06-30,Allstate Corporation,US0200021014,BYJYYM-R,North America,UNITED STATES,Multi-Line Insurance,10.0,23,9.6875,10.0,-0.3125,0.3125,10.0,10.0,0.0,0.0,10,10,0,0.0006887710883666404,0.0009503840044573009,
2026-06-30,"Alnylam Pharmaceuticals, Inc",US02043Q1076,NK6FVD-R,North America,UNITED STATES,Pharmaceuticals: Major,8.0,57,7.352941176470589,6.766,0.5873161764705888,0.5873161764705888,7.192982456140351,6.491228070175438,0.7017543859649127,0.7017543859649127,7,7,0,0.0004469494228558321,,
2026-06-30,Alphabet Inc. Class C,US02079K1079,WFJYTJ-R,North America,UNITED STATES,Internet Software/Services,16.0,90,8.173076923076923,7.32,0.8527644230769234,0.8527644230769234,8.444444444444445,7.444444444444445,1.0,1.0,9,8,1,0.018375386336282728,0.02590935012151485,
2026-06-30,Alphabet Inc. Class A,US02079K3059,HTM0LK-R,North America,UNITED STATES,Internet Software/Services,16.0,90,7.596153846153846,7.42,0.1742788461538458,0.1742788461538458,8.0,7.555555555555555,0.44444444444444464,0.44444444444444464,8,8,0,0.023386393482301114,0.03251065015247495,
2026-06-30,"Altria Group, Inc.",US02209S1033,PN6Y00-R,North America,UNITED STATES,Tobacco,7.0,17,6.8965517241379315,6.363,0.5332704741379315,0.5332704741379315,7.647058823529411,8.235294117647058,-0.5882352941176467,0.5882352941176467,8,8,0,0.0013436004866938008,0.0018643490087437967,
2026-06-30,"Amazon.com, Inc.",US0231351067,MCNYYL-R,North America,UNITED STATES,Internet Retail,15.0,28,7.105263157894736,9.664,-2.5587993421052637,2.5587993421052637,7.142857142857143,9.642857142857142,-2.499999999999999,2.499999999999999,7,10,-3,0.02592931502086106,0.03619664016976224,
2026-06-30,Ameren Corporation,US0236081024,GRSDSK-R,North America,UNITED STATES,Electric Utilities,19.0,32,4.634146341463415,6.766,-2.131478658536585,2.131478658536585,4.6875,6.875,-2.1875,2.1875,5,7,-2,0.0003518197833819406,0.0004852836022759801,
2026-06-30,"American Electric Power Company, Inc.",US0255371017,D502G9-R,North America,UNITED STATES,Electric Utilities,19.0,32,4.146341463414634,5.59,-1.4435022865853657,1.4435022865853657,4.0625,5.9375,-1.875,1.875,4,6,-2,0.0008334335535512597,0.0011550330054171049,
2026-06-30,American Express Company,US0258161092,MVLTQZ-R,North America,UNITED STATES,Finance/Rental/Leasing,9.0,100,6.75,7.664,-0.9140625,0.9140625,6.7,7.7,-1.0,1.0,7,8,-1,0.0020287327866692494,0.002793268013100427,
2026-06-30,"American International Group, Inc.",US0268747849,VS59M7-R,North America,UNITED STATES,Multi-Line Insurance,10.0,23,7.8125,6.8,1.01171875,1.01171875,9.130434782608695,6.956521739130435,2.1739130434782608,2.1739130434782608,9,7,2,0.0004423316568760361,0.0006131528028756867,
2026-06-30,American Tower Corporation,US03027X1000,DTKPJP-R,North America,UNITED STATES,Real Estate Investment Trusts,14.0,28,2.3684210526315788,4.0,-1.6315789473684212,1.6315789473684212,2.5,3.5714285714285716,-1.0714285714285716,1.0714285714285716,3,4,-1,0.0008511538579692018,0.0011824910055458827,
2026-06-30,"American Water Works Company, Inc.",US0304201033,CFG1CD-R,North America,UNITED STATES,Water Utilities,19.0,32,2.926829268292683,2.059,0.8682355182926829,0.8682355182926829,2.5,2.1875,0.3125,0.3125,3,2,1,0.00028529721115343973,0.00039868250186982096,
2026-06-30,"Cencora, Inc.",US03073E1055,BK2FRW-R,North America,UNITED STATES,Medical Distributors,8.0,57,2.9411764705882355,4.56,-1.6174172794117645,1.6174172794117645,2.807017543859649,4.2105263157894735,-1.4035087719298245,1.4035087719298245,3,4,-1,0.0005868492105757349,0.0008543722040070056,
2026-06-30,"Ameriprise Financial, Inc.",US03076C1062,SKZRLQ-R,North America,UNITED STATES,Investment Managers,6.0,35,8.13953488372093,7.438,0.7020348837209305,0.7020348837209305,8.285714285714286,8.285714285714286,0.0,0.0,8,8,0,0.0004876363474870583,0.0006399001030011315,
2026-06-30,"AMETEK, Inc.",US0311001004,TMTGLT-R,North America,UNITED STATES,Electrical Products,9.0,100,4.916666666666666,2.896,2.020182291666666,2.020182291666666,4.6000000000000005,3.0,1.6000000000000005,1.6000000000000005,5,3,2,0.0006243416820314371,0.0008605105040357943,
2026-06-30,Amgen Inc.,US0311621009,CYB1M0-R,North America,UNITED STATES,Biotechnology,8.0,57,5.147058823529411,7.06,-1.9115349264705888,1.9115349264705888,4.7368421052631575,6.842105263157895,-2.105263157894737,2.105263157894737,5,7,-2,0.0021887694703334034,0.00302958201420874,
2026-06-30,Amphenol Corporation Class A,US0320951017,V2H5QG-R,North America,UNITED STATES,Electronic Components,16.0,90,7.5,7.113,0.38671875,0.38671875,7.888888888888888,7.222222222222222,0.6666666666666661,0.6666666666666661,8,7,1,0.002433538869466044,0.0033658560157858643,
2026-06-30,"Analog Devices, Inc.",US0326541051,F17SJ1-R,North America,UNITED STATES,Semiconductors,16.0,90,9.134615384615385,8.25,0.884615384615385,0.884615384615385,9.222222222222223,8.333333333333334,0.8888888888888893,0.8888888888888893,9,9,0,0.002173879290216199,0.0030087540141110563,
2026-06-30,"Annaly Capital Management, Inc.",US0357108390,TSCJN6-R,North America,UNITED STATES,Real Estate Investment Trusts,14.0,28,4.473684210526316,7.43,-2.956003289473684,2.956003289473684,4.642857142857143,7.5,-2.8571428571428568,2.8571428571428568,5,8,-3,0.00018180290874044545,,
2026-06-30,"Elevance Health, Inc.",US0367521038,VT66G5-R,North America,UNITED STATES,Managed Health Care,8.0,57,7.205882352941177,8.38,-1.1769301470588234,1.1769301470588234,7.017543859649122,8.421052631578947,-1.4035087719298245,1.4035087719298245,7,9,-2,0.0009556361386841496,0.0013032000061120078,
2026-06-30,Apollo Global Management Inc,US03769M1062,VSC82Y-R,North America,UNITED STATES,Investment Managers,6.0,35,2.0930232558139537,1.282,0.8107966933139537,0.8107966933139537,2.0,1.4285714285714284,0.5714285714285716,0.5714285714285716,2,2,0,0.0005580878311003701,0.0008466739039709006,
2026-06-30,Apple Inc.,US0378331005,MH33D6-R,North America,UNITED STATES,Telecommunications Equipment,16.0,90,6.923076923076923,7.63,-0.7058293269230766,0.7058293269230766,7.222222222222222,7.777777777777778,-0.5555555555555554,0.5555555555555554,7,8,-1,0.04774966438675856,0.06593338030922756,
2026-06-30,"Applied Materials, Inc.",US0382221051,M0H6M5-R,North America,UNITED STATES,Industrial Machinery,16.0,90,1.5384615384615385,5.36,-3.8209134615384617,3.8209134615384617,1.222222222222222,5.333333333333333,-4.111111111111111,4.111111111111111,1,6,-5,0.0064537434896977655,0.008898335041733192,
2026-06-30,AppLovin Corp. Class A,US03831W1080,B38P5P-R,North America,UNITED STATES,Packaged Software,16.0,90,3.557692307692308,6.39,-2.832932692307692,2.832932692307692,3.333333333333333,6.444444444444445,-3.1111111111111116,3.1111111111111116,4,7,-3,0.0013268241570903278,0.002150991010088148,
2026-06-30,Archer-Daniels-Midland Company,US0394831020,MQ119X-R,North America,UNITED STATES,Agricultural Commodities/Milling,7.0,17,8.620689655172413,5.453,3.167564655172413,3.167564655172413,8.823529411764707,7.058823529411765,1.7647058823529411,1.7647058823529411,9,7,2,0.0004148574794175197,0.0005713141026794632,
2026-06-30,Ares Management Corporation,US03990B1017,FJ4S87-R,North America,UNITED STATES,Investment Managers,6.0,35,5.813953488372094,8.2,-2.3891715116279064,2.3891715116279064,5.7142857142857135,8.857142857142858,-3.142857142857144,3.142857142857144,6,9,-3,0.00026496029935698626,0.00036428420170849294,
2026-06-30,Arista Networks Inc,US0404132054,TNZ6CZ-R,North America,UNITED STATES,Computer Peripherals,17.0,14,3.888888888888889,10.0,-6.111111111111111,6.111111111111111,5.0,10.0,-5.0,5.0,5,10,-5,0.0020364343970583018,0.002721752012765017,
2026-06-30,"Astera Labs, Inc.",US04626A1034,GNVVGZ-R,North America,UNITED STATES,Semiconductors,16.0,90,2.980769230769231,1.753,1.2278395432692308,1.2278395432692308,2.7777777777777777,1.777777777777778,0.9999999999999998,0.9999999999999998,3,2,1,0.00074176518839973,,
2026-06-30,Atlassian Corp Class A,US0494681010,CKPB3Z-R,North America,UNITED STATES,Packaged Software,16.0,90,5.096153846153846,4.844,0.2524038461538458,0.2524038461538458,5.111111111111111,4.777777777777778,0.33333333333333304,0.33333333333333304,5,5,0,0.0001417481342101048,,
2026-06-30,Atmos Energy Corporation,US0495601058,FT7VMB-R,North America,UNITED STATES,Gas Distributors,19.0,32,8.536585365853659,8.53,0.005335365853659013,0.005335365853659013,8.75,8.4375,0.3125,0.3125,9,9,0,0.000312706983507547,0.00044379860208141545,
2026-06-30,"Autodesk, Inc.",US0527691069,JXMLY8-R,North America,UNITED STATES,Packaged Software,16.0,90,6.346153846153846,3.918,2.428185096153846,2.428185096153846,6.555555555555555,3.888888888888889,2.6666666666666665,2.6666666666666665,7,4,3,0.00045782908512052736,0.0006369357029872285,
2026-06-30,"Automatic Data Processing, Inc.",US0530151036,TY202Q-R,North America,UNITED STATES,Packaged Software,9.0,100,5.166666666666667,9.44,-4.270833333333333,4.270833333333333,4.9,9.5,-4.6,4.6,5,10,-5,0.0010092629888656815,0.0013891270065150057,
2026-06-30,"AutoZone, Inc.",US0533321024,JDQ0K1-R,North America,UNITED STATES,Specialty Stores,15.0,28,2.8947368421052633,2.334,0.5607524671052633,0.5607524671052633,2.5,2.142857142857143,0.3571428571428572,0.3571428571428572,3,2,1,0.0006103086698488455,0.0008163443038286547,
2026-06-30,"AvalonBay Communities, Inc.",US0534841012,KMBRT0-R,North America,UNITED STATES,Real Estate Investment Trusts,14.0,28,4.7368421052631575,6.855,-2.1186266447368425,2.1186266447368425,5.0,6.7857142857142865,-1.7857142857142865,1.7857142857142865,5,7,-2,0.0002959496554100331,0.0004068346019080543,
2026-06-30,Avery Dennison Corporation,US0536111091,KDJL0T-R,North America,UNITED STATES,Pulp & Paper,3.0,9,1.3333333333333333,2.309,-0.9752604166666667,0.9752604166666667,2.2222222222222223,3.333333333333333,-1.1111111111111107,1.1111111111111107,2,4,-2,0.00014144471016231384,0.00019265180090353694,
2026-06-30,Axon Enterprise Inc,US05464C1018,RXMV9M-R,North America,UNITED STATES,Aerospace & Defense,9.0,100,0.16666666666666666,0.09344,0.07322184244791666,0.07322184244791666,0.2,0.1,0.1,0.1,1,1,0,0.00047976252344926007,0.0007012654032889348,
2026-06-30,Baker Hughes Company Class A,US05722G1004,NFMH78-R,North America,UNITED STATES,Contract Drilling,12.0,23,2.2857142857142856,2.5,-0.2142857142857144,0.2142857142857144,2.1739130434782608,2.608695652173913,-0.43478260869565233,0.43478260869565233,2,3,-1,0.0006177058561108455,0.0008544935040075745,
2026-06-30,Ball Corporation,US0584981064,VFT0VQ-R,North America,UNITED STATES,Containers/Packaging,9.0,100,9.25,6.824,2.42578125,2.42578125,9.399999999999999,7.0,2.3999999999999986,2.3999999999999986,10,7,3,0.00018397338076061936,0.00025777860120898164,
2026-06-30,Bank of America Corp,US0605051046,DTKZ1Y-R,North America,UNITED STATES,Major Banks,2.0,15,8.8,7.65,1.1515625000000007,1.1515625000000007,9.333333333333334,8.0,1.333333333333334,1.333333333333334,10,8,2,0.004337993806527878,0.005768804027055691,
2026-06-30,Bank of New York Mellon Corp,US0640581007,DF9PT2-R,North America,UNITED STATES,Investment Banks/Brokers,6.0,35,9.767441860465116,9.484,0.28306686046511587,0.28306686046511587,9.714285714285714,9.714285714285714,0.0,0.0,10,10,0,0.0011113300781652859,0.0015401880072234819,
2026-06-30,"Becton, Dickinson and Company",US0758871091,WFLMHL-R,North America,UNITED STATES,Medical Specialties,8.0,57,8.235294117647058,6.47,1.766544117647058,1.766544117647058,8.24561403508772,6.140350877192983,2.1052631578947363,2.1052631578947363,8,6,2,0.00048452660102494204,0.0006470492030346607,
2026-06-30,W. R. Berkley Corporation,US0844231029,QLRPKF-R,North America,UNITED STATES,Multi-Line Insurance,10.0,23,1.875,2.8,-0.92578125,0.92578125,2.608695652173913,3.0434782608695654,-0.43478260869565233,0.43478260869565233,3,3,0,0.0001778602962697586,0.00032184090150943383,
2026-06-30,Berkshire Hathaway Inc. Class B,US0846707026,DBNXVB-R,North America,UNITED STATES,Property/Casualty Insurance,6.0,35,6.279069767441861,3.076,3.202897892441861,3.202897892441861,6.0,3.428571428571429,2.571428571428571,2.571428571428571,6,4,2,0.007821843918127833,0.01423374006675624,
2026-06-30,"Best Buy Co., Inc.",US0865161014,WPKF66-R,North America,UNITED STATES,Electronics/Appliance Stores,15.0,28,6.842105263157895,8.0,-1.1578947368421053,1.1578947368421053,6.7857142857142865,8.214285714285714,-1.428571428571427,1.428571428571427,7,8,-1,0.00017122787061865435,0.00023151320108579692,
2026-06-30,Biogen Inc.,US09062X1037,HF5SX1-R,North America,UNITED STATES,Pharmaceuticals: Major,8.0,57,2.7941176470588234,2.205,0.5890395220588234,0.5890395220588234,2.631578947368421,2.280701754385965,0.3508771929824559,0.3508771929824559,3,2,1,0.00035260424555427826,0.0004956603023246467,
2026-06-30,Blackstone Inc.,US09260D1072,VLH7Z4-R,North America,UNITED STATES,Investment Managers,6.0,35,3.2558139534883725,2.05,1.2050327034883725,1.2050327034883725,3.428571428571429,2.2857142857142856,1.1428571428571432,1.1428571428571432,4,2,2,0.0009813965803209964,0.0013564570063617834,
2026-06-30,"BlackRock, Inc.",US09290D1019,RPNJRM-R,North America,UNITED STATES,Investment Managers,6.0,35,4.883720930232558,3.846,1.038017805232558,1.038017805232558,5.142857142857142,4.285714285714286,0.8571428571428568,0.8571428571428568,5,4,1,0.0015886449076232194,0.002154277010103559,
2026-06-30,Bloom Energy Corporation Class A,US0937121079,M6C8HP-R,North America,UNITED STATES,Electronic Production Equipment,16.0,90,8.653846153846153,8.45,0.2007211538461533,0.2007211538461533,8.88888888888889,8.555555555555555,0.3333333333333339,0.3333333333333339,9,9,0,0.000916994776173397,,
2026-06-30,Boeing Company,US0970231058,RXHN9P-R,North America,UNITED STATES,Aerospace & Defense,9.0,100,6.166666666666667,4.67,1.494791666666667,1.494791666666667,6.0,4.9,1.0999999999999996,1.0999999999999996,6,5,1,0.0018181941004825214,0.0026478920124186137,
2026-06-30,Booking Holdings Inc.,US09857L1089,LC0H1H-R,North America,UNITED STATES,Other Consumer Services,18.0,20,1.9230769230769231,7.31,-5.385516826923077,5.385516826923077,2.0,7.5,-5.5,5.5,2,8,-6,0.0015750668314964621,0.0021430950100511156,
2026-06-30,Boston Scientific Corporation,US1011371077,VR16P9-R,North America,UNITED STATES,Medical Specialties,8.0,57,1.0294117647058822,7.207,-6.177619485294118,6.177619485294118,1.2280701754385963,7.017543859649122,-5.789473684210526,5.789473684210526,1,7,-6,0.0007106792246900695,0.0009843417046165627,
2026-06-30,Bristol-Myers Squibb Company,US1101221083,L8SKLT-R,North America,UNITED STATES,Pharmaceuticals: Major,8.0,57,6.764705882352942,7.793,-1.028262867647058,1.028262867647058,6.491228070175438,7.719298245614034,-1.2280701754385959,1.2280701754385959,7,8,-1,0.0013161223089182402,0.0018257620085628237,
2026-06-30,"Broadridge Financial Solutions, Inc.",US11133T1034,MXZ7RW-R,North America,UNITED STATES,Information Technology Services,6.0,35,6.511627906976745,6.41,0.1014716569767451,0.1014716569767451,6.285714285714286,7.142857142857143,-0.8571428571428577,0.8571428571428577,6,7,-1,0.0001811225548191791,0.0002457687011526552,
2026-06-30,Broadcom Inc.,US11135F1012,B81TLL-R,North America,UNITED STATES,Semiconductors,16.0,90,7.019230769230768,8.35,-1.3323317307692317,1.3323317307692317,7.333333333333333,8.444444444444445,-1.1111111111111116,1.1111111111111116,8,9,-1,0.01909807361266769,0.027748270130139387,
2026-06-30,"Brown & Brown, Inc.",US1152361010,J06Y9S-R,North America,UNITED STATES,Insurance Brokers/Services,10.0,23,0.9375,0.8,0.1376953125,0.1376953125,1.3043478260869565,0.8695652173913043,0.4347826086956522,0.4347826086956522,1,1,0,0.00020875094449974359,0.000290156501360834,
2026-06-30,"Burlington Stores, Inc.",US1220171060,VL607C-R,North America,UNITED STATES,Apparel/Footwear Retail,15.0,28,7.631578947368421,7.668,-0.03638980263157876,0.03638980263157876,7.857142857142857,7.857142857142857,0.0,0.0,8,8,0,0.00022517784640941919,,
2026-06-30,Cboe Global Markets Inc,US12503M1080,G3949H-R,North America,UNITED STATES,Investment Banks/Brokers,6.0,35,8.604651162790697,9.74,-1.137536337209303,1.137536337209303,8.857142857142858,10.0,-1.1428571428571423,1.1428571428571423,9,10,-1,0.0002867832289273772,0.00039483790185178974,
2026-06-30,"CBRE Group, Inc. Class A",US12504L1098,S26JJL-R,North America,UNITED STATES,Real Estate Development,14.0,28,1.5789473684210527,4.57,-2.9913651315789473,2.9913651315789473,1.7857142857142858,3.9285714285714284,-2.1428571428571423,2.1428571428571423,2,4,-2,0.0004545536255248615,0.0006120018028702884,
2026-06-30,CDW Corporation,US12514G1085,RTXD8D-R,North America,UNITED STATES,Information Technology Services,16.0,90,5.384615384615384,4.742,0.6424278846153841,0.6424278846153841,5.444444444444444,4.666666666666667,0.7777777777777768,0.7777777777777768,6,5,1,0.0002027512689970815,0.00027878720130751196,
2026-06-30,"CF Industries Holdings, Inc.",US1252691001,D1P43P-R,North America,UNITED STATES,Chemicals: Agricultural,4.0,8,7.272727272727273,8.0,-0.7272727272727266,0.7272727272727266,8.75,8.75,0.0,0.0,9,9,0,0.00018417559678719596,0.0002580751012103722,
2026-06-30,"C.H. Robinson Worldwide, Inc.",US12541W2098,FMDS8D-R,North America,UNITED STATES,Air Freight/Couriers,9.0,100,4.416666666666666,7.008,-2.591145833333334,2.591145833333334,4.0,7.199999999999999,-3.1999999999999993,3.1999999999999993,4,7,-3,0.0002462494164310119,0.00034443780161541327,
2026-06-30,Cigna Group,US1255231003,LTN366-R,North America,UNITED STATES,Managed Health Care,8.0,57,8.823529411764707,10.0,-1.1764705882352935,1.1764705882352935,8.947368421052632,10.0,-1.0526315789473681,1.0526315789473681,9,10,-1,0.0008092819394216027,0.001131529005306871,
2026-06-30,CME Group Inc. Class A,US12572Q1058,GGPDYX-R,North America,UNITED STATES,Investment Banks/Brokers,6.0,35,5.348837209302325,9.234,-3.8855377906976747,3.8855377906976747,5.428571428571428,9.428571428571429,-4.000000000000001,4.000000000000001,6,10,-4,0.0008972445108714532,0.0012416510058233432,
2026-06-30,CMS Energy Corporation,US1258961002,D68983-R,North America,UNITED STATES,Electric Utilities,19.0,32,3.414634146341464,3.824,-0.4095846036585362,0.4095846036585362,3.125,4.0625,-0.9375,0.9375,3,4,-1,0.0002577063244451632,0.00036499300171181714,
2026-06-30,CSX Corporation,US1264081035,LTP0Z2-R,North America,UNITED STATES,Railroads,9.0,100,8.416666666666666,7.85,0.5651041666666661,0.5651041666666661,8.5,7.9,0.5999999999999996,0.5999999999999996,9,8,1,0.0009934659368745912,0.0013704280064273072,
2026-06-30,CVS Health Corporation,US1266501006,JTC04X-R,North America,UNITED STATES,Drugstore Chains,15.0,28,9.210526315789473,3.334,5.876541940789473,5.876541940789473,9.285714285714286,3.2142857142857144,6.071428571428572,6.071428571428572,9,3,6,0.001483585581174668,0.002048148009605814,
2026-06-30,"Cadence Design Systems, Inc.",US1273871087,X1SCTR-R,North America,UNITED STATES,Packaged Software,16.0,90,0.9615384615384616,1.134,-0.17225060096153844,0.17225060096153844,0.7777777777777778,1.222222222222222,-0.4444444444444443,0.4444444444444443,1,1,0,0.00116013194594414,0.0016063460075337627,
2026-06-30,Capital One Financial Corp,US14040H1059,LD0WYZ-R,North America,UNITED STATES,Major Banks,9.0,100,6.25,0.4673,5.78271484375,5.78271484375,6.1,0.5,5.6,5.6,6,1,5,0.001354535353333704,0.0019372530090857164,
2026-06-30,"Cardinal Health, Inc.",US14149Y1082,FYT41X-R,North America,UNITED STATES,Medical Distributors,8.0,57,6.911764705882353,8.68,-1.7679227941176467,1.7679227941176467,6.666666666666666,8.596491228070175,-1.9298245614035086,1.9298245614035086,7,9,-2,0.0006208808077407796,0.0008633861040492808,
2026-06-30,Carlisle Companies Incorporated,US1423391002,TMVLRW-R,North America,UNITED STATES,Building Products,5.0,13,1.1111111111111112,6.43,-5.318576388888889,5.318576388888889,1.5384615384615385,6.923076923076923,-5.384615384615385,5.384615384615385,2,7,-5,0.00017925790703702258,,
2026-06-30,Carlyle Group Inc,US14316J1088,K36637-R,North America,UNITED STATES,Investment Managers,6.0,35,1.6279069767441863,1.538,0.08982103924418627,0.08982103924418627,1.7142857142857144,1.7142857142857144,0.0,0.0,2,2,0,0.00012149822930935938,,
2026-06-30,Carrier Global Corp.,US14448C1045,RYTJNF-R,North America,UNITED STATES,Industrial Machinery,5.0,13,1.6666666666666665,0.7144,0.9523111979166665,0.9523111979166665,2.307692307692308,0.7692307692307693,1.5384615384615388,1.5384615384615388,3,1,2,0.0006195966059617144,0.0008885875041674754,
2026-06-30,Carvana Co. Class A,US1468691027,R5WR5K-R,North America,UNITED STATES,Specialty Stores,15.0,28,2.1052631578947367,2.0,0.10526315789473673,0.10526315789473673,1.7857142857142858,1.7857142857142858,0.0,0.0,2,2,0,0.000475843412841207,0.0007315561034309981,
2026-06-30,"Casey's General Stores, Inc.",US1475281036,RQSKKH-R,North America,UNITED STATES,Specialty Stores,15.0,28,7.368421052631579,6.332,1.0363898026315788,1.0363898026315788,7.5,6.428571428571429,1.0714285714285712,1.0714285714285712,8,7,1,0.0003360260316524116,0.0004565352021411501,
2026-06-30,Caterpillar Inc.,US1491231015,PY5KHK-R,North America,UNITED STATES,Trucks/Construction/Farm Machinery,9.0,100,8.083333333333334,7.383,0.7005208333333339,0.7005208333333339,8.100000000000001,7.5,0.6000000000000014,0.6000000000000014,8,8,0,0.005557371447973619,0.007606394035673988,
2026-06-30,Centene Corporation,US15135B1017,LTSNXH-R,North America,UNITED STATES,Managed Health Care,8.0,57,0.44117647058823534,1.177,-0.7355813419117647,0.7355813419117647,0.5263157894736842,1.0526315789473684,-0.5263157894736842,0.5263157894736842,1,1,0,0.00035975081195346864,0.0004665873021882945,
2026-06-30,"CenterPoint Energy, Inc.",US15189T1079,FV824M-R,North America,UNITED STATES,Electric Utilities,19.0,32,3.1707317073170733,1.177,1.9939738948170733,1.9939738948170733,2.8125,1.25,1.5625,1.5625,3,1,2,0.0003258137222785895,0.00044686700209580626,
2026-06-30,"Charter Communications, Inc. Class A",US16119P1084,F1B8CH-R,North America,UNITED STATES,Cable/Satellite TV,17.0,14,1.1111111111111112,1.429,-0.31759982638888884,0.31759982638888884,1.4285714285714284,1.4285714285714284,0.0,0.0,2,2,0,0.00013137371198807272,0.00018449410086527734,
2026-06-30,"Cheniere Energy, Inc.",US16411R2085,WQPCW0-R,North America,UNITED STATES,Oil & Gas Pipelines,12.0,23,1.4285714285714284,0.8335,0.5950753348214284,0.5950753348214284,1.3043478260869565,0.8695652173913043,0.4347826086956522,0.4347826086956522,1,1,0,0.0005671487492209894,,
2026-06-30,Expand Energy Corporation,US1651677353,TRVJHK-R,North America,UNITED STATES,Integrated Oil,12.0,23,7.142857142857143,10.0,-2.8571428571428568,2.8571428571428568,6.956521739130435,10.0,-3.0434782608695654,3.0434782608695654,7,10,-3,0.0002521221818754515,0.00033877190158884023,
2026-06-30,Chevron Corporation,US1667641005,WPFS7S-R,North America,UNITED STATES,Integrated Oil,12.0,23,7.714285714285714,9.164,-1.4497767857142856,1.4497767857142856,7.826086956521739,9.130434782608695,-1.304347826086956,1.304347826086956,8,9,-1,0.003447019192575412,0.0048118750225676936,
2026-06-30,"Chipotle Mexican Grill, Inc.",US1696561059,KFQHFG-R,North America,UNITED STATES,Restaurants,18.0,20,0.38461538461538464,4.23,-3.8458533653846154,3.8458533653846154,0.5,4.5,-4.0,4.0,1,5,-4,0.0005017007621584456,0.0006767271031738501,
2026-06-30,"Church & Dwight Co., Inc.",US1713401024,SHRZF5-R,North America,UNITED STATES,Household/Personal Care,13.0,15,8.5,3.334,5.166015625,5.166015625,9.333333333333334,4.0,5.333333333333334,5.333333333333334,10,4,6,0.00025109120016527444,0.0003552755016662421,
2026-06-30,Ciena Corporation,US1717793095,V4RQ7N-R,North America,UNITED STATES,Telecommunications Equipment,17.0,14,2.2222222222222223,2.857,-0.6351996527777777,0.6351996527777777,2.8571428571428568,2.8571428571428568,0.0,0.0,3,3,0,0.0007763210271133972,0.0010738640050364223,
2026-06-30,Cincinnati Financial Corporation,US1720621010,PKY50L-R,North America,UNITED STATES,Multi-Line Insurance,10.0,23,7.1875,9.6,-2.4140625,2.4140625,8.26086956521739,9.565217391304348,-1.304347826086957,1.304347826086957,8,10,-2,0.000323753358985053,0.00044443690208440905,
2026-06-30,"Circle Internet Group, Inc. Class A",US1725731079,J72S3D-R,North America,UNITED STATES,Packaged Software,16.0,90,3.076923076923077,1.959,1.117938701923077,1.117938701923077,2.8888888888888884,2.0,0.8888888888888884,0.8888888888888884,3,2,1,0.00010374742247395637,,
2026-06-30,"Cisco Systems, Inc.",US17275R1023,GFJC62-R,North America,UNITED STATES,Telecommunications Equipment,17.0,14,4.444444444444445,7.145,-2.7000868055555554,2.7000868055555554,5.7142857142857135,7.142857142857143,-1.4285714285714297,1.4285714285714297,6,7,-1,0.005215780375265381,0.007195055033744809,
2026-06-30,Cintas Corporation,US1729081059,F07Q7W-R,North America,UNITED STATES,Miscellaneous Commercial Services,9.0,100,1.0,1.775,-0.775390625,0.775390625,0.8999999999999999,1.7999999999999998,-0.8999999999999999,0.8999999999999999,1,2,-1,0.0006603238337871594,0.0008952498041987216,
2026-06-30,Citigroup Inc.,US1729674242,RK3DL5-R,North America,UNITED STATES,Major Banks,2.0,15,9.200000000000001,8.234,0.9656250000000011,0.9656250000000011,10.0,8.666666666666668,1.3333333333333321,1.3333333333333321,10,9,1,0.002684670772857242,0.0037028720173664697,
2026-06-30,"Citizens Financial Group, Inc.",US1746101054,WDG05S-R,North America,UNITED STATES,Major Banks,2.0,15,8.0,5.293,2.70703125,2.70703125,8.0,5.333333333333333,2.666666666666667,2.666666666666667,8,6,2,0.0003370694143454252,0.0004597804021563701,
2026-06-30,Clorox Company,US1890541097,CJVKH9-R,North America,UNITED STATES,Household/Personal Care,13.0,15,9.0,8.89,0.109375,0.109375,10.0,10.0,0.0,0.0,10,10,0,0.0001238103125528926,0.00018004790084442466,
2026-06-30,Cloudflare Inc Class A,US18915M1071,D62DP7-R,North America,UNITED STATES,Information Technology Services,16.0,90,1.0576923076923077,0.4124,0.6453387920673077,0.6453387920673077,0.888888888888889,0.4444444444444445,0.4444444444444445,0.4444444444444445,1,1,0,0.0008565563861451137,,
2026-06-30,Coca-Cola Company,US1912161007,CYB6Y5-R,North America,UNITED STATES,Beverages: Non-Alcoholic,7.0,17,1.7241379310344829,2.727,-1.0024245689655171,1.0024245689655171,2.3529411764705883,3.5294117647058827,-1.1764705882352944,1.1764705882352944,3,4,-1,0.0035491342856795454,0.004879634022885483,
2026-06-30,"Coeur Mining, Inc.",US1921085049,L0NQ8G-R,North America,UNITED STATES,Precious Metals,3.0,9,3.333333333333333,3.846,-0.512369791666667,0.512369791666667,5.555555555555555,5.555555555555555,0.0,0.0,6,6,0,0.00018667659500313431,,
2026-06-30,Cognizant Technology Solutions Corporation Class A,US1924461023,NT38T5-R,North America,UNITED STATES,Information Technology Services,16.0,90,5.480769230769232,4.125,1.3557692307692317,1.3557692307692317,5.555555555555555,4.111111111111111,1.4444444444444446,1.4444444444444446,6,4,2,0.00021178778518373204,0.0002847916013356726,
2026-06-30,Coherent Corp.,US19247G1076,C5CHD4-R,North America,UNITED STATES,Semiconductors,16.0,90,7.884615384615384,8.04,-0.15444711538461586,0.15444711538461586,8.222222222222221,8.11111111111111,0.11111111111111072,0.11111111111111072,8,8,0,0.0008197299674772453,0.0011973730056156794,
2026-06-30,"Coinbase Global, Inc. Class A",US19260Q1076,M4KVD8-R,North America,UNITED STATES,Investment Banks/Brokers,6.0,35,0.46511627906976744,0.5127,-0.047579033430232565,0.047579033430232565,0.5714285714285714,0.5714285714285714,0.0,0.0,1,1,0,0.0003518123827954091,0.0005045588023663808,
2026-06-30,Colgate-Palmolive Company,US1941621039,H1PMLS-R,North America,UNITED STATES,Household/Personal Care,13.0,15,5.0,7.777,-2.77734375,2.77734375,6.666666666666666,9.333333333333334,-2.666666666666668,2.666666666666668,7,10,-3,0.0007891419432316425,0.001138365005338932,
2026-06-30,"Comfort Systems USA, Inc.",US1999081045,FR01GT-R,North America,UNITED STATES,Engineering & Construction,5.0,13,10.0,10.0,0.0,0.0,10.0,10.0,0.0,0.0,10,10,0,0.0007816500494636247,0.0010802650050664429,
2026-06-30,Comcast Corporation Class A,US20030N1019,JMNLQC-R,North America,UNITED STATES,Cable/Satellite TV,17.0,14,2.7777777777777777,4.285,-1.5073784722222223,1.5073784722222223,3.5714285714285716,4.285714285714286,-0.714285714285714,0.714285714285714,4,4,0,0.000983443242528657,0.001357213006365329,
2026-06-30,ConocoPhillips,US20825C1045,TWXW2R-R,North America,UNITED STATES,Oil & Gas Production,12.0,23,5.428571428571428,5.418,0.010602678571427937,0.010602678571427937,4.782608695652174,5.652173913043478,-0.8695652173913038,0.8695652173913038,5,6,-1,0.0014275731419239185,0.001965269009217112,
2026-06-30,"Consolidated Edison, Inc.",US2091151041,X0N4MP-R,North America,UNITED STATES,Electric Utilities,19.0,32,5.365853658536586,8.82,-3.4544588414634143,3.4544588414634143,5.625,8.75,-3.125,3.125,6,9,-3,0.00044930290938077115,0.0006327008029673668,
2026-06-30,"Constellation Brands, Inc. Class A",US21036P1084,RK3HS8-R,North America,UNITED STATES,Beverages: Alcoholic,7.0,17,1.0344827586206897,0.909,0.12530307112068972,0.12530307112068972,1.7647058823529413,1.1764705882352942,0.5882352941176472,0.5882352941176472,2,1,1,0.00022430567728589076,0.0003010023014117008,
2026-06-30,Constellation Energy Corporation,US21037T1097,V2PDWL-R,North America,UNITED STATES,Electric Utilities,19.0,32,1.4634146341463414,0.5884,0.8750357278963414,0.8750357278963414,0.625,0.625,0.0,0.0,1,1,0,0.0008597051356984094,0.0012319780057779767,
2026-06-30,"Cooper Companies, Inc.",US2166485019,T7H5H1-R,North America,UNITED STATES,Medical Specialties,8.0,57,2.0588235294117645,1.323,0.7355813419117645,0.7355813419117645,2.1052631578947367,1.2280701754385963,0.8771929824561404,0.8771929824561404,2,1,1,0.00016574843634757064,0.0002170552010179889,
2026-06-30,"Copart, Inc.",US2172041061,DJBQ39-R,North America,UNITED STATES,Specialty Stores,15.0,28,2.631578947368421,4.668,-2.036389802631579,2.036389802631579,2.142857142857143,4.642857142857143,-2.5000000000000004,2.5000000000000004,2,5,-3,0.00028546422439002867,0.0003876722018181826,
2026-06-30,"Corebridge Financial, Inc.",US21871X1090,L6LK9D-R,North America,UNITED STATES,Life/Health Insurance,10.0,23,2.5,5.2,-2.69921875,2.69921875,3.4782608695652173,5.652173913043478,-2.1739130434782603,2.1739130434782603,4,6,-2,7.343217984758712e-05,,
2026-06-30,"CoreWeave, Inc. Class A",US21873S1087,JKGNXC-R,North America,UNITED STATES,Packaged Software,16.0,90,0.8653846153846154,0.1031,0.7622962364783654,0.7622962364783654,0.6666666666666666,0.11111111111111112,0.5555555555555555,0.5555555555555555,1,1,0,0.0003038512816512874,,
2026-06-30,Corning Inc,US2193501051,K24537-R,North America,UNITED STATES,Electronic Components,16.0,90,2.019230769230769,8.555,-6.535456730769231,6.535456730769231,1.6666666666666665,8.666666666666668,-7.000000000000002,7.000000000000002,2,9,-7,0.0022798636899811864,0.0031041340145583885,
2026-06-30,"Corpay, Inc.",US2199481068,WGXV7D-R,North America,UNITED STATES,Miscellaneous Commercial Services,9.0,100,5.583333333333334,7.758,-2.174479166666666,2.174479166666666,5.300000000000001,7.800000000000001,-2.5,2.5,5,8,-3,0.00024186636905377545,0.0003380415015854146,
2026-06-30,Corteva Inc,US22052L1044,NHV4Q7-R,North America,UNITED STATES,Agricultural Commodities/Milling,7.0,17,4.482758620689655,4.09,0.3929148706896548,0.3929148706896548,4.705882352941177,5.294117647058823,-0.5882352941176467,0.5882352941176467,5,5,0,0.0006427837436520516,0.0008789399041222282,
2026-06-30,Costco Wholesale Corporation,US22160K1051,BL5KVX-R,North America,UNITED STATES,Specialty Stores,15.0,28,5.7894736842105265,5.668,0.12150493421052655,0.12150493421052655,5.357142857142857,5.7142857142857135,-0.35714285714285676,0.35714285714285676,6,6,0,0.004664705699990782,0.006435991030184798,
2026-06-30,"CoStar Group, Inc.",US22160N1090,G39YR4-R,North America,UNITED STATES,Internet Software/Services,14.0,28,0.7894736842105263,0.2856,0.5038291529605263,0.5038291529605263,0.7142857142857142,0.3571428571428571,0.3571428571428571,0.3571428571428571,1,1,0,0.00013231308643794112,0.000179456500841651,
2026-06-30,"CrowdStrike Holdings, Inc. Class A",US22788C1053,T89H9B-R,North America,UNITED STATES,Packaged Software,16.0,90,1.7307692307692308,0.9277,0.8030348557692308,0.8030348557692308,1.4444444444444442,1.0,0.4444444444444442,0.4444444444444442,2,1,1,0.0021115463500358546,0.00301446901413786,
2026-06-30,Crown Castle Inc.,US22822V1017,C8WF4C-R,North America,UNITED STATES,Real Estate Investment Trusts,14.0,28,8.421052631578947,7.715,0.7062088815789469,0.7062088815789469,8.571428571428571,7.857142857142857,0.7142857142857144,0.7142857142857144,9,8,1,0.00036741921971105503,0.0005137670024095672,
2026-06-30,Cummins Inc.,US2310211063,CPCW2Z-R,North America,UNITED STATES,Auto Parts: OEM,9.0,100,8.333333333333334,9.34,-1.010416666666666,1.010416666666666,8.4,9.399999999999999,-0.9999999999999982,0.9999999999999982,9,10,-1,0.0011014832977613636,0.001527106007162127,
2026-06-30,Curtiss-Wright Corporation,US2315611010,S5KTFG-R,North America,UNITED STATES,Aerospace & Defense,9.0,100,5.666666666666666,4.02,1.647135416666666,1.647135416666666,5.4,4.2,1.2000000000000002,1.2000000000000002,6,4,2,0.00030715524350589214,,
2026-06-30,"D.R. Horton, Inc.",US23331A1097,BYNP13-R,North America,UNITED STATES,Homebuilding,13.0,15,3.0,1.667,1.3330078125,1.3330078125,4.0,2.0,2.0,2.0,4,2,2,0.00048104942544233007,0.000666567803126203,
2026-06-30,DTE Energy Company,US2333311072,W6N4JC-R,North America,UNITED STATES,Electric Utilities,19.0,32,5.853658536585366,1.471,4.382955411585366,4.382955411585366,6.25,1.5625,4.6875,4.6875,6,2,4,0.00035079800240096483,0.0004918609023068277,
2026-06-30,Danaher Corporation,US2358511028,GRMY8C-R,North America,UNITED STATES,Medical Specialties,8.0,57,5.588235294117647,1.765,3.8235868566176467,3.8235868566176467,5.263157894736842,1.7543859649122806,3.5087719298245608,3.5087719298245608,5,2,3,0.0013581336385148244,0.0018618200087319357,
2026-06-30,"Darden Restaurants, Inc.",US2371941053,GRS9LG-R,North America,UNITED STATES,Restaurants,18.0,20,5.769230769230768,7.69,-1.9221754807692317,1.9221754807692317,6.5,8.0,-1.5,1.5,7,8,-1,0.00025382661695999396,0.0003660719017168772,
2026-06-30,"Datadog, Inc. Class A",US23804L1035,NFDT4N-R,North America,UNITED STATES,Packaged Software,16.0,90,3.365384615384616,1.34,2.025540865384616,2.025540865384616,3.111111111111111,1.4444444444444442,1.666666666666667,1.666666666666667,3,2,1,0.0009121046886108276,0.0013365990062686494,
2026-06-30,Deckers Outdoor Corporation,US2435371073,VWFJP7-R,North America,UNITED STATES,Apparel/Footwear,13.0,15,1.5,7.223,-5.72265625,5.72265625,2.0,8.666666666666668,-6.666666666666668,6.666666666666668,2,9,-7,0.00015763549335846453,0.0002179136010220148,
2026-06-30,Deere & Company,US2441991054,J70ZTV-R,North America,UNITED STATES,Trucks/Construction/Farm Machinery,9.0,100,5.5,1.869,3.630859375,3.630859375,5.2,1.9,3.3000000000000003,3.3000000000000003,5,2,3,0.0017416270321801962,0.002472729011597099,
2026-06-30,"Dell Technologies, Inc. Class C",US24703L2025,MT8FDR-R,North America,UNITED STATES,Computer Processing Hardware,16.0,90,9.807692307692307,9.38,0.4248798076923066,0.4248798076923066,9.777777777777777,9.444444444444445,0.33333333333333215,0.33333333333333215,10,10,0,0.001459805696506329,0.0019368160090836673,
2026-06-30,"Delta Air Lines, Inc.",US2473617023,DGBZCC-R,North America,UNITED STATES,Airlines,18.0,20,8.846153846153847,1.923,6.923302283653847,6.923302283653847,9.0,2.5,6.5,6.5,9,3,6,0.0001733731406414508,0.0009486581044492065,
2026-06-30,Devon Energy Corporation,US25179M1036,G8WDMZ-R,North America,UNITED STATES,Integrated Oil,12.0,23,4.285714285714286,2.916,1.3696986607142856,1.3696986607142856,3.9130434782608696,3.0434782608695654,0.8695652173913042,0.8695652173913042,4,3,1,0.0005122985020794617,0.0007682753036032113,
2026-06-30,"DexCom, Inc.",US2521311074,BNJBN6-R,North America,UNITED STATES,Medical Specialties,8.0,57,7.5,8.086,-0.5859375,0.5859375,7.368421052631579,8.070175438596491,-0.7017543859649127,0.7017543859649127,8,8,0,0.0002848134728148883,0.0004019052018849354,
2026-06-30,"Diamondback Energy, Inc.",US25278X1090,H69CWS-R,North America,UNITED STATES,Oil & Gas Production,12.0,23,7.428571428571429,5.832,1.5965401785714288,1.5965401785714288,7.391304347826086,6.086956521739131,1.3043478260869552,1.3043478260869552,8,6,2,0.00037684176649245614,0.0005293795024827898,
2026-06-30,"Dick's Sporting Goods, Inc.",US2533931026,K8ZVRV-R,North America,UNITED STATES,Specialty Stores,15.0,28,7.894736842105264,7.0,0.8947368421052637,0.8947368421052637,8.214285714285714,7.142857142857143,1.0714285714285703,1.0714285714285703,8,7,1,0.00015121228428876399,,
2026-06-30,"Digital Realty Trust, Inc.",US2538681030,RBJXH6-R,North America,UNITED STATES,Real Estate Investment Trusts,14.0,28,6.578947368421053,2.0,4.578947368421053,4.578947368421053,7.142857142857143,2.142857142857143,5.0,5.0,7,2,5,0.0006922631651302413,0.0009203965043166596,
2026-06-30,Walt Disney Company,US2546871060,MPXJMM-R,North America,UNITED STATES,Movies/Entertainment,11.0,11,6.111111111111112,5.0,1.1111111111111116,1.1111111111111116,7.272727272727273,3.6363636363636367,3.6363636363636367,3.6363636363636367,7,4,3,0.0019197601500723586,0.0025934510121632852,
2026-06-30,Dollar General Corporation,US2566771059,BDQDB8-R,North America,UNITED STATES,Discount Stores,15.0,28,6.578947368421053,5.332,1.246916118421053,1.246916118421053,6.428571428571429,5.357142857142857,1.071428571428572,1.071428571428572,7,6,1,0.00028364167994476076,0.00039383430184708283,
2026-06-30,"Dollar Tree, Inc.",US2567461080,MR0PSP-R,North America,UNITED STATES,Discount Stores,15.0,28,3.947368421052632,5.0,-1.0526315789473681,1.0526315789473681,3.5714285714285716,5.0,-1.4285714285714284,1.4285714285714284,4,5,-1,0.0002577740298111337,0.0003398739015940086,
2026-06-30,Dominion Energy Inc,US25746U1097,NXHLP0-R,North America,UNITED STATES,Electric Utilities,19.0,32,7.073170731707316,3.234,3.8387957317073162,3.8387957317073162,7.5,3.4375,4.0625,4.0625,8,4,4,0.0006692974449882922,0.0009319539043708638,
2026-06-30,"Domino's Pizza, Inc.",US25754A2015,F05QG0-R,North America,UNITED STATES,Restaurants,18.0,20,6.923076923076923,8.84,-1.9206730769230766,1.9206730769230766,7.5,9.5,-2.0,2.0,8,10,-2,0.00011262332593128838,0.00014062720065954158,
2026-06-30,"DoorDash, Inc. Class A",US25809K1051,CKHCJ4-R,North America,UNITED STATES,Air Freight/Couriers,16.0,90,2.2115384615384617,1.649,0.5621243990384617,0.5621243990384617,1.8888888888888888,1.6666666666666665,0.22222222222222232,0.22222222222222232,2,2,0,0.0007627661528254953,0.001083532005081765,
2026-06-30,Dover Corporation,US2600031080,V75BKP-R,North America,UNITED STATES,Industrial Machinery,9.0,100,6.583333333333333,2.99,3.593098958333333,3.593098958333333,6.5,3.1,3.4,3.4,7,3,4,0.00034316559749677486,0.00046901440219967755,
2026-06-30,"Dow, Inc.",US2605571031,C7C9TP-R,North America,UNITED STATES,Chemicals: Specialty,9.0,100,10.0,9.81,0.1875,0.1875,10.0,9.9,0.09999999999999964,0.09999999999999964,10,10,0,0.00021997873435519705,0.00030490290142999463,
2026-06-30,Duke Energy Corporation,US26441C2044,BPRHF0-R,North America,UNITED STATES,Electric Utilities,19.0,32,6.341463414634147,4.707,1.6344321646341466,1.6344321646341466,6.875,5.0,1.875,1.875,7,5,2,0.0011031384289383382,0.0015312530071815765,
2026-06-30,"DuPont de Nemours, Inc.",US26614N2018,VQXR21-R,North America,UNITED STATES,Chemicals: Major Diversified,9.0,100,7.5,8.04,-0.5390625,0.5390625,7.5,8.100000000000001,-0.6000000000000014,0.6000000000000014,8,8,0,0.00020725232572711737,0.000289487201357695,
2026-06-30,"EOG Resources, Inc.",US26875P1012,QHBXV5-R,North America,UNITED STATES,Integrated Oil,12.0,23,6.0,7.5,-1.5,1.5,5.652173913043478,7.826086956521739,-2.1739130434782616,2.1739130434782616,6,8,-2,0.0007759201953455837,0.0010722140050286836,
2026-06-30,EQT Corporation,US26884L1098,JFW9S3-R,North America,UNITED STATES,Integrated Oil,12.0,23,3.142857142857143,7.918,-4.775111607142858,4.775111607142858,2.608695652173913,8.26086956521739,-5.652173913043478,5.652173913043478,3,8,-5,0.0003661435186057083,0.0005160202024201348,
2026-06-30,eBay Inc.,US2786421030,W6SXMV-R,North America,UNITED STATES,Internet Retail,15.0,28,6.315789473684211,7.332,-1.0162417763157894,1.0162417763157894,6.071428571428571,7.5,-1.4285714285714288,1.4285714285714288,6,8,-2,0.0005354816394527548,0.0007698748036107128,
2026-06-30,EchoStar Corporation Class A,US2787681061,PM3F9R-R,North America,UNITED STATES,Specialty Telecommunications,17.0,14,3.333333333333333,3.572,-0.23893229166666696,0.23893229166666696,4.285714285714286,3.5714285714285716,0.714285714285714,0.714285714285714,4,4,0,0.00014882919541769893,0.00021276210099785425,
2026-06-30,Ecolab Inc.,US2788651006,FJ4J4C-R,North America,UNITED STATES,Chemicals: Specialty,4.0,8,1.8181818181818183,3.0,-1.1818181818181817,1.1818181818181817,1.25,2.5,-1.25,1.25,1,3,-2,0.0007977190230057842,0.0010950780051359158,
2026-06-30,Edison International,US2810201077,NZMV05-R,North America,UNITED STATES,Electric Utilities,19.0,32,9.75609756097561,10.0,-0.24390243902439046,0.24390243902439046,9.6875,10.0,-0.3125,0.3125,10,10,0,0.0003200596662424319,0.0004445285020848387,
2026-06-30,Edwards Lifesciences Corporation,US28176E1082,QWV5DL-R,North America,UNITED STATES,Medical Specialties,8.0,57,1.3235294117647058,2.5,-1.1764705882352942,1.1764705882352942,1.4035087719298245,2.4561403508771926,-1.0526315789473681,1.0526315789473681,2,3,-1,0.0005953249823207361,0.0008082441037906648,
2026-06-30,Electronic Arts Inc.,US2855121099,TNZ1G6-R,North America,UNITED STATES,Packaged Software,16.0,90,5.769230769230768,3.402,2.3668870192307683,2.3668870192307683,5.888888888888889,3.333333333333333,2.5555555555555562,2.5555555555555562,6,4,2,0.0005197961963071934,0.0007166707033611856,
2026-06-30,"EMCOR Group, Inc.",US29084Q1004,NXHX89-R,North America,UNITED STATES,Engineering & Construction,5.0,13,7.777777777777778,7.855,-0.07769097222222232,0.07769097222222232,8.461538461538462,7.6923076923076925,0.7692307692307692,0.7692307692307692,9,8,1,0.00041278441511736835,0.0005724239026846681,
2026-06-30,Emerson Electric Co.,US2910111044,DG27Q5-R,North America,UNITED STATES,Electronic Equipment/Instruments,9.0,100,7.25,5.234,2.015625,2.015625,7.3,5.5,1.7999999999999998,1.7999999999999998,7,6,1,0.0009070603888262101,0.0012441980058352886,
2026-06-30,"Entegris, Inc.",US29362U1043,BCD5LG-R,North America,UNITED STATES,Industrial Machinery,9.0,100,9.166666666666666,5.7,3.467447916666666,3.467447916666666,9.3,5.8999999999999995,3.4000000000000012,3.4000000000000012,9,6,3,0.000310778630676464,,
2026-06-30,Entergy Corporation,US29364G1031,RK8Z6D-R,North America,UNITED STATES,Electric Utilities,19.0,32,4.878048780487805,8.234,-3.3563262195121952,3.3563262195121952,5.0,8.125,-3.125,3.125,5,8,-3,0.0005867978065017188,0.0008160485038272675,
2026-06-30,Equifax Inc.,US2944291051,PN37ZK-R,North America,UNITED STATES,Financial Publishing/Services,9.0,100,8.75,8.23,0.5234375,0.5234375,8.9,8.299999999999999,0.6000000000000014,0.6000000000000014,9,8,1,0.00021380934540194131,0.00029325160137535,
2026-06-30,"Equinix, Inc.",US29444U7000,V9977J-R,North America,UNITED STATES,Real Estate Investment Trusts,14.0,28,9.210526315789473,9.43,-0.21916118421052744,0.21916118421052744,9.642857142857142,9.642857142857142,0.0,0.0,10,10,0,0.001152411334049129,0.0015936730074743264,
2026-06-30,Equity Residential,US29476L1070,QJ9QP4-R,North America,UNITED STATES,Real Estate Investment Trusts,14.0,28,3.947368421052632,5.43,-1.4823190789473681,1.4823190789473681,3.9285714285714284,5.0,-1.0714285714285716,1.0714285714285716,4,5,-1,0.0002566508407930913,0.0003594077016856221,
2026-06-30,Erie Indemnity Company Class A,US29530P1021,QVQ2GN-R,North America,UNITED STATES,Property/Casualty Insurance,10.0,23,4.375,6.0,-1.625,1.625,6.086956521739131,6.086956521739131,0.0,0.0,6,6,0,6.761510881719322e-05,9.444380044294142e-05,
2026-06-30,"Essex Property Trust, Inc.",US2971781057,X9Q3HC-R,North America,UNITED STATES,Real Estate Investment Trusts,14.0,28,1.8421052631578947,1.143,0.6995271381578947,0.6995271381578947,2.142857142857143,1.4285714285714284,0.7142857142857144,0.7142857142857144,2,2,0,0.00020849382412173743,0.0002906590013631907,
2026-06-30,"Evergy, Inc.",US30034W1062,B83YJG-R,North America,UNITED STATES,Electric Utilities,19.0,32,7.804878048780488,5.883,1.9220655487804876,1.9220655487804876,8.4375,6.25,2.1875,2.1875,9,6,3,0.0002302516485322365,0.00030917950145005187,
2026-06-30,Eversource Energy,US30040W1080,MVKZ35-R,North America,UNITED STATES,Electric Utilities,19.0,32,5.609756097560976,9.7,-4.093368902439024,4.093368902439024,5.9375,9.6875,-3.75,3.75,6,10,-4,0.00030311672343407423,0.00042112700197508566,
2026-06-30,Exelon Corporation,US30161N1019,NPK3PS-R,North America,UNITED STATES,Electric Utilities,19.0,32,7.317073170731707,9.12,-1.8001143292682933,1.8001143292682933,7.8125,9.0625,-1.25,1.25,8,9,-1,0.0005334958820720898,0.0007401854034714694,
2026-06-30,"Expedia Group, Inc.",US30212P3038,FCK6QT-R,North America,UNITED STATES,Other Consumer Services,18.0,20,7.6923076923076925,9.234,-1.5420673076923075,1.5420673076923075,8.0,10.0,-2.0,2.0,8,10,-2,0.0003366916844085411,0.0004545446021318142,
2026-06-30,"Expeditors International of Washington, Inc.",US3021301094,PVWPB1-R,North America,UNITED STATES,Air Freight/Couriers,9.0,100,4.5,8.695,-4.1953125,4.1953125,4.1,8.8,-4.700000000000001,4.700000000000001,4,9,-5,0.00023887563202371962,0.0003307809015513624,
2026-06-30,Extra Space Storage Inc.,US30225T1025,XD67LR-R,North America,UNITED STATES,Real Estate Investment Trusts,14.0,28,3.1578947368421053,3.715,-0.5569490131578947,0.5569490131578947,3.2142857142857144,3.2142857142857144,0.0,0.0,3,3,0,0.0003402947699701144,0.00047627020223370726,
2026-06-30,Exxon Mobil Corporation,US30231G1022,QG1HR7-R,North America,UNITED STATES,Integrated Oil,12.0,23,4.857142857142857,4.168,0.6891741071428568,0.6891741071428568,4.3478260869565215,4.3478260869565215,0.0,0.0,5,5,0,0.006387349227638452,0.0087934540412413,
2026-06-30,Meta Platforms Inc Class A,US30303M1027,QLGSL2-R,North America,UNITED STATES,Internet Software/Services,16.0,90,6.634615384615384,7.73,-1.0958533653846159,1.0958533653846159,6.888888888888889,7.888888888888888,-0.9999999999999991,0.9999999999999991,7,8,-1,0.013904191972980687,0.019192440090012544,
2026-06-30,Fair Isaac Corporation,US3032501047,K38W6R-R,North America,UNITED STATES,Financial Publishing/Services,9.0,100,0.5833333333333334,2.71,-2.1276041666666665,2.1276041666666665,0.4,2.8000000000000003,-2.4000000000000004,2.4000000000000004,1,3,-2,0.000311356776497255,0.00042953720201452947,
2026-06-30,Fastenal Company,US3119001044,FS32CR-R,North America,UNITED STATES,Wholesale Distributors,3.0,9,2.0,1.538,0.4619140625,0.4619140625,3.333333333333333,2.2222222222222223,1.1111111111111107,1.1111111111111107,4,2,2,0.000617843767040939,0.0008555948040127395,
2026-06-30,FedEx Corporation,US31428X1063,MH7TCM-R,North America,UNITED STATES,Air Freight/Couriers,9.0,100,8.5,8.875,-0.375,0.375,8.6,9.0,-0.40000000000000036,0.40000000000000036,9,9,0,0.0007739216369503776,0.0010665430050020867,
2026-06-30,"FedEx Freight Holding Company, Inc.",US3143521058,LK6DVC-R,North America,UNITED STATES,Trucking,9.0,100,0.75,0.5605,0.189453125,0.189453125,0.6,0.6,0.0,0.0,1,1,0,0.00018653748397792752,0.00025392990119093125,
2026-06-30,Ferguson Enterprises Inc.,US31488V1070,C6MN1W-R,North America,UNITED STATES,Wholesale Distributors,9.0,100,2.166666666666667,5.887,-3.720052083333333,3.720052083333333,1.9,6.1,-4.199999999999999,4.199999999999999,2,6,-4,0.000510597767288185,,
2026-06-30,"F5, Inc.",US3156161024,JJ39BV-R,North America,UNITED STATES,Packaged Software,16.0,90,2.692307692307692,2.68,0.012620192307692069,0.012620192307692069,2.444444444444444,2.6666666666666665,-0.22222222222222232,0.22222222222222232,3,3,0,0.00026767921484389907,0.00036369750170574125,
2026-06-30,"Fidelity National Information Services, Inc.",US31620M1062,RGTY61-R,North America,UNITED STATES,Packaged Software,9.0,100,9.75,9.06,0.6875,0.6875,9.8,9.200000000000001,0.5999999999999996,0.5999999999999996,10,9,1,0.0002320390901954429,0.0003118470014625624,
2026-06-30,"Fidelity National Financial, Inc. - FNF Group",US31620R3030,FZVN2F-R,North America,UNITED STATES,Specialty Insurance,10.0,23,1.5625,3.6,-2.037109375,2.037109375,2.1739130434782608,3.9130434782608696,-1.7391304347826089,1.7391304347826089,2,4,-2,0.00013158052837924995,,
2026-06-30,Fifth Third Bancorp,US3167731005,LRK013-R,North America,UNITED STATES,Regional Banks,2.0,15,2.4,1.765,0.6353515624999999,0.6353515624999999,0.6666666666666666,1.3333333333333333,-0.6666666666666666,0.6666666666666666,1,2,-1,0.0005730179143800893,0.0007908154037089243,
2026-06-30,"First Citizens BancShares, Inc. Class A",US31946M1036,LRHWY2-R,North America,UNITED STATES,Regional Banks,2.0,15,4.4,1.177,3.2232421875000004,3.2232421875000004,3.333333333333333,0.6666666666666666,2.6666666666666665,2.6666666666666665,4,1,3,0.00018869845524512185,,
2026-06-30,"First Solar, Inc.",US3364331070,D0QHLW-R,North America,UNITED STATES,Semiconductors,12.0,23,0.2857142857142857,1.25,-0.9642857142857143,0.9642857142857143,0.43478260869565216,1.3043478260869565,-0.8695652173913044,0.8695652173913044,1,1,0,0.00027032942488558037,0.0003930853018435701,
2026-06-30,"Fiserv, Inc.",US3377381088,QLQKDC-R,North America,UNITED STATES,Miscellaneous Commercial Services,9.0,100,2.25,0.6543,1.595703125,1.595703125,2.0,0.7000000000000001,1.2999999999999998,1.2999999999999998,2,1,1,0.0002901193933341865,0.000405858201903475,
2026-06-30,FirstEnergy Corp.,US3379321074,BV4P4T-R,North America,UNITED STATES,Electric Utilities,19.0,32,9.26829268292683,7.65,1.6198551829268304,1.6198551829268304,9.375,7.8125,1.5625,1.5625,10,8,2,0.0002963365860761186,0.0003840078018009966,
2026-06-30,Ford Motor Company,US3453708600,XLV24X-R,North America,UNITED STATES,Motor Vehicles,1.0,6,10.0,8.336,1.6640625,1.6640625,10.0,8.333333333333334,1.666666666666666,1.666666666666666,10,9,1,0.000615773102931014,0.0008441578039591,
2026-06-30,"Fortinet, Inc.",US34959E1091,CL1QH9-R,North America,UNITED STATES,Information Technology Services,16.0,90,2.884615384615384,2.99,-0.10561899038461586,0.10561899038461586,2.6666666666666665,2.8888888888888884,-0.22222222222222188,0.22222222222222188,3,3,0,0.0010835318750262017,0.001484465006962141,
2026-06-30,Fortive Corp.,US34959J1088,P1P032-R,North America,UNITED STATES,Electronic Equipment/Instruments,9.0,100,6.416666666666667,0.9346,5.482096354166667,5.482096354166667,6.3,1.0,5.3,5.3,6,1,5,0.00020450080765629559,0.0002889980013554006,
2026-06-30,Fox Corporation Class A,US35137L1052,LPRN3T-R,North America,UNITED STATES,Broadcasting,11.0,11,5.555555555555555,8.336,-2.7803819444444446,2.7803819444444446,6.363636363636363,9.09090909090909,-2.7272727272727266,2.7272727272727266,7,9,-2,0.00010373912181608997,0.0001614493007571972,
2026-06-30,Fox Corporation Class B,US35137L2043,M8XT6B-R,North America,UNITED STATES,Broadcasting,11.0,11,5.0,7.777,-2.77734375,2.77734375,5.454545454545454,8.181818181818182,-2.7272727272727275,2.7272727272727275,6,8,-2,8.424277663851694e-05,0.00010167590047685998,
2026-06-30,"Freeport-McMoRan, Inc.",US35671D8570,B3DVXC-R,North America,UNITED STATES,Other Metals/Minerals,3.0,9,1.0,0.769,0.23095703125,0.23095703125,1.1111111111111112,1.1111111111111112,0.0,0.0,1,1,0,0.0010117301844025978,0.001402848006579357,
2026-06-30,Futu Holdings Ltd. Sponsored ADR Class A,US36118L1061,D6ZG1F-R,North America,UNITED STATES,Investment Banks/Brokers,6.0,35,0.9302325581395349,2.82,-1.8900799418604652,1.8900799418604652,1.1428571428571428,3.142857142857143,-2.0,2.0,1,3,-2,4.824963401171619e-05,,
2026-06-30,GE Healthcare Technologies Inc.,US36266G1076,VD2M8W-R,North America,UNITED STATES,Medical Specialties,8.0,57,4.705882352941177,3.824,0.8816636029411766,0.8816636029411766,4.385964912280701,3.6842105263157894,0.7017543859649118,0.7017543859649118,5,4,1,0.00033321840913504706,0.0004518346021191043,
2026-06-30,Arthur J. Gallagher & Co.,US3635761097,FJ1B1C-R,North America,UNITED STATES,Insurance Brokers/Services,10.0,23,1.25,0.4,0.85009765625,0.85009765625,1.7391304347826086,0.43478260869565216,1.3043478260869565,1.3043478260869565,2,1,1,0.0006591088374929562,0.0009151650042921239,
2026-06-30,"Gaming and Leisure Properties, Inc.",US36467J1088,PWVY5L-R,North America,UNITED STATES,Real Estate Investment Trusts,14.0,28,6.315789473684211,7.145,-0.8287417763157894,0.8287417763157894,6.7857142857142865,7.142857142857143,-0.35714285714285676,0.35714285714285676,7,7,0,0.00013645721487972183,,
2026-06-30,GE Vernova Inc.,US36828A1016,FD861V-R,North America,UNITED STATES,Electrical Products,9.0,100,9.583333333333334,9.16,0.4270833333333339,0.4270833333333339,9.7,9.3,0.3999999999999986,0.3999999999999986,10,9,1,0.003553688646634193,0.004895325022959074,
2026-06-30,General Dynamics Corporation,US3695501086,LTP334-R,North America,UNITED STATES,Aerospace & Defense,9.0,100,7.833333333333333,8.414,-0.580729166666667,0.580729166666667,7.800000000000001,8.5,-0.6999999999999993,0.6999999999999993,8,9,-1,0.0009101234315868371,0.0013951540065432724,
2026-06-30,GE Aerospace,US3696043013,CTYNJ1-R,North America,UNITED STATES,Aerospace & Defense,9.0,100,5.75,1.402,4.34765625,4.34765625,5.5,1.5,4.0,4.0,6,2,4,0.004381108223549359,0.006046623028358662,
2026-06-30,"General Mills, Inc.",US3703341046,R5XGXL-R,North America,UNITED STATES,Food: Major Diversified,7.0,17,0.6896551724137931,0.4546,0.23506532866379315,0.23506532866379315,1.1764705882352942,0.5882352941176471,0.5882352941176471,0.5882352941176471,1,1,0,0.0002195845031105062,0.00028817400135153605,
2026-06-30,General Motors Company,US37045V1008,T0SQZH-R,North America,UNITED STATES,Motor Vehicles,1.0,6,7.142857142857143,10.0,-2.8571428571428568,2.8571428571428568,8.333333333333334,10.0,-1.666666666666666,1.666666666666666,9,10,-1,0.0007802767406224034,0.001078465005058001,
2026-06-30,Genuine Parts Company,US3724601055,SJS2RC-R,North America,UNITED STATES,Wholesale Distributors,1.0,6,4.285714285714286,6.668,-2.3822544642857144,2.3822544642857144,5.0,6.666666666666666,-1.666666666666666,1.666666666666666,5,7,-2,0.00017931331142808263,0.00025196620118172146,
2026-06-30,"Gilead Sciences, Inc.",US3755581036,JYWMBW-R,North America,UNITED STATES,Biotechnology,8.0,57,3.8235294117647056,4.85,-1.0280330882352944,1.0280330882352944,3.333333333333333,4.56140350877193,-1.2280701754385968,1.2280701754385968,4,5,-1,0.0017572262684934583,0.002434033011415615,
2026-06-30,Global Payments Inc.,US37940X1028,KK1YRK-R,North America,UNITED STATES,Finance/Rental/Leasing,9.0,100,8.25,6.168,2.08203125,2.08203125,8.299999999999999,6.4,1.8999999999999986,1.8999999999999986,8,7,1,0.0001880231017201606,0.00026179890122783687,
2026-06-30,"Goldman Sachs Group, Inc.",US38141G1040,JLJ0VZ-R,North America,UNITED STATES,Investment Banks/Brokers,6.0,35,6.976744186046512,4.87,2.1056504360465116,2.1056504360465116,6.857142857142858,5.428571428571428,1.4285714285714297,1.4285714285714297,7,6,1,0.0033605233373697617,0.004626446021698032,
2026-06-30,Graco Inc.,US3841091040,H5490W-R,North America,UNITED STATES,Industrial Machinery,9.0,100,2.6666666666666665,4.58,-1.9114583333333335,1.9114583333333335,2.4,4.8,-2.4,2.4,3,5,-2,0.00013738018802970963,,
2026-06-30,"W.W. Grainger, Inc.",US3848021040,DRBC9M-R,North America,UNITED STATES,Wholesale Distributors,9.0,100,3.5833333333333335,5.14,-1.5572916666666665,1.5572916666666665,3.4000000000000004,5.4,-2.0,2.0,4,6,-2,0.0006776833096077284,0.0009167244042994374,
2026-06-30,HCA Healthcare Inc,US40412C1018,NKGZ7J-R,North America,UNITED STATES,Hospital/Nursing Management,8.0,57,8.529411764705882,7.65,0.8809742647058822,0.8809742647058822,8.596491228070175,7.543859649122807,1.0526315789473673,1.0526315789473673,9,8,1,0.0006872866707195205,0.0009394734044061304,
2026-06-30,HP Inc.,US40434L1052,MS57L1-R,North America,UNITED STATES,Information Technology Services,16.0,90,8.942307692307693,4.95,3.9930889423076934,3.9930889423076934,9.0,4.888888888888888,4.111111111111112,4.111111111111112,9,5,4,0.00021961040516336642,0.00031154070146112585,
2026-06-30,Halliburton Company,US4062161017,GN6KCJ-R,North America,UNITED STATES,Oilfield Services/Equipment,12.0,23,6.571428571428571,3.334,3.237444196428571,3.237444196428571,6.521739130434783,3.4782608695652173,3.043478260869566,3.043478260869566,7,4,3,0.0003227822820226105,0.00043994150206332565,
2026-06-30,"Hartford Insurance Group, Inc.",US4165151048,P31DB7-R,North America,UNITED STATES,Property/Casualty Insurance,10.0,23,3.4375,4.8,-1.36328125,1.36328125,4.782608695652174,5.217391304347826,-0.43478260869565233,0.43478260869565233,5,5,0,0.00040782612214919784,0.0005637086026437934,
2026-06-30,HEICO Corporation,US4228061093,X59RFD-R,North America,UNITED STATES,Aerospace & Defense,9.0,100,7.416666666666667,4.766,2.651041666666667,2.651041666666667,7.4,5.0,2.4000000000000004,2.4000000000000004,8,5,3,0.00018484584990792607,,
2026-06-30,HEICO Corporation Class A,US4228062083,C6M66G-R,North America,UNITED STATES,Aerospace & Defense,9.0,100,7.583333333333333,8.13,-0.549479166666667,0.549479166666667,7.6,8.2,-0.5999999999999996,0.5999999999999996,8,8,0,0.00021997703422045332,,
2026-06-30,Hershey Company,US4278661081,MJCGG4-R,North America,UNITED STATES,Food: Specialty/Candy,7.0,17,7.241379310344827,7.273,-0.0320581896551726,0.0320581896551726,8.235294117647058,8.823529411764707,-0.5882352941176485,0.5882352941176485,8,9,-1,0.00029140029485169035,0.000404271001896031,
2026-06-30,Hewlett Packard Enterprise Co.,US42824C1099,F9VYPD-R,North America,UNITED STATES,Computer Processing Hardware,16.0,90,9.903846153846153,8.97,0.9350961538461533,0.9350961538461533,9.88888888888889,9.11111111111111,0.7777777777777786,0.7777777777777786,10,9,1,0.0006663075080216452,0.000928445004354407,
2026-06-30,Hilton Worldwide Holdings Inc.,US43300A2033,MFQVZQ-R,North America,UNITED STATES,Hotels/Resorts/Cruiselines,18.0,20,4.230769230769231,1.538,2.692683293269231,2.692683293269231,5.0,2.0,3.0,3.0,5,2,3,0.0008470513328246791,0.0011673400054748246,
2026-06-30,"Home Depot, Inc.",US4370761029,PD98GG-R,North America,UNITED STATES,Home Improvement Chains,15.0,28,3.1578947368421053,2.666,0.4918791118421053,0.4918791118421053,2.8571428571428568,2.5,0.35714285714285676,0.35714285714285676,3,3,0,0.0039487299555264685,0.005447038025546608,
2026-06-30,Honeywell Aerospace Inc,US43849R1059,nan,North America,UNITED STATES,Aerospace & Defense,9.0,100,0.8333333333333333,0.8413,-0.00797526041666674,0.00797526041666674,0.7000000000000001,0.8999999999999999,-0.19999999999999984,0.19999999999999984,1,1,0,0.0007890105328167455,0.0010868230050971998,
2026-06-30,Honeywell International Inc.,US4385162056,WGLQTS-R,North America,UNITED STATES,Aerospace & Defense,9.0,100,2.75,2.805,-0.0546875,0.0546875,2.5,2.9,-0.3999999999999999,0.3999999999999999,3,3,0,0.0007990748304599379,0.0011006870051622221,
2026-06-30,Howmet Aerospace Inc.,US4432011082,L32LM8-R,North America,UNITED STATES,Aerospace & Defense,9.0,100,4.333333333333334,8.6,-4.268229166666666,4.268229166666666,3.9000000000000004,8.7,-4.799999999999999,4.799999999999999,4,9,-5,0.001207469697684873,0.0016692090078285903,
2026-06-30,Hubbell Incorporated,US4435106079,K14T6R-R,North America,UNITED STATES,Electrical Products,9.0,100,2.5,3.645,-1.14453125,1.14453125,2.2,3.8,-1.5999999999999996,1.5999999999999996,2,4,-2,0.00031049040783344043,0.000429155002012737,
2026-06-30,Humana Inc.,US4448591028,PZ917X-R,North America,UNITED STATES,Managed Health Care,8.0,57,5.441176470588235,1.912,3.5290670955882346,3.5290670955882346,5.087719298245615,1.9298245614035086,3.157894736842106,3.157894736842106,5,2,3,0.0005357819632548366,0.0007401650034713739,
2026-06-30,"J.B. Hunt Transport Services, Inc.",US4456581077,CHK9QJ-R,North America,UNITED STATES,Trucking,9.0,100,9.083333333333334,8.32,0.7630208333333339,0.7630208333333339,9.200000000000001,8.4,0.8000000000000007,0.8000000000000007,9,9,0,0.0002414890391485957,0.0003343935015683055,
2026-06-30,Huntington Bancshares Incorporated,US4461501045,G7VZQH-R,North America,UNITED STATES,Major Banks,2.0,15,4.0,2.941,1.05859375,1.05859375,2.6666666666666665,2.6666666666666665,0.0,0.0,3,3,0,0.0003957770672046015,0.0005576976026156017,
2026-06-30,Hyatt Hotels Corporation Class A,US4485791028,TWVMYS-R,North America,UNITED STATES,Hotels/Resorts/Cruiselines,18.0,20,6.153846153846154,5.383,0.7710336538461542,0.7710336538461542,7.0,6.0,1.0,1.0,7,6,1,0.0001025980313792755,,
2026-06-30,IDEX Corporation,US45167R1041,KFJFWS-R,North America,UNITED STATES,Industrial Machinery,9.0,100,6.666666666666666,4.86,1.807291666666666,1.807291666666666,6.6000000000000005,5.1,1.5000000000000009,1.5000000000000009,7,5,2,0.00018593743642132047,0.0002606523012224593,
2026-06-30,"IDEXX Laboratories, Inc.",US45168D1046,NFMPMG-R,North America,UNITED STATES,Medical Specialties,8.0,57,9.264705882352942,5.44,3.823299632352942,3.823299632352942,9.298245614035087,5.263157894736842,4.035087719298246,4.035087719298246,9,5,4,0.00047130845342422285,0.000644484203022631,
2026-06-30,Illinois Tool Works Inc.,US4523081093,RRXTTL-R,North America,UNITED STATES,Auto Parts: OEM,9.0,100,2.0,4.113,-2.11328125,2.11328125,1.7000000000000002,4.3,-2.5999999999999996,2.5999999999999996,2,5,-3,0.0008378547039483407,0.0010988210051534706,
2026-06-30,"Illumina, Inc.",US4523271090,HXZ458-R,North America,UNITED STATES,Medical Specialties,8.0,57,4.117647058823529,6.324,-2.206571691176471,2.206571691176471,3.6842105263157894,5.964912280701754,-2.280701754385965,2.280701754385965,4,6,-2,0.0002931265316641229,,
2026-06-30,Incyte Corporation,US45337C1027,LD13C5-R,North America,UNITED STATES,Pharmaceuticals: Major,8.0,57,9.852941176470589,9.414,0.43887867647058876,0.43887867647058876,9.82456140350877,9.298245614035087,0.5263157894736832,0.5263157894736832,10,9,1,0.00020563149726879554,0.00029311140137469247,
2026-06-30,Ingersoll Rand Inc.,US45687V1061,C0YGQ6-R,North America,UNITED STATES,Industrial Machinery,9.0,100,6.333333333333333,1.309,5.024739583333333,5.024739583333333,6.2,1.4000000000000001,4.8,4.8,6,2,4,0.00036665025876726304,0.00045261030212274234,
2026-06-30,Insmed Incorporated,US4576693075,V3RVCP-R,North America,UNITED STATES,Pharmaceuticals: Major,8.0,57,0.14705882352941177,0.1471,-3.5903033088230396e-05,3.5903033088230396e-05,0.17543859649122806,0.17543859649122806,0.0,0.0,1,1,0,0.000251963469296729,,
2026-06-30,Insulet Corporation,US45784P1012,NCGB47-R,North America,UNITED STATES,Medical Specialties,8.0,57,2.5,6.176,-3.67578125,3.67578125,2.4561403508771926,5.7894736842105265,-3.333333333333334,3.333333333333334,3,6,-3,0.0001169606696862966,0.00016362310076739234,
2026-06-30,Intel Corporation,US4581401001,HZ6Z7Q-R,North America,UNITED STATES,Semiconductors,16.0,90,9.423076923076923,7.836,1.5871394230769234,1.5871394230769234,9.333333333333334,8.0,1.333333333333334,1.333333333333334,10,8,2,0.006885207685276091,0.010230990047983344,
2026-06-30,"Interactive Brokers Group, Inc. Class A",US45841N1072,PN66MB-R,North America,UNITED STATES,Investment Banks/Brokers,6.0,35,7.209302325581395,6.668,0.5413335755813948,0.5413335755813948,7.142857142857143,7.428571428571429,-0.2857142857142856,0.2857142857142856,7,8,-1,0.00041747788709722286,0.0006016515028217455,
2026-06-30,"Intercontinental Exchange, Inc.",US45866F1049,JKGP5M-R,North America,UNITED STATES,Investment Banks/Brokers,6.0,35,9.534883720930234,6.152,3.3825399709302335,3.3825399709302335,9.428571428571429,6.857142857142858,2.571428571428571,2.571428571428571,10,7,3,0.0007814738354978344,0.0010803190050666961,
2026-06-30,International Business Machines Corporation,US4592001014,SJY281-R,North America,UNITED STATES,Information Technology Services,16.0,90,5.1923076923076925,3.607,1.5848858173076925,1.5848858173076925,5.222222222222222,3.555555555555556,1.6666666666666665,1.6666666666666665,5,4,1,0.0029562122938071684,0.004099891019228489,
2026-06-30,International Flavors & Fragrances Inc.,US4595061015,NV7K28-R,North America,UNITED STATES,Food: Specialty/Candy,4.0,8,3.6363636363636367,5.0,-1.3636363636363633,1.3636363636363633,3.75,5.0,-1.25,1.25,4,5,-1,0.0002285505137092554,0.0003145798014753793,
2026-06-30,International Paper Company,US4601461035,GZF20K-R,North America,UNITED STATES,Pulp & Paper,3.0,9,3.0,3.076,-0.076171875,0.076171875,4.444444444444445,4.444444444444445,0.0,0.0,5,5,0,0.00020968121822833674,0.00031236770146500454,
2026-06-30,Intuit Inc.,US4612021034,L6CPTK-R,North America,UNITED STATES,Packaged Software,16.0,90,8.557692307692307,9.8,-1.2391826923076934,1.2391826923076934,8.777777777777779,9.777777777777777,-0.9999999999999982,0.9999999999999982,9,10,-1,0.0008146961685248685,0.0011199500052525655,
2026-06-30,"Intuitive Surgical, Inc.",US46120E6023,NBCKRK-R,North America,UNITED STATES,Medical Specialties,8.0,57,1.9117647058823528,5.15,-3.236672794117647,3.236672794117647,1.9298245614035086,4.912280701754385,-2.9824561403508767,2.9824561403508767,2,5,-3,0.0015830504642371196,0.002185374010249404,
2026-06-30,"Invitation Homes, Inc.",US46187W1071,W6VZ29-R,North America,UNITED STATES,Real Estate Investment Trusts,14.0,28,4.2105263157894735,6.57,-2.3597861842105265,2.3597861842105265,4.285714285714286,6.428571428571429,-2.1428571428571432,2.1428571428571432,4,7,-3,0.0001942911984964782,0.00025619630120156064,
2026-06-30,"IonQ, Inc.",US46222L1089,KXTPS7-R,North America,UNITED STATES,Computer Processing Hardware,16.0,90,4.903846153846153,3.299,1.6050180288461533,1.6050180288461533,4.888888888888888,3.2222222222222223,1.666666666666666,1.666666666666666,5,3,2,0.00020245924585286608,,
2026-06-30,IQVIA Holdings Inc,US46266C1053,XKBMRH-R,North America,UNITED STATES,Biotechnology,8.0,57,2.3529411764705883,2.059,0.2943474264705883,0.2943474264705883,2.280701754385965,2.1052631578947367,0.17543859649122817,0.17543859649122817,2,2,0,0.00036200009021941036,0.0005004391023470593,
2026-06-30,"Iron Mountain, Inc.",US46284V1017,LVYTWF-R,North America,UNITED STATES,Real Estate Investment Trusts,14.0,28,5.7894736842105265,8.57,-2.7808388157894735,2.7808388157894735,6.071428571428571,8.571428571428571,-2.5,2.5,6,9,-3,0.00042244928110371255,0.0005830906027346949,
2026-06-30,JPMorgan Chase & Co.,US46625H1005,NNKD2Y-R,North America,UNITED STATES,Major Banks,2.0,15,4.8,4.117,0.6828124999999998,0.6828124999999998,4.0,4.0,0.0,0.0,4,4,0,0.009863036692310029,0.013608660063824616,
2026-06-30,Jabil Inc.,US4663131039,LF4WPT-R,North America,UNITED STATES,Industrial Machinery,9.0,100,5.333333333333333,8.51,-3.174479166666667,3.174479166666667,5.0,8.6,-3.5999999999999996,3.5999999999999996,5,9,-4,0.0004577144760372154,0.0006310625029596832,
2026-06-30,Jacobs Solutions Inc.,US46982L1089,JKDM7P-R,North America,UNITED STATES,Data Processing Services,9.0,100,1.4166666666666665,1.121,0.2955729166666665,0.2955729166666665,1.2,1.2,0.0,0.0,1,1,0,0.0001628894097561901,0.00023081890108254065,
2026-06-30,Johnson & Johnson,US4781601046,KV0J41-R,North America,UNITED STATES,Pharmaceuticals: Major,8.0,57,4.264705882352941,6.617,-2.352481617647059,2.352481617647059,3.859649122807017,6.315789473684211,-2.4561403508771935,2.4561403508771935,4,7,-3,0.006875603924132594,0.009486285044490677,
2026-06-30,KLA Corporation,US4824801009,CZBYFY-R,North America,UNITED STATES,Semiconductors,16.0,90,3.4615384615384617,2.578,0.8834134615384617,0.8834134615384617,3.2222222222222223,2.5555555555555554,0.666666666666667,0.666666666666667,3,3,0,0.0044371956687446834,0.0061113550286622555,
2026-06-30,KKR & Co Inc,US48251W1045,T8Q3VN-R,North America,UNITED STATES,Investment Managers,6.0,35,6.7441860465116275,3.334,3.4102016715116275,3.4102016715116275,6.571428571428571,3.7142857142857144,2.8571428571428568,2.8571428571428568,7,4,3,0.000642323707191986,0.000984618104617859,
2026-06-30,"Kenvue, Inc.",US49177J1025,PW89XC-R,North America,UNITED STATES,Household/Personal Care,13.0,15,7.0,6.668,0.33203125,0.33203125,8.666666666666668,8.0,0.6666666666666679,0.6666666666666679,9,8,1,0.00040896631251467747,0.0005693422026702149,
2026-06-30,Keurig Dr Pepper Inc.,US49271V1008,BT4P4V-R,North America,UNITED STATES,Beverages: Non-Alcoholic,7.0,17,5.172413793103448,3.182,1.9907731681034484,1.9907731681034484,5.882352941176471,4.117647058823529,1.764705882352942,1.764705882352942,6,4,2,0.00047785617236191936,0.0006909921032407529,
2026-06-30,KeyCorp,US4932671088,MG2TQV-R,North America,UNITED STATES,Major Banks,2.0,15,8.4,8.82,-0.42031249999999964,0.42031249999999964,8.666666666666668,9.333333333333334,-0.6666666666666661,0.6666666666666661,9,10,-1,0.0002369747813723145,0.0003296196015459159,
2026-06-30,Keysight Technologies Inc,US49338L1035,FXTG1M-R,North America,UNITED STATES,Electronic Equipment/Instruments,9.0,100,9.916666666666668,8.97,0.9479166666666679,0.9479166666666679,9.9,9.1,0.8000000000000007,0.8000000000000007,10,9,1,0.0006798883843703334,0.0009293775043587804,
2026-06-30,Kimberly-Clark Corporation,US4943681035,BQWWY7-R,North America,UNITED STATES,Household/Personal Care,13.0,15,4.0,5.0,-1.0,1.0,5.333333333333333,6.0,-0.666666666666667,0.666666666666667,6,6,0,0.00039859419047494566,0.0005653537026515089,
2026-06-30,Kimco Realty Corporation,US49446R1095,VDPDV7-R,North America,UNITED STATES,Real Estate Investment Trusts,14.0,28,6.842105263157895,8.29,-1.4469572368421053,1.4469572368421053,7.5,8.214285714285714,-0.7142857142857135,0.7142857142857135,8,8,0,0.00019364034691341173,0.0002652784012441557,
2026-06-30,Kinder Morgan Inc Class P,US49456B1017,XM8P7T-R,North America,UNITED STATES,Oil & Gas Pipelines,12.0,23,6.285714285714286,6.25,0.03571428571428559,0.03571428571428559,6.086956521739131,6.521739130434783,-0.43478260869565233,0.43478260869565233,6,7,-1,0.0006987026754918964,0.0009712493045551592,
2026-06-30,Kraft Heinz Company,US5007541064,Q4YP8S-R,North America,UNITED STATES,Food: Major Diversified,7.0,17,4.137931034482759,2.273,1.864493534482759,1.864493534482759,4.117647058823529,2.9411764705882355,1.1764705882352935,1.1764705882352935,4,3,1,0.00023510833344748814,0.00031390110147219615,
2026-06-30,Kroger Co.,US5010441013,R2J99W-R,North America,UNITED STATES,Food Retail,15.0,28,1.3157894736842104,0.6665,0.6492855674342104,0.6492855674342104,0.7142857142857142,0.3571428571428571,0.3571428571428571,0.3571428571428571,1,1,0,0.000345311467567128,0.0004887753022923562,
2026-06-30,LPL Financial Holdings Inc.,US50212V1008,BXWZVW-R,North America,UNITED STATES,Investment Banks/Brokers,6.0,35,9.069767441860465,5.64,3.4291424418604652,3.4291424418604652,9.142857142857142,6.285714285714286,2.8571428571428568,2.8571428571428568,9,6,3,0.00025765482036322105,,
2026-06-30,L3Harris Technologies Inc,US5024311095,KYCY91-R,North America,UNITED STATES,Aerospace & Defense,9.0,100,6.833333333333334,4.484,2.348958333333334,2.348958333333334,6.800000000000001,4.699999999999999,2.1000000000000014,2.1000000000000014,7,5,2,0.0006099069380096972,0.0008400290039397361,
2026-06-30,Labcorp Holdings Inc.,US5049221055,C7M7DL-R,North America,UNITED STATES,Medical/Nursing Services,8.0,57,6.470588235294118,4.41,2.0604319852941178,2.0604319852941178,6.140350877192983,4.035087719298246,2.105263157894737,2.105263157894737,6,4,2,0.00025182795855686186,0.0003563675016713636,
2026-06-30,Lam Research Corporation,US5128073062,RT2ZSJ-R,North America,UNITED STATES,Industrial Machinery,16.0,90,1.346153846153846,5.05,-3.704627403846154,3.704627403846154,1.1111111111111112,5.0,-3.888888888888889,3.888888888888889,1,5,-4,0.006085737323468423,0.00840419403941567,
2026-06-30,Las Vegas Sands Corp.,US5178341070,VBN9H0-R,North America,UNITED STATES,Casinos/Gaming,18.0,20,10.0,8.46,1.5390625,1.5390625,10.0,9.0,1.0,1.0,10,9,1,0.00015724056205829097,0.00021371250100231165,
2026-06-30,Estee Lauder Companies Inc. Class A,US5184391044,KFMMZS-R,North America,UNITED STATES,Household/Personal Care,13.0,15,4.5,4.445,0.0546875,0.0546875,6.0,5.333333333333333,0.666666666666667,0.666666666666667,6,6,0,0.00021821219434854582,0.00030199080141633686,
2026-06-30,"Leidos Holdings, Inc.",US5253271028,L7LP86-R,North America,UNITED STATES,Packaged Software,16.0,90,5.961538461538462,4.33,1.6334134615384617,1.6334134615384617,6.111111111111112,4.333333333333334,1.7777777777777777,1.7777777777777777,6,5,1,0.00013666993173853907,0.0002009848009426187,
2026-06-30,Lennar Corporation Class A,US5260571048,FH1NKL-R,North America,UNITED STATES,Homebuilding,13.0,15,2.0,0.5557,1.4443359375,1.4443359375,2.6666666666666665,0.6666666666666666,2.0,2.0,3,1,2,0.00021161327135268545,0.0003022497014175511,
2026-06-30,Lennox International Inc.,US5261071071,BYKL46-R,North America,UNITED STATES,Industrial Machinery,9.0,100,3.333333333333333,4.39,-1.057291666666667,1.057291666666667,3.1,4.6000000000000005,-1.5000000000000004,1.5000000000000004,3,5,-2,0.00019512996497268883,0.00028137560131965157,
2026-06-30,Liberty Media Corporation Series C Liberty Formula One,US5312297550,D60L5H-R,North America,UNITED STATES,Internet Software/Services,11.0,11,3.333333333333333,3.334,-0.0006510416666669627,0.0006510416666669627,2.727272727272727,2.727272727272727,0.0,0.0,3,3,0,0.00022060308383784676,,
2026-06-30,Eli Lilly and Company,US5324571083,B19ST9-R,North America,UNITED STATES,Pharmaceuticals: Major,8.0,57,10.0,9.266,0.734375,0.734375,10.0,9.12280701754386,0.8771929824561404,0.8771929824561404,10,9,1,0.01082724811062565,0.014721630069044447,
2026-06-30,"Live Nation Entertainment, Inc.",US5380341090,MLQ41B-R,North America,UNITED STATES,Movies/Entertainment,18.0,20,0.7692307692307693,0.3845,0.3847092848557693,0.3847092848557693,1.0,0.5,0.5,0.5,1,1,0,0.00031951922340978117,0.0004496605021089078,
2026-06-30,Lockheed Martin Corporation,US5398301094,KC6WDM-R,North America,UNITED STATES,Aerospace & Defense,9.0,100,5.916666666666667,4.3,1.615885416666667,1.615885416666667,5.699999999999999,4.5,1.1999999999999993,1.1999999999999993,6,5,1,0.0011902433324139448,0.0016015100075110818,
2026-06-30,Loews Corporation,US5404241086,VBK29Z-R,North America,UNITED STATES,Property/Casualty Insurance,10.0,23,4.0625,3.2,0.86328125,0.86328125,5.652173913043478,3.4782608695652173,2.1739130434782603,2.1739130434782603,6,4,2,0.00022278995715790123,0.0002964219013902187,
2026-06-30,"Lowe's Companies, Inc.",US5486611073,CHKL7S-R,North America,UNITED STATES,Home Improvement Chains,15.0,28,4.7368421052631575,3.666,1.0708264802631575,1.0708264802631575,4.285714285714286,3.5714285714285716,0.714285714285714,0.714285714285714,4,4,0,0.0013823705594054455,0.0019162310089871233,
2026-06-30,lululemon athletica inc.,US5500211090,MWKPV4-R,North America,UNITED STATES,Apparel/Footwear,13.0,15,0.5,2.223,-1.72265625,1.72265625,0.6666666666666666,2.6666666666666665,-2.0,2.0,1,3,-2,0.0001383352637239759,0.00018554980087022855,
2026-06-30,"Lumentum Holdings, Inc.",US55024U1097,CBP969-R,North America,UNITED STATES,Electrical Products,9.0,100,6.916666666666666,9.72,-2.802083333333334,2.802083333333334,6.8999999999999995,9.8,-2.9000000000000012,2.9000000000000012,7,10,-3,0.0006874995875941898,0.0010357880048578456,
2026-06-30,M&T Bank Corporation,US55261F1049,X8LB4Q-R,North America,UNITED STATES,Regional Banks,2.0,15,3.5999999999999996,2.354,1.2464843749999996,1.2464843749999996,2.0,2.0,0.0,0.0,2,2,0,0.0004092690365069857,0.0005408706025366831,
2026-06-30,MSCI Inc. Class A,US55354G1004,MKJ8WW-R,North America,UNITED STATES,Financial Publishing/Services,6.0,35,1.3953488372093024,1.795,-0.39957303779069764,0.39957303779069764,1.4285714285714284,2.0,-0.5714285714285716,0.5714285714285716,2,2,0,0.0004683916222515558,0.0006325633029667219,
2026-06-30,Marathon Petroleum Corporation,US56585A1025,JRFYNM-R,North America,UNITED STATES,Oil Refining/Marketing,12.0,23,9.142857142857142,6.668,2.4748883928571423,2.4748883928571423,9.565217391304348,6.956521739130435,2.608695652173913,2.608695652173913,10,7,3,0.0008468188143964939,0.0011581240054316015,
2026-06-30,Markel Group Inc.,US5705351048,P4BP51-R,North America,UNITED STATES,Property/Casualty Insurance,10.0,23,0.625,1.2,-0.5751953125,0.5751953125,0.8695652173913043,1.3043478260869565,-0.4347826086956522,0.4347826086956522,1,1,0,0.0002783166579115773,,
2026-06-30,"Marsh & McLennan Companies, Inc.",US5717481023,XHD46K-R,North America,UNITED STATES,Insurance Brokers/Services,10.0,23,0.3125,1.6,-1.287109375,1.287109375,0.43478260869565216,1.7391304347826086,-1.3043478260869565,1.3043478260869565,1,2,-1,0.0009062758266459464,0.0012459910058436978,
2026-06-30,"Marriott International, Inc. Class A",US5719032022,K38HHD-R,North America,UNITED STATES,Hotels/Resorts/Cruiselines,18.0,20,5.384615384615384,5.77,-0.38491586538461586,0.38491586538461586,6.0,6.5,-0.5,0.5,6,7,-1,0.0009138604277614599,0.0012585880059027778,
2026-06-30,"Martin Marietta Materials, Inc.",US5732841060,V6ZQWF-R,North America,UNITED STATES,Construction Materials,5.0,13,5.555555555555555,2.857,2.6981336805555554,2.6981336805555554,6.923076923076923,3.076923076923077,3.8461538461538463,3.8461538461538463,7,3,4,0.0003818228612677776,0.0005374030025204201,
2026-06-30,"Marvell Technology, Inc.",US5738741041,DF2L7D-R,North America,UNITED STATES,Semiconductors,16.0,90,9.711538461538462,8.87,0.8443509615384617,0.8443509615384617,9.666666666666666,9.0,0.6666666666666661,0.6666666666666661,10,9,1,0.002848836783790113,0.004045812018974858,
2026-06-30,Masco Corporation,US5745991068,HSF35X-R,North America,UNITED STATES,Building Products,5.0,13,2.2222222222222223,5.0,-2.7777777777777777,2.7777777777777777,3.076923076923077,5.384615384615384,-2.307692307692307,2.307692307692307,3,6,-3,0.00019853683498325165,0.0002555519011985384,
2026-06-30,"MasTec, Inc.",US5763231090,J70WMR-R,North America,UNITED STATES,Engineering & Construction,5.0,13,7.222222222222222,8.57,-1.3480902777777777,1.3480902777777777,7.6923076923076925,8.461538461538462,-0.7692307692307692,0.7692307692307692,8,9,-1,0.00027520681144153496,,
2026-06-30,Mastercard Incorporated Class A,US57636Q1040,LQBB5R-R,North America,UNITED STATES,Finance/Rental/Leasing,9.0,100,6.0,8.78,-2.78125,2.78125,5.8,8.9,-3.1000000000000005,3.1000000000000005,6,9,-3,0.004727432671399965,0.006426426030139937,
2026-06-30,"McCormick & Company, Incorporated",US5797802064,NW8BQ3-R,North America,UNITED STATES,Food: Specialty/Candy,7.0,17,9.655172413793103,7.727,1.9286099137931032,1.9286099137931032,9.411764705882353,9.411764705882353,0.0,0.0,10,10,0,0.00014417462652109778,0.00019932340093482674,
2026-06-30,McDonald's Corporation,US5801351017,VTBLV9-R,North America,UNITED STATES,Restaurants,18.0,20,9.615384615384615,6.92,2.693509615384615,2.693509615384615,9.5,7.0,2.5,2.5,10,7,3,0.0021582500515251062,0.0029801790139770395,
2026-06-30,McKesson Corporation,US58155Q1031,NYJHHY-R,North America,UNITED STATES,Medical Distributors,8.0,57,3.9705882352941173,6.91,-2.9395680147058827,2.9395680147058827,3.508771929824561,6.666666666666666,-3.157894736842105,3.157894736842105,4,7,-3,0.0010333879008790695,0.001409546006610771,
2026-06-30,"Medline, Inc. Class A",US58507V1070,S4Q3C8-R,North America,UNITED STATES,Medical Specialties,8.0,57,0.8823529411764707,0.7354,0.14700137867647067,0.14700137867647067,1.0526315789473684,0.8771929824561403,0.17543859649122806,0.17543859649122806,1,1,0,0.00015708784995513447,,
2026-06-30,"MercadoLibre, Inc.",US58733R1023,B8366W-R,North America,UNITED STATES,Internet Retail,15.0,28,0.5263157894736842,1.0,-0.4736842105263158,0.4736842105263158,0.3571428571428571,0.7142857142857142,-0.3571428571428571,0.3571428571428571,1,1,0,0.0008660646397191835,,
2026-06-30,"Merck & Co., Inc.",US58933Y1055,M79R1P-R,North America,UNITED STATES,Pharmaceuticals: Major,8.0,57,3.382352941176471,3.676,-0.293428308823529,0.293428308823529,2.982456140350877,3.508771929824561,-0.5263157894736841,0.5263157894736841,3,4,-1,0.0035633984161793568,0.0049230250230889875,
2026-06-30,"MetLife, Inc.",US59156R1086,NPJW7K-R,North America,UNITED STATES,Multi-Line Insurance,10.0,23,6.25,4.4,1.8515625,1.8515625,7.826086956521739,4.782608695652174,3.0434782608695654,3.0434782608695654,8,5,3,0.0005275463105404043,0.0007095772033279171,
2026-06-30,Mettler-Toledo International Inc.,US5926881054,PHPSQH-R,North America,UNITED STATES,Medical Specialties,9.0,100,0.6666666666666666,1.215,-0.5481770833333334,0.5481770833333334,0.5,1.3,-0.8,0.8,1,1,0,0.0003039529897121323,0.00039831190186808286,
2026-06-30,Microsoft Corporation,US5949181045,P8R3C2-R,North America,UNITED STATES,Packaged Software,16.0,90,5.576923076923077,5.98,-0.40354567307692335,0.40354567307692335,5.666666666666666,6.0,-0.3333333333333339,0.3333333333333339,6,6,0,0.029577334143631673,0.04298925020161958,
2026-06-30,Strategy Inc Class A,US5949724083,L8SD8N-R,North America,UNITED STATES,Internet Software/Services,16.0,90,0.2884615384615385,0.2062,0.08228478064903849,0.08228478064903849,0.11111111111111112,0.22222222222222224,-0.11111111111111112,0.11111111111111112,1,1,0,0.00025707457437598204,,
2026-06-30,Microchip Technology Incorporated,US5950171042,V5WMVF-R,North America,UNITED STATES,Semiconductors,16.0,90,9.519230769230768,8.66,0.8629807692307683,0.8629807692307683,9.444444444444445,8.777777777777779,0.6666666666666661,0.6666666666666661,10,9,1,0.0005553772162713237,0.0007658325035917545,
2026-06-30,"Micron Technology, Inc.",US5951121038,CHR1NX-R,North America,UNITED STATES,Semiconductors,16.0,90,10.0,10.0,0.0,0.0,10.0,10.0,0.0,0.0,10,10,0,0.014631469613173695,0.020196560094721865,
2026-06-30,"Mid-America Apartment Communities, Inc.",US59522J1034,JWH12W-R,North America,UNITED STATES,Real Estate Investment Trusts,14.0,28,1.0526315789473684,1.429,-0.37607935855263164,0.37607935855263164,1.0714285714285714,1.7857142857142858,-0.7142857142857144,0.7142857142857144,1,2,-1,0.00017212374162066873,0.00025086150117654044,
2026-06-30,"Mondelez International, Inc. Class A",US6092071058,HHB3C8-R,North America,UNITED STATES,Food: Specialty/Candy,7.0,17,6.206896551724138,3.637,2.570177801724138,2.570177801724138,6.470588235294118,4.705882352941177,1.7647058823529411,1.7647058823529411,7,5,2,0.0008366649096515149,0.0011525480054054502,
2026-06-30,"MongoDB, Inc. Class A",US60937P1066,C7PKHF-R,North America,UNITED STATES,Packaged Software,16.0,90,4.326923076923077,4.434,-0.10667067307692335,0.10667067307692335,4.222222222222222,4.444444444444445,-0.22222222222222232,0.22222222222222232,4,5,-1,0.0003020617398216329,,
2026-06-30,"Monolithic Power Systems, Inc.",US6098391054,VZYGFG-R,North America,UNITED STATES,Semiconductors,16.0,90,8.365384615384615,5.875,2.490384615384615,2.490384615384615,8.555555555555555,5.888888888888889,2.666666666666666,2.666666666666666,9,6,3,0.0007390768753382042,0.001053336004940146,
2026-06-30,Monster Beverage Corporation,US61174X1090,NNFR4J-R,North America,UNITED STATES,Beverages: Non-Alcoholic,7.0,17,0.3448275862068966,1.363,-1.0184536637931034,1.0184536637931034,0.5882352941176471,1.7647058823529413,-1.1764705882352944,1.1764705882352944,1,2,-1,0.00076997032379012,0.001064271004991431,
2026-06-30,Moody's Corporation,US6153691059,MDYC2K-R,North America,UNITED STATES,Financial Publishing/Services,6.0,35,2.3255813953488373,1.025,1.3001907703488373,1.3001907703488373,2.2857142857142856,1.1428571428571428,1.1428571428571428,1.1428571428571428,2,1,1,0.0007718769749012391,0.0010558730049520443,
2026-06-30,Morgan Stanley,US6174464486,CY644B-R,North America,UNITED STATES,Investment Managers,6.0,35,8.372093023255815,7.18,1.1924055232558146,1.1924055232558146,8.571428571428571,8.0,0.5714285714285712,0.5714285714285712,9,8,1,0.0027851937397778436,0.003887022018230133,
2026-06-30,"Motorola Solutions, Inc.",US6200763075,MMRZQ5-R,North America,UNITED STATES,Telecommunications Equipment,17.0,14,7.222222222222222,7.855,-0.6332465277777777,0.6332465277777777,9.285714285714286,7.857142857142857,1.4285714285714297,1.4285714285714297,9,8,1,0.0007712223230169807,0.0010693720050153547,
2026-06-30,"NRG Energy, Inc.",US6293775085,RVC5J9-R,North America,UNITED STATES,Electric Utilities,19.0,32,1.2195121951219512,0.2942,0.9253227419969512,0.9253227419969512,0.3125,0.3125,0.0,0.0,1,1,0,0.0003321951280351797,0.0004781448022424991,
2026-06-30,"NVR, Inc.",US62944T1051,D0LDT1-R,North America,UNITED STATES,Homebuilding,13.0,15,1.0,1.111,-0.111328125,0.111328125,1.3333333333333333,1.3333333333333333,0.0,0.0,2,2,0,0.00020284787665369528,0.00028362900133022004,
2026-06-30,"Nasdaq, Inc.",US6311031081,WFMVVR-R,North America,UNITED STATES,Investment Banks/Brokers,6.0,35,2.7906976744186047,3.59,-0.7991460755813953,0.7991460755813953,2.8571428571428568,4.0,-1.1428571428571432,1.1428571428571432,3,4,-1,0.00040992238828820477,0.0005464347025627787,
2026-06-30,"Natera, Inc.",US6323071042,V6HSWX-R,North America,UNITED STATES,Biotechnology,8.0,57,0.5882352941176471,0.5884,-0.00014361213235292158,0.00014361213235292158,0.7017543859649122,0.7017543859649122,0.0,0.0,1,1,0,0.0004077311146194018,,
2026-06-30,"NetApp, Inc.",US64110D1046,JFW5HZ-R,North America,UNITED STATES,Computer Peripherals,16.0,90,7.788461538461538,6.598,1.1908052884615383,1.1908052884615383,8.11111111111111,6.666666666666666,1.4444444444444446,1.4444444444444446,8,7,1,0.00033546068684616164,0.00047454420222561226,
2026-06-30,"Netflix, Inc.",US64110L1061,C4C0BL-R,North America,UNITED STATES,Internet Software/Services,11.0,11,9.444444444444445,7.223,2.2217881944444446,2.2217881944444446,10.0,7.272727272727273,2.7272727272727266,2.7272727272727266,10,7,3,0.0033740244073934213,0.004661971021864644,
2026-06-30,"Neurocrine Biosciences, Inc.",US64125C1099,HTKQ3B-R,North America,UNITED STATES,Biotechnology,8.0,57,9.558823529411764,9.7,-0.1443014705882355,0.1443014705882355,9.473684210526315,9.649122807017545,-0.1754385964912295,0.1754385964912295,10,10,0,0.00017828252973375777,,
2026-06-30,Newmont Corporation,US6516391066,CGGG4R-R,North America,UNITED STATES,Precious Metals,3.0,9,5.0,6.152,-1.15234375,1.15234375,6.666666666666666,8.88888888888889,-2.222222222222223,2.222222222222223,7,9,-2,0.0011379211856363289,0.0015472360072565367,
2026-06-30,News Corporation Class A,US65249B1098,KTPK4Q-R,North America,UNITED STATES,Publishing: Newspapers,11.0,11,6.666666666666666,2.777,3.889322916666666,3.889322916666666,8.181818181818182,1.8181818181818183,6.363636363636363,6.363636363636363,8,2,6,0.00011005962274568462,0.00014058060065932302,
2026-06-30,"NextEra Energy, Inc.",US65339F1012,KB3YPS-R,North America,UNITED STATES,Electric Utilities,19.0,32,8.78048780487805,4.41,4.3703315548780495,4.3703315548780495,9.0625,4.6875,4.375,4.375,9,5,4,0.0020540337918935874,0.0028400830133199894,
2026-06-30,"NIKE, Inc. Class B",US6541061031,VNMTTH-R,North America,UNITED STATES,Apparel/Footwear,13.0,15,5.5,6.11,-0.609375,0.609375,7.333333333333333,7.333333333333333,0.0,0.0,8,8,0,0.0005499512862407042,0.0007640390035833429,
2026-06-30,NiSource Inc,US65473P1057,RYRC40-R,North America,UNITED STATES,Gas Distributors,19.0,32,6.829268292682928,7.35,-0.5222942073170724,0.5222942073170724,7.1875,7.5,-0.3125,0.3125,7,8,-1,0.000254598578141569,0.00035274540165437595,
2026-06-30,Nordson Corporation,US6556631025,N3CXK7-R,North America,UNITED STATES,Industrial Machinery,9.0,100,4.75,6.914,-2.1640625,2.1640625,4.4,7.1,-2.6999999999999993,2.6999999999999993,5,7,-2,0.00018546279880404424,0.00024814580116380377,
2026-06-30,Norfolk Southern Corporation,US6558441084,KDCD3Y-R,North America,UNITED STATES,Railroads,9.0,100,6.5,1.683,4.8173828125,4.8173828125,6.4,1.7000000000000002,4.7,4.7,7,2,5,0.000793597196331524,0.0010969170051445408,
2026-06-30,Northern Trust Corporation,US6658591044,X1RJ5Y-R,North America,UNITED STATES,Investment Managers,6.0,35,7.441860465116279,5.9,1.543422965116279,1.543422965116279,7.428571428571429,6.571428571428571,0.8571428571428577,0.8571428571428577,8,7,1,0.0003612056272544626,0.0004991195023408704,
2026-06-30,Northrop Grumman Corp.,US6668071029,LHKN8Z-R,North America,UNITED STATES,Aerospace & Defense,9.0,100,7.666666666666667,7.195,0.47135416666666696,0.47135416666666696,7.7,7.3,0.40000000000000036,0.40000000000000036,8,7,1,0.0007853740446078544,0.0010549920049479126,
2026-06-30,Gen Digital Inc.,US6687711084,KDHCQP-R,North America,UNITED STATES,Packaged Software,16.0,90,8.461538461538462,7.527,0.9341947115384617,0.9341947115384617,8.666666666666668,7.666666666666667,1.0000000000000009,1.0000000000000009,9,8,1,0.00014830995426538162,0.00021168720099281295,
2026-06-30,Nucor Corporation,US6703461052,HKLJPC-R,North America,UNITED STATES,Steel,3.0,9,8.333333333333334,4.617,3.716145833333334,3.716145833333334,10.0,6.666666666666666,3.333333333333334,3.333333333333334,10,7,3,0.0005608358488937784,0.0007871778036918639,
2026-06-30,NVIDIA Corporation,US67066G1040,K7TPSX-R,North America,UNITED STATES,Semiconductors,16.0,90,9.615384615384615,9.17,0.443509615384615,0.443509615384615,9.555555555555555,9.222222222222223,0.33333333333333215,0.33333333333333215,10,9,1,0.051919054830672454,0.07518496035261746,
2026-06-30,"O'Reilly Automotive, Inc.",US67103H1077,P36M94-R,North America,UNITED STATES,Specialty Stores,15.0,28,3.4210526315789473,3.0,0.42105263157894735,0.42105263157894735,3.2142857142857144,2.8571428571428568,0.35714285714285765,0.35714285714285765,3,3,0,0.0008683142180089035,0.0011841700055537573,
2026-06-30,Occidental Petroleum Corporation,US6745991058,R998SY-R,North America,UNITED STATES,Integrated Oil,12.0,23,8.0,5.0,3.0,3.0,8.26086956521739,5.217391304347826,3.0434782608695645,3.0434782608695645,8,5,3,0.00039721418110267545,0.0005472236025664787,
2026-06-30,"Okta, Inc. Class A",US6792951054,MCRMKM-R,North America,UNITED STATES,Packaged Software,16.0,90,1.8269230769230769,0.5156,1.3112980769230769,1.3112980769230769,1.5555555555555556,0.5555555555555556,1.0,1.0,2,1,1,0.00026364649523179506,,
2026-06-30,"Old Dominion Freight Line, Inc.",US6795801009,T6CPQP-R,North America,UNITED STATES,Trucking,9.0,100,5.083333333333333,5.793,-0.709635416666667,0.709635416666667,4.8,6.0,-1.2000000000000002,1.2000000000000002,5,6,-1,0.00046367824869440716,0.0006150834028847412,
2026-06-30,Omnicom Group Inc,US6819191064,D8D820-R,North America,UNITED STATES,Advertising/Marketing Services,11.0,11,4.444444444444445,9.445,-5.000868055555555,5.000868055555555,4.545454545454545,10.0,-5.454545454545455,5.454545454545455,5,10,-5,0.00023716899676480297,0.00032207190151051717,
2026-06-30,ON Semiconductor Corporation,US6821891057,FK9YMK-R,North America,UNITED STATES,Semiconductors,16.0,90,4.423076923076923,3.71,0.7121394230769234,0.7121394230769234,4.333333333333334,3.6666666666666665,0.6666666666666674,0.6666666666666674,5,4,1,0.00041872128564243884,0.000574901502696288,
2026-06-30,"ONEOK, Inc.",US6826801036,NGW97P-R,North America,UNITED STATES,Oil & Gas Pipelines,12.0,23,4.0,3.75,0.25,0.25,3.4782608695652173,3.9130434782608696,-0.43478260869565233,0.43478260869565233,4,4,0,0.0006055484925822815,0.0008499271039861581,
2026-06-30,Oracle Corporation,US68389X1054,HQ4DBK-R,North America,UNITED STATES,Packaged Software,16.0,90,4.615384615384616,4.227,0.38882211538461586,0.38882211538461586,4.555555555555555,4.222222222222222,0.33333333333333304,0.33333333333333304,5,4,1,0.002837621894957127,0.0038559430180843727,
2026-06-30,Otis Worldwide Corporation,US68902V1070,RCNCKX-R,North America,UNITED STATES,Engineering & Construction,9.0,100,8.833333333333332,7.57,1.2630208333333321,1.2630208333333321,9.0,7.6,1.4000000000000004,1.4000000000000004,9,8,1,0.0003091811040649238,0.00042628920199929636,
2026-06-30,PG&E Corporation,US69331C1080,C5CPSB-R,North America,UNITED STATES,Electric Utilities,19.0,32,10.0,9.414,0.5859375,0.5859375,10.0,9.375,0.625,0.625,10,10,0,0.0004176660020062192,0.0005747642026956441,
2026-06-30,"PNC Financial Services Group, Inc.",US6934751057,PY50G1-R,North America,UNITED STATES,Major Banks,2.0,15,6.800000000000001,3.53,3.2707031250000007,3.2707031250000007,6.0,3.333333333333333,2.666666666666667,2.666666666666667,6,4,2,0.00111404229312115,0.0015342600071956796,
2026-06-30,"PPG Industries, Inc.",US6935061076,HSFL3C-R,North America,UNITED STATES,Industrial Specialties,9.0,100,7.166666666666667,6.637,0.529947916666667,0.529947916666667,7.199999999999999,6.800000000000001,0.3999999999999986,0.3999999999999986,7,7,0,0.000303281536496289,0.0004194875019673964,
2026-06-30,PPL Corporation,US69351T1060,RPTY1P-R,North America,UNITED STATES,Electric Utilities,19.0,32,7.560975609756097,7.06,0.5023818597560972,0.5023818597560972,8.125,7.1875,0.9375,0.9375,8,7,1,0.0002981010259163217,0.0004243566019902325,
2026-06-30,PTC Inc.,US69370C1009,BYP0PF-R,North America,UNITED STATES,Packaged Software,16.0,90,5.673076923076923,6.188,-0.5144230769230766,0.5144230769230766,5.777777777777777,6.222222222222222,-0.44444444444444553,0.44444444444444553,6,6,0,0.00015052322967792683,0.00020363110095502986,
2026-06-30,PACCAR Inc,US6937181088,J70N5J-R,North America,UNITED STATES,Trucks/Construction/Farm Machinery,9.0,100,4.25,2.336,1.9140625,1.9140625,3.8,2.4,1.4,1.4,4,3,1,0.0007089557880995677,0.0009809385046006015,
2026-06-30,Packaging Corporation of America,US6951561090,FZRL7K-R,North America,UNITED STATES,Containers/Packaging,9.0,100,2.0833333333333335,2.057,0.02669270833333348,0.02669270833333348,1.7999999999999998,2.1,-0.30000000000000027,0.30000000000000027,2,2,0,0.00023938707255780105,0.00032731140153509044,
2026-06-30,Palantir Technologies Inc. Class A,US69608A1088,WPZ4QD-R,North America,UNITED STATES,Packaged Software,16.0,90,3.942307692307692,5.67,-1.729567307692308,1.729567307692308,3.7777777777777777,5.666666666666666,-1.8888888888888884,1.8888888888888884,4,6,-2,0.0028529841124855294,0.004153689019480801,
2026-06-30,"Palo Alto Networks, Inc.",US6974351057,X643T6-R,North America,UNITED STATES,Packaged Software,16.0,90,1.6346153846153846,0.8247,0.8099083533653846,0.8099083533653846,1.3333333333333333,0.888888888888889,0.4444444444444443,0.4444444444444443,2,1,1,0.0031019188417402838,0.00429003202012025,
2026-06-30,Parker-Hannifin Corporation,US7010941042,VDT85V-R,North America,UNITED STATES,Industrial Machinery,9.0,100,2.833333333333333,3.55,-0.717447916666667,0.717447916666667,2.6,3.7,-1.1,1.1,3,4,-1,0.0013817005063005677,0.0019135900089747371,
2026-06-30,"Paychex, Inc.",US7043261079,FBB432-R,North America,UNITED STATES,Data Processing Services,9.0,100,2.5833333333333335,9.91,-7.322916666666666,7.322916666666666,2.3000000000000003,10.0,-7.699999999999999,7.699999999999999,2,10,-8,0.0003500227409578285,0.000492098702307943,
2026-06-30,"PayPal Holdings, Inc.",US70450Y1038,RQ9F5S-R,North America,UNITED STATES,Miscellaneous Commercial Services,9.0,100,8.583333333333332,6.26,2.321614583333332,2.321614583333332,8.7,6.5,2.1999999999999993,2.1999999999999993,9,7,2,0.0004163785999735187,0.0005910193027718805,
2026-06-30,"PepsiCo, Inc.",US7134481081,PPCTFP-R,North America,UNITED STATES,Food: Specialty/Candy,7.0,17,4.827586206896552,5.0,-0.1724137931034484,0.1724137931034484,5.294117647058823,6.470588235294118,-1.1764705882352944,1.1764705882352944,5,7,-2,0.002072398247363547,0.0028715560134675976,
2026-06-30,Pfizer Inc.,US7170811035,VK7M4R-R,North America,UNITED STATES,Pharmaceuticals: Major,8.0,57,7.647058823529411,3.088,4.559168198529411,4.559168198529411,7.543859649122807,3.1578947368421053,4.385964912280702,4.385964912280702,8,3,5,0.0015315963862580619,0.002129006009985038,
2026-06-30,Philip Morris International Inc.,US7181721090,KRQTDT-R,North America,UNITED STATES,Tobacco,7.0,17,2.7586206896551726,1.818,0.9402613146551726,0.9402613146551726,3.5294117647058827,2.3529411764705883,1.1764705882352944,1.1764705882352944,4,3,1,0.003159890436263356,0.004373702020512662,
2026-06-30,Phillips 66,US7185461040,TTDQ0D-R,North America,UNITED STATES,Oil Refining/Marketing,12.0,23,8.571428571428571,8.336,0.23549107142857117,0.23549107142857117,9.130434782608695,8.695652173913043,0.43478260869565233,0.43478260869565233,9,9,0,0.0007625642368226971,0.001051668004932323,
2026-06-30,"Pinnacle Financial Partners, Inc.",US72348N1090,WW3NPV-R,North America,UNITED STATES,Regional Banks,2.0,15,3.2,10.0,-6.8,6.8,1.3333333333333333,10.0,-8.666666666666666,8.666666666666666,2,10,-8,0.00016830293880397312,,
2026-06-30,"T. Rowe Price Group, Inc.",US74144T1088,VNRDMV-R,North America,UNITED STATES,Investment Managers,6.0,35,3.7209302325581395,5.13,-1.4079760174418605,1.4079760174418605,4.0,5.7142857142857135,-1.7142857142857135,1.7142857142857135,4,6,-2,0.00027243839203120205,0.00037797900177272153,
2026-06-30,"Principal Financial Group, Inc.",US74251V1026,DXZQS6-R,North America,UNITED STATES,Investment Managers,6.0,35,4.186046511627907,4.1,0.08448401162790731,0.08448401162790731,4.285714285714286,4.571428571428571,-0.2857142857142856,0.2857142857142856,4,5,-1,0.00026529792611550384,0.00032863050154127705,
2026-06-30,Procter & Gamble Company,US7427181091,RZXDWV-R,North America,UNITED STATES,Household/Personal Care,13.0,15,6.5,3.889,2.611328125,2.611328125,8.0,4.666666666666667,3.333333333333333,3.333333333333333,8,5,3,0.0038306275953558003,0.0052949660248333905,
2026-06-30,Progressive Corporation,US7433151039,HVV49B-R,North America,UNITED STATES,Multi-Line Insurance,10.0,23,3.75,6.4,-2.6484375,2.6484375,5.217391304347826,6.521739130434783,-1.304347826086957,1.304347826086957,5,7,-2,0.0014312434328118317,0.001980761009289769,
2026-06-30,"Prologis, Inc.",US74340W1036,B97MP0-R,North America,UNITED STATES,Real Estate Investment Trusts,14.0,28,6.052631578947368,5.145,0.9081003289473681,0.9081003289473681,6.428571428571429,4.642857142857143,1.7857142857142856,1.7857142857142856,7,5,2,0.0014150791517160979,0.001958854009187025,
2026-06-30,"Prudential Financial, Inc.",US7443201022,SHNVG7-R,North America,UNITED STATES,Life/Health Insurance,10.0,23,5.0,2.4,2.599609375,2.599609375,6.521739130434783,2.608695652173913,3.91304347826087,3.91304347826087,7,3,4,0.00042169282115068324,0.000581122802725466,
2026-06-30,Public Service Enterprise Group Inc,US7445731067,KYJFW8-R,North America,UNITED STATES,Electric Utilities,19.0,32,4.390243902439025,6.176,-1.7855373475609753,1.7855373475609753,4.375,6.5625,-2.1875,2.1875,5,7,-2,0.0004556371113962417,0.0006275751029433273,
2026-06-30,Public Storage,US74460D1090,C46DK8-R,North America,UNITED STATES,Real Estate Investment Trusts,14.0,28,7.105263157894736,6.0,1.1052631578947363,1.1052631578947363,7.857142857142857,5.7142857142857135,2.1428571428571432,2.1428571428571432,8,6,2,0.000558966400731169,0.0007804529036603241,
2026-06-30,"PulteGroup, Inc.",US7458671010,F1DFCD-R,North America,UNITED STATES,Homebuilding,13.0,15,3.5,2.777,0.72265625,0.72265625,4.666666666666667,3.333333333333333,1.333333333333334,1.333333333333334,5,4,1,0.00029902569920105325,0.00040551310190185645,
2026-06-30,"Everpure, Inc. Class A",US74624M1027,X197L5-R,North America,UNITED STATES,Computer Peripherals,16.0,90,3.8461538461538463,4.64,-0.7944711538461537,0.7944711538461537,3.6666666666666665,4.555555555555555,-0.8888888888888888,0.8888888888888888,4,5,-1,0.0002792300303006594,,
2026-06-30,"Qnity Electronics, Inc.",US74743L1008,KZXLYJ-R,North America,UNITED STATES,Electronic Equipment/Instruments,16.0,90,0.7692307692307693,2.062,-1.2932692307692308,1.2932692307692308,0.5555555555555556,2.111111111111111,-1.5555555555555556,1.5555555555555556,1,2,-1,0.0003869703692321315,0.0005301395024863543,
2026-06-30,QUALCOMM Incorporated,US7475251036,FXH4XG-R,North America,UNITED STATES,Semiconductors,16.0,90,4.711538461538462,3.094,1.6177884615384617,1.6177884615384617,4.666666666666667,3.0,1.666666666666667,1.666666666666667,5,3,2,0.002212106319889114,0.003022234014174277,
2026-06-30,"Quanta Services, Inc.",US74762E1029,S7P87W-R,North America,UNITED STATES,Engineering & Construction,5.0,13,8.88888888888889,9.29,-0.4001736111111107,0.4001736111111107,9.230769230769232,9.230769230769232,0.0,0.0,9,9,0,0.0012110539817563395,0.0016766010078632589,
2026-06-30,Quest Diagnostics Incorporated,US74834L1008,KHX8Q2-R,North America,UNITED STATES,Services to the Health Industry,8.0,57,7.058823529411765,4.266,2.7931985294117654,2.7931985294117654,6.842105263157895,3.859649122807017,2.9824561403508776,2.9824561403508776,7,4,3,0.0002702542189251523,0.00036403280170731384,
2026-06-30,RPM International Inc.,US7496851038,LN3YSL-R,North America,UNITED STATES,Industrial Specialties,4.0,8,4.545454545454545,6.0,-1.454545454545455,1.454545454545455,5.0,6.25,-1.25,1.25,5,6,-1,0.000166938830691953,,
2026-06-30,"Raymond James Financial, Inc.",US7547301090,F1DNTM-R,North America,UNITED STATES,Investment Managers,6.0,35,4.4186046511627906,4.617,-0.19858284883720945,0.19858284883720945,4.571428571428571,5.142857142857142,-0.5714285714285712,0.5714285714285712,5,5,0,0.00031884306982141105,0.00040923380191930657,
2026-06-30,RTX Corporation,US75513E1010,MKC1SV-R,North America,UNITED STATES,Aerospace & Defense,9.0,100,8.166666666666666,5.98,2.186197916666666,2.186197916666666,8.2,6.2,1.9999999999999991,1.9999999999999991,8,6,2,0.0028641119944228075,0.003963415018588417,
2026-06-30,Realty Income Corporation,US7561091049,B6ZXQL-R,North America,UNITED STATES,Real Estate Investment Trusts,14.0,28,5.526315789473685,6.285,-0.758840460526315,0.758840460526315,5.7142857142857135,6.071428571428571,-0.35714285714285765,0.35714285714285765,6,6,0,0.0006508973866966404,0.0008965025042045968,
2026-06-30,"Reddit, Inc. Class A",US75734B1008,JM5H9L-R,North America,UNITED STATES,Internet Software/Services,16.0,90,6.153846153846154,7.215,-1.0609975961538458,1.0609975961538458,6.333333333333333,7.333333333333333,-1.0,1.0,7,8,-1,0.00022403205560007794,,
2026-06-30,Regency Centers Corporation,US7588491032,BZPFLX-R,North America,UNITED STATES,Real Estate Investment Trusts,14.0,28,0.5263157894736842,4.855,-4.329152960526316,4.329152960526316,0.3571428571428571,4.285714285714286,-3.9285714285714284,3.9285714285714284,1,4,-3,0.00016228706201728267,0.00020390790095632804,
2026-06-30,"Regeneron Pharmaceuticals, Inc.",US75886F1075,S8ZQDV-R,North America,UNITED STATES,Pharmaceuticals: Major,8.0,57,8.382352941176471,9.56,-1.180147058823529,1.180147058823529,8.421052631578947,9.473684210526315,-1.0526315789473681,1.0526315789473681,9,10,-1,0.0007290437801679554,0.0009668361045344614,
2026-06-30,Regions Financial Corporation,US7591EP1005,FDS65G-R,North America,UNITED STATES,Major Banks,2.0,15,5.6000000000000005,5.883,-0.28281249999999947,0.28281249999999947,5.333333333333333,6.0,-0.666666666666667,0.666666666666667,6,6,0,0.000292907214282183,0.00039991350187559436,
2026-06-30,"Reliance, Inc.",US7595091023,VMM9PX-R,North America,UNITED STATES,Steel,3.0,9,5.666666666666666,5.383,0.2838541666666661,0.2838541666666661,7.777777777777778,7.777777777777778,0.0,0.0,8,8,0,0.00021677798068032877,,
2026-06-30,"Republic Services, Inc.",US7607591002,NPK7YX-R,North America,UNITED STATES,Environmental Services,19.0,32,1.707317073170732,5.0,-3.292682926829268,3.292682926829268,0.9375,5.3125,-4.375,4.375,1,5,-4,0.00048810078429587216,0.0006612108031010787,
2026-06-30,ResMed Inc.,US7611521078,J2MW73-R,North America,UNITED STATES,Medical Specialties,8.0,57,9.705882352941176,9.85,-0.14568014705882426,0.14568014705882426,9.649122807017545,9.82456140350877,-0.17543859649122595,0.17543859649122595,10,10,0,0.0003246663313424307,0.00043862500205715127,
2026-06-30,"Revolution Medicines, Inc.",US76155X1000,BMBP35-R,North America,UNITED STATES,Pharmaceuticals: Other,8.0,57,0.7352941176470589,0.2942,0.4411046645220589,0.4411046645220589,0.8771929824561403,0.3508771929824561,0.5263157894736842,0.5263157894736842,1,1,0,0.0003348675398364555,,
2026-06-30,"Rivian Automotive, Inc. Class A",US76954A1034,G7RF6F-R,North America,UNITED STATES,Motor Vehicles,1.0,6,2.8571428571428568,1.667,1.1901506696428568,1.1901506696428568,3.333333333333333,1.6666666666666665,1.6666666666666665,1.6666666666666665,4,2,2,0.00015138369787410141,,
2026-06-30,"Robinhood Markets, Inc. Class A",US7707001027,CSC7N1-R,North America,UNITED STATES,Investment Banks/Brokers,6.0,35,0.23255813953488372,0.2563,-0.023789516715116282,0.023789516715116282,0.2857142857142857,0.2857142857142857,0.0,0.0,1,1,0,0.000845478608178812,0.0012317530057769216,
2026-06-30,Roblox Corp. Class A,US7710491033,DX9NZT-R,North America,UNITED STATES,Packaged Software,16.0,90,0.576923076923077,0.3093,0.267596905048077,0.267596905048077,0.4444444444444445,0.3333333333333333,0.11111111111111116,0.11111111111111116,1,1,0,0.00036288546038918404,,
2026-06-30,"Rocket Companies, Inc. Class A",US77311W1018,WVFWFQ-R,North America,UNITED STATES,Finance/Rental/Leasing,6.0,35,7.906976744186046,5.383,2.5241642441860463,2.5241642441860463,8.0,6.0,2.0,2.0,8,6,2,0.0001596129500812632,,
2026-06-30,Rocket Lab Corporation,US7731211089,QZL0GG-R,North America,UNITED STATES,Aerospace & Defense,9.0,100,0.08333333333333333,0.1869,-0.10355631510416667,0.10355631510416667,0.1,0.2,-0.1,0.1,1,1,0,0.0005934108306151595,,
2026-06-30,"Rockwell Automation, Inc.",US7739031091,R4M2WP-R,North America,UNITED STATES,Electrical Products,9.0,100,3.25,3.365,-0.115234375,0.115234375,3.0,3.5,-0.5,0.5,3,4,-1,0.000623991654290083,0.000854627304008202,
2026-06-30,"Rollins, Inc.",US7757111049,WRVHRX-R,North America,UNITED STATES,Miscellaneous Commercial Services,11.0,11,1.6666666666666665,6.668,-5.001302083333334,5.001302083333334,0.9090909090909092,6.363636363636363,-5.454545454545454,5.454545454545454,1,7,-6,0.0001313548104900396,0.00019023390089219702,
2026-06-30,"Roper Technologies, Inc.",US7766961061,FQZF97-R,North America,UNITED STATES,Packaged Software,16.0,90,9.038461538461538,6.805,2.2337740384615383,2.2337740384615383,9.11111111111111,6.888888888888889,2.2222222222222214,2.2222222222222214,9,7,2,0.00039332757307060525,0.0005297665024846049,
2026-06-30,"Ross Stores, Inc.",US7782961038,FJ4NDH-R,North America,UNITED STATES,Apparel/Footwear Retail,15.0,28,9.473684210526315,10.0,-0.526315789473685,0.526315789473685,9.642857142857142,10.0,-0.35714285714285765,0.35714285714285765,10,10,0,0.000755396268727321,0.0010640310049903055,
2026-06-30,"S&P Global, Inc.",US78409V1044,PRGQ6L-R,North America,UNITED STATES,Financial Publishing/Services,6.0,35,4.651162790697675,2.564,2.0867096656976747,2.0867096656976747,4.857142857142857,2.8571428571428568,2.0,2.0,5,3,2,0.0013894431199393213,0.0019161380089866872,
2026-06-30,SBA Communications Corp. Class A,US78410G1040,XKT8J2-R,North America,UNITED STATES,Real Estate Investment Trusts,14.0,28,8.68421052631579,8.86,-0.17516447368421062,0.17516447368421062,8.928571428571429,8.928571428571429,0.0,0.0,9,9,0,0.00021431848575372242,0.00029034340136171056,
2026-06-30,"SS&C Technologies Holdings, Inc.",US78467J1007,G92RX2-R,North America,UNITED STATES,Packaged Software,16.0,90,7.211538461538462,3.814,3.3970853365384617,3.3970853365384617,7.555555555555555,3.7777777777777777,3.7777777777777777,3.7777777777777777,8,4,4,0.00014610267932840246,,
2026-06-30,"Salesforce, Inc.",US79466L3024,GZMRSV-R,North America,UNITED STATES,Packaged Software,16.0,90,7.403846153846154,6.7,0.7046274038461542,0.7046274038461542,7.777777777777778,6.777777777777779,0.9999999999999991,0.9999999999999991,8,7,1,0.0014062254500183603,0.001988571009326398,
2026-06-30,"Samsara, Inc. Class A",US79589L1061,M52F3X-R,North America,UNITED STATES,Packaged Software,16.0,90,6.4423076923076925,5.465,0.9774639423076925,0.9774639423076925,6.666666666666666,5.444444444444444,1.2222222222222223,1.2222222222222223,7,6,1,0.0001240812340247007,,
2026-06-30,Charles Schwab Corp,US8085131055,KM5Q58-R,North America,UNITED STATES,Investment Banks/Brokers,6.0,35,3.0232558139534884,4.36,-1.3361191860465116,1.3361191860465116,3.142857142857143,4.857142857142857,-1.714285714285714,1.714285714285714,3,5,-2,0.001718069165107802,0.0023405660109772548,
2026-06-30,Sea Limited Sponsored ADR Class A,US81141R1005,MG0VMN-R,North America,UNITED STATES,Internet Retail,15.0,28,5.526315789473685,6.0,-0.47368421052631504,0.47368421052631504,5.0,6.071428571428571,-1.0714285714285712,1.0714285714285712,5,6,-1,0.00040452316037385423,,
2026-06-30,Sempra,US8168511090,WQK5W2-R,North America,UNITED STATES,Gas Distributors,19.0,32,3.6585365853658534,2.354,1.3050209603658534,1.3050209603658534,3.4375,2.5,0.9375,0.9375,4,3,1,0.000678454870757599,0.0009403909044104334,
2026-06-30,"ServiceNow, Inc.",US81762P1021,MJ0XB7-R,North America,UNITED STATES,Packaged Software,16.0,90,0.4807692307692308,0.7217,-0.24091045673076922,0.24091045673076922,0.3333333333333333,0.7777777777777778,-0.4444444444444445,0.4444444444444445,1,1,0,0.0011634052053654319,0.0015887970074514582,
2026-06-30,Sherwin-Williams Company,US8243481061,GC9695-R,North America,UNITED STATES,Industrial Specialties,9.0,100,1.5833333333333333,3.084,-1.5006510416666667,1.5006510416666667,1.4000000000000001,3.2,-1.8,1.8,2,3,-1,0.0009017074645816444,0.0012255060057476232,
2026-06-30,"Simon Property Group, Inc.",US8288061091,M1H0C2-R,North America,UNITED STATES,Real Estate Investment Trusts,14.0,28,3.4210526315789473,3.143,0.27847450657894735,0.27847450657894735,3.5714285714285716,2.8571428571428568,0.7142857142857149,0.7142857142857149,4,3,1,0.0008096051650387618,0.0011253750052780088,
2026-06-30,Snap-on Incorporated,US8330341012,DXW84Y-R,North America,UNITED STATES,Tools & Hardware,9.0,100,2.4166666666666665,7.945,-5.528645833333334,5.528645833333334,2.1,8.0,-5.9,5.9,2,8,-6,0.0002318346739944921,0.00032344570151696036,
2026-06-30,"Snowflake, Inc.",US8334451098,JWW8TR-R,North America,UNITED STATES,Packaged Software,16.0,90,2.7884615384615383,1.443,1.3451021634615383,1.3451021634615383,2.5555555555555554,1.5555555555555556,0.9999999999999998,0.9999999999999998,3,2,1,0.0009360861892581863,,
2026-06-30,SoFi Technologies Inc,US83406F1021,HGZX4Y-R,North America,UNITED STATES,Finance/Rental/Leasing,6.0,35,2.558139534883721,0.769,1.789096566133721,1.789096566133721,2.571428571428571,0.8571428571428572,1.714285714285714,1.714285714285714,3,1,2,0.00025051335436826184,,
2026-06-30,Southern Company,US8425871071,XGFDHN-R,North America,UNITED STATES,Electric Utilities,19.0,32,2.1951219512195124,2.646,-0.45136242378048763,0.45136242378048763,1.5625,2.8125,-1.25,1.25,2,3,-1,0.0012065536250817864,0.0016741560078517917,
2026-06-30,Space Exploration Technologies Corp. Class A,US84615Q1031,L60J7T-R,North America,UNITED STATES,Specialty Telecommunications,17.0,14,0.5555555555555556,0.7144,-0.15879991319444442,0.15879991319444442,0.7142857142857142,0.7142857142857142,0.0,0.0,1,1,0,0.0010046806256917254,,
2026-06-30,"Block, Inc. Class A",US8522341036,QV31TF-R,North America,UNITED STATES,Miscellaneous Commercial Services,9.0,100,5.0,5.047,-0.046875,0.046875,4.699999999999999,5.300000000000001,-0.6000000000000014,0.6000000000000014,5,5,0,0.0004384552496524283,0.0006311416029600542,
2026-06-30,Starbucks Corporation,US8552441094,TWTDGH-R,North America,UNITED STATES,Restaurants,18.0,20,8.461538461538462,2.691,5.770132211538462,5.770132211538462,8.5,3.0,5.5,5.5,9,3,6,0.00130339129992556,0.0018072160084758432,
2026-06-30,State Street Corporation,US8574771031,JQZ00G-R,North America,UNITED STATES,Finance/Rental/Leasing,6.0,35,10.0,8.72,1.28125,1.28125,10.0,9.142857142857142,0.8571428571428577,0.8571428571428577,10,9,1,0.0005282766684247213,0.0007283087034157679,
2026-06-30,"Steel Dynamics, Inc.",US8581191009,MTBCGY-R,North America,UNITED STATES,Steel,3.0,9,7.333333333333333,6.92,0.41145833333333304,0.41145833333333304,8.88888888888889,10.0,-1.1111111111111107,1.1111111111111107,9,10,-1,0.00035646515154934044,0.0004827542022641172,
2026-06-30,Stryker Corporation,US8636671013,TY1WWM-R,North America,UNITED STATES,Medical Specialties,8.0,57,4.411764705882353,7.5,-3.0882352941176467,3.0882352941176467,4.035087719298246,7.368421052631579,-3.333333333333333,3.333333333333333,4,8,-4,0.0012128931275173403,0.001685578007905361,
2026-06-30,"Sun Communities, Inc.",US8666741041,B2F8KN-R,North America,UNITED STATES,Real Estate Investment Trusts,14.0,28,1.3157894736842104,0.857,0.4588558799342104,0.4588558799342104,1.4285714285714284,1.0714285714285714,0.357142857142857,0.357142857142857,2,1,1,0.0001704165063141955,,
2026-06-30,Sunbelt Rentals Holdings Inc,US8669661048,CQWN5R-R,North America,UNITED STATES,Finance/Rental/Leasing,6.0,35,0.6976744186046512,2.309,-1.610919331395349,1.610919331395349,0.8571428571428572,2.571428571428571,-1.714285714285714,1.714285714285714,1,3,-2,0.00033955571139622666,,
2026-06-30,"Super Micro Computer, Inc.",US86800U3023,PTW56G-R,North America,UNITED STATES,Computer Processing Hardware,16.0,90,4.8076923076923075,3.506,1.3018329326923075,1.3018329326923075,4.777777777777778,3.4444444444444446,1.333333333333333,1.333333333333333,5,4,1,0.0001695635387124785,0.000256109801201155,
2026-06-30,"Synopsys, Inc.",US8716071076,CPCV0Y-R,North America,UNITED STATES,Packaged Software,16.0,90,2.1153846153846154,1.237,0.8780799278846154,0.8780799278846154,1.777777777777778,1.3333333333333333,0.44444444444444464,0.44444444444444464,2,2,0,0.0009131215692034243,0.0013259210062185694,
2026-06-30,Synchrony Financial,US87165B1035,VQYTRP-R,North America,UNITED STATES,Finance/Rental/Leasing,9.0,100,9.5,9.53,-0.03125,0.03125,9.6,9.6,0.0,0.0,10,10,0,0.0002987356762153598,0.0003969376018616374,
2026-06-30,Sysco Corporation,US8718291078,T2TNWF-R,North America,UNITED STATES,Food Distributors,15.0,28,1.8421052631578947,1.333,0.5090974506578947,0.5090974506578947,1.4285714285714284,1.0714285714285714,0.357142857142857,0.357142857142857,2,1,1,0.0004482857287643961,0.0006201455029084824,
2026-06-30,TJX Companies Inc,US8725401090,S8ZPBT-R,North America,UNITED STATES,Apparel/Footwear Retail,15.0,28,8.157894736842104,8.336,-0.17804276315789558,0.17804276315789558,8.571428571428571,8.571428571428571,0.0,0.0,9,9,0,0.0018890837188200824,0.002599574012192002,
2026-06-30,"T-Mobile US, Inc.",US8725901040,W5QQ9P-R,North America,UNITED STATES,Wireless Telecommunications,17.0,14,5.0,5.0,0.0,0.0,6.428571428571429,5.0,1.4285714285714288,1.4285714285714288,7,5,2,0.0009314082185068775,0.00121117700568042,
2026-06-30,"Take-Two Interactive Software, Inc.",US8740541094,MYW502-R,North America,UNITED STATES,Packaged Software,16.0,90,2.307692307692308,1.855,0.45222355769230793,0.45222355769230793,2.0,1.8888888888888888,0.11111111111111116,0.11111111111111116,2,2,0,0.000504524985991543,0.0006752086031667283,
2026-06-30,"Tapestry, Inc.",US8760301072,LN3P8B-R,North America,UNITED STATES,Apparel/Footwear Retail,15.0,28,8.947368421052632,9.0,-0.05263157894736814,0.05263157894736814,8.928571428571429,9.285714285714286,-0.35714285714285765,0.35714285714285765,9,9,0,0.0003238239645808804,0.0004596377021557008,
2026-06-30,Target Corporation,US87612E1064,J994MP-R,North America,UNITED STATES,Specialty Stores,15.0,28,9.736842105263158,8.664,1.0727796052631575,1.0727796052631575,10.0,8.928571428571429,1.0714285714285712,1.0714285714285712,10,9,1,0.0006645932721603448,0.0009187908043091289,
2026-06-30,Targa Resources Corp.,US87612G1013,DKTB77-R,North America,UNITED STATES,Gas Distributors,12.0,23,5.7142857142857135,4.582,1.1322544642857135,1.1322544642857135,5.217391304347826,4.782608695652174,0.43478260869565233,0.43478260869565233,5,5,0,0.0006347351057594284,0.0008929970041881559,
2026-06-30,Teledyne Technologies Incorporated,US8793601050,MTGSY3-R,North America,UNITED STATES,Aerospace & Defense,9.0,100,4.666666666666667,2.15,2.516276041666667,2.516276041666667,4.3,2.2,2.0999999999999996,2.0999999999999996,5,2,3,0.00034658816875173556,0.0004794900022488081,
2026-06-30,"Teradyne, Inc.",US8807701029,G4GB6B-R,North America,UNITED STATES,Electronic Production Equipment,16.0,90,5.0,9.484,-4.484375,4.484375,5.0,9.555555555555555,-4.555555555555555,4.555555555555555,5,10,-5,0.0008494636240101658,0.0011748250055099293,
2026-06-30,"Tesla, Inc.",US88160R1014,Q2YN1N-R,North America,UNITED STATES,Motor Vehicles,1.0,6,5.7142857142857135,5.0,0.7142857142857135,0.7142857142857135,6.666666666666666,5.0,1.666666666666666,1.666666666666666,7,5,2,0.013305084490878952,0.018371990086164632,
2026-06-30,Teva Pharmaceutical Industries Limited Sponsored ADR,US8816242098,QWP6YY-R,North America,UNITED STATES,Pharmaceuticals: Generic,8.0,57,1.6176470588235294,2.646,-1.0288373161764706,1.0288373161764706,1.5789473684210527,2.631578947368421,-1.0526315789473681,1.0526315789473681,2,3,-1,0.0004487029618320902,,
2026-06-30,Texas Instruments Incorporated,US8825081040,HQ87P5-R,North America,UNITED STATES,Semiconductors,16.0,90,7.3076923076923075,8.14,-0.8329326923076925,0.8329326923076925,7.666666666666667,8.222222222222221,-0.5555555555555545,0.5555555555555545,8,8,0,0.0030435232136105436,0.0042090430197404115,
2026-06-30,Texas Pacific Land Corporation,US88262P1021,SJX7P8-R,North America,UNITED STATES,Investment Trusts/Mutual Funds,12.0,23,0.8571428571428572,0.4167,0.4403948102678572,0.4403948102678572,0.8695652173913043,0.43478260869565216,0.43478260869565216,0.43478260869565216,1,1,0,0.00028779110880662487,0.00039325220184435283,
2026-06-30,Textron Inc.,US8832031012,GN6RRQ-R,North America,UNITED STATES,Aerospace & Defense,9.0,100,9.416666666666666,5.33,4.088541666666666,4.088541666666666,9.5,5.6000000000000005,3.8999999999999995,3.8999999999999995,10,6,4,0.00017957033179816267,0.0002469665011582729,
2026-06-30,Thermo Fisher Scientific Inc.,US8835561023,BK6JKQ-R,North America,UNITED STATES,Medical Specialties,8.0,57,4.5588235294117645,1.471,3.0881204044117645,3.0881204044117645,4.2105263157894735,1.4035087719298245,2.807017543859649,2.807017543859649,4,2,2,0.002089139574192885,0.002890905013558344,
2026-06-30,3M Company,US88579Y1010,FT8DNV-R,North America,UNITED STATES,Industrial Conglomerates,9.0,100,4.083333333333333,3.832,0.25130208333333304,0.25130208333333304,3.5999999999999996,4.0,-0.40000000000000036,0.40000000000000036,4,4,0,0.0009625006827317347,0.0013103230061454149,
2026-06-30,"Toast, Inc. Class A",US8887871080,Q85TM3-R,North America,UNITED STATES,Packaged Software,16.0,90,4.519230769230769,6.906,-2.387019230769231,2.387019230769231,4.444444444444445,7.0,-2.5555555555555554,2.5555555555555554,5,7,-2,0.0001385367796950698,,
2026-06-30,Tractor Supply Company,US8923561067,BRWKF0-R,North America,UNITED STATES,Specialty Stores,15.0,28,1.5789473684210527,1.667,-0.08804481907894735,0.08804481907894735,1.0714285714285714,1.4285714285714284,-0.357142857142857,0.357142857142857,1,2,-1,0.00018708792760318847,0.00025723860120644906,
2026-06-30,"Tradeweb Markets, Inc. Class A",US8926721064,RHVDR3-R,North America,UNITED STATES,Investment Banks/Brokers,6.0,35,3.488372093023256,6.92,-3.433502906976744,3.433502906976744,3.7142857142857144,7.714285714285714,-4.0,4.0,4,8,-4,0.00013266151405247762,,
2026-06-30,TransDigm Group Incorporated,US8936411003,Q8G78M-R,North America,UNITED STATES,Aerospace & Defense,9.0,100,4.583333333333333,1.963,2.620442708333333,2.620442708333333,4.2,2.0,2.2,2.2,4,2,2,0.0008434242453608416,0.0011556920054201954,
2026-06-30,TransUnion,US89400J1079,G3ZPT3-R,North America,UNITED STATES,Financial Publishing/Services,9.0,100,8.666666666666668,5.61,3.057291666666668,3.057291666666668,8.8,5.8,3.000000000000001,3.000000000000001,9,6,3,0.00016133248636264689,,
2026-06-30,"Travelers Companies, Inc.",US89417E1091,FS319Q-R,North America,UNITED STATES,Property/Casualty Insurance,10.0,23,8.4375,8.8,-0.359375,0.359375,9.565217391304348,8.695652173913043,0.8695652173913047,0.8695652173913047,10,9,1,0.0007960101875724933,0.001089200005108348,
2026-06-30,Trimble Inc.,US8962391004,TBS2VP-R,North America,UNITED STATES,Packaged Software,9.0,100,7.0,2.43,4.5703125,4.5703125,7.0,2.5,4.5,4.5,7,3,4,0.0001381044454305344,0.00018512200086822218,
2026-06-30,Truist Financial Corporation,US89832Q1094,GX5LJC-R,North America,UNITED STATES,Regional Banks,2.0,15,7.199999999999999,6.47,0.7312499999999993,0.7312499999999993,6.666666666666666,6.666666666666666,0.0,0.0,7,7,0,0.0006992001149163237,0.0009631282045170712,
2026-06-30,"Twilio, Inc. Class A",US90138F1021,QWG0VT-R,North America,UNITED STATES,Packaged Software,16.0,90,4.038461538461538,2.371,1.6673677884615383,1.6673677884615383,3.888888888888889,2.3333333333333335,1.5555555555555554,1.5555555555555554,4,3,1,0.00033428349354802466,,
2026-06-30,"Tyler Technologies, Inc.",US9022521051,RT7HCR-R,North America,UNITED STATES,Data Processing Services,16.0,90,4.230769230769231,2.783,1.4475661057692308,1.4475661057692308,4.111111111111111,2.7777777777777777,1.333333333333333,1.333333333333333,4,3,1,0.00013851197772939673,0.0001912581008970005,
2026-06-30,"Tyson Foods, Inc. Class A",US9024941034,BM9QXX-R,North America,UNITED STATES,Food: Meat/Fish/Dairy,7.0,17,6.551724137931034,4.547,2.004849137931034,2.004849137931034,7.058823529411765,5.882352941176471,1.1764705882352944,1.1764705882352944,7,6,1,0.0001797151432751572,0.00025063010117545517,
2026-06-30,U.S. Bancorp,US9029733048,WYJT0C-R,North America,UNITED STATES,Major Banks,2.0,15,5.2,7.06,-1.8585937499999998,1.8585937499999998,4.666666666666667,7.333333333333333,-2.666666666666666,2.666666666666666,5,8,-3,0.0010535634998907217,0.001454871006823345,
2026-06-30,"Uber Technologies, Inc.",US90353T1007,TR0FX7-R,North America,UNITED STATES,Other Transportation,9.0,100,1.0833333333333335,0.7476,0.3357747395833335,0.3357747395833335,1.0,0.8,0.19999999999999996,0.19999999999999996,1,1,0,0.0014472987052681153,0.002279282010689833,
2026-06-30,Ulta Beauty Inc.,US90384S3031,GM3DBL-R,North America,UNITED STATES,Specialty Stores,15.0,28,4.2105263157894735,4.0,0.21052631578947345,0.21052631578947345,3.9285714285714284,3.9285714285714284,0.0,0.0,4,4,0,0.00022471190948171373,0.0003047462014292597,
2026-06-30,Union Pacific Corporation,US9078181081,M1FW60-R,North America,UNITED STATES,Railroads,9.0,100,6.083333333333333,3.926,2.157552083333333,2.157552083333333,5.8999999999999995,4.1,1.7999999999999998,1.7999999999999998,6,4,2,0.0018147898306780372,0.002505822011752305,
2026-06-30,"United Airlines Holdings, Inc.",US9100471096,QKJS7V-R,North America,UNITED STATES,Airlines,18.0,20,3.8461538461538463,1.154,2.6918569711538463,2.6918569711538463,4.5,1.5,3.0,3.0,5,2,3,0.00012718618010636407,0.0006848816032120948,
2026-06-30,"United Parcel Service, Inc. Class B",US9113121068,KPFMHW-R,North America,UNITED STATES,Air Freight/Couriers,9.0,100,5.833333333333334,6.543,-0.7096354166666661,0.7096354166666661,5.6000000000000005,6.7,-1.0999999999999996,1.0999999999999996,6,7,-1,0.0008945809997756003,0.0012453820058408417,
2026-06-30,"United Rentals, Inc.",US9113631090,W0Z4W6-R,North America,UNITED STATES,Finance/Rental/Leasing,9.0,100,3.5,3.178,0.322265625,0.322265625,3.3000000000000003,3.3000000000000003,0.0,0.0,3,3,0,0.0008003060280381695,0.0011009980051636806,
2026-06-30,United Therapeutics Corporation,US91307C1027,P6GXH6-R,North America,UNITED STATES,Biotechnology,8.0,57,6.029411764705882,2.795,3.2344898897058822,3.2344898897058822,5.7894736842105265,2.807017543859649,2.9824561403508776,2.9824561403508776,6,3,3,0.00024372451632073537,,
2026-06-30,UnitedHealth Group Incorporated,US91324P1021,GGPVTB-R,North America,UNITED STATES,Managed Health Care,8.0,57,8.970588235294118,8.234,0.7362132352941178,0.7362132352941178,9.12280701754386,8.24561403508772,0.8771929824561404,0.8771929824561404,9,8,1,0.004232717462879687,0.005853067027450884,
2026-06-30,Valero Energy Corporation,US91913Y1001,H2VPCM-R,North America,UNITED STATES,Oil Refining/Marketing,12.0,23,9.714285714285714,9.586,0.12834821428571352,0.12834821428571352,10.0,9.565217391304348,0.43478260869565233,0.43478260869565233,10,10,0,0.000876276249037523,0.0011999480056277562,
2026-06-30,Veeva Systems Inc. Class A,US9224751084,S5879M-R,North America,UNITED STATES,Packaged Software,8.0,57,3.6764705882352944,5.293,-1.6164981617647056,1.6164981617647056,3.1578947368421053,5.087719298245615,-1.9298245614035094,1.9298245614035094,3,5,-2,0.0002918592312245687,0.0004134509019390847,
2026-06-30,"Ventas, Inc.",US92276F1003,THB4X2-R,North America,UNITED STATES,Real Estate Investment Trusts,14.0,28,5.263157894736842,2.857,2.4057360197368416,2.4057360197368416,5.357142857142857,2.5,2.8571428571428568,2.8571428571428568,6,3,3,0.0004736839416929042,0.0006699140031418968,
2026-06-30,Veralto Corporation,US92338C1036,P4XV2C-R,North America,UNITED STATES,Industrial Machinery,9.0,100,1.8333333333333333,3.738,-1.9049479166666667,1.9049479166666667,1.6,3.9000000000000004,-2.3000000000000003,2.3000000000000003,2,4,-2,0.00023842189606299854,0.00033792850158488466,
2026-06-30,"VeriSign, Inc.",US92343E1029,NB76FG-R,North America,UNITED STATES,Internet Software/Services,16.0,90,7.115384615384616,8.766,-1.6502403846153841,1.6502403846153841,7.444444444444445,8.88888888888889,-1.4444444444444446,1.4444444444444446,8,9,-1,0.00023167066099568612,0.0003195875014988654,
2026-06-30,Verizon Communications Inc.,US92343V1044,FT8FQW-R,North America,UNITED STATES,Wireless Telecommunications,17.0,14,6.666666666666666,5.715,0.9518229166666661,0.9518229166666661,8.571428571428571,5.7142857142857135,2.8571428571428577,2.8571428571428577,9,6,3,0.0019890986454760905,0.002743287012866016,
2026-06-30,"Verisk Analytics, Inc.",US92345Y1064,M67VFY-R,North America,UNITED STATES,Data Processing Services,9.0,100,1.3333333333333333,2.617,-1.2838541666666667,1.2838541666666667,1.1,2.7,-1.6,1.6,1,3,-2,0.00026047124357808253,0.00036500600171187817,
2026-06-30,Vertex Pharmaceuticals Incorporated,US92532F1003,FFQNC3-R,North America,UNITED STATES,Pharmaceuticals: Major,8.0,57,4.852941176470588,2.941,1.9115349264705879,1.9115349264705879,4.56140350877193,2.982456140350877,1.5789473684210527,1.5789473684210527,5,3,2,0.0014203865723542875,0.001956229009174714,
2026-06-30,Vertiv Holdings Co. Class A,US92537N1081,K1CWC1-R,North America,UNITED STATES,Electronic Production Equipment,16.0,90,6.826923076923077,7.01,-0.18479567307692335,0.18479567307692335,7.111111111111112,7.111111111111112,0.0,0.0,7,7,0,0.0013673153662101738,0.0019943920093536986,
2026-06-30,VICI Properties Inc,US9256521090,XQF8XY-R,North America,UNITED STATES,Real Estate Investment Trusts,14.0,28,8.947368421052632,9.14,-0.19325657894736814,0.19325657894736814,9.285714285714286,9.285714285714286,0.0,0.0,9,9,0,0.0003196106306542376,0.0004497433021092961,
2026-06-30,Visa Inc. Class A,US92826C8394,LC1BTF-R,North America,UNITED STATES,Finance/Rental/Leasing,9.0,100,3.1666666666666665,6.074,-2.9075520833333335,2.9075520833333335,2.9,6.3,-3.4,3.4,3,6,-3,0.0064827527888219345,0.008831090041417813,
2026-06-30,Vistra Corp.,US92840M1027,KZNLFS-R,North America,UNITED STATES,Electric Utilities,19.0,32,5.121951219512195,5.293,-0.17101753048780477,0.17101753048780477,5.3125,5.625,-0.3125,0.3125,5,6,-1,0.0006030060910849373,0.0007802027036591507,
2026-06-30,Vulcan Materials Company,US9291601097,MQ0Y3T-R,North America,UNITED STATES,Construction Materials,5.0,13,5.0,3.572,1.427734375,1.427734375,6.153846153846154,3.8461538461538463,2.307692307692308,2.307692307692308,6,4,2,0.0004277951047855251,0.0005939274027855195,
2026-06-30,W. P. Carey Inc.,US92936U1097,V4QM4M-R,North America,UNITED STATES,Real Estate Investment Trusts,14.0,28,10.0,9.71,0.2890625,0.2890625,10.0,10.0,0.0,0.0,10,10,0,0.00016646539316979,,
2026-06-30,WEC Energy Group Inc,US92939U1060,RFPMVX-R,North America,UNITED STATES,Electric Utilities,19.0,32,2.682926829268293,4.117,-1.4342606707317072,1.4342606707317072,2.1875,4.375,-2.1875,2.1875,2,5,-3,0.0004239396992263985,0.0005902095027680826,
2026-06-30,Westinghouse Air Brake Technologies Corporation,US9297401088,XF43NV-R,North America,UNITED STATES,Trucks/Construction/Farm Machinery,9.0,100,8.0,3.457,4.54296875,4.54296875,8.0,3.5999999999999996,4.4,4.4,8,4,4,0.0005183644828371288,0.0007097404033286826,
2026-06-30,Walmart Inc.,US9311421039,CSMTMQ-R,North America,UNITED STATES,Specialty Stores,15.0,28,5.0,4.332,0.66796875,0.66796875,4.642857142857143,4.285714285714286,0.35714285714285765,0.35714285714285765,5,4,1,0.005581901392087717,0.007700511036115396,
2026-06-30,"Warner Bros. Discovery, Inc. Series A",US9344231041,B71DJZ-R,North America,UNITED STATES,Cable/Satellite TV,11.0,11,2.7777777777777777,5.555,-2.7769097222222223,2.7769097222222223,1.8181818181818183,4.545454545454545,-2.7272727272727266,2.7272727272727266,2,5,-3,0.000707110641863001,0.0010252590048084648,
2026-06-30,"Waste Management, Inc.",US94106L1098,TZ2TSL-R,North America,UNITED STATES,Environmental Services,19.0,32,2.4390243902439024,2.941,-0.5023818597560976,0.5023818597560976,1.875,3.125,-1.25,1.25,2,3,-1,0.0010139083570330813,0.001277700005992413,
2026-06-30,Waters Corporation,US9418481035,WL1GCY-R,North America,UNITED STATES,Medical Specialties,8.0,57,0.29411764705882354,0.4412,-0.14704446231617646,0.14704446231617646,0.3508771929824561,0.5263157894736842,-0.17543859649122806,0.17543859649122806,1,1,0,0.00041322264984954373,0.0005706372026762884,
2026-06-30,"Watsco, Inc.",US9426222009,L8N68Q-R,North America,UNITED STATES,Building Products,5.0,13,2.7777777777777777,2.143,0.6351996527777777,0.6351996527777777,3.8461538461538463,2.307692307692308,1.5384615384615383,1.5384615384615383,4,3,1,0.0001597316594895453,,
2026-06-30,Wells Fargo & Company,US9497461015,VWF970-R,North America,UNITED STATES,Major Banks,2.0,15,7.6,4.707,2.8929687499999996,2.8929687499999996,7.333333333333333,4.666666666666667,2.666666666666666,2.666666666666666,8,5,3,0.0028439073931125864,0.003922847018398152,
2026-06-30,Welltower Inc.,US95040Q1040,B6ZP8C-R,North America,UNITED STATES,Real Estate Investment Trusts,14.0,28,8.157894736842104,0.5713,7.586605674342104,7.586605674342104,8.214285714285714,0.7142857142857142,7.499999999999999,7.499999999999999,8,1,7,0.0017927840866187334,0.0024861310116599546,
2026-06-30,"West Pharmaceutical Services, Inc.",US9553061055,S8Z499-R,North America,UNITED STATES,Medical Specialties,8.0,57,8.676470588235293,8.82,-0.1438419117647065,0.1438419117647065,8.771929824561402,8.771929824561402,0.0,0.0,9,9,0,0.00029475046036815384,0.00039354400184572134,
2026-06-30,Western Digital Corporation,US9581021055,W00MKH-R,North America,UNITED STATES,Computer Peripherals,16.0,90,4.134615384615384,9.586,-5.451322115384616,5.451322115384616,4.0,9.666666666666666,-5.666666666666666,5.666666666666666,4,10,-6,0.002478672446515507,0.003414959016016158,
2026-06-30,Weyerhaeuser Company,US9621661043,DLSMXK-R,North America,UNITED STATES,Real Estate Investment Trusts,14.0,28,2.631578947368421,5.715,-3.083264802631579,3.083264802631579,2.8571428571428568,5.357142857142857,-2.5,2.5,3,6,-3,0.00018981534376381984,0.00026581210124665877,
2026-06-30,"Williams Companies, Inc.",US9694571004,QSDQCP-R,North America,UNITED STATES,Oil & Gas Pipelines,12.0,23,3.7142857142857144,2.084,1.6303013392857144,1.6303013392857144,3.0434782608695654,2.1739130434782608,0.8695652173913047,0.8695652173913047,3,2,1,0.0010158135080253088,0.0014083230066050348,
2026-06-30,"Williams-Sonoma, Inc.",US9699041011,BZPTB8-R,North America,UNITED STATES,Specialty Stores,15.0,28,6.052631578947368,6.668,-0.6153371710526319,0.6153371710526319,5.7142857142857135,6.7857142857142865,-1.071428571428573,1.071428571428573,6,7,-1,0.00030773358934253525,0.00042584140199719616,
2026-06-30,"Workday, Inc. Class A",US98138H1014,KJZ16V-R,North America,UNITED STATES,Information Technology Services,16.0,90,2.4038461538461537,2.475,-0.07076322115384626,0.07076322115384626,2.111111111111111,2.444444444444444,-0.33333333333333304,0.33333333333333304,2,3,-1,0.0002891647176716246,0.000386955001814819,
2026-06-30,"XPO, Inc.",US9837931008,W8XYKT-R,North America,UNITED STATES,Trucking,9.0,100,3.416666666666667,5.516,-2.098958333333333,2.098958333333333,3.2,5.699999999999999,-2.499999999999999,2.499999999999999,3,6,-3,0.0002551132189292857,,
2026-06-30,Xcel Energy Inc.,US98389B1008,KB791X-R,North America,UNITED STATES,Electric Utilities,19.0,32,6.097560975609756,3.53,2.568264100609756,2.568264100609756,6.5625,3.75,2.8125,2.8125,7,4,3,0.000559840169981515,0.0007778566036481476,
2026-06-30,Xylem Inc.,US98419M1009,RSQN90-R,North America,UNITED STATES,Industrial Machinery,9.0,100,7.916666666666666,3.271,4.645182291666666,4.645182291666666,7.9,3.4000000000000004,4.5,4.5,8,4,4,0.0003303464815211994,0.00043600590204486767,
2026-06-30,"Yum! Brands, Inc.",US9884981013,VCNXSP-R,North America,UNITED STATES,Restaurants,18.0,20,4.615384615384616,5.0,-0.38461538461538414,0.38461538461538414,5.5,5.5,0.0,0.0,6,6,0,0.00048730432117240235,0.0006837257032066735,
2026-06-30,"Zimmer Biomet Holdings, Inc.",US98956P1021,LJQYJ1-R,North America,UNITED STATES,Medical Specialties,8.0,57,7.941176470588235,3.383,4.558363970588235,4.558363970588235,7.894736842105264,3.333333333333333,4.561403508771931,4.561403508771931,8,4,4,0.00018598834045570597,0.0002584281012120278,
2026-06-30,"Zoetis, Inc. Class A",US98978V1035,TW6KKV-R,North America,UNITED STATES,Pharmaceuticals: Major,8.0,57,6.176470588235294,9.12,-2.9407169117647056,2.9407169117647056,5.964912280701754,8.947368421052632,-2.9824561403508776,2.9824561403508776,6,9,-3,0.0003417683867612153,0.00046746410219240667,
2026-06-30,"Zscaler, Inc.",US98980G1022,VTH886-R,North America,UNITED STATES,Packaged Software,16.0,90,2.5961538461538463,0.6187,1.9775015024038463,1.9775015024038463,2.3333333333333335,0.6666666666666666,1.666666666666667,1.666666666666667,3,1,2,0.0001648217629043171,,
2026-06-30,"Zoom Communications, Inc. Class A",US98980L1017,HVKZ86-R,North America,UNITED STATES,Packaged Software,16.0,90,3.6538461538461537,3.195,0.45853365384615374,0.45853365384615374,3.4444444444444446,3.111111111111111,0.3333333333333335,0.3333333333333335,4,3,1,0.00023385633422062744,,
