market,version,candidate_id,date,top,worst,benchmark
stoxx600,old,stoxx600_syn_subset_e5c1a446e9,2009-10-30,102.281,99.496,101.236
stoxx600,old,stoxx600_syn_subset_e5c1a446e9,2009-11-30,102.801,103.413,102.556
stoxx600,old,stoxx600_syn_subset_e5c1a446e9,2009-12-31,109.291,108.949,108.841
stoxx600,old,stoxx600_syn_subset_e5c1a446e9,2010-01-29,110.138,108.955,105.921
stoxx600,old,stoxx600_syn_subset_e5c1a446e9,2010-02-26,109.537,107.737,105.55
stoxx600,old,stoxx600_syn_subset_e5c1a446e9,2010-03-31,119.805,115.152,113.603
stoxx600,old,stoxx600_syn_subset_e5c1a446e9,2010-04-30,120.214,113.773,112.6
stoxx600,old,stoxx600_syn_subset_e5c1a446e9,2010-05-31,113.419,107.845,107.277
stoxx600,old,stoxx600_syn_subset_e5c1a446e9,2010-06-30,111.363,106.4,106.706
stoxx600,old,stoxx600_syn_subset_e5c1a446e9,2010-07-30,119.325,111.377,112.166
stoxx600,old,stoxx600_syn_subset_e5c1a446e9,2010-08-31,117.98,109.469,110.679
stoxx600,old,stoxx600_syn_subset_e5c1a446e9,2010-09-30,124.126,112.048,114.537
stoxx600,old,stoxx600_syn_subset_e5c1a446e9,2010-10-29,128.09,112.55,117.522
stoxx600,old,stoxx600_syn_subset_e5c1a446e9,2010-11-30,127.106,111.293,115.795
stoxx600,old,stoxx600_syn_subset_e5c1a446e9,2010-12-31,135.166,118.091,121.954
stoxx600,old,stoxx600_syn_subset_e5c1a446e9,2011-01-31,135.966,120.547,124.122
stoxx600,old,stoxx600_syn_subset_e5c1a446e9,2011-02-28,139.057,122.584,127.17
stoxx600,old,stoxx600_syn_subset_e5c1a446e9,2011-03-31,136.517,118.534,122.912
stoxx600,old,stoxx600_syn_subset_e5c1a446e9,2011-04-29,141.7,122.426,127.222
stoxx600,old,stoxx600_syn_subset_e5c1a446e9,2011-05-31,141.107,121.703,127.315
stoxx600,old,stoxx600_syn_subset_e5c1a446e9,2011-06-30,138.692,119.076,123.961
stoxx600,old,stoxx600_syn_subset_e5c1a446e9,2011-07-29,136.437,112.463,120.523
stoxx600,old,stoxx600_syn_subset_e5c1a446e9,2011-08-31,123.269,97.39,107.993
stoxx600,old,stoxx600_syn_subset_e5c1a446e9,2011-09-30,116.785,90.481,102.802
stoxx600,old,stoxx600_syn_subset_e5c1a446e9,2011-10-31,127.629,97.061,110.839
stoxx600,old,stoxx600_syn_subset_e5c1a446e9,2011-11-30,127.819,94.516,109.397
stoxx600,old,stoxx600_syn_subset_e5c1a446e9,2011-12-30,129.282,94.978,111.241
stoxx600,old,stoxx600_syn_subset_e5c1a446e9,2012-01-31,135.879,99.289,115.927
stoxx600,old,stoxx600_syn_subset_e5c1a446e9,2012-02-29,142.181,102.335,120.895
stoxx600,old,stoxx600_syn_subset_e5c1a446e9,2012-03-30,142.642,101.659,120.847
stoxx600,old,stoxx600_syn_subset_e5c1a446e9,2012-04-30,141.923,98.419,118.88
stoxx600,old,stoxx600_syn_subset_e5c1a446e9,2012-05-31,133.124,92.2,111.686
stoxx600,old,stoxx600_syn_subset_e5c1a446e9,2012-06-29,138.407,95.668,117.488
stoxx600,old,stoxx600_syn_subset_e5c1a446e9,2012-07-31,148.351,98.393,122.48
stoxx600,old,stoxx600_syn_subset_e5c1a446e9,2012-08-31,151.325,102.259,125.311
stoxx600,old,stoxx600_syn_subset_e5c1a446e9,2012-09-28,154.021,101.963,126.621
stoxx600,old,stoxx600_syn_subset_e5c1a446e9,2012-10-31,155.101,102.336,127.418
stoxx600,old,stoxx600_syn_subset_e5c1a446e9,2012-11-30,158.688,104.575,130.352
stoxx600,old,stoxx600_syn_subset_e5c1a446e9,2012-12-31,161.117,106.688,132.439
stoxx600,old,stoxx600_syn_subset_e5c1a446e9,2013-01-31,166.639,109.768,136.187
stoxx600,old,stoxx600_syn_subset_e5c1a446e9,2013-02-28,172.515,108.434,137.868
stoxx600,old,stoxx600_syn_subset_e5c1a446e9,2013-03-28,175.779,108.658,140.112
stoxx600,old,stoxx600_syn_subset_e5c1a446e9,2013-04-30,180.095,110.819,142.499
stoxx600,old,stoxx600_syn_subset_e5c1a446e9,2013-05-31,182.603,113.36,145.6
stoxx600,old,stoxx600_syn_subset_e5c1a446e9,2013-06-28,174.888,105.177,138.283
stoxx600,old,stoxx600_syn_subset_e5c1a446e9,2013-07-31,184.484,110.62,145.459
stoxx600,old,stoxx600_syn_subset_e5c1a446e9,2013-08-30,182.458,110.61,144.567
stoxx600,old,stoxx600_syn_subset_e5c1a446e9,2013-09-30,189.637,116.965,151.301
stoxx600,old,stoxx600_syn_subset_e5c1a446e9,2013-10-31,198.755,120.471,157.456
stoxx600,old,stoxx600_syn_subset_e5c1a446e9,2013-11-29,200.748,122.37,159.199
stoxx600,old,stoxx600_syn_subset_e5c1a446e9,2013-12-31,205.271,122.387,160.835
stoxx600,old,stoxx600_syn_subset_e5c1a446e9,2014-01-31,208.283,119.685,158.149
stoxx600,old,stoxx600_syn_subset_e5c1a446e9,2014-02-28,220.086,125.001,165.971
stoxx600,old,stoxx600_syn_subset_e5c1a446e9,2014-03-31,219.247,124.407,164.649
stoxx600,old,stoxx600_syn_subset_e5c1a446e9,2014-04-30,222.938,126.73,167.469
stoxx600,old,stoxx600_syn_subset_e5c1a446e9,2014-05-30,232.191,128.896,172.218
stoxx600,old,stoxx600_syn_subset_e5c1a446e9,2014-06-30,236.364,126.056,171.369
stoxx600,old,stoxx600_syn_subset_e5c1a446e9,2014-07-31,232.228,122.473,168.824
stoxx600,old,stoxx600_syn_subset_e5c1a446e9,2014-08-29,238.292,123.106,172.248
stoxx600,old,stoxx600_syn_subset_e5c1a446e9,2014-09-30,241.065,120.99,173.064
stoxx600,old,stoxx600_syn_subset_e5c1a446e9,2014-10-31,237.662,119.303,170.128
stoxx600,old,stoxx600_syn_subset_e5c1a446e9,2014-11-28,247.159,123.247,175.901
stoxx600,old,stoxx600_syn_subset_e5c1a446e9,2014-12-31,247.174,121.547,173.467
stoxx600,old,stoxx600_syn_subset_e5c1a446e9,2015-01-30,263.779,130.293,185.868
stoxx600,old,stoxx600_syn_subset_e5c1a446e9,2015-02-27,290.03,139.132,198.77
stoxx600,old,stoxx600_syn_subset_e5c1a446e9,2015-03-31,300.344,140.087,202.519
stoxx600,old,stoxx600_syn_subset_e5c1a446e9,2015-04-30,308.346,140.769,202.916
stoxx600,old,stoxx600_syn_subset_e5c1a446e9,2015-05-29,313.743,142.392,206.711
stoxx600,old,stoxx600_syn_subset_e5c1a446e9,2015-06-30,303.125,136.571,197.493
stoxx600,old,stoxx600_syn_subset_e5c1a446e9,2015-07-31,318.457,140.183,205.289
stoxx600,old,stoxx600_syn_subset_e5c1a446e9,2015-08-31,296.496,127.962,188.331
stoxx600,old,stoxx600_syn_subset_e5c1a446e9,2015-09-30,288.04,119.158,180.759
stoxx600,old,stoxx600_syn_subset_e5c1a446e9,2015-10-30,312.354,128.313,195.266
stoxx600,old,stoxx600_syn_subset_e5c1a446e9,2015-11-30,326.008,130.413,200.857
stoxx600,old,stoxx600_syn_subset_e5c1a446e9,2015-12-31,316.306,123.181,190.935
stoxx600,old,stoxx600_syn_subset_e5c1a446e9,2016-01-29,299.84,113.863,178.743
stoxx600,old,stoxx600_syn_subset_e5c1a446e9,2016-02-29,294.08,111.127,174.503
stoxx600,old,stoxx600_syn_subset_e5c1a446e9,2016-03-31,299.945,113.588,177.072
stoxx600,old,stoxx600_syn_subset_e5c1a446e9,2016-04-29,302.033,115.852,180.601
stoxx600,old,stoxx600_syn_subset_e5c1a446e9,2016-05-31,312.274,117.154,185.47
stoxx600,old,stoxx600_syn_subset_e5c1a446e9,2016-06-30,300.871,111.298,176.123
stoxx600,old,stoxx600_syn_subset_e5c1a446e9,2016-07-29,315.63,114.349,182.661
stoxx600,old,stoxx600_syn_subset_e5c1a446e9,2016-08-31,319.81,115.583,184.049
stoxx600,old,stoxx600_syn_subset_e5c1a446e9,2016-09-30,322.334,114.225,183.996
stoxx600,old,stoxx600_syn_subset_e5c1a446e9,2016-10-31,322.95,113.281,182.253
stoxx600,old,stoxx600_syn_subset_e5c1a446e9,2016-11-30,328.18,115.902,183.919
stoxx600,old,stoxx600_syn_subset_e5c1a446e9,2016-12-30,346.48,121.497,194.45
stoxx600,old,stoxx600_syn_subset_e5c1a446e9,2017-01-31,346.353,120.927,193.943
stoxx600,old,stoxx600_syn_subset_e5c1a446e9,2017-02-28,357.082,124.75,199.782
stoxx600,old,stoxx600_syn_subset_e5c1a446e9,2017-03-31,371.861,127.544,206.767
stoxx600,old,stoxx600_syn_subset_e5c1a446e9,2017-04-28,380.619,129.957,211.088
stoxx600,old,stoxx600_syn_subset_e5c1a446e9,2017-05-31,384.006,133.786,214.466
stoxx600,old,stoxx600_syn_subset_e5c1a446e9,2017-06-30,376.717,129.82,209.301
stoxx600,old,stoxx600_syn_subset_e5c1a446e9,2017-07-31,385.823,127.256,208.764
stoxx600,old,stoxx600_syn_subset_e5c1a446e9,2017-08-31,386.971,125.131,206.672
stoxx600,old,stoxx600_syn_subset_e5c1a446e9,2017-09-29,400.113,129.534,214.732
stoxx600,old,stoxx600_syn_subset_e5c1a446e9,2017-10-31,409.345,132.52,218.779
stoxx600,old,stoxx600_syn_subset_e5c1a446e9,2017-11-30,403.75,127.186,214.271
stoxx600,old,stoxx600_syn_subset_e5c1a446e9,2017-12-29,412.077,126.901,215.825
stoxx600,old,stoxx600_syn_subset_e5c1a446e9,2018-01-31,431.039,127.474,219.351
stoxx600,old,stoxx600_syn_subset_e5c1a446e9,2018-02-28,419.691,124.165,211.032
stoxx600,old,stoxx600_syn_subset_e5c1a446e9,2018-03-29,413.926,120.211,206.809
stoxx600,old,stoxx600_syn_subset_e5c1a446e9,2018-04-30,437.533,124.151,216.395
stoxx600,old,stoxx600_syn_subset_e5c1a446e9,2018-05-31,433.337,125.189,216.452
stoxx600,old,stoxx600_syn_subset_e5c1a446e9,2018-06-29,432.291,123.652,215.369
stoxx600,old,stoxx600_syn_subset_e5c1a446e9,2018-07-31,448.878,126.547,222.08
stoxx600,old,stoxx600_syn_subset_e5c1a446e9,2018-08-31,445.587,122.717,217.066
stoxx600,old,stoxx600_syn_subset_e5c1a446e9,2018-09-28,443.243,122.865,217.781
stoxx600,old,stoxx600_syn_subset_e5c1a446e9,2018-10-31,414.758,115.636,205.962
stoxx600,old,stoxx600_syn_subset_e5c1a446e9,2018-11-30,399.203,116.754,204.106
stoxx600,old,stoxx600_syn_subset_e5c1a446e9,2018-12-31,384.299,108.156,192.928
stoxx600,old,stoxx600_syn_subset_e5c1a446e9,2019-01-31,417.044,115.033,205.083
stoxx600,old,stoxx600_syn_subset_e5c1a446e9,2019-02-28,436.178,120.238,213.655
stoxx600,old,stoxx600_syn_subset_e5c1a446e9,2019-03-29,448.374,122.506,217.933
stoxx600,old,stoxx600_syn_subset_e5c1a446e9,2019-04-30,462.331,127.826,226.217
stoxx600,old,stoxx600_syn_subset_e5c1a446e9,2019-05-31,443.198,119.65,215.456
stoxx600,old,stoxx600_syn_subset_e5c1a446e9,2019-06-28,468.879,123.427,224.949
stoxx600,old,stoxx600_syn_subset_e5c1a446e9,2019-07-31,472.374,122.887,225.55
stoxx600,old,stoxx600_syn_subset_e5c1a446e9,2019-08-30,472.131,120.883,222.187
stoxx600,old,stoxx600_syn_subset_e5c1a446e9,2019-09-30,491.224,125.852,230.473
stoxx600,old,stoxx600_syn_subset_e5c1a446e9,2019-10-31,492.621,129.449,233.052
stoxx600,old,stoxx600_syn_subset_e5c1a446e9,2019-11-29,512.855,132.623,239.483
stoxx600,old,stoxx600_syn_subset_e5c1a446e9,2019-12-31,519.629,136.094,244.775
stoxx600,old,stoxx600_syn_subset_e5c1a446e9,2020-01-31,520.859,132.807,242.233
stoxx600,old,stoxx600_syn_subset_e5c1a446e9,2020-02-28,482.428,121.611,222.339
stoxx600,old,stoxx600_syn_subset_e5c1a446e9,2020-03-31,416.153,98.925,189.731
stoxx600,old,stoxx600_syn_subset_e5c1a446e9,2020-04-30,444.552,105.032,202.548
stoxx600,old,stoxx600_syn_subset_e5c1a446e9,2020-05-29,460.876,109.998,209.874
stoxx600,old,stoxx600_syn_subset_e5c1a446e9,2020-06-30,473.474,112.274,216.742
stoxx600,old,stoxx600_syn_subset_e5c1a446e9,2020-07-31,472.227,108.482,214.582
stoxx600,old,stoxx600_syn_subset_e5c1a446e9,2020-08-31,493.203,113.103,221.285
stoxx600,old,stoxx600_syn_subset_e5c1a446e9,2020-09-30,489.405,109.625,217.885
stoxx600,old,stoxx600_syn_subset_e5c1a446e9,2020-10-30,470.298,102.785,206.71
stoxx600,old,stoxx600_syn_subset_e5c1a446e9,2020-11-30,532.378,119.658,235.595
stoxx600,old,stoxx600_syn_subset_e5c1a446e9,2020-12-31,546.14,122.609,241.971
stoxx600,old,stoxx600_syn_subset_e5c1a446e9,2021-01-29,552.405,121.085,240.15
stoxx600,old,stoxx600_syn_subset_e5c1a446e9,2021-02-26,572.883,122.679,245.916
stoxx600,old,stoxx600_syn_subset_e5c1a446e9,2021-03-31,617.542,127.191,261.816
stoxx600,old,stoxx600_syn_subset_e5c1a446e9,2021-04-30,638.251,128.131,268.068
stoxx600,old,stoxx600_syn_subset_e5c1a446e9,2021-05-31,656.228,131.064,275.307
stoxx600,old,stoxx600_syn_subset_e5c1a446e9,2021-06-30,666.939,131.708,279.405
stoxx600,old,stoxx600_syn_subset_e5c1a446e9,2021-07-30,685.6,132.614,285.092
stoxx600,old,stoxx600_syn_subset_e5c1a446e9,2021-08-31,702.892,134.91,290.616
stoxx600,old,stoxx600_syn_subset_e5c1a446e9,2021-09-30,688.301,129.075,281.58
stoxx600,old,stoxx600_syn_subset_e5c1a446e9,2021-10-29,718.877,132.261,294.726
stoxx600,old,stoxx600_syn_subset_e5c1a446e9,2021-11-30,704.507,125.801,287.217
stoxx600,old,stoxx600_syn_subset_e5c1a446e9,2021-12-31,746.221,130.887,302.144
stoxx600,old,stoxx600_syn_subset_e5c1a446e9,2022-01-31,705.266,124.464,291.539
stoxx600,old,stoxx600_syn_subset_e5c1a446e9,2022-02-28,673.016,123.923,282.227
stoxx600,old,stoxx600_syn_subset_e5c1a446e9,2022-03-31,704.357,125.344,285.66
stoxx600,old,stoxx600_syn_subset_e5c1a446e9,2022-04-29,706.363,125.918,284.142
stoxx600,old,stoxx600_syn_subset_e5c1a446e9,2022-05-31,702.798,124.201,282.145
stoxx600,old,stoxx600_syn_subset_e5c1a446e9,2022-06-30,633.714,111.701,260.102
stoxx600,old,stoxx600_syn_subset_e5c1a446e9,2022-07-29,699.109,114.509,280.199
stoxx600,old,stoxx600_syn_subset_e5c1a446e9,2022-08-31,669.12,105.355,266.045
stoxx600,old,stoxx600_syn_subset_e5c1a446e9,2022-09-30,631.677,97.788,248.982
stoxx600,old,stoxx600_syn_subset_e5c1a446e9,2022-10-31,675.878,102.712,264.608
stoxx600,old,stoxx600_syn_subset_e5c1a446e9,2022-11-30,711.917,107.73,283.061
stoxx600,old,stoxx600_syn_subset_e5c1a446e9,2022-12-30,699.463,104.701,273.397
stoxx600,old,stoxx600_syn_subset_e5c1a446e9,2023-01-31,734.035,111.01,291.739
stoxx600,old,stoxx600_syn_subset_e5c1a446e9,2023-02-28,750.921,108.411,297.564
stoxx600,old,stoxx600_syn_subset_e5c1a446e9,2023-03-31,764.666,109.128,297.02
stoxx600,old,stoxx600_syn_subset_e5c1a446e9,2023-04-28,787.072,111.841,304.747
stoxx600,old,stoxx600_syn_subset_e5c1a446e9,2023-05-31,774.124,106.133,297.592
stoxx600,old,stoxx600_syn_subset_e5c1a446e9,2023-06-30,784.106,105.854,304.793
stoxx600,old,stoxx600_syn_subset_e5c1a446e9,2023-07-31,801.829,108.363,311.284
stoxx600,old,stoxx600_syn_subset_e5c1a446e9,2023-08-31,801.421,104.456,303.417
stoxx600,old,stoxx600_syn_subset_e5c1a446e9,2023-09-29,803.67,100.25,298.631
stoxx600,old,stoxx600_syn_subset_e5c1a446e9,2023-10-31,783.994,95.846,287.931
stoxx600,old,stoxx600_syn_subset_e5c1a446e9,2023-11-30,860.494,101.091,307.005
stoxx600,old,stoxx600_syn_subset_e5c1a446e9,2023-12-29,896.594,108.371,318.642
stoxx600,old,stoxx600_syn_subset_e5c1a446e9,2024-01-31,912.767,107.988,323.215
stoxx600,old,stoxx600_syn_subset_e5c1a446e9,2024-02-29,931.207,107.415,329.133
stoxx600,old,stoxx600_syn_subset_e5c1a446e9,2024-03-28,976.292,112.532,343.062
stoxx600,old,stoxx600_syn_subset_e5c1a446e9,2024-04-30,976.473,112.893,340.495
stoxx600,old,stoxx600_syn_subset_e5c1a446e9,2024-05-31,1025.525,116.024,352.666
stoxx600,old,stoxx600_syn_subset_e5c1a446e9,2024-06-28,1006.349,111.203,348.891
stoxx600,old,stoxx600_syn_subset_e5c1a446e9,2024-07-31,1009.164,113.408,354.064
stoxx600,old,stoxx600_syn_subset_e5c1a446e9,2024-08-30,1039.948,113.537,359.738
stoxx600,old,stoxx600_syn_subset_e5c1a446e9,2024-09-30,1063.742,116.197,358.64
stoxx600,old,stoxx600_syn_subset_e5c1a446e9,2024-10-31,1014.007,110.111,347.099
stoxx600,old,stoxx600_syn_subset_e5c1a446e9,2024-11-29,1039.738,109.883,351.269
stoxx600,old,stoxx600_syn_subset_e5c1a446e9,2024-12-31,1029.794,108.769,351.237
stoxx600,old,stoxx600_syn_subset_e5c1a446e9,2025-01-31,1095.933,116.022,375.854
stoxx600,old,stoxx600_syn_subset_e5c1a446e9,2025-02-28,1123.04,117.427,388.785
stoxx600,old,stoxx600_syn_subset_e5c1a446e9,2025-03-31,1064.498,110.527,374.026
stoxx600,old,stoxx600_syn_subset_e5c1a446e9,2025-04-30,1082.643,110.033,371.945
stoxx600,old,stoxx600_syn_subset_e5c1a446e9,2025-05-30,1175.191,115.63,392.984
stoxx600,old,stoxx600_syn_subset_e5c1a446e9,2025-06-30,1173.503,114.077,388.334
stoxx600,old,stoxx600_syn_subset_e5c1a446e9,2025-07-31,1198.104,115.787,392.285
stoxx600,old,stoxx600_syn_subset_e5c1a446e9,2025-08-29,1205.828,115.448,396.218
stoxx600,old,stoxx600_syn_subset_e5c1a446e9,2025-09-30,1235.395,114.724,402.6
stoxx600,old,stoxx600_syn_subset_e5c1a446e9,2025-10-31,1255.527,117.637,413.005
stoxx600,old,stoxx600_syn_subset_e5c1a446e9,2025-11-28,1254.634,118.318,416.968
stoxx600,old,stoxx600_syn_subset_e5c1a446e9,2025-12-31,1288.793,122.3,428.463
stoxx600,old,stoxx600_syn_subset_e5c1a446e9,2026-01-30,1296.237,127.851,442.119
stoxx600,old,stoxx600_syn_subset_e5c1a446e9,2026-02-27,1325.519,130.002,458.976
stoxx600,old,stoxx600_syn_subset_e5c1a446e9,2026-03-31,1250.462,120.896,423.979
stoxx600,old,stoxx600_syn_subset_e5c1a446e9,2026-04-30,1323.901,129.281,446.34
stoxx600,old,stoxx600_syn_subset_e5c1a446e9,2026-05-29,1372.868,135.968,461.205
stoxx600,old,stoxx600_syn_subset_e5c1a446e9,2026-06-30,1417.454,136.87,471.198
stoxx600,old,stoxx600_syn_subset_e5c1a446e9,2026-07-02,1434.697,138.365,477.096
stoxx600,old,stoxx600_syn_subset_eba89b8a51,2009-10-30,102.565,101.587,101.236
stoxx600,old,stoxx600_syn_subset_eba89b8a51,2009-11-30,106.77,103.224,102.556
stoxx600,old,stoxx600_syn_subset_eba89b8a51,2009-12-31,114.177,110.313,108.841
stoxx600,old,stoxx600_syn_subset_eba89b8a51,2010-01-29,113.566,109.313,105.921
stoxx600,old,stoxx600_syn_subset_eba89b8a51,2010-02-26,111.906,108.627,105.55
stoxx600,old,stoxx600_syn_subset_eba89b8a51,2010-03-31,122.304,114.939,113.603
stoxx600,old,stoxx600_syn_subset_eba89b8a51,2010-04-30,122.835,115.012,112.6
stoxx600,old,stoxx600_syn_subset_eba89b8a51,2010-05-31,116.597,109.808,107.277
stoxx600,old,stoxx600_syn_subset_eba89b8a51,2010-06-30,114.48,109.742,106.706
stoxx600,old,stoxx600_syn_subset_eba89b8a51,2010-07-30,120.04,114.295,112.166
stoxx600,old,stoxx600_syn_subset_eba89b8a51,2010-08-31,120.529,113.018,110.679
stoxx600,old,stoxx600_syn_subset_eba89b8a51,2010-09-30,125.587,117.055,114.537
stoxx600,old,stoxx600_syn_subset_eba89b8a51,2010-10-29,129.728,119.004,117.522
stoxx600,old,stoxx600_syn_subset_eba89b8a51,2010-11-30,134.401,116.966,115.795
stoxx600,old,stoxx600_syn_subset_eba89b8a51,2010-12-31,143.166,123.658,121.954
stoxx600,old,stoxx600_syn_subset_eba89b8a51,2011-01-31,141.585,124.193,124.122
stoxx600,old,stoxx600_syn_subset_eba89b8a51,2011-02-28,145.573,126.255,127.17
stoxx600,old,stoxx600_syn_subset_eba89b8a51,2011-03-31,143.981,124.072,122.912
stoxx600,old,stoxx600_syn_subset_eba89b8a51,2011-04-29,149.033,128.085,127.222
stoxx600,old,stoxx600_syn_subset_eba89b8a51,2011-05-31,149.513,128.672,127.315
stoxx600,old,stoxx600_syn_subset_eba89b8a51,2011-06-30,147.65,124.641,123.961
stoxx600,old,stoxx600_syn_subset_eba89b8a51,2011-07-29,146.839,119.762,120.523
stoxx600,old,stoxx600_syn_subset_eba89b8a51,2011-08-31,133.29,109.175,107.993
stoxx600,old,stoxx600_syn_subset_eba89b8a51,2011-09-30,124.763,103.229,102.802
stoxx600,old,stoxx600_syn_subset_eba89b8a51,2011-10-31,134.041,112.576,110.839
stoxx600,old,stoxx600_syn_subset_eba89b8a51,2011-11-30,136.002,111.671,109.397
stoxx600,old,stoxx600_syn_subset_eba89b8a51,2011-12-30,140.092,111.127,111.241
stoxx600,old,stoxx600_syn_subset_eba89b8a51,2012-01-31,142.498,117.514,115.927
stoxx600,old,stoxx600_syn_subset_eba89b8a51,2012-02-29,148.691,123.28,120.895
stoxx600,old,stoxx600_syn_subset_eba89b8a51,2012-03-30,149.966,121.365,120.847
stoxx600,old,stoxx600_syn_subset_eba89b8a51,2012-04-30,151.839,114.948,118.88
stoxx600,old,stoxx600_syn_subset_eba89b8a51,2012-05-31,146.815,106.118,111.686
stoxx600,old,stoxx600_syn_subset_eba89b8a51,2012-06-29,153.532,110.733,117.488
stoxx600,old,stoxx600_syn_subset_eba89b8a51,2012-07-31,162.164,114.837,122.48
stoxx600,old,stoxx600_syn_subset_eba89b8a51,2012-08-31,165.205,117.508,125.311
stoxx600,old,stoxx600_syn_subset_eba89b8a51,2012-09-28,167.583,116.904,126.621
stoxx600,old,stoxx600_syn_subset_eba89b8a51,2012-10-31,168.852,118.258,127.418
stoxx600,old,stoxx600_syn_subset_eba89b8a51,2012-11-30,172.704,119.732,130.352
stoxx600,old,stoxx600_syn_subset_eba89b8a51,2012-12-31,173.668,123.816,132.439
stoxx600,old,stoxx600_syn_subset_eba89b8a51,2013-01-31,173.636,127.7,136.187
stoxx600,old,stoxx600_syn_subset_eba89b8a51,2013-02-28,184.829,129.142,137.868
stoxx600,old,stoxx600_syn_subset_eba89b8a51,2013-03-28,192.47,130.551,140.112
stoxx600,old,stoxx600_syn_subset_eba89b8a51,2013-04-30,192.883,131.576,142.499
stoxx600,old,stoxx600_syn_subset_eba89b8a51,2013-05-31,198.161,135.388,145.6
stoxx600,old,stoxx600_syn_subset_eba89b8a51,2013-06-28,191.402,127.641,138.283
stoxx600,old,stoxx600_syn_subset_eba89b8a51,2013-07-31,205.111,133.769,145.459
stoxx600,old,stoxx600_syn_subset_eba89b8a51,2013-08-30,203.663,134.42,144.567
stoxx600,old,stoxx600_syn_subset_eba89b8a51,2013-09-30,210.93,141.371,151.301
stoxx600,old,stoxx600_syn_subset_eba89b8a51,2013-10-31,221.112,145.943,157.456
stoxx600,old,stoxx600_syn_subset_eba89b8a51,2013-11-29,226.188,147.478,159.199
stoxx600,old,stoxx600_syn_subset_eba89b8a51,2013-12-31,230.797,148.115,160.835
stoxx600,old,stoxx600_syn_subset_eba89b8a51,2014-01-31,231.319,147.576,158.149
stoxx600,old,stoxx600_syn_subset_eba89b8a51,2014-02-28,246.099,156.447,165.971
stoxx600,old,stoxx600_syn_subset_eba89b8a51,2014-03-31,238.657,155.337,164.649
stoxx600,old,stoxx600_syn_subset_eba89b8a51,2014-04-30,238.449,159.315,167.469
stoxx600,old,stoxx600_syn_subset_eba89b8a51,2014-05-30,247.72,163.071,172.218
stoxx600,old,stoxx600_syn_subset_eba89b8a51,2014-06-30,248.251,159.952,171.369
stoxx600,old,stoxx600_syn_subset_eba89b8a51,2014-07-31,242.962,153.293,168.824
stoxx600,old,stoxx600_syn_subset_eba89b8a51,2014-08-29,247.404,156.353,172.248
stoxx600,old,stoxx600_syn_subset_eba89b8a51,2014-09-30,250.142,153.865,173.064
stoxx600,old,stoxx600_syn_subset_eba89b8a51,2014-10-31,247.475,151.451,170.128
stoxx600,old,stoxx600_syn_subset_eba89b8a51,2014-11-28,257.743,156.729,175.901
stoxx600,old,stoxx600_syn_subset_eba89b8a51,2014-12-31,258.544,153.326,173.467
stoxx600,old,stoxx600_syn_subset_eba89b8a51,2015-01-30,281.257,165.165,185.868
stoxx600,old,stoxx600_syn_subset_eba89b8a51,2015-02-27,302.63,175.594,198.77
stoxx600,old,stoxx600_syn_subset_eba89b8a51,2015-03-31,306.675,176.382,202.519
stoxx600,old,stoxx600_syn_subset_eba89b8a51,2015-04-30,304.4,178.027,202.916
stoxx600,old,stoxx600_syn_subset_eba89b8a51,2015-05-29,313.685,179.06,206.711
stoxx600,old,stoxx600_syn_subset_eba89b8a51,2015-06-30,302.589,170.884,197.493
stoxx600,old,stoxx600_syn_subset_eba89b8a51,2015-07-31,314.884,176.227,205.289
stoxx600,old,stoxx600_syn_subset_eba89b8a51,2015-08-31,295.634,161.37,188.331
stoxx600,old,stoxx600_syn_subset_eba89b8a51,2015-09-30,287.805,152.536,180.759
stoxx600,old,stoxx600_syn_subset_eba89b8a51,2015-10-30,312.515,165.245,195.266
stoxx600,old,stoxx600_syn_subset_eba89b8a51,2015-11-30,327.084,167.042,200.857
stoxx600,old,stoxx600_syn_subset_eba89b8a51,2015-12-31,318.206,157.831,190.935
stoxx600,old,stoxx600_syn_subset_eba89b8a51,2016-01-29,302.355,149.107,178.743
stoxx600,old,stoxx600_syn_subset_eba89b8a51,2016-02-29,299.248,146.304,174.503
stoxx600,old,stoxx600_syn_subset_eba89b8a51,2016-03-31,308.427,150.637,177.072
stoxx600,old,stoxx600_syn_subset_eba89b8a51,2016-04-29,308.626,153.534,180.601
stoxx600,old,stoxx600_syn_subset_eba89b8a51,2016-05-31,321.609,154.127,185.47
stoxx600,old,stoxx600_syn_subset_eba89b8a51,2016-06-30,315.643,147.651,176.123
stoxx600,old,stoxx600_syn_subset_eba89b8a51,2016-07-29,328.261,154.123,182.661
stoxx600,old,stoxx600_syn_subset_eba89b8a51,2016-08-31,329.914,152.706,184.049
stoxx600,old,stoxx600_syn_subset_eba89b8a51,2016-09-30,331.195,151.824,183.996
stoxx600,old,stoxx600_syn_subset_eba89b8a51,2016-10-31,328.079,148.073,182.253
stoxx600,old,stoxx600_syn_subset_eba89b8a51,2016-11-30,330.543,151.937,183.919
stoxx600,old,stoxx600_syn_subset_eba89b8a51,2016-12-30,348.076,159.658,194.45
stoxx600,old,stoxx600_syn_subset_eba89b8a51,2017-01-31,351.689,157.097,193.943
stoxx600,old,stoxx600_syn_subset_eba89b8a51,2017-02-28,364.33,163.57,199.782
stoxx600,old,stoxx600_syn_subset_eba89b8a51,2017-03-31,377.656,167.067,206.767
stoxx600,old,stoxx600_syn_subset_eba89b8a51,2017-04-28,385.06,171.399,211.088
stoxx600,old,stoxx600_syn_subset_eba89b8a51,2017-05-31,385.7,173.248,214.466
stoxx600,old,stoxx600_syn_subset_eba89b8a51,2017-06-30,374.51,166.475,209.301
stoxx600,old,stoxx600_syn_subset_eba89b8a51,2017-07-31,378.894,161.323,208.764
stoxx600,old,stoxx600_syn_subset_eba89b8a51,2017-08-31,383.718,158.801,206.672
stoxx600,old,stoxx600_syn_subset_eba89b8a51,2017-09-29,396.362,163.062,214.732
stoxx600,old,stoxx600_syn_subset_eba89b8a51,2017-10-31,414.404,165.028,218.779
stoxx600,old,stoxx600_syn_subset_eba89b8a51,2017-11-30,402.514,158.636,214.271
stoxx600,old,stoxx600_syn_subset_eba89b8a51,2017-12-29,405.497,157.311,215.825
stoxx600,old,stoxx600_syn_subset_eba89b8a51,2018-01-31,417.546,156.792,219.351
stoxx600,old,stoxx600_syn_subset_eba89b8a51,2018-02-28,405.693,151.437,211.032
stoxx600,old,stoxx600_syn_subset_eba89b8a51,2018-03-29,405.572,147.192,206.809
stoxx600,old,stoxx600_syn_subset_eba89b8a51,2018-04-30,430.064,152.332,216.395
stoxx600,old,stoxx600_syn_subset_eba89b8a51,2018-05-31,442.612,152.987,216.452
stoxx600,old,stoxx600_syn_subset_eba89b8a51,2018-06-29,439.448,152.323,215.369
stoxx600,old,stoxx600_syn_subset_eba89b8a51,2018-07-31,457.373,154.392,222.08
stoxx600,old,stoxx600_syn_subset_eba89b8a51,2018-08-31,459.698,149.785,217.066
stoxx600,old,stoxx600_syn_subset_eba89b8a51,2018-09-28,459.779,148.361,217.781
stoxx600,old,stoxx600_syn_subset_eba89b8a51,2018-10-31,432.938,139.494,205.962
stoxx600,old,stoxx600_syn_subset_eba89b8a51,2018-11-30,417.217,139.302,204.106
stoxx600,old,stoxx600_syn_subset_eba89b8a51,2018-12-31,400.402,130.213,192.928
stoxx600,old,stoxx600_syn_subset_eba89b8a51,2019-01-31,427.99,138.599,205.083
stoxx600,old,stoxx600_syn_subset_eba89b8a51,2019-02-28,444.297,144.079,213.655
stoxx600,old,stoxx600_syn_subset_eba89b8a51,2019-03-29,463.267,146.144,217.933
stoxx600,old,stoxx600_syn_subset_eba89b8a51,2019-04-30,471.574,153.467,226.217
stoxx600,old,stoxx600_syn_subset_eba89b8a51,2019-05-31,465.58,140.543,215.456
stoxx600,old,stoxx600_syn_subset_eba89b8a51,2019-06-28,483.717,147.953,224.949
stoxx600,old,stoxx600_syn_subset_eba89b8a51,2019-07-31,487.594,149.607,225.55
stoxx600,old,stoxx600_syn_subset_eba89b8a51,2019-08-30,487.942,146.498,222.187
stoxx600,old,stoxx600_syn_subset_eba89b8a51,2019-09-30,495.109,152.078,230.473
stoxx600,old,stoxx600_syn_subset_eba89b8a51,2019-10-31,502.909,155.243,233.052
stoxx600,old,stoxx600_syn_subset_eba89b8a51,2019-11-29,521.639,162.066,239.483
stoxx600,old,stoxx600_syn_subset_eba89b8a51,2019-12-31,529.619,165.051,244.775
stoxx600,old,stoxx600_syn_subset_eba89b8a51,2020-01-31,537.533,161.017,242.233
stoxx600,old,stoxx600_syn_subset_eba89b8a51,2020-02-28,506.816,146.45,222.339
stoxx600,old,stoxx600_syn_subset_eba89b8a51,2020-03-31,454.501,120.328,189.731
stoxx600,old,stoxx600_syn_subset_eba89b8a51,2020-04-30,490.433,130.468,202.548
stoxx600,old,stoxx600_syn_subset_eba89b8a51,2020-05-29,520.826,137.663,209.874
stoxx600,old,stoxx600_syn_subset_eba89b8a51,2020-06-30,534.165,141.092,216.742
stoxx600,old,stoxx600_syn_subset_eba89b8a51,2020-07-31,539.977,137.276,214.582
stoxx600,old,stoxx600_syn_subset_eba89b8a51,2020-08-31,559.013,142.672,221.285
stoxx600,old,stoxx600_syn_subset_eba89b8a51,2020-09-30,566.644,139.135,217.885
stoxx600,old,stoxx600_syn_subset_eba89b8a51,2020-10-30,543.114,130.445,206.71
stoxx600,old,stoxx600_syn_subset_eba89b8a51,2020-11-30,587.229,157.252,235.595
stoxx600,old,stoxx600_syn_subset_eba89b8a51,2020-12-31,605.182,163.299,241.971
stoxx600,old,stoxx600_syn_subset_eba89b8a51,2021-01-29,610.204,162.775,240.15
stoxx600,old,stoxx600_syn_subset_eba89b8a51,2021-02-26,620.87,166.405,245.916
stoxx600,old,stoxx600_syn_subset_eba89b8a51,2021-03-31,667.956,178.072,261.816
stoxx600,old,stoxx600_syn_subset_eba89b8a51,2021-04-30,685.537,180.562,268.068
stoxx600,old,stoxx600_syn_subset_eba89b8a51,2021-05-31,704.249,183.956,275.307
stoxx600,old,stoxx600_syn_subset_eba89b8a51,2021-06-30,715.762,188.604,279.405
stoxx600,old,stoxx600_syn_subset_eba89b8a51,2021-07-30,738.719,191.471,285.092
stoxx600,old,stoxx600_syn_subset_eba89b8a51,2021-08-31,758.271,195.325,290.616
stoxx600,old,stoxx600_syn_subset_eba89b8a51,2021-09-30,743.604,186.019,281.58
stoxx600,old,stoxx600_syn_subset_eba89b8a51,2021-10-29,782.248,190.765,294.726
stoxx600,old,stoxx600_syn_subset_eba89b8a51,2021-11-30,778.971,182.976,287.217
stoxx600,old,stoxx600_syn_subset_eba89b8a51,2021-12-31,823.608,192.96,302.144
stoxx600,old,stoxx600_syn_subset_eba89b8a51,2022-01-31,770.153,182.627,291.539
stoxx600,old,stoxx600_syn_subset_eba89b8a51,2022-02-28,751.823,175.54,282.227
stoxx600,old,stoxx600_syn_subset_eba89b8a51,2022-03-31,794.339,169.97,285.66
stoxx600,old,stoxx600_syn_subset_eba89b8a51,2022-04-29,799.105,171.862,284.142
stoxx600,old,stoxx600_syn_subset_eba89b8a51,2022-05-31,774.069,170.097,282.145
stoxx600,old,stoxx600_syn_subset_eba89b8a51,2022-06-30,718.296,149.359,260.102
stoxx600,old,stoxx600_syn_subset_eba89b8a51,2022-07-29,770.464,154.586,280.199
stoxx600,old,stoxx600_syn_subset_eba89b8a51,2022-08-31,737.226,141.802,266.045
stoxx600,old,stoxx600_syn_subset_eba89b8a51,2022-09-30,694.082,130.387,248.982
stoxx600,old,stoxx600_syn_subset_eba89b8a51,2022-10-31,753.06,139.169,264.608
stoxx600,old,stoxx600_syn_subset_eba89b8a51,2022-11-30,797.587,150.868,283.061
stoxx600,old,stoxx600_syn_subset_eba89b8a51,2022-12-30,771.692,143.587,273.397
stoxx600,old,stoxx600_syn_subset_eba89b8a51,2023-01-31,792.108,156.229,291.739
stoxx600,old,stoxx600_syn_subset_eba89b8a51,2023-02-28,815.637,156.103,297.564
stoxx600,old,stoxx600_syn_subset_eba89b8a51,2023-03-31,831.891,161.29,297.02
stoxx600,old,stoxx600_syn_subset_eba89b8a51,2023-04-28,847.989,162.51,304.747
stoxx600,old,stoxx600_syn_subset_eba89b8a51,2023-05-31,840.744,153.743,297.592
stoxx600,old,stoxx600_syn_subset_eba89b8a51,2023-06-30,844.032,154.569,304.793
stoxx600,old,stoxx600_syn_subset_eba89b8a51,2023-07-31,857.193,159.928,311.284
stoxx600,old,stoxx600_syn_subset_eba89b8a51,2023-08-31,859.659,156.655,303.417
stoxx600,old,stoxx600_syn_subset_eba89b8a51,2023-09-29,862.384,150.307,298.631
stoxx600,old,stoxx600_syn_subset_eba89b8a51,2023-10-31,833.056,142.167,287.931
stoxx600,old,stoxx600_syn_subset_eba89b8a51,2023-11-30,916.139,150.547,307.005
stoxx600,old,stoxx600_syn_subset_eba89b8a51,2023-12-29,953.561,163.433,318.642
stoxx600,old,stoxx600_syn_subset_eba89b8a51,2024-01-31,972.17,160.97,323.215
stoxx600,old,stoxx600_syn_subset_eba89b8a51,2024-02-29,1000.605,157.766,329.133
stoxx600,old,stoxx600_syn_subset_eba89b8a51,2024-03-28,1036.205,164.303,343.062
stoxx600,old,stoxx600_syn_subset_eba89b8a51,2024-04-30,1042.946,166.369,340.495
stoxx600,old,stoxx600_syn_subset_eba89b8a51,2024-05-31,1082.79,171.177,352.666
stoxx600,old,stoxx600_syn_subset_eba89b8a51,2024-06-28,1068.938,165.922,348.891
stoxx600,old,stoxx600_syn_subset_eba89b8a51,2024-07-31,1065.442,167.878,354.064
stoxx600,old,stoxx600_syn_subset_eba89b8a51,2024-08-30,1088.214,168.197,359.738
stoxx600,old,stoxx600_syn_subset_eba89b8a51,2024-09-30,1106.903,171.153,358.64
stoxx600,old,stoxx600_syn_subset_eba89b8a51,2024-10-31,1062.682,163.343,347.099
stoxx600,old,stoxx600_syn_subset_eba89b8a51,2024-11-29,1097.474,161.979,351.269
stoxx600,old,stoxx600_syn_subset_eba89b8a51,2024-12-31,1083.02,161.659,351.237
stoxx600,old,stoxx600_syn_subset_eba89b8a51,2025-01-31,1160.879,168.568,375.854
stoxx600,old,stoxx600_syn_subset_eba89b8a51,2025-02-28,1205.83,169.264,388.785
stoxx600,old,stoxx600_syn_subset_eba89b8a51,2025-03-31,1159.966,153.7,374.026
stoxx600,old,stoxx600_syn_subset_eba89b8a51,2025-04-30,1182.102,151.68,371.945
stoxx600,old,stoxx600_syn_subset_eba89b8a51,2025-05-30,1263.586,160.539,392.984
stoxx600,old,stoxx600_syn_subset_eba89b8a51,2025-06-30,1254.04,159.218,388.334
stoxx600,old,stoxx600_syn_subset_eba89b8a51,2025-07-31,1262.189,156.571,392.285
stoxx600,old,stoxx600_syn_subset_eba89b8a51,2025-08-29,1270.802,159.383,396.218
stoxx600,old,stoxx600_syn_subset_eba89b8a51,2025-09-30,1297.59,158.347,402.6
stoxx600,old,stoxx600_syn_subset_eba89b8a51,2025-10-31,1334.493,162.086,413.005
stoxx600,old,stoxx600_syn_subset_eba89b8a51,2025-11-28,1347.98,160.596,416.968
stoxx600,old,stoxx600_syn_subset_eba89b8a51,2025-12-31,1375.682,164.715,428.463
stoxx600,old,stoxx600_syn_subset_eba89b8a51,2026-01-30,1457.561,165.09,442.119
stoxx600,old,stoxx600_syn_subset_eba89b8a51,2026-02-27,1526.873,160.657,458.976
stoxx600,old,stoxx600_syn_subset_eba89b8a51,2026-03-31,1401.151,150.293,423.979
stoxx600,old,stoxx600_syn_subset_eba89b8a51,2026-04-30,1469.16,156.526,446.34
stoxx600,old,stoxx600_syn_subset_eba89b8a51,2026-05-29,1510.998,162.722,461.205
stoxx600,old,stoxx600_syn_subset_eba89b8a51,2026-06-30,1546.485,161.701,471.198
stoxx600,old,stoxx600_syn_subset_eba89b8a51,2026-07-02,1549.093,166.013,477.096
stoxx600,old,stoxx600_syn_subset_b3c0d0fc7d,2009-10-30,101.964,102.141,101.236
stoxx600,old,stoxx600_syn_subset_b3c0d0fc7d,2009-11-30,106.091,103.705,102.556
stoxx600,old,stoxx600_syn_subset_b3c0d0fc7d,2009-12-31,113.452,110.764,108.841
stoxx600,old,stoxx600_syn_subset_b3c0d0fc7d,2010-01-29,112.423,109.619,105.921
stoxx600,old,stoxx600_syn_subset_b3c0d0fc7d,2010-02-26,110.92,109.083,105.55
stoxx600,old,stoxx600_syn_subset_b3c0d0fc7d,2010-03-31,120.177,116.471,113.603
stoxx600,old,stoxx600_syn_subset_b3c0d0fc7d,2010-04-30,120.573,116.612,112.6
stoxx600,old,stoxx600_syn_subset_b3c0d0fc7d,2010-05-31,115.907,111.105,107.277
stoxx600,old,stoxx600_syn_subset_b3c0d0fc7d,2010-06-30,115.296,109.455,106.706
stoxx600,old,stoxx600_syn_subset_b3c0d0fc7d,2010-07-30,121.27,114.187,112.166
stoxx600,old,stoxx600_syn_subset_b3c0d0fc7d,2010-08-31,119.783,113.087,110.679
stoxx600,old,stoxx600_syn_subset_b3c0d0fc7d,2010-09-30,125.642,117.659,114.537
stoxx600,old,stoxx600_syn_subset_b3c0d0fc7d,2010-10-29,130.636,118.582,117.522
stoxx600,old,stoxx600_syn_subset_b3c0d0fc7d,2010-11-30,131.704,119.503,115.795
stoxx600,old,stoxx600_syn_subset_b3c0d0fc7d,2010-12-31,140.179,125.409,121.954
stoxx600,old,stoxx600_syn_subset_b3c0d0fc7d,2011-01-31,137.962,124.045,124.122
stoxx600,old,stoxx600_syn_subset_b3c0d0fc7d,2011-02-28,141.432,126.037,127.17
stoxx600,old,stoxx600_syn_subset_b3c0d0fc7d,2011-03-31,140.226,123.918,122.912
stoxx600,old,stoxx600_syn_subset_b3c0d0fc7d,2011-04-29,145.345,127.994,127.222
stoxx600,old,stoxx600_syn_subset_b3c0d0fc7d,2011-05-31,146.246,128.842,127.315
stoxx600,old,stoxx600_syn_subset_b3c0d0fc7d,2011-06-30,144.438,125.309,123.961
stoxx600,old,stoxx600_syn_subset_b3c0d0fc7d,2011-07-29,144.124,120.203,120.523
stoxx600,old,stoxx600_syn_subset_b3c0d0fc7d,2011-08-31,131.674,107.463,107.993
stoxx600,old,stoxx600_syn_subset_b3c0d0fc7d,2011-09-30,125.991,99.985,102.802
stoxx600,old,stoxx600_syn_subset_b3c0d0fc7d,2011-10-31,135.195,108.799,110.839
stoxx600,old,stoxx600_syn_subset_b3c0d0fc7d,2011-11-30,136.417,106.977,109.397
stoxx600,old,stoxx600_syn_subset_b3c0d0fc7d,2011-12-30,138.439,108.679,111.241
stoxx600,old,stoxx600_syn_subset_b3c0d0fc7d,2012-01-31,143.383,113.265,115.927
stoxx600,old,stoxx600_syn_subset_b3c0d0fc7d,2012-02-29,149.826,118.823,120.895
stoxx600,old,stoxx600_syn_subset_b3c0d0fc7d,2012-03-30,149.812,117.224,120.847
stoxx600,old,stoxx600_syn_subset_b3c0d0fc7d,2012-04-30,150.667,112.858,118.88
stoxx600,old,stoxx600_syn_subset_b3c0d0fc7d,2012-05-31,143.244,106.231,111.686
stoxx600,old,stoxx600_syn_subset_b3c0d0fc7d,2012-06-29,148.426,110.855,117.488
stoxx600,old,stoxx600_syn_subset_b3c0d0fc7d,2012-07-31,156.577,114.608,122.48
stoxx600,old,stoxx600_syn_subset_b3c0d0fc7d,2012-08-31,158.31,117.909,125.311
stoxx600,old,stoxx600_syn_subset_b3c0d0fc7d,2012-09-28,162.118,118.219,126.621
stoxx600,old,stoxx600_syn_subset_b3c0d0fc7d,2012-10-31,163.364,119.352,127.418
stoxx600,old,stoxx600_syn_subset_b3c0d0fc7d,2012-11-30,168.251,120.421,130.352
stoxx600,old,stoxx600_syn_subset_b3c0d0fc7d,2012-12-31,169.815,123.662,132.439
stoxx600,old,stoxx600_syn_subset_b3c0d0fc7d,2013-01-31,175.834,123.861,136.187
stoxx600,old,stoxx600_syn_subset_b3c0d0fc7d,2013-02-28,178.721,128.698,137.868
stoxx600,old,stoxx600_syn_subset_b3c0d0fc7d,2013-03-28,181.095,132.002,140.112
stoxx600,old,stoxx600_syn_subset_b3c0d0fc7d,2013-04-30,183.648,132.367,142.499
stoxx600,old,stoxx600_syn_subset_b3c0d0fc7d,2013-05-31,188.235,135.985,145.6
stoxx600,old,stoxx600_syn_subset_b3c0d0fc7d,2013-06-28,180.214,128.423,138.283
stoxx600,old,stoxx600_syn_subset_b3c0d0fc7d,2013-07-31,192.452,135.054,145.459
stoxx600,old,stoxx600_syn_subset_b3c0d0fc7d,2013-08-30,190.474,134.122,144.567
stoxx600,old,stoxx600_syn_subset_b3c0d0fc7d,2013-09-30,197.428,141.138,151.301
stoxx600,old,stoxx600_syn_subset_b3c0d0fc7d,2013-10-31,205.754,146.128,157.456
stoxx600,old,stoxx600_syn_subset_b3c0d0fc7d,2013-11-29,209.543,146.813,159.199
stoxx600,old,stoxx600_syn_subset_b3c0d0fc7d,2013-12-31,213.367,146.796,160.835
stoxx600,old,stoxx600_syn_subset_b3c0d0fc7d,2014-01-31,216.292,144.686,158.149
stoxx600,old,stoxx600_syn_subset_b3c0d0fc7d,2014-02-28,228.755,153.742,165.971
stoxx600,old,stoxx600_syn_subset_b3c0d0fc7d,2014-03-31,222.14,151.543,164.649
stoxx600,old,stoxx600_syn_subset_b3c0d0fc7d,2014-04-30,222.292,154.211,167.469
stoxx600,old,stoxx600_syn_subset_b3c0d0fc7d,2014-05-30,228.888,158.878,172.218
stoxx600,old,stoxx600_syn_subset_b3c0d0fc7d,2014-06-30,230.331,156.334,171.369
stoxx600,old,stoxx600_syn_subset_b3c0d0fc7d,2014-07-31,225.093,150.425,168.824
stoxx600,old,stoxx600_syn_subset_b3c0d0fc7d,2014-08-29,230.929,153.081,172.248
stoxx600,old,stoxx600_syn_subset_b3c0d0fc7d,2014-09-30,233.845,151.352,173.064
stoxx600,old,stoxx600_syn_subset_b3c0d0fc7d,2014-10-31,231.591,150.466,170.128
stoxx600,old,stoxx600_syn_subset_b3c0d0fc7d,2014-11-28,241.853,155.604,175.901
stoxx600,old,stoxx600_syn_subset_b3c0d0fc7d,2014-12-31,241.785,153.44,173.467
stoxx600,old,stoxx600_syn_subset_b3c0d0fc7d,2015-01-30,263.588,165.657,185.868
stoxx600,old,stoxx600_syn_subset_b3c0d0fc7d,2015-02-27,282.479,176.078,198.77
stoxx600,old,stoxx600_syn_subset_b3c0d0fc7d,2015-03-31,290.453,177.019,202.519
stoxx600,old,stoxx600_syn_subset_b3c0d0fc7d,2015-04-30,289.782,177.443,202.916
stoxx600,old,stoxx600_syn_subset_b3c0d0fc7d,2015-05-29,296.598,180.011,206.711
stoxx600,old,stoxx600_syn_subset_b3c0d0fc7d,2015-06-30,284.821,171.559,197.493
stoxx600,old,stoxx600_syn_subset_b3c0d0fc7d,2015-07-31,296.549,176.893,205.289
stoxx600,old,stoxx600_syn_subset_b3c0d0fc7d,2015-08-31,276.606,161.748,188.331
stoxx600,old,stoxx600_syn_subset_b3c0d0fc7d,2015-09-30,269.225,151.282,180.759
stoxx600,old,stoxx600_syn_subset_b3c0d0fc7d,2015-10-30,293.046,162.881,195.266
stoxx600,old,stoxx600_syn_subset_b3c0d0fc7d,2015-11-30,305.283,165.982,200.857
stoxx600,old,stoxx600_syn_subset_b3c0d0fc7d,2015-12-31,294.454,157.012,190.935
stoxx600,old,stoxx600_syn_subset_b3c0d0fc7d,2016-01-29,282.371,146.778,178.743
stoxx600,old,stoxx600_syn_subset_b3c0d0fc7d,2016-02-29,277.62,143.651,174.503
stoxx600,old,stoxx600_syn_subset_b3c0d0fc7d,2016-03-31,285.366,146.293,177.072
stoxx600,old,stoxx600_syn_subset_b3c0d0fc7d,2016-04-29,286.642,148.559,180.601
stoxx600,old,stoxx600_syn_subset_b3c0d0fc7d,2016-05-31,293.364,151.37,185.47
stoxx600,old,stoxx600_syn_subset_b3c0d0fc7d,2016-06-30,282.628,147.369,176.123
stoxx600,old,stoxx600_syn_subset_b3c0d0fc7d,2016-07-29,293.632,152.845,182.661
stoxx600,old,stoxx600_syn_subset_b3c0d0fc7d,2016-08-31,295.285,152.658,184.049
stoxx600,old,stoxx600_syn_subset_b3c0d0fc7d,2016-09-30,297.656,152.39,183.996
stoxx600,old,stoxx600_syn_subset_b3c0d0fc7d,2016-10-31,295.168,149.949,182.253
stoxx600,old,stoxx600_syn_subset_b3c0d0fc7d,2016-11-30,299.282,149.455,183.919
stoxx600,old,stoxx600_syn_subset_b3c0d0fc7d,2016-12-30,314.801,156.73,194.45
stoxx600,old,stoxx600_syn_subset_b3c0d0fc7d,2017-01-31,315.222,155.502,193.943
stoxx600,old,stoxx600_syn_subset_b3c0d0fc7d,2017-02-28,326.244,163.118,199.782
stoxx600,old,stoxx600_syn_subset_b3c0d0fc7d,2017-03-31,337.888,165.609,206.767
stoxx600,old,stoxx600_syn_subset_b3c0d0fc7d,2017-04-28,345.163,168.206,211.088
stoxx600,old,stoxx600_syn_subset_b3c0d0fc7d,2017-05-31,350.766,173.398,214.466
stoxx600,old,stoxx600_syn_subset_b3c0d0fc7d,2017-06-30,342.545,167.613,209.301
stoxx600,old,stoxx600_syn_subset_b3c0d0fc7d,2017-07-31,346.318,163.808,208.764
stoxx600,old,stoxx600_syn_subset_b3c0d0fc7d,2017-08-31,352.458,159.957,206.672
stoxx600,old,stoxx600_syn_subset_b3c0d0fc7d,2017-09-29,365.476,165.301,214.732
stoxx600,old,stoxx600_syn_subset_b3c0d0fc7d,2017-10-31,377.562,169.728,218.779
stoxx600,old,stoxx600_syn_subset_b3c0d0fc7d,2017-11-30,370.598,162.721,214.271
stoxx600,old,stoxx600_syn_subset_b3c0d0fc7d,2017-12-29,374.377,160.88,215.825
stoxx600,old,stoxx600_syn_subset_b3c0d0fc7d,2018-01-31,384.275,161.503,219.351
stoxx600,old,stoxx600_syn_subset_b3c0d0fc7d,2018-02-28,373.196,157.014,211.032
stoxx600,old,stoxx600_syn_subset_b3c0d0fc7d,2018-03-29,372.312,153.05,206.809
stoxx600,old,stoxx600_syn_subset_b3c0d0fc7d,2018-04-30,398.171,159.785,216.395
stoxx600,old,stoxx600_syn_subset_b3c0d0fc7d,2018-05-31,404.56,161.555,216.452
stoxx600,old,stoxx600_syn_subset_b3c0d0fc7d,2018-06-29,405.918,159.771,215.369
stoxx600,old,stoxx600_syn_subset_b3c0d0fc7d,2018-07-31,419.76,162.056,222.08
stoxx600,old,stoxx600_syn_subset_b3c0d0fc7d,2018-08-31,422.596,158.285,217.066
stoxx600,old,stoxx600_syn_subset_b3c0d0fc7d,2018-09-28,419.901,158.071,217.781
stoxx600,old,stoxx600_syn_subset_b3c0d0fc7d,2018-10-31,395.715,150.449,205.962
stoxx600,old,stoxx600_syn_subset_b3c0d0fc7d,2018-11-30,385.139,151.915,204.106
stoxx600,old,stoxx600_syn_subset_b3c0d0fc7d,2018-12-31,370.583,141.586,192.928
stoxx600,old,stoxx600_syn_subset_b3c0d0fc7d,2019-01-31,396.516,150.06,205.083
stoxx600,old,stoxx600_syn_subset_b3c0d0fc7d,2019-02-28,410.709,156.043,213.655
stoxx600,old,stoxx600_syn_subset_b3c0d0fc7d,2019-03-29,429.812,159.869,217.933
stoxx600,old,stoxx600_syn_subset_b3c0d0fc7d,2019-04-30,440.022,165.772,226.217
stoxx600,old,stoxx600_syn_subset_b3c0d0fc7d,2019-05-31,429.71,154.859,215.456
stoxx600,old,stoxx600_syn_subset_b3c0d0fc7d,2019-06-28,448.666,160.394,224.949
stoxx600,old,stoxx600_syn_subset_b3c0d0fc7d,2019-07-31,452.139,160.771,225.55
stoxx600,old,stoxx600_syn_subset_b3c0d0fc7d,2019-08-30,451.106,160.275,222.187
stoxx600,old,stoxx600_syn_subset_b3c0d0fc7d,2019-09-30,460.618,165.103,230.473
stoxx600,old,stoxx600_syn_subset_b3c0d0fc7d,2019-10-31,465.526,167.937,233.052
stoxx600,old,stoxx600_syn_subset_b3c0d0fc7d,2019-11-29,484.245,172.287,239.483
stoxx600,old,stoxx600_syn_subset_b3c0d0fc7d,2019-12-31,489.67,176.152,244.775
stoxx600,old,stoxx600_syn_subset_b3c0d0fc7d,2020-01-31,493.319,171.868,242.233
stoxx600,old,stoxx600_syn_subset_b3c0d0fc7d,2020-02-28,464.247,155.403,222.339
stoxx600,old,stoxx600_syn_subset_b3c0d0fc7d,2020-03-31,414.468,132.576,189.731
stoxx600,old,stoxx600_syn_subset_b3c0d0fc7d,2020-04-30,441.127,143.36,202.548
stoxx600,old,stoxx600_syn_subset_b3c0d0fc7d,2020-05-29,464.837,149.99,209.874
stoxx600,old,stoxx600_syn_subset_b3c0d0fc7d,2020-06-30,480.168,153.097,216.742
stoxx600,old,stoxx600_syn_subset_b3c0d0fc7d,2020-07-31,485.373,149.016,214.582
stoxx600,old,stoxx600_syn_subset_b3c0d0fc7d,2020-08-31,505.166,154.637,221.285
stoxx600,old,stoxx600_syn_subset_b3c0d0fc7d,2020-09-30,502.62,150.675,217.885
stoxx600,old,stoxx600_syn_subset_b3c0d0fc7d,2020-10-30,482.565,140.671,206.71
stoxx600,old,stoxx600_syn_subset_b3c0d0fc7d,2020-11-30,535.328,158.724,235.595
stoxx600,old,stoxx600_syn_subset_b3c0d0fc7d,2020-12-31,552.76,163.635,241.971
stoxx600,old,stoxx600_syn_subset_b3c0d0fc7d,2021-01-29,549.679,162.22,240.15
stoxx600,old,stoxx600_syn_subset_b3c0d0fc7d,2021-02-26,568.462,163.507,245.916
stoxx600,old,stoxx600_syn_subset_b3c0d0fc7d,2021-03-31,609.106,170.432,261.816
stoxx600,old,stoxx600_syn_subset_b3c0d0fc7d,2021-04-30,628.596,173.551,268.068
stoxx600,old,stoxx600_syn_subset_b3c0d0fc7d,2021-05-31,646.962,175.756,275.307
stoxx600,old,stoxx600_syn_subset_b3c0d0fc7d,2021-06-30,661.286,177.375,279.405
stoxx600,old,stoxx600_syn_subset_b3c0d0fc7d,2021-07-30,687.821,177.424,285.092
stoxx600,old,stoxx600_syn_subset_b3c0d0fc7d,2021-08-31,702.482,181.817,290.616
stoxx600,old,stoxx600_syn_subset_b3c0d0fc7d,2021-09-30,687.615,172.874,281.58
stoxx600,old,stoxx600_syn_subset_b3c0d0fc7d,2021-10-29,716.47,175.485,294.726
stoxx600,old,stoxx600_syn_subset_b3c0d0fc7d,2021-11-30,716.07,165.982,287.217
stoxx600,old,stoxx600_syn_subset_b3c0d0fc7d,2021-12-31,760.855,172.688,302.144
stoxx600,old,stoxx600_syn_subset_b3c0d0fc7d,2022-01-31,729.542,164.794,291.539
stoxx600,old,stoxx600_syn_subset_b3c0d0fc7d,2022-02-28,695.808,160.565,282.227
stoxx600,old,stoxx600_syn_subset_b3c0d0fc7d,2022-03-31,728.813,157.003,285.66
stoxx600,old,stoxx600_syn_subset_b3c0d0fc7d,2022-04-29,738.663,157.231,284.142
stoxx600,old,stoxx600_syn_subset_b3c0d0fc7d,2022-05-31,728.656,156.722,282.145
stoxx600,old,stoxx600_syn_subset_b3c0d0fc7d,2022-06-30,665.811,137.612,260.102
stoxx600,old,stoxx600_syn_subset_b3c0d0fc7d,2022-07-29,721.618,141.346,280.199
stoxx600,old,stoxx600_syn_subset_b3c0d0fc7d,2022-08-31,687.05,128.575,266.045
stoxx600,old,stoxx600_syn_subset_b3c0d0fc7d,2022-09-30,656.832,119.055,248.982
stoxx600,old,stoxx600_syn_subset_b3c0d0fc7d,2022-10-31,709.464,124.73,264.608
stoxx600,old,stoxx600_syn_subset_b3c0d0fc7d,2022-11-30,754.134,134.992,283.061
stoxx600,old,stoxx600_syn_subset_b3c0d0fc7d,2022-12-30,733.034,130.439,273.397
stoxx600,old,stoxx600_syn_subset_b3c0d0fc7d,2023-01-31,760.495,139.26,291.739
stoxx600,old,stoxx600_syn_subset_b3c0d0fc7d,2023-02-28,784.351,135.623,297.564
stoxx600,old,stoxx600_syn_subset_b3c0d0fc7d,2023-03-31,788.067,134.685,297.02
stoxx600,old,stoxx600_syn_subset_b3c0d0fc7d,2023-04-28,811.511,136.16,304.747
stoxx600,old,stoxx600_syn_subset_b3c0d0fc7d,2023-05-31,797.789,129.901,297.592
stoxx600,old,stoxx600_syn_subset_b3c0d0fc7d,2023-06-30,811.097,127.917,304.793
stoxx600,old,stoxx600_syn_subset_b3c0d0fc7d,2023-07-31,824.612,135.209,311.284
stoxx600,old,stoxx600_syn_subset_b3c0d0fc7d,2023-08-31,826.325,128.979,303.417
stoxx600,old,stoxx600_syn_subset_b3c0d0fc7d,2023-09-29,826.993,122.456,298.631
stoxx600,old,stoxx600_syn_subset_b3c0d0fc7d,2023-10-31,808.172,116.41,287.931
stoxx600,old,stoxx600_syn_subset_b3c0d0fc7d,2023-11-30,866.352,124.221,307.005
stoxx600,old,stoxx600_syn_subset_b3c0d0fc7d,2023-12-29,906.899,134.656,318.642
stoxx600,old,stoxx600_syn_subset_b3c0d0fc7d,2024-01-31,906.69,133.47,323.215
stoxx600,old,stoxx600_syn_subset_b3c0d0fc7d,2024-02-29,924.043,132.013,329.133
stoxx600,old,stoxx600_syn_subset_b3c0d0fc7d,2024-03-28,955.031,138.071,343.062
stoxx600,old,stoxx600_syn_subset_b3c0d0fc7d,2024-04-30,937.277,137.209,340.495
stoxx600,old,stoxx600_syn_subset_b3c0d0fc7d,2024-05-31,977.055,142.932,352.666
stoxx600,old,stoxx600_syn_subset_b3c0d0fc7d,2024-06-28,963.752,138.324,348.891
stoxx600,old,stoxx600_syn_subset_b3c0d0fc7d,2024-07-31,966.71,140.407,354.064
stoxx600,old,stoxx600_syn_subset_b3c0d0fc7d,2024-08-30,984.787,141.124,359.738
stoxx600,old,stoxx600_syn_subset_b3c0d0fc7d,2024-09-30,999.515,143.444,358.64
stoxx600,old,stoxx600_syn_subset_b3c0d0fc7d,2024-10-31,975.74,136.043,347.099
stoxx600,old,stoxx600_syn_subset_b3c0d0fc7d,2024-11-29,1012.255,134.58,351.269
stoxx600,old,stoxx600_syn_subset_b3c0d0fc7d,2024-12-31,999.43,133.347,351.237
stoxx600,old,stoxx600_syn_subset_b3c0d0fc7d,2025-01-31,1061.456,139.991,375.854
stoxx600,old,stoxx600_syn_subset_b3c0d0fc7d,2025-02-28,1102.314,140.774,388.785
stoxx600,old,stoxx600_syn_subset_b3c0d0fc7d,2025-03-31,1063.57,128.956,374.026
stoxx600,old,stoxx600_syn_subset_b3c0d0fc7d,2025-04-30,1079.282,125.382,371.945
stoxx600,old,stoxx600_syn_subset_b3c0d0fc7d,2025-05-30,1162.942,129.977,392.984
stoxx600,old,stoxx600_syn_subset_b3c0d0fc7d,2025-06-30,1172.53,127.938,388.334
stoxx600,old,stoxx600_syn_subset_b3c0d0fc7d,2025-07-31,1184.362,126.638,392.285
stoxx600,old,stoxx600_syn_subset_b3c0d0fc7d,2025-08-29,1196.687,127.336,396.218
stoxx600,old,stoxx600_syn_subset_b3c0d0fc7d,2025-09-30,1204.367,129.18,402.6
stoxx600,old,stoxx600_syn_subset_b3c0d0fc7d,2025-10-31,1234.386,132.786,413.005
stoxx600,old,stoxx600_syn_subset_b3c0d0fc7d,2025-11-28,1245.085,131.893,416.968
stoxx600,old,stoxx600_syn_subset_b3c0d0fc7d,2025-12-31,1269.48,135.259,428.463
stoxx600,old,stoxx600_syn_subset_b3c0d0fc7d,2026-01-30,1316.213,139.598,442.119
stoxx600,old,stoxx600_syn_subset_b3c0d0fc7d,2026-02-27,1386.779,144.926,458.976
stoxx600,old,stoxx600_syn_subset_b3c0d0fc7d,2026-03-31,1262.574,135.002,423.979
stoxx600,old,stoxx600_syn_subset_b3c0d0fc7d,2026-04-30,1332.882,142.854,446.34
stoxx600,old,stoxx600_syn_subset_b3c0d0fc7d,2026-05-29,1368.952,149.035,461.205
stoxx600,old,stoxx600_syn_subset_b3c0d0fc7d,2026-06-30,1403.767,149.141,471.198
stoxx600,old,stoxx600_syn_subset_b3c0d0fc7d,2026-07-02,1407.279,152.172,477.096
stoxx600,old,stoxx600_syn_subset_2543debc1d,2009-10-30,101.114,99.471,101.236
stoxx600,old,stoxx600_syn_subset_2543debc1d,2009-11-30,103.32,99.32,102.556
stoxx600,old,stoxx600_syn_subset_2543debc1d,2009-12-31,108.995,104.55,108.841
stoxx600,old,stoxx600_syn_subset_2543debc1d,2010-01-29,107.423,102.221,105.921
stoxx600,old,stoxx600_syn_subset_2543debc1d,2010-02-26,106.952,101.074,105.55
stoxx600,old,stoxx600_syn_subset_2543debc1d,2010-03-31,117.04,107.187,113.603
stoxx600,old,stoxx600_syn_subset_2543debc1d,2010-04-30,118.205,105.029,112.6
stoxx600,old,stoxx600_syn_subset_2543debc1d,2010-05-31,110.195,98.233,107.277
stoxx600,old,stoxx600_syn_subset_2543debc1d,2010-06-30,110.599,95.876,106.706
stoxx600,old,stoxx600_syn_subset_2543debc1d,2010-07-30,115.258,104.493,112.166
stoxx600,old,stoxx600_syn_subset_2543debc1d,2010-08-31,114.729,102.204,110.679
stoxx600,old,stoxx600_syn_subset_2543debc1d,2010-09-30,119.854,105.278,114.537
stoxx600,old,stoxx600_syn_subset_2543debc1d,2010-10-29,123.116,105.541,117.522
stoxx600,old,stoxx600_syn_subset_2543debc1d,2010-11-30,123.854,102.199,115.795
stoxx600,old,stoxx600_syn_subset_2543debc1d,2010-12-31,131.623,108.201,121.954
stoxx600,old,stoxx600_syn_subset_2543debc1d,2011-01-31,132.97,109.993,124.122
stoxx600,old,stoxx600_syn_subset_2543debc1d,2011-02-28,137.456,110.153,127.17
stoxx600,old,stoxx600_syn_subset_2543debc1d,2011-03-31,133.877,106.004,122.912
stoxx600,old,stoxx600_syn_subset_2543debc1d,2011-04-29,138.248,108.632,127.222
stoxx600,old,stoxx600_syn_subset_2543debc1d,2011-05-31,137.775,108.708,127.315
stoxx600,old,stoxx600_syn_subset_2543debc1d,2011-06-30,136.067,102.772,123.961
stoxx600,old,stoxx600_syn_subset_2543debc1d,2011-07-29,130.969,98.06,120.523
stoxx600,old,stoxx600_syn_subset_2543debc1d,2011-08-31,117.99,85.891,107.993
stoxx600,old,stoxx600_syn_subset_2543debc1d,2011-09-30,110.286,80.271,102.802
stoxx600,old,stoxx600_syn_subset_2543debc1d,2011-10-31,118.757,87.364,110.839
stoxx600,old,stoxx600_syn_subset_2543debc1d,2011-11-30,119.546,82.693,109.397
stoxx600,old,stoxx600_syn_subset_2543debc1d,2011-12-30,122.666,81.56,111.241
stoxx600,old,stoxx600_syn_subset_2543debc1d,2012-01-31,127.723,86.783,115.927
stoxx600,old,stoxx600_syn_subset_2543debc1d,2012-02-29,133.489,90.549,120.895
stoxx600,old,stoxx600_syn_subset_2543debc1d,2012-03-30,132.804,90.301,120.847
stoxx600,old,stoxx600_syn_subset_2543debc1d,2012-04-30,135.091,84.217,118.88
stoxx600,old,stoxx600_syn_subset_2543debc1d,2012-05-31,128.494,76.89,111.686
stoxx600,old,stoxx600_syn_subset_2543debc1d,2012-06-29,134.448,81.846,117.488
stoxx600,old,stoxx600_syn_subset_2543debc1d,2012-07-31,142.563,83.109,122.48
stoxx600,old,stoxx600_syn_subset_2543debc1d,2012-08-31,143.13,87.475,125.311
stoxx600,old,stoxx600_syn_subset_2543debc1d,2012-09-28,146.791,87.602,126.621
stoxx600,old,stoxx600_syn_subset_2543debc1d,2012-10-31,146.843,88.638,127.418
stoxx600,old,stoxx600_syn_subset_2543debc1d,2012-11-30,150.85,90.813,130.352
stoxx600,old,stoxx600_syn_subset_2543debc1d,2012-12-31,153.286,92.849,132.439
stoxx600,old,stoxx600_syn_subset_2543debc1d,2013-01-31,159.216,95.713,136.187
stoxx600,old,stoxx600_syn_subset_2543debc1d,2013-02-28,164.621,94.473,137.868
stoxx600,old,stoxx600_syn_subset_2543debc1d,2013-03-28,169.889,92.416,140.112
stoxx600,old,stoxx600_syn_subset_2543debc1d,2013-04-30,172.432,93.852,142.499
stoxx600,old,stoxx600_syn_subset_2543debc1d,2013-05-31,177.028,96.032,145.6
stoxx600,old,stoxx600_syn_subset_2543debc1d,2013-06-28,169.185,90.822,138.283
stoxx600,old,stoxx600_syn_subset_2543debc1d,2013-07-31,179.328,96.074,145.459
stoxx600,old,stoxx600_syn_subset_2543debc1d,2013-08-30,178.745,97.072,144.567
stoxx600,old,stoxx600_syn_subset_2543debc1d,2013-09-30,188.27,102.557,151.301
stoxx600,old,stoxx600_syn_subset_2543debc1d,2013-10-31,197.21,106.516,157.456
stoxx600,old,stoxx600_syn_subset_2543debc1d,2013-11-29,200.932,107.295,159.199
stoxx600,old,stoxx600_syn_subset_2543debc1d,2013-12-31,205.849,106.723,160.835
stoxx600,old,stoxx600_syn_subset_2543debc1d,2014-01-31,206.659,104.975,158.149
stoxx600,old,stoxx600_syn_subset_2543debc1d,2014-02-28,222.31,109.819,165.971
stoxx600,old,stoxx600_syn_subset_2543debc1d,2014-03-31,214.899,110.471,164.649
stoxx600,old,stoxx600_syn_subset_2543debc1d,2014-04-30,216.326,113.051,167.469
stoxx600,old,stoxx600_syn_subset_2543debc1d,2014-05-30,221.54,115.813,172.218
stoxx600,old,stoxx600_syn_subset_2543debc1d,2014-06-30,225.777,114.349,171.369
stoxx600,old,stoxx600_syn_subset_2543debc1d,2014-07-31,223.818,111.026,168.824
stoxx600,old,stoxx600_syn_subset_2543debc1d,2014-08-29,227.793,112.272,172.248
stoxx600,old,stoxx600_syn_subset_2543debc1d,2014-09-30,229.025,110.283,173.064
stoxx600,old,stoxx600_syn_subset_2543debc1d,2014-10-31,228.336,107.939,170.128
stoxx600,old,stoxx600_syn_subset_2543debc1d,2014-11-28,237.6,111.226,175.901
stoxx600,old,stoxx600_syn_subset_2543debc1d,2014-12-31,238.237,108.417,173.467
stoxx600,old,stoxx600_syn_subset_2543debc1d,2015-01-30,254.602,115.196,185.868
stoxx600,old,stoxx600_syn_subset_2543debc1d,2015-02-27,274.242,125.101,198.77
stoxx600,old,stoxx600_syn_subset_2543debc1d,2015-03-31,280.293,128.132,202.519
stoxx600,old,stoxx600_syn_subset_2543debc1d,2015-04-30,279.046,129.776,202.916
stoxx600,old,stoxx600_syn_subset_2543debc1d,2015-05-29,287.416,131.16,206.711
stoxx600,old,stoxx600_syn_subset_2543debc1d,2015-06-30,277.297,124.55,197.493
stoxx600,old,stoxx600_syn_subset_2543debc1d,2015-07-31,288.535,127.497,205.289
stoxx600,old,stoxx600_syn_subset_2543debc1d,2015-08-31,269.015,114.646,188.331
stoxx600,old,stoxx600_syn_subset_2543debc1d,2015-09-30,261.795,107.841,180.759
stoxx600,old,stoxx600_syn_subset_2543debc1d,2015-10-30,280.17,117.394,195.266
stoxx600,old,stoxx600_syn_subset_2543debc1d,2015-11-30,292.789,118.903,200.857
stoxx600,old,stoxx600_syn_subset_2543debc1d,2015-12-31,282.745,111.781,190.935
stoxx600,old,stoxx600_syn_subset_2543debc1d,2016-01-29,269.783,103.623,178.743
stoxx600,old,stoxx600_syn_subset_2543debc1d,2016-02-29,264.842,103.028,174.503
stoxx600,old,stoxx600_syn_subset_2543debc1d,2016-03-31,272.475,105.619,177.072
stoxx600,old,stoxx600_syn_subset_2543debc1d,2016-04-29,273.901,108.532,180.601
stoxx600,old,stoxx600_syn_subset_2543debc1d,2016-05-31,287.298,108.956,185.47
stoxx600,old,stoxx600_syn_subset_2543debc1d,2016-06-30,277.559,102.292,176.123
stoxx600,old,stoxx600_syn_subset_2543debc1d,2016-07-29,290.915,106.58,182.661
stoxx600,old,stoxx600_syn_subset_2543debc1d,2016-08-31,291.223,108.315,184.049
stoxx600,old,stoxx600_syn_subset_2543debc1d,2016-09-30,294.955,105.08,183.996
stoxx600,old,stoxx600_syn_subset_2543debc1d,2016-10-31,297.229,102.695,182.253
stoxx600,old,stoxx600_syn_subset_2543debc1d,2016-11-30,297.478,105.692,183.919
stoxx600,old,stoxx600_syn_subset_2543debc1d,2016-12-30,310.078,114.516,194.45
stoxx600,old,stoxx600_syn_subset_2543debc1d,2017-01-31,312.438,112.983,193.943
stoxx600,old,stoxx600_syn_subset_2543debc1d,2017-02-28,319.175,116.766,199.782
stoxx600,old,stoxx600_syn_subset_2543debc1d,2017-03-31,328.615,120.598,206.767
stoxx600,old,stoxx600_syn_subset_2543debc1d,2017-04-28,336.809,123.444,211.088
stoxx600,old,stoxx600_syn_subset_2543debc1d,2017-05-31,338.435,124.732,214.466
stoxx600,old,stoxx600_syn_subset_2543debc1d,2017-06-30,331.67,119.904,209.301
stoxx600,old,stoxx600_syn_subset_2543debc1d,2017-07-31,334.92,118.378,208.764
stoxx600,old,stoxx600_syn_subset_2543debc1d,2017-08-31,340.616,115.269,206.672
stoxx600,old,stoxx600_syn_subset_2543debc1d,2017-09-29,352.647,119.333,214.732
stoxx600,old,stoxx600_syn_subset_2543debc1d,2017-10-31,363.944,120.414,218.779
stoxx600,old,stoxx600_syn_subset_2543debc1d,2017-11-30,357.016,116.684,214.271
stoxx600,old,stoxx600_syn_subset_2543debc1d,2017-12-29,357.357,117.351,215.825
stoxx600,old,stoxx600_syn_subset_2543debc1d,2018-01-31,365.174,117.043,219.351
stoxx600,old,stoxx600_syn_subset_2543debc1d,2018-02-28,354.673,113.345,211.032
stoxx600,old,stoxx600_syn_subset_2543debc1d,2018-03-29,349.544,109.815,206.809
stoxx600,old,stoxx600_syn_subset_2543debc1d,2018-04-30,366.467,113.697,216.395
stoxx600,old,stoxx600_syn_subset_2543debc1d,2018-05-31,364.223,113.521,216.452
stoxx600,old,stoxx600_syn_subset_2543debc1d,2018-06-29,362.43,112.702,215.369
stoxx600,old,stoxx600_syn_subset_2543debc1d,2018-07-31,377.196,115.884,222.08
stoxx600,old,stoxx600_syn_subset_2543debc1d,2018-08-31,377.607,111.614,217.066
stoxx600,old,stoxx600_syn_subset_2543debc1d,2018-09-28,374.441,111.021,217.781
stoxx600,old,stoxx600_syn_subset_2543debc1d,2018-10-31,348.827,104.526,205.962
stoxx600,old,stoxx600_syn_subset_2543debc1d,2018-11-30,345.937,103.712,204.106
stoxx600,old,stoxx600_syn_subset_2543debc1d,2018-12-31,326.978,94.749,192.928
stoxx600,old,stoxx600_syn_subset_2543debc1d,2019-01-31,353.168,100.698,205.083
stoxx600,old,stoxx600_syn_subset_2543debc1d,2019-02-28,363.636,107.192,213.655
stoxx600,old,stoxx600_syn_subset_2543debc1d,2019-03-29,375.655,107.876,217.933
stoxx600,old,stoxx600_syn_subset_2543debc1d,2019-04-30,383.41,114.247,226.217
stoxx600,old,stoxx600_syn_subset_2543debc1d,2019-05-31,373.04,104.294,215.456
stoxx600,old,stoxx600_syn_subset_2543debc1d,2019-06-28,389.312,109.162,224.949
stoxx600,old,stoxx600_syn_subset_2543debc1d,2019-07-31,391.49,109.106,225.55
stoxx600,old,stoxx600_syn_subset_2543debc1d,2019-08-30,389.683,106.341,222.187
stoxx600,old,stoxx600_syn_subset_2543debc1d,2019-09-30,401.599,111.469,230.473
stoxx600,old,stoxx600_syn_subset_2543debc1d,2019-10-31,407.799,115.215,233.052
stoxx600,old,stoxx600_syn_subset_2543debc1d,2019-11-29,422.263,117.778,239.483
stoxx600,old,stoxx600_syn_subset_2543debc1d,2019-12-31,431.782,121.332,244.775
stoxx600,old,stoxx600_syn_subset_2543debc1d,2020-01-31,431.994,119.602,242.233
stoxx600,old,stoxx600_syn_subset_2543debc1d,2020-02-28,399.044,108.145,222.339
stoxx600,old,stoxx600_syn_subset_2543debc1d,2020-03-31,348.979,89.019,189.731
stoxx600,old,stoxx600_syn_subset_2543debc1d,2020-04-30,367.863,95.952,202.548
stoxx600,old,stoxx600_syn_subset_2543debc1d,2020-05-29,384.098,99.336,209.874
stoxx600,old,stoxx600_syn_subset_2543debc1d,2020-06-30,394.629,101.656,216.742
stoxx600,old,stoxx600_syn_subset_2543debc1d,2020-07-31,402.036,96.526,214.582
stoxx600,old,stoxx600_syn_subset_2543debc1d,2020-08-31,417.315,100.472,221.285
stoxx600,old,stoxx600_syn_subset_2543debc1d,2020-09-30,417.323,95.733,217.885
stoxx600,old,stoxx600_syn_subset_2543debc1d,2020-10-30,402.192,90.689,206.71
stoxx600,old,stoxx600_syn_subset_2543debc1d,2020-11-30,435.942,114.122,235.595
stoxx600,old,stoxx600_syn_subset_2543debc1d,2020-12-31,450.696,117.229,241.971
stoxx600,old,stoxx600_syn_subset_2543debc1d,2021-01-29,452.302,115.1,240.15
stoxx600,old,stoxx600_syn_subset_2543debc1d,2021-02-26,461.182,119.462,245.916
stoxx600,old,stoxx600_syn_subset_2543debc1d,2021-03-31,493.546,127.636,261.816
stoxx600,old,stoxx600_syn_subset_2543debc1d,2021-04-30,505.33,130.303,268.068
stoxx600,old,stoxx600_syn_subset_2543debc1d,2021-05-31,527.758,132.221,275.307
stoxx600,old,stoxx600_syn_subset_2543debc1d,2021-06-30,532.514,134.977,279.405
stoxx600,old,stoxx600_syn_subset_2543debc1d,2021-07-30,546.044,135.299,285.092
stoxx600,old,stoxx600_syn_subset_2543debc1d,2021-08-31,561.855,136.402,290.616
stoxx600,old,stoxx600_syn_subset_2543debc1d,2021-09-30,549.773,133.116,281.58
stoxx600,old,stoxx600_syn_subset_2543debc1d,2021-10-29,577.427,135.924,294.726
stoxx600,old,stoxx600_syn_subset_2543debc1d,2021-11-30,569.194,129.195,287.217
stoxx600,old,stoxx600_syn_subset_2543debc1d,2021-12-31,601.478,133.161,302.144
stoxx600,old,stoxx600_syn_subset_2543debc1d,2022-01-31,570.185,130.446,291.539
stoxx600,old,stoxx600_syn_subset_2543debc1d,2022-02-28,544.041,125.408,282.227
stoxx600,old,stoxx600_syn_subset_2543debc1d,2022-03-31,570.976,121.553,285.66
stoxx600,old,stoxx600_syn_subset_2543debc1d,2022-04-29,577.033,118.875,284.142
stoxx600,old,stoxx600_syn_subset_2543debc1d,2022-05-31,569.598,120.406,282.145
stoxx600,old,stoxx600_syn_subset_2543debc1d,2022-06-30,524.067,105.166,260.102
stoxx600,old,stoxx600_syn_subset_2543debc1d,2022-07-29,558.732,109.117,280.199
stoxx600,old,stoxx600_syn_subset_2543debc1d,2022-08-31,536.654,99.863,266.045
stoxx600,old,stoxx600_syn_subset_2543debc1d,2022-09-30,498.577,91.424,248.982
stoxx600,old,stoxx600_syn_subset_2543debc1d,2022-10-31,535.44,96.116,264.608
stoxx600,old,stoxx600_syn_subset_2543debc1d,2022-11-30,568.504,105.962,283.061
stoxx600,old,stoxx600_syn_subset_2543debc1d,2022-12-30,556.293,102.615,273.397
stoxx600,old,stoxx600_syn_subset_2543debc1d,2023-01-31,573.138,110.26,291.739
stoxx600,old,stoxx600_syn_subset_2543debc1d,2023-02-28,593.107,106.121,297.564
stoxx600,old,stoxx600_syn_subset_2543debc1d,2023-03-31,603.686,107.28,297.02
stoxx600,old,stoxx600_syn_subset_2543debc1d,2023-04-28,615.392,109.185,304.747
stoxx600,old,stoxx600_syn_subset_2543debc1d,2023-05-31,609.204,104.815,297.592
stoxx600,old,stoxx600_syn_subset_2543debc1d,2023-06-30,615.456,103.41,304.793
stoxx600,old,stoxx600_syn_subset_2543debc1d,2023-07-31,626.532,109.942,311.284
stoxx600,old,stoxx600_syn_subset_2543debc1d,2023-08-31,636.152,106.277,303.417
stoxx600,old,stoxx600_syn_subset_2543debc1d,2023-09-29,636.238,103.419,298.631
stoxx600,old,stoxx600_syn_subset_2543debc1d,2023-10-31,625.355,97.91,287.931
stoxx600,old,stoxx600_syn_subset_2543debc1d,2023-11-30,674.0,104.101,307.005
stoxx600,old,stoxx600_syn_subset_2543debc1d,2023-12-29,696.796,109.964,318.642
stoxx600,old,stoxx600_syn_subset_2543debc1d,2024-01-31,701.706,110.348,323.215
stoxx600,old,stoxx600_syn_subset_2543debc1d,2024-02-29,722.371,108.233,329.133
stoxx600,old,stoxx600_syn_subset_2543debc1d,2024-03-28,757.456,113.004,343.062
stoxx600,old,stoxx600_syn_subset_2543debc1d,2024-04-30,757.083,114.803,340.495
stoxx600,old,stoxx600_syn_subset_2543debc1d,2024-05-31,791.671,117.776,352.666
stoxx600,old,stoxx600_syn_subset_2543debc1d,2024-06-28,778.407,114.273,348.891
stoxx600,old,stoxx600_syn_subset_2543debc1d,2024-07-31,780.411,116.63,354.064
stoxx600,old,stoxx600_syn_subset_2543debc1d,2024-08-30,792.635,116.467,359.738
stoxx600,old,stoxx600_syn_subset_2543debc1d,2024-09-30,813.876,119.053,358.64
stoxx600,old,stoxx600_syn_subset_2543debc1d,2024-10-31,789.287,113.691,347.099
stoxx600,old,stoxx600_syn_subset_2543debc1d,2024-11-29,808.374,111.016,351.269
stoxx600,old,stoxx600_syn_subset_2543debc1d,2024-12-31,798.525,110.391,351.237
stoxx600,old,stoxx600_syn_subset_2543debc1d,2025-01-31,854.135,116.743,375.854
stoxx600,old,stoxx600_syn_subset_2543debc1d,2025-02-28,887.66,116.961,388.785
stoxx600,old,stoxx600_syn_subset_2543debc1d,2025-03-31,855.875,106.966,374.026
stoxx600,old,stoxx600_syn_subset_2543debc1d,2025-04-30,879.419,105.557,371.945
stoxx600,old,stoxx600_syn_subset_2543debc1d,2025-05-30,937.951,110.763,392.984
stoxx600,old,stoxx600_syn_subset_2543debc1d,2025-06-30,930.727,110.195,388.334
stoxx600,old,stoxx600_syn_subset_2543debc1d,2025-07-31,958.977,111.442,392.285
stoxx600,old,stoxx600_syn_subset_2543debc1d,2025-08-29,968.682,112.766,396.218
stoxx600,old,stoxx600_syn_subset_2543debc1d,2025-09-30,995.353,114.562,402.6
stoxx600,old,stoxx600_syn_subset_2543debc1d,2025-10-31,1022.437,117.522,413.005
stoxx600,old,stoxx600_syn_subset_2543debc1d,2025-11-28,1033.762,118.497,416.968
stoxx600,old,stoxx600_syn_subset_2543debc1d,2025-12-31,1075.911,121.32,428.463
stoxx600,old,stoxx600_syn_subset_2543debc1d,2026-01-30,1119.971,121.047,442.119
stoxx600,old,stoxx600_syn_subset_2543debc1d,2026-02-27,1162.887,123.556,458.976
stoxx600,old,stoxx600_syn_subset_2543debc1d,2026-03-31,1064.345,116.458,423.979
stoxx600,old,stoxx600_syn_subset_2543debc1d,2026-04-30,1165.709,122.508,446.34
stoxx600,old,stoxx600_syn_subset_2543debc1d,2026-05-29,1213.769,126.049,461.205
stoxx600,old,stoxx600_syn_subset_2543debc1d,2026-06-30,1263.089,124.838,471.198
stoxx600,old,stoxx600_syn_subset_2543debc1d,2026-07-02,1263.371,128.111,477.096
stoxx600,old,stoxx600_syn_pair_8dbe63d33df5,2010-02-26,97.619,98.051,98.091
stoxx600,old,stoxx600_syn_pair_8dbe63d33df5,2010-03-31,104.982,105.337,105.575
stoxx600,old,stoxx600_syn_pair_8dbe63d33df5,2010-04-30,105.832,106.197,104.643
stoxx600,old,stoxx600_syn_pair_8dbe63d33df5,2010-05-31,101.051,100.673,99.696
stoxx600,old,stoxx600_syn_pair_8dbe63d33df5,2010-06-30,100.417,99.914,99.165
stoxx600,old,stoxx600_syn_pair_8dbe63d33df5,2010-07-30,105.003,101.199,104.24
stoxx600,old,stoxx600_syn_pair_8dbe63d33df5,2010-08-31,104.681,100.591,102.858
stoxx600,old,stoxx600_syn_pair_8dbe63d33df5,2010-09-30,109.46,104.426,106.443
stoxx600,old,stoxx600_syn_pair_8dbe63d33df5,2010-10-29,113.119,105.974,109.218
stoxx600,old,stoxx600_syn_pair_8dbe63d33df5,2010-11-30,115.604,104.835,107.612
stoxx600,old,stoxx600_syn_pair_8dbe63d33df5,2010-12-31,122.713,111.11,113.336
stoxx600,old,stoxx600_syn_pair_8dbe63d33df5,2011-01-31,123.142,109.063,115.351
stoxx600,old,stoxx600_syn_pair_8dbe63d33df5,2011-02-28,126.054,111.13,118.184
stoxx600,old,stoxx600_syn_pair_8dbe63d33df5,2011-03-31,124.06,109.63,114.227
stoxx600,old,stoxx600_syn_pair_8dbe63d33df5,2011-04-29,128.635,113.181,118.231
stoxx600,old,stoxx600_syn_pair_8dbe63d33df5,2011-05-31,129.139,112.99,118.319
stoxx600,old,stoxx600_syn_pair_8dbe63d33df5,2011-06-30,126.029,110.396,115.201
stoxx600,old,stoxx600_syn_pair_8dbe63d33df5,2011-07-29,125.394,106.202,112.006
stoxx600,old,stoxx600_syn_pair_8dbe63d33df5,2011-08-31,114.387,93.796,100.362
stoxx600,old,stoxx600_syn_pair_8dbe63d33df5,2011-09-30,108.487,88.876,95.538
stoxx600,old,stoxx600_syn_pair_8dbe63d33df5,2011-10-31,119.271,95.298,103.006
stoxx600,old,stoxx600_syn_pair_8dbe63d33df5,2011-11-30,120.449,93.432,101.666
stoxx600,old,stoxx600_syn_pair_8dbe63d33df5,2011-12-30,121.773,95.348,103.38
stoxx600,old,stoxx600_syn_pair_8dbe63d33df5,2012-01-31,127.149,97.56,107.735
stoxx600,old,stoxx600_syn_pair_8dbe63d33df5,2012-02-29,133.095,100.451,112.352
stoxx600,old,stoxx600_syn_pair_8dbe63d33df5,2012-03-30,136.088,99.951,112.308
stoxx600,old,stoxx600_syn_pair_8dbe63d33df5,2012-04-30,136.319,96.614,110.479
stoxx600,old,stoxx600_syn_pair_8dbe63d33df5,2012-05-31,131.303,90.66,103.794
stoxx600,old,stoxx600_syn_pair_8dbe63d33df5,2012-06-29,135.881,93.987,109.186
stoxx600,old,stoxx600_syn_pair_8dbe63d33df5,2012-07-31,144.487,98.282,113.825
stoxx600,old,stoxx600_syn_pair_8dbe63d33df5,2012-08-31,148.507,99.926,116.456
stoxx600,old,stoxx600_syn_pair_8dbe63d33df5,2012-09-28,151.204,99.868,117.673
stoxx600,old,stoxx600_syn_pair_8dbe63d33df5,2012-10-31,151.484,100.893,118.414
stoxx600,old,stoxx600_syn_pair_8dbe63d33df5,2012-11-30,156.335,102.034,121.141
stoxx600,old,stoxx600_syn_pair_8dbe63d33df5,2012-12-31,158.487,104.95,123.08
stoxx600,old,stoxx600_syn_pair_8dbe63d33df5,2013-01-31,163.433,105.153,126.563
stoxx600,old,stoxx600_syn_pair_8dbe63d33df5,2013-02-28,168.874,109.305,128.126
stoxx600,old,stoxx600_syn_pair_8dbe63d33df5,2013-03-28,173.323,111.239,130.211
stoxx600,old,stoxx600_syn_pair_8dbe63d33df5,2013-04-30,173.508,112.03,132.429
stoxx600,old,stoxx600_syn_pair_8dbe63d33df5,2013-05-31,178.388,114.469,135.311
stoxx600,old,stoxx600_syn_pair_8dbe63d33df5,2013-06-28,170.724,108.981,128.511
stoxx600,old,stoxx600_syn_pair_8dbe63d33df5,2013-07-31,183.052,115.553,135.18
stoxx600,old,stoxx600_syn_pair_8dbe63d33df5,2013-08-30,181.781,114.482,134.351
stoxx600,old,stoxx600_syn_pair_8dbe63d33df5,2013-09-30,188.923,120.319,140.609
stoxx600,old,stoxx600_syn_pair_8dbe63d33df5,2013-10-31,197.631,124.522,146.329
stoxx600,old,stoxx600_syn_pair_8dbe63d33df5,2013-11-29,202.062,126.724,147.949
stoxx600,old,stoxx600_syn_pair_8dbe63d33df5,2013-12-31,206.357,127.257,149.469
stoxx600,old,stoxx600_syn_pair_8dbe63d33df5,2014-01-31,205.309,127.87,146.973
stoxx600,old,stoxx600_syn_pair_8dbe63d33df5,2014-02-28,217.945,133.704,154.242
stoxx600,old,stoxx600_syn_pair_8dbe63d33df5,2014-03-31,213.426,129.931,153.014
stoxx600,old,stoxx600_syn_pair_8dbe63d33df5,2014-04-30,218.973,130.719,155.635
stoxx600,old,stoxx600_syn_pair_8dbe63d33df5,2014-05-30,227.075,133.616,160.048
stoxx600,old,stoxx600_syn_pair_8dbe63d33df5,2014-06-30,226.99,131.465,159.259
stoxx600,old,stoxx600_syn_pair_8dbe63d33df5,2014-07-31,220.976,125.57,156.894
stoxx600,old,stoxx600_syn_pair_8dbe63d33df5,2014-08-29,225.72,127.388,160.076
stoxx600,old,stoxx600_syn_pair_8dbe63d33df5,2014-09-30,228.665,126.184,160.834
stoxx600,old,stoxx600_syn_pair_8dbe63d33df5,2014-10-31,226.392,125.42,158.105
stoxx600,old,stoxx600_syn_pair_8dbe63d33df5,2014-11-28,238.134,130.355,163.471
stoxx600,old,stoxx600_syn_pair_8dbe63d33df5,2014-12-31,237.302,128.162,161.209
stoxx600,old,stoxx600_syn_pair_8dbe63d33df5,2015-01-30,259.924,138.35,172.734
stoxx600,old,stoxx600_syn_pair_8dbe63d33df5,2015-02-27,279.786,146.401,184.723
stoxx600,old,stoxx600_syn_pair_8dbe63d33df5,2015-03-31,285.316,147.522,188.208
stoxx600,old,stoxx600_syn_pair_8dbe63d33df5,2015-04-30,289.397,146.619,188.577
stoxx600,old,stoxx600_syn_pair_8dbe63d33df5,2015-05-29,295.638,148.524,192.104
stoxx600,old,stoxx600_syn_pair_8dbe63d33df5,2015-06-30,283.64,141.878,183.537
stoxx600,old,stoxx600_syn_pair_8dbe63d33df5,2015-07-31,294.713,145.702,190.782
stoxx600,old,stoxx600_syn_pair_8dbe63d33df5,2015-08-31,273.759,134.058,175.022
stoxx600,old,stoxx600_syn_pair_8dbe63d33df5,2015-09-30,264.952,128.509,167.986
stoxx600,old,stoxx600_syn_pair_8dbe63d33df5,2015-10-30,289.176,138.956,181.468
stoxx600,old,stoxx600_syn_pair_8dbe63d33df5,2015-11-30,305.598,141.555,186.664
stoxx600,old,stoxx600_syn_pair_8dbe63d33df5,2015-12-31,292.708,134.917,177.443
stoxx600,old,stoxx600_syn_pair_8dbe63d33df5,2016-01-29,280.969,127.922,166.112
stoxx600,old,stoxx600_syn_pair_8dbe63d33df5,2016-02-29,278.625,125.179,162.172
stoxx600,old,stoxx600_syn_pair_8dbe63d33df5,2016-03-31,283.097,128.369,164.559
stoxx600,old,stoxx600_syn_pair_8dbe63d33df5,2016-04-29,288.68,129.608,167.839
stoxx600,old,stoxx600_syn_pair_8dbe63d33df5,2016-05-31,297.646,133.311,172.364
stoxx600,old,stoxx600_syn_pair_8dbe63d33df5,2016-06-30,285.801,128.153,163.677
stoxx600,old,stoxx600_syn_pair_8dbe63d33df5,2016-07-29,297.072,132.85,169.754
stoxx600,old,stoxx600_syn_pair_8dbe63d33df5,2016-08-31,299.377,131.304,171.043
stoxx600,old,stoxx600_syn_pair_8dbe63d33df5,2016-09-30,303.301,132.545,170.994
stoxx600,old,stoxx600_syn_pair_8dbe63d33df5,2016-10-31,300.95,130.613,169.374
stoxx600,old,stoxx600_syn_pair_8dbe63d33df5,2016-11-30,299.888,131.374,170.923
stoxx600,old,stoxx600_syn_pair_8dbe63d33df5,2016-12-30,317.18,137.25,180.709
stoxx600,old,stoxx600_syn_pair_8dbe63d33df5,2017-01-31,319.622,135.611,180.238
stoxx600,old,stoxx600_syn_pair_8dbe63d33df5,2017-02-28,332.518,141.929,185.665
stoxx600,old,stoxx600_syn_pair_8dbe63d33df5,2017-03-31,343.89,145.823,192.156
stoxx600,old,stoxx600_syn_pair_8dbe63d33df5,2017-04-28,353.769,148.111,196.171
stoxx600,old,stoxx600_syn_pair_8dbe63d33df5,2017-05-31,358.532,148.948,199.311
stoxx600,old,stoxx600_syn_pair_8dbe63d33df5,2017-06-30,347.394,145.04,194.511
stoxx600,old,stoxx600_syn_pair_8dbe63d33df5,2017-07-31,351.261,140.55,194.012
stoxx600,old,stoxx600_syn_pair_8dbe63d33df5,2017-08-31,353.514,138.139,192.067
stoxx600,old,stoxx600_syn_pair_8dbe63d33df5,2017-09-29,368.719,142.293,199.558
stoxx600,old,stoxx600_syn_pair_8dbe63d33df5,2017-10-31,380.302,144.441,203.319
stoxx600,old,stoxx600_syn_pair_8dbe63d33df5,2017-11-30,372.454,139.475,199.129
stoxx600,old,stoxx600_syn_pair_8dbe63d33df5,2017-12-29,374.651,137.018,200.574
stoxx600,old,stoxx600_syn_pair_8dbe63d33df5,2018-01-31,384.743,138.388,203.851
stoxx600,old,stoxx600_syn_pair_8dbe63d33df5,2018-02-28,374.909,133.005,196.119
stoxx600,old,stoxx600_syn_pair_8dbe63d33df5,2018-03-29,376.567,128.982,192.195
stoxx600,old,stoxx600_syn_pair_8dbe63d33df5,2018-04-30,395.332,134.776,201.103
stoxx600,old,stoxx600_syn_pair_8dbe63d33df5,2018-05-31,401.736,134.859,201.156
stoxx600,old,stoxx600_syn_pair_8dbe63d33df5,2018-06-29,393.195,131.842,200.15
stoxx600,old,stoxx600_syn_pair_8dbe63d33df5,2018-07-31,409.287,133.693,206.387
stoxx600,old,stoxx600_syn_pair_8dbe63d33df5,2018-08-31,405.838,131.134,201.726
stoxx600,old,stoxx600_syn_pair_8dbe63d33df5,2018-09-28,405.908,130.813,202.392
stoxx600,old,stoxx600_syn_pair_8dbe63d33df5,2018-10-31,383.69,122.369,191.408
stoxx600,old,stoxx600_syn_pair_8dbe63d33df5,2018-11-30,373.413,121.232,189.683
stoxx600,old,stoxx600_syn_pair_8dbe63d33df5,2018-12-31,351.508,113.508,179.294
stoxx600,old,stoxx600_syn_pair_8dbe63d33df5,2019-01-31,374.581,119.361,190.591
stoxx600,old,stoxx600_syn_pair_8dbe63d33df5,2019-02-28,389.823,122.658,198.557
stoxx600,old,stoxx600_syn_pair_8dbe63d33df5,2019-03-29,405.049,126.706,202.532
stoxx600,old,stoxx600_syn_pair_8dbe63d33df5,2019-04-30,413.312,130.477,210.231
stoxx600,old,stoxx600_syn_pair_8dbe63d33df5,2019-05-31,402.212,124.855,200.231
stoxx600,old,stoxx600_syn_pair_8dbe63d33df5,2019-06-28,418.392,131.573,209.053
stoxx600,old,stoxx600_syn_pair_8dbe63d33df5,2019-07-31,423.121,132.452,209.611
stoxx600,old,stoxx600_syn_pair_8dbe63d33df5,2019-08-30,420.878,131.267,206.486
stoxx600,old,stoxx600_syn_pair_8dbe63d33df5,2019-09-30,434.896,134.894,214.187
stoxx600,old,stoxx600_syn_pair_8dbe63d33df5,2019-10-31,445.808,138.625,216.583
stoxx600,old,stoxx600_syn_pair_8dbe63d33df5,2019-11-29,465.733,141.523,222.56
stoxx600,old,stoxx600_syn_pair_8dbe63d33df5,2019-12-31,471.782,145.494,227.478
stoxx600,old,stoxx600_syn_pair_8dbe63d33df5,2020-01-31,473.025,142.612,225.115
stoxx600,old,stoxx600_syn_pair_8dbe63d33df5,2020-02-28,443.198,129.823,206.627
stoxx600,old,stoxx600_syn_pair_8dbe63d33df5,2020-03-31,386.4,111.306,176.323
stoxx600,old,stoxx600_syn_pair_8dbe63d33df5,2020-04-30,418.624,120.797,188.235
stoxx600,old,stoxx600_syn_pair_8dbe63d33df5,2020-05-29,448.213,125.068,195.043
stoxx600,old,stoxx600_syn_pair_8dbe63d33df5,2020-06-30,457.261,128.077,201.426
stoxx600,old,stoxx600_syn_pair_8dbe63d33df5,2020-07-31,463.378,124.832,199.418
stoxx600,old,stoxx600_syn_pair_8dbe63d33df5,2020-08-31,482.224,129.985,205.648
stoxx600,old,stoxx600_syn_pair_8dbe63d33df5,2020-09-30,484.313,127.607,202.488
stoxx600,old,stoxx600_syn_pair_8dbe63d33df5,2020-10-30,460.567,118.638,192.103
stoxx600,old,stoxx600_syn_pair_8dbe63d33df5,2020-11-30,514.269,135.706,218.947
stoxx600,old,stoxx600_syn_pair_8dbe63d33df5,2020-12-31,528.333,140.866,224.872
stoxx600,old,stoxx600_syn_pair_8dbe63d33df5,2021-01-29,527.338,139.535,223.18
stoxx600,old,stoxx600_syn_pair_8dbe63d33df5,2021-02-26,531.747,140.63,228.538
stoxx600,old,stoxx600_syn_pair_8dbe63d33df5,2021-03-31,575.608,148.684,243.315
stoxx600,old,stoxx600_syn_pair_8dbe63d33df5,2021-04-30,592.401,150.601,249.125
stoxx600,old,stoxx600_syn_pair_8dbe63d33df5,2021-05-31,621.193,153.27,255.852
stoxx600,old,stoxx600_syn_pair_8dbe63d33df5,2021-06-30,632.327,155.186,259.661
stoxx600,old,stoxx600_syn_pair_8dbe63d33df5,2021-07-30,650.198,158.003,264.946
stoxx600,old,stoxx600_syn_pair_8dbe63d33df5,2021-08-31,660.581,163.36,270.08
stoxx600,old,stoxx600_syn_pair_8dbe63d33df5,2021-09-30,640.409,155.652,261.682
stoxx600,old,stoxx600_syn_pair_8dbe63d33df5,2021-10-29,675.963,160.585,273.899
stoxx600,old,stoxx600_syn_pair_8dbe63d33df5,2021-11-30,680.722,151.286,266.921
stoxx600,old,stoxx600_syn_pair_8dbe63d33df5,2021-12-31,716.397,158.556,280.793
stoxx600,old,stoxx600_syn_pair_8dbe63d33df5,2022-01-31,685.417,148.041,270.938
stoxx600,old,stoxx600_syn_pair_8dbe63d33df5,2022-02-28,675.786,143.866,262.283
stoxx600,old,stoxx600_syn_pair_8dbe63d33df5,2022-03-31,701.476,145.658,265.474
stoxx600,old,stoxx600_syn_pair_8dbe63d33df5,2022-04-29,711.403,148.44,264.063
stoxx600,old,stoxx600_syn_pair_8dbe63d33df5,2022-05-31,704.127,146.083,262.207
stoxx600,old,stoxx600_syn_pair_8dbe63d33df5,2022-06-30,636.288,131.309,241.722
stoxx600,old,stoxx600_syn_pair_8dbe63d33df5,2022-07-29,684.803,137.282,260.398
stoxx600,old,stoxx600_syn_pair_8dbe63d33df5,2022-08-31,654.09,127.394,247.245
stoxx600,old,stoxx600_syn_pair_8dbe63d33df5,2022-09-30,620.128,117.798,231.388
stoxx600,old,stoxx600_syn_pair_8dbe63d33df5,2022-10-31,666.662,123.757,245.91
stoxx600,old,stoxx600_syn_pair_8dbe63d33df5,2022-11-30,717.307,132.136,263.058
stoxx600,old,stoxx600_syn_pair_8dbe63d33df5,2022-12-30,695.391,126.956,254.077
stoxx600,old,stoxx600_syn_pair_8dbe63d33df5,2023-01-31,720.696,136.51,271.123
stoxx600,old,stoxx600_syn_pair_8dbe63d33df5,2023-02-28,730.361,140.68,276.536
stoxx600,old,stoxx600_syn_pair_8dbe63d33df5,2023-03-31,738.84,144.432,276.031
stoxx600,old,stoxx600_syn_pair_8dbe63d33df5,2023-04-28,750.521,149.007,283.212
stoxx600,old,stoxx600_syn_pair_8dbe63d33df5,2023-05-31,741.367,143.903,276.563
stoxx600,old,stoxx600_syn_pair_8dbe63d33df5,2023-06-30,741.148,145.084,283.254
stoxx600,old,stoxx600_syn_pair_8dbe63d33df5,2023-07-31,754.884,147.366,289.287
stoxx600,old,stoxx600_syn_pair_8dbe63d33df5,2023-08-31,757.054,144.19,281.976
stoxx600,old,stoxx600_syn_pair_8dbe63d33df5,2023-09-29,762.051,140.873,277.528
stoxx600,old,stoxx600_syn_pair_8dbe63d33df5,2023-10-31,736.717,136.504,267.584
stoxx600,old,stoxx600_syn_pair_8dbe63d33df5,2023-11-30,805.044,143.047,285.311
stoxx600,old,stoxx600_syn_pair_8dbe63d33df5,2023-12-29,845.332,150.965,296.125
stoxx600,old,stoxx600_syn_pair_8dbe63d33df5,2024-01-31,832.514,149.274,300.375
stoxx600,old,stoxx600_syn_pair_8dbe63d33df5,2024-02-29,874.985,148.964,305.875
stoxx600,old,stoxx600_syn_pair_8dbe63d33df5,2024-03-28,915.161,153.521,318.819
stoxx600,old,stoxx600_syn_pair_8dbe63d33df5,2024-04-30,945.651,152.847,316.433
stoxx600,old,stoxx600_syn_pair_8dbe63d33df5,2024-05-31,982.428,160.128,327.745
stoxx600,old,stoxx600_syn_pair_8dbe63d33df5,2024-06-28,980.372,154.191,324.237
stoxx600,old,stoxx600_syn_pair_8dbe63d33df5,2024-07-31,985.729,153.575,329.044
stoxx600,old,stoxx600_syn_pair_8dbe63d33df5,2024-08-30,1008.494,153.326,334.317
stoxx600,old,stoxx600_syn_pair_8dbe63d33df5,2024-09-30,1017.186,154.502,333.297
stoxx600,old,stoxx600_syn_pair_8dbe63d33df5,2024-10-31,976.232,147.959,322.571
stoxx600,old,stoxx600_syn_pair_8dbe63d33df5,2024-11-29,994.033,145.302,326.447
stoxx600,old,stoxx600_syn_pair_8dbe63d33df5,2024-12-31,980.804,145.105,326.417
stoxx600,old,stoxx600_syn_pair_8dbe63d33df5,2025-01-31,1048.063,153.294,349.294
stoxx600,old,stoxx600_syn_pair_8dbe63d33df5,2025-02-28,1092.804,155.231,361.312
stoxx600,old,stoxx600_syn_pair_8dbe63d33df5,2025-03-31,1071.052,144.676,347.595
stoxx600,old,stoxx600_syn_pair_8dbe63d33df5,2025-04-30,1058.823,142.595,345.661
stoxx600,old,stoxx600_syn_pair_8dbe63d33df5,2025-05-30,1124.628,152.372,365.213
stoxx600,old,stoxx600_syn_pair_8dbe63d33df5,2025-06-30,1106.983,152.03,360.892
stoxx600,old,stoxx600_syn_pair_8dbe63d33df5,2025-07-31,1124.302,151.835,364.564
stoxx600,old,stoxx600_syn_pair_8dbe63d33df5,2025-08-29,1142.09,150.684,368.22
stoxx600,old,stoxx600_syn_pair_8dbe63d33df5,2025-09-30,1179.23,152.972,374.15
stoxx600,old,stoxx600_syn_pair_8dbe63d33df5,2025-10-31,1220.447,155.507,383.82
stoxx600,old,stoxx600_syn_pair_8dbe63d33df5,2025-11-28,1237.261,154.29,387.503
stoxx600,old,stoxx600_syn_pair_8dbe63d33df5,2025-12-31,1259.457,158.916,398.185
stoxx600,old,stoxx600_syn_pair_8dbe63d33df5,2026-01-30,1260.251,158.124,410.877
stoxx600,old,stoxx600_syn_pair_8dbe63d33df5,2026-02-27,1319.341,164.217,426.543
stoxx600,old,stoxx600_syn_pair_8dbe63d33df5,2026-03-31,1212.021,154.42,394.018
stoxx600,old,stoxx600_syn_pair_8dbe63d33df5,2026-04-30,1272.183,164.036,414.799
stoxx600,old,stoxx600_syn_pair_8dbe63d33df5,2026-05-29,1306.319,172.121,428.614
stoxx600,old,stoxx600_syn_pair_8dbe63d33df5,2026-06-30,1288.358,173.91,437.901
stoxx600,old,stoxx600_syn_pair_8dbe63d33df5,2026-07-02,1321.247,176.143,443.382
stoxx600,old,stoxx600_syn_pair_56f732432d80,2010-02-26,97.323,95.936,98.091
stoxx600,old,stoxx600_syn_pair_56f732432d80,2010-03-31,106.901,105.078,105.575
stoxx600,old,stoxx600_syn_pair_56f732432d80,2010-04-30,106.604,104.674,104.643
stoxx600,old,stoxx600_syn_pair_56f732432d80,2010-05-31,99.907,98.605,99.696
stoxx600,old,stoxx600_syn_pair_56f732432d80,2010-06-30,98.771,98.01,99.165
stoxx600,old,stoxx600_syn_pair_56f732432d80,2010-07-30,104.694,102.932,104.24
stoxx600,old,stoxx600_syn_pair_56f732432d80,2010-08-31,104.285,101.014,102.858
stoxx600,old,stoxx600_syn_pair_56f732432d80,2010-09-30,108.725,103.896,106.443
stoxx600,old,stoxx600_syn_pair_56f732432d80,2010-10-29,112.622,105.22,109.218
stoxx600,old,stoxx600_syn_pair_56f732432d80,2010-11-30,111.989,103.497,107.612
stoxx600,old,stoxx600_syn_pair_56f732432d80,2010-12-31,118.727,110.017,113.336
stoxx600,old,stoxx600_syn_pair_56f732432d80,2011-01-31,120.235,113.216,115.351
stoxx600,old,stoxx600_syn_pair_56f732432d80,2011-02-28,124.326,114.219,118.184
stoxx600,old,stoxx600_syn_pair_56f732432d80,2011-03-31,121.493,111.295,114.227
stoxx600,old,stoxx600_syn_pair_56f732432d80,2011-04-29,125.406,114.448,118.231
stoxx600,old,stoxx600_syn_pair_56f732432d80,2011-05-31,124.832,114.967,118.319
stoxx600,old,stoxx600_syn_pair_56f732432d80,2011-06-30,122.057,111.189,115.201
stoxx600,old,stoxx600_syn_pair_56f732432d80,2011-07-29,120.644,106.114,112.006
stoxx600,old,stoxx600_syn_pair_56f732432d80,2011-08-31,108.529,93.965,100.362
stoxx600,old,stoxx600_syn_pair_56f732432d80,2011-09-30,102.797,88.453,95.538
stoxx600,old,stoxx600_syn_pair_56f732432d80,2011-10-31,110.916,95.698,103.006
stoxx600,old,stoxx600_syn_pair_56f732432d80,2011-11-30,110.777,92.572,101.666
stoxx600,old,stoxx600_syn_pair_56f732432d80,2011-12-30,112.922,91.889,103.38
stoxx600,old,stoxx600_syn_pair_56f732432d80,2012-01-31,119.244,95.463,107.735
stoxx600,old,stoxx600_syn_pair_56f732432d80,2012-02-29,125.661,97.345,112.352
stoxx600,old,stoxx600_syn_pair_56f732432d80,2012-03-30,125.589,97.025,112.308
stoxx600,old,stoxx600_syn_pair_56f732432d80,2012-04-30,126.12,94.654,110.479
stoxx600,old,stoxx600_syn_pair_56f732432d80,2012-05-31,117.382,87.624,103.794
stoxx600,old,stoxx600_syn_pair_56f732432d80,2012-06-29,122.48,91.755,109.186
stoxx600,old,stoxx600_syn_pair_56f732432d80,2012-07-31,131.78,93.563,113.825
stoxx600,old,stoxx600_syn_pair_56f732432d80,2012-08-31,134.687,97.727,116.456
stoxx600,old,stoxx600_syn_pair_56f732432d80,2012-09-28,137.366,97.865,117.673
stoxx600,old,stoxx600_syn_pair_56f732432d80,2012-10-31,137.88,98.97,118.414
stoxx600,old,stoxx600_syn_pair_56f732432d80,2012-11-30,141.499,101.461,121.141
stoxx600,old,stoxx600_syn_pair_56f732432d80,2012-12-31,143.467,103.581,123.08
stoxx600,old,stoxx600_syn_pair_56f732432d80,2013-01-31,148.769,106.943,126.563
stoxx600,old,stoxx600_syn_pair_56f732432d80,2013-02-28,153.301,104.841,128.126
stoxx600,old,stoxx600_syn_pair_56f732432d80,2013-03-28,156.172,105.135,130.211
stoxx600,old,stoxx600_syn_pair_56f732432d80,2013-04-30,158.448,107.898,132.429
stoxx600,old,stoxx600_syn_pair_56f732432d80,2013-05-31,162.299,110.374,135.311
stoxx600,old,stoxx600_syn_pair_56f732432d80,2013-06-28,154.494,102.787,128.511
stoxx600,old,stoxx600_syn_pair_56f732432d80,2013-07-31,164.358,109.226,135.18
stoxx600,old,stoxx600_syn_pair_56f732432d80,2013-08-30,162.032,109.992,134.351
stoxx600,old,stoxx600_syn_pair_56f732432d80,2013-09-30,170.541,115.379,140.609
stoxx600,old,stoxx600_syn_pair_56f732432d80,2013-10-31,179.826,120.689,146.329
stoxx600,old,stoxx600_syn_pair_56f732432d80,2013-11-29,180.915,121.791,147.949
stoxx600,old,stoxx600_syn_pair_56f732432d80,2013-12-31,185.642,121.57,149.469
stoxx600,old,stoxx600_syn_pair_56f732432d80,2014-01-31,186.043,118.62,146.973
stoxx600,old,stoxx600_syn_pair_56f732432d80,2014-02-28,200.44,124.056,154.242
stoxx600,old,stoxx600_syn_pair_56f732432d80,2014-03-31,197.348,123.623,153.014
stoxx600,old,stoxx600_syn_pair_56f732432d80,2014-04-30,201.121,126.313,155.635
stoxx600,old,stoxx600_syn_pair_56f732432d80,2014-05-30,206.383,129.011,160.048
stoxx600,old,stoxx600_syn_pair_56f732432d80,2014-06-30,209.883,128.17,159.259
stoxx600,old,stoxx600_syn_pair_56f732432d80,2014-07-31,208.617,124.632,156.894
stoxx600,old,stoxx600_syn_pair_56f732432d80,2014-08-29,213.641,125.937,160.076
stoxx600,old,stoxx600_syn_pair_56f732432d80,2014-09-30,216.432,124.595,160.834
stoxx600,old,stoxx600_syn_pair_56f732432d80,2014-10-31,213.59,123.277,158.105
stoxx600,old,stoxx600_syn_pair_56f732432d80,2014-11-28,221.646,127.57,163.471
stoxx600,old,stoxx600_syn_pair_56f732432d80,2014-12-31,221.173,123.599,161.209
stoxx600,old,stoxx600_syn_pair_56f732432d80,2015-01-30,237.514,132.934,172.734
stoxx600,old,stoxx600_syn_pair_56f732432d80,2015-02-27,258.09,143.497,184.723
stoxx600,old,stoxx600_syn_pair_56f732432d80,2015-03-31,265.272,146.203,188.208
stoxx600,old,stoxx600_syn_pair_56f732432d80,2015-04-30,266.808,147.619,188.577
stoxx600,old,stoxx600_syn_pair_56f732432d80,2015-05-29,271.411,150.566,192.104
stoxx600,old,stoxx600_syn_pair_56f732432d80,2015-06-30,261.854,143.518,183.537
stoxx600,old,stoxx600_syn_pair_56f732432d80,2015-07-31,273.517,147.088,190.782
stoxx600,old,stoxx600_syn_pair_56f732432d80,2015-08-31,252.58,134.045,175.022
stoxx600,old,stoxx600_syn_pair_56f732432d80,2015-09-30,242.74,126.45,167.986
stoxx600,old,stoxx600_syn_pair_56f732432d80,2015-10-30,259.695,137.22,181.468
stoxx600,old,stoxx600_syn_pair_56f732432d80,2015-11-30,271.168,140.03,186.664
stoxx600,old,stoxx600_syn_pair_56f732432d80,2015-12-31,260.207,132.256,177.443
stoxx600,old,stoxx600_syn_pair_56f732432d80,2016-01-29,245.109,121.753,166.112
stoxx600,old,stoxx600_syn_pair_56f732432d80,2016-02-29,241.016,118.648,162.172
stoxx600,old,stoxx600_syn_pair_56f732432d80,2016-03-31,244.918,121.588,164.559
stoxx600,old,stoxx600_syn_pair_56f732432d80,2016-04-29,247.272,124.593,167.839
stoxx600,old,stoxx600_syn_pair_56f732432d80,2016-05-31,255.926,126.284,172.364
stoxx600,old,stoxx600_syn_pair_56f732432d80,2016-06-30,240.907,120.541,163.677
stoxx600,old,stoxx600_syn_pair_56f732432d80,2016-07-29,249.848,124.303,169.754
stoxx600,old,stoxx600_syn_pair_56f732432d80,2016-08-31,254.97,124.529,171.043
stoxx600,old,stoxx600_syn_pair_56f732432d80,2016-09-30,258.172,122.376,170.994
stoxx600,old,stoxx600_syn_pair_56f732432d80,2016-10-31,259.117,121.186,169.374
stoxx600,old,stoxx600_syn_pair_56f732432d80,2016-11-30,261.897,123.188,170.923
stoxx600,old,stoxx600_syn_pair_56f732432d80,2016-12-30,273.636,131.427,180.709
stoxx600,old,stoxx600_syn_pair_56f732432d80,2017-01-31,274.628,130.996,180.238
stoxx600,old,stoxx600_syn_pair_56f732432d80,2017-02-28,283.427,135.254,185.665
stoxx600,old,stoxx600_syn_pair_56f732432d80,2017-03-31,293.454,139.125,192.156
stoxx600,old,stoxx600_syn_pair_56f732432d80,2017-04-28,300.956,141.74,196.171
stoxx600,old,stoxx600_syn_pair_56f732432d80,2017-05-31,301.539,142.969,199.311
stoxx600,old,stoxx600_syn_pair_56f732432d80,2017-06-30,295.317,138.885,194.511
stoxx600,old,stoxx600_syn_pair_56f732432d80,2017-07-31,300.397,136.094,194.012
stoxx600,old,stoxx600_syn_pair_56f732432d80,2017-08-31,301.176,133.285,192.067
stoxx600,old,stoxx600_syn_pair_56f732432d80,2017-09-29,313.995,138.871,199.558
stoxx600,old,stoxx600_syn_pair_56f732432d80,2017-10-31,325.353,140.854,203.319
stoxx600,old,stoxx600_syn_pair_56f732432d80,2017-11-30,320.02,135.091,199.129
stoxx600,old,stoxx600_syn_pair_56f732432d80,2017-12-29,325.947,136.033,200.574
stoxx600,old,stoxx600_syn_pair_56f732432d80,2018-01-31,339.297,137.483,203.851
stoxx600,old,stoxx600_syn_pair_56f732432d80,2018-02-28,328.189,133.671,196.119
stoxx600,old,stoxx600_syn_pair_56f732432d80,2018-03-29,324.159,129.456,192.195
stoxx600,old,stoxx600_syn_pair_56f732432d80,2018-04-30,340.677,135.038,201.103
stoxx600,old,stoxx600_syn_pair_56f732432d80,2018-05-31,339.303,135.56,201.156
stoxx600,old,stoxx600_syn_pair_56f732432d80,2018-06-29,340.83,134.078,200.15
stoxx600,old,stoxx600_syn_pair_56f732432d80,2018-07-31,353.641,138.257,206.387
stoxx600,old,stoxx600_syn_pair_56f732432d80,2018-08-31,351.16,133.963,201.726
stoxx600,old,stoxx600_syn_pair_56f732432d80,2018-09-28,351.985,135.841,202.392
stoxx600,old,stoxx600_syn_pair_56f732432d80,2018-10-31,329.856,128.076,191.408
stoxx600,old,stoxx600_syn_pair_56f732432d80,2018-11-30,321.15,127.826,189.683
stoxx600,old,stoxx600_syn_pair_56f732432d80,2018-12-31,307.812,118.456,179.294
stoxx600,old,stoxx600_syn_pair_56f732432d80,2019-01-31,326.445,125.491,190.591
stoxx600,old,stoxx600_syn_pair_56f732432d80,2019-02-28,338.775,130.725,198.557
stoxx600,old,stoxx600_syn_pair_56f732432d80,2019-03-29,349.754,132.895,202.532
stoxx600,old,stoxx600_syn_pair_56f732432d80,2019-04-30,359.793,138.471,210.231
stoxx600,old,stoxx600_syn_pair_56f732432d80,2019-05-31,347.862,128.815,200.231
stoxx600,old,stoxx600_syn_pair_56f732432d80,2019-06-28,365.592,134.471,209.053
stoxx600,old,stoxx600_syn_pair_56f732432d80,2019-07-31,366.398,134.388,209.611
stoxx600,old,stoxx600_syn_pair_56f732432d80,2019-08-30,361.143,132.237,206.486
stoxx600,old,stoxx600_syn_pair_56f732432d80,2019-09-30,373.26,138.782,214.187
stoxx600,old,stoxx600_syn_pair_56f732432d80,2019-10-31,371.006,141.094,216.583
stoxx600,old,stoxx600_syn_pair_56f732432d80,2019-11-29,386.624,145.467,222.56
stoxx600,old,stoxx600_syn_pair_56f732432d80,2019-12-31,394.654,148.497,227.478
stoxx600,old,stoxx600_syn_pair_56f732432d80,2020-01-31,396.375,145.165,225.115
stoxx600,old,stoxx600_syn_pair_56f732432d80,2020-02-28,367.658,129.72,206.627
stoxx600,old,stoxx600_syn_pair_56f732432d80,2020-03-31,317.852,104.438,176.323
stoxx600,old,stoxx600_syn_pair_56f732432d80,2020-04-30,336.918,111.028,188.235
stoxx600,old,stoxx600_syn_pair_56f732432d80,2020-05-29,352.443,117.12,195.043
stoxx600,old,stoxx600_syn_pair_56f732432d80,2020-06-30,365.648,119.975,201.426
stoxx600,old,stoxx600_syn_pair_56f732432d80,2020-07-31,368.742,116.804,199.418
stoxx600,old,stoxx600_syn_pair_56f732432d80,2020-08-31,381.797,121.347,205.648
stoxx600,old,stoxx600_syn_pair_56f732432d80,2020-09-30,377.502,117.551,202.488
stoxx600,old,stoxx600_syn_pair_56f732432d80,2020-10-30,362.893,113.552,192.103
stoxx600,old,stoxx600_syn_pair_56f732432d80,2020-11-30,412.67,130.921,218.947
stoxx600,old,stoxx600_syn_pair_56f732432d80,2020-12-31,422.565,135.035,224.872
stoxx600,old,stoxx600_syn_pair_56f732432d80,2021-01-29,426.235,131.371,223.18
stoxx600,old,stoxx600_syn_pair_56f732432d80,2021-02-26,444.729,133.801,228.538
stoxx600,old,stoxx600_syn_pair_56f732432d80,2021-03-31,473.276,141.179,243.315
stoxx600,old,stoxx600_syn_pair_56f732432d80,2021-04-30,484.889,144.076,249.125
stoxx600,old,stoxx600_syn_pair_56f732432d80,2021-05-31,503.939,146.867,255.852
stoxx600,old,stoxx600_syn_pair_56f732432d80,2021-06-30,509.626,146.858,259.661
stoxx600,old,stoxx600_syn_pair_56f732432d80,2021-07-30,526.729,147.885,264.946
stoxx600,old,stoxx600_syn_pair_56f732432d80,2021-08-31,538.542,150.548,270.08
stoxx600,old,stoxx600_syn_pair_56f732432d80,2021-09-30,526.868,145.049,261.682
stoxx600,old,stoxx600_syn_pair_56f732432d80,2021-10-29,553.26,147.394,273.899
stoxx600,old,stoxx600_syn_pair_56f732432d80,2021-11-30,547.951,140.953,266.921
stoxx600,old,stoxx600_syn_pair_56f732432d80,2021-12-31,578.503,146.708,280.793
stoxx600,old,stoxx600_syn_pair_56f732432d80,2022-01-31,565.197,140.699,270.938
stoxx600,old,stoxx600_syn_pair_56f732432d80,2022-02-28,543.205,138.141,262.283
stoxx600,old,stoxx600_syn_pair_56f732432d80,2022-03-31,558.378,140.747,265.474
stoxx600,old,stoxx600_syn_pair_56f732432d80,2022-04-29,557.675,136.309,264.063
stoxx600,old,stoxx600_syn_pair_56f732432d80,2022-05-31,552.108,136.388,262.207
stoxx600,old,stoxx600_syn_pair_56f732432d80,2022-06-30,504.935,120.529,241.722
stoxx600,old,stoxx600_syn_pair_56f732432d80,2022-07-29,538.963,126.383,260.398
stoxx600,old,stoxx600_syn_pair_56f732432d80,2022-08-31,517.446,117.561,247.245
stoxx600,old,stoxx600_syn_pair_56f732432d80,2022-09-30,500.825,108.933,231.388
stoxx600,old,stoxx600_syn_pair_56f732432d80,2022-10-31,534.245,117.919,245.91
stoxx600,old,stoxx600_syn_pair_56f732432d80,2022-11-30,572.928,125.513,263.058
stoxx600,old,stoxx600_syn_pair_56f732432d80,2022-12-30,556.256,122.28,254.077
stoxx600,old,stoxx600_syn_pair_56f732432d80,2023-01-31,579.836,133.038,271.123
stoxx600,old,stoxx600_syn_pair_56f732432d80,2023-02-28,592.311,136.279,276.536
stoxx600,old,stoxx600_syn_pair_56f732432d80,2023-03-31,600.385,135.666,276.031
stoxx600,old,stoxx600_syn_pair_56f732432d80,2023-04-28,612.851,139.044,283.212
stoxx600,old,stoxx600_syn_pair_56f732432d80,2023-05-31,607.078,133.514,276.563
stoxx600,old,stoxx600_syn_pair_56f732432d80,2023-06-30,613.969,132.47,283.254
stoxx600,old,stoxx600_syn_pair_56f732432d80,2023-07-31,623.694,141.976,289.287
stoxx600,old,stoxx600_syn_pair_56f732432d80,2023-08-31,627.505,138.694,281.976
stoxx600,old,stoxx600_syn_pair_56f732432d80,2023-09-29,609.057,129.415,277.528
stoxx600,old,stoxx600_syn_pair_56f732432d80,2023-10-31,594.168,123.804,267.584
stoxx600,old,stoxx600_syn_pair_56f732432d80,2023-11-30,642.415,134.591,285.311
stoxx600,old,stoxx600_syn_pair_56f732432d80,2023-12-29,671.341,142.758,296.125
stoxx600,old,stoxx600_syn_pair_56f732432d80,2024-01-31,677.963,139.756,300.375
stoxx600,old,stoxx600_syn_pair_56f732432d80,2024-02-29,710.17,137.018,305.875
stoxx600,old,stoxx600_syn_pair_56f732432d80,2024-03-28,750.854,141.558,318.819
stoxx600,old,stoxx600_syn_pair_56f732432d80,2024-04-30,753.059,140.637,316.433
stoxx600,old,stoxx600_syn_pair_56f732432d80,2024-05-31,794.626,145.981,327.745
stoxx600,old,stoxx600_syn_pair_56f732432d80,2024-06-28,776.875,142.849,324.237
stoxx600,old,stoxx600_syn_pair_56f732432d80,2024-07-31,781.576,144.503,329.044
stoxx600,old,stoxx600_syn_pair_56f732432d80,2024-08-30,800.344,143.856,334.317
stoxx600,old,stoxx600_syn_pair_56f732432d80,2024-09-30,813.809,146.763,333.297
stoxx600,old,stoxx600_syn_pair_56f732432d80,2024-10-31,797.209,139.002,322.571
stoxx600,old,stoxx600_syn_pair_56f732432d80,2024-11-29,820.691,137.461,326.447
stoxx600,old,stoxx600_syn_pair_56f732432d80,2024-12-31,814.383,135.661,326.417
stoxx600,old,stoxx600_syn_pair_56f732432d80,2025-01-31,876.298,144.361,349.294
stoxx600,old,stoxx600_syn_pair_56f732432d80,2025-02-28,901.846,147.711,361.312
stoxx600,old,stoxx600_syn_pair_56f732432d80,2025-03-31,872.706,138.907,347.595
stoxx600,old,stoxx600_syn_pair_56f732432d80,2025-04-30,888.574,137.685,345.661
stoxx600,old,stoxx600_syn_pair_56f732432d80,2025-05-30,946.349,147.143,365.213
stoxx600,old,stoxx600_syn_pair_56f732432d80,2025-06-30,941.443,146.375,360.892
stoxx600,old,stoxx600_syn_pair_56f732432d80,2025-07-31,976.066,149.552,364.564
stoxx600,old,stoxx600_syn_pair_56f732432d80,2025-08-29,981.339,151.428,368.22
stoxx600,old,stoxx600_syn_pair_56f732432d80,2025-09-30,1004.534,153.543,374.15
stoxx600,old,stoxx600_syn_pair_56f732432d80,2025-10-31,1035.763,156.577,383.82
stoxx600,old,stoxx600_syn_pair_56f732432d80,2025-11-28,1048.63,156.203,387.503
stoxx600,old,stoxx600_syn_pair_56f732432d80,2025-12-31,1083.845,161.388,398.185
stoxx600,old,stoxx600_syn_pair_56f732432d80,2026-01-30,1101.336,165.752,410.877
stoxx600,old,stoxx600_syn_pair_56f732432d80,2026-02-27,1123.82,168.296,426.543
stoxx600,old,stoxx600_syn_pair_56f732432d80,2026-03-31,1029.431,156.319,394.018
stoxx600,old,stoxx600_syn_pair_56f732432d80,2026-04-30,1097.656,165.687,414.799
stoxx600,old,stoxx600_syn_pair_56f732432d80,2026-05-29,1138.083,174.956,428.614
stoxx600,old,stoxx600_syn_pair_56f732432d80,2026-06-30,1166.494,177.555,437.901
stoxx600,old,stoxx600_syn_pair_56f732432d80,2026-07-02,1177.169,180.608,443.382
stoxx600,old,stoxx600_syn_pair_86df394a53f2,2010-02-26,97.889,97.127,98.091
stoxx600,old,stoxx600_syn_pair_86df394a53f2,2010-03-31,108.317,103.384,105.575
stoxx600,old,stoxx600_syn_pair_86df394a53f2,2010-04-30,110.817,100.003,104.643
stoxx600,old,stoxx600_syn_pair_86df394a53f2,2010-05-31,103.474,94.277,99.696
stoxx600,old,stoxx600_syn_pair_86df394a53f2,2010-06-30,101.647,93.893,99.165
stoxx600,old,stoxx600_syn_pair_86df394a53f2,2010-07-30,107.889,98.822,104.24
stoxx600,old,stoxx600_syn_pair_86df394a53f2,2010-08-31,107.229,96.905,102.858
stoxx600,old,stoxx600_syn_pair_86df394a53f2,2010-09-30,111.897,99.894,106.443
stoxx600,old,stoxx600_syn_pair_86df394a53f2,2010-10-29,114.925,103.288,109.218
stoxx600,old,stoxx600_syn_pair_86df394a53f2,2010-11-30,117.015,100.205,107.612
stoxx600,old,stoxx600_syn_pair_86df394a53f2,2010-12-31,123.833,106.892,113.336
stoxx600,old,stoxx600_syn_pair_86df394a53f2,2011-01-31,122.838,111.048,115.351
stoxx600,old,stoxx600_syn_pair_86df394a53f2,2011-02-28,127.12,112.448,118.184
stoxx600,old,stoxx600_syn_pair_86df394a53f2,2011-03-31,123.613,108.571,114.227
stoxx600,old,stoxx600_syn_pair_86df394a53f2,2011-04-29,127.741,110.747,118.231
stoxx600,old,stoxx600_syn_pair_86df394a53f2,2011-05-31,126.449,110.668,118.319
stoxx600,old,stoxx600_syn_pair_86df394a53f2,2011-06-30,122.974,105.628,115.201
stoxx600,old,stoxx600_syn_pair_86df394a53f2,2011-07-29,120.562,100.382,112.006
stoxx600,old,stoxx600_syn_pair_86df394a53f2,2011-08-31,108.71,88.393,100.362
stoxx600,old,stoxx600_syn_pair_86df394a53f2,2011-09-30,101.379,83.577,95.538
stoxx600,old,stoxx600_syn_pair_86df394a53f2,2011-10-31,109.925,89.652,103.006
stoxx600,old,stoxx600_syn_pair_86df394a53f2,2011-11-30,109.995,85.526,101.666
stoxx600,old,stoxx600_syn_pair_86df394a53f2,2011-12-30,111.836,85.218,103.38
stoxx600,old,stoxx600_syn_pair_86df394a53f2,2012-01-31,116.877,90.142,107.735
stoxx600,old,stoxx600_syn_pair_86df394a53f2,2012-02-29,121.868,93.568,112.352
stoxx600,old,stoxx600_syn_pair_86df394a53f2,2012-03-30,122.914,92.612,112.308
stoxx600,old,stoxx600_syn_pair_86df394a53f2,2012-04-30,123.574,87.047,110.479
stoxx600,old,stoxx600_syn_pair_86df394a53f2,2012-05-31,117.508,79.007,103.794
stoxx600,old,stoxx600_syn_pair_86df394a53f2,2012-06-29,123.021,84.096,109.186
stoxx600,old,stoxx600_syn_pair_86df394a53f2,2012-07-31,130.871,85.703,113.825
stoxx600,old,stoxx600_syn_pair_86df394a53f2,2012-08-31,132.797,89.269,116.456
stoxx600,old,stoxx600_syn_pair_86df394a53f2,2012-09-28,135.037,89.487,117.673
stoxx600,old,stoxx600_syn_pair_86df394a53f2,2012-10-31,135.225,90.54,118.414
stoxx600,old,stoxx600_syn_pair_86df394a53f2,2012-11-30,138.111,93.263,121.141
stoxx600,old,stoxx600_syn_pair_86df394a53f2,2012-12-31,140.213,96.042,123.08
stoxx600,old,stoxx600_syn_pair_86df394a53f2,2013-01-31,142.871,99.105,126.563
stoxx600,old,stoxx600_syn_pair_86df394a53f2,2013-02-28,148.212,96.974,128.126
stoxx600,old,stoxx600_syn_pair_86df394a53f2,2013-03-28,151.545,95.938,130.211
stoxx600,old,stoxx600_syn_pair_86df394a53f2,2013-04-30,153.076,97.54,132.429
stoxx600,old,stoxx600_syn_pair_86df394a53f2,2013-05-31,156.485,100.167,135.311
stoxx600,old,stoxx600_syn_pair_86df394a53f2,2013-06-28,149.437,95.133,128.511
stoxx600,old,stoxx600_syn_pair_86df394a53f2,2013-07-31,157.068,99.583,135.18
stoxx600,old,stoxx600_syn_pair_86df394a53f2,2013-08-30,156.697,100.175,134.351
stoxx600,old,stoxx600_syn_pair_86df394a53f2,2013-09-30,163.89,105.581,140.609
stoxx600,old,stoxx600_syn_pair_86df394a53f2,2013-10-31,171.923,109.592,146.329
stoxx600,old,stoxx600_syn_pair_86df394a53f2,2013-11-29,175.9,110.662,147.949
stoxx600,old,stoxx600_syn_pair_86df394a53f2,2013-12-31,181.026,110.772,149.469
stoxx600,old,stoxx600_syn_pair_86df394a53f2,2014-01-31,181.715,109.284,146.973
stoxx600,old,stoxx600_syn_pair_86df394a53f2,2014-02-28,195.486,114.256,154.242
stoxx600,old,stoxx600_syn_pair_86df394a53f2,2014-03-31,191.43,114.397,153.014
stoxx600,old,stoxx600_syn_pair_86df394a53f2,2014-04-30,192.183,116.092,155.635
stoxx600,old,stoxx600_syn_pair_86df394a53f2,2014-05-30,198.156,119.174,160.048
stoxx600,old,stoxx600_syn_pair_86df394a53f2,2014-06-30,201.122,117.338,159.259
stoxx600,old,stoxx600_syn_pair_86df394a53f2,2014-07-31,198.656,114.104,156.894
stoxx600,old,stoxx600_syn_pair_86df394a53f2,2014-08-29,203.222,115.41,160.076
stoxx600,old,stoxx600_syn_pair_86df394a53f2,2014-09-30,204.25,113.771,160.834
stoxx600,old,stoxx600_syn_pair_86df394a53f2,2014-10-31,201.492,111.41,158.105
stoxx600,old,stoxx600_syn_pair_86df394a53f2,2014-11-28,208.669,115.5,163.471
stoxx600,old,stoxx600_syn_pair_86df394a53f2,2014-12-31,207.991,113.779,161.209
stoxx600,old,stoxx600_syn_pair_86df394a53f2,2015-01-30,222.603,120.721,172.734
stoxx600,old,stoxx600_syn_pair_86df394a53f2,2015-02-27,237.726,131.019,184.723
stoxx600,old,stoxx600_syn_pair_86df394a53f2,2015-03-31,241.084,133.961,188.208
stoxx600,old,stoxx600_syn_pair_86df394a53f2,2015-04-30,241.498,135.994,188.577
stoxx600,old,stoxx600_syn_pair_86df394a53f2,2015-05-29,249.896,137.102,192.104
stoxx600,old,stoxx600_syn_pair_86df394a53f2,2015-06-30,240.939,131.427,183.537
stoxx600,old,stoxx600_syn_pair_86df394a53f2,2015-07-31,251.695,134.544,190.782
stoxx600,old,stoxx600_syn_pair_86df394a53f2,2015-08-31,233.588,121.733,175.022
stoxx600,old,stoxx600_syn_pair_86df394a53f2,2015-09-30,226.691,114.607,167.986
stoxx600,old,stoxx600_syn_pair_86df394a53f2,2015-10-30,242.041,125.287,181.468
stoxx600,old,stoxx600_syn_pair_86df394a53f2,2015-11-30,253.483,126.199,186.664
stoxx600,old,stoxx600_syn_pair_86df394a53f2,2015-12-31,245.076,119.195,177.443
stoxx600,old,stoxx600_syn_pair_86df394a53f2,2016-01-29,229.357,110.757,166.112
stoxx600,old,stoxx600_syn_pair_86df394a53f2,2016-02-29,229.617,107.984,162.172
stoxx600,old,stoxx600_syn_pair_86df394a53f2,2016-03-31,232.969,111.289,164.559
stoxx600,old,stoxx600_syn_pair_86df394a53f2,2016-04-29,232.041,114.181,167.839
stoxx600,old,stoxx600_syn_pair_86df394a53f2,2016-05-31,241.904,115.053,172.364
stoxx600,old,stoxx600_syn_pair_86df394a53f2,2016-06-30,230.332,107.362,163.677
stoxx600,old,stoxx600_syn_pair_86df394a53f2,2016-07-29,239.24,111.927,169.754
stoxx600,old,stoxx600_syn_pair_86df394a53f2,2016-08-31,242.079,112.589,171.043
stoxx600,old,stoxx600_syn_pair_86df394a53f2,2016-09-30,242.762,110.09,170.994
stoxx600,old,stoxx600_syn_pair_86df394a53f2,2016-10-31,242.129,108.822,169.374
stoxx600,old,stoxx600_syn_pair_86df394a53f2,2016-11-30,242.612,112.097,170.923
stoxx600,old,stoxx600_syn_pair_86df394a53f2,2016-12-30,254.113,120.425,180.709
stoxx600,old,stoxx600_syn_pair_86df394a53f2,2017-01-31,256.807,118.18,180.238
stoxx600,old,stoxx600_syn_pair_86df394a53f2,2017-02-28,262.045,123.064,185.665
stoxx600,old,stoxx600_syn_pair_86df394a53f2,2017-03-31,273.147,126.509,192.156
stoxx600,old,stoxx600_syn_pair_86df394a53f2,2017-04-28,279.971,128.559,196.171
stoxx600,old,stoxx600_syn_pair_86df394a53f2,2017-05-31,280.455,128.762,199.311
stoxx600,old,stoxx600_syn_pair_86df394a53f2,2017-06-30,274.029,124.332,194.511
stoxx600,old,stoxx600_syn_pair_86df394a53f2,2017-07-31,279.985,122.101,194.012
stoxx600,old,stoxx600_syn_pair_86df394a53f2,2017-08-31,284.021,119.196,192.067
stoxx600,old,stoxx600_syn_pair_86df394a53f2,2017-09-29,294.829,123.274,199.558
stoxx600,old,stoxx600_syn_pair_86df394a53f2,2017-10-31,303.956,124.478,203.319
stoxx600,old,stoxx600_syn_pair_86df394a53f2,2017-11-30,295.764,117.957,199.129
stoxx600,old,stoxx600_syn_pair_86df394a53f2,2017-12-29,295.591,118.592,200.574
stoxx600,old,stoxx600_syn_pair_86df394a53f2,2018-01-31,307.616,118.88,203.851
stoxx600,old,stoxx600_syn_pair_86df394a53f2,2018-02-28,299.231,115.139,196.119
stoxx600,old,stoxx600_syn_pair_86df394a53f2,2018-03-29,296.092,111.923,192.195
stoxx600,old,stoxx600_syn_pair_86df394a53f2,2018-04-30,310.594,115.92,201.103
stoxx600,old,stoxx600_syn_pair_86df394a53f2,2018-05-31,313.126,116.424,201.156
stoxx600,old,stoxx600_syn_pair_86df394a53f2,2018-06-29,311.685,115.788,200.15
stoxx600,old,stoxx600_syn_pair_86df394a53f2,2018-07-31,323.876,118.985,206.387
stoxx600,old,stoxx600_syn_pair_86df394a53f2,2018-08-31,320.883,114.898,201.726
stoxx600,old,stoxx600_syn_pair_86df394a53f2,2018-09-28,320.421,115.745,202.392
stoxx600,old,stoxx600_syn_pair_86df394a53f2,2018-10-31,299.198,109.051,191.408
stoxx600,old,stoxx600_syn_pair_86df394a53f2,2018-11-30,292.927,108.854,189.683
stoxx600,old,stoxx600_syn_pair_86df394a53f2,2018-12-31,281.211,100.679,179.294
stoxx600,old,stoxx600_syn_pair_86df394a53f2,2019-01-31,296.707,106.435,190.591
stoxx600,old,stoxx600_syn_pair_86df394a53f2,2019-02-28,307.281,111.551,198.557
stoxx600,old,stoxx600_syn_pair_86df394a53f2,2019-03-29,317.426,111.369,202.532
stoxx600,old,stoxx600_syn_pair_86df394a53f2,2019-04-30,323.97,117.14,210.231
stoxx600,old,stoxx600_syn_pair_86df394a53f2,2019-05-31,317.634,107.793,200.231
stoxx600,old,stoxx600_syn_pair_86df394a53f2,2019-06-28,330.916,113.542,209.053
stoxx600,old,stoxx600_syn_pair_86df394a53f2,2019-07-31,331.663,113.549,209.611
stoxx600,old,stoxx600_syn_pair_86df394a53f2,2019-08-30,329.293,111.14,206.486
stoxx600,old,stoxx600_syn_pair_86df394a53f2,2019-09-30,339.119,115.715,214.187
stoxx600,old,stoxx600_syn_pair_86df394a53f2,2019-10-31,343.584,117.997,216.583
stoxx600,old,stoxx600_syn_pair_86df394a53f2,2019-11-29,354.942,121.558,222.56
stoxx600,old,stoxx600_syn_pair_86df394a53f2,2019-12-31,361.92,123.651,227.478
stoxx600,old,stoxx600_syn_pair_86df394a53f2,2020-01-31,362.059,120.507,225.115
stoxx600,old,stoxx600_syn_pair_86df394a53f2,2020-02-28,337.646,109.073,206.627
stoxx600,old,stoxx600_syn_pair_86df394a53f2,2020-03-31,290.861,85.689,176.323
stoxx600,old,stoxx600_syn_pair_86df394a53f2,2020-04-30,315.549,91.696,188.235
stoxx600,old,stoxx600_syn_pair_86df394a53f2,2020-05-29,326.653,95.626,195.043
stoxx600,old,stoxx600_syn_pair_86df394a53f2,2020-06-30,336.847,98.113,201.426
stoxx600,old,stoxx600_syn_pair_86df394a53f2,2020-07-31,340.276,93.963,199.418
stoxx600,old,stoxx600_syn_pair_86df394a53f2,2020-08-31,354.383,97.435,205.648
stoxx600,old,stoxx600_syn_pair_86df394a53f2,2020-09-30,353.779,94.097,202.488
stoxx600,old,stoxx600_syn_pair_86df394a53f2,2020-10-30,340.669,89.045,192.103
stoxx600,old,stoxx600_syn_pair_86df394a53f2,2020-11-30,371.676,109.743,218.947
stoxx600,old,stoxx600_syn_pair_86df394a53f2,2020-12-31,380.454,112.805,224.872
stoxx600,old,stoxx600_syn_pair_86df394a53f2,2021-01-29,383.014,111.219,223.18
stoxx600,old,stoxx600_syn_pair_86df394a53f2,2021-02-26,389.857,115.716,228.538
stoxx600,old,stoxx600_syn_pair_86df394a53f2,2021-03-31,412.667,123.25,243.315
stoxx600,old,stoxx600_syn_pair_86df394a53f2,2021-04-30,423.347,126.052,249.125
stoxx600,old,stoxx600_syn_pair_86df394a53f2,2021-05-31,439.139,127.703,255.852
stoxx600,old,stoxx600_syn_pair_86df394a53f2,2021-06-30,442.535,128.853,259.661
stoxx600,old,stoxx600_syn_pair_86df394a53f2,2021-07-30,454.96,130.27,264.946
stoxx600,old,stoxx600_syn_pair_86df394a53f2,2021-08-31,467.45,132.303,270.08
stoxx600,old,stoxx600_syn_pair_86df394a53f2,2021-09-30,457.41,126.955,261.682
stoxx600,old,stoxx600_syn_pair_86df394a53f2,2021-10-29,483.448,129.012,273.899
stoxx600,old,stoxx600_syn_pair_86df394a53f2,2021-11-30,477.58,122.821,266.921
stoxx600,old,stoxx600_syn_pair_86df394a53f2,2021-12-31,502.676,127.518,280.793
stoxx600,old,stoxx600_syn_pair_86df394a53f2,2022-01-31,466.884,126.252,270.938
stoxx600,old,stoxx600_syn_pair_86df394a53f2,2022-02-28,455.933,121.578,262.283
stoxx600,old,stoxx600_syn_pair_86df394a53f2,2022-03-31,475.636,120.362,265.474
stoxx600,old,stoxx600_syn_pair_86df394a53f2,2022-04-29,480.067,118.101,264.063
stoxx600,old,stoxx600_syn_pair_86df394a53f2,2022-05-31,471.932,116.262,262.207
stoxx600,old,stoxx600_syn_pair_86df394a53f2,2022-06-30,436.384,101.667,241.722
stoxx600,old,stoxx600_syn_pair_86df394a53f2,2022-07-29,464.85,106.443,260.398
stoxx600,old,stoxx600_syn_pair_86df394a53f2,2022-08-31,446.599,96.791,247.245
stoxx600,old,stoxx600_syn_pair_86df394a53f2,2022-09-30,429.062,88.951,231.388
stoxx600,old,stoxx600_syn_pair_86df394a53f2,2022-10-31,459.173,94.237,245.91
stoxx600,old,stoxx600_syn_pair_86df394a53f2,2022-11-30,488.339,102.198,263.058
stoxx600,old,stoxx600_syn_pair_86df394a53f2,2022-12-30,476.04,98.19,254.077
stoxx600,old,stoxx600_syn_pair_86df394a53f2,2023-01-31,487.205,107.394,271.123
stoxx600,old,stoxx600_syn_pair_86df394a53f2,2023-02-28,496.362,108.731,276.536
stoxx600,old,stoxx600_syn_pair_86df394a53f2,2023-03-31,498.663,109.805,276.031
stoxx600,old,stoxx600_syn_pair_86df394a53f2,2023-04-28,513.376,112.492,283.212
stoxx600,old,stoxx600_syn_pair_86df394a53f2,2023-05-31,507.41,107.207,276.563
stoxx600,old,stoxx600_syn_pair_86df394a53f2,2023-06-30,513.201,107.351,283.254
stoxx600,old,stoxx600_syn_pair_86df394a53f2,2023-07-31,525.542,114.67,289.287
stoxx600,old,stoxx600_syn_pair_86df394a53f2,2023-08-31,526.649,111.245,281.976
stoxx600,old,stoxx600_syn_pair_86df394a53f2,2023-09-29,521.191,104.56,277.528
stoxx600,old,stoxx600_syn_pair_86df394a53f2,2023-10-31,498.39,97.842,267.584
stoxx600,old,stoxx600_syn_pair_86df394a53f2,2023-11-30,540.46,105.091,285.311
stoxx600,old,stoxx600_syn_pair_86df394a53f2,2023-12-29,561.971,112.272,296.125
stoxx600,old,stoxx600_syn_pair_86df394a53f2,2024-01-31,575.764,110.317,300.375
stoxx600,old,stoxx600_syn_pair_86df394a53f2,2024-02-29,608.011,107.513,305.875
stoxx600,old,stoxx600_syn_pair_86df394a53f2,2024-03-28,640.063,112.267,318.819
stoxx600,old,stoxx600_syn_pair_86df394a53f2,2024-04-30,637.841,115.543,316.433
stoxx600,old,stoxx600_syn_pair_86df394a53f2,2024-05-31,663.305,122.141,327.745
stoxx600,old,stoxx600_syn_pair_86df394a53f2,2024-06-28,648.213,119.161,324.237
stoxx600,old,stoxx600_syn_pair_86df394a53f2,2024-07-31,657.511,120.735,329.044
stoxx600,old,stoxx600_syn_pair_86df394a53f2,2024-08-30,671.18,119.754,334.317
stoxx600,old,stoxx600_syn_pair_86df394a53f2,2024-09-30,686.458,122.353,333.297
stoxx600,old,stoxx600_syn_pair_86df394a53f2,2024-10-31,669.723,115.456,322.571
stoxx600,old,stoxx600_syn_pair_86df394a53f2,2024-11-29,681.252,113.819,326.447
stoxx600,old,stoxx600_syn_pair_86df394a53f2,2024-12-31,670.594,113.343,326.417
stoxx600,old,stoxx600_syn_pair_86df394a53f2,2025-01-31,720.377,118.319,349.294
stoxx600,old,stoxx600_syn_pair_86df394a53f2,2025-02-28,738.642,119.481,361.312
stoxx600,old,stoxx600_syn_pair_86df394a53f2,2025-03-31,718.03,111.514,347.595
stoxx600,old,stoxx600_syn_pair_86df394a53f2,2025-04-30,712.504,109.758,345.661
stoxx600,old,stoxx600_syn_pair_86df394a53f2,2025-05-30,752.465,117.031,365.213
stoxx600,old,stoxx600_syn_pair_86df394a53f2,2025-06-30,749.595,117.748,360.892
stoxx600,old,stoxx600_syn_pair_86df394a53f2,2025-07-31,781.198,119.296,364.564
stoxx600,old,stoxx600_syn_pair_86df394a53f2,2025-08-29,786.168,120.302,368.22
stoxx600,old,stoxx600_syn_pair_86df394a53f2,2025-09-30,805.83,121.168,374.15
stoxx600,old,stoxx600_syn_pair_86df394a53f2,2025-10-31,823.143,121.796,383.82
stoxx600,old,stoxx600_syn_pair_86df394a53f2,2025-11-28,833.603,120.87,387.503
stoxx600,old,stoxx600_syn_pair_86df394a53f2,2025-12-31,863.036,125.107,398.185
stoxx600,old,stoxx600_syn_pair_86df394a53f2,2026-01-30,895.544,126.45,410.877
stoxx600,old,stoxx600_syn_pair_86df394a53f2,2026-02-27,911.212,125.715,426.543
stoxx600,old,stoxx600_syn_pair_86df394a53f2,2026-03-31,833.492,117.792,394.018
stoxx600,old,stoxx600_syn_pair_86df394a53f2,2026-04-30,896.963,123.842,414.799
stoxx600,old,stoxx600_syn_pair_86df394a53f2,2026-05-29,936.005,127.48,428.614
stoxx600,old,stoxx600_syn_pair_86df394a53f2,2026-06-30,970.141,126.852,437.901
stoxx600,old,stoxx600_syn_pair_86df394a53f2,2026-07-02,972.862,129.872,443.382
stoxx600,old,stoxx600_syn_pair_5937db8297d4,2010-02-26,97.371,97.68,98.091
stoxx600,old,stoxx600_syn_pair_5937db8297d4,2010-03-31,107.598,103.783,105.575
stoxx600,old,stoxx600_syn_pair_5937db8297d4,2010-04-30,108.254,101.27,104.643
stoxx600,old,stoxx600_syn_pair_5937db8297d4,2010-05-31,101.667,95.032,99.696
stoxx600,old,stoxx600_syn_pair_5937db8297d4,2010-06-30,100.008,93.845,99.165
stoxx600,old,stoxx600_syn_pair_5937db8297d4,2010-07-30,106.216,102.139,104.24
stoxx600,old,stoxx600_syn_pair_5937db8297d4,2010-08-31,105.602,100.375,102.858
stoxx600,old,stoxx600_syn_pair_5937db8297d4,2010-09-30,110.767,102.98,106.443
stoxx600,old,stoxx600_syn_pair_5937db8297d4,2010-10-29,112.895,104.765,109.218
stoxx600,old,stoxx600_syn_pair_5937db8297d4,2010-11-30,114.596,101.478,107.612
stoxx600,old,stoxx600_syn_pair_5937db8297d4,2010-12-31,121.372,107.425,113.336
stoxx600,old,stoxx600_syn_pair_5937db8297d4,2011-01-31,121.934,112.271,115.351
stoxx600,old,stoxx600_syn_pair_5937db8297d4,2011-02-28,126.591,113.207,118.184
stoxx600,old,stoxx600_syn_pair_5937db8297d4,2011-03-31,123.403,109.237,114.227
stoxx600,old,stoxx600_syn_pair_5937db8297d4,2011-04-29,127.217,111.368,118.231
stoxx600,old,stoxx600_syn_pair_5937db8297d4,2011-05-31,127.174,110.756,118.319
stoxx600,old,stoxx600_syn_pair_5937db8297d4,2011-06-30,124.838,105.86,115.201
stoxx600,old,stoxx600_syn_pair_5937db8297d4,2011-07-29,121.918,99.793,112.006
stoxx600,old,stoxx600_syn_pair_5937db8297d4,2011-08-31,109.67,88.353,100.362
stoxx600,old,stoxx600_syn_pair_5937db8297d4,2011-09-30,103.385,83.828,95.538
stoxx600,old,stoxx600_syn_pair_5937db8297d4,2011-10-31,111.436,89.288,103.006
stoxx600,old,stoxx600_syn_pair_5937db8297d4,2011-11-30,110.61,84.48,101.666
stoxx600,old,stoxx600_syn_pair_5937db8297d4,2011-12-30,112.781,84.546,103.38
stoxx600,old,stoxx600_syn_pair_5937db8297d4,2012-01-31,115.314,90.056,107.735
stoxx600,old,stoxx600_syn_pair_5937db8297d4,2012-02-29,119.354,93.892,112.352
stoxx600,old,stoxx600_syn_pair_5937db8297d4,2012-03-30,120.034,92.821,112.308
stoxx600,old,stoxx600_syn_pair_5937db8297d4,2012-04-30,122.011,86.347,110.479
stoxx600,old,stoxx600_syn_pair_5937db8297d4,2012-05-31,116.42,79.341,103.794
stoxx600,old,stoxx600_syn_pair_5937db8297d4,2012-06-29,121.522,84.012,109.186
stoxx600,old,stoxx600_syn_pair_5937db8297d4,2012-07-31,127.863,85.657,113.825
stoxx600,old,stoxx600_syn_pair_5937db8297d4,2012-08-31,130.151,89.638,116.456
stoxx600,old,stoxx600_syn_pair_5937db8297d4,2012-09-28,132.665,89.852,117.673
stoxx600,old,stoxx600_syn_pair_5937db8297d4,2012-10-31,132.845,91.071,118.414
stoxx600,old,stoxx600_syn_pair_5937db8297d4,2012-11-30,136.763,93.651,121.141
stoxx600,old,stoxx600_syn_pair_5937db8297d4,2012-12-31,138.148,96.278,123.08
stoxx600,old,stoxx600_syn_pair_5937db8297d4,2013-01-31,142.572,100.454,126.563
stoxx600,old,stoxx600_syn_pair_5937db8297d4,2013-02-28,147.757,99.523,128.126
stoxx600,old,stoxx600_syn_pair_5937db8297d4,2013-03-28,152.638,99.509,130.211
stoxx600,old,stoxx600_syn_pair_5937db8297d4,2013-04-30,154.31,101.876,132.429
stoxx600,old,stoxx600_syn_pair_5937db8297d4,2013-05-31,156.824,104.213,135.311
stoxx600,old,stoxx600_syn_pair_5937db8297d4,2013-06-28,149.08,98.614,128.511
stoxx600,old,stoxx600_syn_pair_5937db8297d4,2013-07-31,156.979,103.342,135.18
stoxx600,old,stoxx600_syn_pair_5937db8297d4,2013-08-30,156.708,103.132,134.351
stoxx600,old,stoxx600_syn_pair_5937db8297d4,2013-09-30,163.522,107.825,140.609
stoxx600,old,stoxx600_syn_pair_5937db8297d4,2013-10-31,171.318,109.566,146.329
stoxx600,old,stoxx600_syn_pair_5937db8297d4,2013-11-29,173.964,110.364,147.949
stoxx600,old,stoxx600_syn_pair_5937db8297d4,2013-12-31,177.139,110.262,149.469
stoxx600,old,stoxx600_syn_pair_5937db8297d4,2014-01-31,174.864,108.442,146.973
stoxx600,old,stoxx600_syn_pair_5937db8297d4,2014-02-28,188.066,113.846,154.242
stoxx600,old,stoxx600_syn_pair_5937db8297d4,2014-03-31,184.042,114.234,153.014
stoxx600,old,stoxx600_syn_pair_5937db8297d4,2014-04-30,185.033,117.45,155.635
stoxx600,old,stoxx600_syn_pair_5937db8297d4,2014-05-30,189.251,120.582,160.048
stoxx600,old,stoxx600_syn_pair_5937db8297d4,2014-06-30,191.719,119.625,159.259
stoxx600,old,stoxx600_syn_pair_5937db8297d4,2014-07-31,188.108,117.005,156.894
stoxx600,old,stoxx600_syn_pair_5937db8297d4,2014-08-29,191.569,118.359,160.076
stoxx600,old,stoxx600_syn_pair_5937db8297d4,2014-09-30,192.797,116.792,160.834
stoxx600,old,stoxx600_syn_pair_5937db8297d4,2014-10-31,191.092,113.924,158.105
stoxx600,old,stoxx600_syn_pair_5937db8297d4,2014-11-28,197.584,118.258,163.471
stoxx600,old,stoxx600_syn_pair_5937db8297d4,2014-12-31,196.922,115.482,161.209
stoxx600,old,stoxx600_syn_pair_5937db8297d4,2015-01-30,212.398,122.325,172.734
stoxx600,old,stoxx600_syn_pair_5937db8297d4,2015-02-27,229.557,132.096,184.723
stoxx600,old,stoxx600_syn_pair_5937db8297d4,2015-03-31,232.786,135.276,188.208
stoxx600,old,stoxx600_syn_pair_5937db8297d4,2015-04-30,231.06,135.463,188.577
stoxx600,old,stoxx600_syn_pair_5937db8297d4,2015-05-29,238.732,135.365,192.104
stoxx600,old,stoxx600_syn_pair_5937db8297d4,2015-06-30,229.406,129.309,183.537
stoxx600,old,stoxx600_syn_pair_5937db8297d4,2015-07-31,238.565,131.338,190.782
stoxx600,old,stoxx600_syn_pair_5937db8297d4,2015-08-31,222.413,118.722,175.022
stoxx600,old,stoxx600_syn_pair_5937db8297d4,2015-09-30,215.622,111.497,167.986
stoxx600,old,stoxx600_syn_pair_5937db8297d4,2015-10-30,232.929,121.696,181.468
stoxx600,old,stoxx600_syn_pair_5937db8297d4,2015-11-30,241.827,124.014,186.664
stoxx600,old,stoxx600_syn_pair_5937db8297d4,2015-12-31,233.277,117.037,177.443
stoxx600,old,stoxx600_syn_pair_5937db8297d4,2016-01-29,220.181,108.267,166.112
stoxx600,old,stoxx600_syn_pair_5937db8297d4,2016-02-29,217.056,106.77,162.172
stoxx600,old,stoxx600_syn_pair_5937db8297d4,2016-03-31,223.28,108.615,164.559
stoxx600,old,stoxx600_syn_pair_5937db8297d4,2016-04-29,222.31,110.895,167.839
stoxx600,old,stoxx600_syn_pair_5937db8297d4,2016-05-31,232.659,112.263,172.364
stoxx600,old,stoxx600_syn_pair_5937db8297d4,2016-06-30,223.777,106.745,163.677
stoxx600,old,stoxx600_syn_pair_5937db8297d4,2016-07-29,234.499,110.855,169.754
stoxx600,old,stoxx600_syn_pair_5937db8297d4,2016-08-31,236.352,111.396,171.043
stoxx600,old,stoxx600_syn_pair_5937db8297d4,2016-09-30,240.088,110.671,170.994
stoxx600,old,stoxx600_syn_pair_5937db8297d4,2016-10-31,239.418,108.624,169.374
stoxx600,old,stoxx600_syn_pair_5937db8297d4,2016-11-30,239.901,110.915,170.923
stoxx600,old,stoxx600_syn_pair_5937db8297d4,2016-12-30,250.766,117.839,180.709
stoxx600,old,stoxx600_syn_pair_5937db8297d4,2017-01-31,254.664,115.504,180.238
stoxx600,old,stoxx600_syn_pair_5937db8297d4,2017-02-28,261.279,119.672,185.665
stoxx600,old,stoxx600_syn_pair_5937db8297d4,2017-03-31,272.017,124.498,192.156
stoxx600,old,stoxx600_syn_pair_5937db8297d4,2017-04-28,276.127,127.843,196.171
stoxx600,old,stoxx600_syn_pair_5937db8297d4,2017-05-31,279.029,128.034,199.311
stoxx600,old,stoxx600_syn_pair_5937db8297d4,2017-06-30,273.493,123.356,194.511
stoxx600,old,stoxx600_syn_pair_5937db8297d4,2017-07-31,273.992,122.039,194.012
stoxx600,old,stoxx600_syn_pair_5937db8297d4,2017-08-31,276.213,118.722,192.067
stoxx600,old,stoxx600_syn_pair_5937db8297d4,2017-09-29,286.477,123.061,199.558
stoxx600,old,stoxx600_syn_pair_5937db8297d4,2017-10-31,297.147,124.493,203.319
stoxx600,old,stoxx600_syn_pair_5937db8297d4,2017-11-30,289.955,119.051,199.129
stoxx600,old,stoxx600_syn_pair_5937db8297d4,2017-12-29,289.216,119.03,200.574
stoxx600,old,stoxx600_syn_pair_5937db8297d4,2018-01-31,300.131,119.361,203.851
stoxx600,old,stoxx600_syn_pair_5937db8297d4,2018-02-28,289.52,116.673,196.119
stoxx600,old,stoxx600_syn_pair_5937db8297d4,2018-03-29,285.004,113.414,192.195
stoxx600,old,stoxx600_syn_pair_5937db8297d4,2018-04-30,301.403,116.907,201.103
stoxx600,old,stoxx600_syn_pair_5937db8297d4,2018-05-31,304.199,116.145,201.156
stoxx600,old,stoxx600_syn_pair_5937db8297d4,2018-06-29,299.701,114.128,200.15
stoxx600,old,stoxx600_syn_pair_5937db8297d4,2018-07-31,312.8,116.756,206.387
stoxx600,old,stoxx600_syn_pair_5937db8297d4,2018-08-31,311.105,111.235,201.726
stoxx600,old,stoxx600_syn_pair_5937db8297d4,2018-09-28,308.691,110.965,202.392
stoxx600,old,stoxx600_syn_pair_5937db8297d4,2018-10-31,290.342,104.086,191.408
stoxx600,old,stoxx600_syn_pair_5937db8297d4,2018-11-30,281.836,103.466,189.683
stoxx600,old,stoxx600_syn_pair_5937db8297d4,2018-12-31,270.779,94.784,179.294
stoxx600,old,stoxx600_syn_pair_5937db8297d4,2019-01-31,289.486,100.806,190.591
stoxx600,old,stoxx600_syn_pair_5937db8297d4,2019-02-28,301.161,106.245,198.557
stoxx600,old,stoxx600_syn_pair_5937db8297d4,2019-03-29,312.726,106.644,202.532
stoxx600,old,stoxx600_syn_pair_5937db8297d4,2019-04-30,321.921,111.993,210.231
stoxx600,old,stoxx600_syn_pair_5937db8297d4,2019-05-31,314.606,102.404,200.231
stoxx600,old,stoxx600_syn_pair_5937db8297d4,2019-06-28,328.58,107.052,209.053
stoxx600,old,stoxx600_syn_pair_5937db8297d4,2019-07-31,328.43,106.885,209.611
stoxx600,old,stoxx600_syn_pair_5937db8297d4,2019-08-30,326.812,104.763,206.486
stoxx600,old,stoxx600_syn_pair_5937db8297d4,2019-09-30,337.278,108.84,214.187
stoxx600,old,stoxx600_syn_pair_5937db8297d4,2019-10-31,341.162,113.024,216.583
stoxx600,old,stoxx600_syn_pair_5937db8297d4,2019-11-29,350.92,116.409,222.56
stoxx600,old,stoxx600_syn_pair_5937db8297d4,2019-12-31,358.301,120.149,227.478
stoxx600,old,stoxx600_syn_pair_5937db8297d4,2020-01-31,359.264,117.481,225.115
stoxx600,old,stoxx600_syn_pair_5937db8297d4,2020-02-28,335.996,107.274,206.627
stoxx600,old,stoxx600_syn_pair_5937db8297d4,2020-03-31,293.512,87.464,176.323
stoxx600,old,stoxx600_syn_pair_5937db8297d4,2020-04-30,316.652,93.058,188.235
stoxx600,old,stoxx600_syn_pair_5937db8297d4,2020-05-29,331.852,96.87,195.043
stoxx600,old,stoxx600_syn_pair_5937db8297d4,2020-06-30,342.219,99.678,201.426
stoxx600,old,stoxx600_syn_pair_5937db8297d4,2020-07-31,347.78,94.661,199.418
stoxx600,old,stoxx600_syn_pair_5937db8297d4,2020-08-31,359.827,98.986,205.648
stoxx600,old,stoxx600_syn_pair_5937db8297d4,2020-09-30,360.069,95.823,202.488
stoxx600,old,stoxx600_syn_pair_5937db8297d4,2020-10-30,346.19,90.093,192.103
stoxx600,old,stoxx600_syn_pair_5937db8297d4,2020-11-30,378.749,110.734,218.947
stoxx600,old,stoxx600_syn_pair_5937db8297d4,2020-12-31,389.583,114.368,224.872
stoxx600,old,stoxx600_syn_pair_5937db8297d4,2021-01-29,390.103,113.469,223.18
stoxx600,old,stoxx600_syn_pair_5937db8297d4,2021-02-26,399.262,117.241,228.538
stoxx600,old,stoxx600_syn_pair_5937db8297d4,2021-03-31,424.031,124.746,243.315
stoxx600,old,stoxx600_syn_pair_5937db8297d4,2021-04-30,435.965,127.334,249.125
stoxx600,old,stoxx600_syn_pair_5937db8297d4,2021-05-31,451.404,128.537,255.852
stoxx600,old,stoxx600_syn_pair_5937db8297d4,2021-06-30,457.123,130.526,259.661
stoxx600,old,stoxx600_syn_pair_5937db8297d4,2021-07-30,471.357,130.739,264.946
stoxx600,old,stoxx600_syn_pair_5937db8297d4,2021-08-31,488.427,132.266,270.08
stoxx600,old,stoxx600_syn_pair_5937db8297d4,2021-09-30,477.001,127.462,261.682
stoxx600,old,stoxx600_syn_pair_5937db8297d4,2021-10-29,503.851,131.675,273.899
stoxx600,old,stoxx600_syn_pair_5937db8297d4,2021-11-30,491.458,126.302,266.921
stoxx600,old,stoxx600_syn_pair_5937db8297d4,2021-12-31,518.585,132.311,280.793
stoxx600,old,stoxx600_syn_pair_5937db8297d4,2022-01-31,482.362,131.185,270.938
stoxx600,old,stoxx600_syn_pair_5937db8297d4,2022-02-28,466.632,126.067,262.283
stoxx600,old,stoxx600_syn_pair_5937db8297d4,2022-03-31,492.123,123.8,265.474
stoxx600,old,stoxx600_syn_pair_5937db8297d4,2022-04-29,495.983,121.439,264.063
stoxx600,old,stoxx600_syn_pair_5937db8297d4,2022-05-31,486.582,120.916,262.207
stoxx600,old,stoxx600_syn_pair_5937db8297d4,2022-06-30,442.576,104.744,241.722
stoxx600,old,stoxx600_syn_pair_5937db8297d4,2022-07-29,473.267,110.838,260.398
stoxx600,old,stoxx600_syn_pair_5937db8297d4,2022-08-31,457.939,101.242,247.245
stoxx600,old,stoxx600_syn_pair_5937db8297d4,2022-09-30,428.496,93.45,231.388
stoxx600,old,stoxx600_syn_pair_5937db8297d4,2022-10-31,462.342,98.572,245.91
stoxx600,old,stoxx600_syn_pair_5937db8297d4,2022-11-30,491.271,107.618,263.058
stoxx600,old,stoxx600_syn_pair_5937db8297d4,2022-12-30,478.189,104.821,254.077
stoxx600,old,stoxx600_syn_pair_5937db8297d4,2023-01-31,487.982,115.452,271.123
stoxx600,old,stoxx600_syn_pair_5937db8297d4,2023-02-28,499.378,115.511,276.536
stoxx600,old,stoxx600_syn_pair_5937db8297d4,2023-03-31,508.184,115.924,276.031
stoxx600,old,stoxx600_syn_pair_5937db8297d4,2023-04-28,521.254,117.648,283.212
stoxx600,old,stoxx600_syn_pair_5937db8297d4,2023-05-31,512.085,111.845,276.563
stoxx600,old,stoxx600_syn_pair_5937db8297d4,2023-06-30,518.539,112.452,283.254
stoxx600,old,stoxx600_syn_pair_5937db8297d4,2023-07-31,534.523,116.014,289.287
stoxx600,old,stoxx600_syn_pair_5937db8297d4,2023-08-31,516.136,109.402,281.976
stoxx600,old,stoxx600_syn_pair_5937db8297d4,2023-09-29,521.127,105.026,277.528
stoxx600,old,stoxx600_syn_pair_5937db8297d4,2023-10-31,504.918,98.006,267.584
stoxx600,old,stoxx600_syn_pair_5937db8297d4,2023-11-30,549.069,102.143,285.311
stoxx600,old,stoxx600_syn_pair_5937db8297d4,2023-12-29,564.91,109.286,296.125
stoxx600,old,stoxx600_syn_pair_5937db8297d4,2024-01-31,582.263,108.379,300.375
stoxx600,old,stoxx600_syn_pair_5937db8297d4,2024-02-29,608.682,105.645,305.875
stoxx600,old,stoxx600_syn_pair_5937db8297d4,2024-03-28,631.928,111.562,318.819
stoxx600,old,stoxx600_syn_pair_5937db8297d4,2024-04-30,636.064,110.109,316.433
stoxx600,old,stoxx600_syn_pair_5937db8297d4,2024-05-31,667.848,116.354,327.745
stoxx600,old,stoxx600_syn_pair_5937db8297d4,2024-06-28,652.942,113.137,324.237
stoxx600,old,stoxx600_syn_pair_5937db8297d4,2024-07-31,651.298,115.925,329.044
stoxx600,old,stoxx600_syn_pair_5937db8297d4,2024-08-30,662.46,115.092,334.317
stoxx600,old,stoxx600_syn_pair_5937db8297d4,2024-09-30,678.972,117.787,333.297
stoxx600,old,stoxx600_syn_pair_5937db8297d4,2024-10-31,658.409,113.258,322.571
stoxx600,old,stoxx600_syn_pair_5937db8297d4,2024-11-29,682.66,113.093,326.447
stoxx600,old,stoxx600_syn_pair_5937db8297d4,2024-12-31,674.464,112.746,326.417
stoxx600,old,stoxx600_syn_pair_5937db8297d4,2025-01-31,721.26,120.21,349.294
stoxx600,old,stoxx600_syn_pair_5937db8297d4,2025-02-28,745.902,122.09,361.312
stoxx600,old,stoxx600_syn_pair_5937db8297d4,2025-03-31,719.718,114.246,347.595
stoxx600,old,stoxx600_syn_pair_5937db8297d4,2025-04-30,726.705,112.459,345.661
stoxx600,old,stoxx600_syn_pair_5937db8297d4,2025-05-30,769.002,119.558,365.213
stoxx600,old,stoxx600_syn_pair_5937db8297d4,2025-06-30,766.965,120.572,360.892
stoxx600,old,stoxx600_syn_pair_5937db8297d4,2025-07-31,782.429,119.41,364.564
stoxx600,old,stoxx600_syn_pair_5937db8297d4,2025-08-29,778.513,122.353,368.22
stoxx600,old,stoxx600_syn_pair_5937db8297d4,2025-09-30,795.094,121.227,374.15
stoxx600,old,stoxx600_syn_pair_5937db8297d4,2025-10-31,816.687,122.948,383.82
stoxx600,old,stoxx600_syn_pair_5937db8297d4,2025-11-28,823.72,123.742,387.503
stoxx600,old,stoxx600_syn_pair_5937db8297d4,2025-12-31,856.68,127.827,398.185
stoxx600,old,stoxx600_syn_pair_5937db8297d4,2026-01-30,889.221,128.849,410.877
stoxx600,old,stoxx600_syn_pair_5937db8297d4,2026-02-27,903.527,128.191,426.543
stoxx600,old,stoxx600_syn_pair_5937db8297d4,2026-03-31,822.166,120.532,394.018
stoxx600,old,stoxx600_syn_pair_5937db8297d4,2026-04-30,871.613,125.828,414.799
stoxx600,old,stoxx600_syn_pair_5937db8297d4,2026-05-29,904.329,128.886,428.614
stoxx600,old,stoxx600_syn_pair_5937db8297d4,2026-06-30,936.75,127.202,437.901
stoxx600,old,stoxx600_syn_pair_5937db8297d4,2026-07-02,941.357,130.928,443.382
stoxx600,old,stoxx600_syn_pair_97a8dca0503b,2010-02-26,97.975,96.703,98.091
stoxx600,old,stoxx600_syn_pair_97a8dca0503b,2010-03-31,107.284,103.791,105.575
stoxx600,old,stoxx600_syn_pair_97a8dca0503b,2010-04-30,106.671,103.172,104.643
stoxx600,old,stoxx600_syn_pair_97a8dca0503b,2010-05-31,101.069,96.999,99.696
stoxx600,old,stoxx600_syn_pair_97a8dca0503b,2010-06-30,99.789,95.914,99.165
stoxx600,old,stoxx600_syn_pair_97a8dca0503b,2010-07-30,103.809,102.169,104.24
stoxx600,old,stoxx600_syn_pair_97a8dca0503b,2010-08-31,101.815,101.778,102.858
stoxx600,old,stoxx600_syn_pair_97a8dca0503b,2010-09-30,106.417,104.206,106.443
stoxx600,old,stoxx600_syn_pair_97a8dca0503b,2010-10-29,110.964,105.663,109.218
stoxx600,old,stoxx600_syn_pair_97a8dca0503b,2010-11-30,110.185,103.048,107.612
stoxx600,old,stoxx600_syn_pair_97a8dca0503b,2010-12-31,116.584,109.223,113.336
stoxx600,old,stoxx600_syn_pair_97a8dca0503b,2011-01-31,121.71,108.996,115.351
stoxx600,old,stoxx600_syn_pair_97a8dca0503b,2011-02-28,124.978,110.013,118.184
stoxx600,old,stoxx600_syn_pair_97a8dca0503b,2011-03-31,121.787,105.278,114.227
stoxx600,old,stoxx600_syn_pair_97a8dca0503b,2011-04-29,124.98,107.785,118.231
stoxx600,old,stoxx600_syn_pair_97a8dca0503b,2011-05-31,124.56,108.005,118.319
stoxx600,old,stoxx600_syn_pair_97a8dca0503b,2011-06-30,120.725,104.671,115.201
stoxx600,old,stoxx600_syn_pair_97a8dca0503b,2011-07-29,118.176,100.392,112.006
stoxx600,old,stoxx600_syn_pair_97a8dca0503b,2011-08-31,106.755,87.359,100.362
stoxx600,old,stoxx600_syn_pair_97a8dca0503b,2011-09-30,101.699,81.515,95.538
stoxx600,old,stoxx600_syn_pair_97a8dca0503b,2011-10-31,110.779,87.472,103.006
stoxx600,old,stoxx600_syn_pair_97a8dca0503b,2011-11-30,111.086,84.331,101.666
stoxx600,old,stoxx600_syn_pair_97a8dca0503b,2011-12-30,112.109,83.482,103.38
stoxx600,old,stoxx600_syn_pair_97a8dca0503b,2012-01-31,119.849,86.379,107.735
stoxx600,old,stoxx600_syn_pair_97a8dca0503b,2012-02-29,126.828,89.026,112.352
stoxx600,old,stoxx600_syn_pair_97a8dca0503b,2012-03-30,125.56,89.077,112.308
stoxx600,old,stoxx600_syn_pair_97a8dca0503b,2012-04-30,124.6,85.858,110.479
stoxx600,old,stoxx600_syn_pair_97a8dca0503b,2012-05-31,116.825,79.306,103.794
stoxx600,old,stoxx600_syn_pair_97a8dca0503b,2012-06-29,122.837,84.842,109.186
stoxx600,old,stoxx600_syn_pair_97a8dca0503b,2012-07-31,131.613,85.964,113.825
stoxx600,old,stoxx600_syn_pair_97a8dca0503b,2012-08-31,132.442,90.03,116.456
stoxx600,old,stoxx600_syn_pair_97a8dca0503b,2012-09-28,135.447,90.643,117.673
stoxx600,old,stoxx600_syn_pair_97a8dca0503b,2012-10-31,136.612,90.527,118.414
stoxx600,old,stoxx600_syn_pair_97a8dca0503b,2012-11-30,139.002,93.318,121.141
stoxx600,old,stoxx600_syn_pair_97a8dca0503b,2012-12-31,141.547,94.674,123.08
stoxx600,old,stoxx600_syn_pair_97a8dca0503b,2013-01-31,146.525,97.305,126.563
stoxx600,old,stoxx600_syn_pair_97a8dca0503b,2013-02-28,149.564,97.19,128.126
stoxx600,old,stoxx600_syn_pair_97a8dca0503b,2013-03-28,151.668,98.452,130.211
stoxx600,old,stoxx600_syn_pair_97a8dca0503b,2013-04-30,154.191,100.007,132.429
stoxx600,old,stoxx600_syn_pair_97a8dca0503b,2013-05-31,159.398,101.988,135.311
stoxx600,old,stoxx600_syn_pair_97a8dca0503b,2013-06-28,151.602,95.944,128.511
stoxx600,old,stoxx600_syn_pair_97a8dca0503b,2013-07-31,158.854,101.496,135.18
stoxx600,old,stoxx600_syn_pair_97a8dca0503b,2013-08-30,157.716,101.492,134.351
stoxx600,old,stoxx600_syn_pair_97a8dca0503b,2013-09-30,166.831,106.626,140.609
stoxx600,old,stoxx600_syn_pair_97a8dca0503b,2013-10-31,174.462,111.245,146.329
stoxx600,old,stoxx600_syn_pair_97a8dca0503b,2013-11-29,176.243,112.422,147.949
stoxx600,old,stoxx600_syn_pair_97a8dca0503b,2013-12-31,179.5,112.766,149.469
stoxx600,old,stoxx600_syn_pair_97a8dca0503b,2014-01-31,176.906,110.319,146.973
stoxx600,old,stoxx600_syn_pair_97a8dca0503b,2014-02-28,188.331,115.098,154.242
stoxx600,old,stoxx600_syn_pair_97a8dca0503b,2014-03-31,186.265,115.501,153.014
stoxx600,old,stoxx600_syn_pair_97a8dca0503b,2014-04-30,190.128,117.443,155.635
stoxx600,old,stoxx600_syn_pair_97a8dca0503b,2014-05-30,197.127,120.408,160.048
stoxx600,old,stoxx600_syn_pair_97a8dca0503b,2014-06-30,198.487,118.84,159.259
stoxx600,old,stoxx600_syn_pair_97a8dca0503b,2014-07-31,197.509,116.479,156.894
stoxx600,old,stoxx600_syn_pair_97a8dca0503b,2014-08-29,201.971,117.581,160.076
stoxx600,old,stoxx600_syn_pair_97a8dca0503b,2014-09-30,203.417,115.773,160.834
stoxx600,old,stoxx600_syn_pair_97a8dca0503b,2014-10-31,201.054,113.01,158.105
stoxx600,old,stoxx600_syn_pair_97a8dca0503b,2014-11-28,209.317,116.688,163.471
stoxx600,old,stoxx600_syn_pair_97a8dca0503b,2014-12-31,207.208,114.725,161.209
stoxx600,old,stoxx600_syn_pair_97a8dca0503b,2015-01-30,217.122,123.683,172.734
stoxx600,old,stoxx600_syn_pair_97a8dca0503b,2015-02-27,235.698,132.911,184.723
stoxx600,old,stoxx600_syn_pair_97a8dca0503b,2015-03-31,242.603,134.513,188.208
stoxx600,old,stoxx600_syn_pair_97a8dca0503b,2015-04-30,241.316,134.929,188.577
stoxx600,old,stoxx600_syn_pair_97a8dca0503b,2015-05-29,245.464,138.026,192.104
stoxx600,old,stoxx600_syn_pair_97a8dca0503b,2015-06-30,237.139,131.169,183.537
stoxx600,old,stoxx600_syn_pair_97a8dca0503b,2015-07-31,249.027,134.324,190.782
stoxx600,old,stoxx600_syn_pair_97a8dca0503b,2015-08-31,230.584,121.917,175.022
stoxx600,old,stoxx600_syn_pair_97a8dca0503b,2015-09-30,222.834,114.812,167.986
stoxx600,old,stoxx600_syn_pair_97a8dca0503b,2015-10-30,239.727,126.33,181.468
stoxx600,old,stoxx600_syn_pair_97a8dca0503b,2015-11-30,250.778,127.398,186.664
stoxx600,old,stoxx600_syn_pair_97a8dca0503b,2015-12-31,239.949,120.64,177.443
stoxx600,old,stoxx600_syn_pair_97a8dca0503b,2016-01-29,226.555,112.101,166.112
stoxx600,old,stoxx600_syn_pair_97a8dca0503b,2016-02-29,224.747,109.872,162.172
stoxx600,old,stoxx600_syn_pair_97a8dca0503b,2016-03-31,226.95,111.897,164.559
stoxx600,old,stoxx600_syn_pair_97a8dca0503b,2016-04-29,229.058,114.581,167.839
stoxx600,old,stoxx600_syn_pair_97a8dca0503b,2016-05-31,234.812,116.584,172.364
stoxx600,old,stoxx600_syn_pair_97a8dca0503b,2016-06-30,220.846,110.209,163.677
stoxx600,old,stoxx600_syn_pair_97a8dca0503b,2016-07-29,228.751,114.01,169.754
stoxx600,old,stoxx600_syn_pair_97a8dca0503b,2016-08-31,231.576,115.53,171.043
stoxx600,old,stoxx600_syn_pair_97a8dca0503b,2016-09-30,232.836,115.241,170.994
stoxx600,old,stoxx600_syn_pair_97a8dca0503b,2016-10-31,235.134,112.001,169.374
stoxx600,old,stoxx600_syn_pair_97a8dca0503b,2016-11-30,235.389,112.683,170.923
stoxx600,old,stoxx600_syn_pair_97a8dca0503b,2016-12-30,247.301,120.495,180.709
stoxx600,old,stoxx600_syn_pair_97a8dca0503b,2017-01-31,245.947,120.592,180.238
stoxx600,old,stoxx600_syn_pair_97a8dca0503b,2017-02-28,252.76,125.194,185.665
stoxx600,old,stoxx600_syn_pair_97a8dca0503b,2017-03-31,261.331,129.355,192.156
stoxx600,old,stoxx600_syn_pair_97a8dca0503b,2017-04-28,265.721,131.34,196.171
stoxx600,old,stoxx600_syn_pair_97a8dca0503b,2017-05-31,269.901,132.911,199.311
stoxx600,old,stoxx600_syn_pair_97a8dca0503b,2017-06-30,263.607,129.064,194.511
stoxx600,old,stoxx600_syn_pair_97a8dca0503b,2017-07-31,266.885,126.59,194.012
stoxx600,old,stoxx600_syn_pair_97a8dca0503b,2017-08-31,270.569,124.343,192.067
stoxx600,old,stoxx600_syn_pair_97a8dca0503b,2017-09-29,281.198,129.471,199.558
stoxx600,old,stoxx600_syn_pair_97a8dca0503b,2017-10-31,288.0,130.387,203.319
stoxx600,old,stoxx600_syn_pair_97a8dca0503b,2017-11-30,282.946,125.493,199.129
stoxx600,old,stoxx600_syn_pair_97a8dca0503b,2017-12-29,285.592,127.982,200.574
stoxx600,old,stoxx600_syn_pair_97a8dca0503b,2018-01-31,287.577,130.532,203.851
stoxx600,old,stoxx600_syn_pair_97a8dca0503b,2018-02-28,277.457,126.53,196.119
stoxx600,old,stoxx600_syn_pair_97a8dca0503b,2018-03-29,274.362,122.882,192.195
stoxx600,old,stoxx600_syn_pair_97a8dca0503b,2018-04-30,287.55,128.035,201.103
stoxx600,old,stoxx600_syn_pair_97a8dca0503b,2018-05-31,289.135,127.899,201.156
stoxx600,old,stoxx600_syn_pair_97a8dca0503b,2018-06-29,290.049,125.658,200.15
stoxx600,old,stoxx600_syn_pair_97a8dca0503b,2018-07-31,299.893,128.273,206.387
stoxx600,old,stoxx600_syn_pair_97a8dca0503b,2018-08-31,297.454,124.085,201.726
stoxx600,old,stoxx600_syn_pair_97a8dca0503b,2018-09-28,296.449,125.218,202.392
stoxx600,old,stoxx600_syn_pair_97a8dca0503b,2018-10-31,281.149,118.324,191.408
stoxx600,old,stoxx600_syn_pair_97a8dca0503b,2018-11-30,277.539,116.57,189.683
stoxx600,old,stoxx600_syn_pair_97a8dca0503b,2018-12-31,262.409,108.764,179.294
stoxx600,old,stoxx600_syn_pair_97a8dca0503b,2019-01-31,284.504,116.223,190.591
stoxx600,old,stoxx600_syn_pair_97a8dca0503b,2019-02-28,294.498,119.421,198.557
stoxx600,old,stoxx600_syn_pair_97a8dca0503b,2019-03-29,300.291,121.649,202.532
stoxx600,old,stoxx600_syn_pair_97a8dca0503b,2019-04-30,308.671,127.669,210.231
stoxx600,old,stoxx600_syn_pair_97a8dca0503b,2019-05-31,298.135,119.65,200.231
stoxx600,old,stoxx600_syn_pair_97a8dca0503b,2019-06-28,311.479,125.911,209.053
stoxx600,old,stoxx600_syn_pair_97a8dca0503b,2019-07-31,312.396,126.193,209.611
stoxx600,old,stoxx600_syn_pair_97a8dca0503b,2019-08-30,306.511,123.908,206.486
stoxx600,old,stoxx600_syn_pair_97a8dca0503b,2019-09-30,316.895,129.321,214.187
stoxx600,old,stoxx600_syn_pair_97a8dca0503b,2019-10-31,322.98,131.928,216.583
stoxx600,old,stoxx600_syn_pair_97a8dca0503b,2019-11-29,334.842,134.92,222.56
stoxx600,old,stoxx600_syn_pair_97a8dca0503b,2019-12-31,341.965,138.032,227.478
stoxx600,old,stoxx600_syn_pair_97a8dca0503b,2020-01-31,338.817,136.781,225.115
stoxx600,old,stoxx600_syn_pair_97a8dca0503b,2020-02-28,312.031,124.503,206.627
stoxx600,old,stoxx600_syn_pair_97a8dca0503b,2020-03-31,256.194,103.087,176.323
stoxx600,old,stoxx600_syn_pair_97a8dca0503b,2020-04-30,271.734,110.843,188.235
stoxx600,old,stoxx600_syn_pair_97a8dca0503b,2020-05-29,284.972,116.716,195.043
stoxx600,old,stoxx600_syn_pair_97a8dca0503b,2020-06-30,296.511,118.863,201.426
stoxx600,old,stoxx600_syn_pair_97a8dca0503b,2020-07-31,303.951,115.878,199.418
stoxx600,old,stoxx600_syn_pair_97a8dca0503b,2020-08-31,316.279,120.316,205.648
stoxx600,old,stoxx600_syn_pair_97a8dca0503b,2020-09-30,315.614,117.136,202.488
stoxx600,old,stoxx600_syn_pair_97a8dca0503b,2020-10-30,301.91,111.746,192.103
stoxx600,old,stoxx600_syn_pair_97a8dca0503b,2020-11-30,340.501,131.996,218.947
stoxx600,old,stoxx600_syn_pair_97a8dca0503b,2020-12-31,354.08,134.686,224.872
stoxx600,old,stoxx600_syn_pair_97a8dca0503b,2021-01-29,355.298,132.665,223.18
stoxx600,old,stoxx600_syn_pair_97a8dca0503b,2021-02-26,366.761,136.326,228.538
stoxx600,old,stoxx600_syn_pair_97a8dca0503b,2021-03-31,393.574,142.099,243.315
stoxx600,old,stoxx600_syn_pair_97a8dca0503b,2021-04-30,401.033,146.218,249.125
stoxx600,old,stoxx600_syn_pair_97a8dca0503b,2021-05-31,416.192,148.535,255.852
stoxx600,old,stoxx600_syn_pair_97a8dca0503b,2021-06-30,424.485,150.125,259.661
stoxx600,old,stoxx600_syn_pair_97a8dca0503b,2021-07-30,438.456,149.492,264.946
stoxx600,old,stoxx600_syn_pair_97a8dca0503b,2021-08-31,448.204,152.434,270.08
stoxx600,old,stoxx600_syn_pair_97a8dca0503b,2021-09-30,440.632,147.504,261.682
stoxx600,old,stoxx600_syn_pair_97a8dca0503b,2021-10-29,462.676,149.468,273.899
stoxx600,old,stoxx600_syn_pair_97a8dca0503b,2021-11-30,459.8,140.403,266.921
stoxx600,old,stoxx600_syn_pair_97a8dca0503b,2021-12-31,486.247,144.764,280.793
stoxx600,old,stoxx600_syn_pair_97a8dca0503b,2022-01-31,492.367,138.061,270.938
stoxx600,old,stoxx600_syn_pair_97a8dca0503b,2022-02-28,473.821,132.205,262.283
stoxx600,old,stoxx600_syn_pair_97a8dca0503b,2022-03-31,497.851,132.015,265.474
stoxx600,old,stoxx600_syn_pair_97a8dca0503b,2022-04-29,507.429,129.458,264.063
stoxx600,old,stoxx600_syn_pair_97a8dca0503b,2022-05-31,500.27,128.787,262.207
stoxx600,old,stoxx600_syn_pair_97a8dca0503b,2022-06-30,450.689,115.124,241.722
stoxx600,old,stoxx600_syn_pair_97a8dca0503b,2022-07-29,479.594,120.41,260.398
stoxx600,old,stoxx600_syn_pair_97a8dca0503b,2022-08-31,453.374,110.528,247.245
stoxx600,old,stoxx600_syn_pair_97a8dca0503b,2022-09-30,424.309,101.1,231.388
stoxx600,old,stoxx600_syn_pair_97a8dca0503b,2022-10-31,454.041,108.2,245.91
stoxx600,old,stoxx600_syn_pair_97a8dca0503b,2022-11-30,473.262,113.042,263.058
stoxx600,old,stoxx600_syn_pair_97a8dca0503b,2022-12-30,470.183,106.506,254.077
stoxx600,old,stoxx600_syn_pair_97a8dca0503b,2023-01-31,501.66,111.841,271.123
stoxx600,old,stoxx600_syn_pair_97a8dca0503b,2023-02-28,515.132,109.349,276.536
stoxx600,old,stoxx600_syn_pair_97a8dca0503b,2023-03-31,518.825,109.797,276.031
stoxx600,old,stoxx600_syn_pair_97a8dca0503b,2023-04-28,530.388,112.789,283.212
stoxx600,old,stoxx600_syn_pair_97a8dca0503b,2023-05-31,533.649,108.001,276.563
stoxx600,old,stoxx600_syn_pair_97a8dca0503b,2023-06-30,543.073,108.384,283.254
stoxx600,old,stoxx600_syn_pair_97a8dca0503b,2023-07-31,556.446,111.904,289.287
stoxx600,old,stoxx600_syn_pair_97a8dca0503b,2023-08-31,560.587,109.692,281.976
stoxx600,old,stoxx600_syn_pair_97a8dca0503b,2023-09-29,567.824,102.356,277.528
stoxx600,old,stoxx600_syn_pair_97a8dca0503b,2023-10-31,545.152,97.078,267.584
stoxx600,old,stoxx600_syn_pair_97a8dca0503b,2023-11-30,592.965,103.161,285.311
stoxx600,old,stoxx600_syn_pair_97a8dca0503b,2023-12-29,620.563,109.845,296.125
stoxx600,old,stoxx600_syn_pair_97a8dca0503b,2024-01-31,606.024,109.893,300.375
stoxx600,old,stoxx600_syn_pair_97a8dca0503b,2024-02-29,620.787,109.941,305.875
stoxx600,old,stoxx600_syn_pair_97a8dca0503b,2024-03-28,649.24,114.081,318.819
stoxx600,old,stoxx600_syn_pair_97a8dca0503b,2024-04-30,655.255,113.721,316.433
stoxx600,old,stoxx600_syn_pair_97a8dca0503b,2024-05-31,689.197,118.112,327.745
stoxx600,old,stoxx600_syn_pair_97a8dca0503b,2024-06-28,677.185,115.332,324.237
stoxx600,old,stoxx600_syn_pair_97a8dca0503b,2024-07-31,680.492,115.595,329.044
stoxx600,old,stoxx600_syn_pair_97a8dca0503b,2024-08-30,694.425,114.932,334.317
stoxx600,old,stoxx600_syn_pair_97a8dca0503b,2024-09-30,713.006,118.006,333.297
stoxx600,old,stoxx600_syn_pair_97a8dca0503b,2024-10-31,684.681,113.932,322.571
stoxx600,old,stoxx600_syn_pair_97a8dca0503b,2024-11-29,703.336,114.25,326.447
stoxx600,old,stoxx600_syn_pair_97a8dca0503b,2024-12-31,691.05,113.929,326.417
stoxx600,old,stoxx600_syn_pair_97a8dca0503b,2025-01-31,725.881,120.137,349.294
stoxx600,old,stoxx600_syn_pair_97a8dca0503b,2025-02-28,751.578,124.345,361.312
stoxx600,old,stoxx600_syn_pair_97a8dca0503b,2025-03-31,709.225,118.878,347.595
stoxx600,old,stoxx600_syn_pair_97a8dca0503b,2025-04-30,719.083,115.602,345.661
stoxx600,old,stoxx600_syn_pair_97a8dca0503b,2025-05-30,760.335,121.467,365.213
stoxx600,old,stoxx600_syn_pair_97a8dca0503b,2025-06-30,754.108,120.209,360.892
stoxx600,old,stoxx600_syn_pair_97a8dca0503b,2025-07-31,777.544,122.426,364.564
stoxx600,old,stoxx600_syn_pair_97a8dca0503b,2025-08-29,797.302,123.316,368.22
stoxx600,old,stoxx600_syn_pair_97a8dca0503b,2025-09-30,823.358,126.586,374.15
stoxx600,old,stoxx600_syn_pair_97a8dca0503b,2025-10-31,851.756,127.857,383.82
stoxx600,old,stoxx600_syn_pair_97a8dca0503b,2025-11-28,862.942,127.686,387.503
stoxx600,old,stoxx600_syn_pair_97a8dca0503b,2025-12-31,886.542,130.996,398.185
stoxx600,old,stoxx600_syn_pair_97a8dca0503b,2026-01-30,930.855,134.524,410.877
stoxx600,old,stoxx600_syn_pair_97a8dca0503b,2026-02-27,944.369,138.086,426.543
stoxx600,old,stoxx600_syn_pair_97a8dca0503b,2026-03-31,869.015,126.441,394.018
stoxx600,old,stoxx600_syn_pair_97a8dca0503b,2026-04-30,921.353,133.938,414.799
stoxx600,old,stoxx600_syn_pair_97a8dca0503b,2026-05-29,951.98,139.135,428.614
stoxx600,old,stoxx600_syn_pair_97a8dca0503b,2026-06-30,967.299,141.075,437.901
stoxx600,old,stoxx600_syn_pair_97a8dca0503b,2026-07-02,980.397,143.615,443.382
stoxx600,old,stoxx600_syn_full_bucket_equal,2009-10-30,101.956,98.914,101.236
stoxx600,old,stoxx600_syn_full_bucket_equal,2009-11-30,102.804,99.761,102.556
stoxx600,old,stoxx600_syn_full_bucket_equal,2009-12-31,108.437,104.865,108.841
stoxx600,old,stoxx600_syn_full_bucket_equal,2010-01-29,105.033,101.787,105.921
stoxx600,old,stoxx600_syn_full_bucket_equal,2010-02-26,105.176,101.236,105.55
stoxx600,old,stoxx600_syn_full_bucket_equal,2010-03-31,116.115,108.789,113.603
stoxx600,old,stoxx600_syn_full_bucket_equal,2010-04-30,116.291,107.031,112.6
stoxx600,old,stoxx600_syn_full_bucket_equal,2010-05-31,109.827,100.518,107.277
stoxx600,old,stoxx600_syn_full_bucket_equal,2010-06-30,107.425,99.063,106.706
stoxx600,old,stoxx600_syn_full_bucket_equal,2010-07-30,112.582,105.607,112.166
stoxx600,old,stoxx600_syn_full_bucket_equal,2010-08-31,111.465,103.691,110.679
stoxx600,old,stoxx600_syn_full_bucket_equal,2010-09-30,117.179,106.179,114.537
stoxx600,old,stoxx600_syn_full_bucket_equal,2010-10-29,120.553,106.459,117.522
stoxx600,old,stoxx600_syn_full_bucket_equal,2010-11-30,121.84,104.126,115.795
stoxx600,old,stoxx600_syn_full_bucket_equal,2010-12-31,128.879,109.081,121.954
stoxx600,old,stoxx600_syn_full_bucket_equal,2011-01-31,129.408,111.199,124.122
stoxx600,old,stoxx600_syn_full_bucket_equal,2011-02-28,133.186,111.697,127.17
stoxx600,old,stoxx600_syn_full_bucket_equal,2011-03-31,130.608,107.113,122.912
stoxx600,old,stoxx600_syn_full_bucket_equal,2011-04-29,135.275,109.997,127.222
stoxx600,old,stoxx600_syn_full_bucket_equal,2011-05-31,134.813,109.588,127.315
stoxx600,old,stoxx600_syn_full_bucket_equal,2011-06-30,131.79,105.358,123.961
stoxx600,old,stoxx600_syn_full_bucket_equal,2011-07-29,128.396,102.32,120.523
stoxx600,old,stoxx600_syn_full_bucket_equal,2011-08-31,114.323,90.01,107.993
stoxx600,old,stoxx600_syn_full_bucket_equal,2011-09-30,107.967,83.972,102.802
stoxx600,old,stoxx600_syn_full_bucket_equal,2011-10-31,116.717,90.454,110.839
stoxx600,old,stoxx600_syn_full_bucket_equal,2011-11-30,116.818,87.315,109.397
stoxx600,old,stoxx600_syn_full_bucket_equal,2011-12-30,119.422,87.783,111.241
stoxx600,old,stoxx600_syn_full_bucket_equal,2012-01-31,124.076,92.266,115.927
stoxx600,old,stoxx600_syn_full_bucket_equal,2012-02-29,129.773,95.08,120.895
stoxx600,old,stoxx600_syn_full_bucket_equal,2012-03-30,129.581,93.984,120.847
stoxx600,old,stoxx600_syn_full_bucket_equal,2012-04-30,131.863,89.302,118.88
stoxx600,old,stoxx600_syn_full_bucket_equal,2012-05-31,124.663,81.87,111.686
stoxx600,old,stoxx600_syn_full_bucket_equal,2012-06-29,129.336,86.782,117.488
stoxx600,old,stoxx600_syn_full_bucket_equal,2012-07-31,136.951,88.956,122.48
stoxx600,old,stoxx600_syn_full_bucket_equal,2012-08-31,138.577,92.726,125.311
stoxx600,old,stoxx600_syn_full_bucket_equal,2012-09-28,142.384,92.929,126.621
stoxx600,old,stoxx600_syn_full_bucket_equal,2012-10-31,143.418,93.741,127.418
stoxx600,old,stoxx600_syn_full_bucket_equal,2012-11-30,146.958,95.536,130.352
stoxx600,old,stoxx600_syn_full_bucket_equal,2012-12-31,148.379,97.108,132.439
stoxx600,old,stoxx600_syn_full_bucket_equal,2013-01-31,152.611,98.919,136.187
stoxx600,old,stoxx600_syn_full_bucket_equal,2013-02-28,157.696,98.768,137.868
stoxx600,old,stoxx600_syn_full_bucket_equal,2013-03-28,162.311,98.64,140.112
stoxx600,old,stoxx600_syn_full_bucket_equal,2013-04-30,164.088,102.146,142.499
stoxx600,old,stoxx600_syn_full_bucket_equal,2013-05-31,168.451,104.259,145.6
stoxx600,old,stoxx600_syn_full_bucket_equal,2013-06-28,161.928,97.631,138.283
stoxx600,old,stoxx600_syn_full_bucket_equal,2013-07-31,171.738,102.515,145.459
stoxx600,old,stoxx600_syn_full_bucket_equal,2013-08-30,170.236,103.268,144.567
stoxx600,old,stoxx600_syn_full_bucket_equal,2013-09-30,177.775,107.68,151.301
stoxx600,old,stoxx600_syn_full_bucket_equal,2013-10-31,187.099,112.218,157.456
stoxx600,old,stoxx600_syn_full_bucket_equal,2013-11-29,189.655,113.204,159.199
stoxx600,old,stoxx600_syn_full_bucket_equal,2013-12-31,194.761,113.418,160.835
stoxx600,old,stoxx600_syn_full_bucket_equal,2014-01-31,197.487,111.184,158.149
stoxx600,old,stoxx600_syn_full_bucket_equal,2014-02-28,210.324,116.296,165.971
stoxx600,old,stoxx600_syn_full_bucket_equal,2014-03-31,206.35,115.349,164.649
stoxx600,old,stoxx600_syn_full_bucket_equal,2014-04-30,208.782,118.634,167.469
stoxx600,old,stoxx600_syn_full_bucket_equal,2014-05-30,215.612,121.662,172.218
stoxx600,old,stoxx600_syn_full_bucket_equal,2014-06-30,220.255,119.89,171.369
stoxx600,old,stoxx600_syn_full_bucket_equal,2014-07-31,219.711,117.091,168.824
stoxx600,old,stoxx600_syn_full_bucket_equal,2014-08-29,224.072,118.441,172.248
stoxx600,old,stoxx600_syn_full_bucket_equal,2014-09-30,225.279,117.29,173.064
stoxx600,old,stoxx600_syn_full_bucket_equal,2014-10-31,222.722,114.816,170.128
stoxx600,old,stoxx600_syn_full_bucket_equal,2014-11-28,231.752,119.067,175.901
stoxx600,old,stoxx600_syn_full_bucket_equal,2014-12-31,232.184,117.178,173.467
stoxx600,old,stoxx600_syn_full_bucket_equal,2015-01-30,249.65,124.798,185.868
stoxx600,old,stoxx600_syn_full_bucket_equal,2015-02-27,271.732,134.369,198.77
stoxx600,old,stoxx600_syn_full_bucket_equal,2015-03-31,278.646,135.903,202.519
stoxx600,old,stoxx600_syn_full_bucket_equal,2015-04-30,278.589,137.359,202.916
stoxx600,old,stoxx600_syn_full_bucket_equal,2015-05-29,285.971,138.743,206.711
stoxx600,old,stoxx600_syn_full_bucket_equal,2015-06-30,277.996,132.072,197.493
stoxx600,old,stoxx600_syn_full_bucket_equal,2015-07-31,290.234,134.143,205.289
stoxx600,old,stoxx600_syn_full_bucket_equal,2015-08-31,270.656,121.564,188.331
stoxx600,old,stoxx600_syn_full_bucket_equal,2015-09-30,264.441,113.204,180.759
stoxx600,old,stoxx600_syn_full_bucket_equal,2015-10-30,284.585,122.788,195.266
stoxx600,old,stoxx600_syn_full_bucket_equal,2015-11-30,296.309,124.983,200.857
stoxx600,old,stoxx600_syn_full_bucket_equal,2015-12-31,288.74,117.958,190.935
stoxx600,old,stoxx600_syn_full_bucket_equal,2016-01-29,270.525,110.313,178.743
stoxx600,old,stoxx600_syn_full_bucket_equal,2016-02-29,264.376,109.368,174.503
stoxx600,old,stoxx600_syn_full_bucket_equal,2016-03-31,271.52,110.901,177.072
stoxx600,old,stoxx600_syn_full_bucket_equal,2016-04-29,272.025,114.17,180.601
stoxx600,old,stoxx600_syn_full_bucket_equal,2016-05-31,281.97,114.76,185.47
stoxx600,old,stoxx600_syn_full_bucket_equal,2016-06-30,269.034,109.117,176.123
stoxx600,old,stoxx600_syn_full_bucket_equal,2016-07-29,282.423,114.164,182.661
stoxx600,old,stoxx600_syn_full_bucket_equal,2016-08-31,283.898,114.772,184.049
stoxx600,old,stoxx600_syn_full_bucket_equal,2016-09-30,287.316,112.334,183.996
stoxx600,old,stoxx600_syn_full_bucket_equal,2016-10-31,287.767,110.578,182.253
stoxx600,old,stoxx600_syn_full_bucket_equal,2016-11-30,290.103,113.339,183.919
stoxx600,old,stoxx600_syn_full_bucket_equal,2016-12-30,304.159,121.27,194.45
stoxx600,old,stoxx600_syn_full_bucket_equal,2017-01-31,306.075,118.969,193.943
stoxx600,old,stoxx600_syn_full_bucket_equal,2017-02-28,313.186,122.914,199.782
stoxx600,old,stoxx600_syn_full_bucket_equal,2017-03-31,322.25,127.68,206.767
stoxx600,old,stoxx600_syn_full_bucket_equal,2017-04-28,331.026,130.513,211.088
stoxx600,old,stoxx600_syn_full_bucket_equal,2017-05-31,332.52,133.352,214.466
stoxx600,old,stoxx600_syn_full_bucket_equal,2017-06-30,325.617,129.115,209.301
stoxx600,old,stoxx600_syn_full_bucket_equal,2017-07-31,331.776,126.492,208.764
stoxx600,old,stoxx600_syn_full_bucket_equal,2017-08-31,334.053,124.345,206.672
stoxx600,old,stoxx600_syn_full_bucket_equal,2017-09-29,346.506,128.58,214.732
stoxx600,old,stoxx600_syn_full_bucket_equal,2017-10-31,354.559,130.488,218.779
stoxx600,old,stoxx600_syn_full_bucket_equal,2017-11-30,347.809,125.974,214.271
stoxx600,old,stoxx600_syn_full_bucket_equal,2017-12-29,349.153,126.368,215.825
stoxx600,old,stoxx600_syn_full_bucket_equal,2018-01-31,362.276,126.326,219.351
stoxx600,old,stoxx600_syn_full_bucket_equal,2018-02-28,348.277,122.981,211.032
stoxx600,old,stoxx600_syn_full_bucket_equal,2018-03-29,345.856,119.079,206.809
stoxx600,old,stoxx600_syn_full_bucket_equal,2018-04-30,366.142,123.419,216.395
stoxx600,old,stoxx600_syn_full_bucket_equal,2018-05-31,365.079,123.732,216.452
stoxx600,old,stoxx600_syn_full_bucket_equal,2018-06-29,363.99,123.094,215.369
stoxx600,old,stoxx600_syn_full_bucket_equal,2018-07-31,377.589,126.714,222.08
stoxx600,old,stoxx600_syn_full_bucket_equal,2018-08-31,378.598,123.874,217.066
stoxx600,old,stoxx600_syn_full_bucket_equal,2018-09-28,378.131,124.032,217.781
stoxx600,old,stoxx600_syn_full_bucket_equal,2018-10-31,350.797,116.087,205.962
stoxx600,old,stoxx600_syn_full_bucket_equal,2018-11-30,342.094,117.767,204.106
stoxx600,old,stoxx600_syn_full_bucket_equal,2018-12-31,326.372,108.495,192.928
stoxx600,old,stoxx600_syn_full_bucket_equal,2019-01-31,353.124,114.589,205.083
stoxx600,old,stoxx600_syn_full_bucket_equal,2019-02-28,364.253,119.966,213.655
stoxx600,old,stoxx600_syn_full_bucket_equal,2019-03-29,376.93,120.256,217.933
stoxx600,old,stoxx600_syn_full_bucket_equal,2019-04-30,387.61,126.23,226.217
stoxx600,old,stoxx600_syn_full_bucket_equal,2019-05-31,377.748,115.476,215.456
stoxx600,old,stoxx600_syn_full_bucket_equal,2019-06-28,394.289,119.26,224.949
stoxx600,old,stoxx600_syn_full_bucket_equal,2019-07-31,396.291,118.986,225.55
stoxx600,old,stoxx600_syn_full_bucket_equal,2019-08-30,393.504,116.017,222.187
stoxx600,old,stoxx600_syn_full_bucket_equal,2019-09-30,407.389,122.019,230.473
stoxx600,old,stoxx600_syn_full_bucket_equal,2019-10-31,405.235,126.072,233.052
stoxx600,old,stoxx600_syn_full_bucket_equal,2019-11-29,420.258,128.643,239.483
stoxx600,old,stoxx600_syn_full_bucket_equal,2019-12-31,429.375,131.732,244.775
stoxx600,old,stoxx600_syn_full_bucket_equal,2020-01-31,432.803,128.242,242.233
stoxx600,old,stoxx600_syn_full_bucket_equal,2020-02-28,405.256,117.314,222.339
stoxx600,old,stoxx600_syn_full_bucket_equal,2020-03-31,347.868,96.627,189.731
stoxx600,old,stoxx600_syn_full_bucket_equal,2020-04-30,373.382,103.844,202.548
stoxx600,old,stoxx600_syn_full_bucket_equal,2020-05-29,395.661,107.679,209.874
stoxx600,old,stoxx600_syn_full_bucket_equal,2020-06-30,401.195,110.345,216.742
stoxx600,old,stoxx600_syn_full_bucket_equal,2020-07-31,410.625,106.878,214.582
stoxx600,old,stoxx600_syn_full_bucket_equal,2020-08-31,428.383,110.766,221.285
stoxx600,old,stoxx600_syn_full_bucket_equal,2020-09-30,427.585,106.065,217.885
stoxx600,old,stoxx600_syn_full_bucket_equal,2020-10-30,413.754,99.47,206.71
stoxx600,old,stoxx600_syn_full_bucket_equal,2020-11-30,448.781,120.054,235.595
stoxx600,old,stoxx600_syn_full_bucket_equal,2020-12-31,462.934,122.697,241.971
stoxx600,old,stoxx600_syn_full_bucket_equal,2021-01-29,470.283,120.463,240.15
stoxx600,old,stoxx600_syn_full_bucket_equal,2021-02-26,480.391,124.17,245.916
stoxx600,old,stoxx600_syn_full_bucket_equal,2021-03-31,515.923,131.596,261.816
stoxx600,old,stoxx600_syn_full_bucket_equal,2021-04-30,531.147,134.167,268.068
stoxx600,old,stoxx600_syn_full_bucket_equal,2021-05-31,551.139,137.024,275.307
stoxx600,old,stoxx600_syn_full_bucket_equal,2021-06-30,556.271,140.732,279.405
stoxx600,old,stoxx600_syn_full_bucket_equal,2021-07-30,568.869,143.035,285.092
stoxx600,old,stoxx600_syn_full_bucket_equal,2021-08-31,582.243,145.21,290.616
stoxx600,old,stoxx600_syn_full_bucket_equal,2021-09-30,572.399,138.245,281.58
stoxx600,old,stoxx600_syn_full_bucket_equal,2021-10-29,599.8,142.338,294.726
stoxx600,old,stoxx600_syn_full_bucket_equal,2021-11-30,585.185,137.37,287.217
stoxx600,old,stoxx600_syn_full_bucket_equal,2021-12-31,620.274,142.688,302.144
stoxx600,old,stoxx600_syn_full_bucket_equal,2022-01-31,572.394,134.624,291.539
stoxx600,old,stoxx600_syn_full_bucket_equal,2022-02-28,545.635,129.959,282.227
stoxx600,old,stoxx600_syn_full_bucket_equal,2022-03-31,572.743,127.284,285.66
stoxx600,old,stoxx600_syn_full_bucket_equal,2022-04-29,578.253,125.767,284.142
stoxx600,old,stoxx600_syn_full_bucket_equal,2022-05-31,566.621,125.933,282.145
stoxx600,old,stoxx600_syn_full_bucket_equal,2022-06-30,523.12,110.647,260.102
stoxx600,old,stoxx600_syn_full_bucket_equal,2022-07-29,563.987,115.398,280.199
stoxx600,old,stoxx600_syn_full_bucket_equal,2022-08-31,545.778,104.979,266.045
stoxx600,old,stoxx600_syn_full_bucket_equal,2022-09-30,510.026,97.388,248.982
stoxx600,old,stoxx600_syn_full_bucket_equal,2022-10-31,551.16,102.726,264.608
stoxx600,old,stoxx600_syn_full_bucket_equal,2022-11-30,579.937,111.293,283.061
stoxx600,old,stoxx600_syn_full_bucket_equal,2022-12-30,564.859,108.638,273.397
stoxx600,old,stoxx600_syn_full_bucket_equal,2023-01-31,589.794,116.416,291.739
stoxx600,old,stoxx600_syn_full_bucket_equal,2023-02-28,605.376,111.602,297.564
stoxx600,old,stoxx600_syn_full_bucket_equal,2023-03-31,623.599,111.095,297.02
stoxx600,old,stoxx600_syn_full_bucket_equal,2023-04-28,637.417,115.048,304.747
stoxx600,old,stoxx600_syn_full_bucket_equal,2023-05-31,628.165,109.166,297.592
stoxx600,old,stoxx600_syn_full_bucket_equal,2023-06-30,629.099,109.874,304.793
stoxx600,old,stoxx600_syn_full_bucket_equal,2023-07-31,639.705,116.11,311.284
stoxx600,old,stoxx600_syn_full_bucket_equal,2023-08-31,644.832,111.874,303.417
stoxx600,old,stoxx600_syn_full_bucket_equal,2023-09-29,628.274,106.875,298.631
stoxx600,old,stoxx600_syn_full_bucket_equal,2023-10-31,614.007,101.92,287.931
stoxx600,old,stoxx600_syn_full_bucket_equal,2023-11-30,665.378,108.723,307.005
stoxx600,old,stoxx600_syn_full_bucket_equal,2023-12-29,687.772,116.182,318.642
stoxx600,old,stoxx600_syn_full_bucket_equal,2024-01-31,699.34,115.183,323.215
stoxx600,old,stoxx600_syn_full_bucket_equal,2024-02-29,711.889,113.984,329.133
stoxx600,old,stoxx600_syn_full_bucket_equal,2024-03-28,755.846,118.984,343.062
stoxx600,old,stoxx600_syn_full_bucket_equal,2024-04-30,758.89,117.939,340.495
stoxx600,old,stoxx600_syn_full_bucket_equal,2024-05-31,793.259,122.07,352.666
stoxx600,old,stoxx600_syn_full_bucket_equal,2024-06-28,777.205,118.833,348.891
stoxx600,old,stoxx600_syn_full_bucket_equal,2024-07-31,776.848,121.47,354.064
stoxx600,old,stoxx600_syn_full_bucket_equal,2024-08-30,789.595,121.527,359.738
stoxx600,old,stoxx600_syn_full_bucket_equal,2024-09-30,803.396,123.852,358.64
stoxx600,old,stoxx600_syn_full_bucket_equal,2024-10-31,774.404,117.142,347.099
stoxx600,old,stoxx600_syn_full_bucket_equal,2024-11-29,794.908,114.518,351.269
stoxx600,old,stoxx600_syn_full_bucket_equal,2024-12-31,781.079,114.316,351.237
stoxx600,old,stoxx600_syn_full_bucket_equal,2025-01-31,826.254,121.473,375.854
stoxx600,old,stoxx600_syn_full_bucket_equal,2025-02-28,868.483,123.083,388.785
stoxx600,old,stoxx600_syn_full_bucket_equal,2025-03-31,822.956,112.293,374.026
stoxx600,old,stoxx600_syn_full_bucket_equal,2025-04-30,844.917,110.774,371.945
stoxx600,old,stoxx600_syn_full_bucket_equal,2025-05-30,905.841,115.841,392.984
stoxx600,old,stoxx600_syn_full_bucket_equal,2025-06-30,905.361,114.614,388.334
stoxx600,old,stoxx600_syn_full_bucket_equal,2025-07-31,933.982,117.831,392.285
stoxx600,old,stoxx600_syn_full_bucket_equal,2025-08-29,932.972,120.041,396.218
stoxx600,old,stoxx600_syn_full_bucket_equal,2025-09-30,961.26,119.524,402.6
stoxx600,old,stoxx600_syn_full_bucket_equal,2025-10-31,989.471,121.092,413.005
stoxx600,old,stoxx600_syn_full_bucket_equal,2025-11-28,995.352,121.936,416.968
stoxx600,old,stoxx600_syn_full_bucket_equal,2025-12-31,1020.994,126.286,428.463
stoxx600,old,stoxx600_syn_full_bucket_equal,2026-01-30,1054.579,130.305,442.119
stoxx600,old,stoxx600_syn_full_bucket_equal,2026-02-27,1074.296,133.72,458.976
stoxx600,old,stoxx600_syn_full_bucket_equal,2026-03-31,980.611,124.96,423.979
stoxx600,old,stoxx600_syn_full_bucket_equal,2026-04-30,1054.089,133.224,446.34
stoxx600,old,stoxx600_syn_full_bucket_equal,2026-05-29,1092.038,139.716,461.205
stoxx600,old,stoxx600_syn_full_bucket_equal,2026-06-30,1119.206,141.577,471.198
stoxx600,old,stoxx600_syn_full_bucket_equal,2026-07-02,1128.26,143.993,477.096
stoxx600,new,stoxx_ext_country_quality_repair,2010-02-02,100.0,100.0,100.0
stoxx600,new,stoxx_ext_country_quality_repair,2010-02-26,97.77703,98.26317,98.09107
stoxx600,new,stoxx_ext_country_quality_repair,2010-03-31,105.17387,105.56349,105.57476
stoxx600,new,stoxx_ext_country_quality_repair,2010-04-30,106.8317,106.51313,104.64334
stoxx600,new,stoxx_ext_country_quality_repair,2010-05-31,102.03059,100.85799,99.69622
stoxx600,new,stoxx_ext_country_quality_repair,2010-06-30,101.46253,100.5313,99.16531
stoxx600,new,stoxx_ext_country_quality_repair,2010-07-30,105.34243,101.71325,104.23967
stoxx600,new,stoxx_ext_country_quality_repair,2010-08-31,104.94005,100.60664,102.8577
stoxx600,new,stoxx_ext_country_quality_repair,2010-09-30,109.32221,104.82407,106.44317
stoxx600,new,stoxx_ext_country_quality_repair,2010-10-29,112.77687,106.2985,109.21772
stoxx600,new,stoxx_ext_country_quality_repair,2010-11-30,115.71721,106.29614,107.61215
stoxx600,new,stoxx_ext_country_quality_repair,2010-12-31,121.95868,112.43716,113.3364
stoxx600,new,stoxx_ext_country_quality_repair,2011-01-31,122.55352,111.04853,115.35124
stoxx600,new,stoxx_ext_country_quality_repair,2011-02-28,125.44568,112.97289,118.18377
stoxx600,new,stoxx_ext_country_quality_repair,2011-03-31,123.22077,111.47303,114.22682
stoxx600,new,stoxx_ext_country_quality_repair,2011-04-29,129.1053,115.4091,118.2314
stoxx600,new,stoxx_ext_country_quality_repair,2011-05-31,130.49979,115.79209,118.31864
stoxx600,new,stoxx_ext_country_quality_repair,2011-06-30,128.00071,113.13091,115.20136
stoxx600,new,stoxx_ext_country_quality_repair,2011-07-29,127.42266,109.10282,112.00635
stoxx600,new,stoxx_ext_country_quality_repair,2011-08-31,117.32657,96.21191,100.36182
stoxx600,new,stoxx_ext_country_quality_repair,2011-09-30,112.10273,91.31261,95.53779
stoxx600,new,stoxx_ext_country_quality_repair,2011-10-31,123.10769,98.69043,103.00619
stoxx600,new,stoxx_ext_country_quality_repair,2011-11-30,124.21709,97.00855,101.66607
stoxx600,new,stoxx_ext_country_quality_repair,2011-12-30,126.20097,98.89142,103.37987
stoxx600,new,stoxx_ext_country_quality_repair,2012-01-31,132.24216,102.43327,107.7346
stoxx600,new,stoxx_ext_country_quality_repair,2012-02-29,137.45448,105.31498,112.35208
stoxx600,new,stoxx_ext_country_quality_repair,2012-03-30,139.87424,105.42133,112.30761
stoxx600,new,stoxx_ext_country_quality_repair,2012-04-30,139.87878,102.07596,110.47916
stoxx600,new,stoxx_ext_country_quality_repair,2012-05-31,135.04058,95.61194,103.79378
stoxx600,new,stoxx_ext_country_quality_repair,2012-06-29,140.79236,99.08278,109.18566
stoxx600,new,stoxx_ext_country_quality_repair,2012-07-31,149.18684,103.5919,113.8245
stoxx600,new,stoxx_ext_country_quality_repair,2012-08-31,153.05452,104.55346,116.4562
stoxx600,new,stoxx_ext_country_quality_repair,2012-09-28,155.66054,104.97345,117.67321
stoxx600,new,stoxx_ext_country_quality_repair,2012-10-31,155.92051,106.05004,118.41418
stoxx600,new,stoxx_ext_country_quality_repair,2012-11-30,160.53901,107.01921,121.14087
stoxx600,new,stoxx_ext_country_quality_repair,2012-12-31,162.77186,109.41607,123.08011
stoxx600,new,stoxx_ext_country_quality_repair,2013-01-31,168.14563,109.65167,126.56314
stoxx600,new,stoxx_ext_country_quality_repair,2013-02-28,173.99611,113.83307,128.12555
stoxx600,new,stoxx_ext_country_quality_repair,2013-03-28,178.12703,115.85676,130.21135
stoxx600,new,stoxx_ext_country_quality_repair,2013-04-30,178.50726,117.23474,132.42943
stoxx600,new,stoxx_ext_country_quality_repair,2013-05-31,185.29176,119.53537,135.31143
stoxx600,new,stoxx_ext_country_quality_repair,2013-06-28,176.74351,113.29443,128.51076
stoxx600,new,stoxx_ext_country_quality_repair,2013-07-31,188.61708,119.87442,135.18035
stoxx600,new,stoxx_ext_country_quality_repair,2013-08-30,187.53243,118.86453,134.3512
stoxx600,new,stoxx_ext_country_quality_repair,2013-09-30,195.74446,124.59374,140.60916
stoxx600,new,stoxx_ext_country_quality_repair,2013-10-31,204.31643,129.16958,146.32903
stoxx600,new,stoxx_ext_country_quality_repair,2013-11-29,208.43517,131.59732,147.94939
stoxx600,new,stoxx_ext_country_quality_repair,2013-12-31,212.33166,132.33067,149.46924
stoxx600,new,stoxx_ext_country_quality_repair,2014-01-31,211.99936,132.80384,146.97335
stoxx600,new,stoxx_ext_country_quality_repair,2014-02-28,224.19195,138.91563,154.24224
stoxx600,new,stoxx_ext_country_quality_repair,2014-03-31,220.5478,135.37721,153.01372
stoxx600,new,stoxx_ext_country_quality_repair,2014-04-30,224.57373,136.27217,155.63455
stoxx600,new,stoxx_ext_country_quality_repair,2014-05-30,233.63932,138.94624,160.04795
stoxx600,new,stoxx_ext_country_quality_repair,2014-06-30,232.53548,136.48792,159.25915
stoxx600,new,stoxx_ext_country_quality_repair,2014-07-31,225.51606,130.93899,156.89426
stoxx600,new,stoxx_ext_country_quality_repair,2014-08-29,229.82271,132.90084,160.0759
stoxx600,new,stoxx_ext_country_quality_repair,2014-09-30,231.11671,131.60851,160.83428
stoxx600,new,stoxx_ext_country_quality_repair,2014-10-31,227.7861,131.04531,158.10542
stoxx600,new,stoxx_ext_country_quality_repair,2014-11-28,238.40081,135.86996,163.47063
stoxx600,new,stoxx_ext_country_quality_repair,2014-12-31,237.77372,133.81048,161.20874
stoxx600,new,stoxx_ext_country_quality_repair,2015-01-30,259.09437,143.41473,172.73385
stoxx600,new,stoxx_ext_country_quality_repair,2015-02-27,278.22902,151.86365,184.7235
stoxx600,new,stoxx_ext_country_quality_repair,2015-03-31,283.22122,153.717,188.20792
stoxx600,new,stoxx_ext_country_quality_repair,2015-04-30,284.81809,154.19081,188.5772
stoxx600,new,stoxx_ext_country_quality_repair,2015-05-29,289.73484,156.77768,192.10367
stoxx600,new,stoxx_ext_country_quality_repair,2015-06-30,275.29215,149.63459,183.53685
stoxx600,new,stoxx_ext_country_quality_repair,2015-07-31,287.91677,153.03043,190.78229
stoxx600,new,stoxx_ext_country_quality_repair,2015-08-31,267.05776,140.4102,175.02245
stoxx600,new,stoxx_ext_country_quality_repair,2015-09-30,257.42218,133.78748,167.98581
stoxx600,new,stoxx_ext_country_quality_repair,2015-10-30,280.78026,144.80911,181.46766
stoxx600,new,stoxx_ext_country_quality_repair,2015-11-30,294.75859,147.77295,186.66355
stoxx600,new,stoxx_ext_country_quality_repair,2015-12-31,282.34822,140.88087,177.44256
stoxx600,new,stoxx_ext_country_quality_repair,2016-01-29,270.39262,132.39304,166.11231
stoxx600,new,stoxx_ext_country_quality_repair,2016-02-29,267.02562,130.20054,162.17207
stoxx600,new,stoxx_ext_country_quality_repair,2016-03-31,271.33681,133.87281,164.55895
stoxx600,new,stoxx_ext_country_quality_repair,2016-04-29,274.06683,135.36109,167.83894
stoxx600,new,stoxx_ext_country_quality_repair,2016-05-31,282.53519,138.5284,172.36367
stoxx600,new,stoxx_ext_country_quality_repair,2016-06-30,272.42989,133.60251,163.67728
stoxx600,new,stoxx_ext_country_quality_repair,2016-07-29,284.77562,137.76722,169.75357
stoxx600,new,stoxx_ext_country_quality_repair,2016-08-31,287.48837,135.87702,171.04348
stoxx600,new,stoxx_ext_country_quality_repair,2016-09-30,291.38662,137.41787,170.99391
stoxx600,new,stoxx_ext_country_quality_repair,2016-10-31,286.35397,133.18786,169.37442
stoxx600,new,stoxx_ext_country_quality_repair,2016-11-30,286.19668,134.17962,170.92275
stoxx600,new,stoxx_ext_country_quality_repair,2016-12-30,303.1545,141.21314,180.70879
stoxx600,new,stoxx_ext_country_quality_repair,2017-01-31,305.54473,140.39768,180.23822
stoxx600,new,stoxx_ext_country_quality_repair,2017-02-28,318.05986,145.85989,185.66466
stoxx600,new,stoxx_ext_country_quality_repair,2017-03-31,328.82504,149.62993,192.15601
stoxx600,new,stoxx_ext_country_quality_repair,2017-04-28,339.38138,152.01356,196.1715
stoxx600,new,stoxx_ext_country_quality_repair,2017-05-31,344.30731,154.27855,199.31095
stoxx600,new,stoxx_ext_country_quality_repair,2017-06-30,331.72388,150.49046,194.51058
stoxx600,new,stoxx_ext_country_quality_repair,2017-07-31,336.73304,146.50411,194.01177
stoxx600,new,stoxx_ext_country_quality_repair,2017-08-31,339.28904,144.16563,192.06723
stoxx600,new,stoxx_ext_country_quality_repair,2017-09-29,351.5301,148.66366,199.55771
stoxx600,new,stoxx_ext_country_quality_repair,2017-10-31,359.46607,150.79335,203.31909
stoxx600,new,stoxx_ext_country_quality_repair,2017-11-30,352.9215,147.67842,199.12925
stoxx600,new,stoxx_ext_country_quality_repair,2017-12-29,356.28242,144.58215,200.57406
stoxx600,new,stoxx_ext_country_quality_repair,2018-01-31,365.12356,146.64497,203.85084
stoxx600,new,stoxx_ext_country_quality_repair,2018-02-28,356.9132,140.87517,196.11895
stoxx600,new,stoxx_ext_country_quality_repair,2018-03-29,357.95598,136.90166,192.1949
stoxx600,new,stoxx_ext_country_quality_repair,2018-04-30,378.33824,142.90006,201.10312
stoxx600,new,stoxx_ext_country_quality_repair,2018-05-31,386.61756,143.34666,201.15608
stoxx600,new,stoxx_ext_country_quality_repair,2018-06-29,378.50859,140.40879,200.14991
stoxx600,new,stoxx_ext_country_quality_repair,2018-07-31,392.6401,142.26045,206.38703
stoxx600,new,stoxx_ext_country_quality_repair,2018-08-31,391.93749,139.19439,201.7265
stoxx600,new,stoxx_ext_country_quality_repair,2018-09-28,391.77131,139.22354,202.39169
stoxx600,new,stoxx_ext_country_quality_repair,2018-10-31,370.33532,131.02899,191.40773
stoxx600,new,stoxx_ext_country_quality_repair,2018-11-30,359.62139,129.80628,189.68311
stoxx600,new,stoxx_ext_country_quality_repair,2018-12-31,337.87679,122.38244,179.2943
stoxx600,new,stoxx_ext_country_quality_repair,2019-01-31,360.14949,128.9427,190.59065
stoxx600,new,stoxx_ext_country_quality_repair,2019-02-28,374.14506,132.31274,198.5566
stoxx600,new,stoxx_ext_country_quality_repair,2019-03-29,387.32409,137.16759,202.53249
stoxx600,new,stoxx_ext_country_quality_repair,2019-04-30,397.33399,141.76463,210.23134
stoxx600,new,stoxx_ext_country_quality_repair,2019-05-31,385.26807,135.88724,200.23053
stoxx600,new,stoxx_ext_country_quality_repair,2019-06-28,402.92548,142.99537,209.05288
stoxx600,new,stoxx_ext_country_quality_repair,2019-07-31,409.35165,144.06593,209.61124
stoxx600,new,stoxx_ext_country_quality_repair,2019-08-30,409.36673,142.69322,206.48601
stoxx600,new,stoxx_ext_country_quality_repair,2019-09-30,419.81097,146.85651,214.1865
stoxx600,new,stoxx_ext_country_quality_repair,2019-10-31,426.61125,150.07113,216.58308
stoxx600,new,stoxx_ext_country_quality_repair,2019-11-29,447.11266,154.15425,222.56001
stoxx600,new,stoxx_ext_country_quality_repair,2019-12-31,453.37472,158.09016,227.47777
stoxx600,new,stoxx_ext_country_quality_repair,2020-01-31,457.47033,155.76588,225.1154
stoxx600,new,stoxx_ext_country_quality_repair,2020-02-28,425.64587,141.71558,206.62688
stoxx600,new,stoxx_ext_country_quality_repair,2020-03-31,370.84781,121.08582,176.32323
stoxx600,new,stoxx_ext_country_quality_repair,2020-04-30,401.91935,130.638,188.23507
stoxx600,new,stoxx_ext_country_quality_repair,2020-05-29,421.50847,135.28739,195.04282
stoxx600,new,stoxx_ext_country_quality_repair,2020-06-30,434.09817,138.10845,201.42569
stoxx600,new,stoxx_ext_country_quality_repair,2020-07-31,440.83067,135.13168,199.41841
stoxx600,new,stoxx_ext_country_quality_repair,2020-08-31,459.88413,140.44105,205.64764
stoxx600,new,stoxx_ext_country_quality_repair,2020-09-30,461.49597,138.14239,202.48811
stoxx600,new,stoxx_ext_country_quality_repair,2020-10-30,438.56236,127.09538,192.10321
stoxx600,new,stoxx_ext_country_quality_repair,2020-11-30,486.59896,145.66461,218.94662
stoxx600,new,stoxx_ext_country_quality_repair,2020-12-31,500.78574,153.04035,224.87177
stoxx600,new,stoxx_ext_country_quality_repair,2021-01-29,498.62797,151.36091,223.1795
stoxx600,new,stoxx_ext_country_quality_repair,2021-02-26,504.98814,153.62298,228.53847
stoxx600,new,stoxx_ext_country_quality_repair,2021-03-31,546.17372,162.36739,243.31506
stoxx600,new,stoxx_ext_country_quality_repair,2021-04-30,564.38682,164.74014,249.12466
stoxx600,new,stoxx_ext_country_quality_repair,2021-05-31,592.43139,168.08892,255.85197
stoxx600,new,stoxx_ext_country_quality_repair,2021-06-30,605.55405,171.51994,259.6607
stoxx600,new,stoxx_ext_country_quality_repair,2021-07-30,626.2986,174.05979,264.94614
stoxx600,new,stoxx_ext_country_quality_repair,2021-08-31,636.54682,178.81917,270.07977
stoxx600,new,stoxx_ext_country_quality_repair,2021-09-30,619.72335,171.08006,261.68242
stoxx600,new,stoxx_ext_country_quality_repair,2021-10-29,651.64517,176.1577,273.89871
stoxx600,new,stoxx_ext_country_quality_repair,2021-11-30,648.27367,167.64554,266.92097
stoxx600,new,stoxx_ext_country_quality_repair,2021-12-31,686.12257,176.2952,280.79264
stoxx600,new,stoxx_ext_country_quality_repair,2022-01-31,655.63013,163.33668,270.93767
stoxx600,new,stoxx_ext_country_quality_repair,2022-02-28,653.86484,156.48005,262.28313
stoxx600,new,stoxx_ext_country_quality_repair,2022-03-31,677.12336,154.62248,265.47397
stoxx600,new,stoxx_ext_country_quality_repair,2022-04-29,690.29559,156.63693,264.06333
stoxx600,new,stoxx_ext_country_quality_repair,2022-05-31,681.10651,154.26287,262.20735
stoxx600,new,stoxx_ext_country_quality_repair,2022-06-30,616.736,138.67477,241.72192
stoxx600,new,stoxx_ext_country_quality_repair,2022-07-29,667.19852,145.35995,260.39821
stoxx600,new,stoxx_ext_country_quality_repair,2022-08-31,634.19966,134.47928,247.24463
stoxx600,new,stoxx_ext_country_quality_repair,2022-09-30,594.88408,124.10038,231.38761
stoxx600,new,stoxx_ext_country_quality_repair,2022-10-31,639.24441,128.92121,245.90984
stoxx600,new,stoxx_ext_country_quality_repair,2022-11-30,686.08345,137.16092,263.05835
stoxx600,new,stoxx_ext_country_quality_repair,2022-12-30,666.45941,131.75616,254.07721
stoxx600,new,stoxx_ext_country_quality_repair,2023-01-31,691.07568,141.71504,271.12271
stoxx600,new,stoxx_ext_country_quality_repair,2023-02-28,700.77438,142.54832,276.53649
stoxx600,new,stoxx_ext_country_quality_repair,2023-03-31,715.07453,142.76204,276.0311
stoxx600,new,stoxx_ext_country_quality_repair,2023-04-28,725.63787,146.31696,283.21206
stoxx600,new,stoxx_ext_country_quality_repair,2023-05-31,716.1263,141.66869,276.56302
stoxx600,new,stoxx_ext_country_quality_repair,2023-06-30,718.78501,140.60359,283.25433
stoxx600,new,stoxx_ext_country_quality_repair,2023-07-31,738.43876,143.33816,289.28666
stoxx600,new,stoxx_ext_country_quality_repair,2023-08-31,736.04944,137.3388,281.97611
stoxx600,new,stoxx_ext_country_quality_repair,2023-09-29,739.55411,129.40251,277.52771
stoxx600,new,stoxx_ext_country_quality_repair,2023-10-31,713.50827,123.77677,267.58427
stoxx600,new,stoxx_ext_country_quality_repair,2023-11-30,788.87889,129.67621,285.31058
stoxx600,new,stoxx_ext_country_quality_repair,2023-12-29,834.21873,137.16957,296.12526
stoxx600,new,stoxx_ext_country_quality_repair,2024-01-31,827.19947,135.55399,300.37478
stoxx600,new,stoxx_ext_country_quality_repair,2024-02-29,861.06134,136.74977,305.8748
stoxx600,new,stoxx_ext_country_quality_repair,2024-03-28,888.02221,141.64971,318.81925
stoxx600,new,stoxx_ext_country_quality_repair,2024-04-30,898.70468,141.18653,316.43335
stoxx600,new,stoxx_ext_country_quality_repair,2024-05-31,938.98249,147.97434,327.74468
stoxx600,new,stoxx_ext_country_quality_repair,2024-06-28,932.86744,144.28339,324.23659
stoxx600,new,stoxx_ext_country_quality_repair,2024-07-31,931.31437,142.77315,329.04352
stoxx600,new,stoxx_ext_country_quality_repair,2024-08-30,951.13176,142.50734,334.31731
stoxx600,new,stoxx_ext_country_quality_repair,2024-09-30,961.2911,144.4619,333.29677
stoxx600,new,stoxx_ext_country_quality_repair,2024-10-31,917.71885,137.33761,322.57105
stoxx600,new,stoxx_ext_country_quality_repair,2024-11-29,935.98214,135.73015,326.44661
stoxx600,new,stoxx_ext_country_quality_repair,2024-12-31,930.56458,135.82482,326.41656
stoxx600,new,stoxx_ext_country_quality_repair,2025-01-31,993.01756,143.97609,349.29418
stoxx600,new,stoxx_ext_country_quality_repair,2025-02-28,1021.06412,145.95996,361.31179
stoxx600,new,stoxx_ext_country_quality_repair,2025-03-31,971.01288,136.98036,347.59508
stoxx600,new,stoxx_ext_country_quality_repair,2025-04-30,961.74409,135.46402,345.66132
stoxx600,new,stoxx_ext_country_quality_repair,2025-05-30,1018.09143,144.79028,365.21343
stoxx600,new,stoxx_ext_country_quality_repair,2025-06-30,1008.01437,145.61876,360.8923
stoxx600,new,stoxx_ext_country_quality_repair,2025-07-31,1022.72494,144.90915,364.56426
stoxx600,new,stoxx_ext_country_quality_repair,2025-08-29,1034.22871,144.509,368.21951
stoxx600,new,stoxx_ext_country_quality_repair,2025-09-30,1037.03951,147.51081,374.1499
stoxx600,new,stoxx_ext_country_quality_repair,2025-10-31,1074.41894,150.26328,383.82015
stoxx600,new,stoxx_ext_country_quality_repair,2025-11-28,1093.33439,149.15537,387.50262
stoxx600,new,stoxx_ext_country_quality_repair,2025-12-31,1106.2468,153.44964,398.18539
stoxx600,new,stoxx_ext_country_quality_repair,2026-01-30,1126.90485,156.20499,410.87664
stoxx600,new,stoxx_ext_country_quality_repair,2026-02-27,1182.00545,163.7538,426.54267
stoxx600,new,stoxx_ext_country_quality_repair,2026-03-31,1085.16724,153.33061,394.01816
stoxx600,new,stoxx_ext_country_quality_repair,2026-04-30,1126.32584,160.25664,414.79922
stoxx600,new,stoxx_ext_country_quality_repair,2026-05-29,1147.34458,165.93578,428.61415
stoxx600,new,stoxx_ext_country_quality_repair,2026-06-30,1132.14994,165.50176,437.90106
stoxx600,new,stoxx_ext_country_quality_repair,2026-07-02,1158.5422,167.44252,443.38153
stoxx600,new,stoxx_ext_country_margin_improvement,2010-02-02,100.0,100.0,100.0
stoxx600,new,stoxx_ext_country_margin_improvement,2010-02-26,96.48751,96.4315,98.09107
stoxx600,new,stoxx_ext_country_margin_improvement,2010-03-31,106.02375,104.37763,105.57476
stoxx600,new,stoxx_ext_country_margin_improvement,2010-04-30,106.66932,104.46808,104.64334
stoxx600,new,stoxx_ext_country_margin_improvement,2010-05-31,100.18508,98.98215,99.69622
stoxx600,new,stoxx_ext_country_margin_improvement,2010-06-30,99.59232,98.88568,99.16531
stoxx600,new,stoxx_ext_country_margin_improvement,2010-07-30,106.10013,103.15748,104.23967
stoxx600,new,stoxx_ext_country_margin_improvement,2010-08-31,105.87285,101.24059,102.8577
stoxx600,new,stoxx_ext_country_margin_improvement,2010-09-30,110.03785,103.49869,106.44317
stoxx600,new,stoxx_ext_country_margin_improvement,2010-10-29,113.57665,105.38221,109.21772
stoxx600,new,stoxx_ext_country_margin_improvement,2010-11-30,112.30589,104.20343,107.61215
stoxx600,new,stoxx_ext_country_margin_improvement,2010-12-31,119.18825,110.07542,113.3364
stoxx600,new,stoxx_ext_country_margin_improvement,2011-01-31,123.34329,111.96096,115.35124
stoxx600,new,stoxx_ext_country_margin_improvement,2011-02-28,126.34744,113.09417,118.18377
stoxx600,new,stoxx_ext_country_margin_improvement,2011-03-31,121.88808,108.91876,114.22682
stoxx600,new,stoxx_ext_country_margin_improvement,2011-04-29,126.23522,111.56903,118.2314
stoxx600,new,stoxx_ext_country_margin_improvement,2011-05-31,126.62174,111.43955,118.31864
stoxx600,new,stoxx_ext_country_margin_improvement,2011-06-30,122.29502,107.80346,115.20136
stoxx600,new,stoxx_ext_country_margin_improvement,2011-07-29,121.35649,102.67432,112.00635
stoxx600,new,stoxx_ext_country_margin_improvement,2011-08-31,111.1826,89.75782,100.36182
stoxx600,new,stoxx_ext_country_margin_improvement,2011-09-30,105.80667,85.59461,95.53779
stoxx600,new,stoxx_ext_country_margin_improvement,2011-10-31,114.89924,91.11123,103.00619
stoxx600,new,stoxx_ext_country_margin_improvement,2011-11-30,114.5504,88.7981,101.66607
stoxx600,new,stoxx_ext_country_margin_improvement,2011-12-30,115.69916,89.4949,103.37987
stoxx600,new,stoxx_ext_country_margin_improvement,2012-01-31,121.31532,91.97568,107.7346
stoxx600,new,stoxx_ext_country_margin_improvement,2012-02-29,125.68349,94.1251,112.35208
stoxx600,new,stoxx_ext_country_margin_improvement,2012-03-30,124.80812,93.67352,112.30761
stoxx600,new,stoxx_ext_country_margin_improvement,2012-04-30,123.96145,90.74058,110.47916
stoxx600,new,stoxx_ext_country_margin_improvement,2012-05-31,115.83872,83.06259,103.79378
stoxx600,new,stoxx_ext_country_margin_improvement,2012-06-29,121.94269,88.20865,109.18566
stoxx600,new,stoxx_ext_country_margin_improvement,2012-07-31,129.93935,90.04455,113.8245
stoxx600,new,stoxx_ext_country_margin_improvement,2012-08-31,133.70754,92.71672,116.4562
stoxx600,new,stoxx_ext_country_margin_improvement,2012-09-28,136.23411,93.29893,117.67321
stoxx600,new,stoxx_ext_country_margin_improvement,2012-10-31,136.81215,93.19433,118.41418
stoxx600,new,stoxx_ext_country_margin_improvement,2012-11-30,140.29609,95.11176,121.14087
stoxx600,new,stoxx_ext_country_margin_improvement,2012-12-31,143.21294,96.29165,123.08011
stoxx600,new,stoxx_ext_country_margin_improvement,2013-01-31,147.9095,99.40108,126.56314
stoxx600,new,stoxx_ext_country_margin_improvement,2013-02-28,152.87894,100.22424,128.12555
stoxx600,new,stoxx_ext_country_margin_improvement,2013-03-28,156.46246,101.39331,130.21135
stoxx600,new,stoxx_ext_country_margin_improvement,2013-04-30,161.06537,102.32802,132.42943
stoxx600,new,stoxx_ext_country_margin_improvement,2013-05-31,167.81726,104.19484,135.31143
stoxx600,new,stoxx_ext_country_margin_improvement,2013-06-28,160.0146,98.6594,128.51076
stoxx600,new,stoxx_ext_country_margin_improvement,2013-07-31,170.70546,104.04524,135.18035
stoxx600,new,stoxx_ext_country_margin_improvement,2013-08-30,170.66278,103.50539,134.3512
stoxx600,new,stoxx_ext_country_margin_improvement,2013-09-30,180.32419,108.21866,140.60916
stoxx600,new,stoxx_ext_country_margin_improvement,2013-10-31,187.50623,112.1453,146.32903
stoxx600,new,stoxx_ext_country_margin_improvement,2013-11-29,192.23934,114.48604,147.94939
stoxx600,new,stoxx_ext_country_margin_improvement,2013-12-31,194.77768,116.04194,149.46924
stoxx600,new,stoxx_ext_country_margin_improvement,2014-01-31,194.89202,112.12266,146.97335
stoxx600,new,stoxx_ext_country_margin_improvement,2014-02-28,206.23985,116.84067,154.24224
stoxx600,new,stoxx_ext_country_margin_improvement,2014-03-31,203.15211,116.13482,153.01372
stoxx600,new,stoxx_ext_country_margin_improvement,2014-04-30,207.32966,118.75363,155.63455
stoxx600,new,stoxx_ext_country_margin_improvement,2014-05-30,214.75141,121.44895,160.04795
stoxx600,new,stoxx_ext_country_margin_improvement,2014-06-30,214.50869,120.45737,159.25915
stoxx600,new,stoxx_ext_country_margin_improvement,2014-07-31,212.5945,115.74725,156.89426
stoxx600,new,stoxx_ext_country_margin_improvement,2014-08-29,217.82009,116.70418,160.0759
stoxx600,new,stoxx_ext_country_margin_improvement,2014-09-30,218.507,115.46364,160.83428
stoxx600,new,stoxx_ext_country_margin_improvement,2014-10-31,215.81681,115.05208,158.10542
stoxx600,new,stoxx_ext_country_margin_improvement,2014-11-28,225.725,118.88478,163.47063
stoxx600,new,stoxx_ext_country_margin_improvement,2014-12-31,224.83188,117.05809,161.20874
stoxx600,new,stoxx_ext_country_margin_improvement,2015-01-30,239.54437,125.7254,172.73385
stoxx600,new,stoxx_ext_country_margin_improvement,2015-02-27,257.23139,134.0926,184.7235
stoxx600,new,stoxx_ext_country_margin_improvement,2015-03-31,262.9732,135.67532,188.20792
stoxx600,new,stoxx_ext_country_margin_improvement,2015-04-30,267.50289,136.59052,188.5772
stoxx600,new,stoxx_ext_country_margin_improvement,2015-05-29,271.65443,139.16298,192.10367
stoxx600,new,stoxx_ext_country_margin_improvement,2015-06-30,259.87277,133.04793,183.53685
stoxx600,new,stoxx_ext_country_margin_improvement,2015-07-31,269.27301,136.1972,190.78229
stoxx600,new,stoxx_ext_country_margin_improvement,2015-08-31,248.3028,125.69198,175.02245
stoxx600,new,stoxx_ext_country_margin_improvement,2015-09-30,236.09233,120.33444,167.98581
stoxx600,new,stoxx_ext_country_margin_improvement,2015-10-30,254.99934,129.54986,181.46766
stoxx600,new,stoxx_ext_country_margin_improvement,2015-11-30,267.15511,131.15247,186.66355
stoxx600,new,stoxx_ext_country_margin_improvement,2015-12-31,256.89572,124.94031,177.44256
stoxx600,new,stoxx_ext_country_margin_improvement,2016-01-29,242.82193,115.78429,166.11231
stoxx600,new,stoxx_ext_country_margin_improvement,2016-02-29,241.95563,113.20805,162.17207
stoxx600,new,stoxx_ext_country_margin_improvement,2016-03-31,242.17838,116.04735,164.55895
stoxx600,new,stoxx_ext_country_margin_improvement,2016-04-29,244.72772,117.56071,167.83894
stoxx600,new,stoxx_ext_country_margin_improvement,2016-05-31,252.24791,121.11249,172.36367
stoxx600,new,stoxx_ext_country_margin_improvement,2016-06-30,239.45608,114.74095,163.67728
stoxx600,new,stoxx_ext_country_margin_improvement,2016-07-29,252.28585,117.82706,169.75357
stoxx600,new,stoxx_ext_country_margin_improvement,2016-08-31,257.79193,118.09162,171.04348
stoxx600,new,stoxx_ext_country_margin_improvement,2016-09-30,257.44525,118.14877,170.99391
stoxx600,new,stoxx_ext_country_margin_improvement,2016-10-31,259.20763,116.39434,169.37442
stoxx600,new,stoxx_ext_country_margin_improvement,2016-11-30,259.7217,118.0889,170.92275
stoxx600,new,stoxx_ext_country_margin_improvement,2016-12-30,275.43967,124.66606,180.70879
stoxx600,new,stoxx_ext_country_margin_improvement,2017-01-31,277.23921,123.33758,180.23822
stoxx600,new,stoxx_ext_country_margin_improvement,2017-02-28,284.25103,126.95914,185.66466
stoxx600,new,stoxx_ext_country_margin_improvement,2017-03-31,293.19092,130.23916,192.15601
stoxx600,new,stoxx_ext_country_margin_improvement,2017-04-28,301.49122,132.3512,196.1715
stoxx600,new,stoxx_ext_country_margin_improvement,2017-05-31,303.17953,132.38543,199.31095
stoxx600,new,stoxx_ext_country_margin_improvement,2017-06-30,295.56236,128.63718,194.51058
stoxx600,new,stoxx_ext_country_margin_improvement,2017-07-31,303.11866,125.80003,194.01177
stoxx600,new,stoxx_ext_country_margin_improvement,2017-08-31,304.5799,123.74326,192.06723
stoxx600,new,stoxx_ext_country_margin_improvement,2017-09-29,317.24575,128.59931,199.55771
stoxx600,new,stoxx_ext_country_margin_improvement,2017-10-31,323.78429,130.27134,203.31909
stoxx600,new,stoxx_ext_country_margin_improvement,2017-11-30,317.48925,124.63559,199.12925
stoxx600,new,stoxx_ext_country_margin_improvement,2017-12-29,321.3105,124.85642,200.57406
stoxx600,new,stoxx_ext_country_margin_improvement,2018-01-31,328.99672,126.19648,203.85084
stoxx600,new,stoxx_ext_country_margin_improvement,2018-02-28,319.61601,121.3966,196.11895
stoxx600,new,stoxx_ext_country_margin_improvement,2018-03-29,317.02936,118.10685,192.1949
stoxx600,new,stoxx_ext_country_margin_improvement,2018-04-30,334.44321,122.87516,201.10312
stoxx600,new,stoxx_ext_country_margin_improvement,2018-05-31,332.36109,124.35199,201.15608
stoxx600,new,stoxx_ext_country_margin_improvement,2018-06-29,329.5988,121.82624,200.14991
stoxx600,new,stoxx_ext_country_margin_improvement,2018-07-31,341.56429,124.79536,206.38703
stoxx600,new,stoxx_ext_country_margin_improvement,2018-08-31,333.24658,121.47104,201.7265
stoxx600,new,stoxx_ext_country_margin_improvement,2018-09-28,334.36552,123.1371,202.39169
stoxx600,new,stoxx_ext_country_margin_improvement,2018-10-31,314.39022,116.65854,191.40773
stoxx600,new,stoxx_ext_country_margin_improvement,2018-11-30,308.61259,116.35623,189.68311
stoxx600,new,stoxx_ext_country_margin_improvement,2018-12-31,293.55497,108.45289,179.2943
stoxx600,new,stoxx_ext_country_margin_improvement,2019-01-31,312.91842,115.00099,190.59065
stoxx600,new,stoxx_ext_country_margin_improvement,2019-02-28,327.31244,119.44335,198.5566
stoxx600,new,stoxx_ext_country_margin_improvement,2019-03-29,332.97318,119.46986,202.53249
stoxx600,new,stoxx_ext_country_margin_improvement,2019-04-30,343.11347,124.62388,210.23134
stoxx600,new,stoxx_ext_country_margin_improvement,2019-05-31,328.8395,116.40098,200.23053
stoxx600,new,stoxx_ext_country_margin_improvement,2019-06-28,340.14858,123.11437,209.05288
stoxx600,new,stoxx_ext_country_margin_improvement,2019-07-31,343.33377,123.88692,209.61124
stoxx600,new,stoxx_ext_country_margin_improvement,2019-08-30,334.65595,120.06913,206.48601
stoxx600,new,stoxx_ext_country_margin_improvement,2019-09-30,344.83168,125.3326,214.1865
stoxx600,new,stoxx_ext_country_margin_improvement,2019-10-31,354.57908,129.5787,216.58308
stoxx600,new,stoxx_ext_country_margin_improvement,2019-11-29,367.67767,131.98417,222.56001
stoxx600,new,stoxx_ext_country_margin_improvement,2019-12-31,374.74381,135.68115,227.47777
stoxx600,new,stoxx_ext_country_margin_improvement,2020-01-31,370.98284,133.76563,225.1154
stoxx600,new,stoxx_ext_country_margin_improvement,2020-02-28,342.50667,121.58756,206.62688
stoxx600,new,stoxx_ext_country_margin_improvement,2020-03-31,284.41358,101.35092,176.32323
stoxx600,new,stoxx_ext_country_margin_improvement,2020-04-30,303.02455,108.20004,188.23507
stoxx600,new,stoxx_ext_country_margin_improvement,2020-05-29,316.42244,111.91171,195.04282
stoxx600,new,stoxx_ext_country_margin_improvement,2020-06-30,329.90706,114.7021,201.42569
stoxx600,new,stoxx_ext_country_margin_improvement,2020-07-31,331.84701,112.58424,199.41841
stoxx600,new,stoxx_ext_country_margin_improvement,2020-08-31,344.25869,116.37815,205.64764
stoxx600,new,stoxx_ext_country_margin_improvement,2020-09-30,342.45358,113.48769,202.48811
stoxx600,new,stoxx_ext_country_margin_improvement,2020-10-30,326.79608,107.77065,192.10321
stoxx600,new,stoxx_ext_country_margin_improvement,2020-11-30,372.49744,125.02955,218.94662
stoxx600,new,stoxx_ext_country_margin_improvement,2020-12-31,385.28242,129.84684,224.87177
stoxx600,new,stoxx_ext_country_margin_improvement,2021-01-29,385.23107,127.05075,223.1795
stoxx600,new,stoxx_ext_country_margin_improvement,2021-02-26,388.89156,131.55465,228.53847
stoxx600,new,stoxx_ext_country_margin_improvement,2021-03-31,414.4605,138.91915,243.31506
stoxx600,new,stoxx_ext_country_margin_improvement,2021-04-30,422.56465,140.09189,249.12466
stoxx600,new,stoxx_ext_country_margin_improvement,2021-05-31,443.55418,142.3485,255.85197
stoxx600,new,stoxx_ext_country_margin_improvement,2021-06-30,450.57335,142.66325,259.6607
stoxx600,new,stoxx_ext_country_margin_improvement,2021-07-30,462.08224,143.51615,264.94614
stoxx600,new,stoxx_ext_country_margin_improvement,2021-08-31,469.42919,146.36549,270.07977
stoxx600,new,stoxx_ext_country_margin_improvement,2021-09-30,459.45122,141.91054,261.68242
stoxx600,new,stoxx_ext_country_margin_improvement,2021-10-29,482.60794,145.46565,273.89871
stoxx600,new,stoxx_ext_country_margin_improvement,2021-11-30,477.10125,137.21565,266.92097
stoxx600,new,stoxx_ext_country_margin_improvement,2021-12-31,501.34988,142.37986,280.79264
stoxx600,new,stoxx_ext_country_margin_improvement,2022-01-31,488.49116,136.0581,270.93767
stoxx600,new,stoxx_ext_country_margin_improvement,2022-02-28,473.91755,131.95935,262.28313
stoxx600,new,stoxx_ext_country_margin_improvement,2022-03-31,478.41618,135.40532,265.47397
stoxx600,new,stoxx_ext_country_margin_improvement,2022-04-29,489.15423,135.72886,264.06333
stoxx600,new,stoxx_ext_country_margin_improvement,2022-05-31,481.16894,133.64684,262.20735
stoxx600,new,stoxx_ext_country_margin_improvement,2022-06-30,439.62464,119.24162,241.72192
stoxx600,new,stoxx_ext_country_margin_improvement,2022-07-29,470.90216,124.25789,260.39821
stoxx600,new,stoxx_ext_country_margin_improvement,2022-08-31,454.83335,117.49753,247.24463
stoxx600,new,stoxx_ext_country_margin_improvement,2022-09-30,430.19379,109.78622,231.38761
stoxx600,new,stoxx_ext_country_margin_improvement,2022-10-31,463.94094,116.73051,245.90984
stoxx600,new,stoxx_ext_country_margin_improvement,2022-11-30,498.00435,124.83507,263.05835
stoxx600,new,stoxx_ext_country_margin_improvement,2022-12-30,485.53987,119.01722,254.07721
stoxx600,new,stoxx_ext_country_margin_improvement,2023-01-31,500.64162,129.31594,271.12271
stoxx600,new,stoxx_ext_country_margin_improvement,2023-02-28,515.19737,129.65062,276.53649
stoxx600,new,stoxx_ext_country_margin_improvement,2023-03-31,511.42911,131.27091,276.0311
stoxx600,new,stoxx_ext_country_margin_improvement,2023-04-28,522.69378,134.01186,283.21206
stoxx600,new,stoxx_ext_country_margin_improvement,2023-05-31,517.338,130.66004,276.56302
stoxx600,new,stoxx_ext_country_margin_improvement,2023-06-30,521.08396,133.01455,283.25433
stoxx600,new,stoxx_ext_country_margin_improvement,2023-07-31,541.73205,138.70101,289.28666
stoxx600,new,stoxx_ext_country_margin_improvement,2023-08-31,517.72327,135.91013,281.97611
stoxx600,new,stoxx_ext_country_margin_improvement,2023-09-29,515.16493,131.23592,277.52771
stoxx600,new,stoxx_ext_country_margin_improvement,2023-10-31,495.04758,123.94627,267.58427
stoxx600,new,stoxx_ext_country_margin_improvement,2023-11-30,530.90353,132.15851,285.31058
stoxx600,new,stoxx_ext_country_margin_improvement,2023-12-29,550.77624,139.30153,296.12526
stoxx600,new,stoxx_ext_country_margin_improvement,2024-01-31,548.92594,136.9101,300.37478
stoxx600,new,stoxx_ext_country_margin_improvement,2024-02-29,566.85488,136.44067,305.8748
stoxx600,new,stoxx_ext_country_margin_improvement,2024-03-28,593.88347,142.3634,318.81925
stoxx600,new,stoxx_ext_country_margin_improvement,2024-04-30,600.56764,139.22784,316.43335
stoxx600,new,stoxx_ext_country_margin_improvement,2024-05-31,629.98495,146.15623,327.74468
stoxx600,new,stoxx_ext_country_margin_improvement,2024-06-28,615.63745,142.82282,324.23659
stoxx600,new,stoxx_ext_country_margin_improvement,2024-07-31,620.59991,140.75967,329.04352
stoxx600,new,stoxx_ext_country_margin_improvement,2024-08-30,634.49052,140.47529,334.31731
stoxx600,new,stoxx_ext_country_margin_improvement,2024-09-30,646.96697,140.14931,333.29677
stoxx600,new,stoxx_ext_country_margin_improvement,2024-10-31,631.15207,132.67387,322.57105
stoxx600,new,stoxx_ext_country_margin_improvement,2024-11-29,643.84329,130.21824,326.44661
stoxx600,new,stoxx_ext_country_margin_improvement,2024-12-31,632.00709,129.6463,326.41656
stoxx600,new,stoxx_ext_country_margin_improvement,2025-01-31,669.98836,136.26467,349.29418
stoxx600,new,stoxx_ext_country_margin_improvement,2025-02-28,690.93627,140.8272,361.31179
stoxx600,new,stoxx_ext_country_margin_improvement,2025-03-31,653.46533,133.1536,347.59508
stoxx600,new,stoxx_ext_country_margin_improvement,2025-04-30,647.07056,131.40553,345.66132
stoxx600,new,stoxx_ext_country_margin_improvement,2025-05-30,688.62537,139.4889,365.21343
stoxx600,new,stoxx_ext_country_margin_improvement,2025-06-30,682.41411,138.2726,360.8923
stoxx600,new,stoxx_ext_country_margin_improvement,2025-07-31,697.34294,140.56204,364.56426
stoxx600,new,stoxx_ext_country_margin_improvement,2025-08-29,703.89659,141.86068,368.21951
stoxx600,new,stoxx_ext_country_margin_improvement,2025-09-30,725.92046,143.44347,374.1499
stoxx600,new,stoxx_ext_country_margin_improvement,2025-10-31,756.40206,145.47445,383.82015
stoxx600,new,stoxx_ext_country_margin_improvement,2025-11-28,770.48716,145.49434,387.50262
stoxx600,new,stoxx_ext_country_margin_improvement,2025-12-31,789.79568,150.5146,398.18539
stoxx600,new,stoxx_ext_country_margin_improvement,2026-01-30,810.07192,153.51565,410.87664
stoxx600,new,stoxx_ext_country_margin_improvement,2026-02-27,841.82665,154.3492,426.54267
stoxx600,new,stoxx_ext_country_margin_improvement,2026-03-31,779.88306,146.9749,394.01816
stoxx600,new,stoxx_ext_country_margin_improvement,2026-04-30,811.67131,156.52059,414.79922
stoxx600,new,stoxx_ext_country_margin_improvement,2026-05-29,839.83464,163.20821,428.61415
stoxx600,new,stoxx_ext_country_margin_improvement,2026-06-30,840.21001,165.8733,437.90106
stoxx600,new,stoxx_ext_country_margin_improvement,2026-07-02,861.49141,168.25015,443.38153
stoxx600,new,stoxx_ext_country_deleveraging,2010-02-02,100.0,100.0,100.0
stoxx600,new,stoxx_ext_country_deleveraging,2010-02-26,97.87344,97.88192,98.09107
stoxx600,new,stoxx_ext_country_deleveraging,2010-03-31,105.73688,104.40397,105.57476
stoxx600,new,stoxx_ext_country_deleveraging,2010-04-30,107.25574,104.63766,104.64334
stoxx600,new,stoxx_ext_country_deleveraging,2010-05-31,102.80003,99.52914,99.69622
stoxx600,new,stoxx_ext_country_deleveraging,2010-06-30,101.63073,98.77148,99.16531
stoxx600,new,stoxx_ext_country_deleveraging,2010-07-30,107.23027,101.90325,104.23967
stoxx600,new,stoxx_ext_country_deleveraging,2010-08-31,106.52108,101.46729,102.8577
stoxx600,new,stoxx_ext_country_deleveraging,2010-09-30,111.82081,107.04654,106.44317
stoxx600,new,stoxx_ext_country_deleveraging,2010-10-29,114.93302,108.77626,109.21772
stoxx600,new,stoxx_ext_country_deleveraging,2010-11-30,117.88236,107.8989,107.61215
stoxx600,new,stoxx_ext_country_deleveraging,2010-12-31,125.08748,113.59703,113.3364
stoxx600,new,stoxx_ext_country_deleveraging,2011-01-31,124.99647,113.59568,115.35124
stoxx600,new,stoxx_ext_country_deleveraging,2011-02-28,127.49477,116.0751,118.18377
stoxx600,new,stoxx_ext_country_deleveraging,2011-03-31,124.62821,114.1928,114.22682
stoxx600,new,stoxx_ext_country_deleveraging,2011-04-29,129.27426,118.17677,118.2314
stoxx600,new,stoxx_ext_country_deleveraging,2011-05-31,130.43132,117.80189,118.31864
stoxx600,new,stoxx_ext_country_deleveraging,2011-06-30,127.90097,114.71618,115.20136
stoxx600,new,stoxx_ext_country_deleveraging,2011-07-29,124.74484,113.08385,112.00635
stoxx600,new,stoxx_ext_country_deleveraging,2011-08-31,112.35482,101.1035,100.36182
stoxx600,new,stoxx_ext_country_deleveraging,2011-09-30,106.30989,95.24605,95.53779
stoxx600,new,stoxx_ext_country_deleveraging,2011-10-31,115.37986,102.38317,103.00619
stoxx600,new,stoxx_ext_country_deleveraging,2011-11-30,115.56646,102.06593,101.66607
stoxx600,new,stoxx_ext_country_deleveraging,2011-12-30,117.70837,103.45836,103.37987
stoxx600,new,stoxx_ext_country_deleveraging,2012-01-31,120.96093,107.7809,107.7346
stoxx600,new,stoxx_ext_country_deleveraging,2012-02-29,127.44681,110.85748,112.35208
stoxx600,new,stoxx_ext_country_deleveraging,2012-03-30,128.88183,110.48267,112.30761
stoxx600,new,stoxx_ext_country_deleveraging,2012-04-30,128.62739,107.4955,110.47916
stoxx600,new,stoxx_ext_country_deleveraging,2012-05-31,123.26793,100.72444,103.79378
stoxx600,new,stoxx_ext_country_deleveraging,2012-06-29,127.64204,104.85971,109.18566
stoxx600,new,stoxx_ext_country_deleveraging,2012-07-31,135.04356,110.82031,113.8245
stoxx600,new,stoxx_ext_country_deleveraging,2012-08-31,138.4871,112.13277,116.4562
stoxx600,new,stoxx_ext_country_deleveraging,2012-09-28,139.71869,112.17587,117.67321
stoxx600,new,stoxx_ext_country_deleveraging,2012-10-31,140.09558,113.8382,118.41418
stoxx600,new,stoxx_ext_country_deleveraging,2012-11-30,144.53991,114.85624,121.14087
stoxx600,new,stoxx_ext_country_deleveraging,2012-12-31,146.53155,117.33762,123.08011
stoxx600,new,stoxx_ext_country_deleveraging,2013-01-31,151.21899,116.87926,126.56314
stoxx600,new,stoxx_ext_country_deleveraging,2013-02-28,155.80244,121.00976,128.12555
stoxx600,new,stoxx_ext_country_deleveraging,2013-03-28,159.32194,124.33124,130.21135
stoxx600,new,stoxx_ext_country_deleveraging,2013-04-30,160.36562,125.23779,132.42943
stoxx600,new,stoxx_ext_country_deleveraging,2013-05-31,165.79466,128.59411,135.31143
stoxx600,new,stoxx_ext_country_deleveraging,2013-06-28,159.25411,121.92883,128.51076
stoxx600,new,stoxx_ext_country_deleveraging,2013-07-31,169.59156,128.14437,135.18035
stoxx600,new,stoxx_ext_country_deleveraging,2013-08-30,168.46139,127.34179,134.3512
stoxx600,new,stoxx_ext_country_deleveraging,2013-09-30,174.51868,134.14564,140.60916
stoxx600,new,stoxx_ext_country_deleveraging,2013-10-31,181.35441,138.66732,146.32903
stoxx600,new,stoxx_ext_country_deleveraging,2013-11-29,184.98374,141.47744,147.94939
stoxx600,new,stoxx_ext_country_deleveraging,2013-12-31,187.67997,142.83289,149.46924
stoxx600,new,stoxx_ext_country_deleveraging,2014-01-31,184.54913,142.80287,146.97335
stoxx600,new,stoxx_ext_country_deleveraging,2014-02-28,195.02695,149.30384,154.24224
stoxx600,new,stoxx_ext_country_deleveraging,2014-03-31,192.09197,146.41114,153.01372
stoxx600,new,stoxx_ext_country_deleveraging,2014-04-30,195.2939,146.50848,155.63455
stoxx600,new,stoxx_ext_country_deleveraging,2014-05-30,202.78153,149.93607,160.04795
stoxx600,new,stoxx_ext_country_deleveraging,2014-06-30,202.19106,148.17094,159.25915
stoxx600,new,stoxx_ext_country_deleveraging,2014-07-31,197.14349,144.14306,156.89426
stoxx600,new,stoxx_ext_country_deleveraging,2014-08-29,201.12085,146.57519,160.0759
stoxx600,new,stoxx_ext_country_deleveraging,2014-09-30,200.84938,146.69133,160.83428
stoxx600,new,stoxx_ext_country_deleveraging,2014-10-31,196.88488,145.56186,158.10542
stoxx600,new,stoxx_ext_country_deleveraging,2014-11-28,206.15264,151.13379,163.47063
stoxx600,new,stoxx_ext_country_deleveraging,2014-12-31,205.2267,148.43589,161.20874
stoxx600,new,stoxx_ext_country_deleveraging,2015-01-30,223.94179,158.1934,172.73385
stoxx600,new,stoxx_ext_country_deleveraging,2015-02-27,239.95076,166.89957,184.7235
stoxx600,new,stoxx_ext_country_deleveraging,2015-03-31,245.90036,168.68,188.20792
stoxx600,new,stoxx_ext_country_deleveraging,2015-04-30,245.71446,168.48091,188.5772
stoxx600,new,stoxx_ext_country_deleveraging,2015-05-29,249.36269,171.63829,192.10367
stoxx600,new,stoxx_ext_country_deleveraging,2015-06-30,237.60798,164.60705,183.53685
stoxx600,new,stoxx_ext_country_deleveraging,2015-07-31,246.61599,168.9449,190.78229
stoxx600,new,stoxx_ext_country_deleveraging,2015-08-31,229.04881,155.20585,175.02245
stoxx600,new,stoxx_ext_country_deleveraging,2015-09-30,220.39498,147.94692,167.98581
stoxx600,new,stoxx_ext_country_deleveraging,2015-10-30,240.24534,158.76757,181.46766
stoxx600,new,stoxx_ext_country_deleveraging,2015-11-30,250.59895,162.0431,186.66355
stoxx600,new,stoxx_ext_country_deleveraging,2015-12-31,239.27112,153.20077,177.44256
stoxx600,new,stoxx_ext_country_deleveraging,2016-01-29,226.63775,144.26568,166.11231
stoxx600,new,stoxx_ext_country_deleveraging,2016-02-29,222.69504,143.0166,162.17207
stoxx600,new,stoxx_ext_country_deleveraging,2016-03-31,228.43714,147.11218,164.55895
stoxx600,new,stoxx_ext_country_deleveraging,2016-04-29,232.00282,148.22087,167.83894
stoxx600,new,stoxx_ext_country_deleveraging,2016-05-31,239.1702,152.31437,172.36367
stoxx600,new,stoxx_ext_country_deleveraging,2016-06-30,229.65524,146.32639,163.67728
stoxx600,new,stoxx_ext_country_deleveraging,2016-07-29,239.72617,151.11457,169.75357
stoxx600,new,stoxx_ext_country_deleveraging,2016-08-31,239.86019,149.87569,171.04348
stoxx600,new,stoxx_ext_country_deleveraging,2016-09-30,241.10802,150.85207,170.99391
stoxx600,new,stoxx_ext_country_deleveraging,2016-10-31,237.54455,146.48319,169.37442
stoxx600,new,stoxx_ext_country_deleveraging,2016-11-30,235.90026,146.47115,170.92275
stoxx600,new,stoxx_ext_country_deleveraging,2016-12-30,248.2646,153.2183,180.70879
stoxx600,new,stoxx_ext_country_deleveraging,2017-01-31,249.1721,151.1499,180.23822
stoxx600,new,stoxx_ext_country_deleveraging,2017-02-28,259.4918,158.98696,185.66466
stoxx600,new,stoxx_ext_country_deleveraging,2017-03-31,268.95977,162.94334,192.15601
stoxx600,new,stoxx_ext_country_deleveraging,2017-04-28,274.24565,165.48528,196.1715
stoxx600,new,stoxx_ext_country_deleveraging,2017-05-31,277.42302,166.64099,199.31095
stoxx600,new,stoxx_ext_country_deleveraging,2017-06-30,267.68625,162.15332,194.51058
stoxx600,new,stoxx_ext_country_deleveraging,2017-07-31,270.06095,157.02846,194.01177
stoxx600,new,stoxx_ext_country_deleveraging,2017-08-31,269.90234,154.49261,192.06723
stoxx600,new,stoxx_ext_country_deleveraging,2017-09-29,280.78578,159.57226,199.55771
stoxx600,new,stoxx_ext_country_deleveraging,2017-10-31,287.86251,162.77334,203.31909
stoxx600,new,stoxx_ext_country_deleveraging,2017-11-30,279.48834,158.75778,199.12925
stoxx600,new,stoxx_ext_country_deleveraging,2017-12-29,283.12788,156.2155,200.57406
stoxx600,new,stoxx_ext_country_deleveraging,2018-01-31,286.26823,157.7265,203.85084
stoxx600,new,stoxx_ext_country_deleveraging,2018-02-28,278.11875,152.17395,196.11895
stoxx600,new,stoxx_ext_country_deleveraging,2018-03-29,276.28875,148.30415,192.1949
stoxx600,new,stoxx_ext_country_deleveraging,2018-04-30,291.21307,153.96667,201.10312
stoxx600,new,stoxx_ext_country_deleveraging,2018-05-31,298.65635,154.15302,201.15608
stoxx600,new,stoxx_ext_country_deleveraging,2018-06-29,292.90301,151.6837,200.14991
stoxx600,new,stoxx_ext_country_deleveraging,2018-07-31,303.69652,155.59679,206.38703
stoxx600,new,stoxx_ext_country_deleveraging,2018-08-31,301.61235,154.22205,201.7265
stoxx600,new,stoxx_ext_country_deleveraging,2018-09-28,303.29358,152.99241,202.39169
stoxx600,new,stoxx_ext_country_deleveraging,2018-10-31,290.1338,142.24828,191.40773
stoxx600,new,stoxx_ext_country_deleveraging,2018-11-30,285.56109,141.04143,189.68311
stoxx600,new,stoxx_ext_country_deleveraging,2018-12-31,269.61843,133.22046,179.2943
stoxx600,new,stoxx_ext_country_deleveraging,2019-01-31,290.03593,142.24153,190.59065
stoxx600,new,stoxx_ext_country_deleveraging,2019-02-28,302.12336,145.65913,198.5566
stoxx600,new,stoxx_ext_country_deleveraging,2019-03-29,312.287,149.08359,202.53249
stoxx600,new,stoxx_ext_country_deleveraging,2019-04-30,320.81987,151.82356,210.23134
stoxx600,new,stoxx_ext_country_deleveraging,2019-05-31,307.85147,144.19417,200.23053
stoxx600,new,stoxx_ext_country_deleveraging,2019-06-28,322.74046,150.23115,209.05288
stoxx600,new,stoxx_ext_country_deleveraging,2019-07-31,330.21063,149.90846,209.61124
stoxx600,new,stoxx_ext_country_deleveraging,2019-08-30,328.59868,147.01345,206.48601
stoxx600,new,stoxx_ext_country_deleveraging,2019-09-30,337.16642,151.13625,214.1865
stoxx600,new,stoxx_ext_country_deleveraging,2019-10-31,343.93584,153.25205,216.58308
stoxx600,new,stoxx_ext_country_deleveraging,2019-11-29,359.5575,156.9162,222.56001
stoxx600,new,stoxx_ext_country_deleveraging,2019-12-31,365.90836,160.77458,227.47777
stoxx600,new,stoxx_ext_country_deleveraging,2020-01-31,366.61225,157.9984,225.1154
stoxx600,new,stoxx_ext_country_deleveraging,2020-02-28,340.77768,145.26421,206.62688
stoxx600,new,stoxx_ext_country_deleveraging,2020-03-31,297.66419,123.46695,176.32323
stoxx600,new,stoxx_ext_country_deleveraging,2020-04-30,326.95551,133.18227,188.23507
stoxx600,new,stoxx_ext_country_deleveraging,2020-05-29,347.68677,138.26664,195.04282
stoxx600,new,stoxx_ext_country_deleveraging,2020-06-30,356.74359,141.78879,201.42569
stoxx600,new,stoxx_ext_country_deleveraging,2020-07-31,360.18271,138.49938,199.41841
stoxx600,new,stoxx_ext_country_deleveraging,2020-08-31,374.38902,143.0846,205.64764
stoxx600,new,stoxx_ext_country_deleveraging,2020-09-30,375.61742,140.31656,202.48811
stoxx600,new,stoxx_ext_country_deleveraging,2020-10-30,356.64606,129.56925,192.10321
stoxx600,new,stoxx_ext_country_deleveraging,2020-11-30,403.25067,145.37128,218.94662
stoxx600,new,stoxx_ext_country_deleveraging,2020-12-31,418.64793,152.50072,224.87177
stoxx600,new,stoxx_ext_country_deleveraging,2021-01-29,415.14469,150.81178,223.1795
stoxx600,new,stoxx_ext_country_deleveraging,2021-02-26,421.85425,153.76653,228.53847
stoxx600,new,stoxx_ext_country_deleveraging,2021-03-31,453.09284,161.06201,243.31506
stoxx600,new,stoxx_ext_country_deleveraging,2021-04-30,463.26254,163.95655,249.12466
stoxx600,new,stoxx_ext_country_deleveraging,2021-05-31,480.54332,167.82759,255.85197
stoxx600,new,stoxx_ext_country_deleveraging,2021-06-30,490.65956,170.37628,259.6607
stoxx600,new,stoxx_ext_country_deleveraging,2021-07-30,501.36931,173.74975,264.94614
stoxx600,new,stoxx_ext_country_deleveraging,2021-08-31,509.25691,177.86279,270.07977
stoxx600,new,stoxx_ext_country_deleveraging,2021-09-30,498.62413,170.14307,261.68242
stoxx600,new,stoxx_ext_country_deleveraging,2021-10-29,520.69055,177.27269,273.89871
stoxx600,new,stoxx_ext_country_deleveraging,2021-11-30,512.60623,167.93853,266.92097
stoxx600,new,stoxx_ext_country_deleveraging,2021-12-31,542.22455,175.32477,280.79264
stoxx600,new,stoxx_ext_country_deleveraging,2022-01-31,517.32839,159.92832,270.93767
stoxx600,new,stoxx_ext_country_deleveraging,2022-02-28,517.1966,155.898,262.28313
stoxx600,new,stoxx_ext_country_deleveraging,2022-03-31,540.12975,158.41854,265.47397
stoxx600,new,stoxx_ext_country_deleveraging,2022-04-29,553.15194,162.456,264.06333
stoxx600,new,stoxx_ext_country_deleveraging,2022-05-31,543.56279,162.42118,262.20735
stoxx600,new,stoxx_ext_country_deleveraging,2022-06-30,488.08509,147.18811,241.72192
stoxx600,new,stoxx_ext_country_deleveraging,2022-07-29,528.78233,155.32486,260.39821
stoxx600,new,stoxx_ext_country_deleveraging,2022-08-31,500.19103,145.08315,247.24463
stoxx600,new,stoxx_ext_country_deleveraging,2022-09-30,467.82173,135.57675,231.38761
stoxx600,new,stoxx_ext_country_deleveraging,2022-10-31,504.38402,145.20647,245.90984
stoxx600,new,stoxx_ext_country_deleveraging,2022-11-30,531.73008,156.60626,263.05835
stoxx600,new,stoxx_ext_country_deleveraging,2022-12-30,516.7892,152.04577,254.07721
stoxx600,new,stoxx_ext_country_deleveraging,2023-01-31,539.69517,159.55736,271.12271
stoxx600,new,stoxx_ext_country_deleveraging,2023-02-28,546.09446,160.90334,276.53649
stoxx600,new,stoxx_ext_country_deleveraging,2023-03-31,554.43154,161.68991,276.0311
stoxx600,new,stoxx_ext_country_deleveraging,2023-04-28,564.40487,165.48538,283.21206
stoxx600,new,stoxx_ext_country_deleveraging,2023-05-31,559.30621,159.97591,276.56302
stoxx600,new,stoxx_ext_country_deleveraging,2023-06-30,560.70383,161.63114,283.25433
stoxx600,new,stoxx_ext_country_deleveraging,2023-07-31,567.63377,163.90285,289.28666
stoxx600,new,stoxx_ext_country_deleveraging,2023-08-31,571.06959,158.34258,281.97611
stoxx600,new,stoxx_ext_country_deleveraging,2023-09-29,574.22693,149.64937,277.52771
stoxx600,new,stoxx_ext_country_deleveraging,2023-10-31,557.84497,142.26314,267.58427
stoxx600,new,stoxx_ext_country_deleveraging,2023-11-30,619.13092,148.47277,285.31058
stoxx600,new,stoxx_ext_country_deleveraging,2023-12-29,651.50094,158.54829,296.12526
stoxx600,new,stoxx_ext_country_deleveraging,2024-01-31,649.53195,158.19502,300.37478
stoxx600,new,stoxx_ext_country_deleveraging,2024-02-29,665.91577,159.01394,305.8748
stoxx600,new,stoxx_ext_country_deleveraging,2024-03-28,691.74621,164.95763,318.81925
stoxx600,new,stoxx_ext_country_deleveraging,2024-04-30,688.99925,165.85441,316.43335
stoxx600,new,stoxx_ext_country_deleveraging,2024-05-31,718.37207,174.04556,327.74468
stoxx600,new,stoxx_ext_country_deleveraging,2024-06-28,698.94509,169.5688,324.23659
stoxx600,new,stoxx_ext_country_deleveraging,2024-07-31,694.59871,168.66646,329.04352
stoxx600,new,stoxx_ext_country_deleveraging,2024-08-30,705.77563,170.16233,334.31731
stoxx600,new,stoxx_ext_country_deleveraging,2024-09-30,710.8587,172.62669,333.29677
stoxx600,new,stoxx_ext_country_deleveraging,2024-10-31,679.39424,165.9534,322.57105
stoxx600,new,stoxx_ext_country_deleveraging,2024-11-29,693.16627,163.69333,326.44661
stoxx600,new,stoxx_ext_country_deleveraging,2024-12-31,687.21783,163.20736,326.41656
stoxx600,new,stoxx_ext_country_deleveraging,2025-01-31,732.24654,172.10283,349.29418
stoxx600,new,stoxx_ext_country_deleveraging,2025-02-28,758.67589,172.67162,361.31179
stoxx600,new,stoxx_ext_country_deleveraging,2025-03-31,728.18545,160.70393,347.59508
stoxx600,new,stoxx_ext_country_deleveraging,2025-04-30,724.2529,159.03521,345.66132
stoxx600,new,stoxx_ext_country_deleveraging,2025-05-30,770.10674,169.19155,365.21343
stoxx600,new,stoxx_ext_country_deleveraging,2025-06-30,767.38011,168.85769,360.8923
stoxx600,new,stoxx_ext_country_deleveraging,2025-07-31,787.27365,168.01781,364.56426
stoxx600,new,stoxx_ext_country_deleveraging,2025-08-29,801.77228,168.42594,368.21951
stoxx600,new,stoxx_ext_country_deleveraging,2025-09-30,795.93657,170.42567,374.1499
stoxx600,new,stoxx_ext_country_deleveraging,2025-10-31,827.91161,176.06869,383.82015
stoxx600,new,stoxx_ext_country_deleveraging,2025-11-28,835.96012,176.69242,387.50262
stoxx600,new,stoxx_ext_country_deleveraging,2025-12-31,854.01771,178.59288,398.18539
stoxx600,new,stoxx_ext_country_deleveraging,2026-01-30,882.86617,187.87316,410.87664
stoxx600,new,stoxx_ext_country_deleveraging,2026-02-27,932.35195,194.54392,426.54267
stoxx600,new,stoxx_ext_country_deleveraging,2026-03-31,860.44455,181.58675,394.01816
stoxx600,new,stoxx_ext_country_deleveraging,2026-04-30,914.05739,189.82417,414.79922
stoxx600,new,stoxx_ext_country_deleveraging,2026-05-29,928.8499,197.43352,428.61415
stoxx600,new,stoxx_ext_country_deleveraging,2026-06-30,914.33899,204.01475,437.90106
stoxx600,new,stoxx_ext_country_deleveraging,2026-07-02,933.37847,204.4124,443.38153
stoxx600,new,stoxx_ext_residual_momentum_revision,2010-01-04,100.0,100.0,100.0
stoxx600,new,stoxx_ext_residual_momentum_revision,2010-01-29,96.67584,95.11973,95.90544
stoxx600,new,stoxx_ext_residual_momentum_revision,2010-02-26,95.37069,93.07167,95.5692
stoxx600,new,stoxx_ext_residual_momentum_revision,2010-03-31,104.56638,100.53813,102.86049
stoxx600,new,stoxx_ext_residual_momentum_revision,2010-04-30,106.43994,100.82796,101.95301
stoxx600,new,stoxx_ext_residual_momentum_revision,2010-05-31,102.37491,95.0589,97.13308
stoxx600,new,stoxx_ext_residual_momentum_revision,2010-06-30,99.85696,94.97176,96.61582
stoxx600,new,stoxx_ext_residual_momentum_revision,2010-07-30,105.59894,98.9785,101.55973
stoxx600,new,stoxx_ext_residual_momentum_revision,2010-08-31,105.21153,95.92121,100.21329
stoxx600,new,stoxx_ext_residual_momentum_revision,2010-09-30,109.31257,97.87125,103.70657
stoxx600,new,stoxx_ext_residual_momentum_revision,2010-10-29,110.7135,100.06117,106.40979
stoxx600,new,stoxx_ext_residual_momentum_revision,2010-11-30,110.93004,97.73466,104.8455
stoxx600,new,stoxx_ext_residual_momentum_revision,2010-12-31,117.63146,104.20409,110.42258
stoxx600,new,stoxx_ext_residual_momentum_revision,2011-01-31,118.891,106.70948,112.38561
stoxx600,new,stoxx_ext_residual_momentum_revision,2011-02-28,122.81554,107.66584,115.14533
stoxx600,new,stoxx_ext_residual_momentum_revision,2011-03-31,120.99332,102.00071,111.29011
stoxx600,new,stoxx_ext_residual_momentum_revision,2011-04-29,125.52783,105.25001,115.19173
stoxx600,new,stoxx_ext_residual_momentum_revision,2011-05-31,126.30312,105.27339,115.27673
stoxx600,new,stoxx_ext_residual_momentum_revision,2011-06-30,124.34028,99.66165,112.23959
stoxx600,new,stoxx_ext_residual_momentum_revision,2011-07-29,121.79854,95.94491,109.12672
stoxx600,new,stoxx_ext_residual_momentum_revision,2011-08-31,107.63994,84.09418,97.78157
stoxx600,new,stoxx_ext_residual_momentum_revision,2011-09-30,100.76182,78.59963,93.08156
stoxx600,new,stoxx_ext_residual_momentum_revision,2011-10-31,111.56597,85.15463,100.35795
stoxx600,new,stoxx_ext_residual_momentum_revision,2011-11-30,109.46076,83.58347,99.05229
stoxx600,new,stoxx_ext_residual_momentum_revision,2011-12-30,111.86595,84.19191,100.72203
stoxx600,new,stoxx_ext_residual_momentum_revision,2012-01-31,118.8663,88.89362,104.9648
stoxx600,new,stoxx_ext_residual_momentum_revision,2012-02-29,123.85871,92.86314,109.46357
stoxx600,new,stoxx_ext_residual_momentum_revision,2012-03-30,124.08442,92.12312,109.42024
stoxx600,new,stoxx_ext_residual_momentum_revision,2012-04-30,124.83147,88.19731,107.6388
stoxx600,new,stoxx_ext_residual_momentum_revision,2012-05-31,117.28727,81.09314,101.12529
stoxx600,new,stoxx_ext_residual_momentum_revision,2012-06-29,122.17885,83.88315,106.37855
stoxx600,new,stoxx_ext_residual_momentum_revision,2012-07-31,129.77615,84.96949,110.89813
stoxx600,new,stoxx_ext_residual_momentum_revision,2012-08-31,132.91341,87.54772,113.46217
stoxx600,new,stoxx_ext_residual_momentum_revision,2012-09-28,135.15698,87.09049,114.64789
stoxx600,new,stoxx_ext_residual_momentum_revision,2012-10-31,136.02462,89.2913,115.36981
stoxx600,new,stoxx_ext_residual_momentum_revision,2012-11-30,137.8743,91.02258,118.0264
stoxx600,new,stoxx_ext_residual_momentum_revision,2012-12-31,139.33878,92.57684,119.91578
stoxx600,new,stoxx_ext_residual_momentum_revision,2013-01-31,143.4744,95.04278,123.30927
stoxx600,new,stoxx_ext_residual_momentum_revision,2013-02-28,149.2185,94.77204,124.83151
stoxx600,new,stoxx_ext_residual_momentum_revision,2013-03-28,150.66891,94.78686,126.86369
stoxx600,new,stoxx_ext_residual_momentum_revision,2013-04-30,154.8217,95.40118,129.02474
stoxx600,new,stoxx_ext_residual_momentum_revision,2013-05-31,157.7295,97.02407,131.83264
stoxx600,new,stoxx_ext_residual_momentum_revision,2013-06-28,150.57011,89.16517,125.20681
stoxx600,new,stoxx_ext_residual_momentum_revision,2013-07-31,158.20302,95.23654,131.70494
stoxx600,new,stoxx_ext_residual_momentum_revision,2013-08-30,156.17042,96.52868,130.8971
stoxx600,new,stoxx_ext_residual_momentum_revision,2013-09-30,161.47666,100.45948,136.99417
stoxx600,new,stoxx_ext_residual_momentum_revision,2013-10-31,168.28623,104.38061,142.56698
stoxx600,new,stoxx_ext_residual_momentum_revision,2013-11-29,170.24166,104.85264,144.14569
stoxx600,new,stoxx_ext_residual_momentum_revision,2013-12-31,174.42475,104.89182,145.62646
stoxx600,new,stoxx_ext_residual_momentum_revision,2014-01-31,171.67723,103.45515,143.19474
stoxx600,new,stoxx_ext_residual_momentum_revision,2014-02-28,182.19734,108.64555,150.27675
stoxx600,new,stoxx_ext_residual_momentum_revision,2014-03-31,181.46934,108.18966,149.07982
stoxx600,new,stoxx_ext_residual_momentum_revision,2014-04-30,182.62127,110.33439,151.63327
stoxx600,new,stoxx_ext_residual_momentum_revision,2014-05-30,188.38588,112.57627,155.9332
stoxx600,new,stoxx_ext_residual_momentum_revision,2014-06-30,191.17333,111.07741,155.16468
stoxx600,new,stoxx_ext_residual_momentum_revision,2014-07-31,187.45085,109.08637,152.86059
stoxx600,new,stoxx_ext_residual_momentum_revision,2014-08-29,191.63674,110.52221,155.96044
stoxx600,new,stoxx_ext_residual_momentum_revision,2014-09-30,193.15147,108.65501,156.69931
stoxx600,new,stoxx_ext_residual_momentum_revision,2014-10-31,190.31865,106.69132,154.04061
stoxx600,new,stoxx_ext_residual_momentum_revision,2014-11-28,199.08705,109.46641,159.26789
stoxx600,new,stoxx_ext_residual_momentum_revision,2014-12-31,196.66739,108.35267,157.06415
stoxx600,new,stoxx_ext_residual_momentum_revision,2015-01-30,213.02381,116.79681,168.29295
stoxx600,new,stoxx_ext_residual_momentum_revision,2015-02-27,229.15911,124.60018,179.97435
stoxx600,new,stoxx_ext_residual_momentum_revision,2015-03-31,236.61776,126.98055,183.36919
stoxx600,new,stoxx_ext_residual_momentum_revision,2015-04-30,237.68524,129.068,183.72898
stoxx600,new,stoxx_ext_residual_momentum_revision,2015-05-29,241.33318,133.69737,187.16478
stoxx600,new,stoxx_ext_residual_momentum_revision,2015-06-30,230.72101,126.99011,178.81821
stoxx600,new,stoxx_ext_residual_momentum_revision,2015-07-31,239.07312,130.26212,185.87738
stoxx600,new,stoxx_ext_residual_momentum_revision,2015-08-31,223.22804,118.51188,170.52271
stoxx600,new,stoxx_ext_residual_momentum_revision,2015-09-30,215.82772,112.50717,163.66698
stoxx600,new,stoxx_ext_residual_momentum_revision,2015-10-30,235.28222,122.14515,176.80222
stoxx600,new,stoxx_ext_residual_momentum_revision,2015-11-30,244.7704,125.94903,181.86452
stoxx600,new,stoxx_ext_residual_momentum_revision,2015-12-31,235.34381,118.66286,172.8806
stoxx600,new,stoxx_ext_residual_momentum_revision,2016-01-29,222.83324,109.30788,161.84165
stoxx600,new,stoxx_ext_residual_momentum_revision,2016-02-29,216.2814,108.2325,158.00271
stoxx600,new,stoxx_ext_residual_momentum_revision,2016-03-31,221.14379,109.93455,160.32822
stoxx600,new,stoxx_ext_residual_momentum_revision,2016-04-29,223.96678,113.89481,163.52389
stoxx600,new,stoxx_ext_residual_momentum_revision,2016-05-31,233.02069,115.07953,167.93229
stoxx600,new,stoxx_ext_residual_momentum_revision,2016-06-30,223.14195,105.07112,159.46923
stoxx600,new,stoxx_ext_residual_momentum_revision,2016-07-29,235.44206,108.38952,165.38929
stoxx600,new,stoxx_ext_residual_momentum_revision,2016-08-31,234.62664,110.95694,166.64604
stoxx600,new,stoxx_ext_residual_momentum_revision,2016-09-30,235.98101,109.4343,166.59774
stoxx600,new,stoxx_ext_residual_momentum_revision,2016-10-31,232.03281,109.82421,165.01989
stoxx600,new,stoxx_ext_residual_momentum_revision,2016-11-30,233.33637,110.97844,166.52842
stoxx600,new,stoxx_ext_residual_momentum_revision,2016-12-30,245.77029,117.31899,176.06286
stoxx600,new,stoxx_ext_residual_momentum_revision,2017-01-31,245.15565,116.67896,175.60439
stoxx600,new,stoxx_ext_residual_momentum_revision,2017-02-28,251.755,117.95946,180.89131
stoxx600,new,stoxx_ext_residual_momentum_revision,2017-03-31,260.84259,121.24971,187.21578
stoxx600,new,stoxx_ext_residual_momentum_revision,2017-04-28,266.67573,124.6944,191.12803
stoxx600,new,stoxx_ext_residual_momentum_revision,2017-05-31,269.04375,125.80423,194.18677
stoxx600,new,stoxx_ext_residual_momentum_revision,2017-06-30,263.47385,123.48117,189.50981
stoxx600,new,stoxx_ext_residual_momentum_revision,2017-07-31,265.58692,123.60821,189.02383
stoxx600,new,stoxx_ext_residual_momentum_revision,2017-08-31,264.51244,121.41606,187.12928
stoxx600,new,stoxx_ext_residual_momentum_revision,2017-09-29,272.60165,125.99335,194.42718
stoxx600,new,stoxx_ext_residual_momentum_revision,2017-10-31,279.2465,128.77936,198.09186
stoxx600,new,stoxx_ext_residual_momentum_revision,2017-11-30,272.6969,127.16386,194.00974
stoxx600,new,stoxx_ext_residual_momentum_revision,2017-12-29,276.34272,129.05483,195.41741
stoxx600,new,stoxx_ext_residual_momentum_revision,2018-01-31,286.09793,130.37745,198.60994
stoxx600,new,stoxx_ext_residual_momentum_revision,2018-02-28,274.55132,125.49025,191.07683
stoxx600,new,stoxx_ext_residual_momentum_revision,2018-03-29,269.54985,123.81504,187.25367
stoxx600,new,stoxx_ext_residual_momentum_revision,2018-04-30,282.50631,128.80078,195.93286
stoxx600,new,stoxx_ext_residual_momentum_revision,2018-05-31,285.26319,129.87338,195.98446
stoxx600,new,stoxx_ext_residual_momentum_revision,2018-06-29,283.68015,128.47713,195.00416
stoxx600,new,stoxx_ext_residual_momentum_revision,2018-07-31,292.94159,132.12837,201.08093
stoxx600,new,stoxx_ext_residual_momentum_revision,2018-08-31,290.5986,128.4797,196.54021
stoxx600,new,stoxx_ext_residual_momentum_revision,2018-09-28,289.13426,128.39994,197.1883
stoxx600,new,stoxx_ext_residual_momentum_revision,2018-10-31,265.6029,120.7853,186.48674
stoxx600,new,stoxx_ext_residual_momentum_revision,2018-11-30,255.63829,121.83281,184.80646
stoxx600,new,stoxx_ext_residual_momentum_revision,2018-12-31,243.89795,114.41739,174.68473
stoxx600,new,stoxx_ext_residual_momentum_revision,2019-01-31,263.10856,122.50695,185.69066
stoxx600,new,stoxx_ext_residual_momentum_revision,2019-02-28,270.62647,128.97383,193.45182
stoxx600,new,stoxx_ext_residual_momentum_revision,2019-03-29,276.70553,130.1445,197.32549
stoxx600,new,stoxx_ext_residual_momentum_revision,2019-04-30,285.67512,134.99244,204.8264
stoxx600,new,stoxx_ext_residual_momentum_revision,2019-05-31,279.34198,123.29245,195.0827
stoxx600,new,stoxx_ext_residual_momentum_revision,2019-06-28,296.20988,126.6574,203.67824
stoxx600,new,stoxx_ext_residual_momentum_revision,2019-07-31,293.59336,129.71631,204.22225
stoxx600,new,stoxx_ext_residual_momentum_revision,2019-08-30,288.419,127.91385,201.17736
stoxx600,new,stoxx_ext_residual_momentum_revision,2019-09-30,298.67595,131.61306,208.67988
stoxx600,new,stoxx_ext_residual_momentum_revision,2019-10-31,300.42152,136.3219,211.01484
stoxx600,new,stoxx_ext_residual_momentum_revision,2019-11-29,307.81344,142.46169,216.8381
stoxx600,new,stoxx_ext_residual_momentum_revision,2019-12-31,312.38822,146.47248,221.62943
stoxx600,new,stoxx_ext_residual_momentum_revision,2020-01-31,310.98078,143.96984,219.3278
stoxx600,new,stoxx_ext_residual_momentum_revision,2020-02-28,284.6958,133.8665,201.31461
stoxx600,new,stoxx_ext_residual_momentum_revision,2020-03-31,239.24787,110.46512,171.79005
stoxx600,new,stoxx_ext_residual_momentum_revision,2020-04-30,267.66903,116.21721,183.39564
stoxx600,new,stoxx_ext_residual_momentum_revision,2020-05-29,277.10401,122.83911,190.02837
stoxx600,new,stoxx_ext_residual_momentum_revision,2020-06-30,281.22779,124.86518,196.24714
stoxx600,new,stoxx_ext_residual_momentum_revision,2020-07-31,282.23019,123.06687,194.29147
stoxx600,new,stoxx_ext_residual_momentum_revision,2020-08-31,292.23099,128.62403,200.36054
stoxx600,new,stoxx_ext_residual_momentum_revision,2020-09-30,291.65136,124.49092,197.28224
stoxx600,new,stoxx_ext_residual_momentum_revision,2020-10-30,277.46962,117.19046,187.16434
stoxx600,new,stoxx_ext_residual_momentum_revision,2020-11-30,306.93421,141.42712,213.31761
stoxx600,new,stoxx_ext_residual_momentum_revision,2020-12-31,315.3318,144.12196,219.09043
stoxx600,new,stoxx_ext_residual_momentum_revision,2021-01-29,319.07826,140.5749,217.44167
stoxx600,new,stoxx_ext_residual_momentum_revision,2021-02-26,327.27932,143.65299,222.66287
stoxx600,new,stoxx_ext_residual_momentum_revision,2021-03-31,351.22345,148.57517,237.05956
stoxx600,new,stoxx_ext_residual_momentum_revision,2021-04-30,361.30141,152.27678,242.7198
stoxx600,new,stoxx_ext_residual_momentum_revision,2021-05-31,372.5639,154.309,249.27415
stoxx600,new,stoxx_ext_residual_momentum_revision,2021-06-30,380.82722,155.58917,252.98495
stoxx600,new,stoxx_ext_residual_momentum_revision,2021-07-30,388.85637,157.34463,258.13451
stoxx600,new,stoxx_ext_residual_momentum_revision,2021-08-31,394.02054,162.52949,263.13616
stoxx600,new,stoxx_ext_residual_momentum_revision,2021-09-30,384.62558,156.52526,254.9547
stoxx600,new,stoxx_ext_residual_momentum_revision,2021-10-29,408.20387,160.14617,266.85691
stoxx600,new,stoxx_ext_residual_momentum_revision,2021-11-30,397.91328,153.72692,260.05857
stoxx600,new,stoxx_ext_residual_momentum_revision,2021-12-31,424.19527,160.149,273.57361
stoxx600,new,stoxx_ext_residual_momentum_revision,2022-01-31,396.6117,150.66472,263.972
stoxx600,new,stoxx_ext_residual_momentum_revision,2022-02-28,370.48567,149.8596,255.53997
stoxx600,new,stoxx_ext_residual_momentum_revision,2022-03-31,384.66744,152.36119,258.64877
stoxx600,new,stoxx_ext_residual_momentum_revision,2022-04-29,381.63323,149.57334,257.2744
stoxx600,new,stoxx_ext_residual_momentum_revision,2022-05-31,388.2672,147.24208,255.46613
stoxx600,new,stoxx_ext_residual_momentum_revision,2022-06-30,362.367,130.74252,235.50737
stoxx600,new,stoxx_ext_residual_momentum_revision,2022-07-29,379.24177,140.43015,253.7035
stoxx600,new,stoxx_ext_residual_momentum_revision,2022-08-31,360.46071,127.14875,240.8881
stoxx600,new,stoxx_ext_residual_momentum_revision,2022-09-30,339.89038,116.95701,225.43876
stoxx600,new,stoxx_ext_residual_momentum_revision,2022-10-31,364.23652,121.38973,239.58763
stoxx600,new,stoxx_ext_residual_momentum_revision,2022-11-30,379.79707,130.6343,256.29526
stoxx600,new,stoxx_ext_residual_momentum_revision,2022-12-30,371.00092,126.90946,247.54502
stoxx600,new,stoxx_ext_residual_momentum_revision,2023-01-31,380.87626,138.60123,264.15229
stoxx600,new,stoxx_ext_residual_momentum_revision,2023-02-28,395.77605,138.35741,269.42688
stoxx600,new,stoxx_ext_residual_momentum_revision,2023-03-31,407.39174,136.10271,268.93448
stoxx600,new,stoxx_ext_residual_momentum_revision,2023-04-28,414.69016,138.84085,275.93083
stoxx600,new,stoxx_ext_residual_momentum_revision,2023-05-31,407.92366,135.18649,269.45272
stoxx600,new,stoxx_ext_residual_momentum_revision,2023-06-30,418.61088,134.62428,275.97201
stoxx600,new,stoxx_ext_residual_momentum_revision,2023-07-31,427.5762,142.83374,281.84925
stoxx600,new,stoxx_ext_residual_momentum_revision,2023-08-31,430.83863,135.45915,274.72665
stoxx600,new,stoxx_ext_residual_momentum_revision,2023-09-29,436.15763,132.16511,270.39261
stoxx600,new,stoxx_ext_residual_momentum_revision,2023-10-31,419.92732,124.11865,260.70481
stoxx600,new,stoxx_ext_residual_momentum_revision,2023-11-30,451.55123,133.48431,277.97539
stoxx600,new,stoxx_ext_residual_momentum_revision,2023-12-29,467.89776,143.40676,288.51203
stoxx600,new,stoxx_ext_residual_momentum_revision,2024-01-31,479.09098,140.71188,292.6523
stoxx600,new,stoxx_ext_residual_momentum_revision,2024-02-29,484.56333,143.44706,298.01091
stoxx600,new,stoxx_ext_residual_momentum_revision,2024-03-28,501.60863,149.69765,310.62257
stoxx600,new,stoxx_ext_residual_momentum_revision,2024-04-30,488.84781,147.85813,308.29801
stoxx600,new,stoxx_ext_residual_momentum_revision,2024-05-31,511.71884,152.56788,319.31853
stoxx600,new,stoxx_ext_residual_momentum_revision,2024-06-28,503.53823,146.52772,315.90064
stoxx600,new,stoxx_ext_residual_momentum_revision,2024-07-31,504.31444,150.57292,320.58398
stoxx600,new,stoxx_ext_residual_momentum_revision,2024-08-30,512.90266,150.8416,325.72218
stoxx600,new,stoxx_ext_residual_momentum_revision,2024-09-30,520.02627,154.1753,324.72788
stoxx600,new,stoxx_ext_residual_momentum_revision,2024-10-31,508.083,143.86682,314.27792
stoxx600,new,stoxx_ext_residual_momentum_revision,2024-11-29,506.86991,144.70592,318.05383
stoxx600,new,stoxx_ext_residual_momentum_revision,2024-12-31,500.18548,143.92474,318.02456
stoxx600,new,stoxx_ext_residual_momentum_revision,2025-01-31,533.87564,154.09542,340.314
stoxx600,new,stoxx_ext_residual_momentum_revision,2025-02-28,549.71506,158.31847,352.02265
stoxx600,new,stoxx_ext_residual_momentum_revision,2025-03-31,522.29948,154.37166,338.65859
stoxx600,new,stoxx_ext_residual_momentum_revision,2025-04-30,527.44891,156.44355,336.77454
stoxx600,new,stoxx_ext_residual_momentum_revision,2025-05-30,560.64667,165.63436,355.82398
stoxx600,new,stoxx_ext_residual_momentum_revision,2025-06-30,559.46891,165.44677,351.61395
stoxx600,new,stoxx_ext_residual_momentum_revision,2025-07-31,564.62287,164.75483,355.1915
stoxx600,new,stoxx_ext_residual_momentum_revision,2025-08-29,573.38892,162.43509,358.75278
stoxx600,new,stoxx_ext_residual_momentum_revision,2025-09-30,584.69995,164.40847,364.5307
stoxx600,new,stoxx_ext_residual_momentum_revision,2025-10-31,597.9688,169.80261,373.95233
stoxx600,new,stoxx_ext_residual_momentum_revision,2025-11-28,603.87037,171.0396,377.54013
stoxx600,new,stoxx_ext_residual_momentum_revision,2025-12-31,616.64086,177.03136,387.94825
stoxx600,new,stoxx_ext_residual_momentum_revision,2026-01-30,634.96733,184.66809,400.31321
stoxx600,new,stoxx_ext_residual_momentum_revision,2026-02-27,657.77937,183.4936,415.57648
stoxx600,new,stoxx_ext_residual_momentum_revision,2026-03-31,615.3428,172.02443,383.88816
stoxx600,new,stoxx_ext_residual_momentum_revision,2026-04-30,661.70648,182.21841,404.13495
stoxx600,new,stoxx_ext_residual_momentum_revision,2026-05-29,678.67699,194.17555,417.5947
stoxx600,new,stoxx_ext_residual_momentum_revision,2026-06-30,697.69717,196.48643,426.64285
stoxx600,new,stoxx_ext_residual_momentum_revision,2026-07-02,697.93158,201.31467,431.98242
stoxx600,new,stoxx_ext_country_earnings_yield_improvement,2009-10-02,100.0,100.0,100.0
stoxx600,new,stoxx_ext_country_earnings_yield_improvement,2009-10-30,101.23845,98.82064,101.23619
stoxx600,new,stoxx_ext_country_earnings_yield_improvement,2009-11-30,103.28758,99.27259,102.55592
stoxx600,new,stoxx_ext_country_earnings_yield_improvement,2009-12-31,110.1733,104.82302,108.84105
stoxx600,new,stoxx_ext_country_earnings_yield_improvement,2010-01-29,110.47936,102.51612,105.92114
stoxx600,new,stoxx_ext_country_earnings_yield_improvement,2010-02-26,110.26775,100.55692,105.54978
stoxx600,new,stoxx_ext_country_earnings_yield_improvement,2010-03-31,120.67386,109.88983,113.60252
stoxx600,new,stoxx_ext_country_earnings_yield_improvement,2010-04-30,122.90336,109.18597,112.60028
stoxx600,new,stoxx_ext_country_earnings_yield_improvement,2010-05-31,116.80135,101.63054,107.27699
stoxx600,new,stoxx_ext_country_earnings_yield_improvement,2010-06-30,116.70526,99.93579,106.7057
stoxx600,new,stoxx_ext_country_earnings_yield_improvement,2010-07-30,121.12482,107.90079,112.16592
stoxx600,new,stoxx_ext_country_earnings_yield_improvement,2010-08-31,117.99432,107.22266,110.67887
stoxx600,new,stoxx_ext_country_earnings_yield_improvement,2010-09-30,122.98775,108.68196,114.53697
stoxx600,new,stoxx_ext_country_earnings_yield_improvement,2010-10-29,126.91818,110.26341,117.52249
stoxx600,new,stoxx_ext_country_earnings_yield_improvement,2010-11-30,126.80008,108.16495,115.79483
stoxx600,new,stoxx_ext_country_earnings_yield_improvement,2010-12-31,134.99103,113.27226,121.95434
stoxx600,new,stoxx_ext_country_earnings_yield_improvement,2011-01-31,140.16169,111.07196,124.12239
stoxx600,new,stoxx_ext_country_earnings_yield_improvement,2011-02-28,143.33269,112.93908,127.1703
stoxx600,new,stoxx_ext_country_earnings_yield_improvement,2011-03-31,139.5986,108.215,122.91247
stoxx600,new,stoxx_ext_country_earnings_yield_improvement,2011-04-29,143.62971,111.98084,127.22155
stoxx600,new,stoxx_ext_country_earnings_yield_improvement,2011-05-31,143.49647,111.25624,127.31543
stoxx600,new,stoxx_ext_country_earnings_yield_improvement,2011-06-30,140.58808,108.34394,123.96112
stoxx600,new,stoxx_ext_country_earnings_yield_improvement,2011-07-29,136.4123,104.59327,120.52316
stoxx600,new,stoxx_ext_country_earnings_yield_improvement,2011-08-31,124.19614,92.20251,107.9932
stoxx600,new,stoxx_ext_country_earnings_yield_improvement,2011-09-30,118.7576,83.78406,102.80235
stoxx600,new,stoxx_ext_country_earnings_yield_improvement,2011-10-31,127.28451,90.56351,110.83864
stoxx600,new,stoxx_ext_country_earnings_yield_improvement,2011-11-30,127.26555,88.00331,109.39662
stoxx600,new,stoxx_ext_country_earnings_yield_improvement,2011-12-30,129.9599,88.50383,111.24074
stoxx600,new,stoxx_ext_country_earnings_yield_improvement,2012-01-31,140.19522,91.69749,115.92659
stoxx600,new,stoxx_ext_country_earnings_yield_improvement,2012-02-29,148.07426,94.86247,120.89518
stoxx600,new,stoxx_ext_country_earnings_yield_improvement,2012-03-30,145.3129,94.74387,120.84733
stoxx600,new,stoxx_ext_country_earnings_yield_improvement,2012-04-30,143.4105,92.33817,118.87985
stoxx600,new,stoxx_ext_country_earnings_yield_improvement,2012-05-31,133.83519,86.06315,111.68611
stoxx600,new,stoxx_ext_country_earnings_yield_improvement,2012-06-29,141.2386,89.38691,117.48799
stoxx600,new,stoxx_ext_country_earnings_yield_improvement,2012-07-31,150.41015,91.77104,122.47957
stoxx600,new,stoxx_ext_country_earnings_yield_improvement,2012-08-31,152.12865,96.72205,125.31137
stoxx600,new,stoxx_ext_country_earnings_yield_improvement,2012-09-28,154.22205,98.3386,126.62092
stoxx600,new,stoxx_ext_country_earnings_yield_improvement,2012-10-31,155.96434,99.67135,127.41823
stoxx600,new,stoxx_ext_country_earnings_yield_improvement,2012-11-30,160.15148,101.85075,130.35225
stoxx600,new,stoxx_ext_country_earnings_yield_improvement,2012-12-31,162.76834,103.86478,132.43895
stoxx600,new,stoxx_ext_country_earnings_yield_improvement,2013-01-31,167.97433,106.53977,136.18683
stoxx600,new,stoxx_ext_country_earnings_yield_improvement,2013-02-28,170.1781,107.4985,137.86804
stoxx600,new,stoxx_ext_country_earnings_yield_improvement,2013-03-28,172.16567,108.45499,140.11245
stoxx600,new,stoxx_ext_country_earnings_yield_improvement,2013-04-30,175.64562,110.02821,142.49919
stoxx600,new,stoxx_ext_country_earnings_yield_improvement,2013-05-31,179.49528,114.30139,145.60033
stoxx600,new,stoxx_ext_country_earnings_yield_improvement,2013-06-28,171.912,106.64764,138.28254
stoxx600,new,stoxx_ext_country_earnings_yield_improvement,2013-07-31,181.13872,111.79213,145.45929
stoxx600,new,stoxx_ext_country_earnings_yield_improvement,2013-08-30,178.94082,111.50675,144.56708
stoxx600,new,stoxx_ext_country_earnings_yield_improvement,2013-09-30,186.27982,117.22434,151.30089
stoxx600,new,stoxx_ext_country_earnings_yield_improvement,2013-10-31,193.7714,123.51695,157.45569
stoxx600,new,stoxx_ext_country_earnings_yield_improvement,2013-11-29,194.59489,124.59389,159.19926
stoxx600,new,stoxx_ext_country_earnings_yield_improvement,2013-12-31,197.32124,124.94197,160.83468
stoxx600,new,stoxx_ext_country_earnings_yield_improvement,2014-01-31,198.86142,123.23623,158.14901
stoxx600,new,stoxx_ext_country_earnings_yield_improvement,2014-02-28,209.27345,128.78765,165.97061
stoxx600,new,stoxx_ext_country_earnings_yield_improvement,2014-03-31,206.82992,128.95607,164.64868
stoxx600,new,stoxx_ext_country_earnings_yield_improvement,2014-04-30,211.0686,130.14777,167.46879
stoxx600,new,stoxx_ext_country_earnings_yield_improvement,2014-05-30,217.27111,133.12156,172.21778
stoxx600,new,stoxx_ext_country_earnings_yield_improvement,2014-06-30,221.00064,131.69814,171.369
stoxx600,new,stoxx_ext_country_earnings_yield_improvement,2014-07-31,218.84409,127.36426,168.82429
stoxx600,new,stoxx_ext_country_earnings_yield_improvement,2014-08-29,222.06272,129.02128,172.24786
stoxx600,new,stoxx_ext_country_earnings_yield_improvement,2014-09-30,222.71589,128.57992,173.0639
stoxx600,new,stoxx_ext_country_earnings_yield_improvement,2014-10-31,220.42268,126.60676,170.12754
stoxx600,new,stoxx_ext_country_earnings_yield_improvement,2014-11-28,229.55351,130.46998,175.90072
stoxx600,new,stoxx_ext_country_earnings_yield_improvement,2014-12-31,229.84406,129.36918,173.46684
stoxx600,new,stoxx_ext_country_earnings_yield_improvement,2015-01-30,242.71146,140.44012,185.8683
stoxx600,new,stoxx_ext_country_earnings_yield_improvement,2015-02-27,259.84743,151.01815,198.76962
stoxx600,new,stoxx_ext_country_earnings_yield_improvement,2015-03-31,266.35593,152.10387,202.519
stoxx600,new,stoxx_ext_country_earnings_yield_improvement,2015-04-30,263.25623,152.49087,202.91636
stoxx600,new,stoxx_ext_country_earnings_yield_improvement,2015-05-29,266.95913,156.65403,206.71097
stoxx600,new,stoxx_ext_country_earnings_yield_improvement,2015-06-30,256.71829,149.83734,197.49274
stoxx600,new,stoxx_ext_country_earnings_yield_improvement,2015-07-31,267.99331,153.16628,205.28912
stoxx600,new,stoxx_ext_country_earnings_yield_improvement,2015-08-31,247.7167,139.51815,188.33092
stoxx600,new,stoxx_ext_country_earnings_yield_improvement,2015-09-30,239.40981,133.09435,180.75923
stoxx600,new,stoxx_ext_country_earnings_yield_improvement,2015-10-30,257.30491,145.01103,195.26622
stoxx600,new,stoxx_ext_country_earnings_yield_improvement,2015-11-30,264.07736,147.39841,200.85719
stoxx600,new,stoxx_ext_country_earnings_yield_improvement,2015-12-31,252.43406,139.47144,190.93505
stoxx600,new,stoxx_ext_country_earnings_yield_improvement,2016-01-29,236.70133,130.93235,178.74327
stoxx600,new,stoxx_ext_country_earnings_yield_improvement,2016-02-29,228.37182,129.94832,174.50341
stoxx600,new,stoxx_ext_country_earnings_yield_improvement,2016-03-31,233.98419,132.79701,177.07179
stoxx600,new,stoxx_ext_country_earnings_yield_improvement,2016-04-29,238.90285,136.00332,180.60119
stoxx600,new,stoxx_ext_country_earnings_yield_improvement,2016-05-31,247.78736,138.87557,185.46997
stoxx600,new,stoxx_ext_country_earnings_yield_improvement,2016-06-30,232.7046,130.26384,176.12308
stoxx600,new,stoxx_ext_country_earnings_yield_improvement,2016-07-29,240.06366,136.29667,182.6614
stoxx600,new,stoxx_ext_country_earnings_yield_improvement,2016-08-31,239.26592,138.16418,184.0494
stoxx600,new,stoxx_ext_country_earnings_yield_improvement,2016-09-30,243.68974,137.95491,183.99605
stoxx600,new,stoxx_ext_country_earnings_yield_improvement,2016-10-31,243.65403,136.79395,182.25342
stoxx600,new,stoxx_ext_country_earnings_yield_improvement,2016-11-30,248.18186,138.25672,183.91949
stoxx600,new,stoxx_ext_country_earnings_yield_improvement,2016-12-30,259.40674,148.21108,194.44965
stoxx600,new,stoxx_ext_country_earnings_yield_improvement,2017-01-31,257.93988,150.69045,193.94329
stoxx600,new,stoxx_ext_country_earnings_yield_improvement,2017-02-28,265.75957,155.84903,199.78235
stoxx600,new,stoxx_ext_country_earnings_yield_improvement,2017-03-31,272.67095,160.13863,206.7673
stoxx600,new,stoxx_ext_country_earnings_yield_improvement,2017-04-28,278.69853,165.40975,211.08811
stoxx600,new,stoxx_ext_country_earnings_yield_improvement,2017-05-31,282.16766,168.16817,214.46628
stoxx600,new,stoxx_ext_country_earnings_yield_improvement,2017-06-30,276.13862,164.12978,209.3009
stoxx600,new,stoxx_ext_country_earnings_yield_improvement,2017-07-31,276.89689,165.09956,208.76416
stoxx600,new,stoxx_ext_country_earnings_yield_improvement,2017-08-31,276.28261,161.52278,206.67176
stoxx600,new,stoxx_ext_country_earnings_yield_improvement,2017-09-29,288.47875,168.33013,214.7318
stoxx600,new,stoxx_ext_country_earnings_yield_improvement,2017-10-31,296.90297,171.06999,218.77919
stoxx600,new,stoxx_ext_country_earnings_yield_improvement,2017-11-30,291.24805,168.68164,214.27077
stoxx600,new,stoxx_ext_country_earnings_yield_improvement,2017-12-29,293.74077,169.71438,215.82544
stoxx600,new,stoxx_ext_country_earnings_yield_improvement,2018-01-31,294.82116,173.08291,219.35139
stoxx600,new,stoxx_ext_country_earnings_yield_improvement,2018-02-28,285.79858,166.19617,211.03157
stoxx600,new,stoxx_ext_country_earnings_yield_improvement,2018-03-29,279.70584,164.01045,206.80914
stoxx600,new,stoxx_ext_country_earnings_yield_improvement,2018-04-30,291.0577,171.08708,216.39473
stoxx600,new,stoxx_ext_country_earnings_yield_improvement,2018-05-31,295.15679,169.90939,216.45171
stoxx600,new,stoxx_ext_country_earnings_yield_improvement,2018-06-29,293.22056,168.72483,215.36904
stoxx600,new,stoxx_ext_country_earnings_yield_improvement,2018-07-31,302.67139,173.53243,222.08042
stoxx600,new,stoxx_ext_country_earnings_yield_improvement,2018-08-31,300.68641,169.27331,217.06551
stoxx600,new,stoxx_ext_country_earnings_yield_improvement,2018-09-28,300.99987,169.29614,217.78128
stoxx600,new,stoxx_ext_country_earnings_yield_improvement,2018-10-31,283.25668,159.47971,205.96212
stoxx600,new,stoxx_ext_country_earnings_yield_improvement,2018-11-30,281.82746,158.42386,204.10636
stoxx600,new,stoxx_ext_country_earnings_yield_improvement,2018-12-31,266.11702,149.07323,192.92759
stoxx600,new,stoxx_ext_country_earnings_yield_improvement,2019-01-31,288.51629,158.07682,205.0829
stoxx600,new,stoxx_ext_country_earnings_yield_improvement,2019-02-28,301.19901,162.74545,213.65458
stoxx600,new,stoxx_ext_country_earnings_yield_improvement,2019-03-29,305.72825,165.97065,217.93279
stoxx600,new,stoxx_ext_country_earnings_yield_improvement,2019-04-30,318.02841,172.76949,226.21705
stoxx600,new,stoxx_ext_country_earnings_yield_improvement,2019-05-31,305.80565,160.06939,215.45578
stoxx600,new,stoxx_ext_country_earnings_yield_improvement,2019-06-28,317.16041,167.5349,224.94898
stoxx600,new,stoxx_ext_country_earnings_yield_improvement,2019-07-31,318.58123,168.46431,225.5498
stoxx600,new,stoxx_ext_country_earnings_yield_improvement,2019-08-30,311.35979,165.04488,222.18693
stoxx600,new,stoxx_ext_country_earnings_yield_improvement,2019-09-30,324.2712,171.19066,230.47296
stoxx600,new,stoxx_ext_country_earnings_yield_improvement,2019-10-31,330.43693,174.23327,233.05177
stoxx600,new,stoxx_ext_country_earnings_yield_improvement,2019-11-29,340.95317,177.71415,239.48317
stoxx600,new,stoxx_ext_country_earnings_yield_improvement,2019-12-31,350.32445,180.93577,244.77487
stoxx600,new,stoxx_ext_country_earnings_yield_improvement,2020-01-31,345.03734,180.35643,242.23287
stoxx600,new,stoxx_ext_country_earnings_yield_improvement,2020-02-28,318.14739,167.01965,222.33851
stoxx600,new,stoxx_ext_country_earnings_yield_improvement,2020-03-31,255.39267,136.34568,189.73061
stoxx600,new,stoxx_ext_country_earnings_yield_improvement,2020-04-30,272.42452,147.51874,202.54821
stoxx600,new,stoxx_ext_country_earnings_yield_improvement,2020-05-29,277.25489,152.06087,209.87361
stoxx600,new,stoxx_ext_country_earnings_yield_improvement,2020-06-30,281.84783,156.95512,216.74183
stoxx600,new,stoxx_ext_country_earnings_yield_improvement,2020-07-31,284.52843,153.29842,214.58192
stoxx600,new,stoxx_ext_country_earnings_yield_improvement,2020-08-31,295.64495,159.77347,221.2848
stoxx600,new,stoxx_ext_country_earnings_yield_improvement,2020-09-30,293.85126,156.03649,217.88503
stoxx600,new,stoxx_ext_country_earnings_yield_improvement,2020-10-30,284.85683,146.83619,206.71048
stoxx600,new,stoxx_ext_country_earnings_yield_improvement,2020-11-30,326.55943,174.14142,235.59502
stoxx600,new,stoxx_ext_country_earnings_yield_improvement,2020-12-31,342.82492,180.11952,241.97071
stoxx600,new,stoxx_ext_country_earnings_yield_improvement,2021-01-29,341.2977,177.50881,240.14977
stoxx600,new,stoxx_ext_country_earnings_yield_improvement,2021-02-26,353.13745,181.74659,245.91623
stoxx600,new,stoxx_ext_country_earnings_yield_improvement,2021-03-31,376.1196,190.99949,261.81641
stoxx600,new,stoxx_ext_country_earnings_yield_improvement,2021-04-30,377.48374,196.54305,268.06777
stoxx600,new,stoxx_ext_country_earnings_yield_improvement,2021-05-31,392.69429,201.66897,275.30661
stoxx600,new,stoxx_ext_country_earnings_yield_improvement,2021-06-30,397.14341,203.2437,279.40495
stoxx600,new,stoxx_ext_country_earnings_yield_improvement,2021-07-30,401.78949,205.11136,285.09229
stoxx600,new,stoxx_ext_country_earnings_yield_improvement,2021-08-31,407.29873,208.12993,290.61627
stoxx600,new,stoxx_ext_country_earnings_yield_improvement,2021-09-30,398.14657,204.12984,281.5804
stoxx600,new,stoxx_ext_country_earnings_yield_improvement,2021-10-29,416.67824,209.73652,294.72559
stoxx600,new,stoxx_ext_country_earnings_yield_improvement,2021-11-30,404.48795,203.04597,287.21728
stoxx600,new,stoxx_ext_country_earnings_yield_improvement,2021-12-31,429.26735,210.16159,302.14373
stoxx600,new,stoxx_ext_country_earnings_yield_improvement,2022-01-31,419.85514,198.42986,291.53941
stoxx600,new,stoxx_ext_country_earnings_yield_improvement,2022-02-28,405.07366,193.70522,282.22679
stoxx600,new,stoxx_ext_country_earnings_yield_improvement,2022-03-31,416.46323,192.36387,285.66025
stoxx600,new,stoxx_ext_country_earnings_yield_improvement,2022-04-29,420.86383,189.92086,284.14235
stoxx600,new,stoxx_ext_country_earnings_yield_improvement,2022-05-31,420.41658,193.35829,282.14524
stoxx600,new,stoxx_ext_country_earnings_yield_improvement,2022-06-30,378.78464,172.51353,260.10212
stoxx600,new,stoxx_ext_country_earnings_yield_improvement,2022-07-29,397.74933,178.91373,280.19853
stoxx600,new,stoxx_ext_country_earnings_yield_improvement,2022-08-31,382.24585,166.93336,266.04478
stoxx600,new,stoxx_ext_country_earnings_yield_improvement,2022-09-30,355.6391,153.55253,248.98202
stoxx600,new,stoxx_ext_country_earnings_yield_improvement,2022-10-31,380.73352,163.1642,264.6085
stoxx600,new,stoxx_ext_country_earnings_yield_improvement,2022-11-30,399.71991,172.76608,283.06096
stoxx600,new,stoxx_ext_country_earnings_yield_improvement,2022-12-30,388.32276,167.13006,273.3969
stoxx600,new,stoxx_ext_country_earnings_yield_improvement,2023-01-31,413.78636,171.34518,291.73851
stoxx600,new,stoxx_ext_country_earnings_yield_improvement,2023-02-28,420.81328,166.39037,297.56395
stoxx600,new,stoxx_ext_country_earnings_yield_improvement,2023-03-31,429.52704,162.29482,297.02013
stoxx600,new,stoxx_ext_country_earnings_yield_improvement,2023-04-28,435.64318,169.61806,304.74712
stoxx600,new,stoxx_ext_country_earnings_yield_improvement,2023-05-31,433.86485,162.7032,297.59249
stoxx600,new,stoxx_ext_country_earnings_yield_improvement,2023-06-30,444.33206,162.74427,304.79261
stoxx600,new,stoxx_ext_country_earnings_yield_improvement,2023-07-31,460.95502,169.77526,311.28363
stoxx600,new,stoxx_ext_country_earnings_yield_improvement,2023-08-31,457.86322,164.38165,303.41719
stoxx600,new,stoxx_ext_country_earnings_yield_improvement,2023-09-29,460.97861,158.18261,298.63054
stoxx600,new,stoxx_ext_country_earnings_yield_improvement,2023-10-31,447.31653,151.9159,287.93101
stoxx600,new,stoxx_ext_country_earnings_yield_improvement,2023-11-30,483.85889,161.52836,307.00521
stoxx600,new,stoxx_ext_country_earnings_yield_improvement,2023-12-29,503.62484,171.28327,318.64222
stoxx600,new,stoxx_ext_country_earnings_yield_improvement,2024-01-31,494.26139,171.74762,323.21487
stoxx600,new,stoxx_ext_country_earnings_yield_improvement,2024-02-29,498.44291,175.64,329.1331
stoxx600,new,stoxx_ext_country_earnings_yield_improvement,2024-03-28,523.55065,184.16601,343.06183
stoxx600,new,stoxx_ext_country_earnings_yield_improvement,2024-04-30,521.49744,183.39348,340.49451
stoxx600,new,stoxx_ext_country_earnings_yield_improvement,2024-05-31,550.80691,189.99423,352.66594
stoxx600,new,stoxx_ext_country_earnings_yield_improvement,2024-06-28,530.55553,183.83338,348.89111
stoxx600,new,stoxx_ext_country_earnings_yield_improvement,2024-07-31,539.79235,186.85429,354.06355
stoxx600,new,stoxx_ext_country_earnings_yield_improvement,2024-08-30,543.31138,184.37176,359.73835
stoxx600,new,stoxx_ext_country_earnings_yield_improvement,2024-09-30,557.5049,190.99466,358.64021
stoxx600,new,stoxx_ext_country_earnings_yield_improvement,2024-10-31,538.9728,184.36684,347.09892
stoxx600,new,stoxx_ext_country_earnings_yield_improvement,2024-11-29,554.08065,181.48862,351.26917
stoxx600,new,stoxx_ext_country_earnings_yield_improvement,2024-12-31,546.58034,179.35293,351.23684
stoxx600,new,stoxx_ext_country_earnings_yield_improvement,2025-01-31,579.63755,190.29424,375.85403
stoxx600,new,stoxx_ext_country_earnings_yield_improvement,2025-02-28,592.67747,195.14579,388.78545
stoxx600,new,stoxx_ext_country_earnings_yield_improvement,2025-03-31,562.99118,186.20962,374.02575
stoxx600,new,stoxx_ext_country_earnings_yield_improvement,2025-04-30,576.41762,182.59709,371.94493
stoxx600,new,stoxx_ext_country_earnings_yield_improvement,2025-05-30,610.95162,193.12589,392.98376
stoxx600,new,stoxx_ext_country_earnings_yield_improvement,2025-06-30,607.50397,192.11294,388.33406
stoxx600,new,stoxx_ext_country_earnings_yield_improvement,2025-07-31,624.05768,195.98332,392.28523
stoxx600,new,stoxx_ext_country_earnings_yield_improvement,2025-08-29,638.1467,198.73363,396.21843
stoxx600,new,stoxx_ext_country_earnings_yield_improvement,2025-09-30,645.12719,201.5665,402.59975
stoxx600,new,stoxx_ext_country_earnings_yield_improvement,2025-10-31,667.25303,203.95208,413.00531
stoxx600,new,stoxx_ext_country_earnings_yield_improvement,2025-11-28,670.73347,207.07124,416.9678
stoxx600,new,stoxx_ext_country_earnings_yield_improvement,2025-12-31,692.116,213.30196,428.46287
stoxx600,new,stoxx_ext_country_earnings_yield_improvement,2026-01-30,727.55951,215.52931,442.11914
stoxx600,new,stoxx_ext_country_earnings_yield_improvement,2026-02-27,741.92437,223.11953,458.9764
stoxx600,new,stoxx_ext_country_earnings_yield_improvement,2026-03-31,699.41225,207.43146,423.97877
stoxx600,new,stoxx_ext_country_earnings_yield_improvement,2026-04-30,749.1681,221.1241,446.33999
stoxx600,new,stoxx_ext_country_earnings_yield_improvement,2026-05-29,781.50962,230.10511,461.20539
stoxx600,new,stoxx_ext_country_earnings_yield_improvement,2026-06-30,790.32793,228.66618,471.19846
stoxx600,new,stoxx_ext_country_earnings_yield_improvement,2026-07-02,801.93316,234.01676,477.09567
stoxx600,new,stoxx_ext_country_value_confirmation,2009-10-02,100.0,100.0,100.0
stoxx600,new,stoxx_ext_country_value_confirmation,2009-10-30,102.07096,99.03257,101.23619
stoxx600,new,stoxx_ext_country_value_confirmation,2009-11-30,103.55336,100.2903,102.55592
stoxx600,new,stoxx_ext_country_value_confirmation,2009-12-31,109.925,105.92758,108.84105
stoxx600,new,stoxx_ext_country_value_confirmation,2010-01-29,108.98703,102.80356,105.92114
stoxx600,new,stoxx_ext_country_value_confirmation,2010-02-26,108.38003,101.57297,105.54978
stoxx600,new,stoxx_ext_country_value_confirmation,2010-03-31,117.32937,110.60271,113.60252
stoxx600,new,stoxx_ext_country_value_confirmation,2010-04-30,119.36458,110.03235,112.60028
stoxx600,new,stoxx_ext_country_value_confirmation,2010-05-31,113.99659,104.68098,107.27699
stoxx600,new,stoxx_ext_country_value_confirmation,2010-06-30,111.60551,101.79657,106.7057
stoxx600,new,stoxx_ext_country_value_confirmation,2010-07-30,115.73309,109.71535,112.16592
stoxx600,new,stoxx_ext_country_value_confirmation,2010-08-31,114.07672,108.93877,110.67887
stoxx600,new,stoxx_ext_country_value_confirmation,2010-09-30,119.37841,112.65993,114.53697
stoxx600,new,stoxx_ext_country_value_confirmation,2010-10-29,123.31009,113.14051,117.52249
stoxx600,new,stoxx_ext_country_value_confirmation,2010-11-30,123.65041,111.87678,115.79483
stoxx600,new,stoxx_ext_country_value_confirmation,2010-12-31,131.04713,117.23146,121.95434
stoxx600,new,stoxx_ext_country_value_confirmation,2011-01-31,134.6718,115.99273,124.12239
stoxx600,new,stoxx_ext_country_value_confirmation,2011-02-28,138.29186,118.51454,127.1703
stoxx600,new,stoxx_ext_country_value_confirmation,2011-03-31,134.63621,114.42185,122.91247
stoxx600,new,stoxx_ext_country_value_confirmation,2011-04-29,139.07065,118.4131,127.22155
stoxx600,new,stoxx_ext_country_value_confirmation,2011-05-31,138.56919,117.32008,127.31543
stoxx600,new,stoxx_ext_country_value_confirmation,2011-06-30,136.27717,114.09292,123.96112
stoxx600,new,stoxx_ext_country_value_confirmation,2011-07-29,132.34071,110.21361,120.52316
stoxx600,new,stoxx_ext_country_value_confirmation,2011-08-31,119.86143,96.58416,107.9932
stoxx600,new,stoxx_ext_country_value_confirmation,2011-09-30,113.30154,88.23185,102.80235
stoxx600,new,stoxx_ext_country_value_confirmation,2011-10-31,121.59341,95.67566,110.83864
stoxx600,new,stoxx_ext_country_value_confirmation,2011-11-30,121.68672,93.37657,109.39662
stoxx600,new,stoxx_ext_country_value_confirmation,2011-12-30,123.53342,93.97465,111.24074
stoxx600,new,stoxx_ext_country_value_confirmation,2012-01-31,130.88504,97.17965,115.92659
stoxx600,new,stoxx_ext_country_value_confirmation,2012-02-29,136.57489,100.64858,120.89518
stoxx600,new,stoxx_ext_country_value_confirmation,2012-03-30,136.00411,98.75164,120.84733
stoxx600,new,stoxx_ext_country_value_confirmation,2012-04-30,135.5274,95.2489,118.87985
stoxx600,new,stoxx_ext_country_value_confirmation,2012-05-31,125.46236,88.06806,111.68611
stoxx600,new,stoxx_ext_country_value_confirmation,2012-06-29,130.31732,92.01164,117.48799
stoxx600,new,stoxx_ext_country_value_confirmation,2012-07-31,138.80257,95.38094,122.47957
stoxx600,new,stoxx_ext_country_value_confirmation,2012-08-31,140.08038,99.69189,125.31137
stoxx600,new,stoxx_ext_country_value_confirmation,2012-09-28,143.53442,100.73667,126.62092
stoxx600,new,stoxx_ext_country_value_confirmation,2012-10-31,144.87551,102.02777,127.41823
stoxx600,new,stoxx_ext_country_value_confirmation,2012-11-30,148.88045,104.33188,130.35225
stoxx600,new,stoxx_ext_country_value_confirmation,2012-12-31,150.97645,105.75617,132.43895
stoxx600,new,stoxx_ext_country_value_confirmation,2013-01-31,156.50001,109.27502,136.18683
stoxx600,new,stoxx_ext_country_value_confirmation,2013-02-28,159.32284,109.51994,137.86804
stoxx600,new,stoxx_ext_country_value_confirmation,2013-03-28,161.11143,110.29417,140.11245
stoxx600,new,stoxx_ext_country_value_confirmation,2013-04-30,164.56929,112.49249,142.49919
stoxx600,new,stoxx_ext_country_value_confirmation,2013-05-31,167.68135,115.62544,145.60033
stoxx600,new,stoxx_ext_country_value_confirmation,2013-06-28,160.30133,107.66995,138.28254
stoxx600,new,stoxx_ext_country_value_confirmation,2013-07-31,168.02378,112.95161,145.45929
stoxx600,new,stoxx_ext_country_value_confirmation,2013-08-30,166.83833,112.99777,144.56708
stoxx600,new,stoxx_ext_country_value_confirmation,2013-09-30,174.14221,118.59228,151.30089
stoxx600,new,stoxx_ext_country_value_confirmation,2013-10-31,182.0483,122.92205,157.45569
stoxx600,new,stoxx_ext_country_value_confirmation,2013-11-29,183.24367,123.55376,159.19926
stoxx600,new,stoxx_ext_country_value_confirmation,2013-12-31,186.4838,122.82647,160.83468
stoxx600,new,stoxx_ext_country_value_confirmation,2014-01-31,187.2262,120.18953,158.14901
stoxx600,new,stoxx_ext_country_value_confirmation,2014-02-28,199.33002,125.34132,165.97061
stoxx600,new,stoxx_ext_country_value_confirmation,2014-03-31,195.10764,125.25272,164.64868
stoxx600,new,stoxx_ext_country_value_confirmation,2014-04-30,197.80908,127.91014,167.46879
stoxx600,new,stoxx_ext_country_value_confirmation,2014-05-30,205.29252,131.34957,172.21778
stoxx600,new,stoxx_ext_country_value_confirmation,2014-06-30,209.17934,129.84094,171.369
stoxx600,new,stoxx_ext_country_value_confirmation,2014-07-31,206.55097,126.29838,168.82429
stoxx600,new,stoxx_ext_country_value_confirmation,2014-08-29,209.53759,128.06013,172.24786
stoxx600,new,stoxx_ext_country_value_confirmation,2014-09-30,210.72838,126.58328,173.0639
stoxx600,new,stoxx_ext_country_value_confirmation,2014-10-31,208.95754,123.56194,170.12754
stoxx600,new,stoxx_ext_country_value_confirmation,2014-11-28,216.74565,126.98787,175.90072
stoxx600,new,stoxx_ext_country_value_confirmation,2014-12-31,216.44048,124.41519,173.46684
stoxx600,new,stoxx_ext_country_value_confirmation,2015-01-30,228.44531,134.30249,185.8683
stoxx600,new,stoxx_ext_country_value_confirmation,2015-02-27,245.16303,144.34254,198.76962
stoxx600,new,stoxx_ext_country_value_confirmation,2015-03-31,250.98405,146.24511,202.519
stoxx600,new,stoxx_ext_country_value_confirmation,2015-04-30,249.74026,147.01189,202.91636
stoxx600,new,stoxx_ext_country_value_confirmation,2015-05-29,257.19936,149.22401,206.71097
stoxx600,new,stoxx_ext_country_value_confirmation,2015-06-30,247.05584,142.29606,197.49274
stoxx600,new,stoxx_ext_country_value_confirmation,2015-07-31,255.68161,145.32303,205.28912
stoxx600,new,stoxx_ext_country_value_confirmation,2015-08-31,238.84964,130.48568,188.33092
stoxx600,new,stoxx_ext_country_value_confirmation,2015-09-30,231.88233,122.91394,180.75923
stoxx600,new,stoxx_ext_country_value_confirmation,2015-10-30,248.58465,134.51672,195.26622
stoxx600,new,stoxx_ext_country_value_confirmation,2015-11-30,253.65545,136.65901,200.85719
stoxx600,new,stoxx_ext_country_value_confirmation,2015-12-31,243.30419,127.83732,190.93505
stoxx600,new,stoxx_ext_country_value_confirmation,2016-01-29,229.4738,118.72882,178.74327
stoxx600,new,stoxx_ext_country_value_confirmation,2016-02-29,220.87676,118.29893,174.50341
stoxx600,new,stoxx_ext_country_value_confirmation,2016-03-31,226.91796,120.50618,177.07179
stoxx600,new,stoxx_ext_country_value_confirmation,2016-04-29,231.00388,123.80843,180.60119
stoxx600,new,stoxx_ext_country_value_confirmation,2016-05-31,238.04633,125.74779,185.46997
stoxx600,new,stoxx_ext_country_value_confirmation,2016-06-30,221.40754,118.18117,176.12308
stoxx600,new,stoxx_ext_country_value_confirmation,2016-07-29,230.00848,122.24286,182.6614
stoxx600,new,stoxx_ext_country_value_confirmation,2016-08-31,230.12106,123.78459,184.0494
stoxx600,new,stoxx_ext_country_value_confirmation,2016-09-30,231.42856,123.82663,183.99605
stoxx600,new,stoxx_ext_country_value_confirmation,2016-10-31,231.20982,123.62495,182.25342
stoxx600,new,stoxx_ext_country_value_confirmation,2016-11-30,233.61174,124.94728,183.91949
stoxx600,new,stoxx_ext_country_value_confirmation,2016-12-30,243.74085,132.49796,194.44965
stoxx600,new,stoxx_ext_country_value_confirmation,2017-01-31,243.91595,134.01946,193.94329
stoxx600,new,stoxx_ext_country_value_confirmation,2017-02-28,249.3756,139.13048,199.78235
stoxx600,new,stoxx_ext_country_value_confirmation,2017-03-31,257.02653,143.15475,206.7673
stoxx600,new,stoxx_ext_country_value_confirmation,2017-04-28,263.66131,147.71467,211.08811
stoxx600,new,stoxx_ext_country_value_confirmation,2017-05-31,266.95993,150.3655,214.46628
stoxx600,new,stoxx_ext_country_value_confirmation,2017-06-30,262.2865,146.63922,209.3009
stoxx600,new,stoxx_ext_country_value_confirmation,2017-07-31,261.76236,145.98753,208.76416
stoxx600,new,stoxx_ext_country_value_confirmation,2017-08-31,262.60609,143.14836,206.67176
stoxx600,new,stoxx_ext_country_value_confirmation,2017-09-29,274.63673,149.19207,214.7318
stoxx600,new,stoxx_ext_country_value_confirmation,2017-10-31,281.95366,151.94078,218.77919
stoxx600,new,stoxx_ext_country_value_confirmation,2017-11-30,278.48407,149.97669,214.27077
stoxx600,new,stoxx_ext_country_value_confirmation,2017-12-29,281.87606,153.12102,215.82544
stoxx600,new,stoxx_ext_country_value_confirmation,2018-01-31,284.98321,154.91828,219.35139
stoxx600,new,stoxx_ext_country_value_confirmation,2018-02-28,276.0703,151.19408,211.03157
stoxx600,new,stoxx_ext_country_value_confirmation,2018-03-29,270.23048,149.30072,206.80914
stoxx600,new,stoxx_ext_country_value_confirmation,2018-04-30,282.31368,154.92765,216.39473
stoxx600,new,stoxx_ext_country_value_confirmation,2018-05-31,279.41893,155.6134,216.45171
stoxx600,new,stoxx_ext_country_value_confirmation,2018-06-29,280.37423,153.14983,215.36904
stoxx600,new,stoxx_ext_country_value_confirmation,2018-07-31,287.96271,157.27372,222.08042
stoxx600,new,stoxx_ext_country_value_confirmation,2018-08-31,285.33041,154.27787,217.06551
stoxx600,new,stoxx_ext_country_value_confirmation,2018-09-28,284.88847,154.38403,217.78128
stoxx600,new,stoxx_ext_country_value_confirmation,2018-10-31,263.83861,143.65069,205.96212
stoxx600,new,stoxx_ext_country_value_confirmation,2018-11-30,257.35974,141.36029,204.10636
stoxx600,new,stoxx_ext_country_value_confirmation,2018-12-31,243.9187,132.55864,192.92759
stoxx600,new,stoxx_ext_country_value_confirmation,2019-01-31,263.35997,140.49067,205.0829
stoxx600,new,stoxx_ext_country_value_confirmation,2019-02-28,274.39977,148.08293,213.65458
stoxx600,new,stoxx_ext_country_value_confirmation,2019-03-29,280.80327,150.59102,217.93279
stoxx600,new,stoxx_ext_country_value_confirmation,2019-04-30,288.51539,156.53,226.21705
stoxx600,new,stoxx_ext_country_value_confirmation,2019-05-31,278.92242,146.99357,215.45578
stoxx600,new,stoxx_ext_country_value_confirmation,2019-06-28,289.58399,152.45794,224.94898
stoxx600,new,stoxx_ext_country_value_confirmation,2019-07-31,287.0014,153.88093,225.5498
stoxx600,new,stoxx_ext_country_value_confirmation,2019-08-30,281.90732,150.99396,222.18693
stoxx600,new,stoxx_ext_country_value_confirmation,2019-09-30,292.48161,157.27312,230.47296
stoxx600,new,stoxx_ext_country_value_confirmation,2019-10-31,295.1747,159.75892,233.05177
stoxx600,new,stoxx_ext_country_value_confirmation,2019-11-29,305.58498,164.30998,239.48317
stoxx600,new,stoxx_ext_country_value_confirmation,2019-12-31,312.48198,168.536,244.77487
stoxx600,new,stoxx_ext_country_value_confirmation,2020-01-31,307.60236,167.95824,242.23287
stoxx600,new,stoxx_ext_country_value_confirmation,2020-02-28,283.52937,152.03773,222.33851
stoxx600,new,stoxx_ext_country_value_confirmation,2020-03-31,237.8764,130.23071,189.73061
stoxx600,new,stoxx_ext_country_value_confirmation,2020-04-30,251.96819,141.30318,202.54821
stoxx600,new,stoxx_ext_country_value_confirmation,2020-05-29,260.08882,145.7682,209.87361
stoxx600,new,stoxx_ext_country_value_confirmation,2020-06-30,263.20014,150.00399,216.74183
stoxx600,new,stoxx_ext_country_value_confirmation,2020-07-31,263.97449,146.89878,214.58192
stoxx600,new,stoxx_ext_country_value_confirmation,2020-08-31,271.06953,152.44375,221.2848
stoxx600,new,stoxx_ext_country_value_confirmation,2020-09-30,268.94108,148.39415,217.88503
stoxx600,new,stoxx_ext_country_value_confirmation,2020-10-30,259.65811,140.44371,206.71048
stoxx600,new,stoxx_ext_country_value_confirmation,2020-11-30,292.80245,167.12002,235.59502
stoxx600,new,stoxx_ext_country_value_confirmation,2020-12-31,304.27213,171.74667,241.97071
stoxx600,new,stoxx_ext_country_value_confirmation,2021-01-29,302.77802,168.64405,240.14977
stoxx600,new,stoxx_ext_country_value_confirmation,2021-02-26,314.87329,170.767,245.91623
stoxx600,new,stoxx_ext_country_value_confirmation,2021-03-31,337.84059,180.79319,261.81641
stoxx600,new,stoxx_ext_country_value_confirmation,2021-04-30,342.79352,184.71947,268.06777
stoxx600,new,stoxx_ext_country_value_confirmation,2021-05-31,352.05271,189.40058,275.30661
stoxx600,new,stoxx_ext_country_value_confirmation,2021-06-30,358.10812,190.37533,279.40495
stoxx600,new,stoxx_ext_country_value_confirmation,2021-07-30,368.03559,189.54528,285.09229
stoxx600,new,stoxx_ext_country_value_confirmation,2021-08-31,373.83313,191.50447,290.61627
stoxx600,new,stoxx_ext_country_value_confirmation,2021-09-30,363.61741,184.52811,281.5804
stoxx600,new,stoxx_ext_country_value_confirmation,2021-10-29,381.1772,190.07799,294.72559
stoxx600,new,stoxx_ext_country_value_confirmation,2021-11-30,374.19343,181.25684,287.21728
stoxx600,new,stoxx_ext_country_value_confirmation,2021-12-31,393.47833,187.36232,302.14373
stoxx600,new,stoxx_ext_country_value_confirmation,2022-01-31,386.4248,177.15482,291.53941
stoxx600,new,stoxx_ext_country_value_confirmation,2022-02-28,368.89665,174.9667,282.22679
stoxx600,new,stoxx_ext_country_value_confirmation,2022-03-31,380.7542,175.40751,285.66025
stoxx600,new,stoxx_ext_country_value_confirmation,2022-04-29,383.2413,172.4548,284.14235
stoxx600,new,stoxx_ext_country_value_confirmation,2022-05-31,384.05819,174.36155,282.14524
stoxx600,new,stoxx_ext_country_value_confirmation,2022-06-30,346.55983,155.26827,260.10212
stoxx600,new,stoxx_ext_country_value_confirmation,2022-07-29,367.85255,162.23022,280.19853
stoxx600,new,stoxx_ext_country_value_confirmation,2022-08-31,351.19908,148.66847,266.04478
stoxx600,new,stoxx_ext_country_value_confirmation,2022-09-30,325.85409,136.56531,248.98202
stoxx600,new,stoxx_ext_country_value_confirmation,2022-10-31,346.08795,143.68317,264.6085
stoxx600,new,stoxx_ext_country_value_confirmation,2022-11-30,360.26954,156.00471,283.06096
stoxx600,new,stoxx_ext_country_value_confirmation,2022-12-30,350.11749,151.3785,273.3969
stoxx600,new,stoxx_ext_country_value_confirmation,2023-01-31,370.61364,160.4016,291.73851
stoxx600,new,stoxx_ext_country_value_confirmation,2023-02-28,387.83203,161.50224,297.56395
stoxx600,new,stoxx_ext_country_value_confirmation,2023-03-31,397.83401,159.38455,297.02013
stoxx600,new,stoxx_ext_country_value_confirmation,2023-04-28,402.62433,166.03349,304.74712
stoxx600,new,stoxx_ext_country_value_confirmation,2023-05-31,394.89455,159.22437,297.59249
stoxx600,new,stoxx_ext_country_value_confirmation,2023-06-30,403.81666,159.41699,304.79261
stoxx600,new,stoxx_ext_country_value_confirmation,2023-07-31,410.85697,167.69647,311.28363
stoxx600,new,stoxx_ext_country_value_confirmation,2023-08-31,419.96653,162.68858,303.41719
stoxx600,new,stoxx_ext_country_value_confirmation,2023-09-29,421.30561,154.11276,298.63054
stoxx600,new,stoxx_ext_country_value_confirmation,2023-10-31,408.21374,147.32485,287.93101
stoxx600,new,stoxx_ext_country_value_confirmation,2023-11-30,436.56372,158.04015,307.00521
stoxx600,new,stoxx_ext_country_value_confirmation,2023-12-29,453.41264,170.10575,318.64222
stoxx600,new,stoxx_ext_country_value_confirmation,2024-01-31,450.62788,171.63631,323.21487
stoxx600,new,stoxx_ext_country_value_confirmation,2024-02-29,445.7453,173.58056,329.1331
stoxx600,new,stoxx_ext_country_value_confirmation,2024-03-28,465.47278,182.71867,343.06183
stoxx600,new,stoxx_ext_country_value_confirmation,2024-04-30,454.08331,183.8431,340.49451
stoxx600,new,stoxx_ext_country_value_confirmation,2024-05-31,474.23371,187.45956,352.66594
stoxx600,new,stoxx_ext_country_value_confirmation,2024-06-28,465.08462,182.78032,348.89111
stoxx600,new,stoxx_ext_country_value_confirmation,2024-07-31,467.10194,185.77898,354.06355
stoxx600,new,stoxx_ext_country_value_confirmation,2024-08-30,472.77986,184.48843,359.73835
stoxx600,new,stoxx_ext_country_value_confirmation,2024-09-30,479.82478,190.88912,358.64021
stoxx600,new,stoxx_ext_country_value_confirmation,2024-10-31,465.33033,184.22576,347.09892
stoxx600,new,stoxx_ext_country_value_confirmation,2024-11-29,473.54316,179.40728,351.26917
stoxx600,new,stoxx_ext_country_value_confirmation,2024-12-31,466.69296,182.06226,351.23684
stoxx600,new,stoxx_ext_country_value_confirmation,2025-01-31,496.33952,194.83592,375.85403
stoxx600,new,stoxx_ext_country_value_confirmation,2025-02-28,519.92058,196.28638,388.78545
stoxx600,new,stoxx_ext_country_value_confirmation,2025-03-31,496.39456,186.3455,374.02575
stoxx600,new,stoxx_ext_country_value_confirmation,2025-04-30,509.16873,181.6412,371.94493
stoxx600,new,stoxx_ext_country_value_confirmation,2025-05-30,540.8294,191.97557,392.98376
stoxx600,new,stoxx_ext_country_value_confirmation,2025-06-30,543.91669,191.6016,388.33406
stoxx600,new,stoxx_ext_country_value_confirmation,2025-07-31,563.48199,196.26098,392.28523
stoxx600,new,stoxx_ext_country_value_confirmation,2025-08-29,573.35339,198.86551,396.21843
stoxx600,new,stoxx_ext_country_value_confirmation,2025-09-30,579.46002,199.04728,402.59975
stoxx600,new,stoxx_ext_country_value_confirmation,2025-10-31,592.5994,202.52849,413.00531
stoxx600,new,stoxx_ext_country_value_confirmation,2025-11-28,597.1212,204.16501,416.9678
stoxx600,new,stoxx_ext_country_value_confirmation,2025-12-31,615.39422,210.24439,428.46287
stoxx600,new,stoxx_ext_country_value_confirmation,2026-01-30,646.95538,215.37107,442.11914
stoxx600,new,stoxx_ext_country_value_confirmation,2026-02-27,674.13216,214.41184,458.9764
stoxx600,new,stoxx_ext_country_value_confirmation,2026-03-31,619.18707,201.13192,423.97877
stoxx600,new,stoxx_ext_country_value_confirmation,2026-04-30,655.60875,207.13718,446.33999
stoxx600,new,stoxx_ext_country_value_confirmation,2026-05-29,683.22819,214.25934,461.20539
stoxx600,new,stoxx_ext_country_value_confirmation,2026-06-30,700.30816,214.53307,471.19846
stoxx600,new,stoxx_ext_country_value_confirmation,2026-07-02,710.00372,218.7757,477.09567
stoxx600,new,stoxx_ext_country_revision,2009-07-02,100.0,100.0,100.0
stoxx600,new,stoxx_ext_country_revision,2009-07-31,108.65477,111.29569,110.12414
stoxx600,new,stoxx_ext_country_revision,2009-08-31,113.39094,120.58022,115.71463
stoxx600,new,stoxx_ext_country_revision,2009-09-30,115.78022,126.51056,119.11382
stoxx600,new,stoxx_ext_country_revision,2009-10-30,114.5235,120.79783,116.44547
stoxx600,new,stoxx_ext_country_revision,2009-11-30,115.56695,121.23925,117.96347
stoxx600,new,stoxx_ext_country_revision,2009-12-31,122.86118,128.44681,125.19285
stoxx600,new,stoxx_ext_country_revision,2010-01-29,121.73236,124.8344,121.83427
stoxx600,new,stoxx_ext_country_revision,2010-02-26,121.08979,123.97854,121.40712
stoxx600,new,stoxx_ext_country_revision,2010-03-31,132.09897,135.27293,130.66967
stoxx600,new,stoxx_ext_country_revision,2010-04-30,135.17982,135.46159,129.51685
stoxx600,new,stoxx_ext_country_revision,2010-05-31,128.1603,129.02083,123.39381
stoxx600,new,stoxx_ext_country_revision,2010-06-30,128.26567,126.80843,122.7367
stoxx600,new,stoxx_ext_country_revision,2010-07-30,135.3157,135.39098,129.01723
stoxx600,new,stoxx_ext_country_revision,2010-08-31,133.04358,133.78503,127.30677
stoxx600,new,stoxx_ext_country_revision,2010-09-30,139.66628,137.47352,131.7445
stoxx600,new,stoxx_ext_country_revision,2010-10-29,142.90852,138.19926,135.17855
stoxx600,new,stoxx_ext_country_revision,2010-11-30,143.61028,138.52745,133.19134
stoxx600,new,stoxx_ext_country_revision,2010-12-31,152.7552,146.97441,140.27623
stoxx600,new,stoxx_ext_country_revision,2011-01-31,153.63949,149.371,142.76999
stoxx600,new,stoxx_ext_country_revision,2011-02-28,155.94391,153.33624,146.27581
stoxx600,new,stoxx_ext_country_revision,2011-03-31,151.20486,148.07848,141.3783
stoxx600,new,stoxx_ext_country_revision,2011-04-29,156.22479,153.07693,146.33476
stoxx600,new,stoxx_ext_country_revision,2011-05-31,157.17299,151.55328,146.44274
stoxx600,new,stoxx_ext_country_revision,2011-06-30,154.84016,146.2366,142.58449
stoxx600,new,stoxx_ext_country_revision,2011-07-29,152.33056,142.32237,138.63003
stoxx600,new,stoxx_ext_country_revision,2011-08-31,138.43125,125.73219,124.21762
stoxx600,new,stoxx_ext_country_revision,2011-09-30,131.83056,118.10018,118.24693
stoxx600,new,stoxx_ext_country_revision,2011-10-31,140.9893,128.57508,127.49055
stoxx600,new,stoxx_ext_country_revision,2011-11-30,139.13659,126.22218,125.83189
stoxx600,new,stoxx_ext_country_revision,2011-12-30,141.47141,127.93075,127.95306
stoxx600,new,stoxx_ext_country_revision,2012-01-31,146.92952,135.29418,133.3429
stoxx600,new,stoxx_ext_country_revision,2012-02-29,152.96819,141.16632,139.05794
stoxx600,new,stoxx_ext_country_revision,2012-03-30,152.78787,141.41025,139.0029
stoxx600,new,stoxx_ext_country_revision,2012-04-30,153.78413,136.73525,136.73983
stoxx600,new,stoxx_ext_country_revision,2012-05-31,141.91588,127.69549,128.46534
stoxx600,new,stoxx_ext_country_revision,2012-06-29,147.84043,135.14307,135.13887
stoxx600,new,stoxx_ext_country_revision,2012-07-31,157.55125,139.5813,140.88036
stoxx600,new,stoxx_ext_country_revision,2012-08-31,159.55517,144.32852,144.1376
stoxx600,new,stoxx_ext_country_revision,2012-09-28,162.40558,144.44807,145.64389
stoxx600,new,stoxx_ext_country_revision,2012-10-31,163.49719,145.5221,146.56099
stoxx600,new,stoxx_ext_country_revision,2012-11-30,167.03797,148.99342,149.9358
stoxx600,new,stoxx_ext_country_revision,2012-12-31,169.67103,150.94915,152.336
stoxx600,new,stoxx_ext_country_revision,2013-01-31,175.5555,155.05414,156.64694
stoxx600,new,stoxx_ext_country_revision,2013-02-28,180.83775,156.37225,158.58073
stoxx600,new,stoxx_ext_country_revision,2013-03-28,182.34215,157.34204,161.16233
stoxx600,new,stoxx_ext_country_revision,2013-04-30,184.87189,159.76902,163.90764
stoxx600,new,stoxx_ext_country_revision,2013-05-31,187.8058,163.97316,167.47468
stoxx600,new,stoxx_ext_country_revision,2013-06-28,181.07989,152.24037,159.0575
stoxx600,new,stoxx_ext_country_revision,2013-07-31,190.28728,161.57181,167.31245
stoxx600,new,stoxx_ext_country_revision,2013-08-30,188.399,161.48992,166.2862
stoxx600,new,stoxx_ext_country_revision,2013-09-30,196.09595,169.04248,174.03167
stoxx600,new,stoxx_ext_country_revision,2013-10-31,205.09643,175.30728,181.11114
stoxx600,new,stoxx_ext_country_revision,2013-11-29,207.13156,175.98465,183.11666
stoxx600,new,stoxx_ext_country_revision,2013-12-31,212.63944,175.60946,184.99777
stoxx600,new,stoxx_ext_country_revision,2014-01-31,209.72602,172.44878,181.90862
stoxx600,new,stoxx_ext_country_revision,2014-02-28,223.95851,179.39935,190.9053
stoxx600,new,stoxx_ext_country_revision,2014-03-31,219.02129,178.48863,189.38477
stoxx600,new,stoxx_ext_country_revision,2014-04-30,222.53988,182.37886,192.62857
stoxx600,new,stoxx_ext_country_revision,2014-05-30,230.15795,185.45597,198.09102
stoxx600,new,stoxx_ext_country_revision,2014-06-30,234.42511,182.40445,197.11473
stoxx600,new,stoxx_ext_country_revision,2014-07-31,232.46283,177.64865,194.18771
stoxx600,new,stoxx_ext_country_revision,2014-08-29,236.09745,180.88536,198.12562
stoxx600,new,stoxx_ext_country_revision,2014-09-30,235.86583,178.35642,199.06426
stoxx600,new,stoxx_ext_country_revision,2014-10-31,235.74787,174.41465,195.68676
stoxx600,new,stoxx_ext_country_revision,2014-11-28,244.77359,180.19084,202.32727
stoxx600,new,stoxx_ext_country_revision,2014-12-31,246.40883,178.62928,199.52773
stoxx600,new,stoxx_ext_country_revision,2015-01-30,267.48566,191.16245,213.79234
stoxx600,new,stoxx_ext_country_revision,2015-02-27,285.35062,206.84051,228.6319
stoxx600,new,stoxx_ext_country_revision,2015-03-31,290.86221,209.36146,232.94456
stoxx600,new,stoxx_ext_country_revision,2015-04-30,289.90706,213.92697,233.40162
stoxx600,new,stoxx_ext_country_revision,2015-05-29,297.19774,218.77639,237.76632
stoxx600,new,stoxx_ext_country_revision,2015-06-30,285.63807,207.6621,227.16318
stoxx600,new,stoxx_ext_country_revision,2015-07-31,296.4638,215.09989,236.13085
stoxx600,new,stoxx_ext_country_revision,2015-08-31,276.86642,195.56311,216.62493
stoxx600,new,stoxx_ext_country_revision,2015-09-30,267.04253,182.30037,207.9157
stoxx600,new,stoxx_ext_country_revision,2015-10-30,285.47068,198.62466,224.60215
stoxx600,new,stoxx_ext_country_revision,2015-11-30,295.09441,203.64213,231.03309
stoxx600,new,stoxx_ext_country_revision,2015-12-31,284.23782,190.91686,219.6203
stoxx600,new,stoxx_ext_country_revision,2016-01-29,272.31698,176.55788,205.59687
stoxx600,new,stoxx_ext_country_revision,2016-02-29,263.51672,175.1698,200.72004
stoxx600,new,stoxx_ext_country_revision,2016-03-31,267.82819,178.4002,203.67428
stoxx600,new,stoxx_ext_country_revision,2016-04-29,269.16962,183.39449,207.73392
stoxx600,new,stoxx_ext_country_revision,2016-05-31,278.94187,186.71047,213.33416
stoxx600,new,stoxx_ext_country_revision,2016-06-30,263.32285,174.58413,202.58304
stoxx600,new,stoxx_ext_country_revision,2016-07-29,276.08793,180.86965,210.10365
stoxx600,new,stoxx_ext_country_revision,2016-08-31,276.54809,183.16175,211.70017
stoxx600,new,stoxx_ext_country_revision,2016-09-30,278.33652,182.33752,211.63881
stoxx600,new,stoxx_ext_country_revision,2016-10-31,275.52391,180.30623,209.63438
stoxx600,new,stoxx_ext_country_revision,2016-11-30,275.8176,183.02369,211.55074
stoxx600,new,stoxx_ext_country_revision,2016-12-30,288.82738,193.29566,223.66291
stoxx600,new,stoxx_ext_country_revision,2017-01-31,288.77213,193.2137,223.08048
stoxx600,new,stoxx_ext_country_revision,2017-02-28,296.16247,199.15106,229.79677
stoxx600,new,stoxx_ext_country_revision,2017-03-31,306.85567,203.61762,237.83111
stoxx600,new,stoxx_ext_country_revision,2017-04-28,317.19873,206.98905,242.80106
stoxx600,new,stoxx_ext_country_revision,2017-05-31,320.36093,212.77372,246.68676
stoxx600,new,stoxx_ext_country_revision,2017-06-30,312.96464,207.52725,240.74535
stoxx600,new,stoxx_ext_country_revision,2017-07-31,311.95518,205.36449,240.12798
stoxx600,new,stoxx_ext_country_revision,2017-08-31,311.24447,202.396,237.72122
stoxx600,new,stoxx_ext_country_revision,2017-09-29,324.20401,210.82023,246.99217
stoxx600,new,stoxx_ext_country_revision,2017-10-31,331.95288,214.05151,251.64762
stoxx600,new,stoxx_ext_country_revision,2017-11-30,327.73079,210.2363,246.46187
stoxx600,new,stoxx_ext_country_revision,2017-12-29,330.74945,212.82759,248.25011
stoxx600,new,stoxx_ext_country_revision,2018-01-31,339.13323,216.37562,252.30578
stoxx600,new,stoxx_ext_country_revision,2018-02-28,325.73009,209.95855,242.73603
stoxx600,new,stoxx_ext_country_revision,2018-03-29,318.82144,207.6491,237.87924
stoxx600,new,stoxx_ext_country_revision,2018-04-30,332.85333,215.91022,248.90492
stoxx600,new,stoxx_ext_country_revision,2018-05-31,332.35117,215.6107,248.97047
stoxx600,new,stoxx_ext_country_revision,2018-06-29,332.40361,212.3193,247.72514
stoxx600,new,stoxx_ext_country_revision,2018-07-31,340.26793,220.72712,255.44481
stoxx600,new,stoxx_ext_country_revision,2018-08-31,339.87088,215.05678,249.67648
stoxx600,new,stoxx_ext_country_revision,2018-09-28,336.62769,214.94911,250.49979
stoxx600,new,stoxx_ext_country_revision,2018-10-31,315.62324,200.65484,236.90496
stoxx600,new,stoxx_ext_country_revision,2018-11-30,305.05303,198.9747,234.7704
stoxx600,new,stoxx_ext_country_revision,2018-12-31,290.81499,186.52924,221.91219
stoxx600,new,stoxx_ext_country_revision,2019-01-31,313.93916,196.63371,235.89366
stoxx600,new,stoxx_ext_country_revision,2019-02-28,325.15283,206.87158,245.75311
stoxx600,new,stoxx_ext_country_revision,2019-03-29,336.82367,210.25949,250.67405
stoxx600,new,stoxx_ext_country_revision,2019-04-30,346.45139,218.99827,260.20291
stoxx600,new,stoxx_ext_country_revision,2019-05-31,334.68132,205.07697,247.82491
stoxx600,new,stoxx_ext_country_revision,2019-06-28,350.70958,211.24277,258.74433
stoxx600,new,stoxx_ext_country_revision,2019-07-31,347.80679,213.95077,259.43541
stoxx600,new,stoxx_ext_country_revision,2019-08-30,341.8794,211.59659,255.56732
stoxx600,new,stoxx_ext_country_revision,2019-09-30,352.34552,219.5953,265.0982
stoxx600,new,stoxx_ext_country_revision,2019-10-31,355.00612,225.18676,268.06444
stoxx600,new,stoxx_ext_country_revision,2019-11-29,367.03926,231.89195,275.46207
stoxx600,new,stoxx_ext_country_revision,2019-12-31,373.41178,239.74339,281.54877
stoxx600,new,stoxx_ext_country_revision,2020-01-31,372.33167,234.51264,278.62487
stoxx600,new,stoxx_ext_country_revision,2020-02-28,343.55972,213.90377,255.74167
stoxx600,new,stoxx_ext_country_revision,2020-03-31,292.21015,180.49702,218.23491
stoxx600,new,stoxx_ext_country_revision,2020-04-30,313.37959,191.21259,232.97816
stoxx600,new,stoxx_ext_country_revision,2020-05-29,326.03541,198.10065,241.4041
stoxx600,new,stoxx_ext_country_revision,2020-06-30,326.69896,202.71864,249.30417
stoxx600,new,stoxx_ext_country_revision,2020-07-31,325.94356,201.56928,246.81976
stoxx600,new,stoxx_ext_country_revision,2020-08-31,337.13038,208.78767,254.52966
stoxx600,new,stoxx_ext_country_revision,2020-09-30,337.5129,203.89071,250.61912
stoxx600,new,stoxx_ext_country_revision,2020-10-30,326.56358,192.47373,237.76576
stoxx600,new,stoxx_ext_country_revision,2020-11-30,363.41846,227.12847,270.98979
stoxx600,new,stoxx_ext_country_revision,2020-12-31,371.1717,232.21906,278.32333
stoxx600,new,stoxx_ext_country_revision,2021-01-29,371.9085,230.00555,276.22882
stoxx600,new,stoxx_ext_country_revision,2021-02-26,386.01601,233.1859,282.8616
stoxx600,new,stoxx_ext_country_revision,2021-03-31,411.23528,247.82275,301.15056
stoxx600,new,stoxx_ext_country_revision,2021-04-30,424.0684,251.71223,308.34109
stoxx600,new,stoxx_ext_country_revision,2021-05-31,436.05931,257.99247,316.66747
stoxx600,new,stoxx_ext_country_revision,2021-06-30,444.76021,258.96067,321.38152
stoxx600,new,stoxx_ext_country_revision,2021-07-30,458.75602,258.81368,327.9233
stoxx600,new,stoxx_ext_country_revision,2021-08-31,464.22982,262.09016,334.27719
stoxx600,new,stoxx_ext_country_revision,2021-09-30,454.10078,253.5543,323.8838
stoxx600,new,stoxx_ext_country_revision,2021-10-29,478.51478,262.5081,339.00387
stoxx600,new,stoxx_ext_country_revision,2021-11-30,471.70572,249.93363,330.36754
stoxx600,new,stoxx_ext_country_revision,2021-12-31,494.65536,257.04859,347.53648
stoxx600,new,stoxx_ext_country_revision,2022-01-31,473.96562,244.89883,335.33901
stoxx600,new,stoxx_ext_country_revision,2022-02-28,448.52401,247.10857,324.6273
stoxx600,new,stoxx_ext_country_revision,2022-03-31,460.24177,247.51505,328.57659
stoxx600,new,stoxx_ext_country_revision,2022-04-29,461.40518,241.46887,326.83065
stoxx600,new,stoxx_ext_country_revision,2022-05-31,457.4563,241.19397,324.5335
stoxx600,new,stoxx_ext_country_revision,2022-06-30,415.94354,219.65926,299.17873
stoxx600,new,stoxx_ext_country_revision,2022-07-29,440.91463,231.11762,322.29433
stoxx600,new,stoxx_ext_country_revision,2022-08-31,412.72002,217.49153,306.01418
stoxx600,new,stoxx_ext_country_revision,2022-09-30,392.13687,201.33241,286.38798
stoxx600,new,stoxx_ext_country_revision,2022-10-31,411.6439,209.45215,304.36211
stoxx600,new,stoxx_ext_country_revision,2022-11-30,432.257,226.83237,325.58679
stoxx600,new,stoxx_ext_country_revision,2022-12-30,420.93477,215.09844,314.47085
stoxx600,new,stoxx_ext_country_revision,2023-01-31,435.22907,231.15618,335.56803
stoxx600,new,stoxx_ext_country_revision,2023-02-28,453.16553,228.62336,342.26865
stoxx600,new,stoxx_ext_country_revision,2023-03-31,460.35547,225.006,341.64313
stoxx600,new,stoxx_ext_country_revision,2023-04-28,472.15752,235.28487,350.531
stoxx600,new,stoxx_ext_country_revision,2023-05-31,462.50056,234.18482,342.30148
stoxx600,new,stoxx_ext_country_revision,2023-06-30,476.36481,234.67693,350.58331
stoxx600,new,stoxx_ext_country_revision,2023-07-31,487.02623,246.81303,358.04951
stoxx600,new,stoxx_ext_country_revision,2023-08-31,493.9471,233.72913,349.00126
stoxx600,new,stoxx_ext_country_revision,2023-09-29,500.00347,222.99399,343.49548
stoxx600,new,stoxx_ext_country_revision,2023-10-31,482.19029,210.14575,331.1885
stoxx600,new,stoxx_ext_country_revision,2023-11-30,511.68631,229.70968,353.12832
stoxx600,new,stoxx_ext_country_revision,2023-12-29,530.34954,247.44969,366.51363
stoxx600,new,stoxx_ext_country_revision,2024-01-31,536.22557,245.6049,371.77326
stoxx600,new,stoxx_ext_country_revision,2024-02-29,539.48074,246.60124,378.58061
stoxx600,new,stoxx_ext_country_revision,2024-03-28,562.60255,258.18953,394.60194
stoxx600,new,stoxx_ext_country_revision,2024-04-30,538.19844,256.58086,391.64891
stoxx600,new,stoxx_ext_country_revision,2024-05-31,564.21206,263.26772,405.64892
stoxx600,new,stoxx_ext_country_revision,2024-06-28,560.15659,253.45589,401.30697
stoxx600,new,stoxx_ext_country_revision,2024-07-31,553.62214,256.83559,407.2565
stoxx600,new,stoxx_ext_country_revision,2024-08-30,558.05673,254.44028,413.78386
stoxx600,new,stoxx_ext_country_revision,2024-09-30,579.0081,259.11533,412.52074
stoxx600,new,stoxx_ext_country_revision,2024-10-31,567.18069,245.65509,399.24554
stoxx600,new,stoxx_ext_country_revision,2024-11-29,573.54446,241.66392,404.0423
stoxx600,new,stoxx_ext_country_revision,2024-12-31,567.81288,246.67598,404.00512
stoxx600,new,stoxx_ext_country_revision,2025-01-31,600.91221,265.25066,432.32069
stoxx600,new,stoxx_ext_country_revision,2025-02-28,629.48718,268.93321,447.19487
stoxx600,new,stoxx_ext_country_revision,2025-03-31,600.88105,250.82413,430.21773
stoxx600,new,stoxx_ext_country_revision,2025-04-30,612.20451,246.59835,427.82431
stoxx600,new,stoxx_ext_country_revision,2025-05-30,653.75028,259.20727,452.02391
stoxx600,new,stoxx_ext_country_revision,2025-06-30,657.07627,255.66974,446.67567
stoxx600,new,stoxx_ext_country_revision,2025-07-31,664.48603,261.71786,451.22044
stoxx600,new,stoxx_ext_country_revision,2025-08-29,673.21614,264.88194,455.74454
stoxx600,new,stoxx_ext_country_revision,2025-09-30,685.24845,262.47299,463.08457
stoxx600,new,stoxx_ext_country_revision,2025-10-31,699.97981,266.85055,475.05342
stoxx600,new,stoxx_ext_country_revision,2025-11-28,704.45271,269.87644,479.61121
stoxx600,new,stoxx_ext_country_revision,2025-12-31,721.50587,277.81251,492.83325
stoxx600,new,stoxx_ext_country_revision,2026-01-30,754.53244,292.01075,508.54118
stoxx600,new,stoxx_ext_country_revision,2026-02-27,787.27335,289.94064,527.93099
stoxx600,new,stoxx_ext_country_revision,2026-03-31,714.43254,272.13722,487.67548
stoxx600,new,stoxx_ext_country_revision,2026-04-30,771.7431,283.33835,513.39615
stoxx600,new,stoxx_ext_country_revision,2026-05-29,795.574,291.95875,530.49487
stoxx600,new,stoxx_ext_country_revision,2026-06-30,816.2746,293.04592,541.98925
stoxx600,new,stoxx_ext_country_revision,2026-07-02,818.02821,298.1978,548.77243
stoxx600,new,stoxx_ext_country_pmom,2009-07-02,100.0,100.0,100.0
stoxx600,new,stoxx_ext_country_pmom,2009-07-31,107.90082,112.12202,110.12414
stoxx600,new,stoxx_ext_country_pmom,2009-08-31,112.50872,120.98766,115.71463
stoxx600,new,stoxx_ext_country_pmom,2009-09-30,114.41886,128.50939,119.11382
stoxx600,new,stoxx_ext_country_pmom,2009-10-30,114.01097,120.90541,116.44547
stoxx600,new,stoxx_ext_country_pmom,2009-11-30,115.93102,120.27542,117.96347
stoxx600,new,stoxx_ext_country_pmom,2009-12-31,123.34194,126.43244,125.19285
stoxx600,new,stoxx_ext_country_pmom,2010-01-29,120.16629,124.29155,121.83427
stoxx600,new,stoxx_ext_country_pmom,2010-02-26,119.1598,122.85801,121.40712
stoxx600,new,stoxx_ext_country_pmom,2010-03-31,131.10069,130.60083,130.66967
stoxx600,new,stoxx_ext_country_pmom,2010-04-30,133.48945,129.00576,129.51685
stoxx600,new,stoxx_ext_country_pmom,2010-05-31,125.96975,121.18775,123.39381
stoxx600,new,stoxx_ext_country_pmom,2010-06-30,126.70523,118.40998,122.7367
stoxx600,new,stoxx_ext_country_pmom,2010-07-30,135.03006,128.88363,129.01723
stoxx600,new,stoxx_ext_country_pmom,2010-08-31,133.48015,124.66336,127.30677
stoxx600,new,stoxx_ext_country_pmom,2010-09-30,140.16719,127.59579,131.7445
stoxx600,new,stoxx_ext_country_pmom,2010-10-29,140.91373,130.70261,135.17855
stoxx600,new,stoxx_ext_country_pmom,2010-11-30,141.22464,126.97173,133.19134
stoxx600,new,stoxx_ext_country_pmom,2010-12-31,151.4692,134.81495,140.27623
stoxx600,new,stoxx_ext_country_pmom,2011-01-31,149.71315,139.31255,142.76999
stoxx600,new,stoxx_ext_country_pmom,2011-02-28,154.91913,141.14049,146.27581
stoxx600,new,stoxx_ext_country_pmom,2011-03-31,150.91544,134.3344,141.3783
stoxx600,new,stoxx_ext_country_pmom,2011-04-29,156.36173,137.94896,146.33476
stoxx600,new,stoxx_ext_country_pmom,2011-05-31,156.03814,136.3033,146.44274
stoxx600,new,stoxx_ext_country_pmom,2011-06-30,152.65797,130.80509,142.58449
stoxx600,new,stoxx_ext_country_pmom,2011-07-29,149.48973,125.00011,138.63003
stoxx600,new,stoxx_ext_country_pmom,2011-08-31,135.01976,111.31912,124.21762
stoxx600,new,stoxx_ext_country_pmom,2011-09-30,125.75698,102.83762,118.24693
stoxx600,new,stoxx_ext_country_pmom,2011-10-31,134.93994,110.0727,127.49055
stoxx600,new,stoxx_ext_country_pmom,2011-11-30,134.24914,105.47712,125.83189
stoxx600,new,stoxx_ext_country_pmom,2011-12-30,137.72372,104.82585,127.95306
stoxx600,new,stoxx_ext_country_pmom,2012-01-31,140.45868,114.34871,133.3429
stoxx600,new,stoxx_ext_country_pmom,2012-02-29,145.67328,119.35369,139.05794
stoxx600,new,stoxx_ext_country_pmom,2012-03-30,147.18043,118.69998,139.0029
stoxx600,new,stoxx_ext_country_pmom,2012-04-30,148.38754,111.73317,136.73983
stoxx600,new,stoxx_ext_country_pmom,2012-05-31,140.42086,100.54515,128.46534
stoxx600,new,stoxx_ext_country_pmom,2012-06-29,147.38188,106.51601,135.13887
stoxx600,new,stoxx_ext_country_pmom,2012-07-31,154.43828,109.70347,140.88036
stoxx600,new,stoxx_ext_country_pmom,2012-08-31,157.11272,115.13853,144.1376
stoxx600,new,stoxx_ext_country_pmom,2012-09-28,159.37613,116.66429,145.64389
stoxx600,new,stoxx_ext_country_pmom,2012-10-31,159.24202,116.45649,146.56099
stoxx600,new,stoxx_ext_country_pmom,2012-11-30,163.30746,118.25655,149.9358
stoxx600,new,stoxx_ext_country_pmom,2012-12-31,163.61062,121.61864,152.336
stoxx600,new,stoxx_ext_country_pmom,2013-01-31,165.96976,125.15448,156.64694
stoxx600,new,stoxx_ext_country_pmom,2013-02-28,170.29386,126.01435,158.58073
stoxx600,new,stoxx_ext_country_pmom,2013-03-28,173.58139,124.89022,161.16233
stoxx600,new,stoxx_ext_country_pmom,2013-04-30,177.73074,127.99843,163.90764
stoxx600,new,stoxx_ext_country_pmom,2013-05-31,181.22607,132.67776,167.47468
stoxx600,new,stoxx_ext_country_pmom,2013-06-28,172.43738,125.38361,159.0575
stoxx600,new,stoxx_ext_country_pmom,2013-07-31,181.24481,130.08058,167.31245
stoxx600,new,stoxx_ext_country_pmom,2013-08-30,181.96367,131.55063,166.2862
stoxx600,new,stoxx_ext_country_pmom,2013-09-30,190.38514,137.49369,174.03167
stoxx600,new,stoxx_ext_country_pmom,2013-10-31,201.08069,141.92844,181.11114
stoxx600,new,stoxx_ext_country_pmom,2013-11-29,205.17821,142.65739,183.11666
stoxx600,new,stoxx_ext_country_pmom,2013-12-31,210.7732,142.47417,184.99777
stoxx600,new,stoxx_ext_country_pmom,2014-01-31,213.01537,139.82813,181.90862
stoxx600,new,stoxx_ext_country_pmom,2014-02-28,225.93667,146.75259,190.9053
stoxx600,new,stoxx_ext_country_pmom,2014-03-31,218.80193,147.474,189.38477
stoxx600,new,stoxx_ext_country_pmom,2014-04-30,221.20929,151.41087,192.62857
stoxx600,new,stoxx_ext_country_pmom,2014-05-30,227.09471,155.17767,198.09102
stoxx600,new,stoxx_ext_country_pmom,2014-06-30,231.27159,153.49032,197.11473
stoxx600,new,stoxx_ext_country_pmom,2014-07-31,229.56756,150.10857,194.18771
stoxx600,new,stoxx_ext_country_pmom,2014-08-29,233.44798,152.87632,198.12562
stoxx600,new,stoxx_ext_country_pmom,2014-09-30,234.80568,150.74135,199.06426
stoxx600,new,stoxx_ext_country_pmom,2014-10-31,230.43263,145.01522,195.68676
stoxx600,new,stoxx_ext_country_pmom,2014-11-28,237.9624,149.36773,202.32727
stoxx600,new,stoxx_ext_country_pmom,2014-12-31,239.07679,146.02538,199.52773
stoxx600,new,stoxx_ext_country_pmom,2015-01-30,257.93214,153.13209,213.79234
stoxx600,new,stoxx_ext_country_pmom,2015-02-27,275.04318,169.11168,228.6319
stoxx600,new,stoxx_ext_country_pmom,2015-03-31,277.97213,171.26148,232.94456
stoxx600,new,stoxx_ext_country_pmom,2015-04-30,276.86922,175.44805,233.40162
stoxx600,new,stoxx_ext_country_pmom,2015-05-29,285.66173,176.83073,237.76632
stoxx600,new,stoxx_ext_country_pmom,2015-06-30,275.23314,166.60828,227.16318
stoxx600,new,stoxx_ext_country_pmom,2015-07-31,288.50913,171.14273,236.13085
stoxx600,new,stoxx_ext_country_pmom,2015-08-31,268.0645,154.66067,216.62493
stoxx600,new,stoxx_ext_country_pmom,2015-09-30,258.61132,144.55294,207.9157
stoxx600,new,stoxx_ext_country_pmom,2015-10-30,276.20513,156.69806,224.60215
stoxx600,new,stoxx_ext_country_pmom,2015-11-30,287.36078,158.57833,231.03309
stoxx600,new,stoxx_ext_country_pmom,2015-12-31,276.55329,148.14695,219.6203
stoxx600,new,stoxx_ext_country_pmom,2016-01-29,258.97093,135.00384,205.59687
stoxx600,new,stoxx_ext_country_pmom,2016-02-29,255.89003,134.09851,200.72004
stoxx600,new,stoxx_ext_country_pmom,2016-03-31,260.17382,137.35034,203.67428
stoxx600,new,stoxx_ext_country_pmom,2016-04-29,259.12515,142.69683,207.73392
stoxx600,new,stoxx_ext_country_pmom,2016-05-31,271.80784,142.88548,213.33416
stoxx600,new,stoxx_ext_country_pmom,2016-06-30,260.03058,134.66341,202.58304
stoxx600,new,stoxx_ext_country_pmom,2016-07-29,268.93641,140.50413,210.10365
stoxx600,new,stoxx_ext_country_pmom,2016-08-31,270.91249,143.76876,211.70017
stoxx600,new,stoxx_ext_country_pmom,2016-09-30,273.51354,139.06293,211.63881
stoxx600,new,stoxx_ext_country_pmom,2016-10-31,269.64669,138.661,209.63438
stoxx600,new,stoxx_ext_country_pmom,2016-11-30,267.90773,142.05061,211.55074
stoxx600,new,stoxx_ext_country_pmom,2016-12-30,278.03807,153.93915,223.66291
stoxx600,new,stoxx_ext_country_pmom,2017-01-31,281.94202,150.11919,223.08048
stoxx600,new,stoxx_ext_country_pmom,2017-02-28,288.9282,155.5585,229.79677
stoxx600,new,stoxx_ext_country_pmom,2017-03-31,296.6222,161.86952,237.83111
stoxx600,new,stoxx_ext_country_pmom,2017-04-28,303.52222,165.59681,242.80106
stoxx600,new,stoxx_ext_country_pmom,2017-05-31,307.94889,167.06587,246.68676
stoxx600,new,stoxx_ext_country_pmom,2017-06-30,302.12014,161.30391,240.74535
stoxx600,new,stoxx_ext_country_pmom,2017-07-31,303.81492,159.81516,240.12798
stoxx600,new,stoxx_ext_country_pmom,2017-08-31,302.81127,156.82032,237.72122
stoxx600,new,stoxx_ext_country_pmom,2017-09-29,312.26444,162.30079,246.99217
stoxx600,new,stoxx_ext_country_pmom,2017-10-31,321.00196,163.97813,251.64762
stoxx600,new,stoxx_ext_country_pmom,2017-11-30,312.85638,161.77668,246.46187
stoxx600,new,stoxx_ext_country_pmom,2017-12-29,316.05065,163.10289,248.25011
stoxx600,new,stoxx_ext_country_pmom,2018-01-31,324.51963,165.41486,252.30578
stoxx600,new,stoxx_ext_country_pmom,2018-02-28,312.30438,160.8302,242.73603
stoxx600,new,stoxx_ext_country_pmom,2018-03-29,306.17693,156.93383,237.87924
stoxx600,new,stoxx_ext_country_pmom,2018-04-30,322.8905,162.54212,248.90492
stoxx600,new,stoxx_ext_country_pmom,2018-05-31,327.36661,160.89,248.97047
stoxx600,new,stoxx_ext_country_pmom,2018-06-29,325.49744,160.96635,247.72514
stoxx600,new,stoxx_ext_country_pmom,2018-07-31,334.3913,167.59165,255.44481
stoxx600,new,stoxx_ext_country_pmom,2018-08-31,334.48656,164.1609,249.67648
stoxx600,new,stoxx_ext_country_pmom,2018-09-28,328.72428,163.9086,250.49979
stoxx600,new,stoxx_ext_country_pmom,2018-10-31,304.43581,155.34318,236.90496
stoxx600,new,stoxx_ext_country_pmom,2018-11-30,295.1415,155.38825,234.7704
stoxx600,new,stoxx_ext_country_pmom,2018-12-31,283.69542,143.86774,221.91219
stoxx600,new,stoxx_ext_country_pmom,2019-01-31,301.00792,154.78199,235.89366
stoxx600,new,stoxx_ext_country_pmom,2019-02-28,307.5825,164.74371,245.75311
stoxx600,new,stoxx_ext_country_pmom,2019-03-29,318.73262,166.34927,250.67405
stoxx600,new,stoxx_ext_country_pmom,2019-04-30,326.62822,175.0412,260.20291
stoxx600,new,stoxx_ext_country_pmom,2019-05-31,318.5037,158.52924,247.82491
stoxx600,new,stoxx_ext_country_pmom,2019-06-28,330.39586,166.5432,258.74433
stoxx600,new,stoxx_ext_country_pmom,2019-07-31,331.4375,167.92557,259.43541
stoxx600,new,stoxx_ext_country_pmom,2019-08-30,327.24895,166.08705,255.56732
stoxx600,new,stoxx_ext_country_pmom,2019-09-30,334.65581,173.58952,265.0982
stoxx600,new,stoxx_ext_country_pmom,2019-10-31,334.20849,176.58271,268.06444
stoxx600,new,stoxx_ext_country_pmom,2019-11-29,343.34059,182.87771,275.46207
stoxx600,new,stoxx_ext_country_pmom,2019-12-31,351.96933,186.40432,281.54877
stoxx600,new,stoxx_ext_country_pmom,2020-01-31,353.5271,183.12497,278.62487
stoxx600,new,stoxx_ext_country_pmom,2020-02-28,334.13742,167.58487,255.74167
stoxx600,new,stoxx_ext_country_pmom,2020-03-31,293.71314,132.4295,218.23491
stoxx600,new,stoxx_ext_country_pmom,2020-04-30,316.8404,143.09699,232.97816
stoxx600,new,stoxx_ext_country_pmom,2020-05-29,331.48732,149.00645,241.4041
stoxx600,new,stoxx_ext_country_pmom,2020-06-30,339.48079,152.34115,249.30417
stoxx600,new,stoxx_ext_country_pmom,2020-07-31,343.71515,149.20746,246.81976
stoxx600,new,stoxx_ext_country_pmom,2020-08-31,356.46186,155.50457,254.52966
stoxx600,new,stoxx_ext_country_pmom,2020-09-30,355.76837,151.04879,250.61912
stoxx600,new,stoxx_ext_country_pmom,2020-10-30,345.75964,143.33937,237.76576
stoxx600,new,stoxx_ext_country_pmom,2020-11-30,368.03185,177.69234,270.98979
stoxx600,new,stoxx_ext_country_pmom,2020-12-31,378.46219,184.18507,278.32333
stoxx600,new,stoxx_ext_country_pmom,2021-01-29,379.21205,181.19075,276.22882
stoxx600,new,stoxx_ext_country_pmom,2021-02-26,382.48908,191.06267,282.8616
stoxx600,new,stoxx_ext_country_pmom,2021-03-31,398.98329,203.40552,301.15056
stoxx600,new,stoxx_ext_country_pmom,2021-04-30,406.24264,208.678,308.34109
stoxx600,new,stoxx_ext_country_pmom,2021-05-31,415.65881,213.0281,316.66747
stoxx600,new,stoxx_ext_country_pmom,2021-06-30,418.30264,219.60532,321.38152
stoxx600,new,stoxx_ext_country_pmom,2021-07-30,427.50105,221.11985,327.9233
stoxx600,new,stoxx_ext_country_pmom,2021-08-31,439.40265,225.52159,334.27719
stoxx600,new,stoxx_ext_country_pmom,2021-09-30,430.22922,217.01308,323.8838
stoxx600,new,stoxx_ext_country_pmom,2021-10-29,452.7938,221.26167,339.00387
stoxx600,new,stoxx_ext_country_pmom,2021-11-30,440.50479,216.40182,330.36754
stoxx600,new,stoxx_ext_country_pmom,2021-12-31,460.35717,226.52047,347.53648
stoxx600,new,stoxx_ext_country_pmom,2022-01-31,419.27313,222.87188,335.33901
stoxx600,new,stoxx_ext_country_pmom,2022-02-28,404.74065,216.61199,324.6273
stoxx600,new,stoxx_ext_country_pmom,2022-03-31,424.63448,216.49953,328.57659
stoxx600,new,stoxx_ext_country_pmom,2022-04-29,430.87539,209.92884,326.83065
stoxx600,new,stoxx_ext_country_pmom,2022-05-31,417.15825,213.43813,324.5335
stoxx600,new,stoxx_ext_country_pmom,2022-06-30,390.99841,185.46546,299.17873
stoxx600,new,stoxx_ext_country_pmom,2022-07-29,414.12581,200.96501,322.29433
stoxx600,new,stoxx_ext_country_pmom,2022-08-31,395.00473,182.79118,306.01418
stoxx600,new,stoxx_ext_country_pmom,2022-09-30,373.75648,166.96805,286.38798
stoxx600,new,stoxx_ext_country_pmom,2022-10-31,397.89279,177.00764,304.36211
stoxx600,new,stoxx_ext_country_pmom,2022-11-30,420.05308,192.3083,325.58679
stoxx600,new,stoxx_ext_country_pmom,2022-12-30,403.92018,186.34984,314.47085
stoxx600,new,stoxx_ext_country_pmom,2023-01-31,413.09721,202.77306,335.56803
stoxx600,new,stoxx_ext_country_pmom,2023-02-28,419.796,205.20855,342.26865
stoxx600,new,stoxx_ext_country_pmom,2023-03-31,430.85506,207.08679,341.64313
stoxx600,new,stoxx_ext_country_pmom,2023-04-28,443.31363,216.92022,350.531
stoxx600,new,stoxx_ext_country_pmom,2023-05-31,435.55749,212.97684,342.30148
stoxx600,new,stoxx_ext_country_pmom,2023-06-30,436.98006,219.37797,350.58331
stoxx600,new,stoxx_ext_country_pmom,2023-07-31,441.99337,228.44537,358.04951
stoxx600,new,stoxx_ext_country_pmom,2023-08-31,455.83911,220.95391,349.00126
stoxx600,new,stoxx_ext_country_pmom,2023-09-29,450.92021,213.05716,343.49548
stoxx600,new,stoxx_ext_country_pmom,2023-10-31,448.08932,199.96724,331.1885
stoxx600,new,stoxx_ext_country_pmom,2023-11-30,495.31635,217.67298,353.12832
stoxx600,new,stoxx_ext_country_pmom,2023-12-29,509.27284,229.70146,366.51363
stoxx600,new,stoxx_ext_country_pmom,2024-01-31,518.7718,223.28247,371.77326
stoxx600,new,stoxx_ext_country_pmom,2024-02-29,544.97894,222.34701,378.58061
stoxx600,new,stoxx_ext_country_pmom,2024-03-28,565.41691,234.92344,394.60194
stoxx600,new,stoxx_ext_country_pmom,2024-04-30,560.74539,243.27778,391.64891
stoxx600,new,stoxx_ext_country_pmom,2024-05-31,580.34714,252.58748,405.64892
stoxx600,new,stoxx_ext_country_pmom,2024-06-28,569.76079,242.94025,401.30697
stoxx600,new,stoxx_ext_country_pmom,2024-07-31,570.48743,247.90891,407.2565
stoxx600,new,stoxx_ext_country_pmom,2024-08-30,577.75978,248.78671,413.78386
stoxx600,new,stoxx_ext_country_pmom,2024-09-30,588.88297,254.18841,412.52074
stoxx600,new,stoxx_ext_country_pmom,2024-10-31,575.60422,241.52463,399.24554
stoxx600,new,stoxx_ext_country_pmom,2024-11-29,595.59497,238.52854,404.0423
stoxx600,new,stoxx_ext_country_pmom,2024-12-31,592.22797,239.47689,404.00512
stoxx600,new,stoxx_ext_country_pmom,2025-01-31,630.37027,256.05257,432.32069
stoxx600,new,stoxx_ext_country_pmom,2025-02-28,647.71781,263.31006,447.19487
stoxx600,new,stoxx_ext_country_pmom,2025-03-31,620.74115,249.91626,430.21773
stoxx600,new,stoxx_ext_country_pmom,2025-04-30,642.22433,246.80523,427.82431
stoxx600,new,stoxx_ext_country_pmom,2025-05-30,688.53685,263.93896,452.02391
stoxx600,new,stoxx_ext_country_pmom,2025-06-30,680.28927,263.10277,446.67567
stoxx600,new,stoxx_ext_country_pmom,2025-07-31,687.30663,261.97824,451.22044
stoxx600,new,stoxx_ext_country_pmom,2025-08-29,691.42463,266.18225,455.74454
stoxx600,new,stoxx_ext_country_pmom,2025-09-30,711.28278,270.21324,463.08457
stoxx600,new,stoxx_ext_country_pmom,2025-10-31,728.30604,274.71256,475.05342
stoxx600,new,stoxx_ext_country_pmom,2025-11-28,733.74233,274.51371,479.61121
stoxx600,new,stoxx_ext_country_pmom,2025-12-31,754.58429,281.35622,492.83325
stoxx600,new,stoxx_ext_country_pmom,2026-01-30,786.4744,279.59904,508.54118
stoxx600,new,stoxx_ext_country_pmom,2026-02-27,817.93588,281.35316,527.93099
stoxx600,new,stoxx_ext_country_pmom,2026-03-31,746.08269,266.86,487.67548
stoxx600,new,stoxx_ext_country_pmom,2026-04-30,802.97767,278.16107,513.39615
stoxx600,new,stoxx_ext_country_pmom,2026-05-29,830.97833,284.36571,530.49487
stoxx600,new,stoxx_ext_country_pmom,2026-06-30,862.06571,283.33878,541.98925
stoxx600,new,stoxx_ext_country_pmom,2026-07-02,862.83624,291.0314,548.77243
stoxx600,new,stoxx_ext_downside_aware_revision,2010-01-04,100.0,100.0,100.0
stoxx600,new,stoxx_ext_downside_aware_revision,2010-01-29,96.45543,97.15449,95.90544
stoxx600,new,stoxx_ext_downside_aware_revision,2010-02-26,96.45326,93.65975,95.5692
stoxx600,new,stoxx_ext_downside_aware_revision,2010-03-31,102.98881,104.00063,102.86049
stoxx600,new,stoxx_ext_downside_aware_revision,2010-04-30,101.20583,102.86727,101.95301
stoxx600,new,stoxx_ext_downside_aware_revision,2010-05-31,97.25469,95.31772,97.13308
stoxx600,new,stoxx_ext_downside_aware_revision,2010-06-30,97.69946,91.6898,96.61582
stoxx600,new,stoxx_ext_downside_aware_revision,2010-07-30,101.41167,100.8558,101.55973
stoxx600,new,stoxx_ext_downside_aware_revision,2010-08-31,99.31545,98.38862,100.21329
stoxx600,new,stoxx_ext_downside_aware_revision,2010-09-30,104.25676,101.85614,103.70657
stoxx600,new,stoxx_ext_downside_aware_revision,2010-10-29,106.88414,105.31966,106.40979
stoxx600,new,stoxx_ext_downside_aware_revision,2010-11-30,105.84458,105.70119,104.8455
stoxx600,new,stoxx_ext_downside_aware_revision,2010-12-31,110.83475,112.06582,110.42258
stoxx600,new,stoxx_ext_downside_aware_revision,2011-01-31,112.22176,114.74622,112.38561
stoxx600,new,stoxx_ext_downside_aware_revision,2011-02-28,114.03747,116.90781,115.14533
stoxx600,new,stoxx_ext_downside_aware_revision,2011-03-31,111.46727,112.06544,111.29011
stoxx600,new,stoxx_ext_downside_aware_revision,2011-04-29,115.74805,115.22119,115.19173
stoxx600,new,stoxx_ext_downside_aware_revision,2011-05-31,116.30756,113.62905,115.27673
stoxx600,new,stoxx_ext_downside_aware_revision,2011-06-30,114.07852,107.87357,112.23959
stoxx600,new,stoxx_ext_downside_aware_revision,2011-07-29,110.64829,102.44326,109.12672
stoxx600,new,stoxx_ext_downside_aware_revision,2011-08-31,99.33564,87.90131,97.78157
stoxx600,new,stoxx_ext_downside_aware_revision,2011-09-30,94.28583,78.45878,93.08156
stoxx600,new,stoxx_ext_downside_aware_revision,2011-10-31,100.54706,85.67518,100.35795
stoxx600,new,stoxx_ext_downside_aware_revision,2011-11-30,100.43264,83.20753,99.05229
stoxx600,new,stoxx_ext_downside_aware_revision,2011-12-30,102.38011,82.33574,100.72203
stoxx600,new,stoxx_ext_downside_aware_revision,2012-01-31,105.97221,89.48869,104.9648
stoxx600,new,stoxx_ext_downside_aware_revision,2012-02-29,109.52421,94.11703,109.46357
stoxx600,new,stoxx_ext_downside_aware_revision,2012-03-30,110.3286,94.34137,109.42024
stoxx600,new,stoxx_ext_downside_aware_revision,2012-04-30,110.11485,90.96501,107.6388
stoxx600,new,stoxx_ext_downside_aware_revision,2012-05-31,104.76047,83.61372,101.12529
stoxx600,new,stoxx_ext_downside_aware_revision,2012-06-29,110.17094,87.64046,106.37855
stoxx600,new,stoxx_ext_downside_aware_revision,2012-07-31,116.36245,88.90115,110.89813
stoxx600,new,stoxx_ext_downside_aware_revision,2012-08-31,117.12174,93.77017,113.46217
stoxx600,new,stoxx_ext_downside_aware_revision,2012-09-28,118.98127,92.79204,114.64789
stoxx600,new,stoxx_ext_downside_aware_revision,2012-10-31,119.76762,94.61759,115.36981
stoxx600,new,stoxx_ext_downside_aware_revision,2012-11-30,122.29684,96.66192,118.0264
stoxx600,new,stoxx_ext_downside_aware_revision,2012-12-31,123.91729,99.3443,119.91578
stoxx600,new,stoxx_ext_downside_aware_revision,2013-01-31,126.65854,103.34427,123.30927
stoxx600,new,stoxx_ext_downside_aware_revision,2013-02-28,128.73632,101.03248,124.83151
stoxx600,new,stoxx_ext_downside_aware_revision,2013-03-28,132.39485,99.11886,126.86369
stoxx600,new,stoxx_ext_downside_aware_revision,2013-04-30,134.35595,101.84928,129.02474
stoxx600,new,stoxx_ext_downside_aware_revision,2013-05-31,136.29563,105.97479,131.83264
stoxx600,new,stoxx_ext_downside_aware_revision,2013-06-28,130.41506,97.13747,125.20681
stoxx600,new,stoxx_ext_downside_aware_revision,2013-07-31,135.48127,104.44362,131.70494
stoxx600,new,stoxx_ext_downside_aware_revision,2013-08-30,133.05024,106.06234,130.8971
stoxx600,new,stoxx_ext_downside_aware_revision,2013-09-30,138.28992,110.64037,136.99417
stoxx600,new,stoxx_ext_downside_aware_revision,2013-10-31,143.22006,114.52637,142.56698
stoxx600,new,stoxx_ext_downside_aware_revision,2013-11-29,144.47417,115.62571,144.14569
stoxx600,new,stoxx_ext_downside_aware_revision,2013-12-31,147.5839,115.12541,145.62646
stoxx600,new,stoxx_ext_downside_aware_revision,2014-01-31,144.16043,114.03647,143.19474
stoxx600,new,stoxx_ext_downside_aware_revision,2014-02-28,152.21765,118.82207,150.27675
stoxx600,new,stoxx_ext_downside_aware_revision,2014-03-31,150.77972,117.65236,149.07982
stoxx600,new,stoxx_ext_downside_aware_revision,2014-04-30,153.10314,121.29019,151.63327
stoxx600,new,stoxx_ext_downside_aware_revision,2014-05-30,159.26161,124.43542,155.9332
stoxx600,new,stoxx_ext_downside_aware_revision,2014-06-30,159.88955,121.6348,155.16468
stoxx600,new,stoxx_ext_downside_aware_revision,2014-07-31,157.73534,119.08057,152.86059
stoxx600,new,stoxx_ext_downside_aware_revision,2014-08-29,160.68877,120.93885,155.96044
stoxx600,new,stoxx_ext_downside_aware_revision,2014-09-30,162.27627,116.88749,156.69931
stoxx600,new,stoxx_ext_downside_aware_revision,2014-10-31,160.35006,114.4271,154.04061
stoxx600,new,stoxx_ext_downside_aware_revision,2014-11-28,168.07316,117.07317,159.26789
stoxx600,new,stoxx_ext_downside_aware_revision,2014-12-31,166.0597,115.14201,157.06415
stoxx600,new,stoxx_ext_downside_aware_revision,2015-01-30,180.29967,122.5974,168.29295
stoxx600,new,stoxx_ext_downside_aware_revision,2015-02-27,189.77338,135.83164,179.97435
stoxx600,new,stoxx_ext_downside_aware_revision,2015-03-31,195.19708,137.27037,183.36919
stoxx600,new,stoxx_ext_downside_aware_revision,2015-04-30,193.66731,140.42773,183.72898
stoxx600,new,stoxx_ext_downside_aware_revision,2015-05-29,198.26074,143.90097,187.16478
stoxx600,new,stoxx_ext_downside_aware_revision,2015-06-30,189.20098,137.00845,178.81821
stoxx600,new,stoxx_ext_downside_aware_revision,2015-07-31,198.18774,141.67387,185.87738
stoxx600,new,stoxx_ext_downside_aware_revision,2015-08-31,183.06085,127.85955,170.52271
stoxx600,new,stoxx_ext_downside_aware_revision,2015-09-30,178.57505,117.96072,163.66698
stoxx600,new,stoxx_ext_downside_aware_revision,2015-10-30,192.45924,128.32338,176.80222
stoxx600,new,stoxx_ext_downside_aware_revision,2015-11-30,199.83096,132.4644,181.86452
stoxx600,new,stoxx_ext_downside_aware_revision,2015-12-31,191.13612,125.59972,172.8806
stoxx600,new,stoxx_ext_downside_aware_revision,2016-01-29,182.09054,114.02711,161.84165
stoxx600,new,stoxx_ext_downside_aware_revision,2016-02-29,176.97446,114.69099,158.00271
stoxx600,new,stoxx_ext_downside_aware_revision,2016-03-31,180.34528,118.00379,160.32822
stoxx600,new,stoxx_ext_downside_aware_revision,2016-04-29,182.359,122.25461,163.52389
stoxx600,new,stoxx_ext_downside_aware_revision,2016-05-31,190.66482,122.367,167.93229
stoxx600,new,stoxx_ext_downside_aware_revision,2016-06-30,183.22125,114.69856,159.46923
stoxx600,new,stoxx_ext_downside_aware_revision,2016-07-29,189.00755,119.63376,165.38929
stoxx600,new,stoxx_ext_downside_aware_revision,2016-08-31,191.15634,122.46668,166.64604
stoxx600,new,stoxx_ext_downside_aware_revision,2016-09-30,191.91192,119.46368,166.59774
stoxx600,new,stoxx_ext_downside_aware_revision,2016-10-31,189.65825,118.00362,165.01989
stoxx600,new,stoxx_ext_downside_aware_revision,2016-11-30,188.69469,120.52804,166.52842
stoxx600,new,stoxx_ext_downside_aware_revision,2016-12-30,198.03361,130.03535,176.06286
stoxx600,new,stoxx_ext_downside_aware_revision,2017-01-31,197.19929,129.92635,175.60439
stoxx600,new,stoxx_ext_downside_aware_revision,2017-02-28,203.55234,135.05625,180.89131
stoxx600,new,stoxx_ext_downside_aware_revision,2017-03-31,211.49882,138.40536,187.21578
stoxx600,new,stoxx_ext_downside_aware_revision,2017-04-28,215.42611,141.60827,191.12803
stoxx600,new,stoxx_ext_downside_aware_revision,2017-05-31,220.15263,141.18905,194.18677
stoxx600,new,stoxx_ext_downside_aware_revision,2017-06-30,214.17578,136.44862,189.50981
stoxx600,new,stoxx_ext_downside_aware_revision,2017-07-31,212.47623,138.22765,189.02383
stoxx600,new,stoxx_ext_downside_aware_revision,2017-08-31,212.77163,133.79633,187.12928
stoxx600,new,stoxx_ext_downside_aware_revision,2017-09-29,220.52864,139.22877,194.42718
stoxx600,new,stoxx_ext_downside_aware_revision,2017-10-31,226.06052,141.44299,198.09186
stoxx600,new,stoxx_ext_downside_aware_revision,2017-11-30,222.71008,137.13929,194.00974
stoxx600,new,stoxx_ext_downside_aware_revision,2017-12-29,224.38408,138.70082,195.41741
stoxx600,new,stoxx_ext_downside_aware_revision,2018-01-31,227.3658,139.17172,198.60994
stoxx600,new,stoxx_ext_downside_aware_revision,2018-02-28,219.34246,135.95979,191.07683
stoxx600,new,stoxx_ext_downside_aware_revision,2018-03-29,215.41673,134.33822,187.25367
stoxx600,new,stoxx_ext_downside_aware_revision,2018-04-30,225.19336,139.99896,195.93286
stoxx600,new,stoxx_ext_downside_aware_revision,2018-05-31,223.77272,141.21724,195.98446
stoxx600,new,stoxx_ext_downside_aware_revision,2018-06-29,223.43986,139.23172,195.00416
stoxx600,new,stoxx_ext_downside_aware_revision,2018-07-31,230.22118,144.64752,201.08093
stoxx600,new,stoxx_ext_downside_aware_revision,2018-08-31,227.09106,140.88258,196.54021
stoxx600,new,stoxx_ext_downside_aware_revision,2018-09-28,229.69419,141.01568,197.1883
stoxx600,new,stoxx_ext_downside_aware_revision,2018-10-31,218.76917,131.58756,186.48674
stoxx600,new,stoxx_ext_downside_aware_revision,2018-11-30,216.7887,130.72595,184.80646
stoxx600,new,stoxx_ext_downside_aware_revision,2018-12-31,207.25016,120.10329,174.68473
stoxx600,new,stoxx_ext_downside_aware_revision,2019-01-31,219.38145,129.61899,185.69066
stoxx600,new,stoxx_ext_downside_aware_revision,2019-02-28,228.25744,136.15427,193.45182
stoxx600,new,stoxx_ext_downside_aware_revision,2019-03-29,235.44886,137.2947,197.32549
stoxx600,new,stoxx_ext_downside_aware_revision,2019-04-30,242.25402,143.51879,204.8264
stoxx600,new,stoxx_ext_downside_aware_revision,2019-05-31,236.09911,132.18937,195.0827
stoxx600,new,stoxx_ext_downside_aware_revision,2019-06-28,246.67581,137.36179,203.67824
stoxx600,new,stoxx_ext_downside_aware_revision,2019-07-31,247.05648,139.33249,204.22225
stoxx600,new,stoxx_ext_downside_aware_revision,2019-08-30,243.38957,133.81297,201.17736
stoxx600,new,stoxx_ext_downside_aware_revision,2019-09-30,250.59013,140.13329,208.67988
stoxx600,new,stoxx_ext_downside_aware_revision,2019-10-31,252.54844,144.34608,211.01484
stoxx600,new,stoxx_ext_downside_aware_revision,2019-11-29,256.93955,150.13008,216.8381
stoxx600,new,stoxx_ext_downside_aware_revision,2019-12-31,260.46947,155.21014,221.62943
stoxx600,new,stoxx_ext_downside_aware_revision,2020-01-31,257.25595,153.50001,219.3278
stoxx600,new,stoxx_ext_downside_aware_revision,2020-02-28,239.11308,139.09312,201.31461
stoxx600,new,stoxx_ext_downside_aware_revision,2020-03-31,208.09129,111.46953,171.79005
stoxx600,new,stoxx_ext_downside_aware_revision,2020-04-30,221.37888,123.56797,183.39564
stoxx600,new,stoxx_ext_downside_aware_revision,2020-05-29,230.65322,129.18993,190.02837
stoxx600,new,stoxx_ext_downside_aware_revision,2020-06-30,237.78753,131.66546,196.24714
stoxx600,new,stoxx_ext_downside_aware_revision,2020-07-31,235.81077,132.60339,194.29147
stoxx600,new,stoxx_ext_downside_aware_revision,2020-08-31,241.4432,139.20865,200.36054
stoxx600,new,stoxx_ext_downside_aware_revision,2020-09-30,239.389,133.69755,197.28224
stoxx600,new,stoxx_ext_downside_aware_revision,2020-10-30,227.38445,128.54059,187.16434
stoxx600,new,stoxx_ext_downside_aware_revision,2020-11-30,254.25499,156.51385,213.31761
stoxx600,new,stoxx_ext_downside_aware_revision,2020-12-31,257.73258,162.37518,219.09043
stoxx600,new,stoxx_ext_downside_aware_revision,2021-01-29,258.38517,160.87902,217.44167
stoxx600,new,stoxx_ext_downside_aware_revision,2021-02-26,263.73939,164.08187,222.66287
stoxx600,new,stoxx_ext_downside_aware_revision,2021-03-31,282.75358,169.70632,237.05956
stoxx600,new,stoxx_ext_downside_aware_revision,2021-04-30,287.90481,172.86209,242.7198
stoxx600,new,stoxx_ext_downside_aware_revision,2021-05-31,295.94457,176.24498,249.27415
stoxx600,new,stoxx_ext_downside_aware_revision,2021-06-30,302.03552,176.76151,252.98495
stoxx600,new,stoxx_ext_downside_aware_revision,2021-07-30,310.80952,175.9283,258.13451
stoxx600,new,stoxx_ext_downside_aware_revision,2021-08-31,314.19033,181.86719,263.13616
stoxx600,new,stoxx_ext_downside_aware_revision,2021-09-30,309.26398,175.05388,254.9547
stoxx600,new,stoxx_ext_downside_aware_revision,2021-10-29,322.47382,179.30448,266.85691
stoxx600,new,stoxx_ext_downside_aware_revision,2021-11-30,318.86686,169.55365,260.05857
stoxx600,new,stoxx_ext_downside_aware_revision,2021-12-31,335.60739,174.12165,273.57361
stoxx600,new,stoxx_ext_downside_aware_revision,2022-01-31,326.68339,164.86496,263.972
stoxx600,new,stoxx_ext_downside_aware_revision,2022-02-28,307.89919,164.15642,255.53997
stoxx600,new,stoxx_ext_downside_aware_revision,2022-03-31,322.97235,161.89307,258.64877
stoxx600,new,stoxx_ext_downside_aware_revision,2022-04-29,325.46985,152.95604,257.2744
stoxx600,new,stoxx_ext_downside_aware_revision,2022-05-31,321.44298,152.79072,255.46613
stoxx600,new,stoxx_ext_downside_aware_revision,2022-06-30,297.21956,136.79552,235.50737
stoxx600,new,stoxx_ext_downside_aware_revision,2022-07-29,316.85271,143.05676,253.7035
stoxx600,new,stoxx_ext_downside_aware_revision,2022-08-31,302.17262,130.72482,240.8881
stoxx600,new,stoxx_ext_downside_aware_revision,2022-09-30,286.44705,117.97505,225.43876
stoxx600,new,stoxx_ext_downside_aware_revision,2022-10-31,306.32169,126.03671,239.58763
stoxx600,new,stoxx_ext_downside_aware_revision,2022-11-30,321.90305,137.01152,256.29526
stoxx600,new,stoxx_ext_downside_aware_revision,2022-12-30,313.25997,132.28772,247.54502
stoxx600,new,stoxx_ext_downside_aware_revision,2023-01-31,319.86447,144.72945,264.15229
stoxx600,new,stoxx_ext_downside_aware_revision,2023-02-28,329.7031,142.62704,269.42688
stoxx600,new,stoxx_ext_downside_aware_revision,2023-03-31,336.05855,140.78003,268.93448
stoxx600,new,stoxx_ext_downside_aware_revision,2023-04-28,346.15561,142.61625,275.93083
stoxx600,new,stoxx_ext_downside_aware_revision,2023-05-31,338.97635,136.88081,269.45272
stoxx600,new,stoxx_ext_downside_aware_revision,2023-06-30,342.16386,138.29354,275.97201
stoxx600,new,stoxx_ext_downside_aware_revision,2023-07-31,348.21201,148.75045,281.84925
stoxx600,new,stoxx_ext_downside_aware_revision,2023-08-31,349.25398,139.42002,274.72665
stoxx600,new,stoxx_ext_downside_aware_revision,2023-09-29,354.09466,126.94022,270.39261
stoxx600,new,stoxx_ext_downside_aware_revision,2023-10-31,345.25975,117.23663,260.70481
stoxx600,new,stoxx_ext_downside_aware_revision,2023-11-30,365.27188,129.89296,277.97539
stoxx600,new,stoxx_ext_downside_aware_revision,2023-12-29,379.06483,141.1737,288.51203
stoxx600,new,stoxx_ext_downside_aware_revision,2024-01-31,386.81914,137.62934,292.6523
stoxx600,new,stoxx_ext_downside_aware_revision,2024-02-29,388.52795,137.49498,298.01091
stoxx600,new,stoxx_ext_downside_aware_revision,2024-03-28,402.37861,144.15348,310.62257
stoxx600,new,stoxx_ext_downside_aware_revision,2024-04-30,395.38197,146.03603,308.29801
stoxx600,new,stoxx_ext_downside_aware_revision,2024-05-31,411.49848,151.03238,319.31853
stoxx600,new,stoxx_ext_downside_aware_revision,2024-06-28,407.07187,146.15254,315.90064
stoxx600,new,stoxx_ext_downside_aware_revision,2024-07-31,407.60214,148.42721,320.58398
stoxx600,new,stoxx_ext_downside_aware_revision,2024-08-30,408.7574,147.97125,325.72218
stoxx600,new,stoxx_ext_downside_aware_revision,2024-09-30,414.033,151.29447,324.72788
stoxx600,new,stoxx_ext_downside_aware_revision,2024-10-31,404.55709,145.14069,314.27792
stoxx600,new,stoxx_ext_downside_aware_revision,2024-11-29,413.23472,144.65726,318.05383
stoxx600,new,stoxx_ext_downside_aware_revision,2024-12-31,407.75788,144.02454,318.02456
stoxx600,new,stoxx_ext_downside_aware_revision,2025-01-31,433.77514,152.79739,340.314
stoxx600,new,stoxx_ext_downside_aware_revision,2025-02-28,443.11086,157.65322,352.02265
stoxx600,new,stoxx_ext_downside_aware_revision,2025-03-31,425.67876,143.80846,338.65859
stoxx600,new,stoxx_ext_downside_aware_revision,2025-04-30,426.05803,141.51852,336.77454
stoxx600,new,stoxx_ext_downside_aware_revision,2025-05-30,446.65106,151.36933,355.82398
stoxx600,new,stoxx_ext_downside_aware_revision,2025-06-30,443.93312,151.94247,351.61395
stoxx600,new,stoxx_ext_downside_aware_revision,2025-07-31,450.74675,151.29279,355.1915
stoxx600,new,stoxx_ext_downside_aware_revision,2025-08-29,455.53504,150.98316,358.75278
stoxx600,new,stoxx_ext_downside_aware_revision,2025-09-30,463.81209,156.55046,364.5307
stoxx600,new,stoxx_ext_downside_aware_revision,2025-10-31,474.70108,161.12666,373.95233
stoxx600,new,stoxx_ext_downside_aware_revision,2025-11-28,479.49099,160.81789,377.54013
stoxx600,new,stoxx_ext_downside_aware_revision,2025-12-31,488.09299,166.32372,387.94825
stoxx600,new,stoxx_ext_downside_aware_revision,2026-01-30,497.5405,175.79867,400.31321
stoxx600,new,stoxx_ext_downside_aware_revision,2026-02-27,525.62156,172.0183,415.57648
stoxx600,new,stoxx_ext_downside_aware_revision,2026-03-31,483.24934,162.41845,383.88816
stoxx600,new,stoxx_ext_downside_aware_revision,2026-04-30,510.45252,172.40737,404.13495
stoxx600,new,stoxx_ext_downside_aware_revision,2026-05-29,525.43503,179.32128,417.5947
stoxx600,new,stoxx_ext_downside_aware_revision,2026-06-30,541.82998,173.98113,426.64285
stoxx600,new,stoxx_ext_downside_aware_revision,2026-07-02,542.50666,179.36575,431.98242
stoxx600,new,stoxx_ext_capital_efficient_growth_revision,2009-07-02,100.0,100.0,100.0
stoxx600,new,stoxx_ext_capital_efficient_growth_revision,2009-07-31,105.84551,112.40787,110.12414
stoxx600,new,stoxx_ext_capital_efficient_growth_revision,2009-08-31,109.28656,127.40932,115.71463
stoxx600,new,stoxx_ext_capital_efficient_growth_revision,2009-09-30,113.07033,137.5291,119.11382
stoxx600,new,stoxx_ext_capital_efficient_growth_revision,2009-10-30,109.64342,132.80021,116.44547
stoxx600,new,stoxx_ext_capital_efficient_growth_revision,2009-11-30,110.49355,133.21278,117.96347
stoxx600,new,stoxx_ext_capital_efficient_growth_revision,2009-12-31,118.11743,141.52322,125.19285
stoxx600,new,stoxx_ext_capital_efficient_growth_revision,2010-01-29,119.43579,137.1816,121.83427
stoxx600,new,stoxx_ext_capital_efficient_growth_revision,2010-02-26,119.6084,131.42272,121.40712
stoxx600,new,stoxx_ext_capital_efficient_growth_revision,2010-03-31,129.93859,146.61133,130.66967
stoxx600,new,stoxx_ext_capital_efficient_growth_revision,2010-04-30,129.89328,148.65424,129.51685
stoxx600,new,stoxx_ext_capital_efficient_growth_revision,2010-05-31,124.19896,139.54589,123.39381
stoxx600,new,stoxx_ext_capital_efficient_growth_revision,2010-06-30,122.3796,136.67269,122.7367
stoxx600,new,stoxx_ext_capital_efficient_growth_revision,2010-07-30,125.33822,141.74058,129.01723
stoxx600,new,stoxx_ext_capital_efficient_growth_revision,2010-08-31,122.94757,138.60328,127.30677
stoxx600,new,stoxx_ext_capital_efficient_growth_revision,2010-09-30,130.17027,141.8643,131.7445
stoxx600,new,stoxx_ext_capital_efficient_growth_revision,2010-10-29,133.81095,144.70598,135.17855
stoxx600,new,stoxx_ext_capital_efficient_growth_revision,2010-11-30,135.9053,139.86657,133.19134
stoxx600,new,stoxx_ext_capital_efficient_growth_revision,2010-12-31,144.62929,150.13988,140.27623
stoxx600,new,stoxx_ext_capital_efficient_growth_revision,2011-01-31,144.65319,152.05119,142.76999
stoxx600,new,stoxx_ext_capital_efficient_growth_revision,2011-02-28,149.43206,155.33289,146.27581
stoxx600,new,stoxx_ext_capital_efficient_growth_revision,2011-03-31,147.28758,151.12017,141.3783
stoxx600,new,stoxx_ext_capital_efficient_growth_revision,2011-04-29,151.22839,156.02714,146.33476
stoxx600,new,stoxx_ext_capital_efficient_growth_revision,2011-05-31,150.3599,153.1841,146.44274
stoxx600,new,stoxx_ext_capital_efficient_growth_revision,2011-06-30,146.77876,149.40872,142.58449
stoxx600,new,stoxx_ext_capital_efficient_growth_revision,2011-07-29,143.49682,143.67853,138.63003
stoxx600,new,stoxx_ext_capital_efficient_growth_revision,2011-08-31,132.32304,125.5875,124.21762
stoxx600,new,stoxx_ext_capital_efficient_growth_revision,2011-09-30,125.40816,116.5391,118.24693
stoxx600,new,stoxx_ext_capital_efficient_growth_revision,2011-10-31,136.27965,121.78957,127.49055
stoxx600,new,stoxx_ext_capital_efficient_growth_revision,2011-11-30,134.69143,121.55804,125.83189
stoxx600,new,stoxx_ext_capital_efficient_growth_revision,2011-12-30,134.80726,120.78342,127.95306
stoxx600,new,stoxx_ext_capital_efficient_growth_revision,2012-01-31,141.67202,127.3886,133.3429
stoxx600,new,stoxx_ext_capital_efficient_growth_revision,2012-02-29,150.34389,133.25291,139.05794
stoxx600,new,stoxx_ext_capital_efficient_growth_revision,2012-03-30,149.46128,132.49451,139.0029
stoxx600,new,stoxx_ext_capital_efficient_growth_revision,2012-04-30,149.70479,126.93003,136.73983
stoxx600,new,stoxx_ext_capital_efficient_growth_revision,2012-05-31,140.19287,115.67459,128.46534
stoxx600,new,stoxx_ext_capital_efficient_growth_revision,2012-06-29,145.1851,120.69413,135.13887
stoxx600,new,stoxx_ext_capital_efficient_growth_revision,2012-07-31,152.61716,124.34301,140.88036
stoxx600,new,stoxx_ext_capital_efficient_growth_revision,2012-08-31,155.30463,128.31644,144.1376
stoxx600,new,stoxx_ext_capital_efficient_growth_revision,2012-09-28,158.2392,127.96464,145.64389
stoxx600,new,stoxx_ext_capital_efficient_growth_revision,2012-10-31,159.5294,129.97443,146.56099
stoxx600,new,stoxx_ext_capital_efficient_growth_revision,2012-11-30,162.75353,132.96087,149.9358
stoxx600,new,stoxx_ext_capital_efficient_growth_revision,2012-12-31,163.91977,134.53218,152.336
stoxx600,new,stoxx_ext_capital_efficient_growth_revision,2013-01-31,169.2567,139.50008,156.64694
stoxx600,new,stoxx_ext_capital_efficient_growth_revision,2013-02-28,173.80054,140.25186,158.58073
stoxx600,new,stoxx_ext_capital_efficient_growth_revision,2013-03-28,176.34068,140.24637,161.16233
stoxx600,new,stoxx_ext_capital_efficient_growth_revision,2013-04-30,178.09436,144.94447,163.90764
stoxx600,new,stoxx_ext_capital_efficient_growth_revision,2013-05-31,179.68542,149.52057,167.47468
stoxx600,new,stoxx_ext_capital_efficient_growth_revision,2013-06-28,171.59465,138.44596,159.0575
stoxx600,new,stoxx_ext_capital_efficient_growth_revision,2013-07-31,182.18014,147.07594,167.31245
stoxx600,new,stoxx_ext_capital_efficient_growth_revision,2013-08-30,180.10391,146.4596,166.2862
stoxx600,new,stoxx_ext_capital_efficient_growth_revision,2013-09-30,186.94223,154.38289,174.03167
stoxx600,new,stoxx_ext_capital_efficient_growth_revision,2013-10-31,194.23598,160.18628,181.11114
stoxx600,new,stoxx_ext_capital_efficient_growth_revision,2013-11-29,195.96639,160.37299,183.11666
stoxx600,new,stoxx_ext_capital_efficient_growth_revision,2013-12-31,200.60315,160.22463,184.99777
stoxx600,new,stoxx_ext_capital_efficient_growth_revision,2014-01-31,202.9308,157.43373,181.90862
stoxx600,new,stoxx_ext_capital_efficient_growth_revision,2014-02-28,216.8211,166.21201,190.9053
stoxx600,new,stoxx_ext_capital_efficient_growth_revision,2014-03-31,213.72962,166.71463,189.38477
stoxx600,new,stoxx_ext_capital_efficient_growth_revision,2014-04-30,214.63883,169.74263,192.62857
stoxx600,new,stoxx_ext_capital_efficient_growth_revision,2014-05-30,221.75455,174.47115,198.09102
stoxx600,new,stoxx_ext_capital_efficient_growth_revision,2014-06-30,224.13485,172.56007,197.11473
stoxx600,new,stoxx_ext_capital_efficient_growth_revision,2014-07-31,221.84279,170.1432,194.18771
stoxx600,new,stoxx_ext_capital_efficient_growth_revision,2014-08-29,227.50739,173.26612,198.12562
stoxx600,new,stoxx_ext_capital_efficient_growth_revision,2014-09-30,229.33884,172.52825,199.06426
stoxx600,new,stoxx_ext_capital_efficient_growth_revision,2014-10-31,225.48551,167.69786,195.68676
stoxx600,new,stoxx_ext_capital_efficient_growth_revision,2014-11-28,231.80716,171.03316,202.32727
stoxx600,new,stoxx_ext_capital_efficient_growth_revision,2014-12-31,232.54176,167.3823,199.52773
stoxx600,new,stoxx_ext_capital_efficient_growth_revision,2015-01-30,247.57157,178.32647,213.79234
stoxx600,new,stoxx_ext_capital_efficient_growth_revision,2015-02-27,267.16609,192.50349,228.6319
stoxx600,new,stoxx_ext_capital_efficient_growth_revision,2015-03-31,274.06509,193.47937,232.94456
stoxx600,new,stoxx_ext_capital_efficient_growth_revision,2015-04-30,274.77485,195.53365,233.40162
stoxx600,new,stoxx_ext_capital_efficient_growth_revision,2015-05-29,279.02529,199.86891,237.76632
stoxx600,new,stoxx_ext_capital_efficient_growth_revision,2015-06-30,269.48383,190.60799,227.16318
stoxx600,new,stoxx_ext_capital_efficient_growth_revision,2015-07-31,281.9636,196.81421,236.13085
stoxx600,new,stoxx_ext_capital_efficient_growth_revision,2015-08-31,261.01419,180.47872,216.62493
stoxx600,new,stoxx_ext_capital_efficient_growth_revision,2015-09-30,252.78823,171.05795,207.9157
stoxx600,new,stoxx_ext_capital_efficient_growth_revision,2015-10-30,269.26122,184.54594,224.60215
stoxx600,new,stoxx_ext_capital_efficient_growth_revision,2015-11-30,279.56936,188.50139,231.03309
stoxx600,new,stoxx_ext_capital_efficient_growth_revision,2015-12-31,271.22425,178.0225,219.6203
stoxx600,new,stoxx_ext_capital_efficient_growth_revision,2016-01-29,255.21003,166.13348,205.59687
stoxx600,new,stoxx_ext_capital_efficient_growth_revision,2016-02-29,248.11643,164.41991,200.72004
stoxx600,new,stoxx_ext_capital_efficient_growth_revision,2016-03-31,251.74948,167.06596,203.67428
stoxx600,new,stoxx_ext_capital_efficient_growth_revision,2016-04-29,254.77135,172.11428,207.73392
stoxx600,new,stoxx_ext_capital_efficient_growth_revision,2016-05-31,264.54199,175.50533,213.33416
stoxx600,new,stoxx_ext_capital_efficient_growth_revision,2016-06-30,242.61345,167.99346,202.58304
stoxx600,new,stoxx_ext_capital_efficient_growth_revision,2016-07-29,254.62081,172.34904,210.10365
stoxx600,new,stoxx_ext_capital_efficient_growth_revision,2016-08-31,257.62272,172.98119,211.70017
stoxx600,new,stoxx_ext_capital_efficient_growth_revision,2016-09-30,260.8301,173.74827,211.63881
stoxx600,new,stoxx_ext_capital_efficient_growth_revision,2016-10-31,256.77231,172.89653,209.63438
stoxx600,new,stoxx_ext_capital_efficient_growth_revision,2016-11-30,260.10548,175.39191,211.55074
stoxx600,new,stoxx_ext_capital_efficient_growth_revision,2016-12-30,269.4886,186.38422,223.66291
stoxx600,new,stoxx_ext_capital_efficient_growth_revision,2017-01-31,268.71076,185.95171,223.08048
stoxx600,new,stoxx_ext_capital_efficient_growth_revision,2017-02-28,277.78101,190.35704,229.79677
stoxx600,new,stoxx_ext_capital_efficient_growth_revision,2017-03-31,283.16965,197.8442,237.83111
stoxx600,new,stoxx_ext_capital_efficient_growth_revision,2017-04-28,292.67438,202.77046,242.80106
stoxx600,new,stoxx_ext_capital_efficient_growth_revision,2017-05-31,293.78599,207.13191,246.68676
stoxx600,new,stoxx_ext_capital_efficient_growth_revision,2017-06-30,286.63399,202.94124,240.74535
stoxx600,new,stoxx_ext_capital_efficient_growth_revision,2017-07-31,287.31643,200.69655,240.12798
stoxx600,new,stoxx_ext_capital_efficient_growth_revision,2017-08-31,289.30745,196.61104,237.72122
stoxx600,new,stoxx_ext_capital_efficient_growth_revision,2017-09-29,301.90897,203.92298,246.99217
stoxx600,new,stoxx_ext_capital_efficient_growth_revision,2017-10-31,310.82571,206.5179,251.64762
stoxx600,new,stoxx_ext_capital_efficient_growth_revision,2017-11-30,301.13129,200.7098,246.46187
stoxx600,new,stoxx_ext_capital_efficient_growth_revision,2017-12-29,304.21983,203.51424,248.25011
stoxx600,new,stoxx_ext_capital_efficient_growth_revision,2018-01-31,314.42372,208.44867,252.30578
stoxx600,new,stoxx_ext_capital_efficient_growth_revision,2018-02-28,304.9653,202.69906,242.73603
stoxx600,new,stoxx_ext_capital_efficient_growth_revision,2018-03-29,298.92988,199.4861,237.87924
stoxx600,new,stoxx_ext_capital_efficient_growth_revision,2018-04-30,312.91976,208.15733,248.90492
stoxx600,new,stoxx_ext_capital_efficient_growth_revision,2018-05-31,316.34863,208.98972,248.97047
stoxx600,new,stoxx_ext_capital_efficient_growth_revision,2018-06-29,314.42107,208.05343,247.72514
stoxx600,new,stoxx_ext_capital_efficient_growth_revision,2018-07-31,324.95511,214.86937,255.44481
stoxx600,new,stoxx_ext_capital_efficient_growth_revision,2018-08-31,324.22819,209.48628,249.67648
stoxx600,new,stoxx_ext_capital_efficient_growth_revision,2018-09-28,322.34905,208.15855,250.49979
stoxx600,new,stoxx_ext_capital_efficient_growth_revision,2018-10-31,302.90162,198.77871,236.90496
stoxx600,new,stoxx_ext_capital_efficient_growth_revision,2018-11-30,290.70585,200.48319,234.7704
stoxx600,new,stoxx_ext_capital_efficient_growth_revision,2018-12-31,276.04742,191.0438,221.91219
stoxx600,new,stoxx_ext_capital_efficient_growth_revision,2019-01-31,296.03109,201.24951,235.89366
stoxx600,new,stoxx_ext_capital_efficient_growth_revision,2019-02-28,307.21061,209.34308,245.75311
stoxx600,new,stoxx_ext_capital_efficient_growth_revision,2019-03-29,316.46188,210.03901,250.67405
stoxx600,new,stoxx_ext_capital_efficient_growth_revision,2019-04-30,329.18747,217.53372,260.20291
stoxx600,new,stoxx_ext_capital_efficient_growth_revision,2019-05-31,319.23439,203.52715,247.82491
stoxx600,new,stoxx_ext_capital_efficient_growth_revision,2019-06-28,335.03336,210.52652,258.74433
stoxx600,new,stoxx_ext_capital_efficient_growth_revision,2019-07-31,332.97999,212.12294,259.43541
stoxx600,new,stoxx_ext_capital_efficient_growth_revision,2019-08-30,325.8573,205.83344,255.56732
stoxx600,new,stoxx_ext_capital_efficient_growth_revision,2019-09-30,336.13747,215.74681,265.0982
stoxx600,new,stoxx_ext_capital_efficient_growth_revision,2019-10-31,337.39066,217.87278,268.06444
stoxx600,new,stoxx_ext_capital_efficient_growth_revision,2019-11-29,349.10905,225.58563,275.46207
stoxx600,new,stoxx_ext_capital_efficient_growth_revision,2019-12-31,353.58092,232.09395,281.54877
stoxx600,new,stoxx_ext_capital_efficient_growth_revision,2020-01-31,353.58372,228.54303,278.62487
stoxx600,new,stoxx_ext_capital_efficient_growth_revision,2020-02-28,330.16216,207.92317,255.74167
stoxx600,new,stoxx_ext_capital_efficient_growth_revision,2020-03-31,281.40705,170.94699,218.23491
stoxx600,new,stoxx_ext_capital_efficient_growth_revision,2020-04-30,307.57544,185.86031,232.97816
stoxx600,new,stoxx_ext_capital_efficient_growth_revision,2020-05-29,324.51626,193.72599,241.4041
stoxx600,new,stoxx_ext_capital_efficient_growth_revision,2020-06-30,329.14057,198.64162,249.30417
stoxx600,new,stoxx_ext_capital_efficient_growth_revision,2020-07-31,337.81308,194.12154,246.81976
stoxx600,new,stoxx_ext_capital_efficient_growth_revision,2020-08-31,352.87845,200.14953,254.52966
stoxx600,new,stoxx_ext_capital_efficient_growth_revision,2020-09-30,352.48127,192.52283,250.61912
stoxx600,new,stoxx_ext_capital_efficient_growth_revision,2020-10-30,339.06486,185.02173,237.76576
stoxx600,new,stoxx_ext_capital_efficient_growth_revision,2020-11-30,370.2574,224.23995,270.98979
stoxx600,new,stoxx_ext_capital_efficient_growth_revision,2020-12-31,381.49988,229.23633,278.32333
stoxx600,new,stoxx_ext_capital_efficient_growth_revision,2021-01-29,384.85354,223.58185,276.22882
stoxx600,new,stoxx_ext_capital_efficient_growth_revision,2021-02-26,392.30923,232.38371,282.8616
stoxx600,new,stoxx_ext_capital_efficient_growth_revision,2021-03-31,415.83093,246.82694,301.15056
stoxx600,new,stoxx_ext_capital_efficient_growth_revision,2021-04-30,429.82741,251.39612,308.34109
stoxx600,new,stoxx_ext_capital_efficient_growth_revision,2021-05-31,440.04003,257.60618,316.66747
stoxx600,new,stoxx_ext_capital_efficient_growth_revision,2021-06-30,445.17667,258.28378,321.38152
stoxx600,new,stoxx_ext_capital_efficient_growth_revision,2021-07-30,462.52263,258.12194,327.9233
stoxx600,new,stoxx_ext_capital_efficient_growth_revision,2021-08-31,475.35406,262.5158,334.27719
stoxx600,new,stoxx_ext_capital_efficient_growth_revision,2021-09-30,462.33851,255.16115,323.8838
stoxx600,new,stoxx_ext_capital_efficient_growth_revision,2021-10-29,485.65691,261.98782,339.00387
stoxx600,new,stoxx_ext_capital_efficient_growth_revision,2021-11-30,481.58062,251.8546,330.36754
stoxx600,new,stoxx_ext_capital_efficient_growth_revision,2021-12-31,498.68146,264.18696,347.53648
stoxx600,new,stoxx_ext_capital_efficient_growth_revision,2022-01-31,463.81556,250.0913,335.33901
stoxx600,new,stoxx_ext_capital_efficient_growth_revision,2022-02-28,436.00454,243.36541,324.6273
stoxx600,new,stoxx_ext_capital_efficient_growth_revision,2022-03-31,443.21255,244.71375,328.57659
stoxx600,new,stoxx_ext_capital_efficient_growth_revision,2022-04-29,440.57597,246.99047,326.83065
stoxx600,new,stoxx_ext_capital_efficient_growth_revision,2022-05-31,431.42738,243.34536,324.5335
stoxx600,new,stoxx_ext_capital_efficient_growth_revision,2022-06-30,391.46801,224.22265,299.17873
stoxx600,new,stoxx_ext_capital_efficient_growth_revision,2022-07-29,430.37831,236.02164,322.29433
stoxx600,new,stoxx_ext_capital_efficient_growth_revision,2022-08-31,409.98397,220.78313,306.01418
stoxx600,new,stoxx_ext_capital_efficient_growth_revision,2022-09-30,381.86765,210.91327,286.38798
stoxx600,new,stoxx_ext_capital_efficient_growth_revision,2022-10-31,410.92283,223.25901,304.36211
stoxx600,new,stoxx_ext_capital_efficient_growth_revision,2022-11-30,435.8387,241.64513,325.58679
stoxx600,new,stoxx_ext_capital_efficient_growth_revision,2022-12-30,423.64447,232.48951,314.47085
stoxx600,new,stoxx_ext_capital_efficient_growth_revision,2023-01-31,438.24971,243.00839,335.56803
stoxx600,new,stoxx_ext_capital_efficient_growth_revision,2023-02-28,450.24475,236.85228,342.26865
stoxx600,new,stoxx_ext_capital_efficient_growth_revision,2023-03-31,463.65036,236.9101,341.64313
stoxx600,new,stoxx_ext_capital_efficient_growth_revision,2023-04-28,470.31106,242.25566,350.531
stoxx600,new,stoxx_ext_capital_efficient_growth_revision,2023-05-31,459.267,238.53867,342.30148
stoxx600,new,stoxx_ext_capital_efficient_growth_revision,2023-06-30,464.48635,241.86257,350.58331
stoxx600,new,stoxx_ext_capital_efficient_growth_revision,2023-07-31,472.88645,249.98724,358.04951
stoxx600,new,stoxx_ext_capital_efficient_growth_revision,2023-08-31,489.50957,246.04751,349.00126
stoxx600,new,stoxx_ext_capital_efficient_growth_revision,2023-09-29,490.28769,229.228,343.49548
stoxx600,new,stoxx_ext_capital_efficient_growth_revision,2023-10-31,478.59856,215.95018,331.1885
stoxx600,new,stoxx_ext_capital_efficient_growth_revision,2023-11-30,517.34303,230.74762,353.12832
stoxx600,new,stoxx_ext_capital_efficient_growth_revision,2023-12-29,539.39651,241.86147,366.51363
stoxx600,new,stoxx_ext_capital_efficient_growth_revision,2024-01-31,548.92425,239.44374,371.77326
stoxx600,new,stoxx_ext_capital_efficient_growth_revision,2024-02-29,572.61183,239.42001,378.58061
stoxx600,new,stoxx_ext_capital_efficient_growth_revision,2024-03-28,599.85523,249.38387,394.60194
stoxx600,new,stoxx_ext_capital_efficient_growth_revision,2024-04-30,591.58938,253.35664,391.64891
stoxx600,new,stoxx_ext_capital_efficient_growth_revision,2024-05-31,618.43576,260.33422,405.64892
stoxx600,new,stoxx_ext_capital_efficient_growth_revision,2024-06-28,602.69089,250.03297,401.30697
stoxx600,new,stoxx_ext_capital_efficient_growth_revision,2024-07-31,600.49152,253.13872,407.2565
stoxx600,new,stoxx_ext_capital_efficient_growth_revision,2024-08-30,604.73981,252.12989,413.78386
stoxx600,new,stoxx_ext_capital_efficient_growth_revision,2024-09-30,613.96234,259.31459,412.52074
stoxx600,new,stoxx_ext_capital_efficient_growth_revision,2024-10-31,596.35606,246.12417,399.24554
stoxx600,new,stoxx_ext_capital_efficient_growth_revision,2024-11-29,599.84433,245.36685,404.0423
stoxx600,new,stoxx_ext_capital_efficient_growth_revision,2024-12-31,590.22471,248.46648,404.00512
stoxx600,new,stoxx_ext_capital_efficient_growth_revision,2025-01-31,627.74152,265.66269,432.32069
stoxx600,new,stoxx_ext_capital_efficient_growth_revision,2025-02-28,661.71054,270.63831,447.19487
stoxx600,new,stoxx_ext_capital_efficient_growth_revision,2025-03-31,627.54046,256.82959,430.21773
stoxx600,new,stoxx_ext_capital_efficient_growth_revision,2025-04-30,637.33324,251.55586,427.82431
stoxx600,new,stoxx_ext_capital_efficient_growth_revision,2025-05-30,682.82324,264.58607,452.02391
stoxx600,new,stoxx_ext_capital_efficient_growth_revision,2025-06-30,681.85115,262.15478,446.67567
stoxx600,new,stoxx_ext_capital_efficient_growth_revision,2025-07-31,668.29377,271.24184,451.22044
stoxx600,new,stoxx_ext_capital_efficient_growth_revision,2025-08-29,663.83643,274.75476,455.74454
stoxx600,new,stoxx_ext_capital_efficient_growth_revision,2025-09-30,681.48909,274.31999,463.08457
stoxx600,new,stoxx_ext_capital_efficient_growth_revision,2025-10-31,697.76004,282.53194,475.05342
stoxx600,new,stoxx_ext_capital_efficient_growth_revision,2025-11-28,697.95713,286.33623,479.61121
stoxx600,new,stoxx_ext_capital_efficient_growth_revision,2025-12-31,711.40436,295.99263,492.83325
stoxx600,new,stoxx_ext_capital_efficient_growth_revision,2026-01-30,742.67441,306.9768,508.54118
stoxx600,new,stoxx_ext_capital_efficient_growth_revision,2026-02-27,761.77771,322.26715,527.93099
stoxx600,new,stoxx_ext_capital_efficient_growth_revision,2026-03-31,702.26678,303.26167,487.67548
stoxx600,new,stoxx_ext_capital_efficient_growth_revision,2026-04-30,756.81048,315.83132,513.39615
stoxx600,new,stoxx_ext_capital_efficient_growth_revision,2026-05-29,780.844,325.92513,530.49487
stoxx600,new,stoxx_ext_capital_efficient_growth_revision,2026-06-30,813.44171,329.49021,541.98925
stoxx600,new,stoxx_ext_capital_efficient_growth_revision,2026-07-02,814.80944,336.69052,548.77243
stoxx600,new,stoxx_ext_dividend_revision_quality,2009-07-02,100.0,100.0,100.0
stoxx600,new,stoxx_ext_dividend_revision_quality,2009-07-31,106.99565,112.10503,110.12414
stoxx600,new,stoxx_ext_dividend_revision_quality,2009-08-31,112.78462,122.06859,115.71463
stoxx600,new,stoxx_ext_dividend_revision_quality,2009-09-30,116.62548,127.04639,119.11382
stoxx600,new,stoxx_ext_dividend_revision_quality,2009-10-30,114.06024,120.65469,116.44547
stoxx600,new,stoxx_ext_dividend_revision_quality,2009-11-30,115.87615,123.19028,117.96347
stoxx600,new,stoxx_ext_dividend_revision_quality,2009-12-31,122.4859,129.67879,125.19285
stoxx600,new,stoxx_ext_dividend_revision_quality,2010-01-29,120.18472,126.29537,121.83427
stoxx600,new,stoxx_ext_dividend_revision_quality,2010-02-26,120.26591,124.8459,121.40712
stoxx600,new,stoxx_ext_dividend_revision_quality,2010-03-31,131.7146,133.37455,130.66967
stoxx600,new,stoxx_ext_dividend_revision_quality,2010-04-30,132.58475,133.09698,129.51685
stoxx600,new,stoxx_ext_dividend_revision_quality,2010-05-31,125.9257,126.70787,123.39381
stoxx600,new,stoxx_ext_dividend_revision_quality,2010-06-30,125.04544,126.1025,122.7367
stoxx600,new,stoxx_ext_dividend_revision_quality,2010-07-30,133.67992,132.72749,129.01723
stoxx600,new,stoxx_ext_dividend_revision_quality,2010-08-31,130.27755,131.1274,127.30677
stoxx600,new,stoxx_ext_dividend_revision_quality,2010-09-30,137.48979,134.89253,131.7445
stoxx600,new,stoxx_ext_dividend_revision_quality,2010-10-29,142.23266,137.94161,135.17855
stoxx600,new,stoxx_ext_dividend_revision_quality,2010-11-30,140.56635,134.47388,133.19134
stoxx600,new,stoxx_ext_dividend_revision_quality,2010-12-31,150.04764,142.32966,140.27623
stoxx600,new,stoxx_ext_dividend_revision_quality,2011-01-31,151.04524,146.55914,142.76999
stoxx600,new,stoxx_ext_dividend_revision_quality,2011-02-28,156.19145,150.4025,146.27581
stoxx600,new,stoxx_ext_dividend_revision_quality,2011-03-31,149.16223,146.46588,141.3783
stoxx600,new,stoxx_ext_dividend_revision_quality,2011-04-29,153.40357,152.20039,146.33476
stoxx600,new,stoxx_ext_dividend_revision_quality,2011-05-31,154.85575,150.77057,146.44274
stoxx600,new,stoxx_ext_dividend_revision_quality,2011-06-30,151.09367,145.73863,142.58449
stoxx600,new,stoxx_ext_dividend_revision_quality,2011-07-29,148.19211,141.00974,138.63003
stoxx600,new,stoxx_ext_dividend_revision_quality,2011-08-31,130.54119,124.72904,124.21762
stoxx600,new,stoxx_ext_dividend_revision_quality,2011-09-30,122.10176,118.14972,118.24693
stoxx600,new,stoxx_ext_dividend_revision_quality,2011-10-31,133.45378,127.56717,127.49055
stoxx600,new,stoxx_ext_dividend_revision_quality,2011-11-30,134.07861,124.61257,125.83189
stoxx600,new,stoxx_ext_dividend_revision_quality,2011-12-30,136.90682,125.15835,127.95306
stoxx600,new,stoxx_ext_dividend_revision_quality,2012-01-31,144.39952,129.66348,133.3429
stoxx600,new,stoxx_ext_dividend_revision_quality,2012-02-29,153.33898,135.71744,139.05794
stoxx600,new,stoxx_ext_dividend_revision_quality,2012-03-30,153.70649,135.18146,139.0029
stoxx600,new,stoxx_ext_dividend_revision_quality,2012-04-30,150.80451,129.20265,136.73983
stoxx600,new,stoxx_ext_dividend_revision_quality,2012-05-31,141.03829,120.50937,128.46534
stoxx600,new,stoxx_ext_dividend_revision_quality,2012-06-29,147.4595,128.06546,135.13887
stoxx600,new,stoxx_ext_dividend_revision_quality,2012-07-31,154.27634,133.06917,140.88036
stoxx600,new,stoxx_ext_dividend_revision_quality,2012-08-31,158.21548,137.92802,144.1376
stoxx600,new,stoxx_ext_dividend_revision_quality,2012-09-28,161.7201,138.45603,145.64389
stoxx600,new,stoxx_ext_dividend_revision_quality,2012-10-31,162.77225,138.81476,146.56099
stoxx600,new,stoxx_ext_dividend_revision_quality,2012-11-30,165.95307,141.87132,149.9358
stoxx600,new,stoxx_ext_dividend_revision_quality,2012-12-31,167.32642,144.43475,152.336
stoxx600,new,stoxx_ext_dividend_revision_quality,2013-01-31,172.15417,147.61391,156.64694
stoxx600,new,stoxx_ext_dividend_revision_quality,2013-02-28,176.0269,147.60272,158.58073
stoxx600,new,stoxx_ext_dividend_revision_quality,2013-03-28,177.11817,148.46285,161.16233
stoxx600,new,stoxx_ext_dividend_revision_quality,2013-04-30,177.87542,153.09251,163.90764
stoxx600,new,stoxx_ext_dividend_revision_quality,2013-05-31,183.24213,156.03939,167.47468
stoxx600,new,stoxx_ext_dividend_revision_quality,2013-06-28,173.97177,146.73771,159.0575
stoxx600,new,stoxx_ext_dividend_revision_quality,2013-07-31,185.08612,154.3743,167.31245
stoxx600,new,stoxx_ext_dividend_revision_quality,2013-08-30,181.54369,153.20469,166.2862
stoxx600,new,stoxx_ext_dividend_revision_quality,2013-09-30,190.12552,161.13014,174.03167
stoxx600,new,stoxx_ext_dividend_revision_quality,2013-10-31,201.00819,168.27913,181.11114
stoxx600,new,stoxx_ext_dividend_revision_quality,2013-11-29,203.29391,168.80517,183.11666
stoxx600,new,stoxx_ext_dividend_revision_quality,2013-12-31,207.91591,168.61974,184.99777
stoxx600,new,stoxx_ext_dividend_revision_quality,2014-01-31,207.77668,165.30619,181.90862
stoxx600,new,stoxx_ext_dividend_revision_quality,2014-02-28,220.18363,171.54195,190.9053
stoxx600,new,stoxx_ext_dividend_revision_quality,2014-03-31,215.91623,170.91478,189.38477
stoxx600,new,stoxx_ext_dividend_revision_quality,2014-04-30,218.33409,175.11787,192.62857
stoxx600,new,stoxx_ext_dividend_revision_quality,2014-05-30,224.49563,180.54918,198.09102
stoxx600,new,stoxx_ext_dividend_revision_quality,2014-06-30,229.14274,179.45499,197.11473
stoxx600,new,stoxx_ext_dividend_revision_quality,2014-07-31,225.25214,177.11504,194.18771
stoxx600,new,stoxx_ext_dividend_revision_quality,2014-08-29,230.37944,180.71202,198.12562
stoxx600,new,stoxx_ext_dividend_revision_quality,2014-09-30,232.23348,180.48646,199.06426
stoxx600,new,stoxx_ext_dividend_revision_quality,2014-10-31,226.13933,175.76128,195.68676
stoxx600,new,stoxx_ext_dividend_revision_quality,2014-11-28,233.78041,181.50946,202.32727
stoxx600,new,stoxx_ext_dividend_revision_quality,2014-12-31,231.31279,177.86701,199.52773
stoxx600,new,stoxx_ext_dividend_revision_quality,2015-01-30,244.48472,189.74826,213.79234
stoxx600,new,stoxx_ext_dividend_revision_quality,2015-02-27,264.68986,202.28143,228.6319
stoxx600,new,stoxx_ext_dividend_revision_quality,2015-03-31,268.49585,204.78205,232.94456
stoxx600,new,stoxx_ext_dividend_revision_quality,2015-04-30,269.22924,207.31529,233.40162
stoxx600,new,stoxx_ext_dividend_revision_quality,2015-05-29,276.27131,211.56935,237.76632
stoxx600,new,stoxx_ext_dividend_revision_quality,2015-06-30,266.01509,200.71649,227.16318
stoxx600,new,stoxx_ext_dividend_revision_quality,2015-07-31,278.21571,207.99452,236.13085
stoxx600,new,stoxx_ext_dividend_revision_quality,2015-08-31,259.20087,189.59449,216.62493
stoxx600,new,stoxx_ext_dividend_revision_quality,2015-09-30,249.6972,183.35417,207.9157
stoxx600,new,stoxx_ext_dividend_revision_quality,2015-10-30,268.85929,197.86276,224.60215
stoxx600,new,stoxx_ext_dividend_revision_quality,2015-11-30,279.97514,201.17074,231.03309
stoxx600,new,stoxx_ext_dividend_revision_quality,2015-12-31,268.56099,189.60573,219.6203
stoxx600,new,stoxx_ext_dividend_revision_quality,2016-01-29,250.48485,176.53792,205.59687
stoxx600,new,stoxx_ext_dividend_revision_quality,2016-02-29,240.94456,176.38741,200.72004
stoxx600,new,stoxx_ext_dividend_revision_quality,2016-03-31,246.46782,178.89313,203.67428
stoxx600,new,stoxx_ext_dividend_revision_quality,2016-04-29,248.02385,183.16911,207.73392
stoxx600,new,stoxx_ext_dividend_revision_quality,2016-05-31,256.39685,185.71259,213.33416
stoxx600,new,stoxx_ext_dividend_revision_quality,2016-06-30,242.64541,179.09431,202.58304
stoxx600,new,stoxx_ext_dividend_revision_quality,2016-07-29,257.05115,184.93717,210.10365
stoxx600,new,stoxx_ext_dividend_revision_quality,2016-08-31,256.44853,186.19911,211.70017
stoxx600,new,stoxx_ext_dividend_revision_quality,2016-09-30,258.18329,186.84756,211.63881
stoxx600,new,stoxx_ext_dividend_revision_quality,2016-10-31,255.15415,184.57565,209.63438
stoxx600,new,stoxx_ext_dividend_revision_quality,2016-11-30,256.07059,185.85039,211.55074
stoxx600,new,stoxx_ext_dividend_revision_quality,2016-12-30,269.86652,194.71781,223.66291
stoxx600,new,stoxx_ext_dividend_revision_quality,2017-01-31,272.28326,194.31399,223.08048
stoxx600,new,stoxx_ext_dividend_revision_quality,2017-02-28,278.30271,200.74615,229.79677
stoxx600,new,stoxx_ext_dividend_revision_quality,2017-03-31,288.76306,206.72186,237.83111
stoxx600,new,stoxx_ext_dividend_revision_quality,2017-04-28,302.08826,209.81621,242.80106
stoxx600,new,stoxx_ext_dividend_revision_quality,2017-05-31,305.87762,214.5402,246.68676
stoxx600,new,stoxx_ext_dividend_revision_quality,2017-06-30,300.90026,210.15072,240.74535
stoxx600,new,stoxx_ext_dividend_revision_quality,2017-07-31,306.14897,206.16389,240.12798
stoxx600,new,stoxx_ext_dividend_revision_quality,2017-08-31,308.82951,202.32428,237.72122
stoxx600,new,stoxx_ext_dividend_revision_quality,2017-09-29,321.52532,211.21246,246.99217
stoxx600,new,stoxx_ext_dividend_revision_quality,2017-10-31,330.50253,212.94589,251.64762
stoxx600,new,stoxx_ext_dividend_revision_quality,2017-11-30,323.6745,207.18849,246.46187
stoxx600,new,stoxx_ext_dividend_revision_quality,2017-12-29,326.70631,208.32985,248.25011
stoxx600,new,stoxx_ext_dividend_revision_quality,2018-01-31,334.37073,208.51865,252.30578
stoxx600,new,stoxx_ext_dividend_revision_quality,2018-02-28,325.0944,200.64816,242.73603
stoxx600,new,stoxx_ext_dividend_revision_quality,2018-03-29,320.36503,197.00804,237.87924
stoxx600,new,stoxx_ext_dividend_revision_quality,2018-04-30,336.35927,205.84477,248.90492
stoxx600,new,stoxx_ext_dividend_revision_quality,2018-05-31,338.17548,206.48795,248.97047
stoxx600,new,stoxx_ext_dividend_revision_quality,2018-06-29,335.81573,203.71408,247.72514
stoxx600,new,stoxx_ext_dividend_revision_quality,2018-07-31,345.19528,209.56689,255.44481
stoxx600,new,stoxx_ext_dividend_revision_quality,2018-08-31,342.86062,205.06793,249.67648
stoxx600,new,stoxx_ext_dividend_revision_quality,2018-09-28,342.35542,206.75147,250.49979
stoxx600,new,stoxx_ext_dividend_revision_quality,2018-10-31,319.8029,197.23553,236.90496
stoxx600,new,stoxx_ext_dividend_revision_quality,2018-11-30,306.6715,198.8962,234.7704
stoxx600,new,stoxx_ext_dividend_revision_quality,2018-12-31,290.76094,186.32753,221.91219
stoxx600,new,stoxx_ext_dividend_revision_quality,2019-01-31,311.19928,196.05446,235.89366
stoxx600,new,stoxx_ext_dividend_revision_quality,2019-02-28,324.25689,204.0309,245.75311
stoxx600,new,stoxx_ext_dividend_revision_quality,2019-03-29,328.82716,205.70157,250.67405
stoxx600,new,stoxx_ext_dividend_revision_quality,2019-04-30,344.4593,214.40027,260.20291
stoxx600,new,stoxx_ext_dividend_revision_quality,2019-05-31,327.22387,198.89604,247.82491
stoxx600,new,stoxx_ext_dividend_revision_quality,2019-06-28,342.67826,206.73278,258.74433
stoxx600,new,stoxx_ext_dividend_revision_quality,2019-07-31,341.05925,205.99033,259.43541
stoxx600,new,stoxx_ext_dividend_revision_quality,2019-08-30,332.8704,202.50317,255.56732
stoxx600,new,stoxx_ext_dividend_revision_quality,2019-09-30,343.52543,210.98691,265.0982
stoxx600,new,stoxx_ext_dividend_revision_quality,2019-10-31,346.00203,216.26389,268.06444
stoxx600,new,stoxx_ext_dividend_revision_quality,2019-11-29,358.91347,222.27718,275.46207
stoxx600,new,stoxx_ext_dividend_revision_quality,2019-12-31,362.02044,229.54385,281.54877
stoxx600,new,stoxx_ext_dividend_revision_quality,2020-01-31,359.36934,225.89238,278.62487
stoxx600,new,stoxx_ext_dividend_revision_quality,2020-02-28,332.92462,205.64614,255.74167
stoxx600,new,stoxx_ext_dividend_revision_quality,2020-03-31,268.37697,176.14646,218.23491
stoxx600,new,stoxx_ext_dividend_revision_quality,2020-04-30,286.78235,188.80125,232.97816
stoxx600,new,stoxx_ext_dividend_revision_quality,2020-05-29,303.13519,194.22828,241.4041
stoxx600,new,stoxx_ext_dividend_revision_quality,2020-06-30,303.697,199.77104,249.30417
stoxx600,new,stoxx_ext_dividend_revision_quality,2020-07-31,311.98957,195.90116,246.81976
stoxx600,new,stoxx_ext_dividend_revision_quality,2020-08-31,321.68488,202.48651,254.52966
stoxx600,new,stoxx_ext_dividend_revision_quality,2020-09-30,317.9404,196.5062,250.61912
stoxx600,new,stoxx_ext_dividend_revision_quality,2020-10-30,307.4824,185.80389,237.76576
stoxx600,new,stoxx_ext_dividend_revision_quality,2020-11-30,334.3182,220.75716,270.98979
stoxx600,new,stoxx_ext_dividend_revision_quality,2020-12-31,341.37437,225.29463,278.32333
stoxx600,new,stoxx_ext_dividend_revision_quality,2021-01-29,344.27248,222.49219,276.22882
stoxx600,new,stoxx_ext_dividend_revision_quality,2021-02-26,357.70828,227.03499,282.8616
stoxx600,new,stoxx_ext_dividend_revision_quality,2021-03-31,379.5955,241.15068,301.15056
stoxx600,new,stoxx_ext_dividend_revision_quality,2021-04-30,391.6391,245.03542,308.34109
stoxx600,new,stoxx_ext_dividend_revision_quality,2021-05-31,405.58279,249.59986,316.66747
stoxx600,new,stoxx_ext_dividend_revision_quality,2021-06-30,410.89037,252.1411,321.38152
stoxx600,new,stoxx_ext_dividend_revision_quality,2021-07-30,423.22001,254.12354,327.9233
stoxx600,new,stoxx_ext_dividend_revision_quality,2021-08-31,433.7929,258.46747,334.27719
stoxx600,new,stoxx_ext_dividend_revision_quality,2021-09-30,423.8663,250.59106,323.8838
stoxx600,new,stoxx_ext_dividend_revision_quality,2021-10-29,445.53798,261.62637,339.00387
stoxx600,new,stoxx_ext_dividend_revision_quality,2021-11-30,436.54655,252.07067,330.36754
stoxx600,new,stoxx_ext_dividend_revision_quality,2021-12-31,455.96186,265.81669,347.53648
stoxx600,new,stoxx_ext_dividend_revision_quality,2022-01-31,410.15447,254.50293,335.33901
stoxx600,new,stoxx_ext_dividend_revision_quality,2022-02-28,389.13684,254.26349,324.6273
stoxx600,new,stoxx_ext_dividend_revision_quality,2022-03-31,397.37426,258.96583,328.57659
stoxx600,new,stoxx_ext_dividend_revision_quality,2022-04-29,381.75569,262.01877,326.83065
stoxx600,new,stoxx_ext_dividend_revision_quality,2022-05-31,376.32797,260.29429,324.5335
stoxx600,new,stoxx_ext_dividend_revision_quality,2022-06-30,341.64545,236.10747,299.17873
stoxx600,new,stoxx_ext_dividend_revision_quality,2022-07-29,373.00155,244.64448,322.29433
stoxx600,new,stoxx_ext_dividend_revision_quality,2022-08-31,350.17753,227.71887,306.01418
stoxx600,new,stoxx_ext_dividend_revision_quality,2022-09-30,323.49303,214.74791,286.38798
stoxx600,new,stoxx_ext_dividend_revision_quality,2022-10-31,347.03739,220.48115,304.36211
stoxx600,new,stoxx_ext_dividend_revision_quality,2022-11-30,371.82358,233.45608,325.58679
stoxx600,new,stoxx_ext_dividend_revision_quality,2022-12-30,364.22735,223.33619,314.47085
stoxx600,new,stoxx_ext_dividend_revision_quality,2023-01-31,385.58982,232.89641,335.56803
stoxx600,new,stoxx_ext_dividend_revision_quality,2023-02-28,402.86081,227.9608,342.26865
stoxx600,new,stoxx_ext_dividend_revision_quality,2023-03-31,413.33571,227.62051,341.64313
stoxx600,new,stoxx_ext_dividend_revision_quality,2023-04-28,416.90156,237.27468,350.531
stoxx600,new,stoxx_ext_dividend_revision_quality,2023-05-31,408.09541,233.67949,342.30148
stoxx600,new,stoxx_ext_dividend_revision_quality,2023-06-30,418.91712,232.79485,350.58331
stoxx600,new,stoxx_ext_dividend_revision_quality,2023-07-31,421.47218,242.13371,358.04951
stoxx600,new,stoxx_ext_dividend_revision_quality,2023-08-31,443.15255,230.74914,349.00126
stoxx600,new,stoxx_ext_dividend_revision_quality,2023-09-29,439.64925,223.10681,343.49548
stoxx600,new,stoxx_ext_dividend_revision_quality,2023-10-31,422.63356,215.12462,331.1885
stoxx600,new,stoxx_ext_dividend_revision_quality,2023-11-30,451.75818,228.8139,353.12832
stoxx600,new,stoxx_ext_dividend_revision_quality,2023-12-29,466.60558,236.90094,366.51363
stoxx600,new,stoxx_ext_dividend_revision_quality,2024-01-31,468.93758,237.16956,371.77326
stoxx600,new,stoxx_ext_dividend_revision_quality,2024-02-29,486.09573,233.07005,378.58061
stoxx600,new,stoxx_ext_dividend_revision_quality,2024-03-28,512.0219,241.09511,394.60194
stoxx600,new,stoxx_ext_dividend_revision_quality,2024-04-30,496.231,244.08837,391.64891
stoxx600,new,stoxx_ext_dividend_revision_quality,2024-05-31,520.50834,251.17396,405.64892
stoxx600,new,stoxx_ext_dividend_revision_quality,2024-06-28,511.33329,246.22934,401.30697
stoxx600,new,stoxx_ext_dividend_revision_quality,2024-07-31,506.19195,251.9857,407.2565
stoxx600,new,stoxx_ext_dividend_revision_quality,2024-08-30,510.73024,250.39757,413.78386
stoxx600,new,stoxx_ext_dividend_revision_quality,2024-09-30,520.66852,257.33078,412.52074
stoxx600,new,stoxx_ext_dividend_revision_quality,2024-10-31,503.36023,245.69693,399.24554
stoxx600,new,stoxx_ext_dividend_revision_quality,2024-11-29,510.95343,246.34357,404.0423
stoxx600,new,stoxx_ext_dividend_revision_quality,2024-12-31,504.67076,246.50845,404.00512
stoxx600,new,stoxx_ext_dividend_revision_quality,2025-01-31,540.65026,263.69135,432.32069
stoxx600,new,stoxx_ext_dividend_revision_quality,2025-02-28,567.34764,266.54339,447.19487
stoxx600,new,stoxx_ext_dividend_revision_quality,2025-03-31,554.84441,256.41853,430.21773
stoxx600,new,stoxx_ext_dividend_revision_quality,2025-04-30,564.40512,253.74176,427.82431
stoxx600,new,stoxx_ext_dividend_revision_quality,2025-05-30,606.05745,265.45522,452.02391
stoxx600,new,stoxx_ext_dividend_revision_quality,2025-06-30,609.04901,261.50151,446.67567
stoxx600,new,stoxx_ext_dividend_revision_quality,2025-07-31,617.54968,265.74521,451.22044
stoxx600,new,stoxx_ext_dividend_revision_quality,2025-08-29,622.23618,268.28641,455.74454
stoxx600,new,stoxx_ext_dividend_revision_quality,2025-09-30,647.63675,268.6302,463.08457
stoxx600,new,stoxx_ext_dividend_revision_quality,2025-10-31,664.12889,274.29973,475.05342
stoxx600,new,stoxx_ext_dividend_revision_quality,2025-11-28,663.93125,281.12292,479.61121
stoxx600,new,stoxx_ext_dividend_revision_quality,2025-12-31,686.35506,288.79452,492.83325
stoxx600,new,stoxx_ext_dividend_revision_quality,2026-01-30,722.42348,299.89026,508.54118
stoxx600,new,stoxx_ext_dividend_revision_quality,2026-02-27,753.94677,306.66165,527.93099
stoxx600,new,stoxx_ext_dividend_revision_quality,2026-03-31,687.237,289.54372,487.67548
stoxx600,new,stoxx_ext_dividend_revision_quality,2026-04-30,730.70878,303.7041,513.39615
stoxx600,new,stoxx_ext_dividend_revision_quality,2026-05-29,763.30766,311.22004,530.49487
stoxx600,new,stoxx_ext_dividend_revision_quality,2026-06-30,797.1324,311.57285,541.98925
stoxx600,new,stoxx_ext_dividend_revision_quality,2026-07-02,799.49643,316.25,548.77243
stoxx600,new,stoxx_ext_cash_productivity,2009-07-02,100.0,100.0,100.0
stoxx600,new,stoxx_ext_cash_productivity,2009-07-31,110.49332,108.7376,110.12414
stoxx600,new,stoxx_ext_cash_productivity,2009-08-31,115.20355,112.94485,115.71463
stoxx600,new,stoxx_ext_cash_productivity,2009-09-30,119.62967,118.32899,119.11382
stoxx600,new,stoxx_ext_cash_productivity,2009-10-30,118.36107,115.58657,116.44547
stoxx600,new,stoxx_ext_cash_productivity,2009-11-30,122.21667,119.27579,117.96347
stoxx600,new,stoxx_ext_cash_productivity,2009-12-31,131.08044,125.86947,125.19285
stoxx600,new,stoxx_ext_cash_productivity,2010-01-29,128.79569,124.23364,121.83427
stoxx600,new,stoxx_ext_cash_productivity,2010-02-26,128.63869,123.14971,121.40712
stoxx600,new,stoxx_ext_cash_productivity,2010-03-31,137.61073,133.32391,130.66967
stoxx600,new,stoxx_ext_cash_productivity,2010-04-30,139.0539,131.43583,129.51685
stoxx600,new,stoxx_ext_cash_productivity,2010-05-31,133.58313,126.21451,123.39381
stoxx600,new,stoxx_ext_cash_productivity,2010-06-30,134.48909,125.93711,122.7367
stoxx600,new,stoxx_ext_cash_productivity,2010-07-30,137.73224,131.27632,129.01723
stoxx600,new,stoxx_ext_cash_productivity,2010-08-31,139.37415,129.95828,127.30677
stoxx600,new,stoxx_ext_cash_productivity,2010-09-30,145.7145,134.99448,131.7445
stoxx600,new,stoxx_ext_cash_productivity,2010-10-29,150.95927,136.67103,135.17855
stoxx600,new,stoxx_ext_cash_productivity,2010-11-30,152.76187,135.44308,133.19134
stoxx600,new,stoxx_ext_cash_productivity,2010-12-31,163.52025,142.55249,140.27623
stoxx600,new,stoxx_ext_cash_productivity,2011-01-31,163.37334,145.26254,142.76999
stoxx600,new,stoxx_ext_cash_productivity,2011-02-28,169.15955,146.99937,146.27581
stoxx600,new,stoxx_ext_cash_productivity,2011-03-31,165.34408,142.9909,141.3783
stoxx600,new,stoxx_ext_cash_productivity,2011-04-29,170.72334,147.93279,146.33476
stoxx600,new,stoxx_ext_cash_productivity,2011-05-31,170.42751,147.46079,146.44274
stoxx600,new,stoxx_ext_cash_productivity,2011-06-30,166.97494,143.88769,142.58449
stoxx600,new,stoxx_ext_cash_productivity,2011-07-29,163.64648,140.76524,138.63003
stoxx600,new,stoxx_ext_cash_productivity,2011-08-31,150.57672,126.44272,124.21762
stoxx600,new,stoxx_ext_cash_productivity,2011-09-30,141.30847,120.60875,118.24693
stoxx600,new,stoxx_ext_cash_productivity,2011-10-31,154.094,129.28597,127.49055
stoxx600,new,stoxx_ext_cash_productivity,2011-11-30,150.36677,126.76189,125.83189
stoxx600,new,stoxx_ext_cash_productivity,2011-12-30,152.42744,129.92494,127.95306
stoxx600,new,stoxx_ext_cash_productivity,2012-01-31,158.37881,134.95285,133.3429
stoxx600,new,stoxx_ext_cash_productivity,2012-02-29,166.02776,140.514,139.05794
stoxx600,new,stoxx_ext_cash_productivity,2012-03-30,167.40417,140.73053,139.0029
stoxx600,new,stoxx_ext_cash_productivity,2012-04-30,164.66074,139.39049,136.73983
stoxx600,new,stoxx_ext_cash_productivity,2012-05-31,157.31099,131.07054,128.46534
stoxx600,new,stoxx_ext_cash_productivity,2012-06-29,164.08116,135.6008,135.13887
stoxx600,new,stoxx_ext_cash_productivity,2012-07-31,173.34063,139.90383,140.88036
stoxx600,new,stoxx_ext_cash_productivity,2012-08-31,175.05719,143.90467,144.1376
stoxx600,new,stoxx_ext_cash_productivity,2012-09-28,177.19282,146.36246,145.64389
stoxx600,new,stoxx_ext_cash_productivity,2012-10-31,178.60943,146.69244,146.56099
stoxx600,new,stoxx_ext_cash_productivity,2012-11-30,183.49463,149.96745,149.9358
stoxx600,new,stoxx_ext_cash_productivity,2012-12-31,184.27081,151.24336,152.336
stoxx600,new,stoxx_ext_cash_productivity,2013-01-31,186.53446,156.89619,156.64694
stoxx600,new,stoxx_ext_cash_productivity,2013-02-28,194.73891,159.51664,158.58073
stoxx600,new,stoxx_ext_cash_productivity,2013-03-28,201.4559,160.67884,161.16233
stoxx600,new,stoxx_ext_cash_productivity,2013-04-30,202.90828,163.26091,163.90764
stoxx600,new,stoxx_ext_cash_productivity,2013-05-31,208.55972,167.02948,167.47468
stoxx600,new,stoxx_ext_cash_productivity,2013-06-28,199.73855,159.05212,159.0575
stoxx600,new,stoxx_ext_cash_productivity,2013-07-31,210.67173,168.87158,167.31245
stoxx600,new,stoxx_ext_cash_productivity,2013-08-30,208.58037,167.6973,166.2862
stoxx600,new,stoxx_ext_cash_productivity,2013-09-30,220.59211,176.54784,174.03167
stoxx600,new,stoxx_ext_cash_productivity,2013-10-31,228.59715,182.33891,181.11114
stoxx600,new,stoxx_ext_cash_productivity,2013-11-29,231.31376,183.60071,183.11666
stoxx600,new,stoxx_ext_cash_productivity,2013-12-31,233.79283,185.91221,184.99777
stoxx600,new,stoxx_ext_cash_productivity,2014-01-31,231.56847,183.38566,181.90862
stoxx600,new,stoxx_ext_cash_productivity,2014-02-28,246.72234,189.02741,190.9053
stoxx600,new,stoxx_ext_cash_productivity,2014-03-31,242.2288,186.39169,189.38477
stoxx600,new,stoxx_ext_cash_productivity,2014-04-30,245.97096,188.48388,192.62857
stoxx600,new,stoxx_ext_cash_productivity,2014-05-30,255.63385,192.50128,198.09102
stoxx600,new,stoxx_ext_cash_productivity,2014-06-30,254.95493,191.84187,197.11473
stoxx600,new,stoxx_ext_cash_productivity,2014-07-31,249.79811,186.11102,194.18771
stoxx600,new,stoxx_ext_cash_productivity,2014-08-29,255.04399,190.4219,198.12562
stoxx600,new,stoxx_ext_cash_productivity,2014-09-30,256.09438,188.61459,199.06426
stoxx600,new,stoxx_ext_cash_productivity,2014-10-31,252.96657,183.42453,195.68676
stoxx600,new,stoxx_ext_cash_productivity,2014-11-28,264.5757,190.33956,202.32727
stoxx600,new,stoxx_ext_cash_productivity,2014-12-31,264.00432,188.46048,199.52773
stoxx600,new,stoxx_ext_cash_productivity,2015-01-30,290.05974,201.70337,213.79234
stoxx600,new,stoxx_ext_cash_productivity,2015-02-27,308.50557,216.19296,228.6319
stoxx600,new,stoxx_ext_cash_productivity,2015-03-31,311.92671,218.93678,232.94456
stoxx600,new,stoxx_ext_cash_productivity,2015-04-30,315.79974,219.1708,233.40162
stoxx600,new,stoxx_ext_cash_productivity,2015-05-29,328.54715,219.93541,237.76632
stoxx600,new,stoxx_ext_cash_productivity,2015-06-30,312.60526,209.84794,227.16318
stoxx600,new,stoxx_ext_cash_productivity,2015-07-31,325.90146,216.57017,236.13085
stoxx600,new,stoxx_ext_cash_productivity,2015-08-31,299.61313,197.96841,216.62493
stoxx600,new,stoxx_ext_cash_productivity,2015-09-30,292.87579,189.34301,207.9157
stoxx600,new,stoxx_ext_cash_productivity,2015-10-30,316.4955,207.78011,224.60215
stoxx600,new,stoxx_ext_cash_productivity,2015-11-30,325.63575,212.56987,231.03309
stoxx600,new,stoxx_ext_cash_productivity,2015-12-31,312.63697,200.62662,219.6203
stoxx600,new,stoxx_ext_cash_productivity,2016-01-29,296.72814,189.74328,205.59687
stoxx600,new,stoxx_ext_cash_productivity,2016-02-29,291.70745,187.48799,200.72004
stoxx600,new,stoxx_ext_cash_productivity,2016-03-31,295.1814,191.93787,203.67428
stoxx600,new,stoxx_ext_cash_productivity,2016-04-29,299.93049,192.08106,207.73392
stoxx600,new,stoxx_ext_cash_productivity,2016-05-31,309.39556,195.34492,213.33416
stoxx600,new,stoxx_ext_cash_productivity,2016-06-30,299.00982,188.57074,202.58304
stoxx600,new,stoxx_ext_cash_productivity,2016-07-29,308.63415,196.17373,210.10365
stoxx600,new,stoxx_ext_cash_productivity,2016-08-31,308.01751,196.63568,211.70017
stoxx600,new,stoxx_ext_cash_productivity,2016-09-30,312.35129,197.80383,211.63881
stoxx600,new,stoxx_ext_cash_productivity,2016-10-31,302.05978,196.28667,209.63438
stoxx600,new,stoxx_ext_cash_productivity,2016-11-30,300.50369,200.76475,211.55074
stoxx600,new,stoxx_ext_cash_productivity,2016-12-30,310.6294,211.53484,223.66291
stoxx600,new,stoxx_ext_cash_productivity,2017-01-31,313.20073,210.52846,223.08048
stoxx600,new,stoxx_ext_cash_productivity,2017-02-28,328.33737,217.52566,229.79677
stoxx600,new,stoxx_ext_cash_productivity,2017-03-31,343.78896,223.39445,237.83111
stoxx600,new,stoxx_ext_cash_productivity,2017-04-28,350.8135,229.15855,242.80106
stoxx600,new,stoxx_ext_cash_productivity,2017-05-31,358.42129,230.85864,246.68676
stoxx600,new,stoxx_ext_cash_productivity,2017-06-30,350.23774,224.83759,240.74535
stoxx600,new,stoxx_ext_cash_productivity,2017-07-31,355.71602,227.82807,240.12798
stoxx600,new,stoxx_ext_cash_productivity,2017-08-31,354.94445,224.43008,237.72122
stoxx600,new,stoxx_ext_cash_productivity,2017-09-29,366.55664,234.94966,246.99217
stoxx600,new,stoxx_ext_cash_productivity,2017-10-31,375.95166,240.3767,251.64762
stoxx600,new,stoxx_ext_cash_productivity,2017-11-30,367.5986,233.90632,246.46187
stoxx600,new,stoxx_ext_cash_productivity,2017-12-29,372.33462,229.52671,248.25011
stoxx600,new,stoxx_ext_cash_productivity,2018-01-31,373.65863,235.20567,252.30578
stoxx600,new,stoxx_ext_cash_productivity,2018-02-28,362.53332,228.33907,242.73603
stoxx600,new,stoxx_ext_cash_productivity,2018-03-29,356.54938,223.94729,237.87924
stoxx600,new,stoxx_ext_cash_productivity,2018-04-30,368.59836,233.41161,248.90492
stoxx600,new,stoxx_ext_cash_productivity,2018-05-31,377.95296,238.48046,248.97047
stoxx600,new,stoxx_ext_cash_productivity,2018-06-29,376.48371,238.44046,247.72514
stoxx600,new,stoxx_ext_cash_productivity,2018-07-31,387.51034,245.65198,255.44481
stoxx600,new,stoxx_ext_cash_productivity,2018-08-31,381.09719,243.70068,249.67648
stoxx600,new,stoxx_ext_cash_productivity,2018-09-28,382.46743,241.63532,250.49979
stoxx600,new,stoxx_ext_cash_productivity,2018-10-31,362.20089,226.38805,236.90496
stoxx600,new,stoxx_ext_cash_productivity,2018-11-30,355.41467,223.58371,234.7704
stoxx600,new,stoxx_ext_cash_productivity,2018-12-31,337.53575,212.84732,221.91219
stoxx600,new,stoxx_ext_cash_productivity,2019-01-31,360.18318,228.56787,235.89366
stoxx600,new,stoxx_ext_cash_productivity,2019-02-28,377.29272,238.62084,245.75311
stoxx600,new,stoxx_ext_cash_productivity,2019-03-29,390.35962,242.5769,250.67405
stoxx600,new,stoxx_ext_cash_productivity,2019-04-30,400.36526,252.64968,260.20291
stoxx600,new,stoxx_ext_cash_productivity,2019-05-31,388.15617,238.2972,247.82491
stoxx600,new,stoxx_ext_cash_productivity,2019-06-28,404.29879,252.33083,258.74433
stoxx600,new,stoxx_ext_cash_productivity,2019-07-31,407.21142,255.25116,259.43541
stoxx600,new,stoxx_ext_cash_productivity,2019-08-30,404.47511,249.14616,255.56732
stoxx600,new,stoxx_ext_cash_productivity,2019-09-30,416.53097,257.76117,265.0982
stoxx600,new,stoxx_ext_cash_productivity,2019-10-31,419.11494,257.95153,268.06444
stoxx600,new,stoxx_ext_cash_productivity,2019-11-29,434.55905,262.67644,275.46207
stoxx600,new,stoxx_ext_cash_productivity,2019-12-31,444.63434,268.84946,281.54877
stoxx600,new,stoxx_ext_cash_productivity,2020-01-31,445.50946,262.66228,278.62487
stoxx600,new,stoxx_ext_cash_productivity,2020-02-28,406.58778,241.82306,255.74167
stoxx600,new,stoxx_ext_cash_productivity,2020-03-31,358.04996,201.5418,218.23491
stoxx600,new,stoxx_ext_cash_productivity,2020-04-30,383.2811,216.75463,232.97816
stoxx600,new,stoxx_ext_cash_productivity,2020-05-29,400.04777,227.88297,241.4041
stoxx600,new,stoxx_ext_cash_productivity,2020-06-30,406.93556,235.6309,249.30417
stoxx600,new,stoxx_ext_cash_productivity,2020-07-31,404.59684,236.57456,246.81976
stoxx600,new,stoxx_ext_cash_productivity,2020-08-31,415.77032,247.85591,254.52966
stoxx600,new,stoxx_ext_cash_productivity,2020-09-30,412.03765,247.10553,250.61912
stoxx600,new,stoxx_ext_cash_productivity,2020-10-30,391.46943,237.25217,237.76576
stoxx600,new,stoxx_ext_cash_productivity,2020-11-30,438.35032,270.37074,270.98979
stoxx600,new,stoxx_ext_cash_productivity,2020-12-31,452.70787,279.86604,278.32333
stoxx600,new,stoxx_ext_cash_productivity,2021-01-29,446.72851,277.99172,276.22882
stoxx600,new,stoxx_ext_cash_productivity,2021-02-26,450.2957,285.49938,282.8616
stoxx600,new,stoxx_ext_cash_productivity,2021-03-31,479.02028,296.89021,301.15056
stoxx600,new,stoxx_ext_cash_productivity,2021-04-30,491.56063,302.8569,308.34109
stoxx600,new,stoxx_ext_cash_productivity,2021-05-31,503.99006,311.34314,316.66747
stoxx600,new,stoxx_ext_cash_productivity,2021-06-30,514.71315,317.08077,321.38152
stoxx600,new,stoxx_ext_cash_productivity,2021-07-30,528.02967,318.49091,327.9233
stoxx600,new,stoxx_ext_cash_productivity,2021-08-31,537.57862,324.84055,334.27719
stoxx600,new,stoxx_ext_cash_productivity,2021-09-30,518.86636,317.67762,323.8838
stoxx600,new,stoxx_ext_cash_productivity,2021-10-29,541.22578,326.22423,339.00387
stoxx600,new,stoxx_ext_cash_productivity,2021-11-30,535.14419,315.99375,330.36754
stoxx600,new,stoxx_ext_cash_productivity,2021-12-31,561.57045,328.8404,347.53648
stoxx600,new,stoxx_ext_cash_productivity,2022-01-31,525.26275,321.12783,335.33901
stoxx600,new,stoxx_ext_cash_productivity,2022-02-28,521.91625,309.58608,324.6273
stoxx600,new,stoxx_ext_cash_productivity,2022-03-31,530.51455,311.76242,328.57659
stoxx600,new,stoxx_ext_cash_productivity,2022-04-29,524.66811,309.68338,326.83065
stoxx600,new,stoxx_ext_cash_productivity,2022-05-31,500.78679,315.05269,324.5335
stoxx600,new,stoxx_ext_cash_productivity,2022-06-30,465.89121,284.11857,299.17873
stoxx600,new,stoxx_ext_cash_productivity,2022-07-29,496.94876,300.00831,322.29433
stoxx600,new,stoxx_ext_cash_productivity,2022-08-31,467.57021,283.14678,306.01418
stoxx600,new,stoxx_ext_cash_productivity,2022-09-30,443.28102,269.79217,286.38798
stoxx600,new,stoxx_ext_cash_productivity,2022-10-31,473.57024,286.74892,304.36211
stoxx600,new,stoxx_ext_cash_productivity,2022-11-30,500.04844,298.7396,325.58679
stoxx600,new,stoxx_ext_cash_productivity,2022-12-30,484.54072,287.86639,314.47085
stoxx600,new,stoxx_ext_cash_productivity,2023-01-31,502.4108,303.45256,335.56803
stoxx600,new,stoxx_ext_cash_productivity,2023-02-28,504.47517,302.30136,342.26865
stoxx600,new,stoxx_ext_cash_productivity,2023-03-31,518.84354,301.2825,341.64313
stoxx600,new,stoxx_ext_cash_productivity,2023-04-28,538.44813,303.88092,350.531
stoxx600,new,stoxx_ext_cash_productivity,2023-05-31,535.629,299.26327,342.30148
stoxx600,new,stoxx_ext_cash_productivity,2023-06-30,534.12294,303.9667,350.58331
stoxx600,new,stoxx_ext_cash_productivity,2023-07-31,542.51545,314.3491,358.04951
stoxx600,new,stoxx_ext_cash_productivity,2023-08-31,525.75445,304.13217,349.00126
stoxx600,new,stoxx_ext_cash_productivity,2023-09-29,529.49406,285.62254,343.49548
stoxx600,new,stoxx_ext_cash_productivity,2023-10-31,512.73376,271.02841,331.1885
stoxx600,new,stoxx_ext_cash_productivity,2023-11-30,552.26832,294.36496,353.12832
stoxx600,new,stoxx_ext_cash_productivity,2023-12-29,580.54082,314.80487,366.51363
stoxx600,new,stoxx_ext_cash_productivity,2024-01-31,585.88384,313.47939,371.77326
stoxx600,new,stoxx_ext_cash_productivity,2024-02-29,586.78117,313.89247,378.58061
stoxx600,new,stoxx_ext_cash_productivity,2024-03-28,611.82257,325.02665,394.60194
stoxx600,new,stoxx_ext_cash_productivity,2024-04-30,605.32025,332.71591,391.64891
stoxx600,new,stoxx_ext_cash_productivity,2024-05-31,627.90266,341.23086,405.64892
stoxx600,new,stoxx_ext_cash_productivity,2024-06-28,623.06044,330.86989,401.30697
stoxx600,new,stoxx_ext_cash_productivity,2024-07-31,620.37961,328.26222,407.2565
stoxx600,new,stoxx_ext_cash_productivity,2024-08-30,629.86352,329.04706,413.78386
stoxx600,new,stoxx_ext_cash_productivity,2024-09-30,645.62848,326.48269,412.52074
stoxx600,new,stoxx_ext_cash_productivity,2024-10-31,623.88129,314.98199,399.24554
stoxx600,new,stoxx_ext_cash_productivity,2024-11-29,635.18436,313.29524,404.0423
stoxx600,new,stoxx_ext_cash_productivity,2024-12-31,623.30896,310.48216,404.00512
stoxx600,new,stoxx_ext_cash_productivity,2025-01-31,665.7523,331.82057,432.32069
stoxx600,new,stoxx_ext_cash_productivity,2025-02-28,670.5868,340.07807,447.19487
stoxx600,new,stoxx_ext_cash_productivity,2025-03-31,648.00592,324.84061,430.21773
stoxx600,new,stoxx_ext_cash_productivity,2025-04-30,639.13018,317.54821,427.82431
stoxx600,new,stoxx_ext_cash_productivity,2025-05-30,677.07767,333.46747,452.02391
stoxx600,new,stoxx_ext_cash_productivity,2025-06-30,672.92814,333.18911,446.67567
stoxx600,new,stoxx_ext_cash_productivity,2025-07-31,674.47928,335.14789,451.22044
stoxx600,new,stoxx_ext_cash_productivity,2025-08-29,682.84521,340.19992,455.74454
stoxx600,new,stoxx_ext_cash_productivity,2025-09-30,676.23771,343.83061,463.08457
stoxx600,new,stoxx_ext_cash_productivity,2025-10-31,698.37946,353.93714,475.05342
stoxx600,new,stoxx_ext_cash_productivity,2025-11-28,702.71424,357.78591,479.61121
stoxx600,new,stoxx_ext_cash_productivity,2025-12-31,723.72038,371.61547,492.83325
stoxx600,new,stoxx_ext_cash_productivity,2026-01-30,751.47335,383.24137,508.54118
stoxx600,new,stoxx_ext_cash_productivity,2026-02-27,781.97533,390.44632,527.93099
stoxx600,new,stoxx_ext_cash_productivity,2026-03-31,733.26353,361.40051,487.67548
stoxx600,new,stoxx_ext_cash_productivity,2026-04-30,767.15461,390.69402,513.39615
stoxx600,new,stoxx_ext_cash_productivity,2026-05-29,814.04407,413.84327,530.49487
stoxx600,new,stoxx_ext_cash_productivity,2026-06-30,840.16602,422.84695,541.98925
stoxx600,new,stoxx_ext_cash_productivity,2026-07-02,845.79508,432.69948,548.77243
stoxx600,new,stoxx_ext_residual_momentum_risk_adjusted,2010-01-04,100.0,100.0,100.0
stoxx600,new,stoxx_ext_residual_momentum_risk_adjusted,2010-01-29,95.96541,96.65507,95.90544
stoxx600,new,stoxx_ext_residual_momentum_risk_adjusted,2010-02-26,93.86354,96.21147,95.5692
stoxx600,new,stoxx_ext_residual_momentum_risk_adjusted,2010-03-31,102.75611,103.37667,102.86049
stoxx600,new,stoxx_ext_residual_momentum_risk_adjusted,2010-04-30,103.7462,104.02007,101.95301
stoxx600,new,stoxx_ext_residual_momentum_risk_adjusted,2010-05-31,99.29755,97.63605,97.13308
stoxx600,new,stoxx_ext_residual_momentum_risk_adjusted,2010-06-30,96.14454,97.29053,96.61582
stoxx600,new,stoxx_ext_residual_momentum_risk_adjusted,2010-07-30,102.86578,101.00347,101.55973
stoxx600,new,stoxx_ext_residual_momentum_risk_adjusted,2010-08-31,103.697,98.96316,100.21329
stoxx600,new,stoxx_ext_residual_momentum_risk_adjusted,2010-09-30,107.03517,102.12536,103.70657
stoxx600,new,stoxx_ext_residual_momentum_risk_adjusted,2010-10-29,107.54622,106.0518,106.40979
stoxx600,new,stoxx_ext_residual_momentum_risk_adjusted,2010-11-30,107.66582,104.66798,104.8455
stoxx600,new,stoxx_ext_residual_momentum_risk_adjusted,2010-12-31,113.01946,111.44037,110.42258
stoxx600,new,stoxx_ext_residual_momentum_risk_adjusted,2011-01-31,113.50511,112.4423,112.38561
stoxx600,new,stoxx_ext_residual_momentum_risk_adjusted,2011-02-28,117.11582,112.9254,115.14533
stoxx600,new,stoxx_ext_residual_momentum_risk_adjusted,2011-03-31,117.37813,108.28173,111.29011
stoxx600,new,stoxx_ext_residual_momentum_risk_adjusted,2011-04-29,121.83561,111.50782,115.19173
stoxx600,new,stoxx_ext_residual_momentum_risk_adjusted,2011-05-31,120.53511,111.09099,115.27673
stoxx600,new,stoxx_ext_residual_momentum_risk_adjusted,2011-06-30,117.35659,107.21911,112.23959
stoxx600,new,stoxx_ext_residual_momentum_risk_adjusted,2011-07-29,115.13929,102.52805,109.12672
stoxx600,new,stoxx_ext_residual_momentum_risk_adjusted,2011-08-31,102.2112,91.69868,97.78157
stoxx600,new,stoxx_ext_residual_momentum_risk_adjusted,2011-09-30,95.65252,86.74698,93.08156
stoxx600,new,stoxx_ext_residual_momentum_risk_adjusted,2011-10-31,105.37401,91.78511,100.35795
stoxx600,new,stoxx_ext_residual_momentum_risk_adjusted,2011-11-30,102.96161,90.81195,99.05229
stoxx600,new,stoxx_ext_residual_momentum_risk_adjusted,2011-12-30,103.53161,91.54204,100.72203
stoxx600,new,stoxx_ext_residual_momentum_risk_adjusted,2012-01-31,109.68197,95.04748,104.9648
stoxx600,new,stoxx_ext_residual_momentum_risk_adjusted,2012-02-29,114.29364,97.96163,109.46357
stoxx600,new,stoxx_ext_residual_momentum_risk_adjusted,2012-03-30,112.65217,98.50382,109.42024
stoxx600,new,stoxx_ext_residual_momentum_risk_adjusted,2012-04-30,110.18245,96.34992,107.6388
stoxx600,new,stoxx_ext_residual_momentum_risk_adjusted,2012-05-31,104.44341,90.50008,101.12529
stoxx600,new,stoxx_ext_residual_momentum_risk_adjusted,2012-06-29,110.70741,94.05816,106.37855
stoxx600,new,stoxx_ext_residual_momentum_risk_adjusted,2012-07-31,116.2396,95.81709,110.89813
stoxx600,new,stoxx_ext_residual_momentum_risk_adjusted,2012-08-31,119.77759,95.92542,113.46217
stoxx600,new,stoxx_ext_residual_momentum_risk_adjusted,2012-09-28,121.7466,96.31043,114.64789
stoxx600,new,stoxx_ext_residual_momentum_risk_adjusted,2012-10-31,121.53565,98.95425,115.36981
stoxx600,new,stoxx_ext_residual_momentum_risk_adjusted,2012-11-30,124.28664,100.56393,118.0264
stoxx600,new,stoxx_ext_residual_momentum_risk_adjusted,2012-12-31,125.70728,102.68627,119.91578
stoxx600,new,stoxx_ext_residual_momentum_risk_adjusted,2013-01-31,129.08418,106.05988,123.30927
stoxx600,new,stoxx_ext_residual_momentum_risk_adjusted,2013-02-28,132.4987,106.52566,124.83151
stoxx600,new,stoxx_ext_residual_momentum_risk_adjusted,2013-03-28,131.87313,108.67004,126.86369
stoxx600,new,stoxx_ext_residual_momentum_risk_adjusted,2013-04-30,136.48249,109.66793,129.02474
stoxx600,new,stoxx_ext_residual_momentum_risk_adjusted,2013-05-31,139.65308,111.89405,131.83264
stoxx600,new,stoxx_ext_residual_momentum_risk_adjusted,2013-06-28,134.45774,105.4512,125.20681
stoxx600,new,stoxx_ext_residual_momentum_risk_adjusted,2013-07-31,141.6102,112.50272,131.70494
stoxx600,new,stoxx_ext_residual_momentum_risk_adjusted,2013-08-30,140.65474,113.53833,130.8971
stoxx600,new,stoxx_ext_residual_momentum_risk_adjusted,2013-09-30,146.20716,119.14099,136.99417
stoxx600,new,stoxx_ext_residual_momentum_risk_adjusted,2013-10-31,151.08178,125.11311,142.56698
stoxx600,new,stoxx_ext_residual_momentum_risk_adjusted,2013-11-29,153.47299,125.7817,144.14569
stoxx600,new,stoxx_ext_residual_momentum_risk_adjusted,2013-12-31,155.62218,126.7726,145.62646
stoxx600,new,stoxx_ext_residual_momentum_risk_adjusted,2014-01-31,153.85566,125.92441,143.19474
stoxx600,new,stoxx_ext_residual_momentum_risk_adjusted,2014-02-28,161.47126,134.18079,150.27675
stoxx600,new,stoxx_ext_residual_momentum_risk_adjusted,2014-03-31,161.76828,133.75868,149.07982
stoxx600,new,stoxx_ext_residual_momentum_risk_adjusted,2014-04-30,165.1788,136.51479,151.63327
stoxx600,new,stoxx_ext_residual_momentum_risk_adjusted,2014-05-30,171.0098,138.21324,155.9332
stoxx600,new,stoxx_ext_residual_momentum_risk_adjusted,2014-06-30,170.41259,137.17487,155.16468
stoxx600,new,stoxx_ext_residual_momentum_risk_adjusted,2014-07-31,166.7681,134.67416,152.86059
stoxx600,new,stoxx_ext_residual_momentum_risk_adjusted,2014-08-29,170.629,136.38419,155.96044
stoxx600,new,stoxx_ext_residual_momentum_risk_adjusted,2014-09-30,170.87556,135.72027,156.69931
stoxx600,new,stoxx_ext_residual_momentum_risk_adjusted,2014-10-31,169.35038,132.77505,154.04061
stoxx600,new,stoxx_ext_residual_momentum_risk_adjusted,2014-11-28,174.33711,136.38382,159.26789
stoxx600,new,stoxx_ext_residual_momentum_risk_adjusted,2014-12-31,172.71333,135.48016,157.06415
stoxx600,new,stoxx_ext_residual_momentum_risk_adjusted,2015-01-30,184.39735,143.9808,168.29295
stoxx600,new,stoxx_ext_residual_momentum_risk_adjusted,2015-02-27,201.33535,151.84836,179.97435
stoxx600,new,stoxx_ext_residual_momentum_risk_adjusted,2015-03-31,205.14302,155.1948,183.36919
stoxx600,new,stoxx_ext_residual_momentum_risk_adjusted,2015-04-30,207.3577,154.37614,183.72898
stoxx600,new,stoxx_ext_residual_momentum_risk_adjusted,2015-05-29,210.38751,156.5576,187.16478
stoxx600,new,stoxx_ext_residual_momentum_risk_adjusted,2015-06-30,200.81146,150.44273,178.81821
stoxx600,new,stoxx_ext_residual_momentum_risk_adjusted,2015-07-31,208.79516,156.7702,185.87738
stoxx600,new,stoxx_ext_residual_momentum_risk_adjusted,2015-08-31,192.59758,144.81982,170.52271
stoxx600,new,stoxx_ext_residual_momentum_risk_adjusted,2015-09-30,181.3997,138.57414,163.66698
stoxx600,new,stoxx_ext_residual_momentum_risk_adjusted,2015-10-30,198.26861,148.80949,176.80222
stoxx600,new,stoxx_ext_residual_momentum_risk_adjusted,2015-11-30,202.64143,151.36701,181.86452
stoxx600,new,stoxx_ext_residual_momentum_risk_adjusted,2015-12-31,193.26468,144.86928,172.8806
stoxx600,new,stoxx_ext_residual_momentum_risk_adjusted,2016-01-29,181.1972,135.2419,161.84165
stoxx600,new,stoxx_ext_residual_momentum_risk_adjusted,2016-02-29,179.311,132.74012,158.00271
stoxx600,new,stoxx_ext_residual_momentum_risk_adjusted,2016-03-31,182.28563,134.48074,160.32822
stoxx600,new,stoxx_ext_residual_momentum_risk_adjusted,2016-04-29,184.15485,139.27379,163.52389
stoxx600,new,stoxx_ext_residual_momentum_risk_adjusted,2016-05-31,190.28393,141.78189,167.93229
stoxx600,new,stoxx_ext_residual_momentum_risk_adjusted,2016-06-30,180.89532,128.14217,159.46923
stoxx600,new,stoxx_ext_residual_momentum_risk_adjusted,2016-07-29,191.63224,130.4599,165.38929
stoxx600,new,stoxx_ext_residual_momentum_risk_adjusted,2016-08-31,192.43491,133.36334,166.64604
stoxx600,new,stoxx_ext_residual_momentum_risk_adjusted,2016-09-30,192.35337,131.039,166.59774
stoxx600,new,stoxx_ext_residual_momentum_risk_adjusted,2016-10-31,188.13843,130.85257,165.01989
stoxx600,new,stoxx_ext_residual_momentum_risk_adjusted,2016-11-30,185.55278,132.71102,166.52842
stoxx600,new,stoxx_ext_residual_momentum_risk_adjusted,2016-12-30,197.1993,138.03848,176.06286
stoxx600,new,stoxx_ext_residual_momentum_risk_adjusted,2017-01-31,195.934,135.57581,175.60439
stoxx600,new,stoxx_ext_residual_momentum_risk_adjusted,2017-02-28,205.01821,137.44501,180.89131
stoxx600,new,stoxx_ext_residual_momentum_risk_adjusted,2017-03-31,212.92776,141.42321,187.21578
stoxx600,new,stoxx_ext_residual_momentum_risk_adjusted,2017-04-28,213.71902,146.71829,191.12803
stoxx600,new,stoxx_ext_residual_momentum_risk_adjusted,2017-05-31,215.28472,149.15052,194.18677
stoxx600,new,stoxx_ext_residual_momentum_risk_adjusted,2017-06-30,208.85209,146.33338,189.50981
stoxx600,new,stoxx_ext_residual_momentum_risk_adjusted,2017-07-31,207.05384,146.37429,189.02383
stoxx600,new,stoxx_ext_residual_momentum_risk_adjusted,2017-08-31,204.98765,146.56576,187.12928
stoxx600,new,stoxx_ext_residual_momentum_risk_adjusted,2017-09-29,213.2362,151.92989,194.42718
stoxx600,new,stoxx_ext_residual_momentum_risk_adjusted,2017-10-31,216.70317,156.3354,198.09186
stoxx600,new,stoxx_ext_residual_momentum_risk_adjusted,2017-11-30,210.29108,153.28044,194.00974
stoxx600,new,stoxx_ext_residual_momentum_risk_adjusted,2017-12-29,212.41631,155.67917,195.41741
stoxx600,new,stoxx_ext_residual_momentum_risk_adjusted,2018-01-31,219.48396,156.64349,198.60994
stoxx600,new,stoxx_ext_residual_momentum_risk_adjusted,2018-02-28,208.64468,153.40333,191.07683
stoxx600,new,stoxx_ext_residual_momentum_risk_adjusted,2018-03-29,205.8548,150.48231,187.25367
stoxx600,new,stoxx_ext_residual_momentum_risk_adjusted,2018-04-30,215.67445,155.32689,195.93286
stoxx600,new,stoxx_ext_residual_momentum_risk_adjusted,2018-05-31,215.97205,156.28446,195.98446
stoxx600,new,stoxx_ext_residual_momentum_risk_adjusted,2018-06-29,212.77205,156.71823,195.00416
stoxx600,new,stoxx_ext_residual_momentum_risk_adjusted,2018-07-31,218.48042,162.0587,201.08093
stoxx600,new,stoxx_ext_residual_momentum_risk_adjusted,2018-08-31,213.70677,158.76174,196.54021
stoxx600,new,stoxx_ext_residual_momentum_risk_adjusted,2018-09-28,211.93691,157.62304,197.1883
stoxx600,new,stoxx_ext_residual_momentum_risk_adjusted,2018-10-31,195.81432,147.97034,186.48674
stoxx600,new,stoxx_ext_residual_momentum_risk_adjusted,2018-11-30,191.57067,147.91715,184.80646
stoxx600,new,stoxx_ext_residual_momentum_risk_adjusted,2018-12-31,180.78092,140.28629,174.68473
stoxx600,new,stoxx_ext_residual_momentum_risk_adjusted,2019-01-31,194.87364,148.87025,185.69066
stoxx600,new,stoxx_ext_residual_momentum_risk_adjusted,2019-02-28,200.69591,156.67033,193.45182
stoxx600,new,stoxx_ext_residual_momentum_risk_adjusted,2019-03-29,203.65269,160.265,197.32549
stoxx600,new,stoxx_ext_residual_momentum_risk_adjusted,2019-04-30,210.92254,165.02571,204.8264
stoxx600,new,stoxx_ext_residual_momentum_risk_adjusted,2019-05-31,204.37712,150.90913,195.0827
stoxx600,new,stoxx_ext_residual_momentum_risk_adjusted,2019-06-28,216.02884,153.63613,203.67824
stoxx600,new,stoxx_ext_residual_momentum_risk_adjusted,2019-07-31,217.27004,155.82752,204.22225
stoxx600,new,stoxx_ext_residual_momentum_risk_adjusted,2019-08-30,214.90242,154.21248,201.17736
stoxx600,new,stoxx_ext_residual_momentum_risk_adjusted,2019-09-30,225.16884,158.54481,208.67988
stoxx600,new,stoxx_ext_residual_momentum_risk_adjusted,2019-10-31,224.81763,162.59912,211.01484
stoxx600,new,stoxx_ext_residual_momentum_risk_adjusted,2019-11-29,231.68263,168.16518,216.8381
stoxx600,new,stoxx_ext_residual_momentum_risk_adjusted,2019-12-31,236.53971,172.73204,221.62943
stoxx600,new,stoxx_ext_residual_momentum_risk_adjusted,2020-01-31,234.05748,169.30197,219.3278
stoxx600,new,stoxx_ext_residual_momentum_risk_adjusted,2020-02-28,210.48988,157.48294,201.31461
stoxx600,new,stoxx_ext_residual_momentum_risk_adjusted,2020-03-31,174.60092,132.49112,171.79005
stoxx600,new,stoxx_ext_residual_momentum_risk_adjusted,2020-04-30,198.56685,136.65054,183.39564
stoxx600,new,stoxx_ext_residual_momentum_risk_adjusted,2020-05-29,202.81455,142.2729,190.02837
stoxx600,new,stoxx_ext_residual_momentum_risk_adjusted,2020-06-30,208.91989,146.02134,196.24714
stoxx600,new,stoxx_ext_residual_momentum_risk_adjusted,2020-07-31,208.24165,144.73447,194.29147
stoxx600,new,stoxx_ext_residual_momentum_risk_adjusted,2020-08-31,216.52657,150.02211,200.36054
stoxx600,new,stoxx_ext_residual_momentum_risk_adjusted,2020-09-30,215.53343,148.24091,197.28224
stoxx600,new,stoxx_ext_residual_momentum_risk_adjusted,2020-10-30,206.17025,140.95522,187.16434
stoxx600,new,stoxx_ext_residual_momentum_risk_adjusted,2020-11-30,232.80433,168.34945,213.31761
stoxx600,new,stoxx_ext_residual_momentum_risk_adjusted,2020-12-31,240.41697,173.06398,219.09043
stoxx600,new,stoxx_ext_residual_momentum_risk_adjusted,2021-01-29,242.02006,168.44539,217.44167
stoxx600,new,stoxx_ext_residual_momentum_risk_adjusted,2021-02-26,246.92456,173.6566,222.66287
stoxx600,new,stoxx_ext_residual_momentum_risk_adjusted,2021-03-31,265.31421,179.45128,237.05956
stoxx600,new,stoxx_ext_residual_momentum_risk_adjusted,2021-04-30,270.54238,183.39039,242.7198
stoxx600,new,stoxx_ext_residual_momentum_risk_adjusted,2021-05-31,278.54537,187.15311,249.27415
stoxx600,new,stoxx_ext_residual_momentum_risk_adjusted,2021-06-30,286.6225,189.84403,252.98495
stoxx600,new,stoxx_ext_residual_momentum_risk_adjusted,2021-07-30,286.80724,196.26224,258.13451
stoxx600,new,stoxx_ext_residual_momentum_risk_adjusted,2021-08-31,290.649,198.62256,263.13616
stoxx600,new,stoxx_ext_residual_momentum_risk_adjusted,2021-09-30,282.45572,193.11168,254.9547
stoxx600,new,stoxx_ext_residual_momentum_risk_adjusted,2021-10-29,296.46627,198.01586,266.85691
stoxx600,new,stoxx_ext_residual_momentum_risk_adjusted,2021-11-30,286.17063,197.22886,260.05857
stoxx600,new,stoxx_ext_residual_momentum_risk_adjusted,2021-12-31,305.53199,203.52113,273.57361
stoxx600,new,stoxx_ext_residual_momentum_risk_adjusted,2022-01-31,277.31871,194.70322,263.972
stoxx600,new,stoxx_ext_residual_momentum_risk_adjusted,2022-02-28,262.92521,189.49216,255.53997
stoxx600,new,stoxx_ext_residual_momentum_risk_adjusted,2022-03-31,268.3459,189.90733,258.64877
stoxx600,new,stoxx_ext_residual_momentum_risk_adjusted,2022-04-29,264.17318,189.17241,257.2744
stoxx600,new,stoxx_ext_residual_momentum_risk_adjusted,2022-05-31,271.77339,184.82667,255.46613
stoxx600,new,stoxx_ext_residual_momentum_risk_adjusted,2022-06-30,258.88987,156.96022,235.50737
stoxx600,new,stoxx_ext_residual_momentum_risk_adjusted,2022-07-29,272.93038,165.84935,253.7035
stoxx600,new,stoxx_ext_residual_momentum_risk_adjusted,2022-08-31,255.81267,150.99693,240.8881
stoxx600,new,stoxx_ext_residual_momentum_risk_adjusted,2022-09-30,238.85268,140.01045,225.43876
stoxx600,new,stoxx_ext_residual_momentum_risk_adjusted,2022-10-31,256.31641,145.43805,239.58763
stoxx600,new,stoxx_ext_residual_momentum_risk_adjusted,2022-11-30,266.53924,152.99103,256.29526
stoxx600,new,stoxx_ext_residual_momentum_risk_adjusted,2022-12-30,258.72442,149.53455,247.54502
stoxx600,new,stoxx_ext_residual_momentum_risk_adjusted,2023-01-31,267.69988,163.0479,264.15229
stoxx600,new,stoxx_ext_residual_momentum_risk_adjusted,2023-02-28,275.30717,164.53418,269.42688
stoxx600,new,stoxx_ext_residual_momentum_risk_adjusted,2023-03-31,276.82065,162.76761,268.93448
stoxx600,new,stoxx_ext_residual_momentum_risk_adjusted,2023-04-28,281.48545,168.40293,275.93083
stoxx600,new,stoxx_ext_residual_momentum_risk_adjusted,2023-05-31,278.18996,163.29706,269.45272
stoxx600,new,stoxx_ext_residual_momentum_risk_adjusted,2023-06-30,283.97706,160.72215,275.97201
stoxx600,new,stoxx_ext_residual_momentum_risk_adjusted,2023-07-31,291.58109,164.03144,281.84925
stoxx600,new,stoxx_ext_residual_momentum_risk_adjusted,2023-08-31,306.34335,160.4613,274.72665
stoxx600,new,stoxx_ext_residual_momentum_risk_adjusted,2023-09-29,307.6213,158.11382,270.39261
stoxx600,new,stoxx_ext_residual_momentum_risk_adjusted,2023-10-31,292.95404,149.22891,260.70481
stoxx600,new,stoxx_ext_residual_momentum_risk_adjusted,2023-11-30,317.41375,159.77864,277.97539
stoxx600,new,stoxx_ext_residual_momentum_risk_adjusted,2023-12-29,335.13152,170.58093,288.51203
stoxx600,new,stoxx_ext_residual_momentum_risk_adjusted,2024-01-31,345.70197,168.23832,292.6523
stoxx600,new,stoxx_ext_residual_momentum_risk_adjusted,2024-02-29,346.98907,173.60575,298.01091
stoxx600,new,stoxx_ext_residual_momentum_risk_adjusted,2024-03-28,357.39359,180.33814,310.62257
stoxx600,new,stoxx_ext_residual_momentum_risk_adjusted,2024-04-30,356.58664,180.17499,308.29801
stoxx600,new,stoxx_ext_residual_momentum_risk_adjusted,2024-05-31,365.44775,187.47683,319.31853
stoxx600,new,stoxx_ext_residual_momentum_risk_adjusted,2024-06-28,357.02235,182.20372,315.90064
stoxx600,new,stoxx_ext_residual_momentum_risk_adjusted,2024-07-31,360.05001,184.14092,320.58398
stoxx600,new,stoxx_ext_residual_momentum_risk_adjusted,2024-08-30,368.61321,183.3181,325.72218
stoxx600,new,stoxx_ext_residual_momentum_risk_adjusted,2024-09-30,380.47857,187.16798,324.72788
stoxx600,new,stoxx_ext_residual_momentum_risk_adjusted,2024-10-31,369.65244,178.85392,314.27792
stoxx600,new,stoxx_ext_residual_momentum_risk_adjusted,2024-11-29,368.89539,186.41837,318.05383
stoxx600,new,stoxx_ext_residual_momentum_risk_adjusted,2024-12-31,365.22269,185.08225,318.02456
stoxx600,new,stoxx_ext_residual_momentum_risk_adjusted,2025-01-31,388.51883,198.76207,340.314
stoxx600,new,stoxx_ext_residual_momentum_risk_adjusted,2025-02-28,402.38993,206.21786,352.02265
stoxx600,new,stoxx_ext_residual_momentum_risk_adjusted,2025-03-31,373.7319,200.75869,338.65859
stoxx600,new,stoxx_ext_residual_momentum_risk_adjusted,2025-04-30,369.7122,205.78785,336.77454
stoxx600,new,stoxx_ext_residual_momentum_risk_adjusted,2025-05-30,389.79056,216.33308,355.82398
stoxx600,new,stoxx_ext_residual_momentum_risk_adjusted,2025-06-30,383.0132,215.21881,351.61395
stoxx600,new,stoxx_ext_residual_momentum_risk_adjusted,2025-07-31,389.46783,215.8091,355.1915
stoxx600,new,stoxx_ext_residual_momentum_risk_adjusted,2025-08-29,399.38656,219.19151,358.75278
stoxx600,new,stoxx_ext_residual_momentum_risk_adjusted,2025-09-30,406.66545,221.23138,364.5307
stoxx600,new,stoxx_ext_residual_momentum_risk_adjusted,2025-10-31,419.1526,226.18844,373.95233
stoxx600,new,stoxx_ext_residual_momentum_risk_adjusted,2025-11-28,426.78514,227.47184,377.54013
stoxx600,new,stoxx_ext_residual_momentum_risk_adjusted,2025-12-31,440.87912,234.78877,387.94825
stoxx600,new,stoxx_ext_residual_momentum_risk_adjusted,2026-01-30,455.63678,246.27788,400.31321
stoxx600,new,stoxx_ext_residual_momentum_risk_adjusted,2026-02-27,471.03873,253.79575,415.57648
stoxx600,new,stoxx_ext_residual_momentum_risk_adjusted,2026-03-31,444.17371,234.03424,383.88816
stoxx600,new,stoxx_ext_residual_momentum_risk_adjusted,2026-04-30,474.79432,252.83087,404.13495
stoxx600,new,stoxx_ext_residual_momentum_risk_adjusted,2026-05-29,489.98923,272.34964,417.5947
stoxx600,new,stoxx_ext_residual_momentum_risk_adjusted,2026-06-30,500.09692,281.0441,426.64285
stoxx600,new,stoxx_ext_residual_momentum_risk_adjusted,2026-07-02,505.73636,285.9033,431.98242
stoxx600,new,stoxx_ext_low_residual_downside_risk,2010-01-04,100.0,100.0,100.0
stoxx600,new,stoxx_ext_low_residual_downside_risk,2010-01-29,95.79281,97.07643,95.90544
stoxx600,new,stoxx_ext_low_residual_downside_risk,2010-02-26,95.03423,93.88231,95.5692
stoxx600,new,stoxx_ext_low_residual_downside_risk,2010-03-31,100.90952,104.58049,102.86049
stoxx600,new,stoxx_ext_low_residual_downside_risk,2010-04-30,99.08943,106.115,101.95301
stoxx600,new,stoxx_ext_low_residual_downside_risk,2010-05-31,94.6059,97.37864,97.13308
stoxx600,new,stoxx_ext_low_residual_downside_risk,2010-06-30,94.51919,93.71428,96.61582
stoxx600,new,stoxx_ext_low_residual_downside_risk,2010-07-30,97.76747,102.91653,101.55973
stoxx600,new,stoxx_ext_low_residual_downside_risk,2010-08-31,96.0235,101.0285,100.21329
stoxx600,new,stoxx_ext_low_residual_downside_risk,2010-09-30,99.16468,105.41317,103.70657
stoxx600,new,stoxx_ext_low_residual_downside_risk,2010-10-29,102.28272,107.90557,106.40979
stoxx600,new,stoxx_ext_low_residual_downside_risk,2010-11-30,100.92856,107.08017,104.8455
stoxx600,new,stoxx_ext_low_residual_downside_risk,2010-12-31,105.22209,114.94204,110.42258
stoxx600,new,stoxx_ext_low_residual_downside_risk,2011-01-31,107.02294,116.99205,112.38561
stoxx600,new,stoxx_ext_low_residual_downside_risk,2011-02-28,109.31155,119.07208,115.14533
stoxx600,new,stoxx_ext_low_residual_downside_risk,2011-03-31,107.17885,114.21968,111.29011
stoxx600,new,stoxx_ext_low_residual_downside_risk,2011-04-29,110.94898,117.40751,115.19173
stoxx600,new,stoxx_ext_low_residual_downside_risk,2011-05-31,111.01626,117.03207,115.27673
stoxx600,new,stoxx_ext_low_residual_downside_risk,2011-06-30,109.14933,111.26499,112.23959
stoxx600,new,stoxx_ext_low_residual_downside_risk,2011-07-29,106.17801,107.51099,109.12672
stoxx600,new,stoxx_ext_low_residual_downside_risk,2011-08-31,95.49999,94.75269,97.78157
stoxx600,new,stoxx_ext_low_residual_downside_risk,2011-09-30,91.85832,86.08222,93.08156
stoxx600,new,stoxx_ext_low_residual_downside_risk,2011-10-31,98.76951,92.85582,100.35795
stoxx600,new,stoxx_ext_low_residual_downside_risk,2011-11-30,97.65026,89.49315,99.05229
stoxx600,new,stoxx_ext_low_residual_downside_risk,2011-12-30,99.91276,88.92852,100.72203
stoxx600,new,stoxx_ext_low_residual_downside_risk,2012-01-31,102.22962,96.87072,104.9648
stoxx600,new,stoxx_ext_low_residual_downside_risk,2012-02-29,105.28013,102.25512,109.46357
stoxx600,new,stoxx_ext_low_residual_downside_risk,2012-03-30,105.4707,101.08443,109.42024
stoxx600,new,stoxx_ext_low_residual_downside_risk,2012-04-30,104.25629,96.6675,107.6388
stoxx600,new,stoxx_ext_low_residual_downside_risk,2012-05-31,99.64282,88.11789,101.12529
stoxx600,new,stoxx_ext_low_residual_downside_risk,2012-06-29,104.88333,92.58603,106.37855
stoxx600,new,stoxx_ext_low_residual_downside_risk,2012-07-31,110.37864,93.38495,110.89813
stoxx600,new,stoxx_ext_low_residual_downside_risk,2012-08-31,110.96586,98.51313,113.46217
stoxx600,new,stoxx_ext_low_residual_downside_risk,2012-09-28,112.28851,99.49191,114.64789
stoxx600,new,stoxx_ext_low_residual_downside_risk,2012-10-31,112.35044,100.64222,115.36981
stoxx600,new,stoxx_ext_low_residual_downside_risk,2012-11-30,114.97093,102.17819,118.0264
stoxx600,new,stoxx_ext_low_residual_downside_risk,2012-12-31,116.63936,104.69813,119.91578
stoxx600,new,stoxx_ext_low_residual_downside_risk,2013-01-31,120.01431,110.50482,123.30927
stoxx600,new,stoxx_ext_low_residual_downside_risk,2013-02-28,122.51079,108.07524,124.83151
stoxx600,new,stoxx_ext_low_residual_downside_risk,2013-03-28,126.85127,104.70265,126.86369
stoxx600,new,stoxx_ext_low_residual_downside_risk,2013-04-30,128.73322,108.62331,129.02474
stoxx600,new,stoxx_ext_low_residual_downside_risk,2013-05-31,129.98453,112.55111,131.83264
stoxx600,new,stoxx_ext_low_residual_downside_risk,2013-06-28,124.18131,104.12693,125.20681
stoxx600,new,stoxx_ext_low_residual_downside_risk,2013-07-31,128.76915,111.89067,131.70494
stoxx600,new,stoxx_ext_low_residual_downside_risk,2013-08-30,126.92281,115.13441,130.8971
stoxx600,new,stoxx_ext_low_residual_downside_risk,2013-09-30,131.80825,120.56237,136.99417
stoxx600,new,stoxx_ext_low_residual_downside_risk,2013-10-31,136.72,126.68334,142.56698
stoxx600,new,stoxx_ext_low_residual_downside_risk,2013-11-29,137.81155,128.17339,144.14569
stoxx600,new,stoxx_ext_low_residual_downside_risk,2013-12-31,139.08118,129.60453,145.62646
stoxx600,new,stoxx_ext_low_residual_downside_risk,2014-01-31,136.19102,131.91158,143.19474
stoxx600,new,stoxx_ext_low_residual_downside_risk,2014-02-28,142.66692,142.74524,150.27675
stoxx600,new,stoxx_ext_low_residual_downside_risk,2014-03-31,142.15808,141.55549,149.07982
stoxx600,new,stoxx_ext_low_residual_downside_risk,2014-04-30,144.94511,142.36585,151.63327
stoxx600,new,stoxx_ext_low_residual_downside_risk,2014-05-30,149.75107,144.07506,155.9332
stoxx600,new,stoxx_ext_low_residual_downside_risk,2014-06-30,149.57394,142.8282,155.16468
stoxx600,new,stoxx_ext_low_residual_downside_risk,2014-07-31,147.75765,138.58825,152.86059
stoxx600,new,stoxx_ext_low_residual_downside_risk,2014-08-29,150.65858,139.13328,155.96044
stoxx600,new,stoxx_ext_low_residual_downside_risk,2014-09-30,151.56491,135.92621,156.69931
stoxx600,new,stoxx_ext_low_residual_downside_risk,2014-10-31,149.59439,131.45242,154.04061
stoxx600,new,stoxx_ext_low_residual_downside_risk,2014-11-28,154.5273,136.57857,159.26789
stoxx600,new,stoxx_ext_low_residual_downside_risk,2014-12-31,152.18503,133.63427,157.06415
stoxx600,new,stoxx_ext_low_residual_downside_risk,2015-01-30,164.34044,141.71348,168.29295
stoxx600,new,stoxx_ext_low_residual_downside_risk,2015-02-27,173.10989,157.08573,179.97435
stoxx600,new,stoxx_ext_low_residual_downside_risk,2015-03-31,177.58928,158.08235,183.36919
stoxx600,new,stoxx_ext_low_residual_downside_risk,2015-04-30,176.21076,160.53554,183.72898
stoxx600,new,stoxx_ext_low_residual_downside_risk,2015-05-29,179.73283,164.12937,187.16478
stoxx600,new,stoxx_ext_low_residual_downside_risk,2015-06-30,171.2903,156.51897,178.81821
stoxx600,new,stoxx_ext_low_residual_downside_risk,2015-07-31,179.69983,161.68204,185.87738
stoxx600,new,stoxx_ext_low_residual_downside_risk,2015-08-31,165.30639,148.91725,170.52271
stoxx600,new,stoxx_ext_low_residual_downside_risk,2015-09-30,159.57785,138.65262,163.66698
stoxx600,new,stoxx_ext_low_residual_downside_risk,2015-10-30,173.26087,148.90371,176.80222
stoxx600,new,stoxx_ext_low_residual_downside_risk,2015-11-30,178.48486,153.81365,181.86452
stoxx600,new,stoxx_ext_low_residual_downside_risk,2015-12-31,168.88875,146.67697,172.8806
stoxx600,new,stoxx_ext_low_residual_downside_risk,2016-01-29,160.47914,134.10789,161.84165
stoxx600,new,stoxx_ext_low_residual_downside_risk,2016-02-29,156.0617,132.70818,158.00271
stoxx600,new,stoxx_ext_low_residual_downside_risk,2016-03-31,157.47288,136.15216,160.32822
stoxx600,new,stoxx_ext_low_residual_downside_risk,2016-04-29,160.02582,141.07098,163.52389
stoxx600,new,stoxx_ext_low_residual_downside_risk,2016-05-31,165.64315,143.17175,167.93229
stoxx600,new,stoxx_ext_low_residual_downside_risk,2016-06-30,161.55567,133.0523,159.46923
stoxx600,new,stoxx_ext_low_residual_downside_risk,2016-07-29,166.27552,141.22636,165.38929
stoxx600,new,stoxx_ext_low_residual_downside_risk,2016-08-31,168.79132,142.71905,166.64604
stoxx600,new,stoxx_ext_low_residual_downside_risk,2016-09-30,169.56201,138.63489,166.59774
stoxx600,new,stoxx_ext_low_residual_downside_risk,2016-10-31,167.86491,136.15316,165.01989
stoxx600,new,stoxx_ext_low_residual_downside_risk,2016-11-30,167.77252,142.52435,166.52842
stoxx600,new,stoxx_ext_low_residual_downside_risk,2016-12-30,177.12233,152.92747,176.06286
stoxx600,new,stoxx_ext_low_residual_downside_risk,2017-01-31,175.7796,151.88069,175.60439
stoxx600,new,stoxx_ext_low_residual_downside_risk,2017-02-28,182.87281,157.02169,180.89131
stoxx600,new,stoxx_ext_low_residual_downside_risk,2017-03-31,189.42283,160.77713,187.21578
stoxx600,new,stoxx_ext_low_residual_downside_risk,2017-04-28,192.31569,166.36113,191.12803
stoxx600,new,stoxx_ext_low_residual_downside_risk,2017-05-31,196.86893,166.24204,194.18677
stoxx600,new,stoxx_ext_low_residual_downside_risk,2017-06-30,191.42996,161.68575,189.50981
stoxx600,new,stoxx_ext_low_residual_downside_risk,2017-07-31,188.24023,163.84401,189.02383
stoxx600,new,stoxx_ext_low_residual_downside_risk,2017-08-31,187.58735,162.83032,187.12928
stoxx600,new,stoxx_ext_low_residual_downside_risk,2017-09-29,194.34726,171.69629,194.42718
stoxx600,new,stoxx_ext_low_residual_downside_risk,2017-10-31,198.68713,175.09469,198.09186
stoxx600,new,stoxx_ext_low_residual_downside_risk,2017-11-30,193.90724,168.61006,194.00974
stoxx600,new,stoxx_ext_low_residual_downside_risk,2017-12-29,193.77615,169.46222,195.41741
stoxx600,new,stoxx_ext_low_residual_downside_risk,2018-01-31,195.92326,172.04046,198.60994
stoxx600,new,stoxx_ext_low_residual_downside_risk,2018-02-28,187.64852,169.6394,191.07683
stoxx600,new,stoxx_ext_low_residual_downside_risk,2018-03-29,183.89312,165.13804,187.25367
stoxx600,new,stoxx_ext_low_residual_downside_risk,2018-04-30,194.3556,174.07557,195.93286
stoxx600,new,stoxx_ext_low_residual_downside_risk,2018-05-31,194.19056,171.99245,195.98446
stoxx600,new,stoxx_ext_low_residual_downside_risk,2018-06-29,193.25088,168.53607,195.00416
stoxx600,new,stoxx_ext_low_residual_downside_risk,2018-07-31,199.4556,175.32265,201.08093
stoxx600,new,stoxx_ext_low_residual_downside_risk,2018-08-31,196.07174,172.06357,196.54021
stoxx600,new,stoxx_ext_low_residual_downside_risk,2018-09-28,197.48656,172.1403,197.1883
stoxx600,new,stoxx_ext_low_residual_downside_risk,2018-10-31,188.04167,159.41441,186.48674
stoxx600,new,stoxx_ext_low_residual_downside_risk,2018-11-30,187.62827,160.08942,184.80646
stoxx600,new,stoxx_ext_low_residual_downside_risk,2018-12-31,178.45581,150.07875,174.68473
stoxx600,new,stoxx_ext_low_residual_downside_risk,2019-01-31,187.18455,159.81564,185.69066
stoxx600,new,stoxx_ext_low_residual_downside_risk,2019-02-28,194.99755,169.04636,193.45182
stoxx600,new,stoxx_ext_low_residual_downside_risk,2019-03-29,200.88243,169.84168,197.32549
stoxx600,new,stoxx_ext_low_residual_downside_risk,2019-04-30,207.81921,177.85532,204.8264
stoxx600,new,stoxx_ext_low_residual_downside_risk,2019-05-31,202.60623,163.05678,195.0827
stoxx600,new,stoxx_ext_low_residual_downside_risk,2019-06-28,211.3426,171.16704,203.67824
stoxx600,new,stoxx_ext_low_residual_downside_risk,2019-07-31,211.52737,174.18499,204.22225
stoxx600,new,stoxx_ext_low_residual_downside_risk,2019-08-30,209.4739,167.69351,201.17736
stoxx600,new,stoxx_ext_low_residual_downside_risk,2019-09-30,216.9175,174.94015,208.67988
stoxx600,new,stoxx_ext_low_residual_downside_risk,2019-10-31,218.13124,178.47125,211.01484
stoxx600,new,stoxx_ext_low_residual_downside_risk,2019-11-29,223.65793,186.28349,216.8381
stoxx600,new,stoxx_ext_low_residual_downside_risk,2019-12-31,227.17754,192.9386,221.62943
stoxx600,new,stoxx_ext_low_residual_downside_risk,2020-01-31,224.32777,188.91651,219.3278
stoxx600,new,stoxx_ext_low_residual_downside_risk,2020-02-28,207.70128,174.03121,201.31461
stoxx600,new,stoxx_ext_low_residual_downside_risk,2020-03-31,183.99599,141.54315,171.79005
stoxx600,new,stoxx_ext_low_residual_downside_risk,2020-04-30,193.24628,160.84765,183.39564
stoxx600,new,stoxx_ext_low_residual_downside_risk,2020-05-29,198.97788,166.76565,190.02837
stoxx600,new,stoxx_ext_low_residual_downside_risk,2020-06-30,207.58145,169.75636,196.24714
stoxx600,new,stoxx_ext_low_residual_downside_risk,2020-07-31,204.87916,167.43497,194.29147
stoxx600,new,stoxx_ext_low_residual_downside_risk,2020-08-31,210.31789,175.18598,200.36054
stoxx600,new,stoxx_ext_low_residual_downside_risk,2020-09-30,207.31985,166.47352,197.28224
stoxx600,new,stoxx_ext_low_residual_downside_risk,2020-10-30,194.47391,162.82856,187.16434
stoxx600,new,stoxx_ext_low_residual_downside_risk,2020-11-30,217.42802,194.6396,213.31761
stoxx600,new,stoxx_ext_low_residual_downside_risk,2020-12-31,221.76388,202.19059,219.09043
stoxx600,new,stoxx_ext_low_residual_downside_risk,2021-01-29,220.59207,204.73116,217.44167
stoxx600,new,stoxx_ext_low_residual_downside_risk,2021-02-26,222.68893,210.67074,222.66287
stoxx600,new,stoxx_ext_low_residual_downside_risk,2021-03-31,240.87133,222.04553,237.05956
stoxx600,new,stoxx_ext_low_residual_downside_risk,2021-04-30,244.96792,226.84924,242.7198
stoxx600,new,stoxx_ext_low_residual_downside_risk,2021-05-31,250.23483,229.17675,249.27415
stoxx600,new,stoxx_ext_low_residual_downside_risk,2021-06-30,257.03026,230.65304,252.98495
stoxx600,new,stoxx_ext_low_residual_downside_risk,2021-07-30,264.26468,236.38507,258.13451
stoxx600,new,stoxx_ext_low_residual_downside_risk,2021-08-31,268.01214,246.91503,263.13616
stoxx600,new,stoxx_ext_low_residual_downside_risk,2021-09-30,260.99372,235.40615,254.9547
stoxx600,new,stoxx_ext_low_residual_downside_risk,2021-10-29,272.7231,244.25726,266.85691
stoxx600,new,stoxx_ext_low_residual_downside_risk,2021-11-30,269.03916,229.87779,260.05857
stoxx600,new,stoxx_ext_low_residual_downside_risk,2021-12-31,284.88982,234.01108,273.57361
stoxx600,new,stoxx_ext_low_residual_downside_risk,2022-01-31,274.49046,213.54225,263.972
stoxx600,new,stoxx_ext_low_residual_downside_risk,2022-02-28,264.73374,202.10053,255.53997
stoxx600,new,stoxx_ext_low_residual_downside_risk,2022-03-31,276.0535,202.425,258.64877
stoxx600,new,stoxx_ext_low_residual_downside_risk,2022-04-29,280.91084,187.8646,257.2744
stoxx600,new,stoxx_ext_low_residual_downside_risk,2022-05-31,274.58566,190.32565,255.46613
stoxx600,new,stoxx_ext_low_residual_downside_risk,2022-06-30,255.73813,164.41945,235.50737
stoxx600,new,stoxx_ext_low_residual_downside_risk,2022-07-29,269.35748,182.18224,253.7035
stoxx600,new,stoxx_ext_low_residual_downside_risk,2022-08-31,257.4411,169.41707,240.8881
stoxx600,new,stoxx_ext_low_residual_downside_risk,2022-09-30,245.97102,154.46766,225.43876
stoxx600,new,stoxx_ext_low_residual_downside_risk,2022-10-31,260.81751,162.42116,239.58763
stoxx600,new,stoxx_ext_low_residual_downside_risk,2022-11-30,271.77114,173.67112,256.29526
stoxx600,new,stoxx_ext_low_residual_downside_risk,2022-12-30,262.2874,166.2271,247.54502
stoxx600,new,stoxx_ext_low_residual_downside_risk,2023-01-31,268.49638,178.71025,264.15229
stoxx600,new,stoxx_ext_low_residual_downside_risk,2023-02-28,275.32488,175.92424,269.42688
stoxx600,new,stoxx_ext_low_residual_downside_risk,2023-03-31,278.6636,171.65814,268.93448
stoxx600,new,stoxx_ext_low_residual_downside_risk,2023-04-28,291.78813,172.31971,275.93083
stoxx600,new,stoxx_ext_low_residual_downside_risk,2023-05-31,289.12602,166.57419,269.45272
stoxx600,new,stoxx_ext_low_residual_downside_risk,2023-06-30,289.71013,165.56017,275.97201
stoxx600,new,stoxx_ext_low_residual_downside_risk,2023-07-31,293.34,177.79655,281.84925
stoxx600,new,stoxx_ext_low_residual_downside_risk,2023-08-31,296.46563,167.87771,274.72665
stoxx600,new,stoxx_ext_low_residual_downside_risk,2023-09-29,298.99462,157.79899,270.39261
stoxx600,new,stoxx_ext_low_residual_downside_risk,2023-10-31,294.26575,147.83735,260.70481
stoxx600,new,stoxx_ext_low_residual_downside_risk,2023-11-30,312.14562,165.00963,277.97539
stoxx600,new,stoxx_ext_low_residual_downside_risk,2023-12-29,322.67594,177.5136,288.51203
stoxx600,new,stoxx_ext_low_residual_downside_risk,2024-01-31,327.5111,173.44552,292.6523
stoxx600,new,stoxx_ext_low_residual_downside_risk,2024-02-29,327.8462,175.4138,298.01091
stoxx600,new,stoxx_ext_low_residual_downside_risk,2024-03-28,339.49696,185.40025,310.62257
stoxx600,new,stoxx_ext_low_residual_downside_risk,2024-04-30,339.63484,187.11397,308.29801
stoxx600,new,stoxx_ext_low_residual_downside_risk,2024-05-31,350.38993,192.79227,319.31853
stoxx600,new,stoxx_ext_low_residual_downside_risk,2024-06-28,343.137,186.92278,315.90064
stoxx600,new,stoxx_ext_low_residual_downside_risk,2024-07-31,351.86956,190.50988,320.58398
stoxx600,new,stoxx_ext_low_residual_downside_risk,2024-08-30,354.01999,190.11608,325.72218
stoxx600,new,stoxx_ext_low_residual_downside_risk,2024-09-30,365.82208,194.49629,324.72788
stoxx600,new,stoxx_ext_low_residual_downside_risk,2024-10-31,354.09167,187.0261,314.27792
stoxx600,new,stoxx_ext_low_residual_downside_risk,2024-11-29,359.70588,189.39093,318.05383
stoxx600,new,stoxx_ext_low_residual_downside_risk,2024-12-31,354.55478,188.04263,318.02456
stoxx600,new,stoxx_ext_low_residual_downside_risk,2025-01-31,377.57182,199.56526,340.314
stoxx600,new,stoxx_ext_low_residual_downside_risk,2025-02-28,381.51143,209.15911,352.02265
stoxx600,new,stoxx_ext_low_residual_downside_risk,2025-03-31,370.55773,197.59088,338.65859
stoxx600,new,stoxx_ext_low_residual_downside_risk,2025-04-30,371.28481,196.4281,336.77454
stoxx600,new,stoxx_ext_low_residual_downside_risk,2025-05-30,384.41523,215.2225,355.82398
stoxx600,new,stoxx_ext_low_residual_downside_risk,2025-06-30,378.11652,218.29218,351.61395
stoxx600,new,stoxx_ext_low_residual_downside_risk,2025-07-31,380.42042,216.58004,355.1915
stoxx600,new,stoxx_ext_low_residual_downside_risk,2025-08-29,381.79837,220.21633,358.75278
stoxx600,new,stoxx_ext_low_residual_downside_risk,2025-09-30,384.47892,231.21181,364.5307
stoxx600,new,stoxx_ext_low_residual_downside_risk,2025-10-31,393.54337,236.0076,373.95233
stoxx600,new,stoxx_ext_low_residual_downside_risk,2025-11-28,399.75966,233.07237,377.54013
stoxx600,new,stoxx_ext_low_residual_downside_risk,2025-12-31,409.24036,245.24331,387.94825
stoxx600,new,stoxx_ext_low_residual_downside_risk,2026-01-30,417.30147,260.20625,400.31321
stoxx600,new,stoxx_ext_low_residual_downside_risk,2026-02-27,440.55951,257.51026,415.57648
stoxx600,new,stoxx_ext_low_residual_downside_risk,2026-03-31,408.39587,238.21977,383.88816
stoxx600,new,stoxx_ext_low_residual_downside_risk,2026-04-30,429.7622,261.72853,404.13495
stoxx600,new,stoxx_ext_low_residual_downside_risk,2026-05-29,438.35188,272.05371,417.5947
stoxx600,new,stoxx_ext_low_residual_downside_risk,2026-06-30,444.58281,268.78743,426.64285
stoxx600,new,stoxx_ext_low_residual_downside_risk,2026-07-02,448.87914,275.80106,431.98242
stoxx600,new,stoxx_ext_residual_momentum,2010-01-04,100.0,100.0,100.0
stoxx600,new,stoxx_ext_residual_momentum,2010-01-29,96.18371,97.52065,95.90544
stoxx600,new,stoxx_ext_residual_momentum,2010-02-26,94.03867,96.15298,95.5692
stoxx600,new,stoxx_ext_residual_momentum,2010-03-31,103.65936,103.75163,102.86049
stoxx600,new,stoxx_ext_residual_momentum,2010-04-30,104.60363,104.31061,101.95301
stoxx600,new,stoxx_ext_residual_momentum,2010-05-31,100.13635,96.88752,97.13308
stoxx600,new,stoxx_ext_residual_momentum,2010-06-30,96.87439,95.60768,96.61582
stoxx600,new,stoxx_ext_residual_momentum,2010-07-30,103.40671,99.46379,101.55973
stoxx600,new,stoxx_ext_residual_momentum,2010-08-31,103.53858,97.75433,100.21329
stoxx600,new,stoxx_ext_residual_momentum,2010-09-30,107.33236,101.06955,103.70657
stoxx600,new,stoxx_ext_residual_momentum,2010-10-29,107.16423,104.02631,106.40979
stoxx600,new,stoxx_ext_residual_momentum,2010-11-30,107.10169,102.23101,104.8455
stoxx600,new,stoxx_ext_residual_momentum,2010-12-31,112.10759,108.50692,110.42258
stoxx600,new,stoxx_ext_residual_momentum,2011-01-31,113.34422,111.07348,112.38561
stoxx600,new,stoxx_ext_residual_momentum,2011-02-28,117.65619,112.12319,115.14533
stoxx600,new,stoxx_ext_residual_momentum,2011-03-31,117.93265,106.77116,111.29011
stoxx600,new,stoxx_ext_residual_momentum,2011-04-29,122.90609,108.86015,115.19173
stoxx600,new,stoxx_ext_residual_momentum,2011-05-31,121.34089,108.96861,115.27673
stoxx600,new,stoxx_ext_residual_momentum,2011-06-30,118.29078,105.16504,112.23959
stoxx600,new,stoxx_ext_residual_momentum,2011-07-29,115.47586,101.38065,109.12672
stoxx600,new,stoxx_ext_residual_momentum,2011-08-31,102.35992,90.4899,97.78157
stoxx600,new,stoxx_ext_residual_momentum,2011-09-30,95.91384,84.94873,93.08156
stoxx600,new,stoxx_ext_residual_momentum,2011-10-31,106.01076,89.88577,100.35795
stoxx600,new,stoxx_ext_residual_momentum,2011-11-30,103.12827,88.63076,99.05229
stoxx600,new,stoxx_ext_residual_momentum,2011-12-30,103.6232,88.43996,100.72203
stoxx600,new,stoxx_ext_residual_momentum,2012-01-31,110.4879,94.06189,104.9648
stoxx600,new,stoxx_ext_residual_momentum,2012-02-29,115.3269,97.52156,109.46357
stoxx600,new,stoxx_ext_residual_momentum,2012-03-30,113.78553,97.63447,109.42024
stoxx600,new,stoxx_ext_residual_momentum,2012-04-30,111.62135,93.88936,107.6388
stoxx600,new,stoxx_ext_residual_momentum,2012-05-31,105.96448,86.58398,101.12529
stoxx600,new,stoxx_ext_residual_momentum,2012-06-29,112.44663,89.25327,106.37855
stoxx600,new,stoxx_ext_residual_momentum,2012-07-31,118.31545,89.76809,110.89813
stoxx600,new,stoxx_ext_residual_momentum,2012-08-31,121.30614,91.82852,113.46217
stoxx600,new,stoxx_ext_residual_momentum,2012-09-28,123.14256,91.36355,114.64789
stoxx600,new,stoxx_ext_residual_momentum,2012-10-31,122.3705,93.82078,115.36981
stoxx600,new,stoxx_ext_residual_momentum,2012-11-30,125.09075,95.31881,118.0264
stoxx600,new,stoxx_ext_residual_momentum,2012-12-31,126.60589,97.86242,119.91578
stoxx600,new,stoxx_ext_residual_momentum,2013-01-31,129.77344,102.79544,123.30927
stoxx600,new,stoxx_ext_residual_momentum,2013-02-28,133.28361,101.07899,124.83151
stoxx600,new,stoxx_ext_residual_momentum,2013-03-28,132.20705,102.01336,126.86369
stoxx600,new,stoxx_ext_residual_momentum,2013-04-30,136.60327,102.67484,129.02474
stoxx600,new,stoxx_ext_residual_momentum,2013-05-31,139.2526,105.87376,131.83264
stoxx600,new,stoxx_ext_residual_momentum,2013-06-28,134.21434,99.41055,125.20681
stoxx600,new,stoxx_ext_residual_momentum,2013-07-31,142.16874,106.15358,131.70494
stoxx600,new,stoxx_ext_residual_momentum,2013-08-30,141.53083,108.80616,130.8971
stoxx600,new,stoxx_ext_residual_momentum,2013-09-30,147.22,115.54828,136.99417
stoxx600,new,stoxx_ext_residual_momentum,2013-10-31,153.79397,119.87356,142.56698
stoxx600,new,stoxx_ext_residual_momentum,2013-11-29,155.93936,121.52317,144.14569
stoxx600,new,stoxx_ext_residual_momentum,2013-12-31,157.67697,122.65495,145.62646
stoxx600,new,stoxx_ext_residual_momentum,2014-01-31,155.96297,122.09277,143.19474
stoxx600,new,stoxx_ext_residual_momentum,2014-02-28,163.82905,131.3454,150.27675
stoxx600,new,stoxx_ext_residual_momentum,2014-03-31,163.45262,129.59284,149.07982
stoxx600,new,stoxx_ext_residual_momentum,2014-04-30,165.91497,132.10599,151.63327
stoxx600,new,stoxx_ext_residual_momentum,2014-05-30,171.16657,132.65757,155.9332
stoxx600,new,stoxx_ext_residual_momentum,2014-06-30,170.76088,131.60892,155.16468
stoxx600,new,stoxx_ext_residual_momentum,2014-07-31,166.92778,127.9379,152.86059
stoxx600,new,stoxx_ext_residual_momentum,2014-08-29,170.63814,129.54511,155.96044
stoxx600,new,stoxx_ext_residual_momentum,2014-09-30,171.32054,130.19743,156.69931
stoxx600,new,stoxx_ext_residual_momentum,2014-10-31,169.81832,124.67799,154.04061
stoxx600,new,stoxx_ext_residual_momentum,2014-11-28,174.6552,127.7528,159.26789
stoxx600,new,stoxx_ext_residual_momentum,2014-12-31,173.18622,127.29489,157.06415
stoxx600,new,stoxx_ext_residual_momentum,2015-01-30,183.71778,135.87071,168.29295
stoxx600,new,stoxx_ext_residual_momentum,2015-02-27,201.32668,143.00876,179.97435
stoxx600,new,stoxx_ext_residual_momentum,2015-03-31,203.22806,144.68824,183.36919
stoxx600,new,stoxx_ext_residual_momentum,2015-04-30,205.89714,145.5938,183.72898
stoxx600,new,stoxx_ext_residual_momentum,2015-05-29,209.34323,147.55266,187.16478
stoxx600,new,stoxx_ext_residual_momentum,2015-06-30,199.53297,142.29728,178.81821
stoxx600,new,stoxx_ext_residual_momentum,2015-07-31,207.74806,146.73719,185.87738
stoxx600,new,stoxx_ext_residual_momentum,2015-08-31,191.51508,135.21236,170.52271
stoxx600,new,stoxx_ext_residual_momentum,2015-09-30,180.57987,129.52515,163.66698
stoxx600,new,stoxx_ext_residual_momentum,2015-10-30,198.03169,139.69223,176.80222
stoxx600,new,stoxx_ext_residual_momentum,2015-11-30,202.83164,140.38224,181.86452
stoxx600,new,stoxx_ext_residual_momentum,2015-12-31,193.01681,134.16048,172.8806
stoxx600,new,stoxx_ext_residual_momentum,2016-01-29,180.26681,123.9132,161.84165
stoxx600,new,stoxx_ext_residual_momentum,2016-02-29,178.10486,122.79801,158.00271
stoxx600,new,stoxx_ext_residual_momentum,2016-03-31,182.07172,124.47046,160.32822
stoxx600,new,stoxx_ext_residual_momentum,2016-04-29,183.85671,129.60281,163.52389
stoxx600,new,stoxx_ext_residual_momentum,2016-05-31,189.85399,131.74962,167.93229
stoxx600,new,stoxx_ext_residual_momentum,2016-06-30,179.18121,118.65199,159.46923
stoxx600,new,stoxx_ext_residual_momentum,2016-07-29,190.22482,121.60769,165.38929
stoxx600,new,stoxx_ext_residual_momentum,2016-08-31,191.01507,124.82066,166.64604
stoxx600,new,stoxx_ext_residual_momentum,2016-09-30,191.63596,121.4824,166.59774
stoxx600,new,stoxx_ext_residual_momentum,2016-10-31,187.76062,122.0676,165.01989
stoxx600,new,stoxx_ext_residual_momentum,2016-11-30,186.51874,124.14199,166.52842
stoxx600,new,stoxx_ext_residual_momentum,2016-12-30,198.39798,129.32769,176.06286
stoxx600,new,stoxx_ext_residual_momentum,2017-01-31,197.78053,128.69559,175.60439
stoxx600,new,stoxx_ext_residual_momentum,2017-02-28,206.55342,130.48121,180.89131
stoxx600,new,stoxx_ext_residual_momentum,2017-03-31,215.24769,134.32733,187.21578
stoxx600,new,stoxx_ext_residual_momentum,2017-04-28,216.20247,139.25783,191.12803
stoxx600,new,stoxx_ext_residual_momentum,2017-05-31,217.54199,140.86338,194.18677
stoxx600,new,stoxx_ext_residual_momentum,2017-06-30,210.55472,138.30751,189.50981
stoxx600,new,stoxx_ext_residual_momentum,2017-07-31,210.67027,138.6344,189.02383
stoxx600,new,stoxx_ext_residual_momentum,2017-08-31,208.04953,138.73286,187.12928
stoxx600,new,stoxx_ext_residual_momentum,2017-09-29,216.29753,143.23113,194.42718
stoxx600,new,stoxx_ext_residual_momentum,2017-10-31,219.34809,146.8391,198.09186
stoxx600,new,stoxx_ext_residual_momentum,2017-11-30,211.92298,144.49087,194.00974
stoxx600,new,stoxx_ext_residual_momentum,2017-12-29,214.84618,145.17534,195.41741
stoxx600,new,stoxx_ext_residual_momentum,2018-01-31,222.62813,145.32618,198.60994
stoxx600,new,stoxx_ext_residual_momentum,2018-02-28,212.1536,142.84282,191.07683
stoxx600,new,stoxx_ext_residual_momentum,2018-03-29,209.16532,139.8386,187.25367
stoxx600,new,stoxx_ext_residual_momentum,2018-04-30,218.60206,145.57653,195.93286
stoxx600,new,stoxx_ext_residual_momentum,2018-05-31,219.0821,144.28199,195.98446
stoxx600,new,stoxx_ext_residual_momentum,2018-06-29,215.5743,144.88963,195.00416
stoxx600,new,stoxx_ext_residual_momentum,2018-07-31,222.83911,150.03339,201.08093
stoxx600,new,stoxx_ext_residual_momentum,2018-08-31,217.20649,146.73248,196.54021
stoxx600,new,stoxx_ext_residual_momentum,2018-09-28,215.61638,145.16883,197.1883
stoxx600,new,stoxx_ext_residual_momentum,2018-10-31,198.40474,136.16804,186.48674
stoxx600,new,stoxx_ext_residual_momentum,2018-11-30,194.19442,135.20734,184.80646
stoxx600,new,stoxx_ext_residual_momentum,2018-12-31,181.94282,127.76716,174.68473
stoxx600,new,stoxx_ext_residual_momentum,2019-01-31,196.35126,135.49403,185.69066
stoxx600,new,stoxx_ext_residual_momentum,2019-02-28,201.88787,143.49696,193.45182
stoxx600,new,stoxx_ext_residual_momentum,2019-03-29,204.20515,147.63885,197.32549
stoxx600,new,stoxx_ext_residual_momentum,2019-04-30,211.20639,152.47809,204.8264
stoxx600,new,stoxx_ext_residual_momentum,2019-05-31,204.6623,138.15656,195.0827
stoxx600,new,stoxx_ext_residual_momentum,2019-06-28,216.18458,141.24189,203.67824
stoxx600,new,stoxx_ext_residual_momentum,2019-07-31,216.43053,143.54911,204.22225
stoxx600,new,stoxx_ext_residual_momentum,2019-08-30,213.40762,140.77754,201.17736
stoxx600,new,stoxx_ext_residual_momentum,2019-09-30,223.07704,145.71504,208.67988
stoxx600,new,stoxx_ext_residual_momentum,2019-10-31,222.9093,148.03393,211.01484
stoxx600,new,stoxx_ext_residual_momentum,2019-11-29,229.66157,154.29147,216.8381
stoxx600,new,stoxx_ext_residual_momentum,2019-12-31,234.26353,159.3593,221.62943
stoxx600,new,stoxx_ext_residual_momentum,2020-01-31,231.30201,156.86425,219.3278
stoxx600,new,stoxx_ext_residual_momentum,2020-02-28,208.43425,145.16845,201.31461
stoxx600,new,stoxx_ext_residual_momentum,2020-03-31,171.6256,120.68993,171.79005
stoxx600,new,stoxx_ext_residual_momentum,2020-04-30,195.22778,126.67161,183.39564
stoxx600,new,stoxx_ext_residual_momentum,2020-05-29,199.44667,132.40959,190.02837
stoxx600,new,stoxx_ext_residual_momentum,2020-06-30,204.83632,134.47243,196.24714
stoxx600,new,stoxx_ext_residual_momentum,2020-07-31,203.62522,133.38381,194.29147
stoxx600,new,stoxx_ext_residual_momentum,2020-08-31,211.39708,140.52905,200.36054
stoxx600,new,stoxx_ext_residual_momentum,2020-09-30,209.64093,137.97311,197.28224
stoxx600,new,stoxx_ext_residual_momentum,2020-10-30,202.12592,132.6623,187.16434
stoxx600,new,stoxx_ext_residual_momentum,2020-11-30,227.34333,159.39785,213.31761
stoxx600,new,stoxx_ext_residual_momentum,2020-12-31,234.81698,163.96612,219.09043
stoxx600,new,stoxx_ext_residual_momentum,2021-01-29,236.81981,161.8701,217.44167
stoxx600,new,stoxx_ext_residual_momentum,2021-02-26,241.201,167.14864,222.66287
stoxx600,new,stoxx_ext_residual_momentum,2021-03-31,259.92058,172.0559,237.05956
stoxx600,new,stoxx_ext_residual_momentum,2021-04-30,265.44208,177.41542,242.7198
stoxx600,new,stoxx_ext_residual_momentum,2021-05-31,273.04256,179.54355,249.27415
stoxx600,new,stoxx_ext_residual_momentum,2021-06-30,280.25127,179.98363,252.98495
stoxx600,new,stoxx_ext_residual_momentum,2021-07-30,280.51573,186.47043,258.13451
stoxx600,new,stoxx_ext_residual_momentum,2021-08-31,283.45448,192.51911,263.13616
stoxx600,new,stoxx_ext_residual_momentum,2021-09-30,274.42022,185.83581,254.9547
stoxx600,new,stoxx_ext_residual_momentum,2021-10-29,286.5051,188.64732,266.85691
stoxx600,new,stoxx_ext_residual_momentum,2021-11-30,277.14712,187.5686,260.05857
stoxx600,new,stoxx_ext_residual_momentum,2021-12-31,295.21825,192.8661,273.57361
stoxx600,new,stoxx_ext_residual_momentum,2022-01-31,268.01449,181.63879,263.972
stoxx600,new,stoxx_ext_residual_momentum,2022-02-28,254.89862,177.97862,255.53997
stoxx600,new,stoxx_ext_residual_momentum,2022-03-31,260.31612,177.49851,258.64877
stoxx600,new,stoxx_ext_residual_momentum,2022-04-29,255.49157,176.11101,257.2744
stoxx600,new,stoxx_ext_residual_momentum,2022-05-31,262.63726,171.93662,255.46613
stoxx600,new,stoxx_ext_residual_momentum,2022-06-30,250.41631,148.13213,235.50737
stoxx600,new,stoxx_ext_residual_momentum,2022-07-29,263.22104,161.17026,253.7035
stoxx600,new,stoxx_ext_residual_momentum,2022-08-31,248.31747,147.57626,240.8881
stoxx600,new,stoxx_ext_residual_momentum,2022-09-30,230.57455,134.8237,225.43876
stoxx600,new,stoxx_ext_residual_momentum,2022-10-31,249.87406,140.9098,239.58763
stoxx600,new,stoxx_ext_residual_momentum,2022-11-30,261.56289,151.22189,256.29526
stoxx600,new,stoxx_ext_residual_momentum,2022-12-30,253.91388,146.10807,247.54502
stoxx600,new,stoxx_ext_residual_momentum,2023-01-31,261.16174,158.83668,264.15229
stoxx600,new,stoxx_ext_residual_momentum,2023-02-28,269.98074,158.97516,269.42688
stoxx600,new,stoxx_ext_residual_momentum,2023-03-31,270.78862,157.63664,268.93448
stoxx600,new,stoxx_ext_residual_momentum,2023-04-28,274.12747,159.99671,275.93083
stoxx600,new,stoxx_ext_residual_momentum,2023-05-31,271.60987,149.58098,269.45272
stoxx600,new,stoxx_ext_residual_momentum,2023-06-30,277.02925,151.22067,275.97201
stoxx600,new,stoxx_ext_residual_momentum,2023-07-31,284.65602,156.71196,281.84925
stoxx600,new,stoxx_ext_residual_momentum,2023-08-31,302.72719,148.8793,274.72665
stoxx600,new,stoxx_ext_residual_momentum,2023-09-29,303.7923,144.9332,270.39261
stoxx600,new,stoxx_ext_residual_momentum,2023-10-31,287.13282,137.6966,260.70481
stoxx600,new,stoxx_ext_residual_momentum,2023-11-30,309.08894,149.71596,277.97539
stoxx600,new,stoxx_ext_residual_momentum,2023-12-29,323.45221,161.00656,288.51203
stoxx600,new,stoxx_ext_residual_momentum,2024-01-31,332.93202,158.72589,292.6523
stoxx600,new,stoxx_ext_residual_momentum,2024-02-29,333.40711,165.08391,298.01091
stoxx600,new,stoxx_ext_residual_momentum,2024-03-28,343.06908,173.89392,310.62257
stoxx600,new,stoxx_ext_residual_momentum,2024-04-30,342.27011,172.52681,308.29801
stoxx600,new,stoxx_ext_residual_momentum,2024-05-31,351.17185,178.65738,319.31853
stoxx600,new,stoxx_ext_residual_momentum,2024-06-28,341.76355,173.56815,315.90064
stoxx600,new,stoxx_ext_residual_momentum,2024-07-31,344.51083,174.30972,320.58398
stoxx600,new,stoxx_ext_residual_momentum,2024-08-30,350.08527,174.34759,325.72218
stoxx600,new,stoxx_ext_residual_momentum,2024-09-30,361.61195,178.21367,324.72788
stoxx600,new,stoxx_ext_residual_momentum,2024-10-31,351.20021,171.54929,314.27792
stoxx600,new,stoxx_ext_residual_momentum,2024-11-29,352.87046,177.64055,318.05383
stoxx600,new,stoxx_ext_residual_momentum,2024-12-31,350.54209,175.15574,318.02456
stoxx600,new,stoxx_ext_residual_momentum,2025-01-31,372.78187,186.62527,340.314
stoxx600,new,stoxx_ext_residual_momentum,2025-02-28,385.0829,195.06888,352.02265
stoxx600,new,stoxx_ext_residual_momentum,2025-03-31,358.61809,187.95925,338.65859
stoxx600,new,stoxx_ext_residual_momentum,2025-04-30,353.12684,192.72105,336.77454
stoxx600,new,stoxx_ext_residual_momentum,2025-05-30,372.03956,205.1619,355.82398
stoxx600,new,stoxx_ext_residual_momentum,2025-06-30,366.08766,204.69798,351.61395
stoxx600,new,stoxx_ext_residual_momentum,2025-07-31,371.37381,204.83326,355.1915
stoxx600,new,stoxx_ext_residual_momentum,2025-08-29,380.56063,207.08836,358.75278
stoxx600,new,stoxx_ext_residual_momentum,2025-09-30,387.69919,210.24292,364.5307
stoxx600,new,stoxx_ext_residual_momentum,2025-10-31,400.06186,214.29173,373.95233
stoxx600,new,stoxx_ext_residual_momentum,2025-11-28,406.85278,215.24949,377.54013
stoxx600,new,stoxx_ext_residual_momentum,2025-12-31,420.9824,222.9606,387.94825
stoxx600,new,stoxx_ext_residual_momentum,2026-01-30,435.87508,235.49575,400.31321
stoxx600,new,stoxx_ext_residual_momentum,2026-02-27,450.18975,235.03138,415.57648
stoxx600,new,stoxx_ext_residual_momentum,2026-03-31,426.52158,219.17556,383.88816
stoxx600,new,stoxx_ext_residual_momentum,2026-04-30,455.91615,239.37507,404.13495
stoxx600,new,stoxx_ext_residual_momentum,2026-05-29,469.6788,258.11178,417.5947
stoxx600,new,stoxx_ext_residual_momentum,2026-06-30,479.38801,264.83081,426.64285
stoxx600,new,stoxx_ext_residual_momentum,2026-07-02,486.12074,269.91321,431.98242
stoxx600,new,stoxx600_syn_loo_without_revision,2009-10-02,100.0,100.0,100.0
stoxx600,new,stoxx600_syn_loo_without_revision,2009-10-30,101.79885,99.01463,101.23619
stoxx600,new,stoxx600_syn_loo_without_revision,2009-11-30,104.53082,99.6876,102.55592
stoxx600,new,stoxx600_syn_loo_without_revision,2009-12-31,110.4735,104.78219,108.84105
stoxx600,new,stoxx600_syn_loo_without_revision,2010-01-29,109.31503,102.48963,105.92114
stoxx600,new,stoxx600_syn_loo_without_revision,2010-02-26,108.65421,100.79992,105.54978
stoxx600,new,stoxx600_syn_loo_without_revision,2010-03-31,117.13924,107.81271,113.60252
stoxx600,new,stoxx600_syn_loo_without_revision,2010-04-30,117.97548,107.12249,112.60028
stoxx600,new,stoxx600_syn_loo_without_revision,2010-05-31,111.93458,98.44709,107.27699
stoxx600,new,stoxx600_syn_loo_without_revision,2010-06-30,110.08226,95.78694,106.7057
stoxx600,new,stoxx600_syn_loo_without_revision,2010-07-30,114.63275,102.17594,112.16592
stoxx600,new,stoxx600_syn_loo_without_revision,2010-08-31,113.90908,100.04936,110.67887
stoxx600,new,stoxx600_syn_loo_without_revision,2010-09-30,118.7359,101.99682,114.53697
stoxx600,new,stoxx600_syn_loo_without_revision,2010-10-29,122.34239,103.35792,117.52249
stoxx600,new,stoxx600_syn_loo_without_revision,2010-11-30,123.82973,100.19225,115.79483
stoxx600,new,stoxx600_syn_loo_without_revision,2010-12-31,130.36856,106.57413,121.95434
stoxx600,new,stoxx600_syn_loo_without_revision,2011-01-31,131.68498,107.55302,124.12239
stoxx600,new,stoxx600_syn_loo_without_revision,2011-02-28,135.5462,108.08775,127.1703
stoxx600,new,stoxx600_syn_loo_without_revision,2011-03-31,133.04775,103.33437,122.91247
stoxx600,new,stoxx600_syn_loo_without_revision,2011-04-29,138.25936,105.38539,127.22155
stoxx600,new,stoxx600_syn_loo_without_revision,2011-05-31,137.35006,104.10855,127.31543
stoxx600,new,stoxx600_syn_loo_without_revision,2011-06-30,136.0105,99.03855,123.96112
stoxx600,new,stoxx600_syn_loo_without_revision,2011-07-29,134.37821,94.23609,120.52316
stoxx600,new,stoxx600_syn_loo_without_revision,2011-08-31,121.44229,81.00986,107.9932
stoxx600,new,stoxx600_syn_loo_without_revision,2011-09-30,115.95629,74.92289,102.80235
stoxx600,new,stoxx600_syn_loo_without_revision,2011-10-31,126.40571,80.54997,110.83864
stoxx600,new,stoxx600_syn_loo_without_revision,2011-11-30,127.55375,77.47959,109.39662
stoxx600,new,stoxx600_syn_loo_without_revision,2011-12-30,130.22629,76.55894,111.24074
stoxx600,new,stoxx600_syn_loo_without_revision,2012-01-31,135.78856,81.4489,115.92659
stoxx600,new,stoxx600_syn_loo_without_revision,2012-02-29,141.35872,84.94807,120.89518
stoxx600,new,stoxx600_syn_loo_without_revision,2012-03-30,142.08046,84.50012,120.84733
stoxx600,new,stoxx600_syn_loo_without_revision,2012-04-30,144.63131,80.57116,118.87985
stoxx600,new,stoxx600_syn_loo_without_revision,2012-05-31,138.09721,72.84983,111.68611
stoxx600,new,stoxx600_syn_loo_without_revision,2012-06-29,144.74148,76.85356,117.48799
stoxx600,new,stoxx600_syn_loo_without_revision,2012-07-31,153.94785,77.85809,122.47957
stoxx600,new,stoxx600_syn_loo_without_revision,2012-08-31,155.93271,80.95314,125.31137
stoxx600,new,stoxx600_syn_loo_without_revision,2012-09-28,159.46443,81.37117,126.62092
stoxx600,new,stoxx600_syn_loo_without_revision,2012-10-31,159.01323,82.79304,127.41823
stoxx600,new,stoxx600_syn_loo_without_revision,2012-11-30,162.39733,84.28587,130.35225
stoxx600,new,stoxx600_syn_loo_without_revision,2012-12-31,165.04589,85.32693,132.43895
stoxx600,new,stoxx600_syn_loo_without_revision,2013-01-31,169.53241,88.48821,136.18683
stoxx600,new,stoxx600_syn_loo_without_revision,2013-02-28,176.53619,87.50856,137.86804
stoxx600,new,stoxx600_syn_loo_without_revision,2013-03-28,180.23793,86.9236,140.11245
stoxx600,new,stoxx600_syn_loo_without_revision,2013-04-30,183.55217,88.76402,142.49919
stoxx600,new,stoxx600_syn_loo_without_revision,2013-05-31,188.28125,91.53349,145.60033
stoxx600,new,stoxx600_syn_loo_without_revision,2013-06-28,181.25732,84.87274,138.28254
stoxx600,new,stoxx600_syn_loo_without_revision,2013-07-31,191.68991,90.22716,145.45929
stoxx600,new,stoxx600_syn_loo_without_revision,2013-08-30,189.14838,90.98402,144.56708
stoxx600,new,stoxx600_syn_loo_without_revision,2013-09-30,196.51466,94.76694,151.30089
stoxx600,new,stoxx600_syn_loo_without_revision,2013-10-31,205.23073,98.59618,157.45569
stoxx600,new,stoxx600_syn_loo_without_revision,2013-11-29,208.9272,98.75223,159.19926
stoxx600,new,stoxx600_syn_loo_without_revision,2013-12-31,214.64569,97.925,160.83468
stoxx600,new,stoxx600_syn_loo_without_revision,2014-01-31,213.83541,96.51864,158.14901
stoxx600,new,stoxx600_syn_loo_without_revision,2014-02-28,226.99341,101.51855,165.97061
stoxx600,new,stoxx600_syn_loo_without_revision,2014-03-31,221.2287,100.6185,164.64868
stoxx600,new,stoxx600_syn_loo_without_revision,2014-04-30,224.7316,103.05783,167.46879
stoxx600,new,stoxx600_syn_loo_without_revision,2014-05-30,234.48401,104.95186,172.21778
stoxx600,new,stoxx600_syn_loo_without_revision,2014-06-30,239.81338,103.7112,171.369
stoxx600,new,stoxx600_syn_loo_without_revision,2014-07-31,238.14827,99.82391,168.82429
stoxx600,new,stoxx600_syn_loo_without_revision,2014-08-29,243.27559,100.7132,172.24786
stoxx600,new,stoxx600_syn_loo_without_revision,2014-09-30,247.07831,98.54745,173.0639
stoxx600,new,stoxx600_syn_loo_without_revision,2014-10-31,243.9034,95.14777,170.12754
stoxx600,new,stoxx600_syn_loo_without_revision,2014-11-28,254.09505,97.03698,175.90072
stoxx600,new,stoxx600_syn_loo_without_revision,2014-12-31,254.75004,95.56003,173.46684
stoxx600,new,stoxx600_syn_loo_without_revision,2015-01-30,277.3919,101.47238,185.8683
stoxx600,new,stoxx600_syn_loo_without_revision,2015-02-27,296.85881,109.77,198.76962
stoxx600,new,stoxx600_syn_loo_without_revision,2015-03-31,305.09555,111.70647,202.519
stoxx600,new,stoxx600_syn_loo_without_revision,2015-04-30,305.05173,113.01848,202.91636
stoxx600,new,stoxx600_syn_loo_without_revision,2015-05-29,313.33446,114.71019,206.71097
stoxx600,new,stoxx600_syn_loo_without_revision,2015-06-30,301.4359,109.68513,197.49274
stoxx600,new,stoxx600_syn_loo_without_revision,2015-07-31,316.61836,111.79337,205.28912
stoxx600,new,stoxx600_syn_loo_without_revision,2015-08-31,296.57678,101.82301,188.33092
stoxx600,new,stoxx600_syn_loo_without_revision,2015-09-30,287.86714,95.83186,180.75923
stoxx600,new,stoxx600_syn_loo_without_revision,2015-10-30,309.61115,104.16812,195.26622
stoxx600,new,stoxx600_syn_loo_without_revision,2015-11-30,319.93723,104.92412,200.85719
stoxx600,new,stoxx600_syn_loo_without_revision,2015-12-31,309.54171,98.0293,190.93505
stoxx600,new,stoxx600_syn_loo_without_revision,2016-01-29,291.88265,88.30331,178.74327
stoxx600,new,stoxx600_syn_loo_without_revision,2016-02-29,286.03437,87.77682,174.50341
stoxx600,new,stoxx600_syn_loo_without_revision,2016-03-31,292.95297,90.06729,177.07179
stoxx600,new,stoxx600_syn_loo_without_revision,2016-04-29,294.94205,92.97219,180.60119
stoxx600,new,stoxx600_syn_loo_without_revision,2016-05-31,306.41033,93.0714,185.46997
stoxx600,new,stoxx600_syn_loo_without_revision,2016-06-30,294.89221,86.64547,176.12308
stoxx600,new,stoxx600_syn_loo_without_revision,2016-07-29,308.03466,89.24088,182.6614
stoxx600,new,stoxx600_syn_loo_without_revision,2016-08-31,307.63063,89.80535,184.0494
stoxx600,new,stoxx600_syn_loo_without_revision,2016-09-30,310.33501,88.81861,183.99605
stoxx600,new,stoxx600_syn_loo_without_revision,2016-10-31,308.16949,87.88273,182.25342
stoxx600,new,stoxx600_syn_loo_without_revision,2016-11-30,307.75393,89.96334,183.91949
stoxx600,new,stoxx600_syn_loo_without_revision,2016-12-30,320.93756,96.7681,194.44965
stoxx600,new,stoxx600_syn_loo_without_revision,2017-01-31,321.74726,95.03892,193.94329
stoxx600,new,stoxx600_syn_loo_without_revision,2017-02-28,330.94877,97.0,199.78235
stoxx600,new,stoxx600_syn_loo_without_revision,2017-03-31,343.14252,100.2839,206.7673
stoxx600,new,stoxx600_syn_loo_without_revision,2017-04-28,353.44636,102.76888,211.08811
stoxx600,new,stoxx600_syn_loo_without_revision,2017-05-31,357.61056,103.22609,214.46628
stoxx600,new,stoxx600_syn_loo_without_revision,2017-06-30,350.75755,100.17278,209.3009
stoxx600,new,stoxx600_syn_loo_without_revision,2017-07-31,352.66897,99.22682,208.76416
stoxx600,new,stoxx600_syn_loo_without_revision,2017-08-31,356.37156,96.35163,206.67176
stoxx600,new,stoxx600_syn_loo_without_revision,2017-09-29,368.41257,99.94204,214.7318
stoxx600,new,stoxx600_syn_loo_without_revision,2017-10-31,382.40222,101.78317,218.77919
stoxx600,new,stoxx600_syn_loo_without_revision,2017-11-30,377.35164,99.33292,214.27077
stoxx600,new,stoxx600_syn_loo_without_revision,2017-12-29,380.28104,99.04959,215.82544
stoxx600,new,stoxx600_syn_loo_without_revision,2018-01-31,393.24099,99.74525,219.35139
stoxx600,new,stoxx600_syn_loo_without_revision,2018-02-28,379.29843,97.08366,211.03157
stoxx600,new,stoxx600_syn_loo_without_revision,2018-03-29,373.97721,93.97516,206.80914
stoxx600,new,stoxx600_syn_loo_without_revision,2018-04-30,394.95024,97.63537,216.39473
stoxx600,new,stoxx600_syn_loo_without_revision,2018-05-31,395.22991,97.09383,216.45171
stoxx600,new,stoxx600_syn_loo_without_revision,2018-06-29,396.15464,96.35007,215.36904
stoxx600,new,stoxx600_syn_loo_without_revision,2018-07-31,408.0772,99.15705,222.08042
stoxx600,new,stoxx600_syn_loo_without_revision,2018-08-31,405.2658,96.19766,217.06551
stoxx600,new,stoxx600_syn_loo_without_revision,2018-09-28,405.61456,95.88528,217.78128
stoxx600,new,stoxx600_syn_loo_without_revision,2018-10-31,373.83714,90.74549,205.96212
stoxx600,new,stoxx600_syn_loo_without_revision,2018-11-30,361.73536,91.94413,204.10636
stoxx600,new,stoxx600_syn_loo_without_revision,2018-12-31,346.17819,85.08167,192.92759
stoxx600,new,stoxx600_syn_loo_without_revision,2019-01-31,370.57378,90.43781,205.0829
stoxx600,new,stoxx600_syn_loo_without_revision,2019-02-28,385.40938,94.85936,213.65458
stoxx600,new,stoxx600_syn_loo_without_revision,2019-03-29,398.55255,93.98472,217.93279
stoxx600,new,stoxx600_syn_loo_without_revision,2019-04-30,410.98497,98.7101,226.21705
stoxx600,new,stoxx600_syn_loo_without_revision,2019-05-31,403.73791,89.10588,215.45578
stoxx600,new,stoxx600_syn_loo_without_revision,2019-06-28,421.27049,92.51976,224.94898
stoxx600,new,stoxx600_syn_loo_without_revision,2019-07-31,420.93422,93.95959,225.5498
stoxx600,new,stoxx600_syn_loo_without_revision,2019-08-30,419.88121,92.70132,222.18693
stoxx600,new,stoxx600_syn_loo_without_revision,2019-09-30,434.49217,97.0042,230.47296
stoxx600,new,stoxx600_syn_loo_without_revision,2019-10-31,436.26181,100.31706,233.05177
stoxx600,new,stoxx600_syn_loo_without_revision,2019-11-29,448.97353,102.61367,239.48317
stoxx600,new,stoxx600_syn_loo_without_revision,2019-12-31,456.14384,106.09891,244.77487
stoxx600,new,stoxx600_syn_loo_without_revision,2020-01-31,457.70651,103.72585,242.23287
stoxx600,new,stoxx600_syn_loo_without_revision,2020-02-28,424.65697,93.91794,222.33851
stoxx600,new,stoxx600_syn_loo_without_revision,2020-03-31,367.13229,77.07394,189.73061
stoxx600,new,stoxx600_syn_loo_without_revision,2020-04-30,394.20823,82.91924,202.54821
stoxx600,new,stoxx600_syn_loo_without_revision,2020-05-29,410.25307,85.61739,209.87361
stoxx600,new,stoxx600_syn_loo_without_revision,2020-06-30,421.49323,87.79581,216.74183
stoxx600,new,stoxx600_syn_loo_without_revision,2020-07-31,428.70442,85.44771,214.58192
stoxx600,new,stoxx600_syn_loo_without_revision,2020-08-31,443.09815,88.64121,221.2848
stoxx600,new,stoxx600_syn_loo_without_revision,2020-09-30,441.24216,85.53611,217.88503
stoxx600,new,stoxx600_syn_loo_without_revision,2020-10-30,419.82423,81.19181,206.71048
stoxx600,new,stoxx600_syn_loo_without_revision,2020-11-30,462.81557,99.98286,235.59502
stoxx600,new,stoxx600_syn_loo_without_revision,2020-12-31,474.28979,103.05108,241.97071
stoxx600,new,stoxx600_syn_loo_without_revision,2021-01-29,482.11964,101.23871,240.14977
stoxx600,new,stoxx600_syn_loo_without_revision,2021-02-26,495.2189,105.28788,245.91623
stoxx600,new,stoxx600_syn_loo_without_revision,2021-03-31,530.09461,109.33191,261.81641
stoxx600,new,stoxx600_syn_loo_without_revision,2021-04-30,545.85166,112.08413,268.06777
stoxx600,new,stoxx600_syn_loo_without_revision,2021-05-31,564.96116,114.20532,275.30661
stoxx600,new,stoxx600_syn_loo_without_revision,2021-06-30,575.37967,115.37751,279.40495
stoxx600,new,stoxx600_syn_loo_without_revision,2021-07-30,587.82521,115.56019,285.09229
stoxx600,new,stoxx600_syn_loo_without_revision,2021-08-31,599.06575,118.17311,290.61627
stoxx600,new,stoxx600_syn_loo_without_revision,2021-09-30,586.64898,113.10709,281.5804
stoxx600,new,stoxx600_syn_loo_without_revision,2021-10-29,618.95818,115.76948,294.72559
stoxx600,new,stoxx600_syn_loo_without_revision,2021-11-30,607.89798,110.65575,287.21728
stoxx600,new,stoxx600_syn_loo_without_revision,2021-12-31,642.48008,113.84363,302.14373
stoxx600,new,stoxx600_syn_loo_without_revision,2022-01-31,593.16324,110.31733,291.53941
stoxx600,new,stoxx600_syn_loo_without_revision,2022-02-28,567.04439,105.78169,282.22679
stoxx600,new,stoxx600_syn_loo_without_revision,2022-03-31,593.37812,102.94169,285.66025
stoxx600,new,stoxx600_syn_loo_without_revision,2022-04-29,597.58079,101.67777,284.14235
stoxx600,new,stoxx600_syn_loo_without_revision,2022-05-31,580.78568,102.24213,282.14524
stoxx600,new,stoxx600_syn_loo_without_revision,2022-06-30,534.89755,88.34407,260.10212
stoxx600,new,stoxx600_syn_loo_without_revision,2022-07-29,568.79048,90.90777,280.19853
stoxx600,new,stoxx600_syn_loo_without_revision,2022-08-31,542.82439,82.27321,266.04478
stoxx600,new,stoxx600_syn_loo_without_revision,2022-09-30,507.13996,74.78439,248.98202
stoxx600,new,stoxx600_syn_loo_without_revision,2022-10-31,544.50153,78.73058,264.6085
stoxx600,new,stoxx600_syn_loo_without_revision,2022-11-30,577.12599,85.79899,283.06096
stoxx600,new,stoxx600_syn_loo_without_revision,2022-12-30,558.81603,82.50447,273.3969
stoxx600,new,stoxx600_syn_loo_without_revision,2023-01-31,573.34948,90.02978,291.73851
stoxx600,new,stoxx600_syn_loo_without_revision,2023-02-28,592.23356,88.23881,297.56395
stoxx600,new,stoxx600_syn_loo_without_revision,2023-03-31,604.99728,87.11663,297.02013
stoxx600,new,stoxx600_syn_loo_without_revision,2023-04-28,620.62634,88.95786,304.74712
stoxx600,new,stoxx600_syn_loo_without_revision,2023-05-31,612.08748,84.15762,297.59249
stoxx600,new,stoxx600_syn_loo_without_revision,2023-06-30,620.68832,83.41291,304.79261
stoxx600,new,stoxx600_syn_loo_without_revision,2023-07-31,633.43684,89.88636,311.28363
stoxx600,new,stoxx600_syn_loo_without_revision,2023-08-31,641.87375,86.04705,303.41719
stoxx600,new,stoxx600_syn_loo_without_revision,2023-09-29,643.43091,80.65691,298.63054
stoxx600,new,stoxx600_syn_loo_without_revision,2023-10-31,625.09707,74.67382,287.93101
stoxx600,new,stoxx600_syn_loo_without_revision,2023-11-30,673.20299,80.25332,307.00521
stoxx600,new,stoxx600_syn_loo_without_revision,2023-12-29,700.82539,85.36722,318.64222
stoxx600,new,stoxx600_syn_loo_without_revision,2024-01-31,714.66494,84.48104,323.21487
stoxx600,new,stoxx600_syn_loo_without_revision,2024-02-29,735.01184,83.69657,329.1331
stoxx600,new,stoxx600_syn_loo_without_revision,2024-03-28,768.38184,87.71883,343.06183
stoxx600,new,stoxx600_syn_loo_without_revision,2024-04-30,770.17745,89.94793,340.49451
stoxx600,new,stoxx600_syn_loo_without_revision,2024-05-31,803.11464,92.88599,352.66594
stoxx600,new,stoxx600_syn_loo_without_revision,2024-06-28,798.02532,89.72746,348.89111
stoxx600,new,stoxx600_syn_loo_without_revision,2024-07-31,796.07539,91.31758,354.06355
stoxx600,new,stoxx600_syn_loo_without_revision,2024-08-30,809.80509,90.80698,359.73835
stoxx600,new,stoxx600_syn_loo_without_revision,2024-09-30,817.16261,92.88362,358.64021
stoxx600,new,stoxx600_syn_loo_without_revision,2024-10-31,794.58414,88.6618,347.09892
stoxx600,new,stoxx600_syn_loo_without_revision,2024-11-29,807.92178,87.36045,351.26917
stoxx600,new,stoxx600_syn_loo_without_revision,2024-12-31,797.32651,87.37605,351.23684
stoxx600,new,stoxx600_syn_loo_without_revision,2025-01-31,853.85892,92.70367,375.85403
stoxx600,new,stoxx600_syn_loo_without_revision,2025-02-28,882.71869,94.15958,388.78545
stoxx600,new,stoxx600_syn_loo_without_revision,2025-03-31,846.44379,87.27656,374.02575
stoxx600,new,stoxx600_syn_loo_without_revision,2025-04-30,859.86438,86.24898,371.94493
stoxx600,new,stoxx600_syn_loo_without_revision,2025-05-30,921.69269,91.68398,392.98376
stoxx600,new,stoxx600_syn_loo_without_revision,2025-06-30,920.73598,92.30846,388.33406
stoxx600,new,stoxx600_syn_loo_without_revision,2025-07-31,944.65236,91.37164,392.28523
stoxx600,new,stoxx600_syn_loo_without_revision,2025-08-29,957.28754,92.73974,396.21843
stoxx600,new,stoxx600_syn_loo_without_revision,2025-09-30,973.53725,93.06113,402.59975
stoxx600,new,stoxx600_syn_loo_without_revision,2025-10-31,999.5794,95.18993,413.00531
stoxx600,new,stoxx600_syn_loo_without_revision,2025-11-28,1014.59293,95.39069,416.9678
stoxx600,new,stoxx600_syn_loo_without_revision,2025-12-31,1045.86551,98.4581,428.46287
stoxx600,new,stoxx600_syn_loo_without_revision,2026-01-30,1105.73949,101.54642,442.11914
stoxx600,new,stoxx600_syn_loo_without_revision,2026-02-27,1157.74505,99.78079,458.9764
stoxx600,new,stoxx600_syn_loo_without_revision,2026-03-31,1054.59608,94.1983,423.97877
stoxx600,new,stoxx600_syn_loo_without_revision,2026-04-30,1128.62128,98.98343,446.33999
stoxx600,new,stoxx600_syn_loo_without_revision,2026-05-29,1165.22674,102.84879,461.20539
stoxx600,new,stoxx600_syn_loo_without_revision,2026-06-30,1205.97641,101.51118,471.19846
stoxx600,new,stoxx600_syn_loo_without_revision,2026-07-02,1205.76499,103.84607,477.09567
